code,date,open,high,low,close,change,volume,money,traded_market_value,market_value,turnover,adjust_price,report_date,report_type,PE_TTM,PS_TTM,PC_TTM,PB,adjust_price_f
sz300308,2012-04-10,20.51,21.8,20.51,21.8,0.09,8219945.0,172807382.0,291902000.0,1453406000.0,0.613887,21.8,2012-04-25,2012-03-31,26.787711792003996,8.34552704027446,95.58472725726867,2.7961979732737814,3.30137041055178
sz300308,2012-04-11,21.3,21.68,20.68,21.03,-0.035321,6751220.0,142608100.28,281591700.0,1402070100.0,0.504199,21.030002200000002,2012-04-25,2012-03-31,25.84154032045156,8.050753837475774,92.20856945964955,2.697433182474662,3.1847627062806807
sz300308,2012-04-12,21.26,21.44,20.1,20.71,-0.015216,5419234.0,112258255.25,277306900.0,1380735700.0,0.4047219999999999,20.710009686524803,2012-04-25,2012-03-31,25.4483262024038,7.928250688260737,90.80549089440524,2.656388074610092,3.1363033569419136
sz300308,2012-04-13,20.62,21.49,20.5,21.04,0.015934,5126417.0,107666906.65,281725600.0,1402736800.0,0.3828539999999999,21.040002980869886,2012-04-25,2012-03-31,25.85382826164055,8.054582060888745,92.25241566481343,2.698715842095429,3.186277214631426
sz300308,2012-04-16,20.5,20.59,19.81,20.19,-0.040399,3778058.0,76049167.11,270344100.0,1346067300.0,0.282155,20.190007900445725,2012-04-25,2012-03-31,24.809353260576177,7.729183070786299,88.52548822588322,2.589689774330167,3.057554801437531
sz300308,2012-04-17,20.09,20.32,19.72,19.97,-0.010896,2306877.0,46252626.46,267398300.0,1331399900.0,0.172284,19.97001757436247,2012-04-25,2012-03-31,24.53901855441834,7.644962155700962,87.56087171227777,2.561471262673276,3.024239684321068
sz300308,2012-04-18,20.09,20.39,19.85,20.34,0.018528,3073377.0,61990422.11,272352600.0,1356067800.0,0.229528,20.340022059980257,2012-04-25,2012-03-31,24.993672378411066,7.786606421980849,89.1831813033415,2.608929668641684,3.080272797192169
sz300308,2012-04-19,20.21,20.95,20.2,20.37,0.001475,2400113.0,49244522.12,272754300.0,1358067900.0,0.179247,20.370023592518727,2012-04-25,2012-03-31,25.030536201978048,7.798091092219759,89.31471991883316,2.6127776475039877,3.0848161995680274
sz300308,2012-04-20,20.28,20.64,20.17,20.53,0.007855,2015319.0,41121623.93,274896700.0,1368735100.0,0.150509,20.53003012783796,2012-04-25,2012-03-31,25.22714326100193,7.859342666827278,90.01625920145531,2.6333002014362723,3.1090474308156337
sz300308,2012-04-23,20.3,20.33,18.95,18.98,-0.075499,3428539.0,66776067.85,254142200.0,1265396600.0,0.256052,18.980033383216323,2012-04-25,2012-03-31,23.322512376708065,7.265968037816938,83.22009740105318,2.4344879602172647,2.8743174588364844
sz300308,2012-04-24,18.96,19.19,18.28,18.68,-0.015806,1653373.0,30951206.14,250125200.0,1245395600.0,0.1234779999999999,18.680034975561206,2012-04-25,2012-03-31,22.953874141038284,7.151121335427839,81.90471124613663,2.396008171594231,2.8288859970821147
sz300308,2012-04-25,19.0,19.34,18.81,19.18,0.026767,1328679.0,25415187.72,256820200.0,1278730600.0,0.099229,19.180043471752054,2012-04-25,2012-03-31,23.568271200487917,7.342532506076337,84.09702150433087,2.4601411526326205,2.904606788566012
sz300308,2012-04-26,19.12,19.48,19.04,19.18,0.0,1134078.0,21828084.22,256820200.0,1278730600.0,0.084696,19.180043471752054,2012-10-26,2012-09-30,28.52991484619471,9.085202239782303,-187.9876645819853,2.457088628713259,2.904606788566012
sz300308,2012-04-27,19.13,19.61,19.13,19.35,0.008863,1163470.0,22587491.89,259096500.0,1290064500.0,0.086891,19.350036197042193,2012-10-26,2012-09-30,28.78278687559268,9.165728015630219,-189.65387433062645,2.478866786527714,2.9303503185330726
sz300308,2012-05-02,19.77,19.95,19.43,19.62,0.013953,1190712.0,23459988.04,262711800.0,1308065400.0,0.088925,19.620027252099526,2012-10-26,2012-09-30,29.1844071575777,9.293621894918083,-192.30020746082127,2.513455625409496,2.971237496527565
sz300308,2012-05-03,19.53,19.86,19.5,19.68,0.003058,849567.0,16731709.98,263515200.0,1312065600.0,0.063448,19.680025295436444,2012-10-26,2012-09-30,29.273656109129924,9.322042756982052,-192.88828148975344,2.5211420340498925,2.980323540791946
sz300308,2012-05-04,19.68,20.01,19.62,20.0,0.01626,1413433.0,28033009.81,267800000.0,1333400000.0,0.1055589999999999,20.00002250674024,2012-10-26,2012-09-30,29.74965051740846,9.47362068798989,-196.02467631072503,2.5621362134653376,3.028783601565223
sz300308,2012-05-07,20.13,20.13,19.76,20.0,0.0,1143324.0,22738685.16,267800000.0,1333400000.0,0.085386,20.00002250674024,2012-10-26,2012-09-30,29.74965051740846,9.47362068798989,-196.02467631072503,2.5621362134653376,3.028783601565223
sz300308,2012-05-08,20.02,20.45,19.94,20.15,0.0075,1557123.0,31432668.49,269808500.0,1343400500.0,0.11629,20.150022675540793,2012-10-26,2012-09-30,29.97277289628902,9.544672843149815,-197.49486138305548,2.5813522350663276,3.0514994785769622
sz300308,2012-05-09,20.03,20.1,19.62,19.65,-0.024814,974153.0,19299990.52,263113500.0,1310065500.0,0.072752,19.650020012869923,2012-10-26,2012-09-30,29.22903163335381,9.307832325950068,-192.59424447528735,2.5172988297296945,2.9757795705155536
sz300308,2012-05-10,19.68,19.89,19.64,19.8,0.007634,576579.0,11395907.06,265122000.0,1320066000.0,0.04306,19.80002826564817,2012-10-26,2012-09-30,29.452154012234374,9.37888448110999,-194.06442954761778,2.5365148513306846,2.998496671756869
sz300308,2012-05-11,19.74,19.84,19.33,19.35,-0.022727,813650.0,15888483.92,259096500.0,1290064500.0,0.060765,19.350033023254785,2012-10-26,2012-09-30,28.78278687559268,9.165728015630219,-189.65387433062645,2.478866786527714,2.9303498378978508
sz300308,2012-05-14,19.48,19.56,19.15,19.16,-0.009819,534538.0,10344554.21,256552400.0,1277397200.0,0.039921,19.160035048999447,2012-10-26,2012-09-30,28.500165195677305,9.075728619094313,-187.79163990567457,2.4545264924997934,2.9015767328395317
sz300308,2012-05-15,18.92,19.33,18.9,19.3,0.0073069999999999,391806.0,7473319.67,258427000.0,1286731000.0,0.029261,19.300037425102484,2012-10-26,2012-09-30,28.708412749299164,9.142043963910243,-189.16381263984965,2.472461445994051,2.92277855402639
sz300308,2012-05-16,19.26,19.44,19.14,19.18,-0.006218,385856.0,7441734.5,256820200.0,1278730600.0,0.028817,19.1800297923932,2012-10-26,2012-09-30,28.52991484619471,9.085202239782303,-187.9876645819853,2.457088628713259,2.9046047169774543
sz300308,2012-05-17,19.29,19.56,19.29,19.48,0.015641,755928.0,14700322.08,260837200.0,1298731600.0,0.056455,19.480024638376022,2012-10-26,2012-09-30,28.97615960395584,9.227306550102153,-190.9280347266462,2.495520671915239,2.950035639355699
sz300308,2012-05-18,19.3,19.75,19.24,19.45,-0.00154,837087.0,16336711.12,260435500.0,1296731500.0,0.062516,19.45002540043292,2012-10-26,2012-09-30,28.931535128179725,9.213096119070167,-190.63399771218008,2.4916774675950406,2.945492584471091
sz300308,2012-05-21,19.45,19.75,19.4,19.6,0.007712,573404.0,11228166.51,262444000.0,1306732000.0,0.042823,19.60002399632106,2012-10-26,2012-09-30,29.154657507060286,9.284148274230093,-192.10418278451053,2.5108934891960306,2.9682082232825318
sz300308,2012-05-22,19.58,19.85,19.51,19.72,0.006122,687627.0,13547376.67,264050800.0,1314732400.0,0.051354,19.720015343226535,2012-10-26,2012-09-30,29.33315541016474,9.340989998358033,-193.2803308423749,2.526266306476823,2.986379594025467
sz300308,2012-05-23,19.68,19.73,19.15,19.28,-0.022312,800140.0,15524053.61,258159200.0,1285397600.0,0.059757,19.280022360888466,2012-10-26,2012-09-30,28.67866309878175,9.132570343222254,-188.9677879635389,2.4698993097805855,2.919747492523571
sz300308,2012-05-24,19.18,19.46,19.16,19.18,-0.005187,458161.0,8828934.98,256820200.0,1278730600.0,0.034217,19.180016884902535,2012-10-26,2012-09-30,28.52991484619471,9.085202239782303,-187.9876645819853,2.457088628713259,2.904602762279851
sz300308,2012-05-25,19.23,19.35,18.77,18.8,-0.019812,479028.0,9105401.68,251732000.0,1253396000.0,0.035775,18.800022390378846,2012-10-26,2012-09-30,27.96467148636395,8.905203446710496,-184.26319573208153,2.4084080406574175,2.8470567723535622
sz300308,2012-05-28,18.7,18.8,18.2,18.79,-0.000532,542140.0,10057534.14,251598100.0,1252729300.0,0.0404879999999999,18.790020778467166,2012-10-26,2012-09-30,27.949796661105246,8.9004666363665,-184.16518339392616,2.4071269725506848,2.8455421381506705
sz300308,2012-05-29,18.71,19.12,18.7,19.05,0.013837,526102.0,9993744.27,255079500.0,1270063500.0,0.039291,19.050018295978816,2012-10-26,2012-09-30,28.33654211783156,9.02362370531037,-186.7135041859656,2.440434743325734,2.8849159047162614
sz300308,2012-05-30,19.14,19.22,18.93,19.0,-0.002625,518197.0,9865841.5,254410000.0,1266730000.0,0.0387,19.000011997951873,2012-10-26,2012-09-30,28.262167991538035,8.999939653590395,-186.22344249518878,2.4340294027920706,2.8773430004663814
sz300308,2012-05-31,18.95,19.22,18.9,19.11,0.005789,554619.0,10585935.98,255882900.0,1274063700.0,0.04142,19.110003067408016,2012-10-26,2012-09-30,28.42579106938378,9.05204456737434,-187.30157821489777,2.44812115196613,2.8939999390960813
sz300308,2012-06-01,19.18,19.21,18.91,19.12,0.000523,346296.0,6608883.3,256016800.0,1274730400.0,0.025862,19.119997599012272,2012-10-26,2012-09-30,28.44066589464249,9.056781377718336,-187.39959055305314,2.449402220072863,2.895513501064229
sz300308,2012-06-04,18.78,18.93,18.41,18.42,-0.036611,538989.0,10043515.79,246643800.0,1228061400.0,0.040253,18.419995366914836,2012-10-26,2012-09-30,27.399428126533188,8.72520465363869,-180.53872688217774,2.359727452601576,2.7895058562767665
sz300308,2012-06-05,18.5,18.59,18.31,18.42,0.0,343632.0,6335018.55,246643800.0,1228061400.0,0.025663,18.419995366914836,2012-10-26,2012-09-30,27.399428126533188,8.72520465363869,-180.53872688217774,2.359727452601576,2.7895058562767665
sz300308,2012-06-06,18.49,18.7,18.36,18.51,0.004886,285376.0,5290204.8,247848900.0,1234061700.0,0.021313,18.509995464277583,2012-10-26,2012-09-30,27.533301553861527,8.767835946734644,-181.420837925576,2.37125706556217,2.803135381890535
sz300308,2012-06-07,18.78,18.8,18.39,18.41,-0.005402,264142.0,4913445.33,246509900.0,1227394700.0,0.019727,18.410004468779555,2012-10-26,2012-09-30,27.384553301274487,8.720467843294694,-180.4407145440224,2.3584463844948433,2.787992844557562
sz300308,2012-06-08,18.55,18.76,18.41,18.52,0.005975,299660.0,5564792.31,247982800.0,1234728400.0,0.022379,18.520004245480514,2012-10-26,2012-09-30,27.548176379120232,8.772572757078638,-181.51885026373137,2.3725381336689026,2.804651101803794
sz300308,2012-06-11,18.5,18.86,18.5,18.81,0.015659,362974.0,6801651.36,251865900.0,1254062700.0,0.0271079999999999,18.810008991960498,2012-10-26,2012-09-30,27.979546311622652,8.909940257054492,-184.3612080702369,2.4096891087641503,2.84856913340694
sz300308,2012-06-12,18.66,18.85,18.6,18.63,-0.009569,269800.0,5052579.4,249455700.0,1242062100.0,0.020149,18.630016015916425,2012-10-26,2012-09-30,27.711799456965977,8.824677670862581,-182.59698598344036,2.386629882842962,2.821311175369369
sz300308,2012-06-13,18.64,19.08,18.64,19.03,0.021471,516821.0,9776274.23,254811700.0,1268730100.0,0.038598,19.030021089794168,2012-10-26,2012-09-30,28.306792467314146,9.014150084622381,-186.51747950965486,2.4378726071122685,2.881887547615725
sz300308,2012-06-14,18.9,19.4,18.8,19.05,0.001051,904279.0,17348986.83,255079500.0,1270063500.0,0.067534,19.05002164195954,2012-10-26,2012-09-30,28.33654211783156,9.02362370531037,-186.7135041859656,2.440434743325734,2.884916411428269
sz300308,2012-06-15,19.16,19.55,19.16,19.38,0.0173229999999999,1022202.0,19781725.7,259498200.0,1292064600.0,0.0763409999999999,19.380025166863206,2012-10-26,2012-09-30,28.827411351368795,9.179938446662202,-189.94791134509254,2.482709990847912,2.9348918184234405
sz300308,2012-06-18,19.45,19.65,19.3,19.55,0.008772,834675.0,16252386.59,261774500.0,1303398500.0,0.062336,19.550026747626926,2012-10-26,2012-09-30,29.08028338076677,9.260464222510118,-191.61412109373373,2.5044881486623676,2.9606366894546507
sz300308,2012-06-19,19.49,19.62,19.33,19.35,-0.01023,442930.0,8606242.72,259096500.0,1290064500.0,0.033079,19.350029973998705,2012-10-26,2012-09-30,28.78278687559268,9.165728015630219,-189.65387433062645,2.478866786527714,2.9303493761215296
sz300308,2012-06-20,19.4,19.58,19.26,19.45,0.005168,474322.0,9214617.58,260435500.0,1296731500.0,0.035424,19.45003092890433,2012-10-26,2012-09-30,28.931535128179725,9.213096119070167,-190.63399771218008,2.4916774675950406,2.945493421697326
sz300308,2012-06-21,19.35,19.45,19.08,19.24,-0.010797,497794.0,9573458.41,257623600.0,1282730800.0,0.0371769999999999,19.24002894496495,2012-10-26,2012-09-30,28.619163797746936,9.113623101846274,-188.57573861091748,2.4647750373536548,2.91369092922326
sz300308,2012-06-25,19.13,19.25,18.73,18.78,-0.023909,352210.0,6694027.3,251464200.0,1252062600.0,0.026304,18.780019092919783,2012-10-26,2012-09-30,27.93492183584654,8.895729826022507,-184.06717105577079,2.405845904443952,2.844027492796461
sz300308,2012-06-26,18.85,19.12,18.57,19.06,0.014909,387710.0,7317067.13,255213400.0,1270730200.0,0.028955,19.060010397576125,2012-10-26,2012-09-30,28.35141694309026,9.028360515654366,-186.81151652412098,2.441715811432467,2.8864290986865635
sz300308,2012-06-27,18.95,20.59,18.94,19.98,0.048269,2197313.0,43782040.33,267532200.0,1332066600.0,0.164101,19.980018039456727,2012-10-26,2012-09-30,29.719900866891052,9.4641470673019,-195.8286516344143,2.5595740772518725,3.025754144851065
sz300308,2012-06-28,19.85,20.35,19.52,19.53,-0.0225229999999999,1533191.0,30603444.12,261506700.0,1302065100.0,0.114503,19.530008093154045,2012-10-26,2012-09-30,29.050533730249356,9.250990601822128,-191.418096417423,2.501926012448902,2.957605084246585
sz300308,2012-06-29,19.42,20.09,19.38,19.97,0.022529,1159175.0,22949166.26,267398300.0,1331399900.0,0.08657,19.969999645484712,2012-10-26,2012-09-30,29.705026041632344,9.459410256957906,-195.73063929625897,2.5582930091451397,3.0242369691895763
sz300308,2012-07-02,20.06,20.33,19.85,20.1,0.0065099999999999,1222654.0,24557453.97,269139000.0,1340067000.0,0.091311,20.100004343176817,2012-10-26,2012-09-30,29.8983987699955,9.52098879142984,-197.00479969227865,2.574946894532664,3.043924751859
sz300308,2012-07-03,20.1,20.7,20.01,20.7,0.029851,2176417.0,44482342.62,277173000.0,1380069000.0,0.16254,20.70000957282499,2012-10-26,2012-09-30,30.790888285517752,9.805197412069536,-202.8855399816004,2.6518109809366246,3.1347889496267434
sz300308,2012-07-04,20.7,20.81,20.16,20.2,-0.024155,1459608.0,29863451.3,270478000.0,1346734000.0,0.1090069999999999,20.2000008415934,2012-10-26,2012-09-30,30.047147022582543,9.568356894869789,-197.98492307383228,2.587757575599991,3.059068122548509
sz300308,2012-07-05,20.2,20.6,20.02,20.21,0.000495,1290484.0,26237147.65,270611900.0,1347400700.0,0.096377,20.209999842009985,2012-10-26,2012-09-30,30.062021847841248,9.573093705213784,-198.08293541198765,2.589038643706724,3.0605823612691703
sz300308,2012-07-06,20.08,20.2,19.18,19.88,-0.0064329999999999,1484756.0,29111612.15,266193200.0,1325399600.0,0.110885,20.079988913026337,2012-10-26,2012-09-30,29.571152614304005,9.41677896386195,-194.84852825286066,2.5467633961845455,3.040893634939126
sz300308,2012-07-09,19.65,19.92,19.01,19.14,-0.037223,895841.0,17471956.65,256284600.0,1276063800.0,0.0669039999999999,19.332551485716756,2012-10-26,2012-09-30,28.470415545159895,9.066254998406324,-187.59561522936386,2.4519643562863283,2.927702451165787
sz300308,2012-07-10,19.02,19.28,18.8,19.0,-0.007315,897246.0,17091196.44,316730000.0,1266730000.0,0.053824,19.19113387159874,2012-10-26,2012-09-30,28.262167991538035,8.999939653590395,-186.22344249518878,2.4340294027920706,2.9062863077355092
sz300308,2012-07-11,19.08,19.08,18.66,18.8,-0.010526,949818.0,17915407.5,313396000.0,1253396000.0,0.0569779999999999,18.98912799646629,2012-10-26,2012-09-30,27.96467148636395,8.905203446710496,-184.26319573208153,2.4084080406574175,2.875694738060285
sz300308,2012-07-12,18.79,18.99,18.2,18.91,0.0058509999999999,1203910.0,22422242.55,315229700.0,1260729700.0,0.07222,19.100233384373613,2012-10-26,2012-09-30,28.128294564209696,8.95730836049444,-185.34133145179052,2.422499789831477,2.8925204279726753
sz300308,2012-07-13,18.45,18.53,17.13,17.36,-0.081967,2184530.0,39134729.47,289391200.0,1157391200.0,0.131046,17.53464455455666,2012-10-26,2012-09-30,25.82269664911054,8.223102757175225,-170.14941903770932,2.223934233287913,2.655429206053039
sz300308,2012-07-16,17.37,17.4,16.48,16.53,-0.047811,1075386.0,17971588.95,275555100.0,1102055100.0,0.06451,16.69629566375875,2012-10-26,2012-09-30,24.588086152638088,7.829947498623644,-162.01439497081424,2.1176055804291014,2.528470480282437
sz300308,2012-07-17,16.52,16.65,16.26,16.62,0.005445,652324.0,10734129.35,277055400.0,1108055400.0,0.039132,16.787206993647917,2012-10-26,2012-09-30,24.721959579966427,7.872578791719599,-162.8965060142125,2.1291351933896956,2.5422380020475748
sz300308,2012-07-18,16.45,16.81,16.0,16.49,-0.0078219999999999,752744.0,12256336.36,274888300.0,1099388300.0,0.045156,16.655897460543606,2012-10-26,2012-09-30,24.528586851603272,7.811000257247665,-161.6223456181928,2.112481308002171,2.522352616395559
sz300308,2012-07-19,16.4,17.15,16.35,16.82,0.020012,1060357.0,17810913.45,280389400.0,1121389400.0,0.063609,16.989215280524,2012-10-26,2012-09-30,25.019456085140515,7.967314998599497,-164.85675277731977,2.154756555524349,2.5728299369548666
sz300308,2012-07-20,16.78,16.91,16.55,16.59,-0.013674,624557.0,10416843.19,276555300.0,1106055300.0,0.037466,16.756904750778116,2012-10-26,2012-09-30,24.677335104190316,7.858368360687614,-162.6024689997464,2.1252919890694977,2.5376490603969457
sz300308,2012-07-23,16.48,16.48,16.11,16.36,-0.0138639999999999,341035.0,5557389.3,272721200.0,1090721200.0,0.020458,16.52458702331333,2012-10-26,2012-09-30,24.335214123240117,7.749421722775729,-160.34818522217307,2.0958274226146463,2.502467093823603
sz300308,2012-07-24,16.3,16.65,16.27,16.49,0.007946,503193.0,8282848.2,274888300.0,1099388300.0,0.030186,16.65589139180058,2012-10-26,2012-09-30,24.528586851603272,7.811000257247665,-161.6223456181928,2.112481308002171,2.5223516973511253
sz300308,2012-07-25,16.36,16.95,16.36,16.57,0.0048509999999999,722519.0,12038405.01,276221900.0,1104721900.0,0.043342,16.736689120942202,2012-10-26,2012-09-30,24.647585453672907,7.848894739999624,-162.4064443234357,2.122729852856032,2.5345876254349755
sz300308,2012-07-26,16.57,16.74,16.45,16.46,-0.006639,405084.0,6716169.87,274388200.0,1097388200.0,0.0243,16.625574241868268,2012-10-26,2012-09-30,24.48396237582716,7.796789826215679,-161.3283086037267,2.108638103681973,2.5177604981897126
sz300308,2012-07-27,16.55,16.64,16.43,16.5,0.00243,250159.0,4133249.99,275055000.0,1100055000.0,0.015007,16.66597438727601,2012-10-26,2012-09-30,24.543461676861977,7.815737067591659,-161.72035795634815,2.1137623761089035,2.523878656200314
sz300308,2012-07-30,16.54,16.68,16.18,16.19,-0.018788,299253.0,4919433.18,269887300.0,1079387300.0,0.017952,16.352854060487868,2012-10-26,2012-09-30,24.082342093842144,7.668895946927816,-158.6819754735319,2.0740492648001907,2.4764600240076224
sz300308,2012-07-31,16.12,16.18,15.64,15.66,-0.032736,452329.0,7131721.28,261052200.0,1044052200.0,0.027134,15.817527029963736,2012-10-26,2012-09-30,23.293976355130823,7.417844998696084,-153.4873215512977,2.0061526551433593,2.395390628661709
sz300308,2012-08-01,15.66,16.02,15.64,15.9,0.015326,318256.0,5044882.31,265053000.0,1060053000.0,0.0190919999999999,16.05994644922496,2012-10-26,2012-09-30,23.650972161339727,7.531528446951962,-155.8396176670264,2.0368982897049435,2.432102385436578
sz300308,2012-08-02,15.73,16.08,15.73,15.81,-0.00566,197832.0,3135524.92,263552700.0,1054052700.0,0.011868,15.969047152322347,2012-10-26,2012-09-30,23.517098734011388,7.488897153856008,-154.95750662362815,2.0253686767443493,2.418336685935007
sz300308,2012-08-03,15.86,16.27,15.75,16.27,0.0290959999999999,505975.0,8145969.08,271220900.0,1084720900.0,0.0303519999999999,16.43368254826632,2012-10-26,2012-09-30,24.20134069591178,7.706790429679775,-159.46607417877482,2.084297809654052,2.488700610148972
sz300308,2012-08-06,16.12,17.83,16.06,17.21,0.057775,1108836.0,18890491.64,286890700.0,1147390700.0,0.0665169999999999,17.3831385574924,2012-10-26,2012-09-30,25.59957427022998,8.1520506020153,-168.6792339653789,2.2047182116869233,2.6324852879003284
sz300308,2012-08-07,17.19,17.82,17.0,17.33,0.006973,1071205.0,18595699.03,288891100.0,1155391100.0,0.064259,17.504351182653796,2012-10-26,2012-09-30,25.778072173334426,8.208892326143241,-169.85538202324324,2.220091028967715,2.650841607812857
sz300308,2012-08-08,17.45,17.45,16.85,17.12,-0.012118,702739.0,12067145.98,285390400.0,1141390400.0,0.042156,17.292233455022398,2012-10-26,2012-09-30,25.465700842901636,8.109419308919346,-167.79712292198062,2.193188598726329,2.6187187092093813
sz300308,2012-08-09,17.3,18.05,17.1,17.95,0.048481,1802506.0,32053771.61,299226500.0,1196726500.0,0.108129,18.13057822515534,2012-10-26,2012-09-30,26.70031133937409,8.502574567470926,-175.9321469888757,2.2995172515851405,2.7456768109505614
sz300308,2012-08-10,17.82,17.95,17.52,17.65,-0.016713,848738.0,15002986.61,294225500.0,1176725500.0,0.050914,17.827561871278316,2012-10-26,2012-09-30,26.254066581612964,8.360470257151078,-172.99177684421485,2.2610852083831605,2.6997883144091444
sz300308,2012-08-13,17.6,17.6,17.01,17.03,-0.035127,513619.0,8857674.94,283890100.0,1135390100.0,0.030811,17.201333105425924,2012-10-26,2012-09-30,25.3318274155733,8.066788015823391,-166.91501187858236,2.181658985765735,2.6049528502888943
sz300308,2012-08-14,16.97,17.75,16.96,17.69,0.038755,572573.0,9931601.01,294892300.0,1179392300.0,0.034348,17.867970769926707,2012-10-26,2012-09-30,26.31356588264778,8.379417498527058,-173.38382619683628,2.266209480810091,2.705907798001841
sz300308,2012-08-15,17.59,17.6,17.08,17.15,-0.0305259999999999,408083.0,7088786.34,285890500.0,1143390500.0,0.02448,17.322533094203926,2012-10-26,2012-09-30,25.51032531867775,8.123629739951332,-168.09115993644673,2.197031803046527,2.623307256560037
sz300308,2012-08-16,17.03,17.28,17.0,17.1,-0.002915,152244.0,2614239.06,285057000.0,1140057000.0,0.009133,17.272037910234317,2012-10-26,2012-09-30,25.43595119238423,8.099945688231356,-167.6010982456699,2.1906264625128635,2.615660315907164
sz300308,2012-08-17,17.1,17.15,16.81,17.0,-0.005848,330611.0,5610214.62,283390000.0,1133390000.0,0.019833,17.171031032535268,2012-10-26,2012-09-30,25.28720293979719,8.052577584791406,-166.62097486411628,2.177815781445537,2.600363934379739
sz300308,2012-08-20,16.65,16.65,15.77,16.22,-0.045882,1284019.0,20649549.97,270387400.0,1081387400.0,0.077026,16.383189786700484,2012-10-26,2012-09-30,24.126966569618258,7.683106377959802,-158.97601248799802,2.077892469120389,2.4810540363425275
sz300308,2012-08-21,16.1,16.66,16.04,16.62,0.024661,743197.0,12221982.98,277055400.0,1108055400.0,0.044583,16.787215630030307,2012-10-26,2012-09-30,24.721959579966427,7.872578791719599,-162.8965060142125,2.1291351933896956,2.542239309932771
sz300308,2012-08-22,16.62,16.62,16.3,16.37,-0.0150419999999999,568260.0,9330395.9,272887900.0,1091387900.0,0.034089,16.53470233252339,2012-10-26,2012-09-30,24.350088948498822,7.754158533119725,-160.44619756032841,2.0971084907213786,2.5039989462327625
sz300308,2012-08-23,16.47,16.81,16.35,16.78,0.025046,515802.0,8550725.71,279722600.0,1118722600.0,0.030942,16.94883048714377,2012-10-26,2012-09-30,24.959956784105696,7.948367757223518,-164.46470342469829,2.1496322830974184,2.566714103840108
sz300308,2012-08-24,16.62,16.88,16.11,16.16,-0.036949,603902.0,9924293.12,269387200.0,1077387200.0,0.0362269999999999,16.322588149474296,2012-10-26,2012-09-30,24.037717618066036,7.654685515895831,-158.38793845906582,2.070206060479993,2.47187658441732
sz300308,2012-08-27,16.05,16.15,15.31,15.65,-0.031559,498795.0,7855566.36,260885500.0,1043385500.0,0.029922,15.807463590065037,2012-10-26,2012-09-30,23.27910152987212,7.413108188352089,-153.38930921314235,2.004871587036627,2.3938666312896935
sz300308,2012-08-28,15.53,16.18,15.53,15.95,0.019169,439135.0,7010499.54,265886500.0,1063386500.0,0.026343,16.11047685962299,2012-10-26,2012-09-30,23.725346287633243,7.555212498671937,-156.3296793578032,2.0433036302386065,2.4397546607448857
sz300308,2012-08-29,15.92,16.14,15.76,15.95,0.0,491418.0,7854290.76,265886500.0,1063386500.0,0.029479,16.11047685962299,2012-10-26,2012-09-30,23.725346287633243,7.555212498671937,-156.3296793578032,2.0433036302386065,2.4397546607448857
sz300308,2012-08-30,15.82,16.12,15.6,16.0,0.003135,524718.0,8353071.79,266720000.0,1066720000.0,0.031477,16.160983204577914,2012-10-26,2012-09-30,23.799720413926767,7.578896550391912,-156.81974104858003,2.04970897077227,2.447403291606321
sz300308,2012-08-31,15.93,16.48,15.9,16.37,0.023125,731831.0,11955807.01,272887900.0,1091387900.0,0.043901,16.534705941183777,2012-10-26,2012-09-30,24.350088948498822,7.754158533119725,-160.44619756032841,2.0971084907213786,2.5039994927247173
sz300308,2012-09-03,16.3,16.53,16.16,16.43,0.003665,740911.0,12118364.19,273888100.0,1095388100.0,0.044446,16.595305638458218,2012-10-26,2012-09-30,24.439337900051047,7.782579395183694,-161.0342715892606,2.104794899361775,2.5131766508655535
sz300308,2012-09-04,16.36,16.58,16.28,16.28,-0.00913,439600.0,7209926.84,271387600.0,1085387600.0,0.026371,16.443790497979094,2012-10-26,2012-09-30,24.216215521170483,7.711527240023771,-159.56408651693016,2.085578877760785,2.4902313480431513
sz300308,2012-09-05,16.28,16.52,16.01,16.48,0.0122849999999999,621786.0,10150213.04,274721600.0,1098721600.0,0.0373,16.645802464246767,2012-10-26,2012-09-30,24.51371202634457,7.806263446903669,-161.52433328003744,2.1112002398954384,2.520823840153861
sz300308,2012-09-06,16.55,16.68,16.42,16.67,0.011529,582783.0,9649773.3,277888900.0,1111388900.0,0.03496,16.837711920857068,2012-10-26,2012-09-30,24.796333706259947,7.896262843439573,-163.38656770498932,2.135540533923359,2.5498864182069947
sz300308,2012-09-07,16.8,17.22,16.7,17.1,0.025795,1281072.0,21790075.35,285057000.0,1140057000.0,0.076849,17.272040699855573,2012-10-26,2012-09-30,25.43595119238423,8.099945688231356,-167.6010982456699,2.1906264625128635,2.615660738364644
sz300308,2012-09-10,17.0,17.28,16.98,17.15,0.002924,688220.0,11775779.86,285890500.0,1143390500.0,0.041285,17.32254414686195,2012-10-26,2012-09-30,25.51032531867775,8.123629739951332,-168.09115993644673,2.197031803046527,2.623308930363622
sz300308,2012-09-11,17.05,17.08,16.73,16.85,-0.017493,565749.0,9551071.87,280889500.0,1123389500.0,0.033938,17.019520882100892,2012-10-26,2012-09-30,25.064080560916626,7.981525429631483,-165.15078979178583,2.158599759844547,2.5774193872447713
sz300308,2012-09-12,16.85,17.14,16.61,16.85,0.0,501971.0,8461094.0,280889500.0,1123389500.0,0.030112,17.019520882100892,2012-10-26,2012-09-30,25.064080560916626,7.981525429631483,-165.15078979178583,2.158599759844547,2.5774193872447713
sz300308,2012-09-13,16.86,16.92,16.65,16.65,-0.011869,334832.0,5627371.82,277555500.0,1110055500.0,0.020086,16.817516188751238,2012-10-26,2012-09-30,24.76658405574254,7.886789222751584,-163.1905430286786,2.1329783977098935,2.546827996537563
sz300308,2012-09-14,16.79,16.86,16.48,16.56,-0.005405,386402.0,6430582.15,276055200.0,1104055200.0,0.0231789999999999,16.726617513751037,2012-10-26,2012-09-30,24.632710628414202,7.84415792965563,-162.30843198528035,2.1214487847492998,2.5330623912162777
sz300308,2012-09-17,16.52,16.56,15.71,15.78,-0.047101,557681.0,8935124.94,263052600.0,1052052600.0,0.033454,15.938777102235854,2012-10-26,2012-09-30,23.472474258235273,7.474686722824022,-154.66346960916204,2.0215254724241514,2.4137526195276
sz300308,2012-09-18,15.86,15.92,15.7,15.88,0.006337,292002.0,4613307.49,264719600.0,1058719600.0,0.0175169999999999,16.03978113273272,2012-10-26,2012-09-30,23.621222510822317,7.522054826263973,-155.6435929907157,2.0343361534914783,2.429048569877547
sz300308,2012-09-19,15.83,15.95,15.75,15.93,0.003149,192121.0,3050233.24,265553100.0,1062053100.0,0.011525,16.0902904035197,2012-10-26,2012-09-30,23.695596637115838,7.545738877983947,-156.1336546814925,2.0407414940251414,2.436697643824091
sz300308,2012-09-20,15.9,15.9,15.3,15.34,-0.037037,435267.0,6756325.6,255717800.0,1022717800.0,0.026111,15.49435431784454,2012-10-26,2012-09-30,22.81798194685229,7.266267067688245,-150.3509267303261,1.965158475727914,2.3464496731897784
sz300308,2012-09-21,15.36,15.5,15.23,15.34,0.0,235840.0,3628350.66,255717800.0,1022717800.0,0.0141479999999999,15.49435431784454,2012-10-26,2012-09-30,22.81798194685229,7.266267067688245,-150.3509267303261,1.965158475727914,2.3464496731897784
sz300308,2012-09-24,15.13,15.43,15.02,15.35,0.0006519999999999,149591.0,2283735.83,255884500.0,1023384500.0,0.008974,15.504456636859771,2012-10-26,2012-09-30,22.83285677211099,7.27100387803224,-150.44893906848145,1.9664395438346467,2.347979558376698
sz300308,2012-09-25,15.21,15.4,15.09,15.1,-0.016287,156588.0,2381299.92,251717000.0,1006717000.0,0.009393,15.251935551615235,2012-10-26,2012-09-30,22.460986140643385,7.152583619432367,-147.9986306145974,1.93441284116633,2.3097380153094162
sz300308,2012-09-26,15.18,15.18,14.72,14.72,-0.025166,190400.0,2844630.0,245382400.0,981382400.0,0.011422,14.868105341523286,2012-10-26,2012-09-30,21.895742780812625,6.972584826360559,-144.27416176469364,1.8857322531104885,2.2516111484161394
sz300308,2012-09-27,15.12,15.26,14.75,15.13,0.0278529999999999,216872.0,3272121.81,252217100.0,1008717100.0,0.0130099999999999,15.282226679600733,2012-10-26,2012-09-30,22.5056106164195,7.166794050464352,-148.2926676290635,1.938256045486528,2.314325273732974
sz300308,2012-09-28,15.1,15.37,15.06,15.36,0.015202,186479.0,2847126.97,256051200.0,1024051200.0,0.011187,15.51454708958402,2012-10-26,2012-09-30,22.847731597369695,7.275740688376235,-150.54695140663682,1.9677206119413793,2.349507646544262
sz300308,2012-10-08,15.35,15.44,15.2,15.36,0.0,118440.0,1809057.3,256051200.0,1024051200.0,0.0071049999999999,15.51454708958402,2012-10-26,2012-09-30,22.847731597369695,7.275740688376235,-150.54695140663682,1.9677206119413793,2.349507646544262
sz300308,2012-10-09,15.42,16.04,15.36,16.0,0.041667,572204.0,9052233.21,266720000.0,1066720000.0,0.034325,16.160991723165715,2012-10-26,2012-09-30,23.799720413926767,7.578896550391912,-156.81974104858003,2.04970897077227,2.4474045816528216
sz300308,2012-10-10,15.9,17.6,15.82,16.48,0.03,943532.0,15481886.43,274721600.0,1098721600.0,0.056601,16.64582147486069,2012-10-26,2012-09-30,24.51371202634457,7.806263446903669,-161.52433328003744,2.1112002398954384,2.5208267191024065
sz300308,2012-10-11,16.46,16.46,15.87,15.91,-0.034587,450059.0,7254605.79,265219700.0,1060719700.0,0.026998,16.070092447509683,2012-10-26,2012-09-30,23.665846986598428,7.536265257295957,-155.93763000518177,2.0381793578116763,2.433638885368812
sz300308,2012-10-12,16.0,16.17,15.67,15.81,-0.006285,269930.0,4279472.27,263552700.0,1054052700.0,0.016193,15.969091916477085,2012-10-26,2012-09-30,23.517098734011388,7.488897153856008,-154.95750662362815,2.0253686767443493,2.418343464974269
sz300308,2012-10-15,15.6,15.6,14.8,14.98,-0.052498,573770.0,8665050.7,249716600.0,998716600.0,0.034419,15.13074652904587,2012-10-26,2012-09-30,22.282488237538935,7.095741895304427,-146.82248255673306,1.919040023885538,2.29138526975005
sz300308,2012-10-16,14.97,15.35,14.97,15.06,0.00534,301853.0,4586622.21,251050200.0,1004050200.0,0.018108,15.211544715510975,2012-10-26,2012-09-30,22.40148683960857,7.133636378056387,-147.60658126197595,1.9292885687393992,2.3036212670905147
sz300308,2012-10-17,15.13,15.24,14.96,15.12,0.003984,171997.0,2595600.58,252050400.0,1008050400.0,0.010318,15.27214750965757,2012-10-26,2012-09-30,22.490735791160795,7.162057240120356,-148.19465529090812,1.9369749773797953,2.312798894218603
sz300308,2012-10-18,15.36,15.37,15.15,15.3,0.0119049999999999,277469.0,4241907.69,255051000.0,1020051000.0,0.016645,15.453962425760041,2012-10-26,2012-09-30,22.758482645817473,7.247319826312266,-149.95887737770465,1.9600342033009834,2.3403327650542756
sz300308,2012-10-19,15.28,15.37,15.25,15.35,0.003268,219873.0,3365053.83,255884500.0,1023384500.0,0.01319,15.504465974967426,2012-10-26,2012-09-30,22.83285677211099,7.27100387803224,-150.44893906848145,1.9664395438346467,2.3479809725304728
sz300308,2012-10-22,15.34,15.4,15.2,15.39,0.002606,165923.0,2543657.96,256551300.0,1026051300.0,0.009953,15.544870613298192,2012-10-26,2012-09-30,22.89235607314581,7.2899511194082205,-150.8409884211029,1.9715638162615774,2.3540998109448874
sz300308,2012-10-23,15.4,15.49,15.23,15.29,-0.006498,203305.0,3114551.6,254884300.0,1019384300.0,0.0121959999999999,15.443860044052979,2012-10-26,2012-09-30,22.743607820558765,7.24258301596827,-149.86086503954928,1.9587531351942506,2.3388028703733674
sz300308,2012-10-24,15.1,15.24,15.06,15.1,-0.012426,235000.0,3556474.0,251717000.0,1006717000.0,0.014097,15.251954639145577,2012-10-26,2012-09-30,22.460986140643385,7.152583619432367,-147.9986306145974,1.93441284116633,2.309740905906108
sz300308,2012-10-25,15.1,15.23,15.0,15.01,-0.00596,220488.0,3321145.93,250216700.0,1000716700.0,0.013227,15.161052989496271,2012-10-26,2012-09-30,22.32711271331505,7.109952326336412,-147.11651957119915,1.922883228205736,2.2959748501069077
sz300308,2012-10-26,14.86,15.05,14.75,14.77,-0.015989,198999.0,2957888.24,246215900.0,984715900.0,0.0119379999999999,14.918642913247215,2012-10-26,2012-09-30,21.970116907106146,6.996268878080533,-144.76422345547044,1.8921375936441518,2.2592645082285485
sz300308,2012-10-29,14.78,14.93,14.7,14.8,0.002031,85281.0,1264137.9,246716000.0,986716000.0,0.005116,14.948942677004018,2013-03-19,2012-12-31,34.289692733079,8.458076012969213,-74.33269640277966,1.894187459263753,2.2638530744447602
sz300308,2012-10-30,14.9,14.92,14.8,14.9,0.0067569999999999,71549.0,1061670.2,248383000.0,993383000.0,0.004292,15.049952682672531,2013-03-19,2012-12-31,34.52137984614035,8.515225175219005,-74.83494435144709,1.9069860231776974,2.279149929668783
sz300308,2012-10-31,15.0,15.07,14.84,14.92,0.001342,116890.0,1747535.18,248716400.0,994716400.0,0.007012,15.07014971917268,2013-03-19,2012-12-31,34.56771726875262,8.526655007668962,-74.93539394118058,1.9095457359604862,2.2822085488743986
sz300308,2012-11-01,15.1,15.23,14.93,15.16,0.016086,207371.0,3135262.75,252717200.0,1010717200.0,0.01244,15.31256814755529,2013-03-19,2012-12-31,35.12376634009984,8.663812997068463,-76.1407890179824,1.9402622893539525,2.3189201555915924
sz300308,2012-11-02,15.09,15.2,15.0,15.11,-0.0032979999999999,172572.0,2603130.77,251883700.0,1007383700.0,0.010352,15.262067297804654,2013-03-19,2012-12-31,35.00792278356917,8.635238415943567,-75.88966504364869,1.9338630073969802,2.3112723569184515
sz300308,2012-11-05,15.11,15.18,15.03,15.11,0.0,138441.0,2089080.87,251883700.0,1007383700.0,0.008305,15.262067297804654,2013-03-19,2012-12-31,35.00792278356917,8.635238415943567,-75.88966504364869,1.9338630073969802,2.3112723569184515
sz300308,2012-11-06,15.11,15.45,14.88,15.44,0.02184,577475.0,8768600.93,257384800.0,1029384800.0,0.034642,15.595390847588709,2013-03-19,2012-12-31,35.7724902566716,8.823830651367881,-77.54708327425121,1.9760982683129964,2.3617505451935505
sz300308,2012-11-07,15.27,15.35,15.07,15.22,-0.014249,279957.0,4246538.5,253717400.0,1014717400.0,0.016794,15.373172123401417,2013-03-19,2012-12-31,35.26277860793665,8.69810249441834,-76.44213778718287,1.947941427702319,2.3280979616750876
sz300308,2012-11-08,15.13,15.13,14.68,14.69,-0.034823,439321.0,6514978.41,244882300.0,979382300.0,0.026354,14.83783215054821,2013-03-19,2012-12-31,34.03483690871152,8.39521193449444,-73.78022365924548,1.8801090389584143,2.247026606355676
sz300308,2012-11-09,14.69,14.84,14.64,14.68,-0.000681,144886.0,2132156.85,244715600.0,978715600.0,0.0086909999999999,14.827727586853685,2013-03-19,2012-12-31,34.011668197405385,8.389497018269463,-73.72999886437874,1.87882918256702,2.2454963812367477
sz300308,2012-11-12,14.77,14.85,14.72,14.8,0.0081739999999999,102721.0,1519110.76,246716000.0,986716000.0,0.006162,14.948929432148626,2013-03-19,2012-12-31,34.289692733079,8.458076012969213,-74.33269640277966,1.894187459263753,2.263851068656977
sz300308,2012-11-13,14.84,14.85,14.65,14.65,-0.010135,129890.0,1915542.4,244215500.0,976715500.0,0.007792,14.7974220323538,2013-03-19,2012-12-31,33.94216206348698,8.372352269594524,-73.57932447977852,1.8749896133928368,2.2409069380761384
sz300308,2012-11-14,14.65,14.8,14.6,14.71,0.004096,124299.0,1830330.31,245215700.0,980715700.0,0.007456,14.858032272998322,2013-03-19,2012-12-31,34.08117433132379,8.406641766944398,-73.88067324897898,1.882668751741203,2.2500856928944986
sz300308,2012-11-15,14.72,14.85,14.6,14.75,0.002719,237242.0,3497762.51,245882500.0,983382500.0,0.014232,14.898431262748604,2013-03-19,2012-12-31,34.17384917654833,8.429501431844317,-74.08157242844594,1.887788177306781,2.2562036758934783
sz300308,2012-11-16,14.75,14.75,14.44,14.63,-0.008136,129790.0,1891952.7,243882100.0,975382100.0,0.0077859999999999,14.777217625994881,2013-03-19,2012-12-31,33.895824640874714,8.360922437144566,-73.47887489004503,1.872429900610048,2.237847202786409
sz300308,2012-11-19,14.41,14.69,14.4,14.69,0.004101,119038.0,1731826.31,244882300.0,979382300.0,0.007141,14.837818995479084,2013-03-19,2012-12-31,34.03483690871152,8.39521193449444,-73.78022365924548,1.8801090389584143,2.247024614165036
sz300308,2012-11-20,14.68,14.99,14.55,14.8,0.007488,309900.0,4584192.45,246716000.0,986716000.0,0.01859,14.948924584117231,2013-03-19,2012-12-31,34.289692733079,8.458076012969213,-74.33269640277966,1.894187459263753,2.2638503344759036
sz300308,2012-11-21,14.66,15.13,14.39,15.08,0.018919,445737.0,6597277.55,251383600.0,1005383600.0,0.026739,15.231743288324145,2013-03-19,2012-12-31,34.93841664965077,8.61809366726863,-75.73899065904847,1.930023438222797,2.306680118953853
sz300308,2012-11-22,14.85,15.0,14.72,14.97,-0.007294,240999.0,3593576.91,249549900.0,998049900.0,0.014457,15.120642952779109,2013-03-19,2012-12-31,34.68356082528329,8.555229588793859,-75.18651791551429,1.9159450179174584,2.2898551941662038
sz300308,2012-11-23,14.99,15.05,14.82,14.83,-0.009352,130849.0,1950340.16,247216100.0,988716100.0,0.007849,14.979234699884717,2013-03-19,2012-12-31,34.3591988669974,8.47522076164415,-74.48337078737988,1.8980270284379364,2.268440468390361
sz300308,2012-11-26,14.63,14.83,14.57,14.57,-0.017532,107600.0,1579095.95,242881900.0,971381900.0,0.006455,14.716618757126339,2013-03-19,2012-12-31,33.75681237303791,8.326632939794692,-73.17752612084458,1.8647507622616812,2.228670170098541
sz300308,2012-11-27,14.53,14.65,13.79,13.79,-0.053535,383101.0,5372426.12,229879300.0,919379300.0,0.022981,13.92876457196358,2013-03-19,2012-12-31,31.949652891159424,7.880869474246313,-69.25999212123862,1.7649219637329159,2.109358312542316
sz300308,2012-11-28,13.79,13.79,13.22,13.32,-0.0340829999999999,211363.0,2830641.61,222044400.0,888044400.0,0.012679,13.454030489057347,2013-03-19,2012-12-31,30.8607234597711,7.612268411672291,-66.89942676250169,1.704768713337378,2.0374650531759366
sz300308,2012-11-29,13.22,13.37,12.72,12.85,-0.035285,226739.0,2968028.7,214209500.0,856709500.0,0.013602,12.979305023250959,2013-03-19,2012-12-31,29.77179402838278,7.3436673490982685,-64.53886140376477,1.6446154629418397,1.9655730987746234
sz300308,2012-11-30,12.9,13.1,12.8,12.87,0.001556,129600.0,1677042.88,214542900.0,858042900.0,0.007774,12.999500821867134,2013-03-19,2012-12-31,29.81813145099505,7.355097181548227,-64.63931099349826,1.6471751757246287,1.9686315305163165
sz300308,2012-12-03,12.98,13.08,12.41,12.41,-0.035742,145430.0,1853062.35,206874700.0,827374700.0,0.0087239999999999,12.534872663491958,2013-03-19,2012-12-31,28.752370730912865,7.092211035199185,-62.32897042962808,1.588301781720485,1.8982687023526021
sz300308,2012-12-04,12.41,12.44,11.9,12.3,-0.008864,489672.0,5908575.44,205041000.0,820041000.0,0.029374,12.423763552202766,2013-03-19,2012-12-31,28.497514906545383,7.029346956724413,-61.776497686093904,1.574223361415146,1.8814424485749488
sz300308,2012-12-05,12.25,12.88,12.25,12.68,0.030894,527099.0,6668496.71,211375600.0,845375600.0,0.03162,12.807583303384519,2013-03-19,2012-12-31,29.377925936178496,7.246513773273622,-63.68503989103014,1.6228579042881344,1.9395677315812232
sz300308,2012-12-06,12.69,12.81,12.61,12.81,0.0102519999999999,252560.0,3214865.7,213542700.0,854042700.0,0.015151,12.938886647410815,2013-03-19,2012-12-31,29.679119183158246,7.3208076841983525,-64.3379622242978,1.639496037376262,1.9594521799653937
sz300308,2012-12-07,12.78,13.08,12.62,13.08,0.021077,392200.0,5084817.5,218043600.0,872043600.0,0.023527,13.211599561278293,2013-03-19,2012-12-31,30.304674388423873,7.475110422272791,-65.69403168569985,1.6740521599439115,2.0007515535625244
sz300308,2012-12-10,13.15,13.36,13.01,13.32,0.018349,426263.0,5619558.54,222044400.0,888044400.0,0.025571,13.454019201628189,2013-03-19,2012-12-31,30.8607234597711,7.612268411672291,-66.89942676250169,1.704768713337378,2.0374633438188434
sz300308,2012-12-11,13.2,13.27,13.09,13.11,-0.015766,287978.0,3787566.49,218543700.0,874043700.0,0.017275,13.241903134895319,2013-03-19,2012-12-31,30.374180522342275,7.492255170947728,-65.84470607030009,1.6778917291180948,2.005340696740195
sz300308,2012-12-12,13.07,13.27,12.89,13.19,0.006102,316293.0,4124687.27,219877300.0,879377300.0,0.018974,13.32270522782445,2013-03-19,2012-12-31,30.55953021279135,7.537974500747561,-66.24650442923404,1.6881305802492501,2.017577285671704
sz300308,2012-12-13,13.19,13.26,12.91,12.91,-0.021228,203470.0,2654379.98,215209700.0,860709700.0,0.012206,13.03989084124819,2013-03-19,2012-12-31,29.910806296219587,7.377956846448144,-64.84021017296523,1.6522946012902062,1.974748155051465
sz300308,2012-12-14,12.81,13.5,12.8,13.41,0.03873,494916.0,6599576.78,223544700.0,894044700.0,0.029689,13.544925813529733,2013-03-19,2012-12-31,31.06924186152631,7.663702657697104,-67.35144991630239,1.7162874208599277,2.051230151096608
sz300308,2012-12-17,13.41,13.64,13.32,13.47,0.004474,372125.0,5009911.81,224544900.0,898044900.0,0.022323,13.605525811619469,2013-03-19,2012-12-31,31.20825412936312,7.69799215504698,-67.65279868550284,1.7239665592082942,2.0604073547926145
sz300308,2012-12-18,13.5,13.67,13.36,13.39,-0.005939,280253.0,3787676.7,223211300.0,892711300.0,0.016812,13.524722593824258,2013-03-19,2012-12-31,31.022904438914043,7.652272825247146,-67.2510003265689,1.713727708077139,2.048170595512501
sz300308,2012-12-19,13.4,13.64,13.39,13.59,0.014937,355058.0,4804030.74,226545300.0,906045300.0,0.021299,13.726741375208212,2013-03-19,2012-12-31,31.486278665036732,7.76657114974673,-68.25549622390375,1.7393248359050273,2.0787641196976714
sz300308,2012-12-20,14.02,14.95,14.02,14.95,0.100074,1275796.0,18765540.82,249216500.0,996716500.0,0.076532,15.100431291590796,2013-03-19,2012-12-31,34.63722340267102,8.5437997563439,-75.0860683257808,1.9133853051346694,2.286794360212296
sz300308,2012-12-21,15.7,16.45,15.3,16.0,0.070234,4685934.0,73987043.71,266720000.0,1066720000.0,0.2811,16.160994982924382,2013-03-19,2012-12-31,37.06993808981514,9.143865959966716,-80.35967178678882,2.0477702262310844,2.447405075307446
sz300308,2012-12-24,15.78,16.91,15.65,16.73,0.045625,3791247.0,62284280.59,278889100.0,1115389100.0,0.227429,16.898340379020308,2013-03-19,2012-12-31,38.761254015162955,9.561054844390197,-84.02608181206107,2.1411997428028777,2.5590679318683485
sz300308,2012-12-25,16.42,17.17,16.31,16.77,0.002391,3402336.0,56846186.14,279555900.0,1118055900.0,0.204099,16.938744310866547,2013-03-19,2012-12-31,38.85392886038749,9.583914509290114,-84.22698099152802,2.1463191683684553,2.5651866632934457
sz300308,2012-12-26,16.67,17.83,16.65,17.64,0.051878,3153328.0,54733812.34,294058800.0,1176058800.0,0.189162,17.81749248822568,2013-03-19,2012-12-31,40.86960674402119,10.081112220863305,-88.59653814493467,2.2576666744197706,2.698263417011783
sz300308,2012-12-27,17.62,17.63,16.81,16.86,-0.044218,2506598.0,42836908.73,281056200.0,1124056200.0,0.150366,17.029638605381322,2013-03-19,2012-12-31,39.0624472621427,9.635348755314928,-84.67900414532872,2.1578378758910053,2.5789516052383563
sz300308,2012-12-28,16.61,17.17,16.43,16.75,-0.0065239999999999,2152339.0,36151344.61,279222500.0,1116722500.0,0.129115,16.918537243119815,2013-03-19,2012-12-31,38.80759143777522,9.572484676840157,-84.12653140179455,2.1437594555856667,2.5621265249657816
sz300308,2012-12-31,16.73,16.82,16.0,16.42,-0.019701,1253052.0,20594271.51,273721400.0,1094721400.0,0.075168,16.58522514089311,2013-03-19,2012-12-31,38.043023964672784,9.383892441415842,-82.46911317119203,2.1015241946696506,2.511650070297431
sz300308,2013-01-04,16.46,17.29,16.31,17.0,0.035323,2090922.0,35085740.0,283390000.0,1133390000.0,0.1254299999999999,17.17106504854488,2013-03-19,2012-12-31,39.38680922042858,9.715357582464636,-85.38215127346312,2.1757558653705273,2.600369085730547
sz300308,2013-01-07,16.9,17.25,16.71,17.08,0.004706,1451855.0,24617645.48,284723600.0,1138723600.0,0.087094,17.251872080663333,2013-03-19,2012-12-31,39.57215891087766,9.76107691226447,-85.78394963239707,2.185994716501683,2.612606422647995
sz300308,2013-01-08,17.08,17.55,16.88,17.15,0.004098,1667568.0,28626281.76,285890500.0,1143390500.0,0.100034,17.322570252449886,2013-03-19,2012-12-31,39.7343398900206,9.801081325839323,-86.13552319646428,2.194953711241444,2.6233128837680058
sz300308,2013-01-09,17.0,17.01,16.26,16.5,-0.037901,1325062.0,22058126.02,275055000.0,1100055000.0,0.079488,16.666027517311786,2013-03-19,2012-12-31,38.22837365512186,9.429611771215676,-82.87091153012597,2.1117630458008056,2.523886702160315
sz300308,2013-01-10,16.35,16.85,16.33,16.53,0.001818,951991.0,15765172.71,275555100.0,1102055100.0,0.057108,16.69632635533826,2013-03-19,2012-12-31,38.29787978904026,9.446756519890613,-83.0215859147262,2.115602614974989,2.5284751281848425
sz300308,2013-01-11,16.65,17.52,16.65,16.95,0.025408,3246408.0,55759588.19,282556500.0,1130056500.0,0.194746,17.120546615374696,2013-03-19,2012-12-31,39.27096566389791,9.68678300133974,-85.1310272991294,2.169356583413555,2.5927186242417637
sz300308,2013-01-14,16.78,18.59,16.75,18.2,0.073746,3137384.0,55591567.0,303394000.0,1213394000.0,0.1882049999999999,18.38311844607212,2013-03-19,2012-12-31,42.16705457716471,10.40114752946214,-91.40912665747227,2.3293386323378584,2.7839212519050966
sz300308,2013-01-15,18.0,18.25,17.81,18.05,-0.008242,1859547.0,33488492.05,300893500.0,1203393500.0,0.111551,18.231604783839593,2013-03-19,2012-12-31,41.8195239075727,10.315423786087452,-90.65575473447115,2.3101407864669423,2.760976172946895
sz300308,2013-01-16,18.0,18.08,17.15,17.43,-0.034349,1800682.0,31611125.67,290558100.0,1162058100.0,0.108019,17.60536739111949,2013-03-19,2012-12-31,40.38306380659236,9.961098980138742,-87.54181745273307,2.2307896902004876,2.6661394023823424
sz300308,2013-01-17,17.45,17.67,17.22,17.57,0.008032,1144423.0,19964571.03,292891900.0,1171391900.0,0.068652,17.746773702004962,2013-03-19,2012-12-31,40.707425764878245,10.04110780728845,-88.24496458086747,2.2487076796800096,2.6875538340622773
sz300308,2013-01-18,17.42,17.67,16.91,17.29,-0.015936,1318999.0,22762101.85,288224300.0,1152724300.0,0.079124,17.46396111628981,2013-03-19,2012-12-31,40.05870184830648,9.881090152989032,-86.83867032459867,2.2128717007209655,2.644724976162661
sz300308,2013-01-21,17.35,17.58,17.18,17.54,0.014459,754948.0,13135347.34,292391800.0,1169391800.0,0.045288,17.716472530070245,2013-03-19,2012-12-31,40.63791963095984,10.023963058613512,-88.09429019626724,2.244868110505826,2.6829650545929966
sz300308,2013-01-22,17.55,17.58,16.45,16.55,-0.056442,1371808.0,23268955.87,275888500.0,1103388500.0,0.0822919999999999,16.71651938752802,2013-03-19,2012-12-31,38.344217211652534,9.458186352340572,-83.12203550445969,2.118162327757778,2.531533140981659
sz300308,2013-01-23,16.36,16.67,16.29,16.6,0.003021,758908.0,12489326.75,276722000.0,1106722000.0,0.045525,16.76701999259774,2013-03-19,2012-12-31,38.460060768183205,9.486760933465467,-83.37315947879341,2.12456160971475,2.539180902600564
sz300308,2013-01-24,16.6,16.91,15.9,16.12,-0.028916,831158.0,13668130.47,268720400.0,1074720400.0,0.04986,16.282184842491784,2013-03-19,2012-12-31,37.34796262548875,9.212444954666466,-80.96236932518974,2.0631285029278175,2.465757947620966
sz300308,2013-01-25,16.2,16.3,15.91,16.1,-0.001241,383293.0,6166375.85,268387000.0,1073387000.0,0.022993,16.26197865110225,2013-03-19,2012-12-31,37.30162520287648,9.201015122216507,-80.86191973545625,2.0605687901450285,2.4626979420079684
sz300308,2013-01-28,16.2,16.65,16.0,16.61,0.031677,686244.0,11204378.63,276888700.0,1107388700.0,0.041166,16.777109348833214,2013-03-19,2012-12-31,38.48322947948934,9.492475849690447,-83.42338427366013,2.1258414661061447,2.5407088247169547
sz300308,2013-01-29,16.61,16.75,16.48,16.56,-0.00301,763930.0,12698616.69,276055200.0,1104055200.0,0.045827,16.726610249693227,2013-03-19,2012-12-31,38.36738592295867,9.46390126856555,-83.17226029932644,2.1194421841491726,2.533061291154557
sz300308,2013-01-30,16.46,16.54,15.99,16.2,-0.0217389999999999,912377.0,14733445.93,270054000.0,1080054000.0,0.054732,16.362990469475147,2013-03-19,2012-12-31,37.53331231593782,9.2581642844663,-81.36416768412367,2.073367354058973,2.477995071746148
sz300308,2013-01-31,15.8,15.88,15.26,15.49,-0.043827,2242182.0,34826151.18,258218300.0,1032718300.0,0.1345039999999999,15.64584968616946,2013-03-19,2012-12-31,35.88833381320228,8.852405232492778,-77.79820724858493,1.9824975502699687,2.3693919817367295
sz300308,2013-02-01,15.59,15.9,15.32,15.69,0.012912,620673.0,9732330.78,261552300.0,1046052300.0,0.0372329999999999,15.84786889731728,2013-03-19,2012-12-31,36.35170803932497,8.96670355699236,-78.80270314591978,2.0080946780978572,2.3999855710049145
sz300308,2013-02-04,15.85,15.98,15.52,15.85,0.010198,626697.0,9885733.77,264219500.0,1056719500.0,0.037594,16.00948546433212,2013-03-19,2012-12-31,36.72240742022312,9.058142216592028,-79.60629986378767,2.028572380360168,2.424460623858022
sz300308,2013-02-05,15.83,16.4,15.8,16.26,0.025868,639065.0,10369190.79,271054200.0,1084054200.0,0.038336,16.423618834323463,2013-03-19,2012-12-31,37.67232458377463,9.292453781816175,-81.66551645332414,2.0810464924073395,2.4871765712759815
sz300308,2013-02-06,16.27,16.36,15.92,16.17,-0.005535,445095.0,7158332.35,269553900.0,1078053900.0,0.0267,16.33271410407548,2013-03-19,2012-12-31,37.46380618201942,9.241019535791363,-81.21349329952346,2.0695277848847895,2.4734100489539688
sz300308,2013-02-07,16.05,16.58,16.05,16.45,0.0173159999999999,351200.0,5739436.6,274221500.0,1096721500.0,0.021068,16.61553138150165,2013-03-19,2012-12-31,38.112530098591186,9.40103719009078,-82.61978755579226,2.1053637638438336,2.5162396173616552
sz300308,2013-02-08,16.44,16.57,16.28,16.5,0.0030399999999999,472831.0,7796170.62,275055000.0,1100055000.0,0.028364,16.666042596901416,2013-03-19,2012-12-31,38.22837365512186,9.429611771215676,-82.87091153012597,2.1117630458008056,2.523888985798435
sz300308,2013-02-18,16.46,16.7,16.37,16.6,0.0060609999999999,539978.0,8929724.08,276722000.0,1106722000.0,0.032392,16.767055481081233,2013-03-19,2012-12-31,38.460060768183205,9.486760933465467,-83.37315947879341,2.12456160971475,2.5391862769413587
sz300308,2013-02-19,16.68,17.2,16.49,16.9,0.018072,1408843.0,23870159.11,281723000.0,1126723000.0,0.0845139999999999,17.070069707735335,2013-03-19,2012-12-31,39.15512210736724,9.658208420214843,-84.87990332479569,2.162957301456583,2.585074451338243
sz300308,2013-02-20,16.96,17.97,16.8,17.81,0.053846,1665574.0,28988931.96,296892700.0,1187392700.0,0.099914,17.98922468121805,2013-03-19,2012-12-31,41.26347483622548,10.17826579668795,-89.45035965766931,2.2794242330734757,2.7242703702450024
sz300308,2013-02-21,17.48,17.95,17.15,17.32,-0.027513,1041432.0,18155874.21,288724400.0,1154724400.0,0.062473,17.4942871425637,2013-03-19,2012-12-31,40.128207982224886,9.89823490166397,-86.9893447091989,2.216711269895149,2.6493175195484517
sz300308,2013-02-22,17.46,17.46,16.61,16.65,-0.0386839999999999,1099223.0,18504197.95,277555500.0,1110055500.0,0.06594,16.817538138740765,2013-03-19,2012-12-31,38.575904324713875,9.515335514590364,-83.62428345312712,2.130960891671722,2.5468313206222395
sz300308,2013-02-25,16.6,16.9,16.53,16.88,0.0138139999999999,452511.0,7566092.12,281389600.0,1125389600.0,0.027145,17.04985561058933,2013-03-19,2012-12-31,39.10878468475497,9.646778587764885,-84.7794537350622,2.1603975886737943,2.582013248485315
sz300308,2013-02-26,17.69,17.69,16.61,16.97,0.005332,1361857.0,23471979.25,282889900.0,1131389900.0,0.081695,17.14076544070499,2013-03-19,2012-12-31,39.31730308651018,9.698212833789698,-85.2314768888629,2.171916296196344,2.595780543126238
sz300308,2013-02-27,17.0,17.15,16.33,16.52,-0.026517,732781.0,12204555.88,275388400.0,1101388400.0,0.043958,16.686243763513815,2013-03-19,2012-12-31,38.274711077734125,9.441041603665635,-82.97136111985945,2.1143227585835946,2.5269482304641597
sz300308,2013-02-28,16.32,16.68,16.16,16.58,0.003632,664465.0,10943141.1,276388600.0,1105388600.0,0.03986,16.7468482008629,2013-03-19,2012-12-31,38.413723345570936,9.47533110101551,-83.27270988905991,2.122001896931961,2.5361261064372056
sz300308,2013-03-01,16.6,17.25,16.53,17.06,0.0289509999999999,1010072.0,17128220.69,284390200.0,1137390200.0,0.0605919999999999,17.23168620312608,2013-03-19,2012-12-31,39.52582148826539,9.74964707981451,-85.68350004266358,2.183435003718894,2.609549493344669
sz300308,2013-03-04,17.0,17.0,16.24,16.35,-0.041618,588572.0,9788766.8,272554500.0,1090054500.0,0.035307,16.51453788672438,2013-03-19,2012-12-31,37.88084298552984,9.343888027840988,-82.11753960712483,2.0925651999298895,2.5009452625306507
sz300308,2013-03-05,16.23,16.6,16.21,16.55,0.012232,578942.0,9501750.94,275888500.0,1103388500.0,0.03473,16.716543714154792,2013-03-19,2012-12-31,38.344217211652534,9.458186352340572,-83.12203550445969,2.118162327757778,2.5315368249819254
sz300308,2013-03-06,16.55,17.1,16.5,17.03,0.0290029999999999,875595.0,14779415.43,283890100.0,1135390100.0,0.052525,17.201373631496423,2013-03-19,2012-12-31,39.456315354346984,9.732502331139573,-85.53282565806336,2.1795954345447104,2.604958987516876
sz300308,2013-03-07,16.97,17.08,16.62,16.78,-0.01468,758943.0,12824814.89,279722600.0,1118722600.0,0.045527,16.948857466586055,2013-03-19,2012-12-31,38.877097571693625,9.589629425515094,-84.27720578639477,2.1475990247598498,2.5667181895801283
sz300308,2013-03-08,16.92,16.92,16.6,16.62,-0.009535,371900.0,6232707.6,277055400.0,1108055400.0,0.02231,16.787250110642155,2013-03-19,2012-12-31,38.50639819079547,9.498190765915426,-83.47360906852688,2.1271213224975387,2.5422445316424818
sz300308,2013-03-11,16.63,16.85,16.52,16.84,0.013237,320106.0,5355912.08,280722800.0,1122722800.0,0.019203,17.009462940356727,2013-03-19,2012-12-31,39.01610983953043,9.623918922864968,-84.57855455559523,2.1552781631082163,2.5758962225078332
sz300308,2013-03-12,16.62,16.94,15.83,15.97,-0.051663,553770.0,9058478.34,266219900.0,1064719900.0,0.03322,16.130703056469077,2013-03-19,2012-12-31,37.00043195589674,9.126721211291779,-80.20899740218859,2.0439306570569014,2.4428176959644112
sz300308,2013-03-13,15.91,16.09,15.46,15.85,-0.007514,337300.0,5286867.7,264219500.0,1056719500.0,0.020234,16.009496953702765,2013-03-19,2012-12-31,36.72240742022312,9.058142216592028,-79.60629986378767,2.028572380360168,2.4244623637969345
sz300308,2013-03-14,15.84,16.18,15.76,15.8,-0.003155,183444.0,2927794.4,263386000.0,1053386000.0,0.011004,15.958986990813834,2013-03-19,2012-12-31,36.60656386369245,9.029567635467133,-79.35517588945396,2.022173098403196,2.416813185039155
sz300308,2013-03-15,15.82,16.23,15.6,15.99,0.012025,343301.0,5495577.33,266553300.0,1066053300.0,0.020594,16.15089380937837,2013-03-19,2012-12-31,37.046769378509005,9.138151043741738,-80.30944699192207,2.04649036983969,2.4458753635892507
sz300308,2013-03-18,16.18,16.2,15.81,16.17,0.011257,404732.0,6519568.85,269553900.0,1078053900.0,0.024279,16.332704420990545,2013-03-19,2012-12-31,37.46380618201942,9.241019535791363,-81.21349329952346,2.0695277848847895,2.4734085825571754
sz300308,2013-03-19,16.89,16.89,15.86,16.11,-0.003711,937595.0,15219073.48,268553700.0,1074053700.0,0.056244,16.27209375488425,2013-03-19,2012-12-31,37.324793914182614,9.206730038441487,-80.91214453032299,2.061848646536423,2.464229763307306
sz300308,2013-03-20,16.5,16.5,16.02,16.38,0.01676,818717.0,13304882.79,273054600.0,1092054600.0,0.049113,16.54481404621611,2013-04-19,2013-03-31,39.938924529638555,13.114770150610035,139.02732594546893,2.0412053140908384,2.5055302541403366
sz300308,2013-03-21,16.36,16.45,16.15,16.3,-0.004884,765690.0,12440228.22,271721000.0,1086721000.0,0.045932,16.464009174414393,2013-04-19,2013-03-31,39.7438626271739,13.050717549141853,138.34831580654114,2.031236057367562,2.493293244379115
sz300308,2013-03-22,16.35,16.35,16.17,16.23,-0.004294,465309.0,7552679.92,270554100.0,1082054100.0,0.027913,16.393312719019455,2013-04-19,2013-03-31,39.57318346251732,12.994671522857194,137.7541819349793,2.0225129577346954,2.4825870431877513
sz300308,2013-03-25,16.19,16.26,15.81,16.0,-0.014171,440424.0,7041100.41,266720000.0,1066720000.0,0.02642,16.16100308447823,2013-04-19,2013-03-31,39.012380492931435,12.810520293636174,135.80202778556185,1.9938513446552757,2.4474063021987376
sz300308,2013-03-26,16.08,16.16,15.7,16.04,0.0025,433112.0,6933193.54,267386800.0,1069386800.0,0.0259819999999999,16.201405592189428,2013-04-19,2013-03-31,39.10991144416376,12.842546594370264,136.14153285502573,1.9988359730169138,2.4535248179542344
sz300308,2013-03-27,16.1,16.12,15.92,16.05,0.000623,296101.0,4748466.61,267553500.0,1070053500.0,0.017763,16.211499067873362,2013-04-19,2013-03-31,39.134294181971846,12.850553169553788,136.22640912239171,2.0000821301073235,2.4550533639158196
sz300308,2013-03-28,15.97,15.97,15.44,15.44,-0.038006,310602.0,4861362.32,257384800.0,1029384800.0,0.018632,15.595364834299765,2013-04-19,2013-03-31,37.64694717567883,12.362152083358907,131.04895681306718,1.924066547592341,2.361746605766835
sz300308,2013-03-29,15.42,15.67,15.22,15.36,-0.005181,171758.0,2638933.3,256051200.0,1024051200.0,0.010303,15.514565249093257,2013-04-19,2013-03-31,37.451885273214174,12.298099481890727,130.36994667413936,1.9140972908690645,2.349510396602357
sz300308,2013-04-01,15.46,15.56,15.31,15.32,-0.002604,132331.0,2040105.34,255384400.0,1021384400.0,0.0079379999999999,15.474165321184618,2013-04-19,2013-03-31,37.354354321981845,12.266073181156637,130.03044160467545,1.9091126625074266,2.3433922715296043
sz300308,2013-04-02,15.59,15.65,15.28,15.28,-0.002611,143078.0,2205117.21,254717600.0,1018717600.0,0.008583,15.433762275531004,2013-04-19,2013-03-31,37.256823370749515,12.234046880422545,129.69093653521153,1.9041280341457882,2.3372736743086406
sz300308,2013-04-03,15.31,15.31,14.79,14.8,-0.031414,215283.0,3212690.45,246716000.0,986716000.0,0.0129139999999999,14.948926067407474,2013-04-19,2013-03-31,36.08645195596158,11.84973127161346,125.6168757016447,1.8443124938061302,2.2638505591039086
sz300308,2013-04-08,14.74,14.74,14.4,14.68,-0.008108,190565.0,2774877.85,244715600.0,978715600.0,0.011432,14.827720174852935,2013-04-19,2013-03-31,35.79385910226459,11.753652369411189,124.59836049325298,1.8293586087212155,2.2454952587706942
sz300308,2013-04-09,14.8,14.97,14.62,14.91,0.015668,146113.0,2177064.06,248549700.0,994049700.0,0.008765,15.06004089455253,2013-04-19,2013-03-31,36.35466207185048,11.93780359863221,126.55051464267044,1.8580202218006352,2.2806776784851137
sz300308,2013-04-10,14.99,15.03,14.7,14.82,-0.006036,190110.0,2824169.5,344648360.0,988049400.0,0.008175,14.969138487713012,2013-04-19,2013-03-31,36.13521743157774,11.865744421980507,125.78662823637666,1.8468048079869492,2.2669115080177775
sz300308,2013-04-11,14.86,14.95,14.51,14.65,-0.0114709999999999,218500.0,3222300.0,340694910.0,976715500.0,0.009396,14.797427500120456,2013-04-19,2013-03-31,35.720710888840344,11.729632643860622,124.34373169115506,1.825620137449987,2.2409077661093058
sz300308,2013-04-12,14.64,14.79,14.42,14.62,-0.002048,154300.0,2252458.2,339997240.0,974715400.0,0.0066349999999999,14.767122368600209,2013-04-19,2013-03-31,35.6475626754161,11.705612918310052,124.08910288905712,1.821881666178758,2.2363183870043137
sz300308,2013-04-15,14.61,14.67,14.42,14.57,-0.00342,98649.0,1431681.53,338834460.0,971381900.0,0.004242,14.716618810099597,2013-04-19,2013-03-31,35.525648986375685,11.665580042392442,123.66472155222725,1.8156508807267104,2.228670178120759
sz300308,2013-04-16,14.48,14.85,14.14,14.76,0.01304,170899.0,2497501.12,343253030.0,984049200.0,0.007349,14.908523519383296,2013-04-19,2013-03-31,35.98892100472925,11.81770497087937,125.27737063218079,1.8393278654444918,2.257732037243454
sz300308,2013-04-17,14.68,14.89,14.66,14.89,0.008808,168238.0,2489224.62,346276260.0,992716300.0,0.007234,15.039837794542024,2013-04-19,2013-03-31,36.30589659623431,11.921790448265165,126.38076210793848,1.8555279076198161,2.277618141027494
sz300308,2013-04-18,14.8,14.95,14.7,14.91,0.001343,184228.0,2734432.42,346741370.0,994049700.0,0.007922,15.060036296700094,2013-04-19,2013-03-31,36.35466207185048,11.93780359863221,126.55051464267044,1.8580202218006352,2.280676982190894
sz300308,2013-04-19,15.05,15.73,15.05,15.65,0.049631,808583.0,12445989.45,363950530.0,1043385500.0,0.034769,15.807480958141618,2013-04-19,2013-03-31,38.15898466964856,12.530290162212882,132.83135842775266,1.9502358464909417,2.3938692614940105
sz300308,2013-04-22,15.52,16.82,15.51,16.58,0.059425,1883264.0,30758159.34,385578260.0,1105388600.0,0.080981,16.746840514079185,2013-08-20,2013-06-30,47.483350539288,16.0841280826848,29.049037821192435,2.0766972172389906,2.5361249423582923
sz300308,2013-04-23,16.5,16.98,16.21,16.6,0.001206,2083066.0,34881022.17,386043380.0,1106722000.0,0.089573,16.767037203739164,2013-08-20,2013-06-30,47.540628404835985,16.1035299259691,29.084078880084096,2.079202280227216,2.5391835090387764
sz300308,2013-04-24,16.44,17.75,16.44,17.54,0.056627,2150324.0,36991254.09,407903660.0,1169391800.0,0.0924649999999999,17.7165042194753,2013-08-20,2013-06-30,50.232688085591754,17.015416560331207,30.731008647992475,2.1969402406738174,2.682969853605115
sz300308,2013-04-25,17.59,17.63,16.82,17.12,-0.0239449999999999,1796072.0,31054650.84,398136300.0,1141390400.0,0.077232,17.292282525939967,2013-08-20,2013-06-30,49.02985290908386,16.607977851360904,29.995146411267452,2.1443339179210805,2.618726140460541
sz300308,2013-04-26,17.2,17.25,16.38,16.42,-0.040888,1132118.0,18904417.34,381857360.0,1094721400.0,0.048681,16.58523567801933,2013-08-20,2013-06-30,47.02512761490403,15.9289133364104,28.76870935005909,2.056656713333186,2.5116516660293904
sz300308,2013-05-02,16.37,16.99,16.29,16.94,0.031669,937673.0,15667209.42,393950290.0,1129389800.0,0.04032,17.110473506706526,2013-08-20,2013-06-30,48.5143521191519,16.4333612618022,29.679776881242447,2.1217883510270505,2.5911931626408746
sz300308,2013-05-03,16.95,17.36,16.88,17.09,0.008855,1199419.0,20594766.29,397438630.0,1139390300.0,0.051575,17.26198674960841,2013-08-20,2013-06-30,48.94393611076187,16.578875086434454,29.942584822929955,2.1405763234387423,2.6141381780960598
sz300308,2013-05-06,17.27,17.46,16.97,17.4,0.018139,1249364.0,21558709.24,404647880.0,1160058000.0,0.053723,17.575101927259556,2013-08-20,2013-06-30,49.831743026755795,16.879603657341104,30.48572123575081,2.1794047997562385,2.6615560305085437
sz300308,2013-05-07,17.21,17.46,17.03,17.37,-0.0017239999999999,895761.0,15438202.78,403950210.0,1158057900.0,0.038518,17.54480245153696,2013-08-20,2013-06-30,49.74582622843379,16.850500892414654,30.433159647413298,2.1756472052739,2.656967507911947
sz300308,2013-05-08,17.45,18.19,17.27,18.01,0.0368449999999999,2244986.0,40005870.25,418833810.0,1200726700.0,0.096535,18.191240697863837,2013-08-20,2013-06-30,51.57871792596964,17.471359877512256,31.554473531946662,2.255809220897118,2.754863475740962
sz300308,2013-05-09,18.45,18.45,17.17,17.44,-0.031649,2680057.0,47333843.84,405578100.0,1162724800.0,0.115243,17.61550612101714,2013-08-20,2013-06-30,49.94629875785178,16.918407343909703,30.555803353534134,2.1844149257326895,2.667674801597236
sz300308,2013-05-10,17.3,19.18,17.2,19.18,0.099771,3860217.0,71790900.51,446042890.0,1278730600.0,0.165991,19.373022782217145,2013-08-20,2013-06-30,54.929473060527364,18.606367709643816,33.604375477109215,2.402355405708313,2.9338313842273944
sz300308,2013-05-13,19.0,19.26,18.6,19.23,0.002607,2286276.0,43158461.66,447205670.0,1282064100.0,0.098311,19.423528252610385,2013-08-20,2013-06-30,55.07266772439735,18.65487231785457,33.69197812433839,2.4086180631788774,2.941479882646075
sz300308,2013-05-14,18.96,19.16,18.42,18.42,-0.042122,1722809.0,32303320.4,428368610.0,1228061400.0,0.074081,18.60537039555393,2013-08-20,2013-06-30,52.752914169703544,17.86909766484041,32.27281523922585,2.3071630121557423,2.8175788670292574
sz300308,2013-05-15,18.33,19.19,18.11,18.78,0.019544,2161772.0,40428793.09,436740640.0,1252062600.0,0.092957,18.968993754564636,2013-08-20,2013-06-30,53.783915749567456,18.218330843957812,32.90355429927586,2.352254145943802,2.872645628406477
sz300308,2013-05-16,18.8,18.97,18.21,18.33,-0.023962,2742614.0,50984740.39,426275610.0,1222061100.0,0.117933,18.514458726217757,2013-08-20,2013-06-30,52.49516377473757,17.78178937006106,32.11513047421335,2.295890228708727,2.8038112938586006
sz300308,2013-05-17,10.1,10.3,9.88,10.1,-0.002728,3358187.0,33783825.46,422787260.0,1212060600.0,0.080224,18.463951282812637,2013-08-20,2013-06-30,52.0655797831276,17.63627554542881,31.85232253252584,2.2771022562970353,2.7961624966489547
sz300308,2013-05-20,10.13,10.55,10.04,10.29,0.018812,4686637.0,48312794.91,430740690.0,1234861740.0,0.1119589999999999,18.811295134344906,2013-08-20,2013-06-30,53.04503128399832,17.968047065590344,32.45152463957336,2.3199388333956925,2.8487639055359146
sz300308,2013-05-21,10.3,10.84,10.1,10.72,0.041788,5542362.0,57905884.35,448740540.0,1286464320.0,0.132402,19.59738153541891,2013-08-20,2013-06-30,55.261684680705734,18.71889840069276,33.8076136186809,2.416884771040022,2.9678080516204495
sz300308,2013-05-22,10.64,10.78,10.25,10.31,-0.0382459999999999,3880227.0,40652604.34,431577890.0,1237261860.0,0.092695,18.84786008121528,2013-08-20,2013-06-30,53.14813144198472,18.002970383502085,32.51459854557836,2.3244479467744985,2.854301264878174
sz300308,2013-05-23,10.16,10.54,10.07,10.24,-0.00679,2518875.0,25944408.38,428647680.0,1228861440.0,0.060174,18.71988311126383,2013-08-20,2013-06-30,52.787280889032345,17.880738770810993,32.29383987456085,2.3086660499486777,2.8349205592896514
sz300308,2013-05-24,10.27,10.56,10.24,10.5,0.025391,2933779.0,30625095.71,439531310.0,1260063000.0,0.070085,19.195199663341928,2013-08-20,2013-06-30,54.127582942855426,18.334741903663616,33.113800652625876,2.3672845238731557,2.906902027210575
sz300308,2013-05-27,10.56,10.66,10.36,10.5,0.0,2864942.0,30030611.62,439531310.0,1260063000.0,0.068441,19.195199663341928,2013-08-20,2013-06-30,54.127582942855426,18.334741903663616,33.113800652625876,2.3672845238731557,2.906902027210575
sz300308,2013-05-28,10.5,10.5,9.98,10.0,-0.047619,4369031.0,44118392.73,418601250.0,1200060000.0,0.104372,18.28114345057325,2013-08-20,2013-06-30,51.55007899319565,17.46165895587011,31.536953002500834,2.2545566894030054,2.7684782595768342
sz300308,2013-05-29,9.99,10.1,9.82,10.1,0.01,3006340.0,30019532.66,422787260.0,1212060600.0,0.071819,18.46395488507898,2013-08-20,2013-06-30,52.0655797831276,17.63627554542881,31.85232253252584,2.2771022562970353,2.7961630421726027
sz300308,2013-05-30,10.0,10.17,9.95,10.11,0.00099,1786399.0,18024091.54,423205860.0,1213260660.0,0.042675,18.48223420041521,2013-08-20,2013-06-30,52.1171298621208,17.65373720438468,31.88385948552834,2.2793568129864386,2.7989312435843536
sz300308,2013-05-31,10.11,10.17,9.98,10.02,-0.008902,1867480.0,18836155.7,419438450.0,1202460120.0,0.044612,18.317705351563117,2013-08-20,2013-06-30,51.65317915118204,17.49658227378185,31.600026908505832,2.2590658027818113,2.774015157653966
sz300308,2013-06-03,10.02,10.11,9.87,9.9,-0.011976,1364303.0,13618410.76,414415240.0,1188059400.0,0.032592,18.098332512272798,2013-08-20,2013-06-30,51.03457820326369,17.287042366311407,31.221583472475825,2.2320111225089754,2.740793552125902
sz300308,2013-06-04,9.9,9.91,9.29,9.5,-0.040404,2181402.0,20833734.38,397671190.0,1140057000.0,0.052112,17.367087485446927,2013-08-20,2013-06-30,48.97257504353586,16.588576008076604,29.96010535237579,2.141828854932855,2.630054529445807
sz300308,2013-06-05,9.35,9.59,9.32,9.42,-0.008421,978673.0,9225027.17,394322380.0,1130456520.0,0.02338,17.220839241731976,2013-08-20,2013-06-30,48.560174411590296,16.448882736429642,29.707809728355784,2.123792401417631,2.607906840253344
sz300308,2013-06-06,9.36,9.45,9.07,9.13,-0.030786,1103142.0,10263885.59,382182940.0,1095654780.0,0.0263529999999999,16.690678484836017,2013-08-20,2013-06-30,47.065222120787624,15.942494626709408,28.793238091283257,2.058410257424944,2.5276198202693045
sz300308,2013-06-07,9.18,9.3,9.04,9.18,0.005476,789879.0,7221623.89,384275950.0,1101655080.0,0.018869,16.78207664021898,2013-08-20,2013-06-30,47.322972515753605,16.02980292148876,28.950922856295765,2.069683040871959,2.541461066405099
sz300308,2013-06-13,9.13,9.13,8.72,8.87,-0.033769,904322.0,8033930.26,371299310.0,1064453220.0,0.021603,16.215362694155424,2013-08-20,2013-06-30,45.72492006696454,15.488491493856788,27.97327731321824,1.9997917835004657,2.4556384676536656
sz300308,2013-06-14,8.89,9.46,8.82,9.35,0.0541149999999999,1602243.0,14761130.12,391392170.0,1122056100.0,0.038276,17.092857046349643,2013-08-20,2013-06-30,48.199323858637925,16.32665112373855,29.487051057338277,2.10801050459181,2.588525343330743
sz300308,2013-06-17,9.33,9.79,9.15,9.58,0.024599,2700092.0,25667354.25,401020000.0,1149657480.0,0.0645029999999999,17.513324236832798,2013-08-20,2013-06-30,49.38497567548143,16.728269279723566,30.2124009763958,2.159865308448079,2.6522004782513364
sz300308,2013-06-18,9.5,9.6,9.32,9.48,-0.010438,1241475.0,11733482.84,396833990.0,1137656880.0,0.0296579999999999,17.33052015844874,2013-08-20,2013-06-30,48.86947488554947,16.553652690164864,29.89703144637079,2.137319741554049,2.624516809659349
sz300308,2013-06-19,9.47,9.47,9.1,9.32,-0.016878,947374.0,8743662.01,390136370.0,1118455920.0,0.022632,17.038015639214443,2013-08-20,2013-06-30,48.04467362165835,16.274266146870943,29.392440198330778,2.101246834523601,2.5802202149459186
sz300308,2013-06-20,9.3,9.3,8.9,8.91,-0.043991,885649.0,8064959.79,372973710.0,1069253460.0,0.021157,16.28849629322976,2013-08-20,2013-06-30,45.93112038293732,15.558338129680267,28.099425125228244,2.008810010258078,2.4667137474702328
sz300308,2013-06-21,8.77,8.88,8.53,8.76,-0.016835,1000543.0,8698004.68,366694700.0,1051252560.0,0.023902,16.014279458133235,2013-08-20,2013-06-30,45.157869198039386,15.296413245342215,27.62637083019073,1.9749916599170327,2.425186621531571
sz300308,2013-06-24,8.76,8.76,7.9,7.93,-0.094749,1284694.0,10654591.29,331950790.0,951647580.0,0.03069,14.49694249375457,2013-08-20,2013-06-30,40.87921264160415,13.847095552004996,25.00880373098316,1.7878634546965833,2.1954026143280765
sz300308,2013-06-25,7.98,8.11,7.23,7.95,0.002522,1721172.0,13323820.63,332787990.0,954047700.0,0.041117,14.533503782723818,2013-08-20,2013-06-30,40.98231279959054,13.882018869916738,25.071877636988162,1.7923725680753892,2.200939419721412
sz300308,2013-06-26,7.89,8.36,7.82,8.36,0.051572,2163777.0,17552781.81,349950650.0,1003250160.0,0.0516909999999999,15.28302563980645,2013-08-20,2013-06-30,43.09586603831156,14.597946887107414,26.3648927100907,1.8848093923409124,2.314446267475284
sz300308,2013-06-27,8.36,8.46,7.95,8.0,-0.043062,1731119.0,14259699.44,334881000.0,960048000.0,0.041355,14.624907989705102,2013-08-20,2013-06-30,41.24006319455652,13.969327164696088,25.229562402000667,1.8036453515224042,2.214781582305263
sz300308,2013-06-28,8.0,8.5,7.8,8.5,0.0625,1903508.0,15629967.91,355811060.0,1020051000.0,0.045473,15.538964739061672,2013-08-20,2013-06-30,43.8175671442163,14.842410112489594,26.806410052125706,1.9163731859925546,2.353205431199342
sz300308,2013-07-01,8.55,9.2,8.51,9.13,0.0741179999999999,3890687.0,34952288.89,382182940.0,1095654780.0,0.092945,16.690681727591443,2013-08-20,2013-06-30,47.065222120787624,15.942494626709408,28.793238091283257,2.058410257424944,2.527620311348975
sz300308,2013-07-02,9.07,9.37,8.96,9.18,0.005476,2521055.0,23132724.27,384275950.0,1101655080.0,0.060226,16.782079900731734,2013-08-20,2013-06-30,47.322972515753605,16.02980292148876,28.950922856295765,2.069683040871959,2.541461560173922
sz300308,2013-07-03,9.01,9.32,8.72,9.25,0.007625,2070391.0,18698062.9,387206160.0,1110055500.0,0.04946,16.910043259974813,2013-08-20,2013-06-30,47.683823068705976,16.15203453417985,29.17168152731327,2.08546493769778,2.560840204570248
sz300308,2013-07-04,9.19,9.4,9.05,9.08,-0.018378,1959587.0,18031696.22,380089940.0,1089654480.0,0.046813,16.599270484942995,2013-08-20,2013-06-30,46.80747172582165,15.85518633193006,28.635553326270756,2.047137473977929,2.513777083290656
sz300308,2013-07-05,9.02,9.15,8.7,8.76,-0.035242,1496539.0,13374235.25,366694700.0,1051252560.0,0.035751,16.014278994512637,2013-08-20,2013-06-30,45.157869198039386,15.296413245342215,27.62637083019073,1.9749916599170327,2.425186551321327
sz300308,2013-07-08,8.7,8.7,8.18,8.23,-0.060502,1301807.0,10870909.63,344508830.0,987649380.0,0.031099,15.045383086786632,2013-08-20,2013-06-30,42.42571501140002,14.3709453206811,25.95491232105819,1.8555001553786736,2.2784579145932837
sz300308,2013-07-09,8.11,8.35,8.01,8.26,0.003645,771654.0,6371556.26,345764630.0,991249560.0,0.018434,15.100223508137969,2013-08-20,2013-06-30,42.5803652483796,14.42333029754871,26.049523180065687,1.8622638254468824,2.2867628936919764
sz300308,2013-07-10,8.27,8.53,8.21,8.53,0.032688,1057948.0,8884806.27,357066870.0,1023651180.0,0.025273,15.593819614171984,2013-08-20,2013-06-30,43.97221738119589,14.894795089357205,26.901020911133212,1.9231368560607636,2.3615125991609798
sz300308,2013-07-11,8.55,8.92,8.46,8.68,0.017585,1407570.0,12196448.15,363345890.0,1041652080.0,0.0336259999999999,15.868036932087197,2013-08-20,2013-06-30,44.74546856609382,15.156719973695255,27.374075206170723,1.9569552064018085,2.4030397982172254
sz300308,2013-07-12,8.72,8.99,8.62,8.63,-0.00576,1573843.0,13902722.49,361252880.0,1035651780.0,0.037598,15.776637039358373,2013-08-20,2013-06-30,44.48771817112784,15.069411678915904,27.216390441158218,1.9456824229547935,2.389198288979494
sz300308,2013-07-15,8.51,8.73,8.48,8.67,0.004635,1509057.0,13004189.93,362927280.0,1040452020.0,0.03605,15.8497617520358,2013-08-20,2013-06-30,44.693918487100625,15.139258314739385,27.34253825316822,1.9547006497124058,2.400272223048914
sz300308,2013-07-16,8.62,9.01,8.58,9.01,0.039216,2166428.0,19248738.58,377159730.0,1081254060.0,0.0517539999999999,16.471326008903635,2013-08-20,2013-06-30,46.44662117286928,15.732954719238968,28.41479465525325,2.031355577152108,2.494401298548
sz300308,2013-07-17,8.98,9.12,8.7,8.72,-0.032186,1822181.0,16248910.39,365020290.0,1046452320.0,0.04353,15.941179909981063,2013-08-20,2013-06-30,44.9516688820666,15.226566609518734,27.500223018180723,1.9659734331594205,2.414116498352934
sz300308,2013-07-18,8.61,8.95,8.59,8.85,0.014908,1478364.0,12974925.86,370462110.0,1062053100.0,0.035317,16.17883102007906,2013-08-20,2013-06-30,45.621819908978146,15.453568175945046,27.910203407213235,1.9952826701216597,2.4501061471103793
sz300308,2013-07-19,8.89,9.28,8.85,8.85,0.0,3291758.0,29868543.01,370462110.0,1062053100.0,0.078637,16.17883102007906,2013-08-20,2013-06-30,45.621819908978146,15.453568175945046,27.910203407213235,1.9952826701216597,2.4501061471103793
sz300308,2013-07-22,8.74,9.15,8.5,9.15,0.033898,1773695.0,15717084.88,383020140.0,1098054900.0,0.042372,16.7272610339977,2013-08-20,2013-06-30,47.16832227877402,15.97741794462115,28.856311997288262,2.06291937080375,2.5331598452851267
sz300308,2013-07-23,9.15,9.35,9.04,9.34,0.020765,3300695.0,30476462.32,390973570.0,1120856040.0,0.078851,17.074602609368657,2013-08-20,2013-06-30,48.14777377964473,16.309189464782683,29.455514104335776,2.105755947902407,2.5857609094724725
sz300308,2013-07-24,9.3,9.46,9.11,9.38,0.0042829999999999,2350566.0,21850550.69,392647970.0,1125656280.0,0.0561529999999999,17.147733132344584,2013-08-20,2013-06-30,48.35397409561752,16.37903610060616,29.581661916345777,2.1147741746600186,2.5968357234477426
sz300308,2013-07-25,9.32,9.47,8.93,8.96,-0.0447759999999999,2057738.0,18802344.61,375066720.0,1075253760.0,0.049157,16.37992623361072,2013-08-20,2013-06-30,46.1888707779033,15.645646424459617,28.257109890240745,2.0200827937050927,2.4805598070946466
sz300308,2013-07-26,8.87,8.98,8.36,8.77,-0.021205,1578927.0,13729030.23,367113300.0,1052452620.0,0.037719,16.032589897827005,2013-08-20,2013-06-30,45.20941927703258,15.313874904298086,27.657907783193227,1.9772462166064357,2.4279595363852042
sz300308,2013-07-29,8.7,8.81,8.48,8.5,-0.030787,893900.0,7686813.83,355811060.0,1020051000.0,0.0213539999999999,15.538994552642604,2013-08-20,2013-06-30,43.8175671442163,14.842410112489594,26.806410052125706,1.9163731859925546,2.353209946138513
sz300308,2013-07-30,8.62,8.62,8.19,8.38,-0.014118,827834.0,6921802.24,350787850.0,1005650280.0,0.019776,15.319615027548396,2013-08-20,2013-06-30,43.19896619629795,14.63287020501915,26.427966616095695,1.8893185057197184,2.3199873281189296
sz300308,2013-07-31,8.47,8.52,8.35,8.48,0.011933,684394.0,5791400.01,354973860.0,1017650880.0,0.01635,15.502423993672132,2013-08-20,2013-06-30,43.71446698622991,14.807486794577853,26.743336146120708,1.9118640726137486,2.347671736905373
sz300308,2013-08-01,8.6,9.09,8.5,9.01,0.0625,1620006.0,14343327.48,377159730.0,1081254060.0,0.0387,16.47132549327664,2013-08-20,2013-06-30,46.44662117286928,15.732954719238968,28.41479465525325,2.031355577152108,2.494401220461959
sz300308,2013-08-02,9.0,9.79,8.91,9.49,0.053274,3730586.0,34958008.75,397252590.0,1138856940.0,0.08912,17.34881888760546,2013-08-20,2013-06-30,48.92102496454267,16.571114349120734,29.92856839937329,2.1395742982434522,2.627287951080849
sz300308,2013-08-05,9.4,9.55,9.3,9.52,0.0031609999999999,2301064.0,21693358.05,398508390.0,1142457120.0,0.05497,17.40365850410918,2013-08-20,2013-06-30,49.07567520152225,16.623499325988345,30.023179258380793,2.146337968311661,2.635592808294216
sz300308,2013-08-06,9.49,9.59,9.36,9.49,-0.003151,1842648.0,17452661.56,397252590.0,1138856940.0,0.044019,17.348819576162736,2013-08-20,2013-06-30,48.92102496454267,16.571114349120734,29.92856839937329,2.1395742982434522,2.627288055355281
sz300308,2013-08-07,9.44,9.55,9.05,9.08,-0.043203,1865918.0,17289537.22,380089940.0,1089654480.0,0.044575,16.599298524013776,2013-08-20,2013-06-30,46.80747172582165,15.85518633193006,28.635553326270756,2.047137473977929,2.513781329499767
sz300308,2013-08-08,9.08,9.28,9.02,9.18,0.011013,1180849.0,10819969.49,384275950.0,1101655080.0,0.0282089999999999,16.78210659865874,2013-08-20,2013-06-30,47.322972515753605,16.02980292148876,28.950922856295765,2.069683040871959,2.5414656032815475
sz300308,2013-08-09,9.19,9.26,9.02,9.21,0.003268,1308518.0,11975101.28,385531750.0,1105255260.0,0.0312589999999999,16.83695052302316,2013-08-20,2013-06-30,47.47762275273319,16.08218789835637,29.045533715303264,2.076446710940168,2.5497711128730716
sz300308,2013-08-12,9.2,9.57,9.2,9.54,0.035831,2798598.0,26398017.82,399345590.0,1144857240.0,0.066856,17.4402352972136,2013-08-20,2013-06-30,49.17877535950865,16.658422643900085,30.0862531643858,2.150847081690467,2.641131961618427
sz300308,2013-08-13,9.52,9.56,9.38,9.56,0.002096,1990600.0,18879439.65,400182800.0,1147257360.0,0.047554,17.47679003039656,2013-08-20,2013-06-30,49.28187551749504,16.693345961811826,30.149327070390797,2.1553561950692735,2.646667774209979
sz300308,2013-08-14,9.56,10.01,9.41,9.81,0.026151,4221377.0,41219596.66,410647830.0,1177258860.0,0.100845,17.933825566481463,2013-08-20,2013-06-30,50.57062749232493,17.12988743570858,30.93775089545332,2.2117201123043486,2.7158807831733447
sz300308,2013-08-15,9.76,9.78,9.57,9.58,-0.023445,2157013.0,20814174.22,401020000.0,1149657480.0,0.051529,17.513367026075304,2013-08-20,2013-06-30,49.38497567548143,16.728269279723566,30.2124009763958,2.159865308448079,2.6522069582118455
sz300308,2013-08-16,9.45,9.69,9.1,9.11,-0.049061,2045342.0,19184003.95,381345740.0,1093254660.0,0.048861,16.654143726409025,2013-08-20,2013-06-30,46.96212196280124,15.907571308797673,28.730164185278262,2.053901144046138,2.5220870326350138
sz300308,2013-08-19,9.08,9.63,9.08,9.62,0.055982,1815354.0,17110668.3,402694400.0,1154457720.0,0.043367,17.586476000500852,2013-08-20,2013-06-30,49.591175991454215,16.798115915547047,30.338548788405802,2.168883535205691,2.663278508895987
sz300308,2013-08-20,9.54,9.97,9.31,9.82,0.02079,4180713.0,40809283.85,411066430.0,1178458920.0,0.099873,17.952098836551265,2013-08-20,2013-06-30,50.622177571318126,17.14734909466445,30.969287848455817,2.2139746689937514,2.718648069095935
sz300308,2013-08-21,9.79,10.04,9.65,10.01,0.019348,3676328.0,36274691.15,419019850.0,1201260060.0,0.087824,18.29943604484086,2013-10-25,2013-09-30,67.59933455147711,17.001541831688385,25.76259851708349,2.252927990538273,2.771248471936803
sz300308,2013-08-22,9.97,10.16,9.72,9.79,-0.021978,3232796.0,32149628.1,409810620.0,1174858740.0,0.0772289999999999,17.897251039447347,2013-10-25,2013-09-30,66.11363489100509,16.62788157165128,25.19638756066407,2.203413089647322,2.710341973020576
sz300308,2013-08-23,9.72,9.93,9.38,9.7,-0.009193,2446732.0,23770643.91,406043210.0,1164058200.0,0.05845,17.732721610641708,2013-10-25,2013-09-30,65.50584866626653,16.475020556181555,24.96475580576522,2.1831569938282964,2.6854257992625974
sz300308,2013-08-26,9.72,9.95,9.6,9.9,0.020619,1878411.0,18466954.56,414415240.0,1188059400.0,0.044874,18.098352597531527,2013-10-25,2013-09-30,66.85648472124112,16.814711701669832,25.479493038873784,2.2281705400927976,2.740796593817593
sz300308,2013-08-27,9.91,9.98,9.57,9.79,-0.011111,2244946.0,21814791.97,409810620.0,1174858740.0,0.05363,17.897261801820356,2013-10-25,2013-09-30,66.11363489100509,16.62788157165128,25.19638756066407,2.203413089647322,2.7103436028636856
sz300308,2013-08-28,9.67,9.7,9.44,9.49,-0.030644,2069335.0,19773031.27,397252590.0,1138856940.0,0.049435,17.34881811116537,2013-10-25,2013-09-30,64.08768080854324,16.118344853418858,24.424281711001232,2.1358927702505706,2.627287833497531
sz300308,2013-08-29,9.51,9.7,9.38,9.47,-0.002107,1111397.0,10559534.0,396415380.0,1136456820.0,0.02655,17.312264151405145,2013-10-25,2013-09-30,63.95261720304578,16.08437573887003,24.372807987690376,2.1313914156241203,2.6217521380323516
sz300308,2013-08-30,9.47,9.54,9.1,9.15,-0.033791,1663132.0,15495924.21,383020140.0,1098054900.0,0.039731,16.727265433465014,2013-10-25,2013-09-30,61.79159951508648,15.540869906088783,23.54922841471668,2.059369741600919,2.5331605115361007
sz300308,2013-09-02,9.15,9.39,9.11,9.38,0.025137,712360.0,6605042.68,392647970.0,1125656280.0,0.017018,17.147738704666025,2013-10-25,2013-09-30,63.34483097830722,15.931514723400303,24.141176232791523,2.111135319805095,2.5968365673145835
sz300308,2013-09-03,9.39,9.53,9.35,9.46,0.008529,762398.0,7204123.61,395996780.0,1135256760.0,0.018213,17.293991768078122,2013-10-25,2013-09-30,63.88508540029705,16.067391181595614,24.347071126034947,2.129140738310895,2.6189849863972094
sz300308,2013-09-04,9.49,9.49,9.38,9.4,-0.006342,796903.0,7511277.61,393485180.0,1128056400.0,0.019037,17.18431327228497,2013-10-25,2013-09-30,63.47989458380469,15.965483837949133,24.192649956102382,2.115636674431545,2.602375383613478
sz300308,2013-09-05,9.46,9.64,9.37,9.6,0.021277,1205661.0,11505574.9,401857200.0,1152057600.0,0.0288019999999999,17.549943905779376,2013-10-25,2013-09-30,64.83053063877925,16.30517498343741,24.70738718921094,2.160650220696046,2.657746124650622
sz300308,2013-09-06,9.54,9.68,9.47,9.66,0.00625,1156326.0,11112516.3,404368810.0,1159257960.0,0.027624,17.6596310551905,2013-10-25,2013-09-30,65.23572145527163,16.407082327083895,24.86180835914351,2.1741542845753963,2.674357037929689
sz300308,2013-09-09,9.66,9.74,9.54,9.71,0.005176,1421169.0,13741525.3,406461810.0,1165258260.0,0.03395,17.751037305532165,2013-10-25,2013-09-30,65.57338046901526,16.492005113455964,24.99049266742065,2.1854076711415216,2.688199509958013
sz300308,2013-09-10,9.7,9.72,9.49,9.59,-0.012358,1269258.0,12137203.56,401438600.0,1150857540.0,0.0303209999999999,17.5316699865104,2013-10-25,2013-09-30,64.76299883603053,16.288190426163,24.681650327555513,2.158399543382821,2.654978740413952
sz300308,2013-09-11,9.57,9.57,9.31,9.34,-0.026069,1057794.0,9914851.94,390973570.0,1120856040.0,0.0252699999999999,17.07463688163206,2013-10-25,2013-09-30,63.074703767312315,15.863576494302649,24.03822878616981,2.1021326105521947,2.585766099630101
sz300308,2013-09-12,9.33,9.49,9.3,9.34,0.0,680535.0,6381452.89,390973570.0,1120856040.0,0.016257,17.07463688163206,2013-10-25,2013-09-30,63.074703767312315,15.863576494302649,24.03822878616981,2.1021326105521947,2.585766099630101
sz300308,2013-09-13,9.34,9.45,9.25,9.4,0.0064239999999999,619340.0,5788136.9,393485180.0,1128056400.0,0.0147949999999999,17.184324348959667,2013-10-25,2013-09-30,63.47989458380469,15.965483837949133,24.192649956102382,2.115636674431545,2.6023770610541246
sz300308,2013-09-16,9.45,9.45,9.35,9.35,-0.005319,484830.0,4551911.6,391392170.0,1122056100.0,0.0115819999999999,17.09292092774755,2013-10-25,2013-09-30,63.14223557006105,15.880561051577063,24.06396564782524,2.10438328786542,2.588535017466378
sz300308,2013-09-17,9.28,9.4,9.26,9.26,-0.009626,586979.0,5466506.08,387624760.0,1111255560.0,0.014022,16.92838447089705,2013-10-25,2013-09-30,62.53444934532249,15.727700036107336,23.832333892926385,2.0841271920463944,2.563617779388246
sz300308,2013-09-18,9.26,9.43,9.25,9.43,0.018359,446835.0,4182901.05,394740980.0,1131656580.0,0.010674,17.239172681398248,2013-10-25,2013-09-30,63.68248999205087,16.016437509772373,24.269860541068663,2.12238870637122,2.610683238200035
sz300308,2013-09-23,9.44,9.68,9.43,9.67,0.0254509999999999,1478162.0,14207686.07,404787410.0,1160458020.0,0.035312,17.677926865312514,2013-10-25,2013-09-30,65.30325325802035,16.42406688435831,24.887545220798938,2.1764049618886214,2.677127737295464
sz300308,2013-09-24,9.63,9.74,9.54,9.74,0.007239,1405406.0,13579368.55,407717620.0,1168858440.0,0.033574,17.80589737789051,2013-10-25,2013-09-30,65.77597587726146,16.542958785279207,25.067703252386934,2.1921597030811966,2.696507464985746
sz300308,2013-09-25,9.74,9.89,9.61,9.64,-0.010267,1225990.0,11946144.25,403531610.0,1156857840.0,0.0292879999999999,17.62308422951171,2013-10-25,2013-09-30,65.10065784977418,16.37311321253507,24.810334635832653,2.1696529299489464,2.668822422842737
sz300308,2013-09-26,9.66,9.72,9.53,9.67,0.003112,763787.0,7362066.0,404787410.0,1160458020.0,0.018246,17.67792726763395,2013-10-25,2013-09-30,65.30325325802035,16.42406688435831,24.887545220798938,2.1764049618886214,2.6771277982226236
sz300308,2013-09-27,9.67,9.72,9.55,9.71,0.004137,719711.0,6933056.49,406461810.0,1165258260.0,0.017193,17.751060852740153,2013-10-25,2013-09-30,65.57338046901526,16.492005113455964,24.99049266742065,2.1854076711415216,2.688203075923871
sz300308,2013-09-30,9.66,9.83,9.59,9.76,0.005149,887837.0,8637221.69,408554820.0,1171258560.0,0.02121,17.842461065070914,2013-10-25,2013-09-30,65.91103948275891,16.576927899828036,25.11917697569779,2.196661057707647,2.702044633561803
sz300308,2013-10-08,9.75,9.92,9.72,9.91,0.0153689999999999,1143888.0,11238060.16,414833840.0,1189259460.0,0.027326,18.116681849179987,2013-10-25,2013-09-30,66.92401652398983,16.831696258944245,25.505229900529212,2.2304212174060227,2.7435723575350144
sz300308,2013-10-09,9.92,10.4,9.86,10.22,0.031282,3241207.0,33013760.54,427810480.0,1226461320.0,0.077429,18.683407890786036,2013-10-25,2013-09-30,69.0175024092004,17.358217534451075,26.30307261184748,2.3001922141159987,2.8293967880234248
sz300308,2013-10-10,10.38,10.38,9.98,10.16,-0.005871,2055004.0,20857859.24,425298870.0,1219260960.0,0.049092,18.573717603059233,2013-10-25,2013-09-30,68.61231159270805,17.256310190804594,26.148651441914915,2.2866881502366487,2.8127853994809393
sz300308,2013-10-11,10.15,10.23,10.05,10.14,-0.001969,1263031.0,12819714.09,424461670.0,1216860840.0,0.030173,18.537145953098808,2013-10-25,2013-09-30,68.47724798721059,17.222341076255766,26.09717771860406,2.282186795610199,2.807247025029361
sz300308,2013-10-14,10.15,10.25,10.05,10.15,0.000986,1514351.0,15395007.12,424880270.0,1218060900.0,0.036176,18.55542357900856,2013-10-25,2013-09-30,68.54477978995932,17.239325633530182,26.122914580259486,2.2844374729234236,2.81001497059604
sz300308,2013-10-15,10.08,10.08,9.74,9.9,-0.024631,2239705.0,22066252.8,414415240.0,1188059400.0,0.0535039999999999,18.098384940834006,2013-10-25,2013-09-30,66.85648472124112,16.814711701669832,25.479493038873784,2.2281705400927976,2.740801491855289
sz300308,2013-10-16,9.89,9.89,9.44,9.6,-0.0303029999999999,1503259.0,14451152.28,401857200.0,1152057600.0,0.035911,17.549949581971916,2013-10-25,2013-09-30,64.83053063877925,16.30517498343741,24.70738718921094,2.160650220696046,2.657746984247599
sz300308,2013-10-17,9.62,9.92,9.59,9.8,0.020833,1398276.0,13627568.51,410229230.0,1176058800.0,0.033404,17.915567681613137,2013-10-25,2013-09-30,66.18116669375382,16.64486612892569,25.2221244223195,2.2056637669605466,2.7131158271704297
sz300308,2013-10-18,9.78,9.89,9.7,9.78,-0.002041,682368.0,6694405.96,409392020.0,1173658680.0,0.016301,17.879002007974968,2013-10-25,2013-09-30,66.04610308825636,16.610897014376867,25.170650699008643,2.2011624123340967,2.707578357767175
sz300308,2013-10-21,9.73,9.98,9.69,9.94,0.01636,1453848.0,14377305.41,416089640.0,1192859640.0,0.034731,18.17150248082544,2013-10-25,2013-09-30,67.12661193223602,16.882649930767485,25.582440485495493,2.2371732493456977,2.7518743397002456
sz300308,2013-10-22,9.96,10.8,9.96,10.22,0.028169,4115880.0,42812827.28,427810480.0,1226461320.0,0.098325,18.683375534207812,2013-10-25,2013-09-30,69.0175024092004,17.358217534451075,26.30307261184748,2.3001922141159987,2.8293918879752624
sz300308,2013-10-23,10.18,10.32,9.85,10.2,-0.001957,1923329.0,19380962.54,426973280.0,1224061200.0,0.045947,18.64681216828737,2013-10-25,2013-09-30,68.88243880370295,17.324248419902254,26.251598888536623,2.295690859489549,2.823854768050495
sz300308,2013-10-24,10.39,10.4,10.05,10.05,-0.014706,1186138.0,12089906.17,420694260.0,1206060300.0,0.028336,18.372592148540534,2013-10-25,2013-09-30,67.86946176247203,17.069480060786038,25.865545963705202,2.261930699791173,2.7823271598315444
sz300308,2013-10-25,10.0,10.16,9.5,9.74,-0.030846,1431156.0,13957424.58,407717620.0,1168858440.0,0.034189,17.805871171126654,2013-10-25,2013-09-30,65.77597587726146,16.542958785279207,25.067703252386934,2.1921597030811966,2.6965034962593806
sz300308,2013-10-28,9.79,9.79,9.4,9.5,-0.024641,749573.0,7186435.0,397671190.0,1140057000.0,0.017907,17.36711669959892,2014-04-25,2014-03-31,223.74312402085386,10.250577238284846,33.95635467503108,2.1344843477996367,2.6300589536080534
sz300308,2013-10-29,9.75,9.75,8.86,9.49,-0.001053,1599284.0,14845334.78,397252590.0,1138856940.0,0.038205,17.348829125714246,2014-04-25,2014-03-31,223.50760494293718,10.239787156981388,33.920611143794204,2.132237522170374,2.627289501529904
sz300308,2013-10-30,9.46,9.59,9.31,9.56,0.007376,608599.0,5758604.69,400182800.0,1147257360.0,0.0145389999999999,17.476794089345514,2014-04-25,2014-03-31,225.156238488354,10.315317726105592,34.17081586245233,2.1479653015752134,2.646668388893189
sz300308,2013-10-31,9.56,9.56,9.12,9.33,-0.024059,445709.0,4136055.77,390554970.0,1119655980.0,0.010648,17.056319900349948,2014-04-25,2014-03-31,219.73929969627017,10.067145856126064,33.34871464400421,2.09628831210217,2.5829921941248073
sz300308,2013-11-01,9.25,9.34,9.03,9.2,-0.013934,447288.0,4114041.49,385113150.0,1104055200.0,0.010685,16.81865713885847,2014-04-25,2014-03-31,216.6775516833532,9.926874799181114,32.884048737924836,2.0670795789217538,2.547000780891872
sz300308,2013-11-04,9.3,9.32,9.2,9.27,0.007609,190337.0,1760218.24,388043360.0,1112455620.0,0.004547,16.946630301028044,2014-04-25,2014-03-31,218.32618522877002,10.002405368305316,33.134253456582954,2.0828073583265927,2.5663809098336783
sz300308,2013-11-05,9.25,9.35,9.11,9.35,0.00863,386525.0,3574835.05,391392170.0,1122056100.0,0.009234,17.092879720525914,2014-04-25,2014-03-31,220.21033785210352,10.088726018732979,33.420201706477954,2.1007819633606952,2.5885287770855427
sz300308,2013-11-06,9.46,9.55,9.28,9.42,0.007487,587368.0,5541288.46,394322380.0,1130456520.0,0.014032,17.220854110993493,2014-04-25,2014-03-31,221.85897139752035,10.164256587857183,33.67040642513608,2.1165097427655346,2.607909092039582
sz300308,2013-11-07,9.42,10.36,9.26,10.13,0.075372,4423116.0,44638137.78,424043070.0,1215660780.0,0.105664,18.518824327047295,2014-04-25,2014-03-31,238.5808259296052,10.930352360402681,36.20819714295419,2.276034362443192,2.8044724161247894
sz300308,2013-11-08,10.2,10.3,9.92,10.09,-0.003949,2706737.0,27421330.16,422368660.0,1210860540.0,0.064661,18.445693489779785,2014-04-25,2014-03-31,237.63874961793846,10.887192035188852,36.06522301800669,2.2670470599261403,2.7933975545535126
sz300308,2013-11-11,10.02,10.52,9.77,10.49,0.039643,4070261.0,41779655.84,439112710.0,1258862940.0,0.097235,19.176936116795126,2014-04-25,2014-03-31,247.059512734606,11.318795287327161,37.494964267481684,2.3569200850966516,2.904136213808678
sz300308,2013-11-12,10.47,11.54,10.33,11.17,0.064824,8556926.0,94118196.07,467577600.0,1340467020.0,0.204417,20.420061823630252,2014-04-25,2014-03-31,263.0748100329408,12.052520815962286,39.92552439158917,2.5097042278865205,3.0923939397326117
sz300308,2013-11-13,10.9,11.49,10.81,11.28,0.009848,5695399.0,63397810.73,472182210.0,1353667680.0,0.1360579999999999,20.621158592469367,2014-04-25,2014-03-31,265.66551989002437,12.171211710300321,40.318703235194796,2.5344193098084107,3.1228478352510987
sz300308,2013-11-14,11.09,12.22,10.9,11.91,0.055851,8714995.0,101805252.47,498554090.0,1429271460.0,0.208193,21.772870921017375,2014-04-25,2014-03-31,280.5032217987757,12.850986832418158,42.570545703117915,2.6759693244519656,3.2972620096977083
sz300308,2013-11-15,11.88,12.86,11.67,12.63,0.060453,9660636.0,117811799.84,528693380.0,1515675780.0,0.230784,23.08910628680564,2014-04-25,2014-03-31,297.4605954087773,13.627872686267116,45.1440799521729,2.8377407697588857,3.496591389969964
sz300308,2013-11-18,12.63,13.68,12.45,13.41,0.061758,11564579.0,151305222.34,561344280.0,1609280460.0,0.276267,24.515043312866183,2014-04-25,2014-03-31,315.83108348627894,14.469499027936818,47.93207538864913,3.012993168841382,3.7125338810317294
sz300308,2013-11-19,13.0,13.4,12.55,12.68,-0.054437,8356664.0,107931729.22,530786390.0,1521676080.0,0.199633,23.18051790004369,2014-04-25,2014-03-31,298.6381907983607,13.681823092784404,45.32279760835727,2.848974897905199,3.5104346741500057
sz300308,2013-11-20,12.7,12.87,12.23,12.5,-0.014196,8531971.0,106054170.82,523251560.0,1500075000.0,0.203821,22.85144726793467,2014-04-25,2014-03-31,294.39884739586034,13.487601629322166,44.67941404609353,2.8085320365784696,3.460600543515772
sz300308,2013-11-21,12.65,12.7,11.9,12.1,-0.032,8200375.0,100177550.18,506507510.0,1452072600.0,0.195899,22.120200955360758,2014-04-25,2014-03-31,284.9780842791928,13.055998377183855,43.24967279661853,2.7186590114079583,3.349861326123267
sz300308,2013-11-22,12.15,12.31,11.84,12.09,-0.000826,5622977.0,67682300.9,506088910.0,1450872540.0,0.134328,22.10192966937163,2014-04-25,2014-03-31,284.74256520127614,13.045208295880398,43.21392926538166,2.7164121857786956,3.347094340667889
sz300308,2013-11-25,12.02,12.19,11.72,11.99,-0.0082709999999999,3973529.0,47512488.56,501902900.0,1438871940.0,0.094924,21.919124609076256,2014-04-25,2014-03-31,282.38737442210925,12.93730748284582,42.85649395301291,2.693943929486068,3.319410523376225
sz300308,2013-11-26,11.91,12.47,11.9,12.31,0.0266889999999999,7354727.0,89978858.66,515298140.0,1477273860.0,0.175698,22.50412412576789,2014-04-25,2014-03-31,289.92398491544327,13.28259008455647,44.00028695259291,2.765842349622477,3.4080022708346123
sz300308,2013-11-27,12.22,12.3,11.96,12.08,-0.018684,4012857.0,48551319.77,505670310.0,1449672480.0,0.095863,22.083657070602044,2014-04-25,2014-03-31,284.50704612335943,13.03441821457694,43.17818573414478,2.714165360149433,3.3443271564063384
sz300308,2013-11-28,12.17,12.43,11.9,12.36,0.0231789999999999,5740423.0,69790412.53,517391150.0,1483274160.0,0.137133,22.595534157841524,2014-04-25,2014-03-31,291.1015803050267,13.336540491073755,44.17900460877728,2.7770764777687904,3.4218453155646804
sz300308,2013-11-29,12.39,12.58,12.2,12.43,0.005663,6102353.0,75760754.21,520321350.0,1491674580.0,0.14578,22.72349266777738,2014-04-25,2014-03-31,292.7502138504435,13.41207106019796,44.4292093274354,2.79280425717363,3.441223225586723
sz300308,2013-12-02,11.44,11.59,11.19,11.19,-0.099759,3131757.0,35352179.05,468414800.0,1342867140.0,0.0748149999999999,20.456619762732572,2014-04-25,2014-03-31,263.5458481887742,12.074100978569202,39.99701145406292,2.514197879145046,3.0979302378254165
sz300308,2013-12-03,10.36,10.75,10.07,10.48,-0.06345,6292272.0,64806126.19,438694110.0,1257662880.0,0.150317,19.158647238787193,2014-04-25,2014-03-31,246.8239936566893,11.308005206023703,37.459220736244816,2.354673259467389,2.9013665642353943
sz300308,2013-12-04,10.41,10.66,10.31,10.31,-0.016221,4305391.0,45236190.71,431577890.0,1237261860.0,0.102852,18.847874821926823,2014-04-25,2014-03-31,242.82016933210562,11.124573823864923,36.85158070521794,2.3164772237699216,2.854303497196932
sz300308,2013-12-05,10.18,10.56,10.12,10.41,0.009699,2906143.0,30208411.5,435763900.0,1249262460.0,0.069425,19.03068035982469,2014-04-25,2014-03-31,245.17536011127248,11.232474636899498,37.20901601758669,2.3389454800625495,2.8819873868162444
sz300308,2013-12-06,10.34,10.52,10.22,10.4,-0.0009609999999999,2122153.0,22163764.93,435345300.0,1248062400.0,0.050696,19.0123918759989,2014-04-25,2014-03-31,244.9398410333558,11.221684555596042,37.173272486349816,2.336698654433287,2.8792177969375143
sz300308,2013-12-09,10.5,10.75,10.5,10.75,0.033654,2841341.0,30182147.5,449996340.0,1290064500.0,0.0678769999999999,19.65223491219377,2014-04-25,2014-03-31,253.1830087604399,11.599337401217062,38.424296079640435,2.4153375514574837,2.9761149926756496
sz300308,2013-12-10,10.7,10.8,10.53,10.71,-0.003721,3348143.0,35693436.88,448321940.0,1285264260.0,0.079984,19.579108946085498,2014-04-25,2014-03-31,252.24093244877312,11.55617707600323,38.28132195469293,2.406350248940433,2.9650408687879035
sz300308,2013-12-11,10.71,11.0,10.59,10.77,0.005602,2388424.0,25750516.54,450833550.0,1292464620.0,0.057057,19.688791114401468,2014-04-25,2014-03-31,253.65404691627324,11.620917563823976,38.49578314211418,2.419831202716009,2.981651027734854
sz300308,2013-12-12,10.88,10.9,10.71,10.81,0.003714,1527333.0,16499764.37,452507950.0,1297264860.0,0.036487,19.761915284600356,2014-04-25,2014-03-31,254.59612322794004,11.66407788903781,38.638757267061685,2.4288185052330604,2.9927248796518606
sz300308,2013-12-13,10.75,10.98,10.72,10.9,0.008326,2473483.0,26799285.51,456275360.0,1308065400.0,0.0590889999999999,19.92645299125994,2014-04-25,2014-03-31,256.7157949291902,11.761188620768928,38.96044904819355,2.449039935896425,3.0176423069998424
sz300308,2013-12-16,10.8,10.99,10.77,10.79,-0.010092,2094399.0,22703682.11,451670750.0,1294864740.0,0.050033,19.725355227672146,2014-04-25,2014-03-31,254.12508507210663,11.642497726430893,38.56727020458793,2.424324853974535,2.9871882608376
sz300308,2013-12-17,10.71,10.84,10.65,10.73,-0.005561,1631778.0,17482327.53,449159140.0,1287664380.0,0.038982,19.61566252725106,2014-04-25,2014-03-31,252.71197060460653,11.577757238610147,38.352809017166685,2.4108439001989583,2.9705765069190826
sz300308,2013-12-18,10.7,10.91,10.7,10.88,0.0139789999999999,1475101.0,15995433.9,455438160.0,1305665280.0,0.035239,19.889869873719505,2014-04-25,2014-03-31,256.2447567733568,11.739608458162012,38.8889619857198,2.4445462846379,3.0121021959093044
sz300308,2013-12-19,10.97,10.97,10.71,10.71,-0.015625,1087759.0,11779737.51,448321940.0,1285264260.0,0.025986,19.579090656942636,2014-04-25,2014-03-31,252.24093244877312,11.55617707600323,38.28132195469293,2.406350248940433,2.9650380990982215
sz300308,2013-12-20,10.62,10.82,10.61,10.72,0.0009339999999999,966979.0,10373120.6,448740540.0,1286464320.0,0.0231,19.59737752761622,2014-04-25,2014-03-31,252.47645152668983,11.566967157306689,38.31706548592981,2.4085970745696956,2.967807444682779
sz300308,2013-12-23,10.73,11.15,10.7,10.92,0.018657,2788504.0,30610117.53,457112570.0,1310465520.0,0.066615,19.963005800148956,2014-04-25,2014-03-31,257.1868330850236,11.782768783375843,39.0319361106673,2.453533587154951,3.0231778281782256
sz300308,2013-12-24,10.9,11.37,10.85,11.36,0.040293,2728369.0,30467340.75,475531020.0,1363268160.0,0.065178,20.767375192854356,2014-04-25,2014-03-31,267.54967251335785,12.257532360727982,40.604651485089796,2.5523939148425128,3.1449907324090107
sz300308,2013-12-25,11.31,11.62,11.24,11.59,0.020246,2947008.0,33598074.63,485158850.0,1390869540.0,0.070401,21.187831471008884,2014-04-25,2014-03-31,272.9666113054417,12.505704230707511,41.426752703537915,2.6040709043155568,3.208664214777363
sz300308,2013-12-26,11.57,11.62,11.26,11.3,-0.025022,1942596.0,22139129.53,473019410.0,1356067800.0,0.046407,20.6576695519413,2014-04-25,2014-03-31,266.1365580458577,12.192791872907236,40.39019029766854,2.5389129610669365,3.128377018795204
sz300308,2013-12-27,11.34,12.0,11.19,11.91,0.053982,3074504.0,35956940.04,498554090.0,1429271460.0,0.073447,21.772811869694195,2014-04-25,2014-03-31,280.5032217987757,12.850986832418158,42.570545703117915,2.6759693244519656,3.2972530670238065
sz300308,2013-12-30,11.94,12.1,11.83,11.92,0.00084,1887765.0,22636659.84,498972690.0,1430471520.0,0.045097,21.791101031664738,2014-04-25,2014-03-31,280.7387408766924,12.861776913721616,42.60628923435478,2.6782161500812283,3.3000227596001066
sz300308,2013-12-31,11.9,12.18,11.82,12.1,0.015101,2704105.0,32427338.24,506507510.0,1452072600.0,0.064599,22.120168448343907,2014-04-25,2014-03-31,284.9780842791928,13.055998377183855,43.24967279661853,2.7186590114079583,3.349856403292828
sz300308,2014-01-02,12.1,12.68,12.1,12.57,0.038843,3540533.0,44303458.31,526181770.0,1508475420.0,0.0845799999999999,22.97938215138293,2014-04-25,2014-03-31,296.0474809412772,13.56313219844637,44.92961876475165,2.824259815983309,3.4799748755659308
sz300308,2014-01-03,12.51,12.7,12.25,12.52,-0.003978,2434066.0,30521130.9,524088770.0,1502475120.0,0.058148,22.887970169184726,2014-04-25,2014-03-31,294.8698855516937,13.50918179192908,44.75090110856728,2.813025687836995,3.4661315355109297
sz300308,2014-01-06,12.6,12.8,12.12,12.33,-0.0151759999999999,2344882.0,29108695.15,516135340.0,1479673980.0,0.056017,22.54062233389718,2014-04-25,2014-03-31,290.3950230712766,13.304170247163384,44.07177401506665,2.7703360008810023,3.413529523328016
sz300308,2014-01-07,12.38,12.56,11.81,12.4,0.005677,1694968.0,20730728.0,519065550.0,1488074400.0,0.040491,22.66858544688671,2014-04-25,2014-03-31,292.04365661669345,13.379700816287588,44.32197873372478,2.7860637802858417,3.4329081304319486
sz300308,2014-01-08,12.4,12.58,12.23,12.36,-0.0032259999999999,1421297.0,17626874.54,517391150.0,1483274160.0,0.033953,22.595456590235056,2014-04-25,2014-03-31,291.1015803050267,13.336540491073755,44.17900460877728,2.7770764777687904,3.4218335688031756
sz300308,2014-01-09,12.47,12.78,12.24,12.38,0.0016179999999999,2054325.0,25782852.34,518228350.0,1485674280.0,0.049076,22.632016038998053,2014-04-25,2014-03-31,291.57261846086004,13.358120653680672,44.25049167125102,2.7815701290273163,3.4273700955174986
sz300308,2014-01-10,12.47,12.6,11.81,12.0,-0.030695,1738727.0,20953196.93,502321500.0,1440072000.0,0.041537,21.93732630668101,2014-04-25,2014-03-31,282.6228935000259,12.948097564149279,42.89223748424978,2.696190755115331,3.3221669704355885
sz300308,2014-01-13,12.09,12.36,11.65,11.68,-0.026667,1066765.0,12653936.36,488926260.0,1401670080.0,0.025484,21.352323626060745,2014-04-25,2014-03-31,275.0862830066919,12.60281496243863,41.74844448466979,2.6242923349789216,3.2335747438349824
sz300308,2014-01-14,11.86,12.07,11.77,12.05,0.031678,1798702.0,21572715.27,504414510.0,1446072300.0,0.042969,22.028722533887098,2014-04-25,2014-03-31,283.80048888960937,13.002047970666567,43.07095514043416,2.7074248832616448,3.3360079245701875
sz300308,2014-01-15,12.04,12.46,11.9,12.46,0.034025,2402715.0,29202615.59,521577160.0,1495274760.0,0.057399,22.778249818102605,2014-04-25,2014-03-31,293.4567710841936,13.444441304108333,44.53643992114602,2.7995447340614183,3.449515594203688
sz300308,2014-01-16,12.48,12.56,12.03,12.03,-0.03451,1724797.0,21188154.91,503577300.0,1443672180.0,0.041204,21.992172416879882,2014-04-25,2014-03-31,283.32945073377596,12.98046780805965,42.99946807796041,2.702931232003119,3.3304728110477186
sz300308,2014-01-17,11.9,12.08,11.8,11.93,-0.008313,1148790.0,13686945.31,499391290.0,1431671580.0,0.027444,21.80935148757836,2014-04-25,2014-03-31,280.9742599546091,12.872566995025073,42.64203276559166,2.680462975710491,3.302786590569479
sz300308,2014-01-20,11.9,12.09,11.81,11.96,0.002515,741250.0,8856003.99,500647100.0,1435271760.0,0.017708,21.86420200656962,2014-04-25,2014-03-31,281.68081718835913,12.904937238935446,42.74926335930228,2.6872034525982795,3.3110930988447613
sz300308,2014-01-21,12.06,12.35,11.96,12.16,0.016722,1278568.0,15562808.39,509019120.0,1459272960.0,0.0305439999999999,22.229815192523475,2014-04-25,2014-03-31,286.39119874669296,13.120738865004602,43.46413398403978,2.732139965183535,3.366461197643643
sz300308,2014-01-22,12.27,12.94,12.16,12.76,0.049342,4084613.0,51574058.43,534135200.0,1531276560.0,0.097578,23.326678733752967,2014-04-25,2014-03-31,300.52234342169425,13.768143743212066,45.60874585825227,2.8669495029393017,3.5325691260577754
sz300308,2014-01-23,12.57,13.1,12.57,12.77,0.000784,3696454.0,47364648.63,534553800.0,1532476620.0,0.088305,23.34496684988023,2014-04-25,2014-03-31,300.7578624996109,13.778933824515523,45.644489389489145,2.8691963285685644,3.5353386602526045
sz300308,2014-01-24,12.78,12.84,12.59,12.75,-0.001566,2387331.0,30386460.92,533716590.0,1530076500.0,0.0570309999999999,23.30840863179332,2014-04-25,2014-03-31,300.28682434377754,13.757353661908608,45.573002327015395,2.864702677310039,3.529802319910649
sz300308,2014-01-27,12.75,13.45,12.75,13.18,0.033725,3487841.0,45753301.18,551716450.0,1581679080.0,0.083321,24.09448471290055,2014-04-25,2014-03-31,310.4141446941951,14.22132715795729,47.10997417020101,2.961316179368338,3.648844903149636
sz300308,2014-01-28,13.34,13.6,13.0,13.39,0.015933,2154921.0,28609680.56,560507070.0,1606880340.0,0.051479,24.47838213783119,2014-04-25,2014-03-31,315.3600453304456,14.447918865329903,47.86058832617539,3.0084995175828566,3.706981948991519
sz300308,2014-01-29,13.39,13.5,12.9,13.19,-0.014937,1629651.0,21526421.2,552135050.0,1582879140.0,0.038931,24.112748543838407,2014-04-25,2014-03-31,310.6496637721118,14.232117239260749,47.14571770143789,2.9635630049976007,3.6516107596194325
sz300308,2014-01-30,13.25,13.65,13.15,13.3,0.00834,1689689.0,22625602.01,556739660.0,1596079800.0,0.040365,24.31384886669402,2014-04-25,2014-03-31,313.2403736291954,14.350808133598784,47.538896545043514,2.988278086919492,3.6820651933546586
sz300308,2014-02-07,13.19,13.64,13.05,13.22,-0.0060149999999999,1206618.0,15918703.66,553390850.0,1586479320.0,0.028825,24.167601065760856,2014-04-25,2014-03-31,311.3562210058619,14.264487483171122,47.252948295148514,2.9703034818853893,3.659917571216631
sz300308,2014-02-10,13.29,14.48,13.23,14.18,0.072617,3445151.0,47212239.1,593576570.0,1701685080.0,0.082301,25.922579752353215,2014-04-25,2014-03-31,333.96605248586394,15.300335288303064,50.684327293888494,3.1859987422946157,3.925689805485669
sz300308,2014-02-11,14.22,15.31,14.18,14.95,0.0543019999999999,4060713.0,60034613.3,625808870.0,1794089700.0,0.097007,27.330227678065494,2014-04-25,2014-03-31,352.10102148544894,16.131171548669307,53.436579199127856,3.3590043157478493,4.138862613303151
sz300308,2014-02-12,15.11,15.4,14.62,14.84,-0.007358,1892905.0,28138583.93,621204260.0,1780889040.0,0.0452199999999999,27.12913186281029,2014-04-25,2014-03-31,349.5103116283654,16.012480654331274,53.04340035552223,3.334289233825959,4.108408862194467
sz300308,2014-02-13,15.09,15.36,14.8,14.81,-0.002022,2834737.0,42670711.69,619948450.0,1777288860.0,0.067719,27.07427675818369,2014-04-25,2014-03-31,348.80375439461534,15.9801104104209,52.93616976181161,3.3275487569381705,4.10010165947511
sz300308,2014-02-14,14.99,15.36,14.5,15.3,0.033086,3270563.0,48829616.42,640459910.0,1836091800.0,0.0781309999999999,27.97005627900495,2014-04-25,2014-03-31,360.3441892125331,16.50882439429033,54.68760279241848,3.4376432127720467,4.235757622980503
sz300308,2014-02-17,15.5,16.36,15.36,16.02,0.047059,2705793.0,42916821.36,670599200.0,1922496120.0,0.064639,29.28629915743864,2014-04-25,2014-03-31,377.3015628225346,17.285710248139285,57.26113704147346,3.5994146580789663,4.4350881409603415
sz300308,2014-02-18,16.29,16.3,15.41,15.48,-0.033708,3580684.0,56189932.99,647994740.0,1857692880.0,0.085539,28.2991165854397,2014-04-25,2014-03-31,364.58353261503345,16.70304585775257,55.330986354682224,3.4780860740987767,4.285590189904851
sz300308,2014-02-19,15.5,15.66,14.81,14.98,-0.0323,1892423.0,28847746.52,627064670.0,1797689880.0,0.045208,27.385055119729998,2014-04-25,2014-03-31,352.80757871919906,16.163541792579682,53.54380979283848,3.365744792635638,4.147165626770924
sz300308,2014-02-20,15.08,15.6,14.9,15.46,0.032043,2344922.0,35897942.6,647157530.0,1855292760.0,0.056018,28.26255444093151,2014-04-25,2014-03-31,364.1124944592001,16.681465695145654,55.259499292208474,3.4735924228402513,4.280053254949545
sz300308,2014-02-21,15.45,15.65,15.19,15.23,-0.014877,1189545.0,18224927.16,637529700.0,1827691380.0,0.028417,27.84209241851377,2014-04-25,2014-03-31,358.69555566711625,16.433293825166125,54.437398073760356,3.4219154333672073,4.21637890267566
sz300308,2014-02-24,15.5,16.03,15.0,15.99,0.0499019999999999,2430756.0,38214901.18,669343400.0,1918895940.0,0.058069,29.23146851438244,2014-04-25,2014-03-31,376.59500558878455,17.253340004228914,57.153906447762836,3.592674181191178,4.426784642676981
sz300308,2014-02-25,16.42,17.24,15.28,15.42,-0.035647,4020012.0,66445634.64,645483130.0,1850492520.0,0.096034,28.18945435625025,2014-04-25,2014-03-31,363.1704181475333,16.63830536993182,55.116525167260974,3.4646051203232,4.268983050519474
sz300308,2014-02-26,15.8,16.18,14.23,14.85,-0.036965,3852623.0,57407573.39,621622860.0,1782089100.0,0.092036,27.147431175971455,2014-04-25,2014-03-31,349.74583070628205,16.023270735634732,53.079143886759105,3.336536059455222,4.111180092057022
sz300308,2014-02-27,14.8,15.55,14.28,14.35,-0.03367,2297810.0,34449673.57,600692790.0,1722086100.0,0.054893,26.233377168276498,2014-04-25,2014-03-31,337.96987681044766,15.483766670461845,51.29196732491537,3.224194777992083,3.972756658357462
sz300308,2014-02-28,14.65,15.0,13.8,14.86,0.0355399999999999,1543931.0,22202654.77,622041460.0,1783289160.0,0.036883,27.165711392837043,2014-04-25,2014-03-31,349.98134978419876,16.03406081693819,53.11488741799598,3.3387828850844845,4.113948429995485
sz300308,2014-03-03,14.97,15.44,14.71,15.34,0.0323009999999999,2593695.0,39540730.19,642134320.0,1840892040.0,0.061961,28.04319103653707,2014-04-25,2014-03-31,361.2862655241998,16.551984719504162,54.830576917365974,3.4466305152890975,4.246833078232769
sz300308,2014-03-04,15.12,15.35,14.95,15.1,-0.015645,1524149.0,23099280.23,632087890.0,1812090600.0,0.036411,27.604455312770448,2014-04-25,2014-03-31,355.6338076541993,16.293022768221174,53.97273216768098,3.392706700186791,4.180391374723818
sz300308,2014-03-05,15.34,15.52,14.98,15.25,0.009934,1107148.0,16887604.58,638366910.0,1830091500.0,0.026449,27.878677971847516,2014-04-25,2014-03-31,359.1665938229496,16.45487398777304,54.5088851362341,3.4264090846257327,4.221919382640325
sz300308,2014-03-06,15.38,15.49,14.55,14.7,-0.036066,1109808.0,16482811.92,615343840.0,1764088200.0,0.026512,26.87320557211486,2014-04-25,2014-03-31,346.21304453753174,15.861419516082865,52.54299091820599,3.30283367501628,4.069651638186019
sz300308,2014-03-07,14.88,16.0,14.58,15.58,0.059864,2662833.0,40955843.94,652180750.0,1869693480.0,0.063613,28.481943150483943,2014-04-25,2014-03-31,366.93872339420034,16.810946670787146,55.68842166705097,3.500554330391404,4.313277263854387
sz300308,2014-03-10,15.4,15.49,14.86,14.98,-0.038511,1121744.0,17006460.86,627064670.0,1797689880.0,0.026797,27.385075037815657,2014-04-25,2014-03-31,352.80757871919906,16.163541792579682,53.54380979283848,3.365744792635638,4.14716864314609
sz300308,2014-03-11,15.0,15.15,14.32,14.5,-0.032043,1096170.0,16100141.36,606971810.0,1740087000.0,0.026186,26.507575078378927,2014-04-25,2014-03-31,341.50266297919796,15.64561789001371,51.82812029346849,3.2578971624310245,4.0142809183137595
sz300308,2014-03-12,14.65,15.19,14.1,14.28,-0.015172,1334191.0,19431875.47,597762590.0,1713685680.0,0.031873,26.105402149289763,2014-04-25,2014-03-31,336.32124326503083,15.408236101337641,51.041762606257244,3.208466998587243,3.9533762482211037
sz300308,2014-03-13,14.3,14.47,14.11,14.46,0.012605,481782.0,6896274.11,605297410.0,1735286760.0,0.011509,26.43446074338156,2014-04-25,2014-03-31,340.56058666753125,15.60245756479988,51.685146168520994,3.2489098599139736,4.00320855582993
sz300308,2014-03-14,14.35,14.68,14.28,14.65,0.01314,763128.0,11058990.76,613250830.0,1758087900.0,0.01823,26.781809557549593,2014-04-25,2014-03-31,345.0354491479483,15.807469109565577,52.36427326202161,3.2915995468699664,4.055810716253536
sz300308,2014-03-17,14.6,14.78,14.4,14.64,-0.000683,921131.0,13455350.16,612832230.0,1756887840.0,0.022005,26.763517581621787,2014-04-25,2014-03-31,344.7999300700316,15.79667902826212,52.32852973078474,3.2893527212407037,4.053040597534334
sz300308,2014-03-18,14.64,15.03,14.61,15.03,0.026639,1230686.0,18218656.16,629157680.0,1803690180.0,0.0294,27.476470926478612,2014-04-25,2014-03-31,353.9851741087825,16.21749219909697,53.722527449022856,3.3769789207819514,4.1610095460120515
sz300308,2014-03-19,15.0,15.48,14.95,15.33,0.01996,2337645.0,35633014.34,641715720.0,1839691980.0,0.055844,28.024901286171122,2014-04-25,2014-03-31,361.05074644628314,16.541194638200704,54.7948333861291,3.4443836896598348,4.244063296550452
sz300308,2014-03-20,15.35,15.39,14.86,14.95,-0.024788,1326966.0,20039703.81,625808870.0,1794089700.0,0.0317,27.33022003308951,2014-04-25,2014-03-31,352.10102148544894,16.131171548669307,53.436579199127856,3.3590043157478493,4.138861455555559
sz300308,2014-03-21,14.85,15.74,14.51,15.3,0.023411,1365148.0,20503314.59,640459910.0,1836091800.0,0.032612,27.970047814284168,2014-04-25,2014-03-31,360.3441892125331,16.50882439429033,54.68760279241848,3.4376432127720467,4.23575634109157
sz300308,2014-03-24,15.52,15.68,14.91,14.98,-0.020915,1337083.0,20357335.34,627064670.0,1797689880.0,0.031942,27.385054264248417,2014-04-25,2014-03-31,352.80757871919906,16.163541792579682,53.54380979283848,3.365744792635638,4.147165497217641
sz300308,2014-03-25,14.99,15.55,14.6,15.03,0.003338,1647419.0,24800944.66,629157680.0,1803690180.0,0.039355,27.47646557538248,2014-04-25,2014-03-31,353.9851741087825,16.21749219909697,53.722527449022856,3.3769789207819514,4.1610087356473535
sz300308,2014-03-26,15.28,15.28,15.0,15.09,0.003992,559857.0,8471954.95,631669290.0,1810890540.0,0.013374,27.586151625959406,2014-04-25,2014-03-31,355.3982885762826,16.282232686917716,53.936988636444106,3.390459874557528,4.177619482520058
sz300308,2014-03-27,15.24,15.35,14.76,14.9,-0.012591,942771.0,14122866.04,623715860.0,1788089400.0,0.022522,27.23881439083695,2014-04-25,2014-03-31,350.9234260958655,16.07722114215202,53.25786154294348,3.3477701876015358,4.125019075615647
sz300308,2014-03-28,14.98,15.08,14.69,14.89,-0.000671,1072089.0,15897495.28,623297260.0,1786889340.0,0.025611,27.2205371463807,2014-04-25,2014-03-31,350.6879070179488,16.066431060848565,53.22211801170661,3.345523361972273,4.122251187815909
sz300308,2014-03-31,14.99,15.9,14.99,15.15,0.017461,1584166.0,24176717.52,634180890.0,1818090900.0,0.037844,27.69583494549365,2014-04-25,2014-03-31,356.8114030437827,16.346973174738466,54.151449823865356,3.403940828333105,4.194229815806362
sz300308,2014-04-01,15.29,15.4,15.09,15.2,0.0033,923347.0,14054364.94,636273900.0,1824091200.0,0.022058,27.78723120081378,2014-04-25,2014-03-31,357.98899843336613,16.400923581255753,54.330167480049724,3.4151749564794187,4.208070774198523
sz300308,2014-04-02,15.29,15.45,14.85,15.11,-0.005921,917121.0,13814171.95,632506490.0,1813290660.0,0.021909,27.622703004873763,2014-04-25,2014-03-31,355.86932673211595,16.303812849524633,54.00847569891785,3.394953525816054,4.1831547871444945
sz300308,2014-04-03,15.2,15.2,14.8,15.08,-0.001985,675600.0,10102219.73,631250690.0,1809690480.0,0.0161389999999999,27.567871939409088,2014-04-25,2014-03-31,355.1627694983659,16.27144260561426,53.90124510520723,3.3882130489282654,4.174851224892012
sz300308,2014-04-04,15.02,15.38,14.95,15.15,0.004642,828715.0,12511227.0,634180890.0,1818090900.0,0.019797,27.695842000951828,2014-04-25,2014-03-31,356.8114030437827,16.346973174738466,54.151449823865356,3.403940828333105,4.194230884277961
sz300308,2014-04-08,15.13,15.24,14.97,15.05,-0.006601,648551.0,9771261.68,629994880.0,1806090300.0,0.015493,27.513021747903544,2014-04-25,2014-03-31,354.4562122646159,16.239072361703887,53.794014511496606,3.3814725720404772,4.166544766210842
sz300308,2014-04-09,15.18,16.0,15.01,15.74,0.045847,5547687.0,86528864.1,658878370.0,1888894440.0,0.132529,28.77441125597968,2014-04-25,2014-03-31,370.70702864086735,16.98358797164247,56.26031816684097,3.536503540459609,4.357568344107311
sz300308,2014-04-10,15.7,15.8,15.02,15.2,-0.034307,4494521.0,69073084.71,636273900.0,1824091200.0,0.10737,27.787247529020785,2014-04-25,2014-03-31,357.98899843336613,16.400923581255753,54.330167480049724,3.4151749564794187,4.208073246926022
sz300308,2014-04-11,15.0,15.57,13.8,13.93,-0.083553,5221541.0,76109277.01,583111540.0,1671683580.0,0.124738,25.465539636228513,2014-04-25,2014-03-31,328.07807553794675,15.03058325571662,49.790739012966625,3.1298281015630462,3.856476102925612
sz300308,2014-04-14,13.78,13.9,13.45,13.7,-0.016511,2973424.0,40598631.81,573483710.0,1644082200.0,0.071032,25.045078111294742,2014-04-25,2014-03-31,322.6611367458629,14.782411385737092,48.9686377945185,3.0781511120900023,3.7928018259902068
sz300308,2014-04-15,13.67,13.88,13.61,13.78,0.005839,938965.0,12895871.89,576832520.0,1653682680.0,0.022431,25.19131632238659,2014-04-25,2014-03-31,324.54528936919644,14.868732036164754,49.2545860444135,3.096125717124105,3.8149479958521635
sz300308,2014-04-16,13.78,14.39,13.65,14.24,0.033382,2561481.0,36080777.75,596088180.0,1708885440.0,0.0611909999999999,26.032252843860498,2014-04-25,2014-03-31,335.3791669533641,15.36507577612381,50.898788481309744,3.1994796960701923,3.9422985898497007
sz300308,2014-04-17,14.2,14.38,13.8,14.15,-0.00632,1128625.0,15918085.27,592320770.0,1698084900.0,0.026962,25.867729005887302,2014-04-25,2014-03-31,333.2594952521139,15.26796504439269,50.577096700177876,3.1792582654068275,3.9173832627618506
sz300308,2014-04-18,14.15,14.3,14.0,14.2,0.003534,765262.0,10876436.86,594413780.0,1704085200.0,0.018281,25.959145560194106,2014-04-25,2014-03-31,334.4370906416973,15.321915450909978,50.755814356362244,3.190492393553141,3.9312272952124507
sz300308,2014-04-21,14.18,14.48,13.85,14.19,-0.000704,1646415.0,23162775.95,593995170.0,1702885140.0,0.039331,25.94087032171973,2014-04-25,2014-03-31,334.20157156378065,15.31112536960652,50.72007082512537,3.1882455679238784,3.928459711196621
sz300308,2014-04-22,14.35,14.47,13.93,14.08,-0.0077519999999999,1189005.0,16867747.7,589390560.0,1689684480.0,0.028404,25.739776694985757,2014-04-25,2014-03-31,331.6108617066971,15.192434475268486,50.32689198151975,3.163530486001988,3.898006291515425
sz300308,2014-04-23,13.91,14.29,13.91,14.29,0.014915,1070652.0,15104264.47,598181190.0,1714885740.0,0.025577,26.12368546439147,2014-04-25,2014-03-31,336.55676234294754,15.419026182641097,51.07750613749412,3.210713824216506,3.9561450553533777
sz300308,2014-04-24,14.4,15.2,14.3,14.86,0.039888,4168199.0,61812884.28,622041460.0,1783289160.0,0.099574,27.16570703019512,2014-04-25,2014-03-31,349.98134978419876,16.03406081693819,53.11488741799598,3.3387828850844845,4.113947769321313
sz300308,2014-04-25,14.95,15.35,14.85,15.07,0.0141319999999999,3608531.0,54414412.78,630832080.0,1808490420.0,0.086204,27.549612801945834,2014-04-25,2014-03-31,354.92725042044924,16.260652524310803,53.865501573970356,3.3859662232990027,4.172086079197362
sz300308,2014-04-28,15.33,15.65,14.5,15.2,0.008626,3281948.0,50293717.88,636273900.0,1824091200.0,0.078403,27.787255761975416,2014-08-25,2014-06-30,-297.07042282230265,16.387691336638007,51.783950190087026,3.4821955732175702,4.208074493716518
sz300308,2014-04-29,15.6,15.75,13.8,14.26,-0.0618419999999999,4710095.0,70268142.58,596925380.0,1711285560.0,0.11252,26.068836291143334,2014-08-25,2014-06-30,-278.698962463555,15.374242003977498,48.58152169148954,3.266849268031747,3.947838750876101
sz300308,2014-04-30,14.1,14.4,13.85,14.24,-0.001403,1599823.0,22581167.25,596088180.0,1708885440.0,0.038218,26.032261713826855,2014-08-25,2014-06-30,-278.30808032826246,15.352679252218763,48.513384914923634,3.262267431751198,3.9422999331086213
sz300308,2014-05-05,14.27,14.44,14.12,14.27,0.002107,585680.0,8342666.95,597343980.0,1712485620.0,0.013991,26.087111689257895,2014-08-25,2014-06-30,-278.89440353120125,15.385023379856865,48.61559007977249,3.269140186172022,3.950606359067682
sz300308,2014-05-06,14.39,14.55,14.3,14.4,0.00911,880393.0,12698296.59,602785800.0,1728086400.0,0.021032,26.32476527674703,2014-08-25,2014-06-30,-281.4351374106025,15.525181266288637,49.058479127450866,3.2989221219955933,3.9865963829987883
sz300308,2014-05-07,14.43,14.6,14.02,14.31,-0.00625,1061466.0,15197606.81,599018390.0,1717285860.0,0.0253569999999999,26.160235493767363,2014-08-25,2014-06-30,-279.6761678017863,15.428148883374334,48.7518636329043,3.278303858733121,3.961680155605046
sz300308,2014-05-08,14.34,14.34,14.0,14.01,-0.020964,531288.0,7544129.13,586460350.0,1681284060.0,0.012692,25.611812316876023,2014-08-25,2014-06-30,-273.8129357723987,15.104707606993319,47.72981198441574,3.2095763145248792,3.8786274928229414
sz300308,2014-05-09,14.19,14.29,13.86,13.89,-0.008565,525375.0,7354013.37,581437140.0,1666883340.0,0.012551,25.39244714438198,2014-08-25,2014-06-30,-271.4676429606437,14.975331096440915,47.320991325020316,3.1820852968415827,3.845407048346913
sz300308,2014-05-12,14.07,14.07,13.78,14.0,0.0079189999999999,693892.0,9663357.58,586041750.0,1680084000.0,0.016576,25.593529933318344,2014-08-25,2014-06-30,-273.61749470475246,15.093926231113953,47.695743596132786,3.2072853963846044,3.8758588267627725
sz300308,2014-05-13,14.08,14.1,13.91,13.99,-0.000714,371466.0,5213688.36,585623150.0,1678883940.0,0.008874,25.575256152945954,2014-08-25,2014-06-30,-273.4220536371062,15.083144855234586,47.66167520784984,3.2049944782443296,3.873091463560464
sz300308,2014-05-14,14.08,14.19,13.92,14.17,0.0128659999999999,344964.0,4851556.79,593157970.0,1700485020.0,0.008241,25.904307398609753,2014-08-25,2014-06-30,-276.9399928547387,15.277209621063193,48.27490619694297,3.2462310047692746,3.922922658330632
sz300308,2014-05-15,14.19,14.28,14.0,14.18,0.0007059999999999,415803.0,5889422.85,593576570.0,1701685080.0,0.0099329999999999,25.922595839633168,2014-08-25,2014-06-30,-277.13543392238495,15.287990996942561,48.30897458522592,3.2485219229095494,3.925692241727413
sz300308,2014-05-16,14.25,14.25,13.86,13.96,-0.015515,433323.0,6073384.83,584367350.0,1675283760.0,0.010352,25.520406765181257,2014-08-25,2014-06-30,-272.83573043416743,15.050800727596485,47.559470043000985,3.198121723823506,3.8647851265970123
sz300308,2014-05-19,14.03,14.18,13.9,14.0,0.002865,208659.0,2921183.66,586041750.0,1680084000.0,0.004985,25.5935227305635,2014-08-25,2014-06-30,-273.61749470475246,15.093926231113953,47.695743596132786,3.2072853963846044,3.875857735984712
sz300308,2014-05-20,14.19,14.2,14.02,14.03,0.002143,298559.0,4215205.58,587297550.0,1683684180.0,0.0071319999999999,25.6483696497751,2014-08-25,2014-06-30,-274.2038179076912,15.126270358752054,47.79794876098164,3.2141581508054284,3.884163699112928
sz300308,2014-05-21,14.18,14.18,13.9,13.97,-0.004277,219915.0,3068472.91,584785950.0,1676483820.0,0.005254,25.538671572783013,2014-08-25,2014-06-30,-273.0311715018137,15.061582103475851,47.59353843128393,3.2004126419637804,3.867551130971822
sz300308,2014-05-22,14.01,14.09,13.9,13.94,-0.002147,302695.0,4239859.8,583530140.0,1672883640.0,0.007231,25.48384004491625,2014-08-25,2014-06-30,-272.44484829887494,15.02923797583775,47.49133326643507,3.193539887542956,3.859247498693626
sz300308,2014-05-23,14.01,14.01,13.87,13.96,0.0014349999999999,210862.0,2936009.94,584367350.0,1675283760.0,0.005037,25.5204093553807,2014-08-25,2014-06-30,-272.83573043416743,15.050800727596485,47.559470043000985,3.198121723823506,3.8647855188542506
sz300308,2014-05-26,14.09,14.5,13.95,14.39,0.030802,1028771.0,14693329.49,602367200.0,1726886340.0,0.024576,26.306489004345135,2014-08-25,2014-06-30,-281.2396963429563,15.51439989040927,49.02441073916792,3.2966312038553185,3.983828642405999
sz300308,2014-05-27,14.43,14.43,14.25,14.25,-0.009729,311947.0,4469443.2,596506780.0,1710085500.0,0.0074519999999999,26.05055317282186,2014-08-25,2014-06-30,-278.5035213959087,15.36346062809813,48.54745330320659,3.2645583498914723,3.945069973544031
sz300308,2014-05-28,14.28,14.49,14.23,14.45,0.0140349999999999,644758.0,9295835.24,604878810.0,1734086700.0,0.015403,26.41617268660241,2014-08-25,2014-06-30,-282.41234274883374,15.579088145685471,49.22882106886563,3.3103767126969665,4.00043903062272
sz300308,2014-05-29,14.45,14.5,14.23,14.3,-0.010381,400820.0,5754785.38,598599790.0,1716085800.0,0.009575,26.14194639794279,2014-08-25,2014-06-30,-279.48072673414,15.417367507494967,48.71779524462135,3.276012940592846,3.9589104730458256
sz300308,2014-05-30,14.11,14.47,14.11,14.45,0.01049,269774.0,3863614.89,604878810.0,1734086700.0,0.006445,26.416175415657204,2014-08-25,2014-06-30,-282.41234274883374,15.579088145685471,49.22882106886563,3.3103767126969665,4.000439443908076
sz300308,2014-06-03,14.45,14.8,13.6,14.19,-0.017993,1987924.0,28121395.83,593995170.0,1702885140.0,0.04749,25.940869171403286,2014-08-25,2014-06-30,-277.3308749900312,15.298772372821928,48.34304297350887,3.250812841049824,3.928459536993838
sz300308,2014-06-04,13.98,13.98,13.63,13.79,-0.028189,746664.0,10288376.07,577251120.0,1654882740.0,0.017837,25.209622010330598,2014-08-25,2014-06-30,-269.51323228418113,14.867517337647243,46.98030744219079,3.1591761154388354,3.817720191105519
sz300308,2014-06-05,13.79,13.9,13.39,13.78,-0.000725,763385.0,10416265.36,576832520.0,1653682680.0,0.018237,25.19134503437311,2014-08-25,2014-06-30,-269.3177912165349,14.856735961767876,46.94623905390784,3.1568851972985605,3.8149523439669677
sz300308,2014-06-06,13.8,13.89,13.62,13.79,0.000726,534440.0,7356970.71,577251120.0,1654882740.0,0.012767,25.209633950868064,2014-08-25,2014-06-30,-269.51323228418113,14.867517337647243,46.98030744219079,3.1591761154388354,3.8177219993686875
sz300308,2014-06-09,13.83,13.83,13.63,13.64,-0.010877,287339.0,3929577.4,570972110.0,1636881840.0,0.006864,24.935428762384472,2014-08-25,2014-06-30,-266.58161626948737,14.705796699456737,46.469281617946514,3.124812343334715,3.7761966371815543
sz300308,2014-06-10,13.74,13.79,13.6,13.68,0.002933,452945.0,6205278.18,572646510.0,1641682080.0,0.01082,25.008564374944548,2014-08-25,2014-06-30,-267.3633805400724,14.748922202974205,46.60555517107832,3.1339760158958136,3.787272221918408
sz300308,2014-06-11,13.67,13.73,13.39,13.61,-0.005117,1024548.0,13898848.69,569716300.0,1633281660.0,0.0244759999999999,24.880595551037956,2014-08-25,2014-06-30,-265.9952930665486,14.673452571818634,46.36707645309766,3.1179395889138903,3.7678927499588513
sz300308,2014-06-12,13.58,13.7,13.28,13.43,-0.013226,1038178.0,13889878.91,562181480.0,1611680580.0,0.024801,24.551524794279928,2014-08-25,2014-06-30,-262.4773538489161,14.479387805990028,45.75384546400452,3.0767030623889453,3.718058600447896
sz300308,2014-06-13,13.42,13.69,13.37,13.58,0.011169,682689.0,9238906.13,568460500.0,1629681480.0,0.016309,24.825740774707242,2014-08-25,2014-06-30,-265.40896986360985,14.641108444180535,46.264871288248806,3.1110668344930663,3.759585596956298
sz300308,2014-06-16,13.64,13.68,13.5,13.65,0.005155,562501.0,7654001.63,571390710.0,1638081900.0,0.013438,24.953717468400857,2014-08-25,2014-06-30,-266.7770573371336,14.716578075336104,46.50335000622947,3.1271032614749896,3.778966260708608
sz300308,2014-06-17,13.69,13.7,13.5,13.57,-0.005861,434671.0,5904496.58,568041900.0,1628481420.0,0.010384,24.80746373031856,2014-08-25,2014-06-30,-265.2135287959636,14.630327068301167,46.23080289996585,3.1087759163527915,3.7568177394545947
sz300308,2014-06-18,13.67,13.67,13.21,13.25,-0.023581,438813.0,5884239.61,554646660.0,1590079500.0,0.010483,24.222478928093917,2014-08-25,2014-06-30,-258.95941463128355,14.285323040161419,45.14061447491139,3.0354665358640007,3.668228220340516
sz300308,2014-06-19,13.2,13.25,12.24,12.88,-0.027925,1052558.0,13492120.24,539158410.0,1545677280.0,0.0251449999999999,23.546066204026896,2014-08-25,2014-06-30,-251.72809512837225,13.886412132624837,43.88008410844217,2.9507025646738363,3.565792947287507
sz300308,2014-06-20,12.89,12.98,12.6,12.87,0.000931,850080.0,10846284.02,538739810.0,1544477220.0,0.020308,23.567987591662845,2014-08-25,2014-06-30,-251.53265406072597,13.875630756745469,43.84601572015921,2.948411646533561,3.569112700521432
sz300308,2014-06-23,12.87,13.49,12.85,13.23,0.027972,1190524.0,15657924.96,553809450.0,1587679380.0,0.028441,24.22723134057684,2014-08-25,2014-06-30,-258.56853249599106,14.263760288402686,45.07247769834549,3.0308846995834515,3.668947920980418
sz300308,2014-06-24,13.38,13.84,13.18,13.72,0.037037,2316809.0,31458927.36,574320920.0,1646482320.0,0.055346,25.124535307737787,2014-08-25,2014-06-30,-268.1451448106574,14.792047706491674,46.74182872421013,3.1431396884569125,3.8048347451297695
sz300308,2014-06-25,13.9,13.9,13.45,13.75,0.002187,1577488.0,21529988.37,575576720.0,1650082500.0,0.037685,25.179482666455808,2014-08-25,2014-06-30,-268.73146801359616,14.824391834129775,46.844033889058984,3.1500124428777365,3.8131559187173685
sz300308,2014-06-26,13.75,14.3,13.75,14.15,0.029091,2654795.0,37417001.66,592320770.0,1698084900.0,0.063421,25.91197899670567,2014-08-25,2014-06-30,-276.5491107194462,15.25564686930446,48.20676942037707,3.2416491684887254,3.924084437548775
sz300308,2014-06-27,14.15,14.38,14.0,14.17,0.001413,1555257.0,22061220.39,593157970.0,1700485020.0,0.037154,25.948592623028016,2014-08-25,2014-06-30,-276.9399928547387,15.277209621063193,48.27490619694297,3.2462310047692746,3.9296291688590315
sz300308,2014-06-30,14.3,14.46,13.99,14.39,0.015526,1965512.0,27964721.86,602367200.0,1726886340.0,0.046954,26.35147047209315,2014-08-25,2014-06-30,-281.2396963429563,15.51439989040927,49.02441073916792,3.2966312038553185,3.9906405913347367
sz300308,2014-07-01,14.44,14.62,14.13,14.29,-0.0069489999999999,1371001.0,19656956.46,598181190.0,1714885740.0,0.0327519999999999,26.168354103782576,2014-08-25,2014-06-30,-279.28528566649373,15.406586131615597,48.68372685633839,3.273722022452571,3.962909629865552
sz300308,2014-07-02,14.7,15.72,14.3,15.72,0.10007,10971822.0,164835572.83,658041170.0,1886494320.0,0.262107,28.7870212989481,2014-08-25,2014-06-30,-307.23335833990774,16.948322882365098,53.55550638080053,3.601323316511856,4.3594779965261985
sz300308,2014-07-03,15.3,15.44,15.09,15.23,-0.03117,5383538.0,82225290.57,637529700.0,1827691380.0,0.128608,27.88972984505989,2014-08-25,2014-06-30,-297.65674602524143,16.420035464276108,51.88615535493588,3.4890683276383947,4.223593067374477
sz300308,2014-07-04,15.24,15.45,14.95,15.1,-0.008536,2851795.0,43331652.9,632087890.0,1812090600.0,0.068127,27.651663111102458,2014-08-25,2014-06-30,-295.1160121458401,16.279877577844335,51.4432663072575,3.4592863918148233,4.187540476951368
sz300308,2014-07-07,15.17,15.48,15.1,15.2,0.006623,2941066.0,44914451.18,636273900.0,1824091200.0,0.070259,27.83480007588729,2014-08-25,2014-06-30,-297.07042282230265,16.387691336638007,51.783950190087026,3.4821955732175702,4.2152745575302175
sz300308,2014-07-08,15.25,15.66,15.13,15.53,0.021711,4434942.0,68551438.41,650087740.0,1863693180.0,0.105947,28.43912142033488,2014-08-25,2014-06-30,-303.51997805462895,16.74347674065712,52.90820700342444,3.5577958718466363,4.306792383448756
sz300308,2014-07-09,15.63,15.9,14.87,14.9,-0.040567,4235657.0,64529525.5,623715860.0,1788089400.0,0.101186,27.285431581676157,2014-08-25,2014-06-30,-291.2071907929151,16.06425006025699,50.76189854159847,3.413468029009329,4.13207873682939
sz300308,2014-07-10,14.89,14.9,14.48,14.66,-0.016107,2973450.0,43553278.43,613669430.0,1759287960.0,0.071033,26.845945135190096,2014-08-25,2014-06-30,-286.51660516940507,15.805497039152183,49.94425722280762,3.358485993642736,4.065523344615279
sz300308,2014-07-11,14.63,14.74,14.38,14.58,-0.005457,2264248.0,32956688.54,610320620.0,1749687480.0,0.054091,26.69944681258736,2014-08-25,2014-06-30,-284.95307662823507,15.719246032117246,49.671710116544006,3.340158648520538,4.043337783723713
sz300308,2014-07-14,14.6,14.82,14.54,14.79,0.014403,1422981.0,20920878.54,619111250.0,1774888740.0,0.0339939999999999,27.083998945029055,2014-08-25,2014-06-30,-289.0573390488063,15.945654925583954,50.38714627048599,3.388267929466307,4.101573977822685
sz300308,2014-07-15,14.49,14.63,13.92,14.09,-0.047329,3558215.0,50778176.96,589809160.0,1690884540.0,0.085002,25.802140358959775,2014-08-25,2014-06-30,-275.3764643135687,15.190958614028256,48.002359090679356,3.227903659647077,3.9074505830263155
sz300308,2014-07-16,14.0,14.14,13.87,14.03,-0.004258,1265175.0,17737181.23,587297550.0,1683684180.0,0.030224,25.692274845311328,2014-08-25,2014-06-30,-274.2038179076912,15.126270358752054,47.79794876098164,3.2141581508054284,3.8908126584437897
sz300308,2014-07-17,14.0,14.18,13.99,14.1,0.004989,800868.0,11277999.7,590227760.0,1692084600.0,0.019132,25.820453604514583,2014-08-25,2014-06-30,-275.57190538121495,15.201739989907624,48.0364274789623,3.2301945777873518,3.910223922796766
sz300308,2014-07-18,14.16,14.23,14.01,14.09,-0.000709,833207.0,11774860.89,589809160.0,1690884540.0,0.019905,25.802146902908984,2014-08-25,2014-06-30,-275.3764643135687,15.190958614028256,48.002359090679356,3.227903659647077,3.907451574035503
sz300308,2014-07-21,14.09,14.18,13.86,13.91,-0.012775,849716.0,11867340.49,582274340.0,1669283460.0,0.020299,25.472524476224322,2014-08-25,2014-06-30,-271.85852509593616,14.99689384819965,47.389128101586216,3.186667133122132,3.8575338801771997
sz300308,2014-07-22,13.9,14.06,13.84,13.97,0.004313,799329.0,11163832.3,584785950.0,1676483820.0,0.0190949999999999,25.58238747429028,2014-08-25,2014-06-30,-273.0311715018137,15.061582103475851,47.59353843128393,3.2004126419637804,3.874171423802404
sz300308,2014-07-23,14.03,14.03,13.6,13.78,-0.0136009999999999,923349.0,12734979.67,576832520.0,1653682680.0,0.022058,25.23444142225246,2014-08-25,2014-06-30,-269.3177912165349,14.856735961767876,46.94623905390784,3.1568851972985605,3.8214788182672677
sz300308,2014-07-24,13.8,13.87,13.58,13.73,-0.003628,653456.0,8978617.16,574739520.0,1647682380.0,0.0156099999999999,25.142890868772525,2014-08-25,2014-06-30,-268.34058587830367,14.80282908237104,46.775897112493084,3.1454306065971873,3.807614493114594
sz300308,2014-07-25,13.79,13.87,13.61,13.8,0.005098,614089.0,8453494.39,577669730.0,1656082800.0,0.0146699999999999,25.271069326421532,2014-08-25,2014-06-30,-269.70867335182743,14.878298713526611,47.01437583047375,3.16146703357911,3.8270257118004927
sz300308,2014-07-28,13.8,14.12,13.8,14.05,0.018116,994336.0,13896308.07,588134760.0,1686084300.0,0.023754,25.728880018338987,2014-08-25,2014-06-30,-274.59470004298373,15.147833110510788,47.86608553754755,3.218739987085978,3.896356109595471
sz300308,2014-07-29,14.11,14.79,14.07,14.34,0.020641,2405090.0,34355609.74,600274190.0,1720886040.0,0.0574549999999999,26.259949830797517,2014-08-25,2014-06-30,-280.262491004725,15.460493011012435,48.85406879775316,3.285176613153945,3.9767807960536303
sz300308,2014-07-30,14.24,14.36,14.11,14.23,-0.0076709999999999,1223213.0,17394579.36,595669580.0,1707685380.0,0.0292209999999999,26.05850975564547,2014-08-25,2014-06-30,-278.1126392606162,15.341897876339397,48.47931652664069,3.259976513610923,3.946274910567103
sz300308,2014-07-31,14.15,14.32,14.14,14.27,0.002811,845393.0,12033818.79,597343980.0,1712485620.0,0.020196,26.131760226568588,2014-08-25,2014-06-30,-278.89440353120125,15.385023379856865,48.61559007977249,3.269140186172022,3.957367889340707
sz300308,2014-08-01,14.27,14.4,14.2,14.32,0.0035039999999999,1504355.0,21526508.51,599436990.0,1718485920.0,0.035938,26.223325914402484,2014-08-25,2014-06-30,-279.8716088694325,15.4389302592537,48.78593202118725,3.2805947768733956,3.9712345064249566
sz300308,2014-08-04,14.35,14.37,14.18,14.34,0.001397,1215563.0,17372772.57,600274190.0,1720886040.0,0.029039,26.259959900704906,2014-08-25,2014-06-30,-280.262491004725,15.460493011012435,48.85406879775316,3.285176613153945,3.9767823210304325
sz300308,2014-08-05,14.3,14.5,14.1,14.49,0.0104599999999999,1839446.0,26449564.47,606553210.0,1738886940.0,0.043943,26.534639081266278,2014-08-25,2014-06-30,-283.19410701941877,15.62221364920294,49.365094621997436,3.319540385258066,4.01837946410841
sz300308,2014-08-06,14.47,14.47,14.33,14.42,-0.004831,1061807.0,15277458.13,603623000.0,1730486520.0,0.025366,26.406450239864675,2014-08-25,2014-06-30,-281.826019545895,15.546744018047372,49.126615904016774,3.3035039582761425,3.998966672917302
sz300308,2014-08-07,14.39,14.46,14.13,14.16,-0.018031,1278162.0,18293998.75,592739370.0,1699284960.0,0.030534,25.930315535589674,2014-08-25,2014-06-30,-276.74455178709246,15.266428245183826,48.24083780866002,3.243940086629,3.92686130483793
sz300308,2014-08-08,14.16,14.31,14.16,14.29,0.009181,601763.0,8558235.08,598181190.0,1714885740.0,0.014376,26.168381762521925,2014-08-25,2014-06-30,-279.28528566649373,15.406586131615597,48.68372685633839,3.273722022452571,3.9629138184776473
sz300308,2014-08-11,14.3,14.38,14.24,14.36,0.004899,1272911.0,18233349.08,601111400.0,1723286160.0,0.030409,26.29658066477652,2014-08-25,2014-06-30,-280.6533731400175,15.482055762771168,48.92220557431906,3.289758449434494,3.982328133274369
sz300308,2014-08-12,14.37,14.66,14.34,14.63,0.018802,2620784.0,38136356.43,612413630.0,1755687780.0,0.062608,26.79100897443565,2014-08-25,2014-06-30,-285.93028196646634,15.773152911514082,49.84205205795877,3.351613239221912,4.057203866836194
sz300308,2014-08-13,14.65,14.94,14.53,14.94,0.021189,2751407.0,40489564.32,625390270.0,1792889640.0,0.065729,27.358683663594967,2014-08-25,2014-06-30,-291.9889550635001,16.10737556377446,50.89817209473027,3.422631701570428,4.143171959570586
sz300308,2014-08-14,14.87,14.88,14.6,14.68,-0.017403,1838263.0,27148603.19,614506640.0,1761688080.0,0.043914,26.882560491797424,2014-08-25,2014-06-30,-286.90748730469755,15.827059790910916,50.01239399937352,3.3630678299232852,4.07106833795818
sz300308,2014-08-15,14.62,14.8,14.6,14.74,0.0040869999999999,1195147.0,17599185.6,617018240.0,1768888440.0,0.028551,26.9924295165274,2014-08-25,2014-06-30,-288.08013371057507,15.89174804618712,50.21680432907124,3.3768133387649337,4.087706794255415
sz300308,2014-08-18,14.72,15.13,14.72,15.0,0.017639,1736887.0,25928314.81,627901880.0,1800090000.0,0.041493,27.468548980769427,2014-08-25,2014-06-30,-293.1616014693776,16.172063819050663,51.102582424427986,3.436377210412076,4.159809854399286
sz300308,2014-08-19,15.0,15.08,14.83,14.96,-0.002667,1226185.0,18316946.64,626227470.0,1795289760.0,0.029292,27.395290360637713,2014-08-25,2014-06-30,-292.37983719879264,16.128938315533198,50.96630887129618,3.4272135378509776,4.148715641517603
sz300308,2014-08-20,14.85,15.06,14.76,14.88,-0.0053479999999999,1409048.0,21035618.21,622878660.0,1785689280.0,0.033661,27.248780347789022,2014-08-25,2014-06-30,-290.8163086576226,16.04268730849826,50.69376176503256,3.40888619272878,4.1265283102667665
sz300308,2014-08-21,14.87,15.07,14.68,14.81,-0.004704,2323448.0,34441356.89,619948450.0,1777288860.0,0.055505,27.120602085033024,2014-08-25,2014-06-30,-289.4482211840988,15.967217677342688,50.4552830470519,3.3928497657468566,4.107117121095272
sz300308,2014-08-22,14.8,15.13,14.8,15.1,0.019581,3355074.0,50400352.64,632087890.0,1812090600.0,0.08015,27.651650594460055,2014-08-25,2014-06-30,-295.1160121458401,16.279877577844335,51.4432663072575,3.4592863918148233,4.187538581443438
sz300308,2014-08-25,15.1,15.26,14.98,14.98,-0.007947,2971074.0,44881704.08,627064670.0,1797689880.0,0.070976,27.431902927185877,2014-08-25,2014-06-30,-292.77071933408513,16.15050106729193,51.034445647862086,3.431795374131527,4.154260212336707
sz300308,2014-08-26,14.88,14.92,14.24,14.32,-0.044059,2742264.0,39900866.38,599436990.0,1718485920.0,0.06551,26.223280716116996,2014-10-27,2014-09-30,-3319.761742504969,15.661190028160597,207.96503988153506,3.241206705761245,3.971227661641364
sz300308,2014-08-27,14.27,14.47,14.27,14.36,0.002793,1093353.0,15703516.55,601111400.0,1723286160.0,0.026119,26.296522339157114,2014-10-27,2014-09-30,-3329.0348199979994,15.704936369021379,208.54594781416503,3.2502603557773377,3.9823193005003286
sz300308,2014-08-28,14.32,14.46,14.1,14.17,-0.013231,1175057.0,16804760.81,593157970.0,1700485020.0,0.028071,25.948593052087723,2014-10-27,2014-09-30,-3284.987701906104,15.497141249932657,205.78663513417263,3.207255518200897,3.9296292338354086
sz300308,2014-08-29,14.24,14.55,14.05,14.44,0.0190539999999999,912742.0,13087551.91,604460210.0,1732886640.0,0.021805,26.4430175441022,2014-10-27,2014-09-30,-3347.580974984061,15.792429050742946,209.70776367942503,3.2683676558095236,4.004504389256908
sz300308,2014-09-01,14.44,14.73,14.41,14.69,0.017313,1099962.0,16059458.63,614925240.0,1762888140.0,0.026277,26.900825506843237,2014-10-27,2014-09-30,-3405.537709315502,16.065843681122846,213.33843825836243,3.324952968410104,4.073834373748112
sz300308,2014-09-02,14.71,14.93,14.67,14.83,0.00953,2986977.0,44224520.57,620785650.0,1779688980.0,0.0713559999999999,27.157190373923456,2014-10-27,2014-09-30,-3437.99348054111,16.218955874135588,215.3716160225674,3.356640743466429,4.112658015329933
sz300308,2014-09-03,14.84,15.18,14.82,15.12,0.019555,4133653.0,62109099.86,632925090.0,1814490720.0,0.098749,27.688249231685532,2014-10-27,2014-09-30,-3505.2232923655815,16.53611684537627,219.5831985341348,3.4222797060831023,4.193081042819709
sz300308,2014-09-04,15.2,15.37,15.08,15.35,0.015212,3059911.0,46635303.11,642552920.0,1842092100.0,0.073098,28.109442878997932,2014-10-27,2014-09-30,-3558.543487950508,16.787658305325778,222.9234191467572,3.4743381936756363,4.256866191643082
sz300308,2014-09-05,15.37,15.88,15.33,15.63,0.018241,4630882.0,72394295.72,654273750.0,1875693780.0,0.110628,28.622187226553727,2014-10-27,2014-09-30,-3623.4550304017225,17.093882691351265,226.98977467516713,3.5377137437882866,4.334515687844843
sz300308,2014-09-09,15.7,16.22,15.54,16.18,0.035189,3816322.0,60775866.58,677296820.0,1941697080.0,0.091168,29.629373372868923,2014-10-27,2014-09-30,-3750.9598459308936,17.69539487818704,234.97725874882943,3.6622014315095632,4.487042960384415
sz300308,2014-09-10,16.1,16.1,15.82,15.96,-0.013597,3043195.0,48516593.33,668087600.0,1915295760.0,0.072699,29.226502783118026,2014-10-27,2014-09-30,-3699.957919719225,17.454790003452732,231.78226511936452,3.6124063564210527,4.426032637252068
sz300308,2014-09-11,15.96,16.1,15.32,15.64,-0.02005,4986727.0,78520143.49,654692360.0,1876893840.0,0.119128,28.640511402316505,2014-10-27,2014-09-30,-3625.7732997749804,17.104819276566463,227.13500165832463,3.5399771562923097,4.337290682875164
sz300308,2014-09-12,15.58,16.08,15.52,15.98,0.0217389999999999,3024729.0,47916408.6,668924800.0,1917695880.0,0.072258,29.263127479691462,2014-10-27,2014-09-30,-3704.5944584657404,17.476663173883125,232.0727190856795,3.616933181429099,4.431579045030187
sz300308,2014-09-15,16.08,16.91,16.02,16.8,0.051314,6084191.0,100798458.97,703250100.0,2016100800.0,0.145346,30.764735603184352,2014-10-27,2014-09-30,-3894.692547072869,18.37346316152919,243.98133170459423,3.8025330067590026,4.658981092146866
sz300308,2014-09-16,16.74,16.9,16.12,16.28,-0.0309519999999999,4395549.0,72766497.67,681482840.0,1953697680.0,0.1050059999999999,29.812505506794594,2014-10-27,2014-09-30,-3774.14253966347,17.804760730339,236.42952858040442,3.6848355565497948,4.514776309382737
sz300308,2014-09-17,16.28,16.58,16.15,16.46,0.0110569999999999,2536216.0,41482644.92,689017660.0,1975298760.0,0.060588,30.14214238018322,2014-10-27,2014-09-30,-3815.8713883821083,18.00161926421253,239.04361427723936,3.7255769816222135,4.564696191035582
sz300308,2014-09-18,16.38,16.45,16.08,16.29,-0.010328,2032908.0,33076666.12,681901440.0,1954897740.0,0.0485639999999999,29.830834333680688,2014-10-27,2014-09-30,-3776.460809036728,17.815697315554196,236.57475556356187,3.6870989690538183,4.517552008774566
sz300308,2014-09-19,16.13,16.2,15.78,16.07,-0.013505,3057037.0,48713656.9,672692210.0,1928496420.0,0.07303,29.427968916004332,2014-10-27,2014-09-30,-3725.4588828250594,17.575092440819887,233.37976193409696,3.6373038939653077,4.456542468896066
sz300308,2014-09-22,15.91,15.94,15.64,15.73,-0.021157,1715293.0,27077091.29,658459770.0,1887694380.0,0.040977,28.805361377648428,2014-10-27,2014-09-30,-3646.6377241342993,17.203248543503225,228.4420445067421,3.5603478688285186,4.362255399881632
sz300308,2014-09-23,15.79,16.17,15.69,16.05,0.020343,1701867.0,27177175.04,671855010.0,1926096300.0,0.040656,29.39134884415393,2014-10-27,2014-09-30,-3720.822344078544,17.553219270389494,233.089307967782,3.6327770689572616,4.450996761481424
sz300308,2014-09-24,16.01,16.89,16.01,16.89,0.052336,3791204.0,62779139.28,1056849530.0,2026901340.0,0.060589,30.929574477261568,2014-10-27,2014-09-30,-3915.5569714321878,18.471892428465956,245.2883745530117,3.8229037192952116,4.683944127990315
sz300308,2014-09-25,17.15,17.18,16.62,16.64,-0.014802,3356052.0,56541854.8,1041206400.0,1996899840.0,0.053635,30.471754915849143,2014-10-27,2014-09-30,-3857.600237100746,18.198477798086056,241.6576999740743,3.7663184066946314,4.614612387007803
sz300308,2014-09-26,16.7,16.96,16.51,16.7,0.003606,2278531.0,38085007.5,1044960750.0,2004100200.0,0.036414,30.581636064075695,2014-10-27,2014-09-30,-3871.509853340292,18.26409730937723,242.52906187301923,3.77989888171877,4.631252679275352
sz300308,2014-09-29,16.8,17.29,16.71,17.21,0.030539,3948234.0,66912718.67,1076872730.0,2065303260.0,0.063099,31.515568647836506,2014-10-27,2014-09-30,-3989.741591376433,18.821863155352226,249.9356380140516,3.8953329194239545,4.772686504847743
sz300308,2014-09-30,17.23,17.33,16.91,17.18,-0.001743,2997621.0,51335548.33,1074995550.0,2061703080.0,0.047906,31.460637011683325,2014-10-27,2014-09-30,-3982.7867832566594,18.789053399706635,249.4999570645791,3.888542681911885,4.764367712269793
sz300308,2014-10-08,9.58,10.49,9.46,10.49,0.0990679999999999,10827318.0,108295562.2,1181493950.0,2265953290.0,0.096131,34.57737939915677,2014-10-27,2014-09-30,-4377.356226721525,20.650460185106258,274.21758935595216,4.27377548632447,5.2363640927889366
sz300308,2014-10-09,10.8,11.0,10.25,10.45,-0.003813,16877385.0,179440327.33,1176988730.0,2257312860.0,0.149847,34.445535851507785,2014-10-27,2014-09-30,-4360.664691097658,20.571716789783576,273.17195531925097,4.257478920067668,5.216397836503133
sz300308,2014-10-10,10.38,10.38,10.06,10.23,-0.021053,7820842.0,79769266.86,1152210020.0,2209790480.0,0.069438,33.72035398522599,2014-10-27,2014-09-30,-4268.861216189477,20.138627978808355,267.42096630214843,4.167847777364019,5.106577012851233
sz300308,2014-10-13,10.25,10.64,10.1,10.56,0.0322579999999999,11675694.0,121332992.79,1189378080.0,2281074050.0,0.103664,34.80810516408141,2014-10-27,2014-09-30,-4406.566428551749,20.788261195271186,276.0474498278023,4.302294491419494,5.2713049741317874
sz300308,2014-10-14,10.35,10.5,10.12,10.22,-0.032197,6310120.0,65101737.01,1151083710.0,2207630380.0,0.056025,33.68738860211348,2014-10-27,2014-09-30,-4264.688346771969,20.11894219832793,267.15955870059645,4.163773649945439,5.101584767879666
sz300308,2014-10-15,10.23,10.28,9.7,10.06,-0.015656,5964765.0,59689893.1,1133062830.0,2173068650.0,0.052959,33.15997884615879,2014-10-27,2014-09-30,-4197.922184958559,19.803968525903553,262.97702134362765,4.098587366057405,5.021714356753742
sz300308,2014-10-16,10.0,10.17,9.86,10.0,-0.005964,3873316.0,38901501.39,1126305000.0,2160108000.0,0.03439,32.962212732320296,2014-10-27,2014-09-30,-4172.884871863787,19.685853387352708,261.4085696834938,4.074142507241788,4.991764852330062
sz300308,2014-10-17,9.91,10.03,9.58,9.86,-0.0139999999999999,4083833.0,39920606.11,1110536730.0,2129866490.0,0.036259,32.50074175406782,2014-10-27,2014-09-30,-4114.464487521283,19.410251458156498,257.74884994995773,4.0171045159125685,4.921880144397442
sz300308,2014-10-20,9.84,10.09,9.71,10.01,0.0152129999999999,2947115.0,29268704.38,1127431310.0,2162268110.0,0.026166,32.99517553837245,2014-10-27,2014-09-30,-4177.05776059924,19.705539258966787,261.66997849521016,4.078216653521196,4.99675670703416
sz300308,2014-10-21,10.0,10.05,9.73,9.79,-0.021978,2704199.0,26690757.91,1102652600.0,2114745730.0,0.024009,32.27000757039009,2014-10-27,2014-09-30,-4085.2542856910595,19.272450447991567,255.91898947810756,3.9885855108175456,4.886937988126963
sz300308,2014-10-22,9.8,9.89,9.5,9.56,-0.023493,2872840.0,27844521.14,1076747580.0,2065063250.0,0.025507,31.51188828253892,2014-10-27,2014-09-30,-3989.27794136537,18.819675856535913,249.90659285945296,3.894880240695315,4.772129153971896
sz300308,2014-10-23,9.54,9.65,9.13,9.2,-0.0376569999999999,3952635.0,37148426.35,1036200600.0,1987299360.0,0.035094,30.325245105483354,2014-10-27,2014-09-30,-3839.054082114685,18.11098511636449,240.4958841088143,3.7482111066624455,4.592425086420777
sz300308,2014-10-24,9.22,9.36,9.13,9.21,0.0010869999999999,2004483.0,18520633.38,1037326910.0,1989459470.0,0.017797,30.35820864691301,2014-10-27,2014-09-30,-3843.2269708501376,18.130670987978572,240.7572929205307,3.7522852529418524,4.597417052489715
sz300308,2014-10-27,9.21,9.33,9.15,9.22,0.001086,1903391.0,17599545.98,1038453210.0,1991619580.0,0.016899,30.391177661503555,2014-10-27,2014-09-30,-3847.39985958559,18.150356859592655,241.01870173224702,3.75635939922126,4.602409847408719
sz300308,2014-10-28,9.29,9.58,9.29,9.53,0.033623,3929792.0,37156063.6,1073368670.0,2058582920.0,0.034891,31.41302022801629,2015-08-26,2015-06-30,340.02382756644437,19.86328373174567,341.5984453793137,3.8142379818805328,4.757156673708142
sz300308,2014-10-29,9.55,9.79,9.55,9.62,0.009444,4193060.0,40571814.52,1083505410.0,2078023900.0,0.037228,31.709684791049675,2015-08-26,2015-06-30,343.2349668249216,20.050869909602035,344.8244551164635,3.850259131964194,4.802083261334642
sz300308,2014-10-30,9.59,9.74,9.54,9.69,0.007277,4065610.0,39312150.35,1091389550.0,2093144650.0,0.036097,31.940436167274143,2015-08-26,2015-06-30,345.732517562725,20.19677015222466,347.3335717727745,3.8782755593833627,4.837028021227374
sz300308,2014-10-31,9.7,9.73,9.4,9.48,-0.021672,3943318.0,37561902.29,1067737140.0,2047782380.0,0.035011,31.248223034656974,2015-08-26,2015-06-30,338.23986204584025,19.759069231376618,339.8062184850689,3.7942262400689284,4.732199949951334
sz300308,2014-11-03,9.45,9.74,9.44,9.74,0.027426,4590280.0,44343049.09,1097021070.0,2103945190.0,0.040755,32.10523679960548,2015-08-26,2015-06-30,347.51648308332904,20.300984652593716,349.12579866701935,3.8982873011949675,4.861985265778699
sz300308,2014-11-04,9.74,9.74,9.54,9.54,-0.020534,3892560.0,37442351.09,1074494970.0,2060743030.0,0.03456,31.445987867162376,2015-08-26,2015-06-30,340.3806210009127,19.884126651117498,341.95689109004,3.818240333948548,4.762149260331199
sz300308,2014-11-05,9.56,9.58,9.32,9.48,-0.006289,3740094.0,35180394.0,1067737140.0,2047782380.0,0.033207,31.248224049465794,2015-08-26,2015-06-30,338.23986204584025,19.759069231376618,339.8062184850689,3.7942262400689284,4.732200103632977
sz300308,2014-11-06,9.48,9.67,9.43,9.59,0.011603,5082487.0,48493883.34,1080126500.0,2071543570.0,0.045125,31.610797193111747,2015-08-26,2015-06-30,342.16458652151675,19.98834115148655,343.74911798428485,3.8382520757601526,4.78710782143543
sz300308,2014-11-07,9.65,9.75,9.54,9.59,0.0,5504982.0,53181634.46,1080126500.0,2071543570.0,0.0488759999999999,31.610797193111747,2015-08-26,2015-06-30,342.16458652151675,19.98834115148655,343.74911798428485,3.8382520757601526,4.78710782143543
sz300308,2014-11-17,9.19,9.88,9.02,9.53,-0.006257,6638266.0,63183590.3,1073368670.0,2058582920.0,0.058938,31.413008435074445,2015-08-26,2015-06-30,340.02382756644437,19.86328373174567,341.5984453793137,3.8142379818805328,4.757154887796708
sz300308,2014-11-18,9.45,9.75,9.45,9.55,0.0020989999999999,3080966.0,29504599.56,1075621280.0,2062903140.0,0.027355,31.47894433977966,2015-08-26,2015-06-30,340.73741443538097,19.904969570489325,342.3153368007662,3.8222426860165606,4.767140155906192
sz300308,2014-11-19,9.64,9.71,9.48,9.65,0.010471,3379580.0,32562633.72,1086884330.0,2084504220.0,0.030006,31.80856036596149,2015-08-26,2015-06-30,344.30534547658914,20.113398571227435,345.89979058925593,3.8622661696397715,4.817056880478686
sz300308,2014-11-20,9.7,9.74,9.56,9.63,-0.002073,2516916.0,24252314.26,1084631720.0,2080184000.0,0.022347,31.742621220322853,2015-08-26,2015-06-30,343.5917586076526,20.07171273248378,345.18289916780344,3.8542614655037437,4.807071121565453
sz300308,2014-11-21,9.61,9.69,9.56,9.66,0.0031149999999999,2700928.0,26044150.62,1088010630.0,2086664330.0,0.02398,31.84149948542416,2015-08-26,2015-06-30,344.6621389110574,20.134241490599262,346.2582362999822,3.866268521707785,4.82204514810913
sz300308,2014-11-24,9.7,9.78,9.56,9.59,-0.0072459999999999,3977834.0,38267361.75,1080126500.0,2071543570.0,0.035318,31.61077598015278,2015-08-26,2015-06-30,342.16458652151675,19.98834115148655,343.74911798428485,3.8382520757601526,4.787104608965932
sz300308,2014-11-25,9.56,10.55,9.56,10.55,0.100104,10557878.0,107486170.35,1188251780.0,2278913940.0,0.093739,34.775141098869994,2015-08-26,2015-06-30,376.4167248474628,21.98925957787041,378.1598746856632,4.222477522248662,5.266312928741858
sz300308,2014-11-26,11.05,11.61,11.05,11.4,0.080569,26961937.0,308191653.91,1283987700.0,2462523120.0,0.239384,37.576939442064855,2015-08-26,2015-06-30,406.74413869773224,23.760906084144327,408.62773188782563,4.5626771330459475,5.690614495097661
sz300308,2014-11-27,11.7,12.34,11.21,12.27,0.076316,30205546.0,354748557.18,1381976240.0,2650452520.0,0.268183,40.44466115252548,2015-08-26,2015-06-30,437.7851394169383,25.5742384291619,439.8124805114406,4.910881447979261,6.1248994309055345
sz300308,2014-11-28,11.8,12.16,11.45,11.66,-0.0497149999999999,19727947.0,232372487.5,1313271630.0,2518685930.0,0.175156,38.433954823327674,2015-08-26,2015-06-30,416.02075973522096,24.302821505361422,417.9473120697761,4.6667381941719865,5.820400055698066
sz300308,2014-12-01,11.65,11.65,11.0,11.18,-0.041166,12699837.0,142507618.21,1259208990.0,2415000740.0,0.112757,36.851782639070564,2015-08-26,2015-06-30,398.89468974637936,23.302362243924456,400.7419328893938,4.474625461663499,5.580797467005199
sz300308,2014-12-02,11.2,11.47,11.06,11.25,0.006261,9905788.0,111728699.27,1267093130.0,2430121500.0,0.087949,37.08251165017379,2015-08-26,2015-06-30,401.39224213591996,23.448262583037167,403.2510512050911,4.502641907611133,5.615738839946119
sz300308,2014-12-03,11.15,11.38,10.85,11.33,0.007111,11001529.0,122105154.48,1276103570.0,2447402360.0,0.097678,37.34620539051818,2015-08-26,2015-06-30,404.2465863081916,23.615005745031617,406.1186135721283,4.534660687098315,5.655672358836976
sz300308,2014-12-04,11.34,12.33,11.34,11.83,0.044131,19326220.0,230399962.85,1332418820.0,2555407760.0,0.17159,38.994330780607136,2015-08-26,2015-06-30,422.0862415142325,24.65715074872216,424.0408825145768,4.734778105214365,5.905262835704811
sz300308,2014-12-05,11.54,11.69,10.81,11.16,-0.056636,10617140.0,119203938.92,1256956380.0,2410680530.0,0.094265,36.78584786251667,2015-08-26,2015-06-30,398.18110452918006,23.260676501670883,400.0250431273277,4.466620776055937,5.570812369741833
sz300308,2014-12-08,10.97,11.71,10.82,11.21,0.00448,9202415.0,103836351.69,1262587910.0,2421481070.0,0.081704,36.95064846094074,2015-08-26,2015-06-30,399.9650700497842,23.364891002039936,401.8172700215725,4.486632517867541,5.5957696091582765
sz300308,2014-12-09,11.0,11.13,10.21,10.24,-0.08653,9029700.0,96262422.25,1153336320.0,2211950590.0,0.080171,33.75330884961554,2015-08-26,2015-06-30,365.35613828936994,21.34312965628426,367.04806760946786,4.098404719311017,5.1115676648778114
sz300308,2014-12-10,10.0,10.84,10.0,10.64,0.039063,6619320.0,69359038.97,1198388520.0,2298354910.0,0.05877,35.071814353208076,2015-08-26,2015-06-30,379.62786245420267,22.17684565923669,381.3858827634267,4.258498653803858,5.311240832570933
sz300308,2014-12-11,10.64,10.98,10.51,10.88,0.022556,6591120.0,70860457.36,1225419840.0,2350197500.0,0.05852,35.86289419775903,2015-08-26,2015-06-30,388.1908966227548,22.67707524171013,389.98857152392463,4.354555010793869,5.4310411807904035
sz300308,2014-12-12,10.95,11.18,10.71,11.15,0.024816,5492455.0,60335112.04,1255830080.0,2408520420.0,0.0487649999999999,36.75286778017062,2015-08-26,2015-06-30,397.8243110947118,23.23983358229906,399.6665974166014,4.462618423987922,5.565817898732897
sz300308,2014-12-15,11.08,11.59,10.9,11.44,0.0260089999999999,8370324.0,94915285.38,1288492920.0,2471163550.0,0.074317,37.70877311826508,2015-08-26,2015-06-30,408.1713107838681,23.844277665141554,410.0615130713443,4.578686522789539,5.710579256461041
sz300308,2014-12-16,11.36,11.66,11.22,11.44,0.0,6668062.0,76318624.45,1288492920.0,2471163550.0,0.059203,37.70877311826508,2015-08-26,2015-06-30,408.1713107838681,23.844277665141554,410.0615130713443,4.578686522789539,5.710579256461041
sz300308,2014-12-17,11.42,11.77,11.02,11.47,0.0026219999999999,8346322.0,95511173.97,1291871840.0,2477643880.0,0.074104,37.80764552138117,2015-08-26,2015-06-30,409.2416910872729,23.906806423257034,411.13685020352295,4.590693578993579,5.725552395271482
sz300308,2014-12-18,11.3,11.66,11.0,11.07,-0.034874,6695392.0,75691297.05,1246819640.0,2391239560.0,0.059446,36.48914169146852,2015-08-26,2015-06-30,394.9699669224402,23.073090420304606,396.79903504956417,4.43059964450074,5.525879481038784
sz300308,2014-12-19,11.03,11.03,10.3,10.39,-0.0614269999999999,6154339.0,65049216.31,1170230900.0,2244352210.0,0.0546419999999999,34.247723184786686,2015-08-26,2015-06-30,370.7080348511822,21.65577315739142,372.4247482922024,4.158439944745833,5.186441282157015
sz300308,2014-12-22,10.26,10.27,9.35,9.37,-0.098171,5793954.0,55607483.13,1055347790.0,2024021200.0,0.0514419999999999,30.885589952012996,2015-08-26,2015-06-30,334.31513922190123,19.529797407756764,335.8633206452393,3.7502004229061683,4.677283155046379
sz300308,2014-12-23,9.37,9.75,9.28,9.49,0.0128069999999999,2828986.0,27018566.78,1068863450.0,2049942490.0,0.025117,31.281141702528423,2015-08-26,2015-06-30,338.5966554803086,19.779912150748444,340.1646641957951,3.7982285921369425,4.7371851204130575
sz300308,2014-12-24,9.67,9.82,9.58,9.79,0.031612,2470477.0,23993105.52,1102652600.0,2114745730.0,0.021934,32.27000115402875,2015-08-26,2015-06-30,349.30044860393315,20.40519915296277,350.91802556126424,3.9182990430065727,4.886937016439554
sz300308,2014-12-25,9.79,10.11,9.7,9.9,0.011236,2918460.0,28890976.8,1115041950.0,2138506920.0,0.025912,32.63258688699541,2015-08-26,2015-06-30,353.2251730796096,20.634471073072707,354.86092506048016,3.9623248786977965,4.941846640756269
sz300308,2014-12-26,9.9,9.9,9.59,9.71,-0.0191919999999999,3292029.0,31813815.91,1093642160.0,2097464870.0,0.029229,32.0063022794602,2015-08-26,2015-06-30,346.4461044316615,20.238455990968315,348.050463194227,3.88628026351939,4.847002720026875
sz300308,2014-12-29,9.72,9.73,9.12,9.26,-0.0463439999999999,3838852.0,35642272.32,1042958430.0,2000260010.0,0.0340839999999999,30.5230022066209,2015-08-26,2015-06-30,330.39041474622474,19.30052548764683,331.9204211460234,3.7061745872149445,4.622373225969951
sz300308,2014-12-30,9.2,9.26,9.11,9.22,-0.00432,1979967.0,18157328.27,1038453210.0,1991619580.0,0.017579,30.3911428370883,2015-08-26,2015-06-30,328.9632426600889,19.217153906649603,330.4866399625048,3.690165197471354,4.60240457363376
sz300308,2014-12-31,9.27,9.44,9.1,9.25,0.003254,2174108.0,20130768.81,1041832130.0,1998099900.0,0.019303,30.49003561588019,2015-08-26,2015-06-30,330.0336213117564,19.279682568275003,331.56197543529714,3.702172235146931,4.617380798116365
sz300308,2015-01-05,9.26,9.31,8.4,8.99,-0.0281079999999999,3484231.0,30881826.0,1012548200.0,1941937090.0,0.030935,29.63302169478903,2015-08-26,2015-06-30,320.75700027426774,18.7377671470579,322.2423952533467,3.5981111740208918,4.487595458642911
sz300308,2015-01-06,8.98,9.41,8.8,9.37,0.042269,3404303.0,31266571.2,1055347790.0,2024021200.0,0.030225,30.88557988880607,2015-08-26,2015-06-30,334.31513922190123,19.529797407756764,335.8633206452393,3.7502004229061683,4.677281631084289
sz300308,2015-01-07,9.49,9.88,9.35,9.58,0.022412,5210231.0,50321265.57,1079000190.0,2069383460.0,0.04626,31.577787505273992,2015-08-26,2015-06-30,341.8077930870485,19.967498232114725,343.3906722735586,3.834249723692139,4.78210886700015
sz300308,2015-01-08,9.5,9.92,9.36,9.65,0.0073069999999999,4364238.0,42153703.41,1086884330.0,2084504220.0,0.038748,31.808526398575026,2015-08-26,2015-06-30,344.30534547658914,20.113398571227435,345.89979058925593,3.8622661696397715,4.81705173649132
sz300308,2015-01-09,9.59,9.86,9.35,9.45,-0.020725,3362075.0,32234347.51,1064358230.0,2041302060.0,0.02985,31.14929468896456,2015-08-26,2015-06-30,337.16948339417286,19.69654056975122,338.7308830122766,3.7822192023933514,4.717218339252537
sz300308,2015-01-12,9.35,9.36,8.88,8.92,-0.056085,2643898.0,23964636.92,1004664060.0,1926816340.0,0.023474,29.40228649633398,2015-08-26,2015-06-30,318.2594495364644,18.59186690443528,319.7332785970357,3.5700947466017237,4.452653148695558
sz300308,2015-01-13,8.96,9.47,8.9,9.39,0.0526909999999999,3174711.0,29334348.78,1057600400.0,2028341410.0,0.028187,30.951522374112308,2015-08-26,2015-06-30,335.0287244391004,19.571483150010337,336.58021040730546,3.7582051085137325,4.687267895753474
sz300308,2015-01-14,9.48,9.58,9.13,9.56,0.018104,3644231.0,34112903.4,1076747580.0,2065063250.0,0.032356,31.511868735173234,2015-08-26,2015-06-30,341.09420786984924,19.92581248986115,342.67378251149245,3.8262450380845747,4.772126193738195
sz300308,2015-01-15,9.5,9.85,9.46,9.61,0.0052299999999999,4003507.0,38642295.83,1082379110.0,2075863790.0,0.035545,31.67667580865818,2015-08-26,2015-06-30,342.87817339045336,20.03002699023021,344.46600940573734,3.84625677989618,4.797084413731445
sz300308,2015-01-16,9.51,9.72,9.0,9.71,0.010406,3467603.0,32970581.56,1093642160.0,2097464870.0,0.030787,32.00630329712308,2015-08-26,2015-06-30,346.4461044316615,20.238455990968315,348.050463194227,3.88628026351939,4.847002874140734
sz300308,2015-01-19,9.4,10.11,9.21,9.74,0.00309,7203713.0,70419346.88,1097021070.0,2103945190.0,0.063959,32.105202774311195,2015-08-26,2015-06-30,347.51648308332904,20.300984652593716,349.12579866701935,3.8982873011949675,4.861980113021829
sz300308,2015-01-20,9.74,10.56,9.7,10.4,0.067762,7933212.0,80290401.91,1171357200.0,2246512320.0,0.070436,34.28071552470407,2015-08-26,2015-06-30,371.0648282856505,21.676616076763246,372.78319400292867,4.162442296813847,5.191437609440414
sz300308,2015-01-21,10.34,10.5,10.17,10.45,0.004808,7554564.0,77900915.2,1176988730.0,2257312860.0,0.067074,34.445537204946845,2015-08-26,2015-06-30,372.84879380625455,21.7808305771323,374.5754208971735,4.182454038625451,5.216398041466604
sz300308,2015-01-22,10.32,10.98,10.26,10.71,0.02488,7053030.0,74724336.35,1206272660.0,2313475670.0,0.062621,35.30254217060592,2015-08-26,2015-06-30,382.12541484374333,22.322745998349397,383.89500107912403,4.28651509975149,5.346182024738293
sz300308,2015-01-26,10.9,10.9,10.51,10.69,-0.001867,3697679.0,39293193.22,1204020050.0,2309155450.0,0.03283,35.2366323243734,2015-08-26,2015-06-30,381.4118279748067,22.28106015960574,383.17810965767154,4.278510395615463,5.336200702898107
sz300308,2015-01-27,10.6,10.74,10.08,10.46,-0.021515,4701282.0,49031720.69,1178115030.0,2259472970.0,0.041741,34.47851617991451,2015-08-26,2015-06-30,373.2055872407229,21.80167349650413,374.9338666078998,4.186456390693466,5.221392344775254
sz300308,2015-01-28,10.4,10.68,10.31,10.36,-0.0095599999999999,3744529.0,39297937.57,1166851980.0,2237871890.0,0.033246,34.14890156523453,2015-08-26,2015-06-30,369.6376561995147,21.59324449576602,371.3494128194101,4.146432907070255,5.171475833959203
sz300308,2015-01-29,10.36,10.59,10.26,10.34,-0.0019309999999999,2654982.0,27676539.56,1164599370.0,2233551670.0,0.023572,34.082960036312066,2015-08-26,2015-06-30,368.9240693305781,21.551558657022365,370.6325213979576,4.138428202934228,5.161489714123828
sz300308,2015-01-30,10.58,10.58,10.15,10.2,-0.01354,1885900.0,19457918.18,1148831100.0,2203310160.0,0.016744,33.621476757420396,2015-08-26,2015-06-30,363.92896620323415,21.25975807528703,365.61428642594933,4.082395329567427,5.091603143394591
sz300308,2015-02-02,10.01,10.2,9.89,10.1,-0.009804,1839424.0,18489776.14,1137568050.0,2181709080.0,0.016331,33.29185179929065,2015-08-26,2015-06-30,360.3610351620259,21.05132907454892,362.02983263745955,4.042371845944216,5.041685066176751
sz300308,2015-02-03,10.13,10.33,10.06,10.26,0.015842,2127836.0,21756070.04,1155588930.0,2216270810.0,0.018892,33.819261315495005,2015-08-26,2015-06-30,366.06972515830654,21.38481549502791,367.76495903092035,4.106409423447046,5.121555440995122
sz300308,2015-02-04,10.28,10.56,10.15,10.34,0.007797,2773054.0,28647593.29,1164599370.0,2233551670.0,0.024621,34.082950095971924,2015-08-26,2015-06-30,368.9240693305781,21.551558657022365,370.6325213979576,4.138428202934228,5.161488208768562
sz300308,2015-02-05,10.3,10.49,10.16,10.19,-0.0145069999999999,2847273.0,29504299.33,1147704800.0,2201150050.0,0.02528,33.58850873892966,2015-08-26,2015-06-30,363.5721727687658,21.2389151559152,365.25584071522303,4.078392977499412,5.086610499323957
sz300308,2015-02-06,10.2,10.21,9.51,9.56,-0.061825,2922580.0,28837331.16,1076747580.0,2065063250.0,0.025948,31.511899186145335,2015-08-26,2015-06-30,341.09420786984924,19.92581248986115,342.67378251149245,3.8262450380845747,4.772130805203253
sz300308,2015-02-09,9.5,9.68,9.18,9.24,-0.033473,2013812.0,19126646.9,1040705820.0,1995939790.0,0.01788,30.45710138468749,2015-08-26,2015-06-30,329.67682787728813,19.258839648903173,331.2035297245709,3.6981698830789176,4.612393270760684
sz300308,2015-02-10,9.24,9.9,9.24,9.61,0.040043,1997030.0,19211615.44,1082379110.0,2075863790.0,0.017731,31.676695095434532,2015-08-26,2015-06-30,342.87817339045336,20.03002699023021,344.46600940573734,3.84625677989618,4.797087334501755
sz300308,2015-02-11,9.69,9.9,9.56,9.7,0.009365,1279574.0,12418174.35,1092515850.0,2095304760.0,0.011361,31.973347345003276,2015-08-26,2015-06-30,346.0893109971933,20.21761307159649,347.6920174835008,3.882277911451377,4.842012057389364
sz300308,2015-02-12,9.7,9.85,9.62,9.75,0.005155,1608679.0,15654846.25,1098147380.0,2106105300.0,0.014283,32.13816995056677,2015-08-26,2015-06-30,347.8732765177973,20.321827571965542,349.4842443777456,3.902289653262981,4.866972629545206
sz300308,2015-02-13,9.86,10.18,9.83,10.0,0.025641,2172084.0,21768536.12,1126305000.0,2160108000.0,0.019285,32.96222476626925,2015-08-26,2015-06-30,356.79310412081776,20.842900073810814,358.4453788489699,4.0023483623210065,4.991766674739375
sz300308,2015-02-16,10.11,10.9,10.01,10.72,0.072,5731150.0,59778652.64,1207398960.0,2315635780.0,0.050885,35.33550494944064,2015-08-26,2015-06-30,382.4822082782116,22.343588917721224,384.2534467898503,4.290517451819504,5.35117387532061
sz300308,2015-02-17,10.7,11.13,10.43,10.7,-0.001866,5618295.0,60354891.78,1205146350.0,2311315560.0,0.049883,35.269568897204984,2015-08-26,2015-06-30,381.768621409275,22.30190307897757,383.5365553683977,4.282512747683477,5.341188584869261
sz300308,2015-02-25,10.61,10.97,10.53,10.7,0.0,3774960.0,40564983.62,1205146350.0,2311315560.0,0.033516,35.269568897204984,2015-08-26,2015-06-30,381.768621409275,22.30190307897757,383.5365553683977,4.282512747683477,5.341188584869261
sz300308,2015-02-26,10.69,10.75,10.3,10.68,-0.001869,2748628.0,29153391.43,1202893740.0,2306995340.0,0.024404,35.20365007293611,2015-08-26,2015-06-30,381.0550345403384,22.260217240233914,382.81966394694524,4.274508043547449,5.331205903404141
sz300308,2015-02-27,10.69,10.95,10.62,10.8,0.011236,4697139.0,50891394.98,1216409400.0,2332916640.0,0.041704,35.599198285155616,2015-08-26,2015-06-30,385.3365524504832,22.51033207971568,387.12100915688745,4.322536231306687,5.39110733293479
sz300308,2015-03-02,10.78,10.96,10.76,10.93,0.012037,6700529.0,72792650.28,1231051370.0,2360998040.0,0.0594909999999999,36.02770583491404,2015-08-26,2015-06-30,389.9748621433589,22.78128974207919,391.7807984181695,4.374566752605475,5.456000091901326
sz300308,2015-03-03,10.9,11.28,10.78,10.85,-0.007319,6637020.0,73087621.87,1222040930.0,2343717180.0,0.058927,35.7640190559083,2015-08-26,2015-06-30,387.1205179710873,22.61454658008473,388.9132360511323,4.342547973118291,5.4160676272287
sz300308,2015-03-04,10.87,11.09,10.82,11.05,0.018433,5453474.0,59747381.49,1244567030.0,2386919340.0,0.048419,36.423257219165855,2015-08-26,2015-06-30,394.2563800535036,23.031404581560952,396.08214362811174,4.4225949403647125,5.515902001801407
sz300308,2015-03-05,11.21,11.72,11.12,11.47,0.0380089999999999,8879940.0,101227569.52,1291871840.0,2477643880.0,0.078841,37.80766880280913,2015-08-26,2015-06-30,409.2416910872729,23.906806423257034,411.13685020352295,4.590693578993579,5.725555920987875
sz300308,2015-03-06,11.37,11.63,11.3,11.54,0.006103,9374225.0,107683077.89,1299755970.0,2492764630.0,0.08323,38.03840900551267,2015-08-26,2015-06-30,411.73924182507625,24.05270666587966,413.64596685983395,4.618710006412749,5.760498988773664
sz300308,2015-03-09,11.58,12.3,11.4,11.91,0.032062,12994876.0,155229317.57,1341429260.0,2572688630.0,0.1153759999999999,39.25799647504742,2015-08-26,2015-06-30,424.9405873382414,24.823894007206693,426.9084465410004,4.766796903230011,5.945192107351725
sz300308,2015-03-10,11.93,12.05,11.77,11.89,-0.001679,7127194.0,84762425.69,1339176650.0,2568368410.0,0.063279,39.192082298965815,2015-08-26,2015-06-30,424.22700046930487,24.78220816846304,426.19155511954784,4.758792199093984,5.935210129803482
sz300308,2015-03-11,11.88,12.52,11.6,12.49,0.050463,11810147.0,143112940.43,1406754950.0,2697974890.0,0.1048569999999999,41.16983234801853,2015-08-26,2015-06-30,445.63458671655394,26.032782172891686,447.6982778504861,4.998933100833243,6.234718638583756
sz300308,2015-03-12,12.35,12.44,11.89,12.02,-0.03763,6767400.0,82118683.31,1353818610.0,2596449820.0,0.060085,39.62061155676259,2015-08-26,2015-06-30,428.8653118139179,25.05316592731663,430.85134604021636,4.810822738921235,6.000106176213849
sz300308,2015-03-13,12.02,12.18,11.72,11.99,-0.002496,4529146.0,54098790.8,1350439700.0,2589969490.0,0.040212,39.52171851031691,2015-08-26,2015-06-30,427.79493151051304,24.990637169201147,429.7760089080376,4.798815682717193,5.985129911198018
sz300308,2015-03-16,11.99,12.45,11.72,12.34,0.029191,9099502.0,110418600.28,1389860370.0,2665573270.0,0.080791,40.67539699535157,2015-08-26,2015-06-30,440.2826901547416,25.720138671784525,442.3215971677515,4.938897875398428,6.1598418384358
sz300308,2015-03-17,12.25,13.04,12.21,12.76,0.034036,11312449.0,143793232.11,1437165180.0,2756297810.0,0.100439,42.059824807485356,2015-08-26,2015-06-30,455.26800118851094,26.59554051348061,457.3763037431628,5.106996514027297,6.369498215248801
sz300308,2015-03-18,12.79,13.2,12.75,12.88,0.009404,7049122.0,90990176.99,1450680840.0,2782219100.0,0.062586,42.45535539997495,2015-08-26,2015-06-30,459.54951744691834,26.845655256472295,461.6776472937187,5.155024683258071,6.429396976465001
sz300308,2015-03-19,12.88,13.5,12.68,13.17,0.022516,9203732.0,121089732.95,1483343690.0,2844862240.0,0.081716,43.41128018216079,2015-08-26,2015-06-30,469.89651878781194,27.450099435804873,472.0725646078478,5.271092800588151,6.574161278787087
sz300308,2015-03-20,13.25,13.3,12.86,13.28,0.008352,7132316.0,93164211.92,1495733040.0,2868623420.0,0.063325,43.77385119424219,2015-08-26,2015-06-30,473.8212416117511,27.679371259424727,476.01546244767746,5.315118617750911,6.629068673787517
sz300308,2015-04-20,13.79,14.61,13.0,13.62,0.025602,21699730.0,300847838.43,1534027410.0,2942067100.0,0.192663,44.89454933251718,2015-08-26,2015-06-30,485.95220847324873,28.38802993912636,488.2026066560515,5.451198476892596,6.798786089973825
sz300308,2015-04-21,13.45,13.9,12.76,13.73,0.008076,11713721.0,156725056.16,1546416770.0,2965828280.0,0.104001,45.257117712926586,2015-08-26,2015-06-30,489.8769312971879,28.617301762746212,492.14550449588114,5.495224294055356,6.8536930864364525
sz300308,2015-04-22,13.57,14.15,13.57,14.11,0.0276769999999999,12255324.0,169764665.83,1589216360.0,3047912390.0,0.1088099999999999,46.50969895986725,2015-08-26,2015-06-30,503.4350702448213,29.409332023445074,505.7664298877738,5.6473135429406325,7.043382749989753
sz300308,2015-04-23,14.05,15.52,13.89,14.93,0.058115,12839320.0,191795867.41,1681573370.0,3225041240.0,0.113995,49.212610114919926,2015-08-26,2015-06-30,532.692103791686,31.11844977160351,535.1589499577575,5.975506097533877,7.452708938505406
sz300308,2015-04-24,14.7,15.2,14.3,14.86,-0.004689,10392776.0,154750331.45,1673689230.0,3209920490.0,0.092273,48.98185218609107,2015-08-26,2015-06-30,530.1945530538827,30.97254952898089,532.6498333014465,5.947489670114709,7.417763186292754
sz300308,2015-04-27,14.86,16.35,14.81,15.84,0.065949,12200444.0,189961523.65,3421611070.0,3421611070.0,0.0564809999999999,52.21215635591158,2015-08-26,2015-06-30,565.1602765970279,33.01515369761831,567.777479764891,6.339719802210782,7.906957250665575
sz300308,2015-04-28,15.88,17.28,15.5,16.18,0.021465,13346357.0,219812878.6,3495054740.0,3495054740.0,0.061786,53.33289029209123,2015-08-26,2015-06-30,577.2912418067882,33.72381228082986,579.9646223138786,6.475799642824002,8.076680088051113
sz300308,2015-04-29,15.98,17.8,15.98,17.8,0.100124,8042687.0,138508671.46,3844992240.0,3844992240.0,0.0372329999999999,58.67279259969657,2015-08-26,2015-06-30,635.0917253350557,37.10036213138325,638.0327743511664,7.124180084931392,8.885349605187143
sz300308,2015-04-30,19.18,19.54,17.9,18.42,0.034831,15861948.0,297038001.47,3978918940.0,3978918940.0,0.073431,60.71642463873661,2015-08-26,2015-06-30,657.2128984512412,38.39262197455555,660.2563885035571,7.37232569080668,9.194835217285416
sz300308,2015-05-04,18.44,19.19,17.3,17.77,-0.035288,7833685.0,141289179.7,3838511920.0,3838511920.0,0.036265,58.57386344608487,2015-08-26,2015-06-30,634.0213466833882,37.03783346975785,636.9574388783741,7.112173047255815,8.870367872137848
sz300308,2015-05-05,17.51,17.88,16.46,16.75,-0.0574,9029818.0,152970878.55,3618180900.0,3618180900.0,0.041803,55.211723684279605,2015-08-26,2015-06-30,597.6284494023697,34.91185762363311,600.3960095720245,6.703933506887686,8.361208756277136
sz300308,2015-05-06,16.74,17.3,15.95,16.09,-0.039403,6312005.0,105877104.77,3475613770.0,3475613770.0,0.0292209999999999,53.03621613594793,2015-08-26,2015-06-30,574.0801042000484,33.536226199463584,576.7386142361153,6.439778511268806,8.031752047653548
sz300308,2015-05-07,16.1,16.3,15.04,15.8,-0.018024,5952311.0,92872033.73,3412970640.0,3412970640.0,0.027556,52.0802913763136,2015-08-26,2015-06-30,563.7331045108921,32.931782116621086,566.3436985813725,6.32371041246719,7.88698774874664
sz300308,2015-05-08,15.92,17.09,15.73,17.08,0.081013,7355085.0,120037063.03,3689464460.0,3689464460.0,0.03405,56.2994720215829,2015-08-26,2015-06-30,609.4026211776619,35.59967328747283,612.224706410286,6.836010995432893,8.52593628723585
sz300308,2015-05-11,17.15,18.48,17.08,17.81,0.04274,8532239.0,150598099.4,3847152350.0,3847152350.0,0.039499,58.70571145578535,2015-08-26,2015-06-30,635.448518769524,37.12120505075507,638.3912200618927,7.128182436999406,8.890334804152312
sz300308,2015-05-12,17.85,18.34,17.4,17.7,-0.006176,7112567.0,126792636.78,3823391160.0,3823391160.0,0.032927,58.34314498183442,2015-08-26,2015-06-30,631.5237942938475,36.891933130645135,634.4483205626766,7.084156601308181,8.835428096401868
sz300308,2015-05-13,17.4,17.76,16.97,17.22,-0.027119,6916684.0,119603955.06,3719705980.0,3719705980.0,0.03202,56.76093723307205,2015-08-26,2015-06-30,614.3977259567431,35.89147396569825,617.2429430416807,6.892043887328159,8.595820121855544
sz300308,2015-05-14,17.22,17.6,16.75,16.75,-0.027294,5773250.0,98557643.04,3618180900.0,3618180900.0,0.0267269999999999,55.211704212232576,2015-08-26,2015-06-30,597.6284494023697,34.91185762363311,600.3960095720245,6.703933506887686,8.361205807449618
sz300308,2015-05-15,16.58,17.85,16.36,17.49,0.044179,6243856.0,107398031.55,3778028890.0,3778028890.0,0.028905,57.650902092624804,2015-08-26,2015-06-30,624.0311387769628,36.4542322097971,626.9209672749711,7.000107281993747,8.730595518816935
sz300308,2015-05-18,17.46,19.24,17.46,19.24,0.100057,10890540.0,204493303.91,4156047790.0,4156047790.0,0.050417,63.41927840330656,2015-08-26,2015-06-30,686.469931998106,40.10173972271399,689.6489085735408,7.700518245399923,9.604152714643202
sz300308,2015-05-19,20.2,20.99,18.8,19.6,0.018711,12335238.0,242747527.95,4233811680.0,4233811680.0,0.0571049999999999,64.60591652151084,2015-08-26,2015-06-30,699.3144840768027,40.85208414466919,702.5529425439809,7.844602790149172,9.783856016086892
sz300308,2015-05-20,19.94,21.36,19.67,20.66,0.054082,8002333.0,164591972.95,4462783130.0,4462783130.0,0.0370459999999999,68.09993369882717,2015-08-26,2015-06-30,737.134553443957,43.06143157179116,740.5481530338491,8.268851720260892,10.312986517148902
sz300308,2015-05-21,20.65,22.49,20.06,22.25,0.07696,7630800.0,163460000.0,4806000000.0,4806000000.0,0.035328,73.34090459628891,2015-08-26,2015-06-30,793.8249654205486,46.373134007528684,797.5010928843137,8.90477986717088,11.106673959508681
sz300308,2015-05-22,22.52,24.36,20.96,24.15,0.085393,11883600.0,271900000.0,5217000000.0,5217000000.0,0.05501,79.60370446247981,2015-08-26,2015-06-30,861.71137007886,50.33887642889661,865.7018729874042,9.666299743452035,12.055106168933007
sz300308,2015-05-25,23.5,25.58,22.26,24.4,0.010352,8285300.0,200470000.0,5271000000.0,5271000000.0,0.038354,80.4277620110754,2015-08-26,2015-06-30,870.6307517127989,50.859922878419404,874.6625594243067,9.766353449824742,12.1799006279938
sz300308,2015-05-26,24.46,24.99,23.75,24.25,-0.006148,6736200.0,163600000.0,5238000000.0,5238000000.0,0.031186,79.9332921302313,2015-08-26,2015-06-30,865.1800184920586,50.54150560371104,869.186584379533,9.705209518152532,12.105018598932892
sz300308,2015-05-27,24.26,24.28,22.95,23.4,-0.035052,7040100.0,164930000.0,5055000000.0,5055000000.0,0.032589,77.13147037448243,2015-08-26,2015-06-30,834.9532251770438,48.775737080328234,838.819813676697,9.366138624333916,11.680713487003098
sz300308,2015-05-28,23.54,23.85,21.06,21.06,-0.1,7421100.0,169160000.0,4549000000.0,4549000000.0,0.034357,69.4183233370342,2015-08-26,2015-06-30,751.3753157923585,43.89333886813316,754.854862990167,8.428598338693371,10.512642138302787
sz300308,2015-05-29,21.18,22.28,19.4,22.0,0.044634,8111400.0,172460000.0,4752000000.0,4752000000.0,0.0375529999999999,72.51674078085938,2015-08-26,2015-06-30,784.9055837866098,45.85208755800589,788.5404064474113,8.804726160798173,10.981863407503795
sz300308,2015-06-01,22.88,23.88,22.15,23.35,0.061364,7231600.0,167560000.0,5044000000.0,5044000000.0,0.033477,76.96665806213603,2015-08-26,2015-06-30,833.1363141034637,48.669597988758774,836.9944886617725,9.345757313776515,11.655754473641858
sz300308,2015-06-02,23.38,25.69,23.38,25.69,0.100214,7986400.0,197360000.0,5549000000.0,5549000000.0,0.036974,84.67979473317493,2015-08-26,2015-06-30,916.5490497541873,53.54234719262935,920.793500710582,10.28144475300275,12.823824252463401
sz300308,2015-06-03,26.5,27.15,24.58,25.21,-0.018684,7654900.0,197100000.0,5446000000.0,5446000000.0,0.035435,83.0976374483803,2015-08-26,2015-06-30,899.5361551561189,52.548499335206245,903.7018210253792,10.090601572328884,12.584223920130377
sz300308,2015-06-04,25.6,27.73,24.61,27.73,0.09996,10864900.0,284790000.0,5990000000.0,5990000000.0,0.050298,91.4040772877204,2015-08-26,2015-06-30,989.3906664313537,57.79755986373216,993.9724399452848,11.098550021713187,13.84214294318661
sz300308,2015-06-05,28.27,30.5,28.27,30.0,0.081861,10980400.0,326520000.0,6480000000.0,6480000000.0,0.050835,98.88650645857048,2015-08-26,2015-06-30,1070.3257960726498,62.5255739427353,1075.2823724282882,12.006444764724783,14.97527460665881
sz300308,2015-06-08,29.15,29.29,27.08,27.39,-0.087,8187500.0,230170000.0,5917000000.0,5917000000.0,0.0379,90.28338039667486,2015-08-26,2015-06-30,977.3329838521403,57.09318225604395,981.8589193916947,10.963292233468604,13.672425715879493
sz300308,2015-06-09,27.0,29.48,25.78,29.0,0.0587809999999999,6064200.0,166310000.0,6264000000.0,6264000000.0,0.028075,95.5903277797718,2015-08-26,2015-06-30,1034.6482695368948,60.44138814464412,1039.4396266806787,11.606229939233957,14.476104571884607
sz300308,2015-06-10,28.6,30.99,28.0,29.8,0.027586,6027100.0,179460000.0,6437000000.0,6437000000.0,0.027902,98.22728256190457,2015-08-26,2015-06-30,1063.223325512291,62.11066658478197,1068.1470110063103,11.926772368909479,14.875442392604613
sz300308,2015-06-11,28.9,30.48,28.76,29.21,-0.019799,4467900.0,131030000.0,6310000000.0,6310000000.0,0.020683,96.28248059446142,2015-08-26,2015-06-30,1042.246261299139,60.88524252757095,1047.0728040158178,11.69146087429219,14.580923508673433
sz300308,2015-06-12,29.12,29.7,28.4,29.1,-0.003766,4387900.0,127450000.0,6286000000.0,6286000000.0,0.020313,95.91988077254268,2015-08-26,2015-06-30,1038.282091684055,60.65366632778305,1043.0902767105279,11.646992560348764,14.52601175073977
sz300308,2015-06-15,29.1,31.25,28.55,29.42,0.010997,6974900.0,208340000.0,6355000000.0,6355000000.0,0.03229,96.97471170139832,2015-08-26,2015-06-30,1049.6790793274213,61.31944790217328,1054.5400427132365,11.774838962936112,14.685754301962653
sz300308,2015-06-16,29.0,30.89,28.42,30.14,0.0244729999999999,6462500.0,192750000.0,6511000000.0,6511000000.0,0.0299149999999999,99.34797382086663,2015-08-26,2015-06-30,1075.4461818254665,62.824693200794684,1080.426470197621,12.063883003568375,15.045158766994582
sz300308,2015-06-17,29.75,32.99,29.5,32.46,0.076974,8094600.0,253460000.0,7012000000.0,7012000000.0,0.037472,106.99518475775403,2015-08-26,2015-06-30,1158.1982225403424,67.65884637136728,1163.5617276955488,12.992159057137373,16.203244817925228
sz300308,2015-06-18,31.6,32.58,29.21,29.88,-0.079482,6049700.0,189250000.0,6454000000.000001,6454000000.000001,0.0280079999999999,98.49099348283822,2015-08-26,2015-06-30,1066.0312789896423,62.27469972629841,1070.9679678475577,11.95827075795274,14.915378513306893
sz300308,2015-06-19,28.51,28.8,26.89,26.89,-0.1000669999999999,4173200.0,115460000.0,5809000000.0,5809000000.0,0.019318,88.63529523799104,2015-08-26,2015-06-30,959.4942205842626,56.051089356998354,963.9375465178898,10.763184820723188,13.422841331615814
sz300308,2015-06-23,26.01,27.31,24.2,26.41,-0.017851,5169500.0,134510000.0,5705000000.0,5705000000.0,0.023931,87.05306658269768,2015-08-26,2015-06-30,942.3161522522325,55.04759249125076,946.6799281949668,10.570488793635015,13.18323019100514
sz300308,2015-06-24,27.0,29.05,26.5,28.88,0.093525,8743300.0,243890000.0,6238000000.0,6238000000.0,0.040479,95.1947046348445,2015-08-26,2015-06-30,1030.3537524538872,60.19051392820722,1035.125222099948,11.558055932461913,14.416191794618898
sz300308,2015-06-25,28.05,28.8,25.99,26.05,-0.097992,5342100.0,146580000.0,5627000000.0,5627000000.0,0.024731,85.86638513826682,2015-08-26,2015-06-30,929.4326010032099,54.29496984194006,933.7367144527744,10.425966773318883,13.003520328280603
sz300308,2015-06-26,25.6,26.05,23.45,23.45,-0.099808,3326000.0,79660000.0,5065000000.0,5065000000.0,0.015399,77.29623297038668,2015-08-26,2015-06-30,836.6049625166621,48.8722271635732,840.4792000539013,9.384667088477011,11.705664971355572
sz300308,2015-06-29,24.9,24.9,21.11,21.11,-0.099787,4269300.0,92500000.0,4560000000.0,4560000000.0,0.019764,69.5830737709707,2015-08-26,2015-06-30,753.1922268659387,43.99947795970262,756.6801880050917,8.448979649250774,10.537591780858914
sz300308,2015-06-30,19.0,22.82,19.0,21.77,0.031265,6277100.0,127510000.0,4703000000.0,4703000000.0,0.029056,71.75858857242011,2015-08-26,2015-06-30,776.8120708224802,45.37928615010558,780.4094131991111,8.713936686497014,10.86704958788747
sz300308,2015-07-01,21.8,22.95,19.59,19.59,-0.100138,4808300.0,103420000.0,4232000000.0,4232000000.0,0.022258,64.5728270299551,2015-08-26,2015-06-30,699.0152421264589,40.83460322926787,702.2523148327956,7.841246025357297,9.778844976255595
sz300308,2015-07-02,19.82,20.45,17.63,17.63,-0.100051,8028100.0,151270000.0,3808000000.0,3808000000.0,0.037168,58.11225111278107,2015-08-26,2015-06-30,628.9815789266436,36.743423699681486,631.8943324393398,7.05563914569012,8.800461757536246
sz300308,2015-07-03,16.01,17.5,15.87,15.87,-0.09983,6567300.0,105890000.0,3428000000.0,3428000000.0,0.0304029999999999,52.310905084192136,2015-08-26,2015-06-30,566.2155600211487,33.076800536372936,568.8376501055822,6.351557508252555,7.921911660281403
sz300308,2015-07-06,17.39,17.39,14.28,14.28,-0.100189,5667200.0,88300000.0,3085000000.0,3085000000.0,0.026233,47.06992781471201,2015-08-26,2015-06-30,509.5609692722414,29.76719068107074,511.92069736747976,5.716031188144438,7.12822325294947
sz300308,2015-07-07,12.86,12.86,12.85,12.85,-0.1001399999999999,604000.0,7760000.0,2776000000.0,2776000000.0,0.002796,42.35634524334675,2015-08-26,2015-06-30,458.52228547803634,26.78564710880142,460.6456583118716,5.143501646122839,6.41440297639911
sz300308,2015-07-08,11.57,12.15,11.57,11.9,-0.07393,21051900.0,246900000.0,2571000000.0,2571000000.0,0.09744,39.22494063950613,2015-08-26,2015-06-30,424.6616700158615,24.8076004022797,426.62823757918653,4.763668131189417,5.940186164353923
sz300308,2015-07-09,11.2,13.09,11.2,13.09,0.1,4599800.0,58330000.0,2828000000.0,2828000000.0,0.021291,43.147434703456746,2015-08-26,2015-06-30,467.11131964405143,27.28739554167522,469.2744674733332,5.239849659666927,6.534204780789317
sz300308,2015-07-10,14.0,14.4,14.0,14.4,0.100076,996100.0,14220000.0,3111000000.0,3111000000.0,0.004611,47.46545737883988,2015-08-26,2015-06-30,513.855486355249,30.018064897507642,516.2351019482105,5.764205194916481,7.188121858431588
sz300308,2015-07-13,15.84,15.84,15.65,15.84,0.1,3711300.0,58760000.0,3422000000.0,3422000000.0,0.017179,52.21200311672387,2015-08-26,2015-06-30,565.2245176173777,33.018906486425955,567.8420182792596,6.340440429766699,7.906934044274747
sz300308,2015-07-14,16.61,17.41,16.0,17.41,0.09981,16250900.0,274620000.0,3761000000.0,3761000000.0,0.075227,57.42328314780408,2015-08-26,2015-06-30,621.2184134304376,36.28992030843017,624.0952164664803,6.968555364217579,8.696125131233808
sz300308,2015-07-15,16.86,16.9,15.67,15.67,-0.0999429999999999,6191400.0,99660000.0,3385000000.0,3385000000.0,0.028662,51.6842279601631,2015-08-26,2015-06-30,559.11308946079,32.661893178419604,561.7022886836043,6.271885112437252,7.82700829724291
sz300308,2015-07-16,14.15,16.5,14.1,15.2,-0.029994,6602100.0,101100000.0,3283000000.0,3283000000.0,0.030567,50.134011226725974,2015-08-26,2015-06-30,542.2653685966835,31.67769432932099,544.776547636122,6.082894778177695,7.5922450103754064
sz300308,2015-07-17,15.5,16.67,15.03,16.28,0.0710529999999999,5563700.0,88580000.0,3517000000.0,3517000000.0,0.025754,53.69618312641853,2015-08-26,2015-06-30,580.9160223437514,33.9355622772531,583.606188862699,6.51646083912609,8.131696795097609
sz300308,2015-07-20,16.3,17.17,15.0,16.18,-0.006143,5901300.0,96760000.0,3495000000.0,3495000000.0,0.02732,53.36632747347294,2015-08-26,2015-06-30,577.2822001965911,33.72328409411418,579.9555388328498,6.475698218011282,8.081743781685326
sz300308,2015-07-21,16.0,17.1,15.5,16.91,0.045117,5846100.0,96440000.0,3653000000.0,3653000000.0,0.027062,55.77405607009362,2015-08-26,2015-06-30,603.3796501625601,35.24782740938458,606.1738435926754,6.768447951472165,8.446367815883622
sz300308,2015-07-22,16.61,18.6,16.39,18.6,0.099941,12330800.0,219130000.0,4018000000.0,4018000000.0,0.0570809999999999,61.34817100779485,2015-08-26,2015-06-30,663.6680630586275,38.76971544782568,666.7414463606268,7.444736892695088,9.290506261770847
sz300308,2015-07-23,18.04,19.6,18.04,18.82,0.011828,11006400.0,207640000.0,4065000000.0,4065000000.0,0.050957,62.07379717447505,2015-08-26,2015-06-30,671.4312285548334,39.223218839077006,674.5405623334864,7.531820674167629,9.400394369835073
sz300308,2015-07-24,18.6,18.95,17.28,17.6,-0.064825,7966200.0,145900000.0,3802000000.0,3802000000.0,0.036877,58.0498632726397,2015-08-26,2015-06-30,627.9905365228725,36.685529649734505,630.8987006130172,7.044522067204263,8.791013804810515
sz300308,2015-07-27,17.2,19.36,17.01,17.88,0.015909,16989800.0,321860000.0,3862000000.0,3862000000.0,0.078658,58.97337854744413,2015-08-26,2015-06-30,637.9009605605823,37.264470149204286,640.8550188762422,7.155692852062826,8.930870043431245
sz300308,2015-07-28,16.61,17.88,16.09,16.09,-0.100112,12264200.0,201830000.0,3476000000.0,3476000000.0,0.05677,53.0694356743024,2015-08-26,2015-06-30,574.1438992513164,33.53995293594875,576.802704716162,6.440494136139405,8.036782781643256
sz300308,2015-07-29,16.59,17.4,14.48,17.07,0.060907,10716800.0,166990000.0,3687000000.0,3687000000.0,0.049616,56.30173579291714,2015-08-26,2015-06-30,608.9955571172623,35.575893692417445,611.8157572751695,6.831444729558685,8.526279110524802
sz300308,2015-07-30,16.66,17.0,15.59,15.6,-0.086116,6898600.0,113820000.0,3370000000.0,3370000000.0,0.031934,51.45325551337429,2015-08-26,2015-06-30,556.6354834513626,32.51715805355216,559.213209117798,6.24409241622261,7.792030058642848
sz300308,2015-07-31,15.0,15.79,14.3,14.64,-0.061538,4979800.0,75410000.0,3162000000.0,3162000000.0,0.023056,48.28692507559226,2015-08-26,2015-06-30,522.2793467873022,30.510164322056948,524.6979724719517,5.858700362046259,7.312524112894085
sz300308,2015-08-03,14.3,14.51,13.18,13.38,-0.086066,5699900.0,77470000.0,2890000000.0,2890000000.0,0.026389,44.131062582036336,2015-08-26,2015-06-30,477.3520911496849,27.885634057793986,479.56266301199895,5.354726137354109,6.683164412593742
sz300308,2015-08-04,13.43,14.72,13.43,14.69,0.097907,4980500.0,70450000.0,3173000000.0,3173000000.0,0.023058,48.45180252625576,2015-08-26,2015-06-30,524.0962578608824,30.616303413626408,526.5232974868763,5.879081672603663,7.337492990737558
sz300308,2015-08-05,15.0,15.49,14.43,14.64,-0.003404,6778200.0,101430000.0,3162000000.0,3162000000.0,0.031383,48.2868725904564,2015-08-26,2015-06-30,522.2793467873022,30.510164322056948,524.6979724719517,5.858700362046259,7.3125161645970875
sz300308,2015-08-06,14.64,14.64,13.74,14.12,-0.035519,4910900.0,69890000.0,3050000000.0,3050000000.0,0.022735,46.57177116291598,2015-08-26,2015-06-30,503.7798885835774,29.429475389713375,506.11284504726535,5.651181563643609,7.052782902946764
sz300308,2015-08-07,14.35,15.52,14.31,14.98,0.060907,4933600.0,73210000.0,3236000000.0,3236000000.0,0.022838,49.40831802913571,2015-08-26,2015-06-30,534.5022031004776,31.224190938069665,536.9774316632625,5.9958109967051545,7.482346751216543
sz300308,2015-08-10,15.16,16.48,15.08,16.48,0.100134,6167300.0,98030000.0,3560000000.0,3560000000.0,0.02855,54.35577054666518,2015-08-26,2015-06-30,588.0184929041101,34.35046963520643,590.7415502846769,6.5961332349413935,8.231584060802861
sz300308,2015-08-11,16.48,17.3,16.25,16.7,0.01335,7063000.0,118820000.0,3607000000.0,3607000000.0,0.032701,55.08142008346316,2015-08-26,2015-06-30,595.7816584003159,34.80397302645775,598.5406662575363,6.683217016413934,8.34147570801458
sz300308,2015-08-12,16.38,17.0,16.17,16.53,-0.01018,5796400.0,96070000.0,3571000000.0,3571000000.0,0.026831,54.5206912270135,2015-08-26,2015-06-30,589.8354039776901,34.45660872677588,592.5668752996014,6.616514545498797,8.25655948530699
sz300308,2015-08-13,16.39,17.07,16.2,17.07,0.032668,5866900.0,98420000.0,3687000000.0,3687000000.0,0.027162,56.301773168017576,2015-08-26,2015-06-30,608.9955571172623,35.575893692417445,611.8157572751695,6.831444729558685,8.526284770572998
sz300308,2015-08-14,17.1,17.8,16.61,16.86,-0.012302,6023300.0,104280000.0,3642000000.0,3642000000.0,0.027884,55.60914875450463,2015-08-26,2015-06-30,601.56273908898,35.141688317815124,604.348518577751,6.748066640914763,8.421394415325409
sz300308,2015-08-17,16.86,17.0,16.4,17.0,0.008304,4335200.0,72620000.0,3672000000.0,3672000000.0,0.0200699999999999,56.07092712576204,2015-08-26,2015-06-30,606.5179511078348,35.43115856755001,609.3266777093634,6.803652033344044,8.491325674550273
sz300308,2015-08-18,17.05,17.77,15.3,15.61,-0.081765,7456400.0,124290000.0,3372000000.0,3372000000.0,0.034518,51.48628776932411,2015-08-26,2015-06-30,556.9658309192863,32.53645607020115,559.5450863932389,6.247798109051229,7.7970324307706695
sz300308,2015-08-19,15.0,16.35,14.08,15.9,0.018578,6420000.0,95590000.0,3435000000.0,3435000000.0,0.029717,52.4428000235026,2015-08-26,2015-06-30,567.3717761588814,33.144343594644404,569.999220569625,6.364527433152721,7.941885699269526
sz300308,2015-08-20,15.48,15.94,14.98,14.98,-0.057862,3864100.0,59770000.0,3236000000.0,3236000000.0,0.017888,49.40835472854269,2015-08-26,2015-06-30,534.5022031004776,31.224190938069665,536.9774316632625,5.9958109967051545,7.482352308938393
sz300308,2015-08-21,14.5,15.0,13.52,13.52,-0.097463,3686300.0,52190000.0,2920000000.0,2920000000.0,0.017068,44.59286825163474,2015-08-26,2015-06-30,482.30730316853965,28.17510430752887,484.54082214361136,5.41031152978339,6.75309980585233
sz300308,2015-08-24,13.0,13.0,12.17,12.17,-0.099852,2664600.0,32760000.0,2629000000.0,2629000000.0,0.0123349999999999,40.140181170972504,2015-08-26,2015-06-30,434.2417465856476,25.367242885100485,436.25267856697064,4.871133223219361,6.078789284038363
sz300308,2015-08-25,10.95,10.95,10.95,10.95,-0.100247,2048600.0,22430000.0,2365000000.0,2365000000.0,0.0094849999999999,36.116248429126024,2015-08-26,2015-06-30,390.6358808197248,22.819904687433485,392.4448782087811,4.381981769841684,5.4694088946813695
sz300308,2015-08-26,10.2,11.46,9.86,9.86,-0.0995429999999999,5144000.0,53640000.0,2130000000.0,2130000000.0,0.023812,32.52112871174553,2015-08-26,2015-06-30,351.820053338695,20.552387731176882,353.4492983444836,3.9465628624789795,4.9249675250781015
sz300308,2015-08-27,10.38,10.5,9.49,10.25,0.039554,4597000.0,46040000.0,2214000000.0,2214000000.0,0.021282,33.80746943680992,2016-10-19,2016-09-30,146.97092417449988,16.428801525449035,-47.111077377064085,4.02785513246675,5.119769690565041
sz300308,2015-08-28,10.4,11.28,10.32,11.28,0.100488,4532600.0,48180000.0,2437000000.0,2437000000.0,0.02098,37.20471442557607,2016-10-19,2016-09-30,161.77422864194048,18.083554343956322,-51.856231060481115,4.433551471464078,5.634245107230541
sz300308,2015-08-31,11.38,11.38,10.62,10.66,-0.054965,3943400.0,43550000.0,2303000000.0,2303000000.0,0.018253,35.15975729717428,2016-10-19,2016-09-30,152.8789694552273,17.08921856960665,-49.004883107217076,4.18976981484685,5.324558824911614
sz300308,2015-09-01,10.66,10.66,9.59,9.59,-0.100375,3502500.0,34620000.0,2072000000.0,2072000000.0,0.016211,31.63059665847041,2016-10-19,2016-09-30,137.54460473783368,15.375102421287444,-44.08949969524697,3.7695193470962534,4.790106232861111
sz300308,2015-09-02,9.1,10.25,8.78,9.2,-0.040667,2938800.0,27710000.0,1987000000.0,1987000000.0,0.013607,30.344275184160395,2016-10-19,2016-09-30,131.9020895820828,14.744367042035787,-42.28080882937053,3.6148817290927875,4.595306982689348
sz300308,2015-09-07,9.46,9.9,9.36,9.54,0.036957,3523700.0,33970000.0,2061000000.0,2061000000.0,0.016311,31.465708562141405,2016-10-19,2016-09-30,136.81439689414827,15.293477842796053,-43.85543381848649,3.7495074200605107,4.765135742848598
sz300308,2015-09-08,9.55,10.45,9.21,10.4,0.090147,3165900.0,31270000.0,2247000000.0,2247000000.0,0.014653,34.30224779189277,2016-10-19,2016-09-30,149.16154770555613,16.673675260923208,-47.81327500734553,4.087890913573978,5.19469843465917
sz300308,2015-09-09,10.44,11.17,10.43,11.09,0.066346,5205400.0,56480000.0,2396000000.0,2396000000.0,0.024093,36.57806472389368,2016-10-19,2016-09-30,159.05254486093122,17.77931727867023,-50.9838037016466,4.358961561603583,5.5393458970050675
sz300308,2015-09-10,10.88,11.15,10.81,10.93,-0.014427,3530900.0,38770000.0,2361000000.0,2361000000.0,0.016346,36.05035298412207,2016-10-19,2016-09-30,156.72915626738674,17.519602710743076,-50.23904863922689,4.295287248308038,5.459429753748975
sz300308,2015-09-11,11.0,11.37,10.85,11.06,0.011894,2664700.0,29510000.0,2389000000.0,2389000000.0,0.012336,36.47913588251522,2016-10-19,2016-09-30,158.5878671422223,17.7273743650848,-50.83485268916265,4.3462266989444736,5.524364211240066
sz300308,2015-09-14,11.19,11.19,9.95,9.95,-0.100362,3351500.0,34690000.0,2149000000.0,2149000000.0,0.015518,32.818016847074226,2016-10-19,2016-09-30,142.65605964363155,15.94647447072718,-45.72796083257034,3.909602836346452,4.9699279702715895
sz300308,2015-09-15,9.69,9.8,9.15,9.19,-0.076382,2149100.0,20300000.0,1985000000.0,1985000000.0,0.00995,30.311311084261003,2016-10-19,2016-09-30,131.7693245195945,14.729526209582806,-42.23825139723226,3.6112431969044705,4.590314932046305
sz300308,2015-09-16,9.35,10.11,9.21,10.11,0.100109,2247300.0,21890000.0,2184000000.0,2184000000.0,0.010403,33.34574612559529,2016-10-19,2016-09-30,144.97944823717603,16.206189038654333,-46.47271589499005,3.9732771496419965,5.049846769578529
sz300308,2015-09-17,10.28,10.89,10.0,10.51,0.0395649999999999,4320100.0,45010000.0,2270000000.0,2270000000.0,0.020002,34.665070571054464,2016-10-19,2016-09-30,150.68834592417107,16.844344834132478,-48.30268547693563,4.129734033739622,5.249643957016903
sz300308,2015-09-18,10.64,10.84,10.11,10.71,0.019029,4253400.0,44760000.0,2313000000.0,2313000000.0,0.0196949999999999,35.324712198951055,2016-10-19,2016-09-30,153.54279476766857,17.163422731871552,-49.217670267908424,4.207962475788434,5.349539431874977
sz300308,2015-09-21,10.66,11.78,10.5,11.78,0.099907,5327700.0,59920000.0,2545000000.0,2545000000.0,0.0246599999999999,38.853898220611654,2016-10-19,2016-09-30,168.94354201630634,18.88495929641725,-54.15433239594765,4.630032209633187,5.88399586789531
sz300308,2015-09-22,11.71,11.98,11.52,11.66,-0.010187,4202700.0,49350000.0,2519000000.0,2519000000.0,0.019454,38.45809355943829,2016-10-19,2016-09-30,167.217596203959,18.69202847452851,-53.60108577815016,4.582731291185069,5.824055601989061
sz300308,2015-09-23,11.3,11.82,11.21,11.4,-0.022298,3704300.0,42480000.0,2463000000.0,2463000000.0,0.017145,37.60055498924993,2016-10-19,2016-09-30,163.50017445428782,18.276485165845067,-52.40947767827862,4.480852389912197,5.6941908101759084
sz300308,2015-09-24,11.48,11.72,11.33,11.55,0.013158,3610700.0,41550000.0,2495000000.0,2495000000.0,0.016715,38.09530309179848,2016-10-19,2016-09-30,165.62441545409993,18.513938485092748,-53.090396592490926,4.539068904925267,5.769114972856204
sz300308,2015-09-25,11.4,11.65,10.51,10.69,-0.074459,3032400.0,33370000.0,2309000000.0,2309000000.0,0.014039,35.25876491888626,2016-10-19,2016-09-30,153.27726464269207,17.13374106696559,-49.13255540363188,4.2006854114118,5.339552441092303
sz300308,2015-09-28,10.73,11.55,10.51,11.39,0.065482,2256300.0,24940000.0,2460000000.0,2460000000.0,0.010447,37.567579363304766,2016-10-19,2016-09-30,163.30102686055542,18.254223917165593,-52.34564153007121,4.475394591629722,5.68919701403991
sz300308,2015-09-29,11.15,11.39,10.86,11.1,-0.025461,1922900.0,21440000.0,2398000000.0,2398000000.0,0.008901,36.61107122513566,2016-10-19,2016-09-30,159.18530992341948,17.79415811112321,-51.02636113378486,4.362600093791899,5.544344368865439
sz300308,2015-09-30,11.19,11.35,10.74,11.18,0.0072069999999999,2027900.0,22570000.0,2415000000.0,2415000000.0,0.0093879999999999,36.874927215455216,2016-10-19,2016-09-30,160.31381295456964,17.920305186973543,-51.38809930696016,4.393527617392593,5.584302458731852
sz300308,2015-10-08,11.65,12.3,11.45,12.3,0.1001789999999999,3161100.0,37920000.0,2657000000.0,2657000000.0,0.014634,40.56902054897229,2016-10-19,2016-09-30,176.3783855156487,19.71604591378414,-56.53754859569074,4.833790012178931,6.143732294745148
sz300308,2015-10-09,12.33,13.29,12.18,12.75,0.036585,6705600.0,85120000.0,2754000000.0,2754000000.0,0.031044,42.05323816575644,2016-10-19,2016-09-30,182.81749104632914,20.435826287753677,-58.60158405439679,5.010258823312299,6.3685007407484004
sz300308,2015-10-12,12.88,13.58,12.62,13.31,0.043922,5840800.0,77060000.0,2875000000.0,2875000000.0,0.0270399999999999,43.900300492472795,2016-10-19,2016-09-30,190.84977732686866,21.333696651158977,-61.176308698762085,5.230390020705468,6.648218030283551
sz300308,2015-10-13,13.35,14.3,13.1,13.9,0.044328,5450900.0,75180000.0,3003000000.0,3003000000.0,0.025231,45.84631301270313,2016-10-19,2016-09-30,199.34674132611704,22.283509928149705,-63.899984355611316,5.463256080757746,6.942920239129959
sz300308,2015-10-14,13.62,13.96,13.31,13.38,-0.03741,4148800.0,56510000.0,2890000000.0,2890000000.0,0.019208,44.1312024428979,2016-10-19,2016-09-30,191.8455152955306,21.44500289455633,-61.49548943979911,5.257679012117844,6.683185592984108
sz300308,2015-10-15,13.2,13.85,12.98,13.7,0.023916,4415600.0,59520000.0,2959000000.0,2959000000.0,0.020444,45.18664428052225,2016-10-19,2016-09-30,196.42590995137542,21.957011614184143,-62.9637208485694,5.383208372614775,6.843020659625916
sz300308,2015-10-16,13.74,15.06,13.72,14.52,0.059854,5568000.0,80500000.0,3136000000.0,3136000000.0,0.02578,47.89124568728863,2016-10-19,2016-09-30,208.1756179815861,23.270425286272886,-66.73005359280623,5.7052184712808165,7.2526028181871665
sz300308,2015-10-19,14.52,15.06,14.13,14.31,-0.014463,4417700.0,63990000.0,3091000000.0,3091000000.0,0.020452,47.19859460091338,2016-10-19,2016-09-30,205.18840407560035,22.936506556080833,-65.77251136969517,5.623351497043687,7.1477084236277255
sz300308,2015-10-20,14.21,15.46,14.15,15.24,0.0649899999999999,4906900.0,73330000.0,3292000000.0,3292000000.0,0.022716,50.266031264026736,2016-10-19,2016-09-30,218.5312928556701,24.42801021760534,-70.04953329959123,5.98902398196953,7.612237994079291
sz300308,2015-10-21,15.24,15.5,13.72,13.73,-0.0990809999999999,5958400.0,86870000.0,2966000000.0,2966000000.0,0.027582,45.28562262035571,2016-10-19,2016-09-30,196.8905876700843,22.008954527769575,-63.11267186105334,5.395943235273884,6.858009841387922
sz300308,2015-10-22,13.65,14.74,13.59,14.7,0.070648,4444600.0,63210000.0,3175000000.0,3175000000.0,0.020578,48.4849612872386,2016-10-19,2016-09-30,210.7645367001071,23.559821519106002,-67.55992351950248,5.7761698489529945,7.342514520662295
sz300308,2015-10-23,14.5,15.36,14.32,15.26,0.038095,6421700.0,95480000.0,3296000000.0,3296000000.0,0.0297319999999999,50.331995887475955,2016-10-19,2016-09-30,218.79682298064662,24.457691882511302,-70.13464816386778,5.996301046346164,7.622227611326926
sz300308,2015-10-26,15.4,16.11,15.0,16.11,0.055701,7021900.0,108590000.0,3480000000.0,3480000000.0,0.032507,53.13553839040425,2016-10-19,2016-09-30,231.01120872956622,25.82304846818548,-74.04993192058855,6.331046007671314,8.046793311505446
sz300308,2015-10-27,15.69,16.08,15.03,15.83,-0.017381,4721900.0,73570000.0,3419000000.0,3419000000.0,0.021862,52.21198959764064,2016-10-19,2016-09-30,226.9618743236744,25.370403078369577,-72.75193024037132,6.22007077592765,7.906931996958171
sz300308,2015-10-28,15.85,16.55,15.26,16.02,0.012003,6941500.0,111640000.0,3460000000.0,3460000000.0,0.0321399999999999,52.83869010878112,2016-10-19,2016-09-30,229.68355810468364,25.67464014365567,-73.62435759920584,6.294660685788146,8.00183890171766
sz300308,2015-10-29,16.18,16.25,15.52,16.01,-0.000624,3761500.0,59650000.0,3458000000.0,3458000000.0,0.017415,52.80571876615325,2016-10-19,2016-09-30,229.5507930421954,25.659799311202693,-73.58180016706758,6.291022153599829,7.9968457542429885
sz300308,2015-10-30,15.86,16.12,15.32,15.64,-0.023111,2855200.0,45060000.0,3378000000.0,3378000000.0,0.013219,51.585325799748674,2016-10-19,2016-09-30,224.24019054266515,25.06616601308349,-71.87950288153682,6.145480866067155,7.812030652016679
sz300308,2015-11-02,15.32,15.98,15.32,15.38,-0.016624,3235300.0,50680000.0,3322000000.0,3322000000.0,0.014979,50.72777134365366,2016-10-19,2016-09-30,220.52276879299396,24.650622704400046,-70.68789478166528,6.043601964794283,7.682163454457553
sz300308,2015-11-03,15.55,15.65,14.9,14.98,-0.026008,1891800.0,28750000.0,3236000000.0,3236000000.0,0.008757,49.40844346654791,2016-10-19,2016-09-30,214.81387110599894,24.012466908921894,-68.85792519971969,5.8871450806966585,7.482365747334021
sz300308,2015-11-04,15.24,15.94,14.98,15.83,0.0567419999999999,3273500.0,50870000.0,3419000000.0,3419000000.0,0.015156,52.21197736572676,2016-10-19,2016-09-30,226.9618743236744,25.370403078369577,-72.75193024037132,6.22007077592765,7.906930144569246
sz300308,2015-11-05,16.02,16.42,15.5,16.08,0.015793,5241600.0,83190000.0,3473000000.0,3473000000.0,0.024269,53.03656112426368,2016-10-19,2016-09-30,230.54653101085734,25.771105554600044,-73.9009809081046,6.318311145012205,8.031804292342429
sz300308,2015-11-06,16.0,16.6,16.0,16.52,0.027363,4493300.0,73730000.0,3569000000.0,3569000000.0,0.020798,54.4878005463069,2016-10-19,2016-09-30,236.91925401029363,26.48346551234309,-75.94373765074153,6.492960690051413,8.251578553193793
sz300308,2015-11-09,16.52,16.52,16.01,16.4,-0.007264,3791800.0,61830000.0,3543000000.0,3543000000.0,0.017552,54.092001163138534,2016-10-19,2016-09-30,235.19330819794627,26.290534690454347,-75.39049103294403,6.445659771603295,8.191639086583395
sz300308,2015-11-10,16.6,16.6,15.9,15.9,-0.030488,4741300.0,76730000.0,3435000000.0,3435000000.0,0.021947,52.442844231676766,2016-10-19,2016-09-30,228.02399482358047,25.489129737993423,-73.09238969747749,6.249179033434185,7.94189239411164
sz300308,2015-11-11,16.02,16.59,15.51,16.58,0.042767,6767500.0,108330000.0,3581000000.0,3581000000.0,0.031333,54.68566735093289,2016-10-19,2016-09-30,237.71584438522316,26.572510507060976,-76.19908224357114,6.5147918831813145,8.281543306130613
sz300308,2015-11-12,16.5,16.51,15.84,16.31,-0.016285,5684300.0,92080000.0,3523000000.0,3523000000.0,0.026316,53.795111258122944,2016-10-19,2016-09-30,233.86565757306374,26.14212636592455,-74.96491671156133,6.409274449720126,8.146678373390277
sz300308,2015-11-13,16.15,16.97,15.76,16.48,0.010423,7954400.0,131050000.0,3560000000.0,3560000000.0,0.036823,54.35581770276636,2016-10-19,2016-09-30,236.32181122909648,26.41668176630468,-75.75222920611931,6.476587295203988,8.231591202076123
sz300308,2015-11-16,15.96,18.1,15.78,18.0,0.092233,9078100.0,154030000.0,3888000000.0,3888000000.0,0.0420279999999999,59.369217836945616,2016-10-19,2016-09-30,258.09528147717054,28.850578288593425,-82.73164807679547,7.073306574087951,8.99081555341721
sz300308,2015-11-17,18.45,18.45,16.85,17.06,-0.052222,9283500.0,162550000.0,3685000000.0,3685000000.0,0.042979,56.26883854306464,2016-10-19,2016-09-30,244.61962763461247,27.344233794615942,-78.41206871476115,6.703995556973791,8.521297183586658
sz300308,2015-11-18,17.24,17.34,16.16,16.26,-0.046893,4339400.0,73290000.0,3512000000.0,3512000000.0,0.020091,53.63022389726471,2016-10-19,2016-09-30,233.1354497293783,26.060501787433157,-74.73085083480085,6.389262522684383,8.12170799475673
sz300308,2015-11-19,16.29,17.3,16.12,17.26,0.061501,4878500.0,81490000.0,3728000000.0,3728000000.0,0.022587,56.928536297170396,2016-10-19,2016-09-30,247.47407647811005,27.663311692355013,-79.32705350573394,6.7822239990226025,8.621201158142263
sz300308,2015-11-20,17.15,17.41,16.8,17.15,-0.0063729999999999,4851700.0,83070000.0,3705000000.0,3705000000.0,0.022458,56.56573073534854,2016-10-19,2016-09-30,245.94727825949505,27.492642119145742,-78.83764303614385,6.740380878856959,8.566258243161423
sz300308,2015-11-23,17.19,17.58,16.91,17.03,-0.006997,5481600.0,94130000.0,3679000000.0,3679000000.0,0.025374,56.169940317393305,2016-10-19,2016-09-30,244.22133244714774,27.299711297257005,-78.28439641834633,6.69307996040884,8.506320134234022
sz300308,2015-11-24,17.0,17.47,16.88,17.44,0.024075,3371500.0,57920000.0,3767000000.0,3767000000.0,0.015609,57.52223163053455,2016-10-19,2016-09-30,250.06299519663102,27.952707925188125,-80.15692343243018,6.853175376694781,8.711109791465708
sz300308,2015-11-25,17.63,18.98,17.3,18.8,0.077982,7220100.0,131870000.0,4061000000.0,4061000000.0,0.033425,62.00793029754689,2016-10-19,2016-09-30,269.57945938240476,30.13431029577621,-86.41286595675577,7.388039608377357,9.390419555223787
sz300308,2015-11-26,18.78,18.78,18.11,18.5,-0.015957,4316000.0,79650000.0,3996000000.0,3996000000.0,0.019981,61.01846975378894,2016-10-19,2016-09-30,265.2645948515364,29.651983241054353,-85.029749412262,7.269787312257061,9.24057663038108
sz300308,2015-11-27,18.39,18.52,16.65,16.65,-0.1,5370800.0,93950000.0,3597000000.0,3597000000.0,0.024861,54.91662277841005,2016-10-19,2016-09-30,238.77796488512922,26.691237166684814,-76.53954170067729,6.543900140687849,8.316518967342972
sz300308,2015-11-30,16.7,17.15,15.03,16.45,-0.012012,4757800.0,77180000.0,3553000000.0,3553000000.0,0.022028,54.25696430559579,2016-10-19,2016-09-30,235.8571335103876,26.36473885271925,-75.60327819363538,6.463852432544879,8.216620941507248
sz300308,2015-12-01,16.33,17.14,15.72,16.45,0.0,4802100.0,78840000.0,3553000000.0,3553000000.0,0.022233,54.25696430559579,2016-10-19,2016-09-30,235.8571335103876,26.36473885271925,-75.60327819363538,6.463852432544879,8.216620941507248
sz300308,2015-12-02,16.38,16.66,15.38,15.92,-0.032219,2775700.0,44290000.0,3439000000.0,3439000000.0,0.012849,52.50885917263379,2016-10-19,2016-09-30,228.28952494855696,25.51881140289938,-73.17750456175402,6.256456097810819,7.9518896313928265
sz300308,2015-12-03,16.08,16.54,15.87,16.44,0.032663,3158000.0,51380000.0,3551000000.0,3551000000.0,0.014621,54.22395603978952,2016-10-19,2016-09-30,235.72436844789934,26.349898020266274,-75.56072076149711,6.460213900356562,8.211622202423008
sz300308,2015-12-04,16.5,16.97,16.16,16.49,0.003041,3887200.0,64230000.0,3562000000.0,3562000000.0,0.017995,54.38885109010652,2016-10-19,2016-09-30,236.45457629158477,26.431522598757663,-75.79478663825759,6.480225827392305,8.236593745540576
sz300308,2015-12-07,16.66,17.88,16.65,17.66,0.070952,6056000.0,104860000.0,3815000000.0,3815000000.0,0.0280339999999999,58.24784885265175,2016-10-19,2016-09-30,253.2493566963492,28.30888790405965,-81.17830180374865,6.940500149214386,8.820996544974172
sz300308,2015-12-08,17.45,19.29,17.42,18.47,0.045866,10498600.0,194650000.0,3990000000.0,3990000000.0,0.048599,60.91944468812748,2016-10-19,2016-09-30,264.8662996640716,29.607460743695416,-84.9020771158472,7.25887171569211,9.225580372505956
sz300308,2015-12-09,18.6,18.88,18.11,18.39,-0.004331,4567300.0,83980000.0,3972000000.0,3972000000.0,0.021146,60.6556025731832,2016-10-19,2016-09-30,263.67141410167727,29.47389325161859,-84.51906022660278,7.226124925997259,9.185624383912634
sz300308,2015-12-10,18.33,18.89,17.9,18.2,-0.010332,3743600.0,68500000.0,3931000000.0,3931000000.0,0.017332,60.02890888739707,2016-10-19,2016-09-30,260.94973032066804,29.1696561863325,-83.64663286776826,7.151535016136763,9.090718512778048
sz300308,2015-12-11,18.0,18.2,17.28,17.8,-0.021978,3126900.0,55350000.0,3845000000.0,3845000000.0,0.014476,58.709593527869856,2016-10-19,2016-09-30,255.24083263367302,28.53150039085435,-81.81666328582268,6.995078132039139,8.890922701304211
sz300308,2015-12-14,17.82,19.58,17.68,19.58,0.1,6562100.0,123690000.0,4229000000.0,4229000000.0,0.030382,64.58055288065684,2016-10-19,2016-09-30,280.7317246314183,31.380940221826545,-89.9876902563704,7.693676312195974,9.780014971434634
sz300308,2015-12-15,19.8,21.5,19.77,20.51,0.047497,8361300.0,171480000.0,4430000000.0,4430000000.0,0.038711,67.6479354008294,2016-10-19,2016-09-30,294.07461341148803,32.872443883351046,-94.26471218626645,8.059348797121817,10.244536342532863
sz300308,2015-12-16,20.81,21.81,20.23,20.26,-0.012189,7661800.0,161570000.0,4376000000.0,4376000000.0,0.035473,66.82337471622868,2016-10-19,2016-09-30,290.48995672430516,32.47174140712059,-93.11566151853319,7.961108428037262,10.119665689053729
sz300308,2015-12-17,20.5,21.38,19.8,21.3,0.051333,5950800.0,122730000.0,4601000000.0,4601000000.0,0.027549,70.25361901053685,2016-10-19,2016-09-30,305.426026254234,34.141335058080855,-97.90337263408848,8.370443299222906,10.639138487869925
sz300308,2015-12-18,21.0,22.92,20.62,21.88,0.02723,8692900.0,188110000.0,4726000000.0,4726000000.0,0.040246,72.16662505619378,2016-10-19,2016-09-30,313.72384265975,35.06888708639211,-100.5632121427303,8.597851560992709,10.928842228894624
sz300308,2015-12-21,21.91,22.6,21.0,22.34,0.021024,6934200.0,151110000.0,4826000000.0,4826000000.0,0.032099,73.68385618137519,2016-10-19,2016-09-30,320.36209578416276,35.81092870904112,-102.69108374964377,8.779778170408552,11.158610207914904
sz300308,2015-12-22,22.03,22.49,21.53,21.75,-0.02641,3223300.0,70440000.0,4698000000.0,4698000000.0,0.0149229999999999,71.73786553962506,2016-10-19,2016-09-30,311.8651317849144,34.86111543205039,-99.96740809279453,8.546912110356274,10.86391131232387
sz300308,2015-12-23,21.66,21.98,20.81,21.25,-0.022989,3077900.0,65630000.0,4590000000.0,4590000000.0,0.01425,70.08868374873462,2016-10-19,2016-09-30,304.69581841054855,34.05971047958946,-97.66930675732799,8.350431372187165,10.614160855164856
sz300308,2015-12-24,21.17,22.27,21.1,22.0,0.035294,4504200.0,98110000.0,4752000000.0,4752000000.0,0.020853,72.56239375296246,2016-10-19,2016-09-30,315.44978847209734,35.261817908280854,-101.11645876052779,8.64515247944083,10.988777048387044
sz300308,2015-12-25,22.12,22.75,21.5,22.0,0.0,3879700.0,85930000.0,4752000000.0,4752000000.0,0.017962,72.56239375296246,2016-10-19,2016-09-30,315.44978847209734,35.261817908280854,-101.11645876052779,8.64515247944083,10.988777048387044
sz300308,2015-12-28,21.95,22.99,21.67,22.5,0.022727,4841200.0,107970000.0,4860000000.0,4860000000.0,0.022413,74.21151927578605,2016-10-19,2016-09-30,322.6191018464632,36.06322286074178,-103.41456009599433,8.841633217609939,11.238518984365738
sz300308,2015-12-29,22.6,24.15,22.4,23.66,0.051556,4250100.0,99580000.0,5111000000.0,5111000000.0,0.019675,78.03756836356845,2016-10-19,2016-09-30,339.28111718873936,37.92574733359079,-108.75551782934713,9.298269007243702,11.817932069123696
sz300308,2015-12-30,23.6,24.08,23.2,23.7,0.001691,3331100.0,78690000.0,5119000000.0,5119000000.0,0.015422,78.16952989167126,2016-10-19,2016-09-30,339.8121774386924,37.985110663402715,-108.92574755790021,9.31282313599697,11.837916192252587
sz300308,2015-12-31,23.65,23.8,22.51,22.66,-0.043882,3016900.0,69670000.0,4895000000.0,4895000000.0,0.013966,74.73929458096495,2016-10-19,2016-09-30,324.94249044000765,36.322937428668936,-104.15931515841406,8.905307530905482,11.318444753904158
sz300308,2016-01-04,22.65,22.72,20.39,20.39,-0.100177,3721500.0,78770000.0,4404000000.0,4404000000.0,0.01723,67.25213626772762,2016-10-19,2016-09-30,292.34866759914075,32.67951306146231,-93.71146556846895,8.012047878673698,10.184596913792303
sz300308,2016-01-05,18.37,20.39,18.35,18.91,-0.072585,4754700.0,90820000.0,4085000000.0,4085000000.0,0.02201,62.37063995673462,2016-10-19,2016-09-30,271.17264013226384,30.31240028521197,-86.923555142415,7.4317019946371605,9.445347946804688
sz300308,2016-01-06,19.8,19.8,19.0,19.25,0.01798,3681900.0,71290000.0,4158000000.0,4158000000.0,0.017046,63.49206406315672,2016-10-19,2016-09-30,276.01856491308513,30.854090669745748,-88.47690141546182,7.564508419510726,9.615175302888238
sz300308,2016-01-07,19.2,19.23,17.33,17.33,-0.09974,789000.0,14130000.0,3743000000.0,3743000000.0,0.003653,57.15936559349747,2016-10-19,2016-09-30,248.46981444677195,27.774617935752367,-79.64623424677096,6.80951299043498,8.656157718178166
sz300308,2016-01-08,17.33,18.18,15.8,16.5,-0.047894,4369000.0,73860000.0,3564000000.0,3564000000.0,0.020227,54.4217749377625,2016-10-19,2016-09-30,236.587341354073,26.44636343121064,-75.83734407039584,6.483864359580622,8.24157970042374
sz300308,2016-01-11,16.6,16.87,14.85,14.85,-0.1,3319200.0,52890000.0,3208000000.0,3208000000.0,0.015365,48.97959744398626,2016-10-19,2016-09-30,212.95516023116335,23.80469525458017,-68.26212114978391,5.836205630060222,7.417421730381367
sz300308,2016-01-12,14.65,15.49,14.04,14.5,-0.023569,3265000.0,47550000.0,3132000000.0,3132000000.0,0.015116,47.825197311828944,2016-10-19,2016-09-30,207.9100878566096,23.240743621366924,-66.64493872852968,5.6979414069041825,7.242600517618009
sz300308,2016-01-13,14.51,14.87,13.2,13.22,-0.088276,2914700.0,41610000.0,2856000000.0,2856000000.0,0.0134919999999999,43.60338019392994,2016-10-19,2016-09-30,189.58850923323018,21.192708742855665,-60.77201309344853,5.195823964916457,6.6032527143247615
sz300308,2016-01-14,12.7,14.25,12.0,14.1,0.066566,7150400.0,94250000.0,3046000000.0,3046000000.0,0.033099,46.50588279991907,2016-10-19,2016-09-30,202.20119016961456,22.60258782588878,-64.8149691465841,5.541484522806559,7.042804834506503
sz300308,2016-01-15,13.8,14.05,12.7,12.78,-0.0936169999999999,5042500.0,67900000.0,2761000000.0,2761000000.0,0.023341,42.15214156983905,2016-10-19,2016-09-30,183.28216876503802,20.487769201339113,-58.750535066880744,5.022993685971408,6.383478574314509
sz300308,2016-01-18,12.75,13.93,12.43,13.55,0.06025,4984000.0,65950000.0,2927000000.0,2927000000.0,0.023072,44.69180809942185,2016-10-19,2016-09-30,194.3016689515633,21.719558294936462,-62.28280193435709,5.324991857601706,6.768083158416958
sz300308,2016-01-19,13.57,14.91,13.31,14.91,0.100369,5096100.0,72300000.0,3221000000.0,3221000000.0,0.02359,49.177480186552714,2016-10-19,2016-09-30,213.818133137337,23.901160665524543,-68.53874445868267,5.859856089284282,7.4473888969441076
sz300308,2016-01-20,14.7,15.6,14.7,15.25,0.022803,6752300.0,102350000.0,3294000000.0,3294000000.0,0.031261,50.298874267246674,2016-10-19,2016-09-30,218.66405791815836,24.44285105005832,-70.0920907317295,5.992662514157847,7.617211705961124
sz300308,2016-01-21,14.52,15.34,14.04,14.04,-0.079344,4187100.0,61850000.0,3033000000.0,3033000000.0,0.019382,46.30796038738626,2016-10-19,2016-09-30,201.33821726344087,22.50612241494441,-64.53834583768536,5.517834063582498,7.012831660363345
sz300308,2016-01-22,14.5,14.7,13.67,14.55,0.036325,3332100.0,47550000.0,3143000000.0,3143000000.0,0.015425,47.99009704845807,2016-10-19,2016-09-30,208.640295700295,23.32236819985832,-66.87900460529016,5.717953333939925,7.267572770426043
sz300308,2016-01-25,14.85,15.28,14.6,14.84,0.019931,3844400.0,57590000.0,3206000000.0,3206000000.0,0.017795,48.94658767273087,2016-10-19,2016-09-30,212.8223951686751,23.789854422127195,-68.21956371764566,5.832567097871906,7.412422763313404
sz300308,2016-01-26,14.5,14.8,13.36,13.38,-0.098383,3430800.0,47650000.0,2890000000.0,2890000000.0,0.015884,44.13107553772459,2016-10-19,2016-09-30,191.8455152955306,21.44500289455633,-61.49548943979911,5.257679012117844,6.683166374590341
sz300308,2016-01-27,13.38,13.66,12.28,13.55,0.012706,2944500.0,38140000.0,2927000000.0,2927000000.0,0.013631,44.69180498350693,2016-10-19,2016-09-30,194.3016689515633,21.719558294936462,-62.28280193435709,5.324991857601706,6.768082686545887
sz300308,2016-01-28,13.18,13.54,12.29,12.56,-0.073063,2102400.0,27510000.0,2713000000.0,2713000000.0,0.009733,41.426487635996956,2016-10-19,2016-09-30,180.09580726531988,20.131589222467582,-57.729156695562274,4.935668913451803,6.273586261218784
sz300308,2016-01-29,12.6,13.82,12.6,13.82,0.1003179999999999,2985000.0,39930000.0,2985000000.0,2985000000.0,0.0138199999999999,45.58231002266489,2016-10-19,2016-09-30,198.15185576372275,22.149942436072887,-63.5169674663669,5.4305092910628945,6.90293988777173
sz300308,2016-02-01,14.01,14.58,13.2,14.38,0.0405209999999999,4492600.0,63280000.0,3106000000.0,3106000000.0,0.0208,47.42935080709329,2016-10-19,2016-09-30,206.18414204426225,23.047812799478187,-66.09169211073218,5.650640488456063,7.182653914964127
sz300308,2016-02-02,14.38,15.72,14.19,15.55,0.081363,4598100.0,68810000.0,3359000000.0,3359000000.0,0.021286,51.28834507681083,2016-10-19,2016-09-30,222.9789224490267,24.925178104780176,-71.47520727622324,6.110914810278145,7.767056185447354
sz300308,2016-02-03,15.21,15.78,14.7,15.6,0.003215,3295400.0,50180000.0,3370000000.0,3370000000.0,0.015255,51.45323710623277,2016-10-19,2016-09-30,223.7091302927121,25.006802683271566,-71.70927315298373,6.130926737313887,7.792027271083566
sz300308,2016-02-04,15.59,16.27,15.25,15.29,-0.019872,4463200.0,69930000.0,3303000000.0,3303000000.0,0.020661,50.43075837845771,2016-10-19,2016-09-30,219.2615006993555,24.509634796096734,-70.2835991763517,6.009035909005273,7.637184105152594
sz300308,2016-02-05,15.4,15.75,14.9,15.01,-0.018313,3092300.0,47220000.0,3242000000.0,3242000000.0,0.0143169999999999,49.507219900273014,2016-10-19,2016-09-30,215.2121662934637,24.056989406280838,-68.98559749613449,5.898060677261609,7.4973243526349345
sz300308,2016-02-15,14.49,15.23,14.28,14.93,-0.00533,2739900.0,40610000.0,3225000000.0,3225000000.0,0.012684,49.24334641820457,2016-10-19,2016-09-30,214.0836632623135,23.9308423304305,-68.6238593229592,5.867133153660916,7.4573636138353905
sz300308,2016-02-16,15.0,15.73,15.0,15.7,0.051574,3715600.0,57430000.0,3391000000.0,3391000000.0,0.017203,51.783022766377044,2016-10-19,2016-09-30,225.10316344883879,25.162631424027857,-72.15612619043556,6.1691313252912146,7.841969684855337
sz300308,2016-02-17,15.65,15.76,15.11,15.55,-0.009554,4629700.0,71390000.0,3359000000.0,3359000000.0,0.021433,51.288287766867086,2016-10-19,2016-09-30,222.9789224490267,24.925178104780176,-71.47520727622324,6.110914810278145,7.76704750648623
sz300308,2016-02-18,15.62,15.83,15.32,15.71,0.010289,5037800.0,78570000.0,3394000000.0,3394000000.0,0.023319,51.81599295970038,2016-10-19,2016-09-30,225.30231104257118,25.184892672707328,-72.21996233864296,6.17458912357369,7.846962658280467
sz300308,2016-02-19,15.71,16.1,15.39,15.91,0.012731,4404700.0,69570000.0,3437000000.0,3437000000.0,0.02039,52.475662366070324,2016-10-19,2016-09-30,228.1567598860687,25.503970570446402,-73.13494712961575,6.252817565622502,7.946862339883035
sz300308,2016-02-22,16.2,16.75,15.72,16.42,0.032055,8093000.0,129800000.0,3547000000.0,3547000000.0,0.037465,54.157769723214706,2016-10-19,2016-09-30,235.4588383229228,26.32021635536031,-75.47560589722056,6.452936835979928,8.201599012187986
sz300308,2016-02-23,16.4,16.4,15.72,16.06,-0.021924,4256700.0,68060000.0,3469000000.0,3469000000.0,0.019707,52.970414779802944,2016-10-19,2016-09-30,230.28100088588081,25.741423889694083,-73.81586604382807,6.3110340806355705,8.021787155444775
sz300308,2016-02-24,16.02,16.25,15.62,16.06,0.0,3010700.0,47820000.0,3469000000.0,3469000000.0,0.0139379999999999,52.970414779802944,2016-10-19,2016-09-30,230.28100088588081,25.741423889694083,-73.81586604382807,6.3110340806355705,8.021787155444775
sz300308,2016-02-25,15.95,16.02,14.45,14.89,-0.072852,5492800.0,82510000.0,3216000000.0,3216000000.0,0.025432,49.11141412226474,2016-10-19,2016-09-30,213.48622048111636,23.864058584392094,-68.43235087833699,5.85075975881349,7.437383917596312
sz300308,2016-02-26,14.92,15.06,13.65,14.43,-0.030893,4193500.0,61110000.0,3117000000.0,3117000000.0,0.0194139999999999,47.59421520578562,2016-10-19,2016-09-30,206.91434988794765,23.129437377969577,-66.32575798749266,5.670652415491806,7.207620816230011
sz300308,2016-02-29,14.39,14.39,12.99,12.99,-0.0997919999999999,3336800.0,43810000.0,2806000000.0,2806000000.0,0.015447,42.84469328196987,2016-10-19,2016-09-30,186.26938267102378,20.821687931531166,-59.7080772899918,5.104860660208536,6.488357919736786
sz300308,2016-03-01,12.88,13.27,12.11,12.98,-0.00077,3404300.0,43320000.0,2804000000.0,2804000000.0,0.015759,42.811702868142746,2016-10-19,2016-09-30,186.13661760853557,20.80684709907818,-59.66551985785353,5.101222128020219,6.4833618841385885
sz300308,2016-03-02,12.9,13.7,12.8,13.52,0.041602,3811400.0,50380000.0,2920000000.0,2920000000.0,0.017647,44.59275533086321,2016-10-19,2016-09-30,193.83699123285442,21.667615381351027,-62.13385092187314,5.312256994942596,6.753082705242521
sz300308,2016-03-03,13.4,13.69,13.21,13.21,-0.0229289999999999,3725700.0,50140000.0,2854000000.0,2854000000.0,0.017245,43.57028804388186,2016-10-19,2016-09-30,189.45574417074195,21.177867910402686,-60.72945566131026,5.192185432728142,6.598241271894016
sz300308,2016-03-04,13.23,13.48,12.01,12.33,-0.066616,3470800.0,44280000.0,2663000000.0,2663000000.0,0.0160699999999999,40.66780973555063,2016-10-19,2016-09-30,176.77668070311344,19.76056841114308,-56.66522089210554,4.844705608743881,6.158692831325525
sz300308,2016-03-07,12.4,12.96,12.4,12.75,0.034063,2725500.0,34710000.0,2754000000.0,2754000000.0,0.012618,42.053077338572685,2016-10-19,2016-09-30,182.81749104632914,20.435826287753677,-58.60158405439679,5.010258823312299,6.368476385238965
sz300308,2016-03-08,12.85,13.07,12.01,13.01,0.020392,3424700.0,42880000.0,2810000000.0,2810000000.0,0.015856,42.91062369166086,2016-10-19,2016-09-30,186.5349127960003,20.85136959643712,-59.79319215426834,5.11213772458517,6.498342355686759
sz300308,2016-03-09,12.66,12.92,12.32,12.63,-0.0292079999999999,1996900.0,25380000.0,2728000000.0,2728000000.0,0.009245,41.65729019487483,2016-10-19,2016-09-30,181.0915452339818,20.242895465864937,-58.0483374365993,4.962957904864179,6.30853877216186
sz300308,2016-03-10,12.58,12.85,12.32,12.36,-0.021378,2265300.0,28490000.0,2670000000.0,2670000000.0,0.010487,40.766740645088795,2016-10-19,2016-09-30,177.24135842182235,19.81251132472851,-56.814171904589486,4.85744047140299,6.173674830290584
sz300308,2016-09-30,13.59,13.59,13.59,13.59,0.100405,28300.0,384597.0,2915679107.16,2935586772.0,0.000132,44.85992523955894,2016-10-19,2016-09-30,194.8716806121395,21.783275717218434,-62.46551741769548,5.340613480759574,6.793542651625911
sz300308,2016-10-10,14.95,14.95,14.95,14.95,0.100074,84780.0,1267461.0,3207461563.8,3229361460.0,0.000395,49.34923739798256,2016-10-19,2016-09-30,214.3731880170335,23.963206178985693,-68.7166655919461,5.875067809959943,7.473399638944722
sz300308,2016-10-11,16.45,16.45,16.45,16.45,0.100334,191710.0,3153629.5,3529280449.8,3553377660.0,0.0008939999999999,54.300643783071735,2016-10-19,2016-09-30,235.8822035371372,26.367541247111348,-75.61131431354603,6.464539496577998,8.2232357183186
sz300308,2016-10-12,18.1,18.1,18.1,18.1,0.1003039999999999,646583.0,11703152.3,3883281224.4,3909795480.0,0.003014,59.747215557088964,2016-10-19,2016-09-30,259.5421206092513,29.012309822049566,-83.19542790730597,7.112958351857858,9.048059153808829
sz300308,2016-10-13,19.91,19.91,19.91,19.91,0.1,456117.0,9081289.47,4271609346.84,4300775028.0,0.002126,65.72193711279786,2016-10-19,2016-09-30,285.4963326701764,31.913540804254527,-91.51497069803658,7.824254187043644,9.952865069189713
sz300308,2016-10-14,21.9,21.9,21.9,21.9,0.09995,647237.0,14174490.3,4698555735.6,4730636520.0,0.003017,72.29084472722201,2016-10-19,2016-09-30,314.031626593514,35.10329199463456,-100.66187133535915,8.606286624623596,10.947653932855225
sz300308,2016-10-17,24.09,24.09,24.09,24.09,0.1,944358.0,22749584.22,5168411309.16,5203700172.0,0.004402,79.51992919994422,2016-10-19,2016-09-30,345.43478925286536,38.613621194098016,-110.72805846889509,9.466915287085955,12.042419326140747
sz300308,2016-10-18,26.5,26.5,26.0,26.5,0.1000419999999999,28749336.0,760800362.19,5685466986.0,5724286200.0,0.134001,87.47526195696503,2016-10-19,2016-09-30,379.992607521832,42.47658620355324,-121.80546074826566,10.413999796918963,13.24716704036652
sz300308,2016-10-19,26.5,28.75,26.2,28.0,0.0566039999999999,35279269.0,963741038.74,6007285872.0,6048302400.0,0.164437,92.42671168477706,2016-10-19,2016-09-30,401.50162304193566,44.88092127167889,-128.7001094698656,11.003471483537018,13.997009683519423
sz300308,2016-10-20,27.35,29.3,26.8,28.3,0.010714,26924322.0,748451628.94,6071649649.2,6113105640.0,0.125494,93.41697147376776,2017-04-21,2017-03-31,502.31882608358893,44.995719075420396,166.948586559243,11.086110748360438,14.146973645268648
sz300308,2016-10-21,27.9,30.54,27.71,29.6,0.045936,20189618.0,576689537.94,6350559350.4,6393919680.0,0.094104,97.70817347538674,2017-04-21,2017-03-31,525.3935424761213,47.06266023436197,174.61760290295382,11.59536671913318,14.796829026637708
sz300308,2016-10-24,29.36,29.46,28.6,29.05,-0.018581,11969274.0,347480204.49,6232559092.2,6275113740.0,0.055789,95.89265790404058,2017-04-21,2017-03-31,515.631162463896,46.18818512865592,171.37301906523,11.379912269960098,14.521889146493752
sz300308,2016-10-25,29.19,29.98,28.69,29.5,0.015491,13951655.0,409139507.4,6329104758.0,6372318600.0,0.0650289999999999,97.37813106763207,2017-04-21,2017-03-31,523.6185642920804,46.90366476059723,174.0276785688222,11.556193182919891,14.746847731262088
sz300308,2016-10-26,28.94,29.0,27.0,27.13,-0.080339,17523531.0,484847516.72,5820630918.12,5860373004.0,0.081677,89.5548693957896,2017-04-21,2017-03-31,481.5515813303098,43.13547203237298,160.04647184990327,10.62778037466497,13.562100731380225
sz300308,2016-10-27,27.48,27.8,27.1,27.8,0.024696,12435164.0,341185886.85,5964376687.2,6005100240.0,0.05796,91.76651645038801,2017-04-21,2017-03-31,493.44393516338414,44.200741706596716,163.998964888585,10.890243067294,13.89703037104239
sz300308,2016-10-28,27.51,28.18,26.0,26.0,-0.064748,12534988.0,338084934.31,5578194024.0,5616280800.0,0.058426,85.82481804325829,2017-04-21,2017-03-31,461.49432785064704,41.33882317883146,153.3803268742162,10.18511941545482,12.997225448578138
sz300308,2016-10-31,25.97,26.38,25.68,26.28,0.0107689999999999,9041871.0,235421633.87,5638266882.72,5676763824.0,0.042144,86.74906550876612,2017-04-21,2017-03-31,466.4642667659617,41.78401050537272,155.0321150097847,10.294805316852026,13.137192569433873
sz300308,2016-11-01,26.45,28.91,26.04,28.91,0.100076,18655291.0,521461773.39,6202522662.84,6244872228.0,0.086952,95.43056498862141,2017-04-21,2017-03-31,513.1461930062387,45.96559146538529,170.54712499744576,11.325069319261495,14.451910253012539
sz300308,2016-11-02,28.99,29.48,28.1,28.44,-0.016257,16599656.0,477944453.83,6101686078.56,6143347152.0,0.077371,93.87915029360138,2017-04-21,2017-03-31,504.80379554124625,45.218312738691026,167.77448062702726,11.140953699059041,14.216965548029314
sz300308,2016-11-03,28.15,29.66,27.33,28.8,0.0126579999999999,16031894.0,455688449.57,6178922611.2,6221111040.0,0.074725,95.06747257801777,2017-04-21,2017-03-31,511.19371700379367,45.79069644424408,169.898208229901,11.281978429426879,14.396923897936265
sz300308,2016-11-04,28.5,30.38,28.33,28.96,0.005556,13536282.0,395823855.88,6213249959.04,6255672768.0,0.063093,95.59566745566123,2017-04-21,2017-03-31,514.0336820982592,46.045089202267654,170.84208716451158,11.344656087368138,14.476913207113197
sz300308,2016-11-07,28.9,28.9,26.1,27.24,-0.0593919999999999,9174762.0,249482989.25,5844230969.76,5884134192.0,0.0427639999999999,89.91804957413461,2017-04-21,2017-03-31,483.50405733275477,43.310367053514184,160.69538861744803,10.670871264499588,13.617100377916332
sz300308,2016-11-08,27.25,29.28,27.03,29.24,0.073421,10655522.0,301610518.46,6273322817.76,6316155792.0,0.049665,96.51992269191715,2017-04-21,2017-03-31,519.0036210135738,46.49027652880891,172.49387530008005,11.454341988765343,14.616881504763327
sz300308,2016-11-09,29.0,30.5,28.65,28.96,-0.009576,16204089.0,480181747.6,6213249959.04,6255672768.0,0.075527,95.59564791221933,2017-04-21,2017-03-31,514.0336820982592,46.045089202267654,170.84208716451158,11.344656087368138,14.476910247473713
sz300308,2016-11-10,29.01,31.36,28.63,30.88,0.066298,17122374.0,512752244.28,6625178133.12,6670413504.0,0.079808,101.93344817750365,2017-04-21,2017-03-31,548.1132632318454,49.09780229855059,182.1686343798383,12.096787982663264,15.436700443060724
sz300308,2016-11-11,30.11,30.44,28.72,28.88,-0.0647669999999999,12534081.0,368385670.43,6196086285.12,6238391904.0,0.058421,95.33152453939127,2017-04-21,2017-03-31,512.6136995510263,45.91789282325586,170.37014769720628,11.313317258397507,14.436911665465011
sz300308,2016-11-14,28.11,28.46,27.65,28.02,-0.029778,5782538.0,162140424.03,6011576790.48,6052622616.0,0.0269519999999999,92.4927424016573,2017-04-21,2017-03-31,497.34888716827425,44.55053174887913,165.29679842367452,10.976424846963234,14.007009309890794
sz300308,2016-11-15,27.24,27.41,26.7,27.26,-0.027123,8084474.0,219016972.91,5848521888.24,5888454408.0,0.037682,89.98406174949714,2017-04-21,2017-03-31,483.85905296956304,43.34216614826714,160.81337348427436,10.678705971742247,13.627097196378628
sz300308,2016-11-16,27.27,27.56,26.82,26.82,-0.016141,4286682.0,116520818.77,5754121681.68,5793409656.0,0.01998,88.53162900879852,2017-04-21,2017-03-31,476.0491489597828,42.642586063702296,158.21770641409532,10.50634241240378,13.407142220531881
sz300308,2016-11-17,26.7,27.47,26.7,26.84,0.000746,3885965.0,105295229.54,5758412600.16,5797729872.0,0.018113,88.59767360403907,2017-04-21,2017-03-31,476.40414459659104,42.674385158455244,158.33569128092162,10.514177119646437,13.417143948628397
sz300308,2016-11-18,26.73,27.2,26.68,26.81,-0.001118,2679096.0,71918960.0,5751976222.44,5791249548.0,0.012487,88.49862140494976,2017-04-21,2017-03-31,475.8716511413787,42.62668651632582,158.15871398068214,10.50242505878245,13.40214358169383
sz300308,2016-11-21,27.28,27.3,26.39,27.17,0.013428,3031624.0,81575776.12,5829212755.08,5869013436.0,0.01413,89.68698089317542,2017-04-21,2017-03-31,482.2615726039262,43.19907022187888,160.28244158355594,10.643449789150287,13.582107565708814
sz300308,2016-11-22,27.28,27.5,27.05,27.37,0.007361,3544271.0,96696184.97,5872121939.88,5912215596.0,0.01652,90.34716675953007,2017-04-21,2017-03-31,485.8115289720081,43.51706116940835,161.46229025181913,10.721796861576863,13.682085459499994
sz300308,2016-11-23,27.88,27.88,24.63,24.85,-0.092072,9271439.0,240998277.48,5331466211.4,5367868380.0,0.0432139999999999,82.0287224216466,2017-04-21,2017-03-31,441.08207873417615,39.510375230536994,146.5961970317028,9.734623749002012,12.42234848707291
sz300308,2016-11-24,24.64,24.76,23.9,24.02,-0.0334,6248207.0,152093431.56,5153393094.48,5188579416.0,0.029123,79.28896309276362,2017-04-21,2017-03-31,426.3497598066362,38.19071279828968,141.69982505841048,9.409483398431721,12.007442047604677
sz300308,2016-11-25,24.08,24.24,23.35,23.9,-0.004996,5431804.0,129165788.7,5127647583.6,5162658120.0,0.025318,78.89283543315217,2017-04-21,2017-03-31,424.21978598578704,37.99991822977199,140.99191585745257,9.362475154975776,11.947452867134844
sz300308,2016-11-28,23.8,24.64,23.6,24.26,0.015063,3685879.0,89021615.97,5204884116.24,5240422008.0,0.01718,80.08119821328177,2017-04-21,2017-03-31,430.6097074483345,38.57230193532505,143.11564346032634,9.503499885343613,12.127417349672498
sz300308,2016-11-29,24.1,24.36,23.45,23.51,-0.0309149999999999,3556059.0,85167738.17,5043974673.24,5078413908.0,0.016575,77.60548797051815,2017-04-21,2017-03-31,417.2973710680274,37.37983588208952,138.69121095433934,9.209698363743955,11.752498242307373
sz300308,2016-11-30,23.6,23.77,22.38,22.53,-0.041684,4700018.0,107641804.6,4833719667.72,4866723324.0,0.021907,74.37058080995507,2017-04-21,2017-03-31,399.9025848644261,35.82168023919511,132.90995247984964,8.825797708853734,11.262607105575032
sz300308,2016-12-01,22.55,24.0,22.43,23.13,0.026631,4817544.0,112032452.1,4962447222.12,4996329804.0,0.022455,76.35114374750499,2017-04-21,2017-03-31,410.5524539686717,36.775653081783524,136.44949848463924,9.06083892613346,11.562541595403601
sz300308,2016-12-02,23.05,23.75,22.88,23.09,-0.0017289999999999,4251290.0,98995228.63,4953865385.16,4987689372.0,0.019815,76.21913261996556,2017-04-21,2017-03-31,409.84246269505536,36.71205489227763,136.2135287509866,9.045169511648146,11.54254996098515
sz300308,2016-12-05,22.85,24.7,22.85,23.93,0.036379,4913852.0,117673695.41,5134083961.32,5169138444.0,0.022903,78.9919084455473,2017-04-21,2017-03-31,424.75227944099936,38.04761687190142,141.16889315769205,9.374227215839763,11.962456386015829
sz300308,2016-12-06,23.87,25.52,23.81,25.29,0.056832,7688853.0,191270043.13,5425866417.96,5462913132.0,0.035838,83.48117658632464,2017-04-21,2017-03-31,448.8919827439563,40.20995531510183,149.1918641018818,9.906987308340476,12.642306707345881
sz300308,2016-12-07,25.18,25.28,24.6,25.04,-0.009885,3768278.0,93568674.52,5372229936.96,5408910432.0,0.017564,82.65596515576883,2017-04-21,2017-03-31,444.4545372838539,39.81246663068999,147.71705326655282,9.809053467807257,12.517337505543768
sz300308,2016-12-08,24.91,25.51,24.02,24.1,-0.03754,3780977.0,93773590.76,5170556768.4,5205860280.0,0.017623,79.55306022382126,2017-04-21,2017-03-31,427.769742353869,38.31790917730147,142.1717645257158,9.440822227402354,12.047436655585654
sz300308,2016-12-09,24.0,24.26,23.37,23.64,-0.019087,2652611.0,62890831.74,5071865643.36,5106495312.0,0.012364,78.03463096332919,2017-04-21,2017-03-31,419.6048427072806,37.58652999798368,139.4581125887104,9.26062396082123,11.817487232140492
sz300308,2016-12-12,23.5,23.69,21.28,21.29,-0.099408,4523588.0,100826538.66,4567682721.96,4598869932.0,0.021084,70.27736436852658,2017-04-21,2017-03-31,377.89285538231826,33.85013636451237,125.59489073661778,8.340045859808965,10.642734461367871
sz300308,2016-12-13,21.41,21.84,20.84,21.2,-0.004227,4107803.0,87147889.24,4548373588.8,4579428960.0,0.019146,69.98030194934081,2017-04-21,2017-03-31,376.2953750166814,33.70704043812411,125.06395883589936,8.304789677217007,10.59774762279967
sz300308,2016-12-14,21.31,22.7,21.01,22.12,0.043396,4228621.0,92793231.86,4745755838.88,4778158896.0,0.01971,73.0171671327344,2017-04-21,2017-03-31,392.6251743098582,35.169798796759686,130.49126270991007,8.665186210379256,11.057647478638684
sz300308,2016-12-15,21.86,24.33,21.86,24.33,0.09991,6107024.0,143470602.41,5219902330.92,5255542764.0,0.0284649999999999,80.31231230096589,2017-04-21,2017-03-31,431.8521921771632,38.68359876696036,143.52859049421843,9.530921360692915,12.162417038229473
sz300308,2016-12-16,24.8,25.97,24.51,24.98,0.026716,8964555.0,226118155.63,5359357181.52,5395949784.0,0.0417839999999999,82.45793603639848,2017-04-21,2017-03-31,443.38955037342936,39.717069346431146,147.36309866607385,9.785549346079286,12.48734817182281
sz300308,2016-12-19,25.1,25.3,23.6,24.29,-0.027622,5841024.0,142163582.26,5211320493.96,5246902332.0,0.027225,80.18028292720109,2017-04-21,2017-03-31,431.1422009035468,38.62000057745446,143.29262076056582,9.515251946207599,12.14242264062072
sz300308,2016-12-20,24.0,25.05,24.0,24.11,-0.0074099999999999,4086932.0,100255546.02,5172702227.64,5208020388.0,0.019049,79.58614703071053,2017-04-21,2017-03-31,427.9472401722731,38.333808724677944,142.23075695912894,9.444739581023681,12.052447288853722
sz300308,2016-12-21,24.11,24.48,23.91,24.3,0.007881,2575699.0,62265101.9,5213465953.2,5249062440.0,0.012005,80.21336545545957,2017-04-21,2017-03-31,431.3196987219509,38.63590012483094,143.35161319397898,9.519169299828928,12.147432625937178
sz300308,2016-12-22,24.37,24.5,22.8,22.87,-0.058848,5185155.0,120475667.19,4906665281.88,4940166996.0,0.024168,75.49296932513668,2017-04-21,2017-03-31,405.9375106901653,36.36226484999521,134.9156952158971,8.958987731978914,11.432580510766027
sz300308,2016-12-23,22.61,23.3,22.57,22.9,0.001312,2667316.0,61168226.28,4913101659.6,4946647320.0,0.0124319999999999,75.59201610089126,2017-04-21,2017-03-31,406.4700041453776,36.40996349212463,135.09267251613656,8.970739792842899,11.447580056396152
sz300308,2016-12-26,22.99,23.43,22.0,23.31,0.017904,2776650.0,63732775.75,5001065488.44,5035211748.0,0.0129419999999999,76.94541555716161,2017-04-21,2017-03-31,413.74741469994547,37.06184493456005,137.51136228607612,9.131351291317378,11.652537529725869
sz300308,2016-12-27,23.15,24.17,23.13,24.17,0.036894,3203229.0,75264852.18,5185574983.08,5220981036.0,0.01493,79.78423971872753,2017-04-21,2017-03-31,429.01222708269756,38.42920600893678,142.58471155960788,9.468243702751654,12.082446249347575
sz300308,2016-12-28,24.17,24.44,23.3,23.31,-0.035581,3631988.0,86568720.34,5001065488.44,5035211748.0,0.016929,76.94543668529549,2017-04-21,2017-03-31,413.74741469994547,37.06184493456005,137.51136228607612,9.131351291317378,11.652540729349539
sz300308,2016-12-29,23.33,24.38,23.31,24.33,0.043758,4490975.0,107434027.6,5219902330.92,5255542764.0,0.020932,80.31241510377065,2017-04-21,2017-03-31,431.8521921771632,38.68359876696036,143.52859049421843,9.530921360692915,12.162432606584415
sz300308,2016-12-30,24.01,24.25,23.5,23.8,-0.021784,2936907.0,69918189.61,5106192991.2,5141057040.0,0.0136889999999999,78.5628894531501,2017-04-21,2017-03-31,422.44480780174615,37.84092275600726,140.401991523321,9.323301618762489,11.89748617468258
sz300308,2017-01-03,23.78,24.17,23.52,24.06,0.010924,2252963.0,54052807.33,5161974931.44,5197219848.0,0.010501,79.42111045753632,2017-04-21,2017-03-31,427.05975108025257,38.25431098779557,141.93579479206312,9.425152812917037,12.027454313654811
sz300308,2017-01-04,24.06,24.49,23.51,23.9,-0.00665,2096301.0,49839097.29,5127647583.6,5162658120.0,0.009771,78.89296007299369,2017-04-21,2017-03-31,424.21978598578704,37.99991822977199,140.99191585745257,9.362475154975776,11.947471742469007
sz300308,2017-01-05,23.9,23.98,23.46,23.53,-0.015481,1763741.0,41652985.53,5048265591.72,5082734124.0,0.008221,77.67161815810367,2017-04-21,2017-03-31,417.6523667048356,37.41163497684247,138.80919582116564,9.217533070986613,11.762512932423844
sz300308,2017-01-06,23.36,23.69,22.51,22.83,-0.029749,2249335.0,51656282.9,4898083444.92,4931526564.0,0.010484,75.36096518951824,2017-04-21,2017-03-31,405.22751941654894,36.29866666048931,134.67972548224444,8.943318317493599,11.412589935197166
sz300308,2017-01-09,22.4,23.1,22.2,23.0,0.0074459999999999,2778011.0,63143322.51,4934556252.0,4968248400.0,0.012948,75.92210293631938,2017-04-21,2017-03-31,408.2449823294185,36.568958965889365,135.68259685026817,9.009913329056188,11.497568079854641
sz300308,2017-01-10,23.07,24.0,22.8,23.55,0.023913,2754111.0,64672115.11,5052556510.2,5087054340.0,0.012837,77.73762818383558,2017-04-21,2017-03-31,418.0073623416438,37.44343407159542,138.92718068799198,9.22536777822927,11.772509425348206
sz300308,2017-01-11,23.68,23.68,23.0,23.2,-0.014862,1367244.0,31802101.0,4977465436.8,5011450560.0,0.0063729999999999,76.58229155376742,2017-04-21,2017-03-31,411.7949386975004,36.88694991341884,136.86244551853136,9.088260401482762,11.59754639026868
sz300308,2017-01-12,23.15,23.49,22.7,22.75,-0.019397,1147033.0,26333531.46,4880919771.0,4914245700.0,0.005346,75.096824844499,2017-04-21,2017-03-31,403.80753686931615,36.171470281477525,134.20778601493916,8.911979488522968,11.372588782936639
sz300308,2017-01-13,22.9,22.9,22.2,22.25,-0.021978,1215843.0,27395109.56,4773646809.0,4806240300.0,0.005667,73.4463468280666,2017-04-21,2017-03-31,394.9326459491114,35.376492912653845,131.25816434428117,8.716111807456528,11.122642026665257
sz300308,2017-01-16,22.11,22.5,20.03,20.47,-0.08,2457832.0,51974730.98,4391755064.28,4421741076.0,0.011456,67.57063908182127,2017-04-21,2017-03-31,363.3380342731825,32.54637347964154,120.75751119673866,8.018822862860006,10.232830664532036
sz300308,2017-01-17,20.3,21.63,20.02,21.28,0.03957,3424432.0,71721574.4,4565537262.72,4596709824.0,0.015961,70.24440927028894,2017-04-21,2017-03-31,377.7153575639142,33.8342368171359,125.53589830320465,8.336128506187638,10.637743773927571
sz300308,2017-01-18,21.16,21.34,20.75,20.87,-0.019267,1069027.0,22520074.01,4477573433.88,4508145396.0,0.004983,68.89101023687827,2017-04-21,2017-03-31,370.4379470093463,33.182355374700485,123.11720853326507,8.175517007713157,10.432786364635307
sz300308,2017-01-19,20.58,20.98,20.58,20.88,0.000479,866560.0,17995161.68,4479718893.12,4510305504.0,0.004039,68.92400903078173,2017-04-21,2017-03-31,370.61544482775037,33.198254922076956,123.17620096667822,8.179434361334486,10.437783669303967
sz300308,2017-01-20,20.7,21.42,20.67,21.25,0.01772,1162813.0,24603526.02,4559100885.0,4590229500.0,0.00542,70.1453424708072,2017-04-21,2017-03-31,377.1828641087019,33.786538175006484,125.35892100296516,8.32437644532365,10.622741195924032
sz300308,2017-01-23,21.25,22.96,21.15,22.15,0.0423529999999999,2500141.0,55710899.57,4752192216.6,4784639220.0,0.011653,73.11620816047328,2017-04-21,2017-03-31,393.1576677650704,35.217497438889104,130.66824001014956,8.676938271243241,11.072646153795002
sz300308,2017-01-24,22.15,22.93,22.0,22.51,0.016253,2248342.0,50801648.7,4829428749.24,4862403108.0,0.01048,74.30456589170545,2017-04-21,2017-03-31,399.54758922761783,35.789881144442155,132.7919676130233,8.817963001611076,11.252609871732634
sz300308,2017-01-25,22.4,22.73,21.92,22.39,-0.005331,1250021.0,27921268.15,4803683238.36,4836481812.0,0.005826,73.90844825093677,2017-04-21,2017-03-31,397.41761540676873,35.599086575924474,132.08405841206542,8.770954758155131,11.192622208506426
sz300308,2017-01-26,22.43,23.79,22.43,22.96,0.025458,1922873.0,44321513.48,4925974415.04,4959607968.0,0.0089629999999999,75.79000952650912,2017-04-21,2017-03-31,407.53499105580215,36.505360776383476,135.44662711661553,8.994243914570871,11.477563984690583
sz300308,2017-02-03,23.18,23.18,22.68,23.1,0.0060979999999999,830007.0,19079014.76,4956010844.4,4989849480.0,0.0038689999999999,76.25217700460176,2017-04-21,2017-03-31,410.0199605134595,36.727954439654106,136.27252118439978,9.049086865269475,11.547554169869224
sz300308,2017-02-06,23.1,23.5,23.0,23.29,0.008225,1276463.0,29675174.35,4996774569.96,5030891532.0,0.00595,76.87935116046461,2017-04-21,2017-03-31,413.39241906313725,37.0300458398071,137.39337741924982,9.123516584074721,11.6425328029164
sz300308,2017-02-07,23.17,23.6,23.03,23.56,0.011593,1457772.0,34085955.84,5054701969.44,5089214448.0,0.006795,77.77061347846788,2017-04-21,2017-03-31,418.18486016004783,37.45933361897189,138.98617312140513,9.229285131850599,11.777504685700608
sz300308,2017-02-08,23.26,23.94,22.91,23.92,0.01528,2364119.0,55865912.44,5131938502.08,5166978336.0,0.011019,78.95894845241887,2017-04-21,2017-03-31,424.5747816225952,38.03171732452494,141.10990072427887,9.370309862218434,11.957464957298114
sz300308,2017-02-09,23.93,25.62,23.93,24.99,0.044732,5391096.0,135221437.01,5361502640.76,5398109892.0,0.025128,82.49094013459245,2017-04-21,2017-03-31,443.5670481918334,39.732968893807616,147.422091099487,9.789466699700613,12.492346279767972
sz300308,2017-02-10,24.8,25.75,24.7,24.79,-0.008003,3356660.0,84913322.89,5318593455.96,5354907732.0,0.015645,81.83076514069532,2017-04-21,2017-03-31,440.0170918237515,39.41497794627815,146.24224243122381,9.711119627274037,12.39237003249099
sz300308,2017-02-13,24.84,25.48,24.43,24.65,-0.005647,3119923.0,78075056.36,5288557026.6,5324666220.0,0.014542,81.36866680994581,2017-04-21,2017-03-31,437.5321223660942,39.19238428300751,145.41634836343957,9.656276676575434,12.322390318917513
sz300308,2017-02-14,24.78,24.8,23.8,24.18,-0.0190669999999999,3029944.0,73121440.12,5187720442.32,5223141144.0,0.0141229999999999,79.81721043988058,2017-04-21,2017-03-31,429.1897249011017,38.44510555631326,142.64370399302106,9.472161056372983,12.087439302706713
sz300308,2017-02-15,24.33,26.18,24.33,25.11,0.038462,3888600.0,97870000.0,5387000000.0,5424000000.0,0.018126,82.88713998781927,2017-04-21,2017-03-31,445.69445926954177,39.92353390200537,148.12914855784075,9.836418383750853,12.552346393167419
sz300308,2017-02-16,25.11,27.19,24.8,26.66,0.061728,6472510.0,170811478.53,5719794333.84,5758847928.0,0.030168,88.00359736498736,2017-04-21,2017-03-31,473.2091838653173,42.38819330567872,157.27382747948477,10.44366475446252,13.327177631324854
sz300308,2017-02-17,26.56,26.66,25.9,25.9,-0.0285069999999999,2671479.0,70070218.29,5556739431.6,5594679720.0,0.012452,85.49487881490367,2017-04-21,2017-03-31,459.71934966660604,41.17982770506672,152.79040254008459,10.145945879241532,12.947259778588679
sz300308,2017-02-20,25.88,26.88,25.55,26.75,0.032819,2670867.0,70418691.08,5739103467.0,5778288900.0,0.012449,88.30073524272998,2017-04-21,2017-03-31,474.80666423095414,42.53128923206698,157.8047593802032,10.478920937054479,13.37217589726218
sz300308,2017-02-21,27.2,27.46,26.59,27.41,0.024673,3296754.0,89476843.1,5880703776.84,5920856028.0,0.015366,90.47937928337387,2017-04-21,2017-03-31,486.52152024562446,43.58065935891424,161.69825998547176,10.737466276062177,13.70210759317533
sz300308,2017-02-22,27.03,27.44,26.62,27.32,-0.003283,2084362.0,56390676.28,5861394643.68,5901415056.0,0.009715,90.18233548118656,2017-04-21,2017-03-31,484.92403987998756,43.43756343252598,161.1673280847533,10.70221009347022,13.657123573946935
sz300308,2017-02-23,27.21,27.42,27.05,27.32,0.0,2227801.0,60749010.4,5861394643.68,5901415056.0,0.010384,90.18233548118656,2017-04-21,2017-03-31,484.92403987998756,43.43756343252598,161.1673280847533,10.70221009347022,13.657123573946935
sz300308,2017-02-24,27.11,28.88,27.11,28.81,0.054539,4854106.0,137491078.33,6181068070.44,6223271148.0,0.022625,95.10078987599498,2017-04-21,2017-03-31,511.3712148221977,45.80659599162055,169.95720066331415,11.285895783048206,14.401969436546425
sz300308,2017-02-27,28.7,30.3,27.47,28.4,-0.014231,3032537.0,87199344.06,6093104241.6,6134706720.0,0.014135,93.7474105352697,2017-04-21,2017-03-31,504.0938042676298,45.15471454918513,167.5385108933746,11.125284284573725,14.197015009494933
sz300308,2017-02-28,28.76,29.0,27.81,28.3,-0.003521,1938561.0,54888147.38,6071649649.2,6113105640.0,0.009036,93.41732590277502,2017-04-21,2017-03-31,502.31882608358893,44.995719075420396,166.948586559243,11.086110748360438,14.147027319646503
sz300308,2017-03-01,28.39,28.79,28.1,28.34,0.001413,1792072.0,50857375.68,6080231486.16,6121746072.0,0.008353,93.54932458427564,2017-04-21,2017-03-31,503.02881735720524,45.05931726492629,167.18455629289565,11.101780162845754,14.167017069249164
sz300308,2017-03-09,31.17,31.17,31.17,31.17,0.099859,635410.0,19805729.7,6687396451.08,6733056636.0,0.002962,102.89106658793682,2017-04-21,2017-03-31,553.2606999655642,49.558889172468334,183.87941494881994,12.2103912376818,15.581721226767314
sz300308,2017-03-10,33.87,34.29,32.4,34.29,0.100096,9638255.0,321334120.37,7356779733.96,7407010332.0,0.044924,113.19005078912292,2017-04-21,2017-03-31,608.6400193076418,54.519547953928104,202.28505417372588,13.432605567536376,17.141389194681814
sz300308,2017-03-13,35.98,36.9,34.86,35.68,0.040537,11033789.0,396531668.47,7654998568.32,7707265344.0,0.0514289999999999,117.77843587796161,2017-04-21,2017-03-31,633.312216065811,56.72958503925794,210.48500241815515,13.977117720901076,17.836249688466634
sz300308,2017-03-14,36.2,36.68,34.88,36.05,0.01037,9466622.0,339793661.95,7734380560.2,7787189340.0,0.044124,118.99979825801607,2017-04-21,2017-03-31,639.8796353467626,57.31786829218746,212.66772245444204,14.122059804890242,18.02121159773603
sz300308,2017-03-15,35.78,36.18,34.12,34.79,-0.0349509999999999,6691212.0,235629392.78,7464052695.96,7515015732.0,0.031188,114.84063630910015,2017-04-21,2017-03-31,617.5149102278465,55.314525322751784,205.2346758443839,13.628473248602814,17.391352231183557
sz300308,2017-03-16,35.02,38.27,35.02,37.24,0.070423,9656183.0,356985901.29,7989690209.76,8044242192.0,0.045008,122.92805843989589,2017-04-21,2017-03-31,661.0018757368499,59.20991442998783,219.68782203060812,14.588224885828366,18.616103429360194
sz300308,2017-03-17,37.0,39.9,36.5,36.8,-0.011815,8865926.0,336553738.34,7895290003.2,7949197440.0,0.041324,121.47566342942852,2017-04-21,2017-03-31,653.1919717270697,58.51033434542298,217.09215496042904,14.415861326489901,18.396154167342306
sz300308,2017-03-20,37.5,37.5,33.9,35.78,-0.027717,6578361.0,233250442.16,7676453160.72,7728866424.0,0.030662,118.10872246615504,2017-04-21,2017-03-31,635.087194249852,56.88858051302268,211.07492675228676,14.016291257114364,17.886267962286077
sz300308,2017-03-21,36.14,36.19,34.75,35.58,-0.0055899999999999,3996983.0,141913024.22,7633543975.92,7685664264.0,0.01863,117.44849470756925,2017-04-21,2017-03-31,631.53723788177,56.5705895654932,209.89507808402354,13.937944184687789,17.7862837243769
sz300308,2017-03-22,36.0,37.87,35.01,36.81,0.03457,4221152.0,153509908.23,7897435462.44,7951357548.0,0.019675,121.50868916960991,2017-04-21,2017-03-31,653.3694695454737,58.52623389279947,217.15114739384225,14.419778680111229,18.40115555272861
sz300308,2017-03-23,36.5,37.19,36.36,36.81,0.0,2880230.0,105724914.66,7897435462.44,7951357548.0,0.013425,121.50868916960991,2017-04-21,2017-03-31,653.3694695454737,58.52623389279947,217.15114739384225,14.419778680111229,18.40115555272861
sz300308,2017-03-24,36.81,38.9,36.18,37.44,0.017115,4119705.0,156032617.27,8032599394.56,8087444352.0,0.019202,123.58831038474779,2017-04-21,2017-03-31,664.5518321049317,59.5279053775173,220.8676706988713,14.66657195825494,18.71609133001356
sz300308,2017-03-27,36.99,38.8,36.99,38.42,0.026175,3462607.0,132108678.19,8242854400.08,8299134936.0,0.0161389999999999,126.82323440906858,2017-04-21,2017-03-31,681.9466183085331,61.08606102041172,226.648929173361,15.050472613145162,19.205985020576666
sz300308,2017-03-28,38.42,38.78,37.5,38.02,-0.010411,1793938.0,68119499.58,8157036030.48,8212730616.0,0.008362,125.50287771563576,2017-04-21,2017-03-31,674.8467055723692,60.450079125352765,224.28923183683457,14.893778468292009,19.006031510527443
sz300308,2017-03-29,38.32,39.0,37.71,38.53,0.0134139999999999,2511706.0,96714512.19,8266454451.72,8322896124.0,0.0117069999999999,127.18637331731328,2017-04-21,2017-03-31,683.8990943109781,61.26095604155293,227.29784594090577,15.093563502979778,19.260978417209653
sz300308,2017-03-30,38.5,38.5,34.99,35.86,-0.069297,4668132.0,168536104.83,7693616834.64,7746147288.0,0.021758,118.37273920554344,2017-04-21,2017-03-31,636.5071767970848,57.01577689203447,211.546866219592,14.047630086084993,17.92625039583228
sz300308,2017-03-31,35.48,36.7,34.28,34.3,-0.043503,2761714.0,98131993.24,7358925193.2,7409170440.0,0.012872,113.22316993188468,2017-04-21,2017-03-31,608.8175171260459,54.535447501304574,202.34404660713903,13.436522921157707,17.14640472486239
sz300308,2017-04-05,34.31,35.57,33.0,35.08,0.022741,4686362.0,161089455.25,7526271013.92,7577658864.0,0.021843,115.79797803930568,2017-04-21,2017-03-31,622.6623469615653,55.77561219666952,206.94545641336552,13.742076503621348,17.536331114710485
sz300308,2017-04-06,35.2,36.5,34.73,35.75,0.019099,2303619.0,82187617.88,7670016783.0,7722386100.0,0.010737,118.00960362187837,2017-04-21,2017-03-31,634.5547007946396,56.840881870893256,210.89794945204727,14.004539196250377,17.87125750267034
sz300308,2017-04-07,35.78,37.5,35.78,36.43,0.019021,2514681.0,92247781.07,7815908011.32,7869273444.0,0.0117209999999999,120.25426429237012,2017-04-21,2017-03-31,646.6245524461182,57.92205109249346,214.90943492414215,14.270919242500735,18.21118669162863
sz300308,2017-04-10,36.09,36.88,34.25,36.0,-0.011803,2252319.0,80922833.24,7723653264.0,7776388800.0,0.010498,118.83490321092728,2017-04-21,2017-03-31,638.992146254742,57.238370555305096,212.37276028737625,14.102473036783596,17.99624005510734
sz300308,2017-04-11,36.6,36.9,34.7,36.09,0.0025,2773613.0,99188019.31,7742962397.16,7795829772.0,0.012928,119.13199046895458,2017-04-21,2017-03-31,640.5896266203788,57.38146648169336,212.90369218809468,14.137729219375554,18.041230655245105
sz300308,2017-04-12,36.09,36.09,34.59,34.8,-0.035744,1780116.0,62351527.68,7466198155.2,7517175840.0,0.008297,114.87373660163227,2017-04-21,2017-03-31,617.6924080462506,55.330424870128255,205.29366827779702,13.632390602224145,17.396364906704026
sz300308,2017-04-13,34.51,35.5,34.51,34.8,0.0,960469.0,33565099.21,7466198155.2,7517175840.0,0.004477,114.87373660163227,2017-04-21,2017-03-31,617.6924080462506,55.330424870128255,205.29366827779702,13.632390602224145,17.396364906704026
sz300308,2017-04-14,35.29,35.29,33.9,34.88,0.002299,1109402.0,38332333.57,7483361829.12,7534456704.0,0.005171,115.13783132207942,2017-04-21,2017-03-31,619.1123905934833,55.45762124914005,205.7656077451023,13.663729431194772,17.436359149624536
sz300308,2017-04-17,34.15,34.88,34.0,34.05,-0.023796,1361737.0,46667874.43,7305288712.2,7355167740.0,0.006347,112.39801148793921,2017-04-21,2017-03-31,604.3800716659435,54.137958816892734,200.86923577181003,13.338589080624487,17.02144354730007
sz300308,2017-04-18,34.5,34.99,32.5,32.98,-0.031424,1592196.0,53259726.39,7075724573.52,7124036184.0,0.007421,108.86601637494222,2017-04-21,2017-03-31,585.3878050967054,52.43670724761005,194.5570453966019,12.919432243142307,16.486561705269715
sz300308,2017-04-19,32.88,34.28,30.92,34.0,0.0309279999999999,2908672.0,93828127.95,7294561416.0,7344367200.0,0.013557,112.23302452938641,2017-04-21,2017-03-31,603.4925825739231,54.05846108001037,200.57427360474423,13.319002312517842,16.996458085690293
sz300308,2017-04-20,33.44,34.35,33.44,33.98,-0.000588,1104134.0,37423170.57,7290270497.52,7340046984.0,0.005146,112.16703151096313,2017-04-21,2017-03-31,603.1375869371149,54.02666198525742,200.4562887379179,13.311167605275186,16.986464168335907
sz300308,2017-04-21,34.2,34.95,33.88,34.45,0.0138319999999999,1165076.0,40304118.41,7391107081.8,7441572060.0,0.00543,113.71852589082275,2017-04-21,2017-03-31,611.4799844021072,54.77394071195168,203.22893310833643,13.495283225477635,17.221420940712324
sz300308,2017-04-24,34.21,34.65,33.58,34.46,0.00029,711583.0,24345150.24,7393252541.04,7443732168.0,0.003317,113.75150426333107,2017-08-29,2017-06-30,855.4906922251799,51.152606432389696,406.6084072320587,13.343378247163377,17.22641515278513
sz300308,2017-04-25,34.7,37.1,34.59,36.0,0.044689,3044145.0,109910842.3,7723653264.0,7776388800.0,0.0141889999999999,118.83494523735507,2017-08-29,2017-06-30,893.7221392950225,53.43859058520107,424.7795316411524,13.939687083513686,17.996246419547944
sz300308,2017-04-26,36.02,36.99,35.03,35.53,-0.013056,1380229.0,49340912.22,7622816679.72,7674863724.0,0.0064329999999999,117.28343619233615,2017-08-29,2017-06-30,882.0541002542265,52.74092009700539,419.2337988669485,13.757696724367813,17.761287426294324
sz300308,2017-04-27,35.53,36.2,34.6,35.67,0.00394,1112323.0,39520059.93,7652853109.08,7705105236.0,0.005185,117.74553293093398,2017-08-29,2017-06-30,885.5296863514849,52.94873683817006,420.88571926777524,13.811906618581476,17.831266898753928
sz300308,2017-04-28,35.12,35.47,32.67,33.65,-0.0566299999999999,2987299.0,101112936.0,7219470342.6,7268763420.0,0.013924,111.0776034010552,2017-08-29,2017-06-30,835.3819440910419,49.950238144222666,397.05086777013275,13.02973528778432,16.821482254277495
sz300308,2017-05-02,33.0,34.33,32.71,33.1,-0.016345,1250995.0,41789268.96,7101470084.4,7149957480.0,0.005831,109.26203997346494,2017-08-29,2017-06-30,821.7278558518125,49.13381523250432,390.5611804811707,12.816767846230638,16.546535126831326
sz300308,2017-05-03,33.4,33.9,32.8,33.59,0.014804,1112034.0,37299934.91,7206597587.16,7255802772.0,0.005183,110.87955521323212,2017-08-29,2017-06-30,833.8924071922168,49.86117382658066,396.34290188406413,13.006502475978463,16.79149003284894
sz300308,2017-05-04,33.81,34.05,33.09,33.28,-0.009229,743446.0,24959837.96,7140088350.72,7188839424.0,0.0034649999999999,109.85624779816919,2017-08-29,2017-06-30,826.1964665482875,49.40100818543033,392.68507813937646,12.886466281648207,16.636521371335775
sz300308,2017-05-05,33.12,33.59,32.7,32.99,-0.008714,601871.0,19872429.17,7077870032.76,7126196292.0,0.002805,108.89896045485597,2017-08-29,2017-06-30,818.9970382039666,48.970530650160654,389.2632430233783,12.774174357919902,16.491550724105956
sz300308,2017-05-08,33.31,33.98,32.54,33.76,0.02334,1234063.0,41520858.44,7243070394.24,7292524608.0,0.005752,111.44066219187229,2017-08-29,2017-06-30,838.1127617388878,50.11352272656634,398.34880522792514,13.072328776095056,16.876463518006588
sz300308,2017-05-09,33.79,34.21,33.16,34.2,0.013033,1129296.0,38147316.55,7337470600.8,7387569360.0,0.005264,112.89306834221897,2017-08-29,2017-06-30,849.0360323302714,50.766661055941015,403.5405550590948,13.242702729338,17.09641446703677
sz300308,2017-05-10,34.6,36.6,34.2,35.56,0.039766,2637544.0,93961342.51,7629253057.44,7681344048.0,0.012294,117.38237409791564,2017-08-29,2017-06-30,882.798868703639,52.78545225582639,419.5877818099828,13.76931313027074,17.77627048473295
sz300308,2017-05-11,35.15,35.45,33.6,34.77,-0.022216,2230494.0,77422115.18,7459761777.48,7510695516.0,0.0103959999999999,114.77460727495634,2017-08-29,2017-06-30,863.1866328691092,51.61277207354003,410.26623097674633,13.463414441493633,17.381352859644124
sz300308,2017-05-12,34.45,35.45,33.36,34.48,-0.008341,1355188.0,46637303.0,7397543459.52,7448052384.0,0.006317,113.81727227567593,2017-08-29,2017-06-30,855.9872045247884,51.182294538270355,406.84439586074825,13.351122517765331,17.23637499544183
sz300308,2017-05-15,34.4,36.42,34.0,35.3,0.0237819999999999,1670724.0,59434874.69,7573471117.2,7625181240.0,0.007787,116.52407464493605,2017-08-29,2017-06-30,876.3442088087305,52.39950687937771,416.51992963701895,13.668637612445364,17.64629046558343
sz300308,2017-05-16,35.8,36.37,35.16,36.16,0.024363,1898263.0,67894245.31,7757980611.84,7810950528.0,0.008848,119.3629506755106,2017-08-29,2017-06-30,897.6942376918894,53.676095432246406,426.66744067066867,14.001641248329303,18.076207040196437
sz300308,2017-05-17,36.0,36.8,35.6,35.72,-0.012168,1701013.0,61405992.39,7663580405.28,7715905776.0,0.007928,117.910542291691,2017-08-29,2017-06-30,886.7709671005057,53.02295710287173,421.475690839499,13.831267295086356,17.856255752931325
sz300308,2017-05-18,35.1,36.58,35.1,35.29,-0.012038,2231379.0,79872228.89,7571325657.96,7623021132.0,0.0104,116.49113518358362,2017-08-29,2017-06-30,876.0959526589262,52.384662826437385,416.40193532267415,13.664765477144387,17.641302146177537
sz300308,2017-05-19,35.3,35.81,34.5,34.9,-0.011051,1229241.0,43036617.4,7487652747.6,7538776920.0,0.00573,115.20379164866984,2017-08-29,2017-06-30,866.4139628165635,51.80574476176437,411.8001570632283,13.513752200406321,17.44634811616013
sz300308,2017-05-22,35.72,35.72,33.58,33.79,-0.031805,1837947.0,63944205.03,7249506771.96,7299004932.0,0.008567,111.5397350552839,2017-08-29,2017-06-30,838.8575301883003,50.15805488538734,398.7027881709594,13.083945181997983,16.891467014325656
sz300308,2017-05-23,34.18,36.01,34.18,34.52,0.0216039999999999,3490541.0,122801403.22,7406125296.48,7456692816.0,0.016269,113.94943949141825,2017-08-29,2017-06-30,856.9802291240048,51.24167075003169,407.3163731181272,13.366611058969232,17.256390267703146
sz300308,2017-05-24,33.99,35.24,33.8,35.22,0.020278,1637246.0,57273181.33,7556307443.28,7607900376.0,0.007631,116.26010622542523,2017-08-29,2017-06-30,874.358159610297,52.280754455855046,415.5759751222608,13.637660530037556,17.606315349551632
sz300308,2017-05-25,35.65,35.65,34.69,35.12,-0.002839,1087655.0,38248082.98,7534852850.88,7586299296.0,0.00507,115.93004378385125,2017-08-29,2017-06-30,871.8755981122554,52.13231392645171,414.3960319788132,13.598939177027797,17.556331020274257
sz300308,2017-05-26,35.5,35.5,35.0,35.2,0.002278,996735.0,35089113.21,7552016524.8,7603580160.0,0.004646,116.19413242359086,2017-08-29,2017-06-30,873.8616473106887,52.25106634997438,415.33998649357125,13.629916259435602,17.59632434233844
sz300308,2017-05-31,35.4,35.89,34.8,34.86,-0.009659,934254.0,32894046.82,7479070910.64,7530136488.0,0.0043549999999999,115.07181329851139,2017-08-29,2017-06-30,865.4209382173468,51.746368550003034,411.32817980584923,13.498263659202419,17.426361445515795
sz300308,2017-06-01,35.05,35.16,31.37,31.95,-0.083477,2986981.0,97919066.27,6854742271.8,6901545060.0,0.013922,105.46596353979156,2017-08-29,2017-06-30,793.1783986243324,47.42674914436595,376.9918343315228,12.371472286618395,15.971661071128473
sz300308,2017-06-02,31.96,32.6,29.3,32.25,0.00939,1392367.0,44164673.32,6919106049.0,6966348300.0,0.00649,106.45628893743022,2017-08-29,2017-06-30,800.6260831184577,47.872070732575956,380.53166376186573,12.487636345647676,16.12163496858637
sz300308,2017-06-05,32.2,33.3,32.11,32.31,0.00186,1603403.0,52437738.29,6931978804.44,6979308948.0,0.007473,106.65429763485383,2017-08-29,2017-06-30,802.1156200172826,47.961135050217955,381.2396296479343,12.51086915745353,16.15162120962794
sz300308,2017-06-06,32.34,32.5,32.0,32.31,0.0,1429796.0,46055247.79,6931978804.44,6979308948.0,0.006664,106.65429763485383,2017-08-29,2017-06-30,802.1156200172826,47.961135050217955,381.2396296479343,12.51086915745353,16.15162120962794
sz300308,2017-06-07,32.44,34.01,32.3,33.89,0.048901,2264592.0,75425763.21,7270961364.36,7320606012.0,0.010555,111.86979944349582,2017-08-29,2017-06-30,841.340091686342,50.306495414790675,399.8827313144071,13.122666535007744,16.941451638399958
sz300308,2017-06-08,34.22,34.8,33.56,34.6,0.02095,1265900.0,43060000.0,7423000000.0,7473999999.999998,0.005901,114.21347174183707,2017-08-29,2017-06-30,858.969303218352,51.36060404204489,408.2617653435708,13.397635321703724,17.296375050224437
sz300308,2017-06-09,34.45,35.51,34.31,35.05,0.013299,2023435.0,70754461.19,7519834636.2,7571178540.0,0.009431,115.73239670253174,2017-08-29,2017-06-30,870.1378050636262,52.02840555586937,413.57007177839984,13.571834229920965,17.52639954201737
sz300308,2017-06-12,35.0,35.19,33.5,34.35,-0.019971,2088366.0,71199670.54,7369652489.4,7419970980.0,0.009734,113.42110500798549,2017-08-29,2017-06-30,852.759874577334,50.989321850046025,405.31046977426627,13.300784758852641,17.176379816763742
sz300308,2017-06-13,34.15,35.18,34.15,34.6,0.007278,988052.0,34347620.05,7423288970.4,7473973680.0,0.004605,114.2465838102336,2017-08-29,2017-06-30,858.9662783224384,51.360423173554366,408.2603276328854,13.397588141377042,17.301389509070148
sz300308,2017-06-14,34.55,35.35,33.7,35.15,0.015896,1019347.0,35723165.79,7541289228.6,7592779620.0,0.004751,116.06264750648106,2017-08-29,2017-06-30,872.6203665616678,52.17684608527271,414.7500149218474,13.610555582930722,17.576412396706324
sz300308,2017-06-15,35.15,36.8,35.02,36.6,0.041252,2714313.0,98064384.3,7852380818.4,7905995280.0,0.012651,120.85046384141842,2017-08-29,2017-06-30,908.617508283273,54.32923376162109,431.8591905018383,14.172015201572247,18.301474560895254
sz300308,2017-06-16,36.7,37.48,36.68,36.81,0.005738,1620603.0,59946752.09,7897435462.44,7951357548.0,0.007554,121.54390380294048,2017-08-29,2017-06-30,913.8308874291606,54.6409588733681,434.33707110307836,14.253330042892744,18.406488421925673
sz300308,2017-06-19,36.48,40.42,36.48,40.0,0.086661,3097167.0,120461390.56,8581836960.0,8640432000.0,0.014436,132.07702005040713,2017-08-29,2017-06-30,993.0245992166917,59.376211761334524,471.97725737905824,15.488541203904095,20.001613115058174
sz300308,2017-06-20,39.97,39.97,38.02,39.0,-0.025,3580407.0,138845120.55,8367291036.0,8424421200.0,0.0166879999999999,128.77509454914696,2017-08-29,2017-06-30,968.1989842362744,57.89180646730116,460.1778259445818,15.101327673806493,19.50157278718172
sz300308,2017-06-21,38.76,41.65,38.01,40.37,0.035128,3137500.0,125480000.0,8661000000.0,8720000000.0,0.014624,133.2987060704694,2017-08-29,2017-06-30,1002.1691629735124,59.922995350097885,476.3236009895556,15.63117206385557,20.186624036049842
sz300308,2017-06-22,40.2,41.0,39.5,39.57,-0.0198169999999999,1931029.0,77523067.24,8489582212.68,8547547356.0,0.009001,130.6571256122709,2017-08-29,2017-06-30,982.3495847751122,58.73791748490018,466.9035018622334,15.322039385962126,19.786585707527443
sz300308,2017-06-23,39.71,41.8,39.7,40.44,0.021986,1925300.0,78560000.0,8676000000.0,8735000000.0,0.008974,133.5297531759823,2017-08-29,2017-06-30,1003.8930778180769,60.02607389714507,477.14296498208347,15.658060547910365,20.221613580893145
sz300308,2017-06-26,41.8,41.85,39.68,40.58,0.003462,1555829.0,63023126.98,8706273595.92,8765718264.0,0.007252,133.99203318147758,2017-08-29,2017-06-30,1007.4234559053338,60.23716683187387,478.82092761105457,15.713125051360704,20.291620807110196
sz300308,2017-06-27,40.38,40.9,40.0,40.43,-0.003696,1843594.0,74683704.2,8674091707.32,8733316644.0,0.008593,133.49679862683882,2017-08-29,2017-06-30,1003.6996136582711,60.01450603776887,477.0510128958831,15.655043021846064,20.216622976607116
sz300308,2017-06-28,40.02,40.52,39.36,39.55,-0.021766,822651.0,32688287.27,8485291294.2,8543227140.0,0.003834,130.59110730792705,2017-08-29,2017-06-30,981.8530724755041,58.70822937901951,466.6675132335439,15.314295115360174,19.776587960898286
sz300308,2017-06-29,39.8,42.17,39.62,41.92,0.059924,3694107.0,153371372.53,8993765134.08,9055172736.0,0.017218,138.41664882224728,2017-08-29,2017-06-30,1040.689779979093,62.22626992587858,494.6321657332531,16.23199118169149,20.96168021786716
sz300308,2017-06-30,42.2,42.2,40.51,41.13,-0.0188449999999999,2071838.0,84708544.4,8824273854.12,8884524204.0,0.0096569999999999,135.80818707519205,2017-08-29,2017-06-30,1021.0775441445633,61.05358974359223,485.3106149000167,15.926092492914385,20.566657354161453
sz300308,2017-07-03,41.14,41.47,40.5,41.42,0.007051,1348013.0,55481300.78,8886492172.08,8947167336.0,0.0062829999999999,136.7657706022592,2017-08-29,2017-06-30,1028.2769724888842,61.4840672788619,488.73245001601487,16.03838441664269,20.711672855165645
sz300308,2017-07-04,41.36,42.46,41.18,41.6,0.004346,2228287.0,93592514.3,8925110438.4,8986049280.0,0.010386,137.36015464129662,2017-08-29,2017-06-30,1032.7455831853595,61.75126023178791,490.8563476742206,16.10808285206026,20.80168578539419
sz300308,2017-07-05,41.41,41.66,40.8,41.6,0.0,1404082.0,57850282.19,8925110438.4,8986049280.0,0.0065439999999999,137.36015464129662,2017-08-29,2017-06-30,1032.7455831853595,61.75126023178791,490.8563476742206,16.10808285206026,20.80168578539419
sz300308,2017-07-06,41.11,42.8,41.07,41.34,-0.00625,1174392.0,48979758.83,8869328498.16,8929886472.0,0.005474,136.5016536747885,2017-08-29,2017-06-30,1026.2909232904508,61.36531485533923,487.78849550125665,16.00740733423488,20.671675249235477
sz300308,2017-07-07,41.16,41.2,40.2,40.6,-0.0179,1796625.0,73112699.28,8710564514.4,8770038480.0,0.008374,134.0582740740098,2017-08-29,2017-06-30,1007.9199682049422,60.266854937754545,479.05691623974417,15.720869321962656,20.301652262274164
sz300308,2017-07-10,40.5,42.33,40.5,42.18,0.038916,2914900.0,121810000.0,9050000000.0,9111000000.0,0.013586,139.27528586787395,2017-08-29,2017-06-30,1047.1058765884943,62.609909476461226,497.6816890614497,16.332065214883958,21.09171136171282
sz300308,2017-07-11,42.0,43.89,41.96,43.2,0.024182,2777478.0,120436389.42,9268383916.8,9331666560.0,0.012946,142.6432408307309,2017-08-29,2017-06-30,1072.4665671540272,64.12630870224129,509.73543796938293,16.72762450021642,21.60175112586176
sz300308,2017-07-12,42.88,43.39,40.89,42.0,-0.0277779999999999,1468674.0,61365844.09,9010928808.0,9072453600.0,0.006845,138.68089688693485,2017-08-29,2017-06-30,1042.6758291775263,62.34502234940125,495.57612024801114,16.2629682640993,21.001697683087578
sz300308,2017-07-13,42.6,42.87,41.5,41.95,-0.00119,560679.0,23551901.94,9000201511.8,17736689340.65,0.002613,138.5158666196394,2017-08-29,2017-06-30,2038.4361365183981,121.88481111076844,968.8536394921417,31.79417923473087,20.9767056628447
sz300308,2017-07-14,41.94,41.98,38.88,41.67,-0.006675,1206600.0,49476282.0,8940128653.08,17618303809.89,0.005624,137.5912732099533,2017-08-29,2017-06-30,2024.83036492781,121.07127721062503,962.3869167494049,31.58196540432026,20.836686152545212
sz300308,2017-07-17,41.0,41.3,39.67,39.81,-0.044636,1599065.0,64830252.5,8541073234.44,16831885641.27,0.007453,131.44974913895385,2017-08-29,2017-06-30,1934.4491679331925,115.66708773110112,919.4294013869406,30.172259245164142,19.906619829440206
sz300308,2017-07-18,39.1,40.4,38.56,39.93,0.003014,1833060.0,72207415.48,8566818745.32,16882622297.31,0.008544,131.84593868285867,2017-08-29,2017-06-30,1940.2802129005872,116.01574511687684,922.2008539909706,30.263208029625826,19.96661838160614
sz300308,2017-07-19,39.3,40.7,39.3,40.29,0.009016,1632379.0,65694677.99,8644055277.96,17034832265.43,0.007609,133.0346616660233,2017-08-29,2017-06-30,1957.7733478027712,117.06171727420406,930.5152118030604,30.53605438301088,20.1466374129347
sz300308,2017-07-20,40.49,40.85,39.21,39.27,-0.0253159999999999,1406877.0,56575886.38,8425218435.48,16603570689.09,0.0065569999999999,129.66675617128627,2017-08-29,2017-06-30,1908.2094655799165,114.0981294951103,906.9578646688059,29.762989715086558,19.63660514018885
sz300308,2017-07-21,38.9,40.79,38.6,40.7,0.0364149999999999,1524297.0,61114155.12,8732019106.8,17208182506.9,0.0071049999999999,134.38857109726365,2017-08-29,2017-06-30,1977.6960847747034,118.25296334227117,939.9843415334963,30.846796063254978,20.351672116368825
sz300308,2017-07-24,41.18,41.18,40.21,40.5,-0.004914,703610.0,28574927.9,8689109922.0,17123621413.5,0.00328,133.7281856588917,2017-08-29,2017-06-30,1967.977676495712,117.6718676993116,935.365253860113,30.69521475581883,20.251663999588988
sz300308,2017-07-25,40.7,40.94,40.35,40.54,0.000988,489100.0,19823285.6,8697691758.96,17140533632.18,0.00228,133.8603091063227,2017-08-29,2017-06-30,1969.9213581515103,117.78808682790351,936.2890713947895,30.72553101730606,20.271672643620583
sz300308,2017-07-26,40.34,40.57,39.61,40.57,0.00074,556763.0,22296677.04,8704128136.68,17153217796.19,0.002595,133.95936573506137,2017-08-29,2017-06-30,1971.379119393359,117.87525117434745,936.981934545797,30.748268213421483,20.28667368137686
sz300308,2017-07-27,40.53,42.5,39.8,42.4,0.045107,2422344.0,101150991.04,9096747177.6,17926951800.8,0.0112909999999999,140.0018708452728,2017-08-29,2017-06-30,2060.3025551461283,123.19227630742745,979.246586757254,32.135237176462184,21.20174467112273
sz300308,2017-07-28,42.1,43.8,41.4,43.01,0.014387,2120906.0,90417519.93,9227620191.24,18184863135.67,0.009886,142.01607776112374,2017-08-29,2017-06-30,2089.943700397051,124.96461801845412,993.334804161073,32.597560164142415,21.506774171706173
sz300308,2017-07-31,43.03,43.9,42.2,42.72,-0.006743,837523.0,35954245.46,9165401873.28,18062249550.24,0.003904,141.05846334878046,2017-08-29,2017-06-30,2075.852008392514,124.12202933616277,986.6371270346674,32.37776726836002,21.361753993466355
sz300308,2017-08-01,42.99,43.25,41.17,41.6,-0.026217,986325.0,41143775.78,8925110438.4,17588707427.2,0.0045969999999999,137.3603336151655,2017-08-29,2017-06-30,2021.4289220301634,120.8678937355892,960.770236063721,31.528911946717617,20.801712889019647
sz300308,2017-08-02,41.57,41.57,40.61,41.06,-0.012981,1062277.0,43592173.19,8809255639.44,17360392475.02,0.004951,135.57725912450704,2017-08-29,2017-06-30,1995.1892196768874,119.29893549959839,948.2986993455861,31.119642416640033,20.531685854007286
sz300308,2017-08-03,40.88,41.74,40.32,40.57,-0.011934,555480.0,22725021.89,8704128136.68,17153217796.19,0.002589,133.95928011411516,2017-08-29,2017-06-30,1971.379119393359,117.87525117434745,936.981934545797,30.748268213421483,20.286660715025562
sz300308,2017-08-04,40.45,40.99,40.05,40.45,-0.0029579999999999,712999.0,28812027.69,8678382625.8,17102481140.15,0.0033229999999999,133.5630285635376,2017-08-29,2017-06-30,1965.548074425964,117.5265937885717,934.2104819417671,30.657319428959795,20.22665277263052
sz300308,2017-08-07,40.75,40.75,37.6,38.98,-0.036341,4108779.0,158704295.74,8363000117.52,16480957103.66,0.0191509999999999,128.7092145425101,2017-08-29,2017-06-30,1894.1177735753793,113.25554081281894,900.2601875424001,29.543196819304153,19.491595984220353
sz300308,2017-08-08,38.55,39.56,38.55,38.82,-0.004105,1553769.0,60848120.54,8328672769.68,16413308228.94,0.007242,128.1808632168131,2017-08-29,2017-06-30,1886.3430469521861,112.79066429845128,896.5649174036935,29.421931773355237,19.411582982705127
sz300308,2017-08-09,38.56,38.97,37.3,37.47,-0.034776,2181534.0,82427928.23,8039035772.28,15842520848.49,0.010168,123.72324551758521,2017-08-29,2017-06-30,1820.7437910689957,108.86826870847422,865.3860756083562,28.398757948161276,18.736525772898574
sz300308,2017-08-10,37.4,39.04,37.2,38.05,0.015479,1699853.0,64793500.84,8163472408.2,17464742094.8,0.007923,125.63835763495192,2017-08-29,2017-06-30,2007.1818769144477,120.01601597905496,953.9987207510333,31.30669595581194,19.026548455337274
sz300308,2017-08-11,37.99,38.6,37.15,37.5,-0.014455,533194.0,20083799.6,8045472150.0,17212295100.0,0.002485,123.82225517533868,2017-08-29,2017-06-30,1978.1687354610197,118.28122468369412,940.2089889136333,30.854168156187853,18.75151969741537
sz300308,2017-08-14,37.95,39.02,37.51,39.0,0.04,1051834.0,40618354.62,8367291036.0,17900786904.0,0.004903,128.77514538235224,2017-08-29,2017-06-30,2057.29548487946,123.01247367104189,977.8173484701787,32.08833488243537,19.501580485311987
sz300308,2017-08-15,39.09,40.0,38.7,39.11,0.002821,1094427.0,43118001.09,8390891087.64,17951276302.96,0.005101,129.13842006747583,2017-08-29,2017-06-30,2063.098113170146,123.35943193011406,980.5752948376587,32.17884044236018,19.55659444386105
sz300308,2017-08-16,39.11,40.18,38.79,39.9,0.020199,1081406.0,42908259.31,8560382367.6,18313881986.4,0.00504,131.7468870144188,2017-08-29,2017-06-30,2104.7715345305246,125.85122306345056,1000.382364204106,32.82883491818388,19.951618095032604
sz300308,2017-08-17,40.14,40.14,39.46,39.73,-0.004261,498132.0,19760399.5,8523909560.52,18235852915.28,0.002322,131.18551352885038,2017-08-29,2017-06-30,2095.8038362631014,125.31501484488446,996.120083454364,32.688962689209156,19.86660425032967
sz300308,2017-08-18,40.05,40.05,38.25,38.9,-0.020891,1175585.0,45790503.79,8345836443.6,17854887450.4,0.0054789999999999,128.44491696571916,2017-08-29,2017-06-30,2052.0203682515644,122.69705707188538,975.3101244997425,32.00605710068554,19.451571020936033
sz300308,2017-08-21,38.55,39.47,38.55,39.0,0.002571,577500.0,22571167.01,8367291036.0,17900786904.0,0.002692,128.77514884723803,2017-08-29,2017-06-30,2057.29548487946,123.01247367104189,977.8173484701787,32.08833488243537,19.50158101003086
sz300308,2017-08-22,39.3,39.3,37.6,37.73,-0.0325639999999999,1527747.0,58174639.24,8094817712.52,17317863843.28,0.007121,124.58171490017659,2017-08-29,2017-06-30,1990.3015037051803,119.0066828617541,945.9756040456369,31.04340705421247,18.866531526020218
sz300308,2017-08-23,37.85,38.29,37.0,37.75,0.00053,1024717.0,38504326.47,8099108631.0,17327043734.0,0.004776,124.64774320907367,2017-08-29,2017-06-30,1991.3565270307597,119.06976618158542,946.4770488397243,31.05986261056244,18.876530787729006
sz300308,2017-08-24,38.43,38.43,37.25,37.41,-0.009007,642000.0,24223225.0,8026163016.84,17170985591.76,0.002992,123.52504098598955,2017-08-29,2017-06-30,1973.4211304959128,117.99734974445326,937.9524873402407,30.780118152613007,18.70650987492393
sz300308,2017-08-25,37.2,38.23,37.2,37.95,0.014435,731226.0,27687597.73,8142017815.8,17418842641.2,0.003408,125.30812495262231,2017-08-29,2017-06-30,2001.9067602865518,119.70059937989846,951.491496780597,31.224418174062112,18.97653834496846
sz300308,2017-08-28,37.95,39.5,37.8,39.3,0.035573,1578312.0,61478128.24,8431654813.2,18038485264.8,0.0073569999999999,129.76571088156194,2017-08-29,2017-06-30,2073.120834763148,123.95872346851144,985.3390203814877,32.33516822768487,19.651590743514024
sz300308,2017-08-29,39.3,39.45,38.58,39.0,-0.007634,641712.0,24998945.2,8367291036.0,17900786904.0,0.002991,128.7750794446921,2017-08-29,2017-06-30,2057.29548487946,123.01247367104189,977.8173484701787,32.08833488243537,19.501570499778037
sz300308,2017-08-30,39.0,39.5,38.85,39.0,0.0,667041.0,26115869.8,8367291036.0,17900786904.0,0.003109,128.7750794446921,2017-10-30,2017-09-30,135.3983331810218,15.062247472974699,168.79371544954847,4.235928466443267,19.501570499778037
sz300308,2017-08-31,38.82,39.38,38.44,39.0,0.0,591448.0,23021797.34,8367291036.0,17900786904.0,0.002757,128.7750794446921,2017-10-30,2017-09-30,135.3983331810218,15.062247472974699,168.79371544954847,4.235928466443267,19.501570499778037
sz300308,2017-09-01,38.99,39.4,38.65,38.91,-0.0023079999999999,1047700.0,40927985.11,8347981902.84,17859477395.76,0.004883,128.47786656133377,2017-10-30,2017-09-30,135.0858754890656,15.027488440344754,168.4041914908187,4.22615324690532,19.45656087506455
sz300308,2017-09-04,38.77,41.0,38.77,40.63,0.044205,2264062.0,90409311.84,8717000892.12,18648947997.68,0.010553,134.15723065267753,2017-10-30,2017-09-30,141.05728915756197,15.691772175050309,175.8484271465424,4.412968553630511,20.31663814854678
sz300308,2017-09-05,40.66,43.8,40.63,42.23,0.03938,2138896.0,90639351.19,9060274370.52,19383339255.28,0.009969,139.44034239577996,2017-10-30,2017-09-30,146.6120925701167,16.309710532915936,182.77329752395977,4.586750234305106,21.11670735883655
sz300308,2017-09-06,43.07,43.07,40.3,41.47,-0.017997,1297147.0,53792329.09,8897219468.28,19034503407.92,0.006046,136.9308345536831,2017-10-30,2017-09-30,143.97356094915315,16.01618981292976,179.4839840946865,4.504203935984673,20.73666997649957
sz300308,2017-09-07,42.9,42.9,40.35,40.69,-0.018809,1191374.0,48893530.73,8729873647.56,18676487669.84,0.005553,134.3553024865629,2017-10-30,2017-09-30,141.26559428553276,15.714944863470267,176.10810978569555,4.419485366655809,20.34663395091159
sz300308,2017-09-08,40.09,41.25,40.09,40.5,-0.0046689999999999,832175.0,33899703.0,8689109922.0,18589278708.0,0.003879,133.72799757925313,2017-10-30,2017-09-30,140.6059613802919,15.641564683473725,175.28578142837725,4.3988487920757,20.251635516994785
sz300308,2017-09-11,40.5,40.96,39.21,39.76,-0.018272,2056521.0,81338672.88,8530345938.24,18249622751.36,0.009585,131.284519607485,2017-10-30,2017-09-30,138.03686480198533,15.355768192960873,172.08302887882172,4.3184747647637,19.881597632828257
sz300308,2017-09-12,39.86,39.91,38.82,39.1,-0.0166,2245012.0,87885824.76,8388745628.4,17946686357.6,0.010464,129.10519658200076,2017-10-30,2017-09-30,135.74550839430646,15.100868620341297,169.22651984813703,4.246789821485429,19.551563112123308
sz300308,2017-09-13,39.17,39.46,38.12,38.37,-0.01867,2598392.0,100253393.56,8232127103.88,17611620346.32,0.012111,126.69480256181481,2017-10-30,2017-09-30,133.21112933732837,14.818934244565106,166.06704773844035,4.167501929677645,19.186535428819965
sz300308,2017-09-14,38.9,42.21,38.6,42.21,0.100078,5492342.0,228576826.18,9055983452.04,19374159364.56,0.0256,139.3741650125961,2017-10-30,2017-09-30,146.54265752745977,16.301986303442614,182.68673664424207,4.584577963296675,21.10668552146541
sz300308,2017-09-15,42.71,42.79,40.7,40.96,-0.0296139999999999,3266600.0,134990000.0,8788000000.0,18800000000.0,0.015225,135.2467384899131,2017-10-30,2017-09-30,142.19981934059058,15.818871763042374,177.27275719607724,4.448712539633583,20.481632136432733
sz300308,2017-09-18,40.55,42.96,40.52,42.5,0.037598,2342733.0,98942613.99,9118201770.0,19507267780.0,0.010919,140.33174536365686,2017-10-30,2017-09-30,147.5494656459853,16.41398763080576,183.94186940014896,4.6160758929189445,21.25170054149833
sz300308,2017-09-19,42.2,46.5,41.61,44.7,0.051765,4948081.0,218646624.52,9590202802.8,20517055759.2,0.023063,147.59601816240655,2017-10-30,2017-09-30,155.18732033824807,17.263652872871003,193.46356616909787,4.855025703846514,22.351794820028992
sz300308,2017-09-20,44.34,45.92,43.2,45.5,0.017897,3921025.0,174622992.91,9761839542.0,20884251388.0,0.018276,150.23754409945917,2017-10-30,2017-09-30,157.96472204452544,17.572622051803815,196.92600135780654,4.941916544183812,22.751824891923054
sz300308,2017-09-21,44.64,45.2,43.5,43.5,-0.043956,2584842.0,113998067.32,9332747694.0,19966262316.0,0.012048,143.63370261102332,2017-10-30,2017-09-30,151.021217778832,16.80019910447178,188.26991338603483,4.724689443340567,21.751745676973684
sz300308,2017-09-22,43.49,46.55,43.49,45.56,0.047356,4466981.0,202368007.22,9774712297.44,20911791060.16,0.020821,150.43562023187096,2017-10-30,2017-09-30,158.17302717249626,17.595794740223777,197.1856839969597,4.948433357209109,22.78182134525245
sz300308,2017-09-25,46.0,49.5,44.04,44.25,-0.0287529999999999,6133022.0,285950304.75,9493657137.0,20968174728.0,0.028586,146.11014484334396,2017-10-30,2017-09-30,158.59950309699667,17.643237613154145,197.71734826604612,4.961775630089446,22.12677563611241
sz300308,2017-09-26,45.09,45.33,43.58,44.89,0.014463,1946958.0,86898649.9,9630966528.36,21271443243.84,0.009075,148.22333586821324,2017-10-30,2017-09-30,160.89337161636567,17.89841664303931,200.57698900932903,5.033539164626332,22.4467951921375
sz300308,2017-09-27,45.67,48.28,44.31,47.9,0.067053,5309521.0,248542899.37,10276749759.6,22697752982.4,0.024748,158.16215520818454,2017-10-30,2017-09-30,171.68172199652295,19.09855551796799,214.02623688008157,5.371052037995129,23.951920150155896
sz300308,2017-09-28,47.51,48.65,46.81,47.0,-0.018789,3049982.0,144754085.97,10083658428.0,22271281632.0,0.014216,155.19044647397797,2017-10-30,2017-09-30,168.4559693911603,18.739710007191974,210.00486708483993,5.270134567552631,23.501887522454616
sz300308,2017-09-29,47.4,49.5,47.0,48.59,0.03383,2941743.0,142682306.83,10424786447.16,23024714351.04,0.013711,160.44053927819263,2017-10-30,2017-09-30,174.15479899396766,19.373670409562937,217.10928705643346,5.44842209866771,24.296956377339253
sz300308,2017-10-09,50.0,52.7,48.7,49.0,0.008438,4055317.0,205504325.1,10512750276.0,23218995744.0,0.018902,161.79433654862203,2017-10-30,2017-09-30,175.6243085141884,19.53714447558312,218.94124440759907,5.494395612980403,24.501974095251242
sz300308,2017-10-10,49.2,51.28,48.11,49.8,0.016327,3151026.0,157180343.07,10684387015.2,23598081388.8,0.014687,164.43595268145134,2017-10-30,2017-09-30,178.49164416339963,19.856118262939578,222.51579533670272,5.584100031151511,24.902017826304405
sz300308,2017-10-11,50.0,50.47,48.0,48.5,-0.026104,2514136.0,123167892.5,10405477314.0,22982067216.0,0.011718,160.14351657265476,2017-10-30,2017-09-30,173.8322237334314,19.337785858485333,216.7071500769093,5.43833035162346,24.25197555296656
sz300308,2017-10-12,48.15,49.6,47.7,48.42,-0.0016489999999999,1547146.0,75545796.16,10388313640.08,22944158651.52,0.0072109999999999,159.87943991382647,2017-10-30,2017-09-30,173.54549016851027,19.305888479749687,216.34969498399894,5.429359909806349,24.21198404527972
sz300308,2017-10-13,48.5,50.28,48.12,50.2,0.036762,1970922.0,97001562.39,10770205384.8,23787624211.2,0.009186,165.75692788393854,2017-10-30,2017-09-30,179.92531198800526,20.01560515661781,224.30307080125456,5.628952240237067,25.10206500275229
sz300308,2017-10-16,50.3,50.49,47.8,48.0,-0.043825,3844653.0,186861291.54,10298204352.0,22745138688.0,0.01792,158.49263051942495,2017-10-30,2017-09-30,172.04013895267437,19.138427241387546,214.4730557462195,5.382265090266517,24.001967004006673
sz300308,2017-10-17,47.58,48.58,47.45,47.5,-0.010417,1523611.0,73038560.78,10190931390.0,22508210160.0,0.007102,156.84161278730411,2017-10-30,2017-09-30,170.24805417191735,18.93906862428976,212.2389614155297,5.326199828909575,23.751938513725936
sz300308,2017-10-18,47.02,48.46,46.8,47.49,-0.0002109999999999,1180032.0,56007329.04,10188785930.76,22503471589.44,0.0055,156.80851920700601,2017-10-30,2017-09-30,170.21221247630217,18.935081451947802,212.1942795289159,5.325078523682436,23.746926854699545
sz300308,2017-10-19,47.8,48.2,46.9,47.08,-0.008633,745536.0,35477606.56,10100822101.92,22309190196.48,0.003475,155.45479126069193,2017-10-30,2017-09-30,168.74270295608142,18.771607385927616,210.3623221777503,5.279105009369742,23.541919635162923
sz300308,2017-10-20,47.01,48.3,46.5,47.89,0.017205,1250479.0,59413340.65,10274604300.36,22693014411.84,0.005828,158.1293909443321,2017-10-30,2017-09-30,171.6458803009078,19.094568345626033,213.98155499346774,5.3699307327679895,23.946958362485898
sz300308,2017-10-23,47.82,47.82,47.08,47.53,-0.007517,789613.0,37503605.09,10197367767.72,22522425871.68,0.0036799999999999,156.9407323126036,2017-10-30,2017-09-30,170.35557925876276,18.951030141315627,212.3730070753711,5.329563744590991,23.766949076475093
sz300308,2017-10-24,47.52,48.19,47.22,47.6,0.001473,893873.0,42560999.84,10212385982.4,22555595865.6,0.0041659999999999,157.17190601130005,2017-10-30,2017-09-30,170.6064711280687,18.978940347709315,212.68578028166766,5.337412881180963,23.80195779246474
sz300308,2017-10-25,47.33,48.17,47.28,48.06,0.009664,1076798.0,51329845.2,10311077107.44,22773570111.36,0.005019,158.69081531099323,2017-10-30,2017-09-30,172.2551891263652,19.16235027543928,214.74114706590228,5.388992921629351,24.03197991257112
sz300308,2017-10-26,48.06,49.9,47.9,48.8,0.015397,1907100.0,93169429.0,10469841091.2,23124224332.8,0.008889,161.1341777943366,2017-10-30,2017-09-30,174.90747460188558,19.457401028744005,218.04760667532315,5.471969508437626,24.40200030728498
sz300308,2017-10-27,48.8,49.01,47.32,48.2,-0.012295,1011259.0,48955153.41,10341113536.8,22839910099.2,0.004713,159.15303307835526,2017-10-30,2017-09-30,172.75697286497717,19.218170688226664,215.36669347849542,5.404691194809295,24.101977713506912
sz300308,2017-10-30,48.08,49.08,47.58,47.7,-0.010373,1578937.0,76294116.53,10233840574.8,22602981571.2,0.007359,157.50213866623346,2017-10-30,2017-09-30,170.96488808422015,19.018812071128874,213.13259914780565,5.348625933452352,23.851967898684705
sz300308,2017-10-31,47.45,48.53,46.61,48.52,0.0171909999999999,2040844.0,97247134.48,10409768232.48,22991544357.12,0.009512,160.20975793204468,2018-04-12,2017-12-31,142.357729380714,9.754234267564524,555.9272179870344,5.73948020979555,24.26200707883099
sz300308,2017-11-01,48.33,48.4,47.3,47.76,-0.0156639999999999,1311416.0,62588225.44,10246713330.24,22631412994.56,0.006113,157.70023228379713,2018-04-12,2017-12-31,140.1278886072321,9.601447415887916,547.219372033404,5.64957903585811,23.881966999948183
sz300308,2017-11-02,47.2,48.26,47.2,47.6,-0.00335,846820.0,40371362.34,10212385982.4,22555595865.6,0.003947,157.1719365056464,2018-04-12,2017-12-31,139.6584484443938,9.569281762903366,545.3861413063239,5.630652472923911,23.80196241049836
sz300308,2017-11-03,48.0,48.0,44.96,45.56,-0.042857,3855134.0,177001757.64,9774712297.44,21588927471.36,0.017969,150.43601882282394,2018-04-12,2017-12-31,133.6730863682055,9.159169687350365,522.0124495360529,5.389338795512888,22.78188170747163
sz300308,2017-11-06,45.05,47.1,44.5,46.6,0.022827,2523587.0,114994864.51,9997840058.4,22081738809.6,0.011762,153.87002182449254,2018-04-12,2017-12-31,136.72444742665442,9.368246431749933,533.9284492620734,5.512361454585174,23.301923721208084
sz300308,2017-11-07,46.6,48.4,45.6,48.19,0.03412,1795237.0,85227808.17,10338968077.56,22835171528.64,0.008368,159.1200669691442,2018-04-12,2017-12-31,141.38950904486003,9.68789260828389,552.1461796124316,5.700444173743768,24.0969853585757
sz300308,2017-11-08,48.96,50.0,47.8,47.86,-0.006848,1085393.0,52756524.78,10268167922.64,22678798700.16,0.005059,158.0304127505395,2018-04-12,2017-12-31,140.42128870900603,9.62155094900326,548.365141237829,5.661408137691985,23.931969202840175
sz300308,2017-11-09,48.48,48.79,45.88,48.6,0.015462,2208517.0,104292093.34,10426931906.4,23029452921.6,0.010294,160.47387899248835,2018-04-12,2017-12-31,142.59244946213315,9.770317094056796,556.8438333505744,5.748943491262649,24.30200531065449
sz300308,2017-11-10,48.21,51.0,48.21,50.92,0.047737,4447721.0,221682190.75,10924678450.08,24128801291.52,0.020731,168.1344205539528,2018-04-12,2017-12-31,149.39933182328852,10.236719062332762,583.4256788932356,6.023378653808522,25.462110138169205
sz300308,2017-11-13,50.92,52.12,46.88,50.4,-0.010212,4665248.0,232938294.97,10813114569.6,23882395622.4,0.021745,166.4174318512558,2018-04-12,2017-12-31,147.87365129406402,10.132180690132978,577.4676790302253,5.961867324272378,25.20209106943822
sz300308,2017-11-14,50.19,50.19,48.27,48.3,-0.041667,2456001.0,120217375.29,10362568129.2,22887295804.8,0.011447,159.48331671830954,2018-04-12,2017-12-31,141.71224915681137,9.710006494710768,553.4065257372993,5.713456185761029,24.15199554084794
sz300308,2017-11-15,48.1,49.49,47.79,47.79,-0.010559,1782300.0,86279667.76,10253149707.96,22645628706.24,0.008307,157.7993323770809,2018-04-12,2017-12-31,140.2159086377643,9.60747847582252,547.5631027947315,5.653127766408272,23.896974619932127
sz300308,2017-11-16,47.51,47.91,45.91,46.3,-0.0311779999999999,2658520.0,123940583.47,9933476281.2,21939581692.8,0.012391,152.8794647922283,2018-04-12,2017-12-31,135.84424712133261,9.307935832403905,530.4911416487982,5.476874149083553,23.151914745231885
sz300308,2017-11-17,46.3,46.83,45.63,45.72,-0.012527,1607143.0,74070684.17,9809039645.28,21664744600.32,0.0074909999999999,150.96434373677607,2018-04-12,2017-12-31,134.1425265310438,9.191335340334915,523.845680263133,5.4082653584470854,22.86189070921837
sz300308,2017-11-20,45.5,47.85,44.03,47.46,0.038058,2246287.0,102556555.88,10182349553.04,22489255877.76,0.01047,156.70974473071027,2018-04-12,2017-12-31,139.24768830191027,9.541136816541885,543.7820644201288,5.614091730356488,23.731968545829798
sz300308,2017-11-21,47.5,49.2,46.28,47.68,0.004635,3023373.0,143487645.29,10229549656.32,22593504430.08,0.0140919999999999,157.4360943975371,2018-04-12,2017-12-31,139.89316852581297,9.585364589395644,546.302756669864,5.640115754391012,23.841966220039716
sz300308,2017-11-22,47.5,47.97,45.8,46.6,-0.0226509999999999,1682108.0,78698298.46,9997840058.4,22081738809.6,0.00784,153.8700094233385,2018-04-12,2017-12-31,136.72444742665442,9.368246431749933,533.9284492620734,5.512361454585174,23.3019218431896
sz300308,2017-11-23,46.2,46.55,45.5,45.59,-0.021674,1188805.0,54622323.6,9781148675.16,21603143183.04,0.005541,150.53503083909706,2018-04-12,2017-12-31,133.7611063987377,9.165200747284969,522.3561802973804,5.39288752606305,22.79687598916031
sz300308,2017-11-24,45.09,46.47,44.95,45.13,-0.01009,1433154.0,65490652.68,9682457550.12,21385168937.28,0.0066799999999999,149.01613237793057,2018-04-12,2017-12-31,132.41146593057755,9.072724494954388,517.0856419570251,5.33847365762723,22.56685551042968
sz300308,2017-11-27,44.95,45.7,43.98,44.81,-0.007091,1729359.0,77365619.16,9613802854.44,21233534679.36,0.008061,147.95945898323868,2018-04-12,2017-12-31,131.47258560490098,9.008393188985291,513.4191805028651,5.300620531758835,22.406833938005224
sz300308,2017-11-28,44.8,45.22,44.0,44.8,-0.000223,1668918.0,74211748.84,9611657395.2,21228796108.8,0.007779,147.92646402388544,2018-04-12,2017-12-31,131.44324559472358,9.006382835673756,513.3046035824225,5.299437621575446,22.40183721403705
sz300308,2017-11-29,44.8,45.21,42.5,42.6,-0.049107,2841104.0,124868678.23,9139656362.4,20186310585.6,0.0132419999999999,140.66223915506447,2018-04-12,2017-12-31,124.98844335569696,8.564105107136205,488.0976810850714,5.039197381230223,21.301750193967333
sz300308,2017-11-30,42.06,43.11,42.06,42.7,0.0023469999999999,2131027.0,90710760.78,9161110954.8,20233696291.2,0.0099329999999999,140.9923734303614,2018-04-12,2017-12-31,125.28184345747093,8.58420864025155,489.2434502894965,5.051026483064098,21.351745401672574
sz300308,2017-12-01,42.5,45.03,42.08,44.41,0.040047,1759383.0,77437744.08,9527984484.84,21043991856.96,0.0082,146.63869500912708,2018-04-12,2017-12-31,130.29898519780522,8.927979056523917,508.83610368516474,5.253304124423339,22.206818749773355
sz300308,2017-12-04,44.0,46.28,44.0,44.9,0.011034,2217263.0,101117312.39,9633111987.6,21276181814.4,0.0103349999999999,148.2567063698578,2018-04-12,2017-12-31,131.73664569649753,9.0264863687891,514.4503727868477,5.311266723409321,22.45184878785835
sz300308,2017-12-05,45.25,45.69,44.04,44.28,-0.013808,1379324.0,61764685.54,9500093514.72,20982390439.68,0.006429,146.20957776830278,2018-04-12,2017-12-31,129.91756506549913,8.901844463473973,507.34660371941226,5.237926292039304,22.1418336597956
sz300308,2017-12-06,44.25,44.79,43.19,44.25,-0.000678,1404021.0,61417420.3,9493657137.0,20968174728.0,0.0065439999999999,146.11044767457588,2018-04-12,2017-12-31,129.82954503496694,8.89581340353937,507.0028729580847,5.234377561489142,22.126821496574262
sz300308,2017-12-07,43.99,46.37,43.99,46.0,0.039548,2557400.0,117307259.39,9869112504.0,21797424576.0,0.01192,151.88882365921,2018-04-12,2017-12-31,134.96404681601084,9.247625233057875,527.0538340355231,5.441386843581932,23.00189303312078
sz300308,2017-12-08,45.78,50.5,45.5,47.86,0.040435,3718607.0,179668992.39,10268167922.64,22678798700.16,0.017332,158.03044824387015,2018-04-12,2017-12-31,140.42128870900603,9.62155094900326,548.365141237829,5.661408137691985,23.931974577915017
sz300308,2017-12-11,50.0,52.65,49.5,52.65,0.100084,7139171.0,365120666.36,11295842898.6,24948573998.4,0.033276,173.84676762590968,2018-04-12,2017-12-31,154.4751535839776,10.5845101852282,603.247486129789,6.228022115534538,26.327182321571065
sz300308,2017-12-12,54.88,54.88,51.5,52.6,-0.00095,7220646.0,381041418.07,11285115602.4,24924881145.6,0.033655,173.68161319666507,2018-04-12,2017-12-31,154.32845353309062,10.574458418670526,602.6746015275764,6.2221075646176,26.302171498365574
sz300308,2017-12-13,52.75,54.88,52.01,54.6,0.038023,4258389.0,226847061.44,11714207450.4,25872595257.6,0.0198479999999999,180.28550917524183,2018-04-12,2017-12-31,160.19645556856935,10.97652908097739,625.5899856160775,6.458689601295075,27.302258965247923
sz300308,2017-12-14,53.99,55.5,52.62,53.3,-0.0238099999999999,3096594.0,166654273.12,11435297749.2,25256581084.8,0.014433,175.99291120177935,2018-04-12,2017-12-31,156.3822542455082,10.715183150477928,610.6949859585517,6.304911277454717,26.652192179285375
sz300308,2017-12-15,53.78,55.5,52.8,54.52,0.022889,3349522.0,181703344.83,11697043776.48,25834686693.12,0.015612,180.02121294627685,2018-04-12,2017-12-31,159.9617354871502,10.960446254485115,624.6733702525374,6.449226319827976,27.262234206077036
sz300308,2017-12-18,54.6,56.05,52.52,54.36,-0.002935,3644574.0,197511070.46,11662716428.64,25758869564.16,0.016987,179.4928506862795,2018-04-12,2017-12-31,159.49229532431193,10.928280601500568,622.8401395254573,6.430299756893779,27.1822195486822
sz300308,2017-12-19,54.82,57.88,54.45,57.87,0.06457,4072703.0,230557188.51,12415772621.88,27422107830.72,0.018983,191.0827040550926,2018-04-12,2017-12-31,169.7906388965771,11.633914613849116,663.0566386007766,6.845501231262748,28.937375464940608
sz300308,2017-12-20,56.98,59.97,56.9,57.79,-0.001382,3750000.0,218640000.0,12483000000.0,27384000000.0,0.017361,190.81862775808844,2018-04-12,2017-12-31,169.55468500984986,11.617747248034192,662.1352050517019,6.835988206088867,28.897384012048057
sz300308,2017-12-21,58.0,58.52,56.0,57.9,0.001903,2304224.0,131846587.6,12422208999.6,27436323542.4,0.01074,191.18175560671207,2018-04-12,2017-12-31,169.87865892710929,11.63994567378372,663.4003693621041,6.84904996181291,28.952375733822986
sz300308,2017-12-22,57.01,58.19,56.0,56.3,-0.027634,2254446.0,129349360.95,12078935521.2,26678152252.8,0.010508,185.8986389722762,2018-04-12,2017-12-31,165.1842572987263,11.318289143938225,645.0680620913032,6.65978433247093,28.15230578279452
sz300308,2017-12-25,56.79,57.94,56.63,57.6,0.023091,2175915.0,124749687.8,12357845222.4,27294166425.6,0.010142,190.191224444785,2018-04-12,2017-12-31,168.99845862178745,11.579635074437686,659.963061748829,6.813562656311288,28.802370675625028
sz300308,2017-12-26,57.0,59.28,57.0,58.71,0.019271,1698092.0,98749802.91,12595991198.04,27820147757.76,0.007915,193.85639953106048,2018-04-12,2017-12-31,172.25519975147813,11.802784292017995,672.681099917947,6.944865686667287,29.357421160914996
sz300308,2017-12-27,58.11,59.5,56.7,58.0,-0.012093,1766620.0,101832497.38,12443663592.0,27483709248.0,0.008234,191.51209409153137,2018-04-12,2017-12-31,170.1720590288832,11.66004920689906,664.5461385665291,6.8608790636467845,29.002401866816054
sz300308,2017-12-28,58.15,59.97,58.0,58.76,0.013103,2197724.0,130196984.68,12606718494.24,27843840610.56,0.010244,194.02147706041274,2018-04-12,2017-12-31,172.40189980236514,11.81283605857567,673.2539845201595,6.950780237584224,29.382420338476948
sz300308,2017-12-29,57.68,59.3,57.68,58.5,-0.004425,1255067.0,73387959.76,12550936554.0,27720637776.0,0.00585,193.1629320244204,2018-04-12,2017-12-31,171.6390595377529,11.760566872475776,670.2749845886543,6.920024572816153,29.252403128479187
sz300308,2018-01-02,58.6,59.0,57.18,58.78,0.004786,891764.0,51875217.04,12611009412.72,27853317751.68,0.004157,194.08740981708928,2018-04-12,2017-12-31,172.46057982271992,11.816856765198738,673.4831383610446,6.953146057951,29.39240512985209
sz300308,2018-01-03,59.01,59.58,57.9,58.7,-0.001361,1281230.0,74962085.69,12593845738.8,27815409187.2,0.005972,193.8232568523282,2018-04-12,2017-12-31,172.22585974130078,11.800773938706463,672.5665229975045,6.943682776483901,29.35240206647036
sz300308,2018-01-04,58.11,58.73,56.72,57.66,-0.017717,2111166.0,121272616.24,12370717977.84,27322597848.96,0.00984,190.38929021067554,2018-04-12,2017-12-31,169.17449868285183,11.591697194306892,660.6505232714838,6.820660117411613,28.832365559058708
sz300308,2018-01-05,57.9,59.5,56.87,57.45,-0.003642,2745009.0,159780231.87,12325663333.8,27223087867.2,0.012795,189.69589241572822,2018-04-12,2017-12-31,168.55835846912657,11.549479774764674,658.2444079421914,6.795819003560479,28.72735808369261
sz300308,2018-01-08,58.49,58.5,56.58,56.9,-0.009574,3017367.0,173971436.37,12207663075.6,26962466486.4,0.0140639999999999,187.87974394174003,2018-04-12,2017-12-31,166.9446579093699,11.438910342630287,651.9426773178536,6.730758943474172,28.45232235739934
sz300308,2018-01-09,57.9,59.79,57.52,59.42,0.044288,2320593.0,136114882.3,12748318804.08,28156586267.52,0.010816,196.20056204143185,2018-04-12,2017-12-31,174.3383404740731,11.945519377136934,680.8160612693648,7.0288523096877915,29.712418809963847
sz300308,2018-01-10,59.98,63.15,59.75,61.39,0.033154,3787828.0,233431728.19,13170974274.36,29090084667.84,0.017655,202.70539547535347,2018-04-12,2017-12-31,180.11832247901967,12.341558979509195,703.3877145965383,7.261885615815105,30.697504343189383
sz300308,2018-01-11,60.7,62.2,60.23,61.61,0.003584,1389551.0,85254932.88,13218174377.64,29194333220.16,0.0064769999999999,203.43189161273713,2018-04-12,2017-12-31,180.76380270292233,12.38578675236295,705.9084068462735,7.2879096398496275,30.807524198755374
sz300308,2018-01-12,60.88,62.88,60.88,61.72,0.001785,1653196.0,102356768.83,13241774429.28,29246457496.32,0.007706,203.79501753926587,2018-04-12,2017-12-31,181.08654281487364,12.407900638789828,707.168752971141,7.300921651866888,30.86251562945015
sz300308,2018-01-15,61.8,62.58,60.32,61.06,-0.010693,1438834.0,88168214.64,13100174119.44,28933711839.36,0.006706,201.6158374167185,2018-04-12,2017-12-31,179.15010214316567,12.275217320228563,699.6066762219357,7.222849579763322,30.532502749824445
sz300308,2018-01-16,61.58,61.58,59.04,59.2,-0.030462,2574576.0,154225488.98,12701118700.8,28052337715.2,0.012,195.47421577733044,2018-04-12,2017-12-31,173.69286025017047,11.901291604283179,678.2953690196298,7.00282828565327,29.60242165105929
sz300308,2018-01-17,59.7,60.22,58.88,59.61,0.006926,1929398.0,114998017.9,12789082529.64,28246619108.16,0.008993,196.82807019580423,2018-04-12,2017-12-31,174.89580066744358,11.983716090056086,682.9930227577725,7.051327603172152,29.80744802341453
sz300308,2018-01-18,58.81,61.1,57.88,59.7,0.00151,1203725.0,71435261.6,12808391662.8,28289266243.2,0.005611,197.12528058179987,2018-04-12,2017-12-31,175.15986075904016,12.001809269859896,684.024215041755,7.061973794822639,29.852457269929882
sz300308,2018-01-19,59.7,60.5,59.06,59.25,-0.0075379999999999,782887.0,46670996.52,12711845997.0,28076030568.0,0.003649,195.63935021677426,2018-04-12,2017-12-31,173.83956030105742,11.91134337084085,678.8682536218422,7.008742836570207,29.62742944702915
sz300308,2018-01-22,59.61,60.0,58.08,59.2,-0.0008439999999999,1524840.0,89659376.55,12701118700.8,28052337715.2,0.007107,195.47423060519134,2018-04-12,2017-12-31,173.69286025017047,11.901291604283179,678.2953690196298,7.00282828565327,29.60242389657586
sz300308,2018-01-23,58.09,59.75,58.08,59.5,0.005068,1346635.0,79751998.4,12765482478.0,28194494832.0,0.006277,196.46489400589846,2018-04-12,2017-12-31,174.57306055549228,11.961602203629209,681.7326766329048,7.03831559115489,29.75244898088371
sz300308,2018-01-24,59.6,64.92,58.48,64.54,0.0847059999999999,2840290.0,173557099.42,13846793934.96,30582734394.24,0.0132389999999999,213.10664931756207,2018-04-12,2017-12-31,189.36042568489867,12.974820272642507,739.4794445359274,7.634502323582129,32.27265992425844
sz300308,2018-01-25,65.6,66.0,63.25,64.15,-0.006043,2907934.0,188588715.74,13763121024.6,30397930142.4,0.0135539999999999,211.81884583573606,2018-04-12,2017-12-31,188.21616528798032,12.89641649349267,735.0109446386698,7.588368826430021,32.07763624033615
sz300308,2018-01-26,63.51,64.8,63.51,63.84,-0.004832,942937.0,60319861.88,13696611788.16,30251034455.04,0.004395,210.79533717265778,2018-04-12,2017-12-31,187.30662497248113,12.834095540835104,731.4590601049521,7.551698610745013,31.922637102022847
sz300308,2018-01-29,65.0,65.0,57.58,59.45,-0.068766,3350824.0,202315142.23,12754755181.8,28170801979.2,0.015618,196.2997850166428,2018-04-12,2017-12-31,174.4263605046053,11.951550437071537,681.1597920306924,7.032401040237954,29.72744503906514
sz300308,2018-01-30,58.15,61.39,58.08,61.2,0.029437,1042185.0,63202017.5,13130210548.8,29000051827.2,0.0048579999999999,202.07826178817768,2018-04-12,2017-12-31,179.5608622856492,12.303362266590042,701.2107531081308,7.239410322330745,30.6025318386801
sz300308,2018-01-31,60.08,61.79,59.12,59.53,-0.027288,986268.0,59564673.23,12771918855.72,28208710543.68,0.0045969999999999,196.5639501805019,2018-04-12,2017-12-31,174.66108058602444,11.967633263563812,682.0764073942324,7.041864321705053,29.7674499498662
sz300308,2018-02-01,58.9,61.0,58.01,58.3,-0.020662,1108083.0,65871126.3,12508027369.2,27625866364.8,0.0051649999999999,192.5025458418724,2018-04-12,2017-12-31,171.05225933420502,11.720359806245089,667.9834461798042,6.896366369148405,29.152394899002065
sz300308,2018-02-02,58.3,61.3,58.0,60.62,0.039794,1255306.0,75420209.86,13005773912.88,28725214734.72,0.0058509999999999,200.16299215110388,2018-04-12,2017-12-31,177.85914169536034,12.186761774521054,694.5652917224655,7.170801531694276,30.312485301612956
sz300308,2018-02-05,58.77,60.6,57.95,58.8,-0.030023,1292071.0,75988235.6,12615300331.2,27862794892.8,0.006022,194.15349863775128,2018-04-12,2017-12-31,172.5192598430747,11.820877471821806,673.7122922019295,6.955511878317774,29.402413555402628
sz300308,2018-02-06,55.2,57.98,55.2,56.91,-0.032143,1381355.0,78295790.75,12209808534.84,26967205056.96,0.006439,187.91282273103803,2018-04-12,2017-12-31,166.9739979195473,11.440920695941818,652.057254238296,6.73194185365756,28.457331776491323
sz300308,2018-02-07,57.99,58.5,54.1,55.6,-0.023019,2085419.0,116050039.74,11928753374.4,26346452313.6,0.00972,183.58725746459228,2018-04-12,2017-12-31,163.13045658630872,11.177564412130822,637.047677660328,6.5769806196338125,27.80227245632827
sz300308,2018-02-08,55.59,59.4,55.1,58.99,0.060971,2036998.0,118346699.68,12656064056.76,27952827733.44,0.0094939999999999,194.78075613946595,2018-04-12,2017-12-31,173.07672003644515,11.859074184740956,675.8892536903371,6.977987171802133,29.497404810263063
sz300308,2018-02-09,57.22,60.0,57.22,59.37,0.006442,1869615.0,109944078.77,12737591507.88,28132893414.72,0.008714,196.0355337705164,2018-04-12,2017-12-31,174.19164042318613,11.935467610579263,680.2431766671524,7.022937758770855,29.68742709205078
sz300308,2018-02-12,59.37,62.96,59.35,61.01,0.027623,2077900.0,126070000.0,13179000000.0,28910000000.000008,0.0096189999999999,201.45062331985937,2018-04-12,2017-12-31,179.00328453238245,12.265157498563708,699.033332531577,7.216930289148014,30.507482890614497
sz300308,2018-02-13,61.03,62.05,60.2,60.7,-0.005081,903712.0,55362328.24,13022937586.8,28763123299.2,0.004212,200.42705270277116,2018-04-12,2017-12-31,178.0938617767795,12.202844601013327,695.4819070860055,7.180264813161377,30.352474370047286
sz300308,2018-02-14,60.75,61.3,60.22,61.25,0.009061,448572.0,27296761.16,13140937845.0,29023744680.0,0.002091,202.24312222731098,2018-04-12,2017-12-31,179.70756233653614,12.313414033147714,701.7836377103432,7.245324873247681,30.627498140314284
sz300308,2018-02-22,61.6,64.98,61.6,64.65,0.05551,1737113.0,111148506.06,13870393986.6,30634858670.4,0.008097,213.469637942149,2018-04-12,2017-12-31,189.68316579685,12.996934159069385,740.739790660795,7.64751433559939,32.32763056208313
sz300308,2018-02-23,64.21,66.19,64.21,66.19,0.023821,1481809.0,97106372.4,14200794709.56,31364598536.64,0.0069069999999999,218.55469818756893,2018-04-12,2017-12-31,194.2015273641686,13.306528569045668,758.3846364089407,7.829682503841045,33.097707049702514
sz300308,2018-02-26,66.25,70.57,66.22,69.9,0.056051,2217869.0,152008800.68,14996760087.6,33122608214.4,0.010338,230.8049075756804,2018-04-12,2017-12-31,205.0866711399817,14.052369647624904,800.8926738931101,8.268542181877763,34.95286662754539
sz300308,2018-02-27,69.98,70.77,67.13,69.45,-0.0064379999999999,2842100.0,197620000.0,15002000000.000004,32909000000.0,0.0131569999999999,229.31898558070816,2018-04-12,2017-12-31,203.76406401508723,13.96174569769052,795.727704610227,8.21521822502843,34.72784007219725
sz300308,2018-02-28,68.9,70.45,67.51,69.77,0.004608,1186837.0,82622111.75,14968869117.48,33061006797.12,0.005532,230.37568746626405,2018-04-12,2017-12-31,204.70525100767554,14.026235054574954,799.4031739273574,8.253164349493726,34.887865959249936
sz300308,2018-03-01,69.08,70.92,67.97,69.85,0.001147,1625563.0,113279519.64,14986032791.4,33098915361.6,0.0075769999999999,230.63992837978788,2018-04-12,2017-12-31,204.93997108909468,14.042317881067229,800.3197892908975,8.262627630960825,34.9278823415052
sz300308,2018-03-02,70.99,76.5,69.86,71.8,0.027917,2607036.0,190616194.68,15404397343.2,34022936620.8,0.012151,237.0787032603664,2018-04-12,2017-12-31,210.66127307368646,14.434336776816423,822.662288777186,8.493295116721363,35.902964032833
sz300308,2018-03-05,72.4,72.85,69.03,72.19,0.005432,1614068.0,113588074.17,15488070253.56,34207740872.64,0.007523,238.36651477647675,2018-04-12,2017-12-31,211.80553347060481,14.51274055596626,827.1307886744437,8.539428613873472,36.097988933459355
sz300308,2018-03-06,71.08,72.5,70.5,71.01,-0.016346,1419317.0,101045620.59,15234906063.24,33648589546.56,0.006615,234.47017572594046,2018-04-12,2017-12-31,208.34341226967237,14.275518865205212,813.6107120622282,8.399845212233762,35.50793120635303
sz300308,2018-03-07,71.25,75.0,71.25,73.09,0.029292,1571054.0,114987369.75,15681161585.16,34634212223.04,0.007323,241.33827611330474,2018-04-12,2017-12-31,214.44613438657026,14.69367235400435,837.4427115142693,8.645890530378336,36.548029527249525
sz300308,2018-03-08,73.8,76.15,73.8,75.66,0.035162,1968097.0,148438810.92,16232544609.84,35852024856.96,0.009173,249.82421257800073,2018-04-12,2017-12-31,221.9865170021604,15.21033315506867,866.888980067993,8.949898447508891,37.83313134148667
sz300308,2018-03-09,75.49,76.99,74.51,75.49,-0.002247,1525450.0,115517603.5,16196071802.76,35771469157.44,0.0071099999999999,249.26285757233796,2018-04-12,2017-12-31,221.4877368291447,15.176157148772589,864.9411724204705,8.929788974391306,37.74812029536235
sz300308,2018-03-12,75.95,79.98,75.7,77.51,0.0267589999999999,2022998.0,157861780.75,16629454569.24,36728660410.56,0.009429,255.93288237811612,2018-04-12,2017-12-31,227.41441888497823,15.582248517702517,888.0857103498564,9.168736831435554,38.758222246345944
sz300308,2018-03-13,79.0,79.02,76.03,76.19,-0.01703,1157769.0,88857470.21,16346253949.56,36103169096.64,0.005396,251.5743453912168,2018-04-12,2017-12-31,223.54153754156226,15.31688188057999,872.9615568514457,9.012592687228421,38.09816972149067
sz300308,2018-03-14,76.02,76.98,75.06,75.3,-0.011681,1109389.0,83915723.63,16155308077.2,35681436316.8,0.005171,248.635705462702,2018-04-12,2017-12-31,220.93027663577422,15.137960435853437,862.764210932063,8.907313680906945,37.653145000973936
sz300308,2018-03-15,75.45,76.78,73.8,76.4,0.014608,851363.0,64140943.74,16391308593.6,36202679078.4,0.003968,252.26777584810117,2018-04-12,2017-12-31,224.15767775528755,15.359099300122212,875.3676721807384,9.037433801079558,38.20318214314817
sz300308,2018-03-16,75.73,79.88,75.26,78.7,0.030105,1575759.0,123833439.96,16884764218.8,37292550307.2,0.007345,259.8622972400083,2018-04-12,2017-12-31,230.90588009608805,15.821480561775102,901.7203638825146,9.309503143258652,39.35328894156765
sz300308,2018-03-19,78.8,79.0,77.66,79.0,0.003812,771946.0,60568847.81,16949127996.0,37434707424.0,0.0035979999999999,260.85289231708714,2018-04-12,2017-12-31,231.7860804014099,15.881791161121134,905.1576714957896,9.344990448760274,39.503303679012895
sz300308,2018-03-20,78.66,80.39,78.05,80.0,0.0126579999999999,1088743.0,86507853.56,17163673920.0,37908564480.0,0.005075,264.1547682280368,2018-04-12,2017-12-31,234.72008141914927,16.082826492274567,916.6153635400401,9.463281467099012,40.00333649698184
sz300308,2018-03-21,80.55,80.55,78.6,79.04,-0.012,2043998.0,162423912.05,16957709832.96,37453661706.24,0.0095269999999999,260.98491100930033,2018-04-12,2017-12-31,231.90344044211946,15.889832574367269,905.6159791775598,9.349722089493824,39.52329645901805
sz300308,2018-03-22,78.62,78.85,77.0,77.3,-0.022014,1053913.0,81756102.0,16584399925.2,36629150428.8,0.004912,255.23958917834162,2018-04-12,2017-12-31,226.79827867125297,15.540031098160302,885.6795950205639,9.14389571758442,38.65323061076923
sz300308,2018-03-23,71.0,76.7,71.0,72.89,-0.05705,2160369.0,159513647.0,15638252400.36,34539440811.84,0.010069,240.6781706157172,2018-04-12,2017-12-31,213.85933418302233,14.653465287773662,835.151173105419,8.622232326710586,36.44806380442484
sz300308,2018-03-26,71.0,77.0,66.5,76.08,0.043765,4007566.0,281965619.0,16322653897.92,36051044820.48,0.0186789999999999,251.2114507527141,2018-04-12,2017-12-31,223.21879742961093,15.294767994153114,871.7012107265783,8.999580675211162,38.0432133168255
sz300308,2018-03-27,74.98,76.2,73.02,74.0,-0.0273399999999999,3439658.0,256086158.0,15876398376.0,35065422144.0,0.0160319999999999,244.34332968913486,2018-04-12,2017-12-31,217.11607531271306,14.876614505353974,847.8692112745372,8.753535357066587,37.00311186474349
sz300308,2018-03-28,72.12,74.4,70.2,70.2,-0.051351,1684078.0,121674143.0,15061123864.8,33264765331.2,0.007849,231.7960553662681,2018-04-12,2017-12-31,205.9668714453035,14.112680246970932,804.3299815063853,8.304029487379385,35.10296506737704
sz300308,2018-03-29,70.51,72.85,70.51,71.8,0.022792,2361855.0,170404676.0,15404397343.2,34022936620.8,0.011009,237.07915106017606,2018-04-12,2017-12-31,210.66127307368646,14.434336776816423,822.662288777186,8.493295116721363,35.9030318471927
sz300308,2018-03-30,72.4,77.08,72.4,76.35,0.06337,2980292.0,226777574.0,16380581297.4,36178986225.6,0.0138909999999999,252.1028568628594,2018-04-12,2017-12-31,224.01097770440055,15.349047533564537,874.7947875785258,9.031519250162619,38.1782069753493
sz300308,2018-04-02,76.55,78.49,74.41,75.23,-0.014669,2787624.0,211753119.0,16140289862.52,35648266322.88,0.012993,248.4047600555381,2018-04-12,2017-12-31,220.72489656453246,15.123887962672693,861.9621724889653,8.899033309623233,37.618170857227895
sz300308,2018-04-03,73.72,75.67,73.14,74.01,-0.016217,1108192.0,81731182.12,15878543835.24,35070160714.56,0.0051649999999999,244.3763800617174,2018-04-12,2017-12-31,217.14541532289044,14.878624858665505,847.9837881949798,8.754718267249974,37.00811698043623
sz300308,2018-04-04,76.0,80.32,76.0,77.85,0.051885,3204726.0,251114897.43,16702400183.4,36889771809.6,0.014937,257.05584854121963,2018-04-12,2017-12-31,228.4119792310096,15.650600530294685,891.9813256449015,9.208955777670726,38.92828312996616
sz300308,2018-04-09,79.15,80.0,76.33,78.71,0.011047,1444843.0,113372530.28,16886909678.04,37297288877.76,0.006734,259.8955445000545,2018-04-12,2017-12-31,230.93522010626546,15.823490915086639,901.834940802957,9.31068605344204,39.3583238737029
sz300308,2018-04-10,78.65,78.65,76.0,77.42,-0.0163889999999999,2194283.0,168779214.23,16610145436.08,36686013275.52,0.010228,255.63611642124314,2018-04-12,2017-12-31,227.15035879338166,15.564155337898708,887.0545180658738,9.158090639785067,38.71328030373679
sz300308,2018-04-11,77.41,78.9,76.45,77.89,0.006071,1495954.0,116128998.29,16710982020.36,36908726091.84,0.006973,257.1880832840365,2018-04-12,2017-12-31,228.52933927171915,15.658641943540822,892.4396333266716,9.213687418404275,38.94830862846077
sz300308,2018-04-12,77.8,78.35,76.8,77.28,-0.0078319999999999,739903.0,57321077.37,16580109006.72,36619673287.68,0.003449,255.17378621575597,2018-04-12,2017-12-31,226.7395986508982,15.53601039153723,885.4504411796788,9.141529897217646,38.643265475282675
sz300308,2018-04-13,77.97,77.97,76.0,76.0,-0.0165629999999999,861078.0,66302792.36,16305490224.0,36013136256.0,0.004013,250.9473427946644,2018-04-27,2018-03-31,114.81818241714019,9.626305589200884,-5106.458452018735,8.622965615439846,38.003217069215566
sz300308,2018-04-16,76.0,81.69,76.0,79.2,0.042105,3280479.0,259008084.46,16992037180.8,37529478835.2,0.01529,261.51348066303376,2018-04-27,2018-03-31,119.65263220312504,10.031623719272499,-5321.467228945839,8.986037851879416,39.6033425239149
sz300308,2018-04-17,81.3,82.0,71.28,71.28,-0.1,5032864.0,374808647.12,15292833462.72,33776530951.68,0.023458,235.36213259673042,2018-04-27,2018-03-31,107.68736898281254,9.028461347345251,-4789.320506051256,8.087434066691477,35.64300827152341
sz300308,2018-04-18,69.1,72.1,64.67,69.2,-0.029181,4700168.0,320928426.67,14846577940.8,32790908275.2,0.021908,228.49403020542522,2018-04-27,2018-03-31,104.5449766219224,8.7650045627987,-4649.564801048638,7.851437113005755,34.60290964715208
sz300308,2018-04-19,69.0,71.27,68.0,69.9,0.010116,1734477.0,121738312.4,14996760087.6,33122608214.4,0.008084,230.8054758149833,2018-04-27,2018-03-31,105.60251251260658,8.853667903751866,-4696.597971001443,7.930859164726911,34.952952681142676
sz300308,2018-04-20,69.5,69.8,66.83,66.85,-0.043634,1549918.0,105362973.59,14342395019.4,31677344193.6,0.0072239999999999,220.73450968327234,2018-04-27,2018-03-31,100.99467756033975,8.467349061027356,-4491.667730492795,7.584805939370443,33.4278155438537
sz300308,2018-04-23,67.94,68.37,60.17,61.98,-0.07285,3337883.0,207820209.01,13297556369.52,29369660330.88,0.015558,204.65400065284595,2018-04-27,2018-03-31,93.63724929229407,7.850505531824616,-4164.451248106859,7.03225537953897,30.992599181483953
sz300308,2018-04-24,62.93,68.18,62.93,68.18,0.100032,2812392.0,186045615.28,14627741098.32,32307574078.08,0.013109,225.1259496461514,2018-04-27,2018-03-31,103.00399575263972,8.635809408838373,-4581.0307534031235,7.735707837640642,34.09285086280615
sz300308,2018-04-25,68.59,69.99,67.03,68.25,0.001027,1845346.0,126850300.64,14642759313.0,32340744072.0,0.008601,225.357153996438,2018-04-27,2018-03-31,103.10974934170814,8.64467574293369,-4585.734070398404,7.743650042812757,34.12786422064225
sz300308,2018-04-26,67.56,67.56,63.45,65.0,-0.047619,2091375.0,137483098.7,13945485060.0,30800708640.0,0.009748,214.62587168028162,2018-04-27,2018-03-31,98.19976127781727,8.233024517079704,-4367.365781331813,7.374904802678816,32.50272945431949
sz300308,2018-04-27,66.38,66.59,63.13,65.43,0.006615,1937221.0,125903418.63,14037739807.32,31004467174.08,0.009029,216.04562182144667,2018-04-27,2018-03-31,98.849390467809,8.287489140808077,-4396.257585731393,7.423692634450384,32.71773500965982
sz300308,2018-05-02,65.45,67.0,64.72,65.4,-0.000459,1159863.0,76297434.89,14031303429.6,30990251462.4,0.005406,215.94645688103066,2018-08-08,2018-06-30,65.31957499348827,6.0621890774267495,122.61182057053878,7.125433352954295,32.702717569290385
sz300308,2018-05-03,65.4,70.33,61.4,69.94,0.069419,2799410.0,184788521.22,15005341924.56,33141562496.64,0.0130479999999999,230.93724397125487,2018-08-08,2018-06-30,69.85399197315856,6.483019939988178,131.12340566824895,7.62007352760892,34.972907520232944
sz300308,2018-05-04,68.17,70.49,66.05,66.45,-0.0499,3214650.0,220276404.09,14256576649.8,31487801371.2,0.014984,219.41347549708925,2018-08-08,2018-06-30,66.36828376631951,6.159517801146904,124.58035897419421,7.239832512290717,33.22775943497332
sz300308,2018-05-07,65.45,68.96,65.45,67.7,0.018811,1565425.0,105870106.17,14524759054.8,32080122691.2,0.0072959999999999,223.54086238466496,2018-08-08,2018-06-30,67.6167465911186,6.275385329385182,126.92385707378402,7.37602198769122,33.8528068177046
sz300308,2018-05-08,67.71,69.01,66.72,69.0,0.019202,1874169.0,127766751.45,14803668756.0,32696136864.0,0.008736,227.8332940241753,2018-08-08,2018-06-30,68.91514792890965,6.395887558752992,129.3610950973574,7.517659042107742,34.502848414218164
sz300308,2018-05-09,68.48,69.77,68.48,69.25,0.0036229999999999,864316.0,59803502.64,14857305237.0,32814601128.0,0.004029,228.65873404842486,2018-08-08,2018-06-30,69.16484049386946,6.419061064400648,129.82979471727538,7.5448969371878425,34.62785223402287
sz300308,2018-05-10,69.15,69.8,67.52,68.55,-0.010108,979353.0,66835565.5,14707123090.2,32482901188.8,0.004565,226.34745156466337,2018-08-08,2018-06-30,68.46570131198197,6.354175248587212,128.51743578150507,7.468630830963561,34.277833903641366
sz300308,2018-05-11,68.55,68.55,66.2,67.0,-0.022611,1583016.0,106045778.96,14374576908.0,31748422752.0,0.007378,221.22950933733478,2018-08-08,2018-06-30,66.9176074092311,6.2104995135717465,125.61149813801373,7.299755881466938,33.50277780124613
sz300308,2018-05-14,72.11,73.7,70.0,70.3,0.049254,2740483.0,196570742.72,15082578457.2,33312151036.8,0.012773,232.12594759023585,2018-08-08,2018-06-30,70.2135492667007,6.516389788120802,131.7983331209308,7.6592960965242645,35.15292361906871
sz300308,2018-05-15,70.05,77.33,69.8,77.01,0.095448,3833257.0,284490408.09,16522181607.24,36491731882.56,0.0178669999999999,254.2819050358287,2018-08-08,2018-06-30,76.91529771022219,7.138366679703882,144.3782309195289,8.390361200474162,38.50819987266158
sz300308,2018-05-16,75.44,76.0,73.6,74.18,-0.036748,2464842.0,183527747.66,15915016642.32,35150716414.08,0.011489,244.93755358957205,2018-08-08,2018-06-30,74.08877787487707,6.876042595772421,139.0725512220576,8.082028228167426,37.09310054374101
sz300308,2018-05-17,73.8,73.96,71.52,73.37,-0.010919,1421369.0,103168661.56,15741234443.88,34766892198.72,0.006625,242.2630804419275,2018-08-08,2018-06-30,73.27977396440725,6.800960437474015,137.5539644535234,7.9937774481079,36.688080978903905
sz300308,2018-05-18,72.16,74.53,72.1,73.77,0.005452,797881.0,58676112.76,15827052813.48,34956435021.12,0.0037189999999999,243.58389875649692,2018-08-08,2018-06-30,73.67928206834296,6.838038046510264,138.3038838453921,8.03735808023606,36.88810439640089
sz300308,2018-05-21,75.1,78.0,75.1,75.86,0.028331,2262376.0,174079874.73,16275453794.64,35946796268.16,0.010545,250.48487419216727,2018-08-08,2018-06-30,75.76671191140703,7.031768553724667,142.2222126679063,8.265066883105701,37.93318128205533
sz300308,2018-05-22,75.2,79.64,75.2,78.5,0.034801,2700005.0,211743522.3,16841855034.0,37197778896.0,0.0125849999999999,259.2019982989289,2018-08-08,2018-06-30,78.4034653973827,7.276480773363912,147.17168065423996,8.552699055151562,39.25329392385214
sz300308,2018-05-23,77.0,78.48,76.5,77.12,-0.01758,1523130.0,117541064.45,16545781658.88,36543856158.72,0.0070989999999999,254.64522716883374,2018-08-08,2018-06-30,77.02516243880451,7.148563022188852,144.58445875229282,8.402345874309407,38.563221016670816
sz300308,2018-05-24,76.6,77.38,74.0,74.6,-0.032676,1213230.0,91412384.13,16005125930.4,35349736377.6,0.0056549999999999,246.3244397258649,2018-08-08,2018-06-30,74.50826138400954,6.914974085260481,139.85996658351976,8.127787891901994,37.30312920673008
sz300308,2018-05-25,74.86,75.63,72.61,73.1,-0.020107,936336.0,68715791.08,15683307044.4,34638950793.6,0.004364,241.37159421629693,2018-08-08,2018-06-30,73.01010599425065,6.775933051374547,137.04776886401197,7.96436052142139,36.55307518777036
sz300308,2018-05-28,72.8,74.38,72.05,73.74,0.0087549999999999,966712.0,70995315.34,15820616435.76,34942219309.44,0.004506,243.4848025236606,2018-08-08,2018-06-30,73.64931896054777,6.835257225832545,138.24763989100197,8.03408953282645,36.873097361039285
sz300308,2018-05-29,74.68,76.28,73.09,75.15,0.019121,1349925.0,101539243.74,16123126188.6,35610357758.4,0.006292,248.1404754327155,2018-08-08,2018-06-30,75.05758502692116,6.965955797685325,140.89110574733928,8.187711261078215,37.57814785567971
sz300308,2018-05-30,71.95,71.95,68.4,69.2,-0.079175,2218329.0,154711070.95,14846577940.8,32790908275.2,0.01034,228.49395329033024,2018-08-08,2018-06-30,69.1149019808775,6.414426363271117,129.7360547932918,7.539449358171823,34.60289799920627
sz300308,2018-05-31,69.5,71.89,69.5,71.8,0.037572,1087582.0,77070908.59,15404397343.2,34022936620.8,0.005069,237.0789281033545,2018-08-08,2018-06-30,71.7117046564596,6.655430822006736,134.61053084043857,7.8227234670048675,35.90299808283245
sz300308,2018-06-01,71.79,71.8,69.39,69.8,-0.027855,756437.0,53267339.56,14975305495.2,33075222508.8,0.0035259999999999,230.47509456103558,2018-08-08,2018-06-30,69.71416413678105,6.4700427768254904,130.8609338810949,7.604820306364064,34.90292007123515
sz300308,2018-06-04,70.13,72.5,69.83,71.99,0.031375,1172597.0,83799857.14,15445161068.76,34112969461.44,0.005465,237.70625065288806,2018-08-08,2018-06-30,71.90147100582905,6.673042686298955,134.96674255157623,7.8434242672657435,35.997999188470146
sz300308,2018-06-05,72.03,73.99,71.22,71.93,-0.000833,1220796.0,88331146.62,15432288313.32,34084538038.08,0.00569,237.5082413460942,2018-08-08,2018-06-30,71.84154479023871,6.667481044943519,134.85425464279595,7.836887172446521,35.968012855146156
sz300308,2018-06-06,72.0,72.8,70.01,71.15,-0.010844,1486544.0,106446194.21,15264942492.6,33714929534.4,0.006929,234.93270197693718,2018-08-08,2018-06-30,71.06250398756409,6.595179707322832,133.3919118286519,7.751904939796607,35.577975723744956
sz300308,2018-06-07,71.2,72.1,69.67,70.41,-0.010401,1012340.0,71817632.43,15106178508.84,33364275312.96,0.004719,232.48916694367506,2018-08-08,2018-06-30,70.323413995283,6.526586130605771,132.00456095369472,7.671280770359509,35.20792919824228
sz300308,2018-06-08,70.41,72.88,69.89,70.71,0.004261,1771059.0,126649857.98,15170542286.04,33506432429.76,0.008255,233.47980328402207,2018-08-08,2018-06-30,70.62304507323479,6.554394337382957,132.56700049759627,7.703966244455629,35.357950184555996
sz300308,2018-06-11,70.0,70.0,67.52,68.25,-0.0347899999999999,2169526.0,147677353.57,14642759313.0,32340744072.0,0.010112,225.35704092777098,2018-08-08,2018-06-30,68.16607023403019,6.326367041810025,127.95499623760354,7.435945356867441,34.127847097635296
sz300308,2018-06-12,68.15,69.47,66.61,68.73,0.007033,1393040.0,94895165.72,14745741356.52,32568195458.88,0.006493,226.941976996616,2018-08-08,2018-06-30,68.64547995875304,6.370860172653525,128.85489950784603,7.488242115421234,34.36786824627297
sz300308,2018-06-13,68.35,71.1,66.48,67.4,-0.019351,1270393.0,87415780.92,14460395277.6,31937965574.4,0.005921,222.55042279975447,2018-08-08,2018-06-30,67.31711551316681,6.2475771226079955,126.36141752988247,7.3433365135951,33.70281562783934
sz300308,2018-06-14,67.4,69.39,67.11,67.99,0.008754,1413304.0,96336385.2,14586977372.76,32217541237.44,0.006587,224.4986292009435,2018-08-08,2018-06-30,67.90638996647198,6.302266595936462,127.46754863288885,7.407617945984136,33.99785007584544
sz300308,2018-06-15,66.4,68.46,66.33,67.3,-0.010149,1469026.0,99688993.71,14438940685.2,31890579868.8,0.006847,222.22019261318312,2018-08-08,2018-06-30,67.21723848718288,6.238307720348932,126.17393768191528,7.332441355563058,33.652805895425686
sz300308,2018-06-19,66.0,66.9,60.57,60.57,-0.1,2153683.0,134740051.18,12995046616.68,28701521881.92,0.010038,199.9981733518648,2018-08-08,2018-06-30,60.495514638464584,5.614476948314039,113.55654391372373,6.599197220006752,30.28752530588312
sz300308,2018-06-20,60.1,62.49,60.1,61.0,0.0070989999999999,1289486.0,78646917.0,13087301364.0,28905280416.0,0.00601,201.4179603844897,2018-08-08,2018-06-30,60.92498585019548,5.654335378028008,114.36270725998264,6.646046399544526,30.50253644802958
sz300308,2018-06-21,61.16,61.9,55.66,56.51,-0.073607,2541977.0,147059916.05,12123990165.24,26777662234.56,0.011848,186.59218857446857,2018-08-08,2018-06-30,56.44050738351716,5.23813921659611,105.94486208625605,6.156853803905921,28.257336247699467
sz300308,2018-06-22,56.45,59.0,56.0,57.83,0.023359,1853369.0,106500212.12,12407190784.92,27403153548.48,0.008639,190.95079550737955,2018-08-08,2018-06-30,57.758884126504995,5.360495326415732,108.41959607942289,6.300669889928851,28.91739936510948
sz300308,2018-06-25,57.87,58.98,57.21,57.27,-0.009684,1439258.0,83411155.94,12287045067.48,27137793597.12,0.0067079999999999,189.1016280036861,2018-08-08,2018-06-30,57.19957278099499,5.308586673764983,107.36970893080664,6.239657004949425,28.637363269657758
sz300308,2018-06-26,56.78,61.35,56.06,61.26,0.06967,2071987.0,123871583.67,13143083304.24,29028483250.56,0.009658,202.2763384267029,2018-08-08,2018-06-30,61.184666117753686,5.6784358239015695,114.85015486469732,6.674373810427832,30.63252836865481
sz300308,2018-06-27,61.26,61.36,57.38,59.02,-0.036565,2419539.0,143367135.66,12662500434.48,27967043445.12,0.0112769999999999,194.8801041121305,2018-08-08,2018-06-30,58.94742073571371,5.470801213298573,110.65060627023237,6.430322270510128,29.51244996885495
sz300308,2018-06-28,58.7,59.89,57.62,58.09,-0.015757,1753360.0,103530321.19,12462972725.16,27526356383.04,0.008172,191.80937831163564,2018-08-08,2018-06-30,58.018564394063205,5.384595772289295,108.90704368413758,6.328997300812156,29.047422294695696
sz300308,2018-06-29,57.98,60.88,56.8,60.04,0.033569,2539909.0,150956863.78,12881337276.96,28450377642.24,0.011839,198.24822733217894,2018-08-08,2018-06-30,59.96616640074978,5.565349116341009,112.56290071949768,6.541452882436941,30.022515213706335
sz300308,2018-07-02,60.7,62.49,58.74,60.0,-0.000666,2859594.0,174196742.36,12872755440.0,28431423360.0,0.0133289999999999,198.11619401277568,2018-08-08,2018-06-30,59.92621559035621,5.561641355437384,112.4879087803108,6.537094819224124,30.002520218574006
sz300308,2018-07-03,60.01,60.5,54.04,58.85,-0.019167,4935271.0,283407843.35,12626027627.4,27886487745.6,0.023003,194.3189009221328,2018-08-08,2018-06-30,58.77762979154104,5.455043229458167,110.33189052868815,6.4118005018556605,29.427461913544594
sz300308,2018-07-04,58.12,59.18,56.7,56.98,-0.031776,2326123.0,134286351.15,12224826749.52,27000375050.88,0.010842,188.1442235264311,2018-08-08,2018-06-30,56.90992940564161,5.281705407213702,106.82601737170182,6.2080610466565105,28.4923748837798
sz300308,2018-07-05,56.98,57.41,53.8,53.98,-0.05265,2170437.0,119561612.1,11581188977.52,25578803882.88,0.010116,178.2384301577645,2018-08-08,2018-06-30,53.9136186261238,5.003623339441833,101.20162193268628,5.881206305695304,26.992251346148795
sz300308,2018-07-06,53.0,56.17,52.8,54.15,0.003149,2852046.0,156371892.26,11617661784.6,25659359582.4,0.013293,178.79970297433132,2018-08-08,2018-06-30,54.08340957029648,5.019381323282239,101.52033767423049,5.899728074349772,27.07724994563782
sz300308,2018-07-09,55.02,56.47,55.02,56.0,0.034164,2373062.0,132743259.55,12014571744.0,26535995136.0,0.011061,184.9082160267464,2018-08-08,2018-06-30,55.93113455099913,5.190865265074892,104.98871486162341,6.101288497942515,28.00231711278059
sz300308,2018-07-10,57.74,57.9,55.7,56.8,0.014286,1987188.0,112731550.93,12186208483.2,26915080780.8,0.009262,187.5498148009045,2018-08-08,2018-06-30,56.73015075887054,5.26502048314739,106.48855364536088,6.188449762198837,28.402358215053777
sz300308,2018-07-11,54.94,55.0,51.08,51.08,-0.10007,3311174.0,171639399.95,10959005797.92,24204618420.48,0.015433,168.78170483377798,2018-08-08,2018-06-30,51.017184872589915,4.734810673929027,95.76470634163792,5.565246722766137,25.560134228473345
sz300308,2018-07-12,48.39,53.29,48.39,52.6,0.029757,5550302.0,286205245.51,11285115602.4,24924881145.6,0.0258699999999999,173.80414202451672,2018-08-08,2018-06-30,52.5353156675456,4.875705588266773,98.61440003073912,5.730853124853147,26.320727142710027
sz300308,2018-07-13,52.9,57.77,52.51,56.57,0.075475,6680411.0,368115307.16,12136862920.68,26806093657.92,0.031137,186.92200964381712,2018-08-08,2018-06-30,56.5004335991075,5.243700857951547,106.05734999503635,6.163390898725144,28.307284023806066
sz300308,2018-07-16,57.0,60.38,57.0,57.79,0.021566,5433366.0,317785346.68,12398608947.96,27384199266.24,0.025325,190.95316970379568,2018-08-08,2018-06-30,57.718933316111425,5.356787565512107,108.34460414023602,6.296311826716036,28.917758911063466
sz300308,2018-07-17,59.6,59.66,57.21,58.79,0.017304,3013726.0,176427289.27,12613154871.96,27858056322.24,0.014047,194.25742335235014,2018-08-08,2018-06-30,58.717703575950694,5.4494815881027305,110.21940261990787,6.405263407036438,29.418151811260508
sz300308,2018-07-18,58.97,60.5,57.08,57.17,-0.027556,3402959.0,199934636.94,12265590475.08,27090407891.52,0.015861,188.9044657944528,2018-08-08,2018-06-30,57.099695755011076,5.299317271505921,107.18222908283947,6.228761846917386,28.607505219949413
sz300308,2018-07-19,58.2,58.91,56.67,58.5,0.023264,3061486.0,177797151.64,12550936554.0,27720637776.0,0.01427,193.29913928669492,2018-08-08,2018-06-30,58.42806020059731,5.4226003215514496,109.67571106080302,6.373667448743521,29.273030221386314
sz300308,2018-07-20,58.48,58.98,56.01,57.99,-0.008718,3473347.0,199343695.29,12441518132.76,27478970677.44,0.016189,191.6139573903935,2018-08-08,2018-06-30,57.91868736807927,5.375326370030232,108.71956383617037,6.3181021427801145,29.017827943916267
sz300308,2018-07-23,58.95,62.33,58.32,60.73,0.04725,5510898.0,331550801.19,13029373964.52,28777339010.88,0.025686,200.66771687708956,2018-08-08,2018-06-30,60.65531788003887,5.629307991928539,113.85651167047124,6.616629472858018,30.388920314266308
sz300308,2018-07-24,60.75,63.55,59.52,61.83,0.018113,3851762.0,237503824.99,13265374480.92,29298581772.48,0.017953,204.3024112328843,2018-08-08,2018-06-30,61.75396516586207,5.731271416778225,115.91878999811027,6.7364762112104595,30.939354827918617
sz300308,2018-07-25,61.65,63.33,60.88,61.3,-0.008572,3782831.0,234893366.33,13151665141.2,29047437532.8,0.017632,202.55113096379603,2018-08-08,2018-06-30,61.224616928147256,5.682143584805194,114.92514680388419,6.678731873640646,30.6741426783337
sz300308,2018-07-26,61.85,61.9,57.5,57.92,-0.055139,4669258.0,277105436.36,12426499918.08,27445800683.52,0.021763,191.38266415358328,2018-08-08,2018-06-30,57.84877344989053,5.3688377884488885,108.58832794259337,6.310475532157688,28.982801125193053
sz300308,2018-07-27,58.1,61.06,57.78,60.0,0.035912,5456932.0,327116582.69,12872755440.0,28431423360.0,0.025435,198.25559838866673,2018-08-08,2018-06-30,59.92621559035621,5.561641355437384,112.4879087803108,6.537094819224124,30.023631479200986
sz300308,2018-07-30,61.2,61.34,54.0,54.0,-0.1,5455834.0,303723424.6,11585479896.0,25588281024.0,0.02543,178.4300385498001,2018-08-08,2018-06-30,53.93359403132059,5.005477219893646,101.23911790227972,5.8833853373017115,27.02126833128089
sz300308,2018-07-31,54.0,54.0,51.68,51.96,-0.037778,4012723.0,210759015.71,11147806211.04,24621612629.76,0.018703,171.68930855346574,2018-08-08,2018-06-30,51.896102701248466,4.816381413808775,97.41452900374914,5.66112411344809,26.00045885626176
sz300308,2018-08-01,51.5,53.76,50.7,50.88,-0.0207849999999999,4629136.0,240891309.2,10916096613.12,24109847009.28,0.0215759999999999,168.12074627518197,2018-08-08,2018-06-30,50.81743082062206,4.716271869410901,95.38974664570354,5.543456406702056,25.46003931893436
sz300308,2018-08-02,51.03,51.25,45.79,46.1,-0.093947,8305415.0,388726090.76,9890567096.4,21844810281.6,0.038712,152.32630652486745,2018-08-08,2018-06-30,46.043308978590346,4.273194441427723,86.42820991287212,5.022667852770534,23.068145005038435
sz300308,2018-08-03,46.19,46.77,42.68,44.95,-0.024946,6385886.0,283906984.63,9643839283.8,21299874667.2,0.0297649999999999,148.5263744822981,2018-08-08,2018-06-30,44.8947231797752,4.1665963154485075,84.27219166124951,4.897373535402073,22.492687059742746
sz300308,2018-08-06,44.23,44.79,42.36,43.44,-0.033593,3986672.0,173068506.82,9319874938.56,20584350512.64,0.0185819999999999,143.53692798431427,2018-08-08,2018-06-30,43.3865800874179,4.026628341336666,81.44124595694501,4.732856649118266,21.737090223344808
sz300308,2018-08-07,43.67,45.0,42.7,44.42,0.02256,3339392.0,146745320.38,9530129944.08,21048730427.52,0.015565,146.77512107964037,2018-08-08,2018-06-30,44.365374942060384,4.117468483475477,83.27854846702343,4.839629197832259,22.227478978783466
sz300308,2018-08-08,45.5,47.64,44.33,45.31,0.020036,5466604.0,251502182.3,9721075816.44,21470463207.36,0.02548,149.71590740559205,2018-08-08,2018-06-30,45.25428047331734,4.199966163581132,84.94711911393138,4.936596104317418,22.67282874760237
sz300308,2018-08-09,45.6,48.63,43.77,47.57,0.049879,5936647.0,279733854.4,10205949604.68,22541380153.92,0.0276709999999999,157.18358715107559,2018-10-30,2018-09-30,43.627754182485965,4.158595262503586,65.74766387297235,4.967463217018845,23.803726772704028
sz300308,2018-08-10,47.56,48.8,46.54,48.18,0.012823,4511172.0,214855760.85,10336822618.32,22830432958.08,0.021027,159.1991522891138,2018-10-30,2018-09-30,44.18720194475876,4.211921794143848,66.5907598360271,5.031162030606854,24.108961961110413
sz300308,2018-08-13,47.59,50.4,47.02,49.76,0.032794,5764509.0,285050480.37,10675805178.24,23579127106.56,0.026868,164.419929289283,2018-10-30,2018-09-30,45.63626336179318,4.350046253146489,68.77451659279178,5.196152400228249,24.899591259663065
sz300308,2018-08-14,49.64,50.93,48.67,49.72,-0.0008039999999999,3165968.0,157998128.0,10667223341.28,23560172824.32,0.014757,164.28773566613444,2018-10-30,2018-09-30,45.59957826262775,4.346549431399586,68.71923161160787,5.191975428845428,24.879571988290298
sz300308,2018-08-15,49.24,49.67,47.15,47.28,-0.049075,3099763.0,149416134.84,10143731286.72,22403961607.68,0.0144479999999999,156.22531503831888,2018-10-30,2018-09-30,43.36178721353661,4.133243304838545,65.34684775938898,4.9371801744934,23.658606992964952
sz300308,2018-08-16,46.19,49.22,45.88,48.53,0.026438,4518000.0,218090000.0,10412000000.0,22996000000.0,0.021058,160.35559991730196,2018-10-30,2018-09-30,44.507648969576394,4.2424667879043785,67.07367819090456,5.06764818119179,24.284093244644957
sz300308,2018-08-17,49.26,51.25,48.91,49.0,0.009685,5581212.0,279861388.93,10512750276.0,23218995744.0,0.026014,161.908643902501,2018-10-30,2018-09-30,44.93924647765004,4.2836066399553445,67.72410195029737,5.116789943954666,24.519284687719345
sz300308,2018-08-20,50.26,50.4,47.01,49.9,0.0183669999999999,4498451.0,220758410.84,10705841607.6,23645467094.4,0.020967,164.88241996505823,2018-10-30,2018-09-30,45.76466120887219,4.3622851292606475,68.96801402693549,5.21077180006812,24.969630389578683
sz300308,2018-08-21,50.4,50.68,48.8,49.53,-0.007415,3490700.0,173712359.81,10626459615.72,23470139983.68,0.01627,163.65981682101733,2018-10-30,2018-09-30,45.42532404159196,4.3299395281018,68.45662795098427,5.172134814777033,24.784480580239958
sz300308,2018-08-22,49.52,49.52,47.02,47.11,-0.048859,3622525.0,173348605.19,10107258479.64,22323405908.16,0.016885,155.66356183095925,2018-10-30,2018-09-30,43.20587554208353,4.11838181241421,65.11188658935733,4.919428046116415,23.573535643570015
sz300308,2018-08-23,46.8,49.49,46.8,48.8,0.035873,5365154.0,259650022.2,10469841091.2,23124224332.8,0.0250069999999999,161.24768078452124,2018-10-30,2018-09-30,44.75582098182289,4.266122531220833,67.44767704437778,5.095905087040565,24.4191890877118
sz300308,2018-08-24,48.74,48.97,46.85,47.29,-0.030943,3386814.0,162610904.39,10145876745.96,22408700178.24,0.015786,156.25819379800583,2018-10-30,2018-09-30,43.37095848832797,4.134117510275271,65.36066900468496,4.938224417339106,23.663586119770734
sz300308,2018-08-27,47.88,52.02,47.78,52.02,0.100021,8001782.0,408180937.96,11160678966.48,24650044053.12,0.0372959999999999,171.88729459987616,2018-10-30,2018-09-30,47.7089714646399,4.54761668184647,71.89811802968305,5.432151283357586,26.030441667056326
sz300308,2018-08-28,53.0,56.0,52.4,54.01,0.038255,10052296.0,543295055.13,11587625355.24,25593019594.56,0.046854,178.4628430547944,2018-10-30,2018-09-30,49.534055148119975,4.72158356375486,74.6485458435829,5.639955609652889,27.02623621302956
sz300308,2018-08-29,54.19,54.7,52.61,52.88,-0.020922,5994998.0,318518042.11,11345188461.12,25057561121.28,0.027943,174.72904345240198,2018-10-30,2018-09-30,48.49770109669661,4.622798349404869,73.08674512513724,5.521956168088218,26.460793298980555
sz300308,2018-08-30,52.7,52.89,49.88,50.5,-0.045008,9239637.0,469417511.63,10834569162.0,23929781328.0,0.043066,166.86483866469626,2018-10-30,2018-09-30,46.31493769635361,4.414737455464182,69.79728874469423,5.273426370810421,25.269845914180035
sz300308,2018-08-31,50.24,50.3,46.0,46.3,-0.0831679999999999,10425745.0,503856707.83,9933476281.2,21939581692.8,0.048594,152.98702376263083,2018-10-30,2018-09-30,42.463002283983606,4.047571172039437,63.99236572038302,4.834844375614306,23.168203369189513
sz300308,2018-09-03,46.0,46.0,43.1,44.96,-0.028942,8660032.0,384150240.02,9645984743.04,21378662357.76,0.040364,148.55927332089274,2018-10-30,2018-09-30,41.377369962527325,3.9440887555495867,62.356301928004825,4.711234102174979,22.49766922727843
sz300308,2018-09-04,44.98,46.47,44.6,46.0,0.023132,6284938.0,286932226.98,9869112504.0,21873186576.0,0.029294,151.99574643135162,2018-10-30,2018-09-30,42.33449773746124,4.0353221253398806,63.79870748861704,4.820212826958387,23.018085311843834
sz300308,2018-09-05,45.58,46.05,44.01,44.11,-0.041087,5778011.0,261249749.64,9463620707.64,20974483910.16,0.026931,145.75069719772668,2018-10-30,2018-09-30,40.59510206955251,3.8695230206248286,61.17741276788908,4.622164952111619,22.072341240636106
sz300308,2018-09-06,43.76,45.54,43.7,44.25,0.0031739999999999,4820697.0,215294084.13,9493657137.0,21041054478.0,0.022469,146.2133099106323,2018-10-30,2018-09-30,40.723946193101305,3.8818044357889065,61.37158274720227,4.636835165063231,22.142398851733887
sz300308,2018-09-07,44.92,45.58,43.05,43.51,-0.016723,6553350.0,291538123.51,9334893153.24,20689181476.56,0.030545,143.76818472899677,2018-10-30,2018-09-30,40.042912968629096,3.8168883842073518,60.345255713689724,4.559292610890422,21.772111515736338
sz300308,2018-09-10,43.7,43.8,39.16,39.16,-0.099977,10188106.0,413518219.89,8401618383.84,18620738832.96,0.047487,129.39467292434585,2018-10-30,2018-09-30,36.039541986934395,3.4352872701806456,54.31211707074442,4.1034681370367485,19.595401122727566
sz300308,2018-09-11,39.46,41.29,39.32,40.68,0.0388149999999999,6522713.0,263021100.74,8727728188.32,19343504998.08,0.030402,134.41712715390432,2018-10-30,2018-09-30,37.438421042607025,3.56862834910492,56.420248274716116,4.262744734797113,20.355996617306232
sz300308,2018-09-12,41.29,43.3,40.88,42.06,0.033923,7069335.0,298570338.18,9023801563.44,19999700595.36,0.03295,138.97695935834622,2018-10-30,2018-09-30,38.70845597473087,3.689688012865117,58.33420949937463,4.407351119605864,21.046533090555112
sz300308,2018-09-13,44.2,45.9,43.55,44.1,0.0485019999999999,10473751.0,466700706.06,9461475248.4,20969728869.6,0.048818,145.71761984114468,2018-10-30,2018-09-30,40.585898917870445,3.8686457766845366,61.16354348365242,4.621117079757931,22.06733203851321
sz300308,2018-09-14,45.18,45.45,42.8,42.94,-0.026304,4993816.0,219729129.05,9212601976.56,20418144164.64,0.0232759999999999,141.88466356884322,2018-10-30,2018-09-30,39.518333322751865,3.7668854796107487,59.55470651220034,4.499563886730285,21.48687293657216
sz300308,2018-09-17,42.87,44.65,42.76,43.4,0.010713,5149135.0,225972045.41,9311293101.6,20636876030.4,0.024,143.40467396965624,2018-10-30,2018-09-30,39.941678300126476,3.8072387008641475,60.19269358708652,4.547766014999869,21.717061806341658
sz300308,2018-09-18,42.6,43.09,39.72,42.44,-0.0221199999999999,8873022.0,367643330.01,9105329014.56,20180392136.64,0.041357,140.23256258144744,2018-10-30,2018-09-30,39.05817573864902,3.7230232825961846,58.86124230036755,4.447170269045955,21.23668039918538
sz300308,2018-09-19,41.95,43.87,40.9,42.51,0.0016489999999999,7981213.0,337804182.97,9120347229.24,20213677420.56,0.0372,140.46380607714423,2018-10-30,2018-09-30,39.12259780042342,3.7291639901782236,58.95832729002414,4.454505375521761,21.271699685163632
sz300308,2018-09-20,42.94,44.27,42.0,42.82,0.007292,5715292.0,246730415.28,9186856465.68,20361083677.92,0.026639,141.48806815105877,2018-10-30,2018-09-30,39.40789550256717,3.756358552327253,59.38827510136046,4.486989418486045,21.426812919267846
sz300308,2018-09-21,43.37,43.66,41.1,43.51,0.016114,5887900.0,251270000.0,9399000000.0,20689000000.0,0.027256,143.76800688124493,2018-10-30,2018-09-30,40.042561729499305,3.8168549041117443,60.34472639118213,4.559252618745735,21.77208458264893
sz300308,2018-09-25,43.35,43.98,42.56,43.92,0.009423,4506200.0,196240000.0,9487000000.0,20884000000.0,0.020861,145.1227328100869,2018-10-30,2018-09-30,40.41997482521453,3.8528299007912254,60.91349344837583,4.602224935467443,21.977242935671228
sz300308,2018-09-26,43.61,44.8,43.03,44.29,0.008424,6011700.0,264350000.0,9666000000.0,21060000000.0,0.0275459999999999,146.34524671127906,2018-10-30,2018-09-30,40.76061433724469,3.8852996413839884,61.42684217691989,4.641010205944472,22.162379230161324
sz300308,2018-09-27,44.52,44.62,42.52,42.57,-0.038835,5210700.0,226200000.0,9291000000.0,20242000000.0,0.023875,140.66192905524656,2018-10-30,2018-09-30,39.17741478701363,3.7343891424926254,59.0409372908458,4.460746846568282,21.301703232758012
sz300308,2018-09-28,42.7,43.32,41.59,43.3,0.017148,3727700.0,158820000.0,9450000000.0,20589000000.0,0.01708,143.07399981468592,2018-10-30,2018-09-30,39.84901655220945,3.7984061878658566,60.053050977236644,4.537215533247423,21.666984839793344
sz300308,2018-10-08,41.18,45.4,41.18,44.19,0.020554,9329152.0,407155581.87,9639180122.31,21012524234.64,0.042769,146.01474280687697,2018-10-30,2018-09-30,40.66872728300896,3.8765409721471586,61.28836704178233,4.630547930941111,22.112328046190456
sz300308,2018-10-09,44.77,45.44,43.27,44.03,-0.003621,4940060.0,219935204.25,9604279266.47,20936443585.68,0.022647,145.48602342317326,2018-10-30,2018-09-30,40.52147685609606,3.8625050691024985,61.06645849399584,4.6137819732821255,22.032259306335202
sz300308,2018-10-10,44.28,44.79,39.68,41.53,-0.0567789999999999,7088506.0,295109531.58,9058953393.97,19747683445.68,0.032497,137.22547249922894,2018-10-30,2018-09-30,38.220688935581855,3.643194084029679,57.59913743483187,4.351813884860475,20.781289655180796
sz300308,2018-10-11,39.44,40.07,37.5,38.2,-0.080183,6070300.0,236670000.0,8337000000.0,18164000000.0,0.027814,126.22232243782327,2018-10-30,2018-09-30,35.15554600293032,3.3510248189030754,52.97992218905855,4.0028162099133615,19.114983506759437
sz300308,2018-10-12,37.74,38.99,36.25,38.5,0.007853,5712500.0,216000000.0,8402000000.0,18307000000.0,0.0261759999999999,127.2135463359275,2018-10-30,2018-09-30,35.43231560645482,3.377406483134695,53.39701803100059,4.034329242175947,19.265093472238018
sz300308,2018-10-15,38.7,39.98,38.2,38.61,0.002857,4594500.0,179580000.0,8426000000.000002,18359000000.0,0.021053,127.57699543780925,2018-10-30,2018-09-30,35.53295909864555,3.386999815582557,53.548689246252245,4.04578852663507,19.320133844288204
sz300308,2018-10-16,38.21,39.28,37.8,38.07,-0.013986,2929000.0,112380000.0,8309000000.0,18102000000.0,0.01342,125.79270357961605,2018-10-30,2018-09-30,35.03554799301061,3.3395866148306252,52.799083432412345,3.989153216904408,19.04992245234199
sz300308,2018-10-17,38.98,39.43,37.18,38.84,0.0202259999999999,4223600.0,162500000.0,8477000000.0,18469000000.0,0.019352,128.33698680221735,2018-10-30,2018-09-30,35.7458587936644,3.4072934034530333,53.869532201592286,4.070029320683212,19.435226183863055
sz300308,2018-10-18,38.17,38.9,37.52,37.95,-0.022915,2975108.0,113706854.88,8278046744.55,18045378925.2,0.0136389999999999,125.39614474964453,2018-10-30,2018-09-30,34.92596063340552,3.3291407534054014,52.63393367810907,3.9766755822406696,18.989867975859834
sz300308,2018-10-19,36.97,39.59,36.6,39.59,0.0432149999999999,5145700.0,198870000.0,8640000000.0,18825000000.0,0.023579,130.81513914500044,2018-10-30,2018-09-30,36.434879624816304,3.4729708332883944,54.90789667523823,4.148481345057203,19.810515120436616
sz300308,2018-10-22,40.4,42.95,39.95,42.76,0.080071,7273000.0,301900000.0,9332000000.0,20333000000.0,0.033325,141.28963815147978,2018-10-30,2018-09-30,39.3535408983474,3.7511774742763833,59.306361917536194,4.480800594371745,21.3967628766451
sz300308,2018-10-23,42.34,43.16,40.94,41.51,-0.029233,5209800.0,218830000.0,9059000000.0,19738000000.0,0.023872,137.15931815939757,2018-10-30,2018-09-30,38.201947093472725,3.6414076126133508,57.570893204560534,4.3496799356567895,20.771271307472134
sz300308,2018-10-24,41.15,41.95,40.45,40.77,-0.017827,3615500.0,148700000.0,8898000000.0,19386000000.0,0.016566,134.71417899456998,2018-10-30,2018-09-30,37.520668069412416,3.5764681314278253,56.544195747472415,4.272109394702731,20.400981853873827
sz300308,2018-10-25,39.3,40.76,38.88,40.4,-0.009075,4730900.0,187450000.0,8817000000.0,19210000000.0,0.021677,133.49164782019426,2018-10-30,2018-09-30,37.18002855738227,3.5439983908350623,56.03084701892836,4.233324124225703,20.215842943549923
sz300308,2018-10-26,41.01,41.69,39.8,39.9,-0.012376,3937900.0,160150000.0,8708000000.0,18973000000.0,0.018043,131.83955518677155,2018-10-30,2018-09-30,36.721326487205296,3.5002749333323084,55.33957628787755,4.181096231594704,19.96565167128055
sz300308,2018-10-29,39.79,41.2,39.73,40.49,0.014787,3458500.0,140150000.0,8837000000.0,19253000000.0,0.015846,133.78906668931836,2018-10-30,2018-09-30,37.2632529836169,3.5519313388207943,56.15626744692492,4.242800070989977,20.260883762543777
sz300308,2018-10-30,40.3,40.3,36.51,38.26,-0.055075,7745500.0,294520000.0,8350000000.0,18193000000.0,0.03549,126.42063384140414,2018-10-30,2018-09-30,35.211674104344375,3.356374946614382,53.06450805910273,4.009206964707872,19.14501558932168
sz300308,2018-10-31,38.47,38.87,37.38,37.98,-0.007318,5351558.0,204369933.42,8283346202.34,18059644046.88,0.024537,125.49548764295274,2019-04-24,2019-03-31,31.41631245077205,3.8977400371465967,32.09741480594637,2.8173662743352392,19.004912365239022
sz300308,2018-11-01,38.12,39.93,38.12,39.0,0.026856,6413527.0,250294344.19,8505805737.0,18544658184.0,0.029407,128.8657944590919,2019-04-24,2019-03-31,32.260036481835435,4.002418679534419,32.95943068541096,2.8930301395227573,19.515308291719883
sz300308,2018-11-02,42.0,42.9,41.11,42.9,0.1,10820400.0,454650000.0,9363000000.0,20399000000.0,0.049578,141.7523739050011,2019-04-24,2019-03-31,35.4858244171216,4.402633784550678,36.25515336442171,3.182313808676277,21.466839120891873
sz300308,2018-11-05,43.13,45.4,42.33,43.52,0.014452,14605900.0,641720000.0,9498000000.0,20694000000.0,0.066924,143.80097921267614,2019-04-24,2019-03-31,35.99900242599708,4.466302443134062,36.779457018645175,3.2283348182139746,21.777077879867
sz300308,2018-11-06,43.67,44.5,42.31,44.35,0.019072,7134500.0,310540000.0,9679000000.0,21089000000.0,0.032691,146.5435514882203,2019-04-24,2019-03-31,36.68613908194899,4.551553697847406,37.48149072514778,3.2899561699678417,22.19241030919182
sz300308,2018-11-07,43.9,47.0,43.18,44.62,0.006088,9992100.0,448600000.0,9738000000.0,21217000000.0,0.045784,147.4357086296806,2019-04-24,2019-03-31,36.90880615020682,4.579179420893757,37.70898519206507,3.309924608004538,22.327517703154182
sz300308,2018-11-08,45.0,45.2,42.37,42.6,-0.045271,8506876.0,370922244.0,9290957035.8,20256472785.6,0.039005,140.76114666430635,2019-04-24,2019-03-31,35.23788600323562,4.371872711491442,36.00183967175659,3.160079075478704,21.316728649214692
sz300308,2018-11-09,42.05,44.48,42.05,43.17,0.01338,7869000.0,342000000.0,9422000000.0,20528000000.0,0.036054,142.64453080667474,2019-04-24,2019-03-31,35.710231071850195,4.430475333558327,36.484425131861805,3.2024382501351347,21.601946478541183
sz300308,2018-11-12,43.15,45.68,42.9,45.0,0.042391,8588600.0,381540000.0,9821000000.0,21398000000.0,0.039353,148.6913751121005,2019-04-24,2019-03-31,37.223671301415166,4.618243919888985,38.03067658669032,3.3381612274158035,22.517674591713025
sz300308,2018-11-13,44.51,47.58,44.25,46.32,0.0293329999999999,10873500.0,504530000.0,10109000000.0,22025000000.0,0.049823,153.05293921826373,2019-04-24,2019-03-31,38.31439201858441,4.753566797623838,39.14504401448052,3.435975373111182,23.178185540511738
sz300308,2018-11-14,46.31,47.7,45.85,46.4,0.001727,6593700.0,308330000.0,10127000000.0,22063000000.0,0.030211,153.31726164429367,2019-04-24,2019-03-31,38.380496304473446,4.761768184153223,39.212581434346596,3.4419035031533256,23.218214266940205
sz300308,2018-11-15,46.4,47.4,45.89,47.32,0.019828,6501600.0,303980000.0,10327000000.0,22501000000.0,0.029791,156.3572363081767,2019-04-24,2019-03-31,39.14243517866822,4.856299955202451,39.991039063329225,3.5102330020601453,23.678585019425093
sz300308,2018-11-16,47.32,49.39,46.75,48.51,0.025148,6924300.0,331740000.0,10587000000.0,23067000000.0,0.031727,160.28930808685473,2019-04-24,2019-03-31,40.12704112112084,4.978457449298029,40.99699115922916,3.598530939003661,24.27405407549359
sz300308,2018-11-19,48.58,49.11,47.4,48.2,-0.00639,4369200.0,209990000.0,10519000000.0,22919000000.0,0.02002,159.26505940817972,2019-04-24,2019-03-31,39.869582323447716,4.946515207025687,40.73395068185603,3.575442432523731,24.118942869951187
sz300308,2018-11-20,47.01,47.01,44.0,44.98,-0.0668049999999999,9338500.0,424330000.0,9817000000.0,21388000000.0,0.042788,148.62535711441632,2019-04-24,2019-03-31,37.20627543670753,4.616085660275989,38.0129035814624,3.336601193194187,22.507676891524103
sz300308,2018-11-21,43.88,45.2,43.75,44.6,-0.008448,6054000.0,269260000.0,9734000000.0,21207000000.0,0.027739,147.3697700975137,2019-04-24,2019-03-31,36.89141028549918,4.5770211612807605,37.691212186837156,3.308364573782921,22.317532037144506
sz300308,2018-11-22,44.65,45.24,44.06,44.48,-0.002691,3465700.0,154850000.0,9708000000.0,21150000000.0,0.015879,146.9731980461813,2019-04-24,2019-03-31,36.79225385666561,4.5647190814866825,37.58990605703805,3.2994723787197047,22.25747555843255
sz300308,2018-11-23,44.49,44.68,42.6,42.97,-0.033948,6229100.0,270160000.0,9378000000.0,20432000000.0,0.028542,141.98375191890955,2019-04-24,2019-03-31,35.54323077065682,4.409756041273565,36.31380428167383,3.1874619216076123,21.501878778174884
sz300308,2018-11-26,42.75,43.76,42.68,43.36,0.009076,3846500.0,166360000.0,9463000000.0,20618000000.0,0.017625,143.2723964513256,2019-04-24,2019-03-31,35.86679385421899,4.4498996700752915,36.64438217891303,3.2164785581296864,21.6970298299656
sz300308,2018-11-27,43.8,44.4,43.48,43.96,0.013838,4785108.0,210275180.58,9587569748.68,20903158301.76,0.02194,145.25499987341905,2019-04-24,2019-03-31,36.36285137798681,4.511444234675206,37.15119417770938,3.2609642290620617,21.997273328752666
sz300308,2018-11-28,44.2,45.09,42.83,44.73,0.017516,6368588.0,281029853.7,9755504887.59,21269296424.88,0.0292009999999999,147.79928645120185,2019-04-24,2019-03-31,36.999780303397415,4.590466347066015,37.80193165534442,3.3180830292526395,22.3825775683791
sz300308,2018-11-29,45.2,45.37,42.5,42.5,-0.049855,6238971.0,274409050.92,9269147277.5,20208922380.0,0.028606,140.43075302517718,2019-04-24,2019-03-31,35.15516796097452,4.361610099492636,35.91732831102477,3.152661049479928,21.26669416370756
sz300308,2018-11-30,42.5,44.2,42.2,43.97,0.034588,4190759.0,181268206.09,9589750724.51,20907913342.32,0.019215,145.28797191081202,2019-04-24,2019-03-31,36.371123182212926,4.512470495875087,37.15964531378256,3.2617060316619395,22.00226658144188
sz300308,2018-12-03,47.55,47.88,45.77,46.62,0.0602679999999999,11062149.0,516260473.36,10167709319.46,22167999090.72,0.0507209999999999,154.04418740193285,2019-04-24,2019-03-31,38.56315130213252,4.784429713843453,39.399196373175876,3.458283720629512,23.32829918377222
sz300308,2018-12-04,46.4,46.64,45.77,46.12,-0.010725,4935127.0,227895487.9,10058660527.96,21928021772.72,0.022628,152.39206349204713,2019-04-24,2019-03-31,38.145690006449406,4.732636378496001,38.9726845604364,3.420846437780328,23.07810317502626
sz300308,2018-12-05,45.0,45.91,44.87,45.21,-0.019731,4615187.0,209416296.84,9860191727.43,21495356989.26,0.021161,149.38521568728555,2019-04-24,2019-03-31,37.39303220276621,4.63925608568526,38.203709214599506,3.3533492509117218,22.62274912127982
sz300308,2018-12-06,43.3,43.68,42.01,42.3,-0.0643659999999999,9371167.0,402738052.68,9225527760.9,20111780593.8,0.042968,139.76988689435774,2019-04-24,2019-03-31,34.98618142395511,4.34064438010366,35.74467816362662,3.1375065983978287,21.166613251339527
sz300308,2018-12-07,42.87,43.58,42.7,43.0,0.016548,3186719.0,137491161.36,9378196069.0,20444599658.0,0.014611,142.08279898268557,2019-04-24,2019-03-31,35.565148965249875,4.412475374573461,36.336197660424226,3.1894275113736796,21.51687836742269
sz300308,2018-12-10,42.7,43.78,42.05,42.99,-0.000233,3301874.0,142344752.95,9376015093.17,20439845099.94,0.0151389999999999,142.04969369052262,2019-04-24,2019-03-31,35.55687800037424,4.411449217509607,36.32774738189854,3.1886857840454526,21.511864934763082
sz300308,2018-12-11,43.48,44.46,43.33,44.08,0.025355,3938143.0,173254269.22,9613741458.64,20958091928.48,0.018057,145.6513636740458,2019-04-24,2019-03-31,36.45841317181894,4.523300337469724,37.248827741197665,3.2695340628221343,22.057298270184
sz300308,2018-12-12,44.61,44.98,43.33,43.92,-0.0036299999999999,2563424.0,112679632.52,9578845845.36,20882018999.52,0.011754,145.12264922390904,2019-04-24,2019-03-31,36.32607773380871,4.506881824448056,37.11362328478679,3.2576664255705117,21.97723027746323
sz300308,2018-12-13,43.97,45.2,43.68,44.9,0.022313,5251773.0,234436332.75,9792581476.7,21347965689.4,0.02408,148.3607708960421,2019-04-24,2019-03-31,37.13663229162139,4.607445216705777,37.941750580303435,3.3303557037367026,22.46760821664427
sz300308,2018-12-14,44.6,44.86,43.0,43.35,-0.0345209999999999,3872461.0,169159931.91,9454530223.05,20611009190.1,0.017756,143.23920872393987,2019-04-24,2019-03-31,35.85463273589726,4.448390871808361,36.63195740882302,3.2153879678616044,21.692003913397496
sz300308,2018-12-17,43.02,43.5,42.51,42.82,-0.012226,2949662.0,126774707.92,9338938504.06,20359017612.92,0.013525,141.48796615808098,2019-04-24,2019-03-31,35.41627159748837,4.394004547424084,36.18409264696198,3.1760764194656033,21.4267974735523
sz300308,2018-12-18,42.51,43.11,41.6,41.79,-0.024054,2731982.0,115573414.8,9114297993.57,19869298132.74,0.012526,138.08461462011448,2019-04-24,2019-03-31,34.5643622152975,4.288310369847093,35.31371395881693,3.099678504658281,20.91139728712347
sz300308,2018-12-19,41.87,42.4,40.8,41.05,-0.017708,2387928.0,99459329.97,8952905782.15,19517460836.3,0.0109489999999999,135.6394122644215,2019-04-24,2019-03-31,33.95231081450017,4.212374747121873,34.68839334791661,3.044790682369524,20.54109826396309
sz300308,2018-12-20,41.0,41.51,40.68,41.16,0.00268,2423410.0,99498800.86,8976896516.28,19569760974.96,0.011112,136.00292588929017,2019-04-24,2019-03-31,34.04329142813221,4.223662474824271,34.78134641169909,3.0529496829800147,20.59614840731051
sz300308,2018-12-21,40.82,41.25,39.81,40.5,-0.016035,3026745.0,122484295.05,8832952111.5,19255960143.0,0.013878,133.82211897265537,2019-04-24,2019-03-31,33.49740774634,4.155936108609888,34.22362802900421,3.0039956793170703,20.265889167599283
sz300308,2018-12-24,40.49,42.23,40.15,42.0,0.037037,4057362.0,169008480.77,9160098486.0,19969143852.0,0.018603,138.77848879304563,2019-04-24,2019-03-31,34.738052477685926,4.3098596681880315,35.49116980785622,3.115254778551036,21.01647690469966
sz300308,2018-12-25,41.48,43.72,41.14,43.14,0.027143,4825193.0,204635834.06,9408729730.62,20511163470.84,0.022124,142.54535331435525,2019-04-24,2019-03-31,35.68094247350883,4.426841573467422,36.45450155978374,3.1998116939688495,21.586927137323922
sz300308,2018-12-26,43.3,43.34,41.93,41.94,-0.027816,3731731.0,158518364.45,9147012631.02,19940616503.64,0.01711,138.58031176656314,2019-04-24,2019-03-31,34.68842668843209,4.303702725804905,35.44046813670214,3.110804414581677,20.98646517207212
sz300308,2018-12-27,42.75,42.88,41.5,41.69,-0.005961,3506281.0,148094842.4,9092488235.27,19821752552.14,0.016077,137.75423452812265,2019-04-24,2019-03-31,34.4816525665411,4.278048799208548,35.22921117356014,3.092261231376016,20.861364853181396
sz300308,2018-12-28,41.65,41.85,39.86,40.69,-0.023987,3676040.0,149061682.57,8874390652.27,19346296746.14,0.016855,134.44992370449657,2019-04-24,2019-03-31,33.65455607897715,4.175433092823119,34.38418332099213,3.0180884985533725,20.360963294448133
sz300308,2019-01-02,40.48,41.63,40.1,40.28,-0.010076,3369421.0,137196570.89,8784970643.24,19151359865.68,0.015449,133.09520627325008,2019-04-24,2019-03-31,33.315446519075934,4.133360653205093,34.03772190143925,2.9876776780960888,20.155806228293276
sz300308,2019-01-03,40.4,40.4,37.9,38.2,-0.051639,4961923.0,192227007.73,8331327670.6,18162411789.2,0.022751,126.2223029165057,2019-04-24,2019-03-31,31.595085824942917,3.9199199839234007,32.2800639680978,2.83339839382499,19.114980550470438
sz300308,2019-01-04,37.49,39.33,37.31,39.31,0.0290579999999999,3453014.0,133445422.74,8573415987.73,18690167733.86,0.015832,129.8900705946535,2019-04-24,2019-03-31,32.513162926138904,4.033823418011227,33.21804488444829,2.9157301272581244,19.670423655306006
sz300308,2019-01-07,39.66,40.77,39.65,40.32,0.025693,4147545.0,167003963.15,8793694546.56,19170378097.92,0.019017,133.22733617844193,2019-04-24,2019-03-31,33.34853037857849,4.137465281460511,34.07152301554196,2.990644587408994,20.17581585028178
sz300308,2019-01-08,40.88,40.88,39.39,39.91,-0.010169,3158060.0,126091237.96,8704274537.53,18975441217.46,0.01448,131.87254739684337,2019-04-24,2019-03-31,33.00942081867726,4.095392841842484,33.72506159598908,2.9602337669517103,19.970647978900267
sz300308,2019-01-09,39.88,41.25,39.62,40.1,0.004761,4913318.0,199741476.68,8745713078.3,19065777820.6,0.022528,132.50039259499974,2019-04-24,2019-03-31,33.16656915131442,4.114889826055716,33.885616887977,2.9743265861880124,20.06572823392781
sz300308,2019-01-10,40.1,41.8,39.98,40.86,0.018953,4987786.0,204334524.34,8911467241.38,19427124233.16,0.0228699999999999,135.01167253585277,2019-04-24,2019-03-31,33.795162481863024,4.192877762908642,34.52783805592869,3.0306978631332218,20.446033981145444
sz300308,2019-01-11,41.3,42.24,41.2,41.6,0.018111,4889948.0,204129942.99,9072859452.8,19778961529.6,0.022421,137.45686893714958,2019-04-24,2019-03-31,34.40721388266035,4.26881338563386,35.153158666829015,3.085585685421978,20.81633210257797
sz300308,2019-01-14,41.49,41.49,40.0,40.32,-0.030769,3000653.0,121401072.28,8793694546.56,19170378097.92,0.013758,133.22745853682244,2019-04-24,2019-03-31,33.34853037857849,4.137465281460511,34.07152301554196,2.990644587408994,20.175834380113745
sz300308,2019-01-15,40.15,40.87,39.75,40.73,0.010169,2920976.0,118126967.29,8883114555.59,19365314978.38,0.013393,134.5822485626834,2019-04-24,2019-03-31,33.68763993847971,4.179537721078537,34.41798443509485,3.0210554078662786,20.381002439925126
sz300308,2019-01-16,40.7,41.45,40.38,40.82,0.00221,2397340.0,98111934.67,8902743338.06,19408106000.92,0.010992,134.87967533200694,2019-04-24,2019-03-31,33.76207862236046,4.188773134653225,34.49403694182597,3.0277309538203157,20.426044455317363
sz300308,2019-01-17,40.7,40.75,39.95,40.08,-0.018128,2524463.0,101746889.94,8741351126.64,19056268704.48,0.011575,132.4345765775883,2019-04-24,2019-03-31,33.15002722156314,4.112837511928007,33.86871633092565,2.9728431315315595,20.05576112143137
sz300308,2019-01-18,40.32,40.54,38.9,39.82,-0.006487,3845466.0,152090807.03,8684645755.06,18932650194.92,0.017632,131.5754734793295,2019-04-24,2019-03-31,32.93498213479651,4.0861574282677955,33.64900908925796,2.9535582209976723,19.925659399036643
sz300308,2019-01-21,40.25,41.29,39.62,40.24,0.0105469999999999,5454981.0,220150716.71,8776246739.92,19132341633.44,0.025012,132.96319999811595,2019-04-24,2019-03-31,33.28236265957337,4.129256024949676,34.003920787336526,2.9847107687831826,20.13581532871828
sz300308,2019-01-22,39.82,40.27,38.6,38.73,-0.037525,5370366.0,209467976.88,8446919389.59,18414403366.38,0.024624,127.97375591818665,2019-04-24,2019-03-31,32.033446963351814,3.974306308307678,32.72792872995884,2.872709942220991,19.380218858508126
sz300308,2019-01-23,38.74,38.87,37.96,38.25,-0.012393,3119781.0,119328221.02,8342232549.75,18186184579.5,0.014305,126.38777716109257,2019-04-24,2019-03-31,31.636440649321113,3.9250507692426715,32.3223153607262,2.8371070304661217,19.140039806194633
sz300308,2019-01-24,38.38,39.19,37.65,38.97,0.018824,4521710.0,174761172.06,8499262809.51,18528512759.82,0.020733,128.76690067837296,2019-04-24,2019-03-31,32.23195012036715,3.9989340778401807,32.93073541457516,2.8905113980984254,19.50033191550644
sz300308,2019-01-25,38.88,38.88,37.71,38.1,-0.022325,5695347.0,217282561.56,8309517912.3,18114866208.6,0.026114,125.89217962072829,2019-04-24,2019-03-31,31.51237617618652,3.9096584132848573,32.19556118284099,2.825981120542725,19.064987005492757
sz300308,2019-01-28,39.01,39.66,38.2,38.67,0.014961,5511848.0,214674644.95,8433833534.61,18385876018.02,0.025272,127.775652520034,2019-04-24,2019-03-31,31.983821174097972,3.9681493659245524,32.67722705880476,2.8682595782516325,19.350218276081936
sz300308,2019-01-29,38.65,38.68,37.45,37.89,-0.020171,4257773.0,161117967.63,8263717419.87,18015020489.34,0.019522,125.19828983305239,2019-04-24,2019-03-31,31.33868591379809,3.888109114943917,32.01810533380172,2.8104048466499703,18.959905023235084
sz300308,2019-01-30,37.71,38.45,37.5,37.75,-0.003695,3035573.0,115181652.91,8233183758.25,17948456676.5,0.013918,124.73568215211925,2019-04-24,2019-03-31,31.222892405539135,3.873742916049957,31.899801434442196,2.8000206640548,18.88984817417423
sz300308,2019-01-31,37.93,38.85,37.65,38.29,0.014305,5038984.0,193023975.92,8350956453.07,18205202811.74,0.023104,126.52002608530532,2019-04-24,2019-03-31,31.669524508823674,3.9291553974980893,32.356116474828916,2.840073939779028,19.160067452305793
sz300308,2019-02-01,38.63,40.9,38.48,40.9,0.068164,8184577.0,326071303.22,8920191144.7,19446142465.4,0.037527,135.14413714338406,2019-04-24,2019-03-31,33.828246341365585,4.19698239116406,34.56163917003141,3.033664772446128,20.466094290124765
sz300308,2019-02-11,40.98,42.45,40.51,42.44,0.037653,8670929.0,362084080.76,9256061422.52,20178344406.64,0.039757,140.23271933924389,2019-04-24,2019-03-31,35.10197493221406,4.355010578997621,35.86298206298614,3.1478907809929986,21.23670413843083
sz300308,2019-02-12,42.11,42.58,41.86,42.31,-0.0030629999999999,5353459.0,226064961.45,9227708736.73,20116535151.86,0.024546,139.8031865199078,2019-04-24,2019-03-31,34.99445238883075,4.341670537167515,35.7531284421523,3.1382483257260554,21.17165611365482
sz300308,2019-02-13,42.35,44.89,42.2,44.42,0.04987,9685473.0,426383942.24,9687894636.86,21119746902.52,0.044409,146.77517143165562,2019-04-24,2019-03-31,36.73962597759069,4.558189677640771,37.536137211070795,3.294752791981834,22.227486604042785
sz300308,2019-02-14,44.3,45.5,43.0,44.89,0.010581,7411413.0,329508874.31,9790400500.87,21343211131.34,0.033982,148.32819952057395,2019-04-24,2019-03-31,37.12836132674575,4.606419059641922,37.933300301777756,3.329613976408476,22.46267563980016
sz300308,2019-02-15,44.6,45.27,44.35,44.7,-0.004233,5422129.0,243388929.34,9748961960.1,21252874528.2,0.024861,147.70032625200338,2019-04-24,2019-03-31,36.9712129941086,4.586922075428691,37.77274500978984,3.315521157172174,22.367591133816887
sz300308,2019-02-18,44.96,46.96,44.96,46.5,0.040268,7091336.0,325386137.1,10141537609.5,22108694979.0,0.0325149999999999,153.64792298951903,2019-04-24,2019-03-31,38.459986671723705,4.771630346922463,39.29379514441224,3.4490320762529323,23.268289293593426
sz300308,2019-02-19,46.46,46.48,44.97,45.65,-0.01828,7042995.0,321526668.52,9956154663.95,21704557543.9,0.032293,150.83923895727062,2019-04-24,2019-03-31,37.75695465729435,4.684406996494849,38.57552146972944,3.3859852533536854,22.84294496530654
sz300308,2019-02-20,45.3,45.49,44.51,45.07,-0.012705,4900146.0,220710660.6,9829658065.81,21428793176.42,0.022468,148.92282642631852,2019-04-24,2019-03-31,37.277238694507254,4.6248898867912995,38.08540531523999,3.3429650683165515,22.55272534952232
sz300308,2019-02-21,45.15,49.58,45.15,48.2,0.069448,15572434.0,751651198.27,10512303500.6,22916969849.2,0.0714009999999999,159.2652188759735,2019-04-24,2019-03-31,39.86605070058242,4.946077047777694,40.730342493777854,3.575125722051427,24.118967019595946
sz300308,2019-02-22,47.49,53.02,47.48,53.02,0.1,13413769.0,676667642.25,11563533850.66,25208666834.12,0.0615039999999999,175.19174076357086,2019-04-24,2019-03-31,43.852655770640666,5.440684752555463,44.80337674315563,3.932638294256569,26.530863721555544
sz300308,2019-02-25,56.5,58.32,56.4,58.2,0.097699,15295269.0,881535102.14,12693279330.6,27671527909.2,0.07013,192.30779864443096,2019-04-24,2019-03-31,48.13701557622193,5.972234111631987,49.1806210194579,4.316853050277864,29.1229025762878
sz300308,2019-02-26,57.1,58.0,54.7,55.5,-0.046392,13582192.0,760261405.86,12104415856.5,26387797233.0,0.062276,183.38625524971854,2019-04-24,2019-03-31,45.90385505979926,5.695171704391328,46.89904581752429,4.116586671656726,27.771832879968656
sz300308,2019-02-27,54.61,55.6,53.7,54.08,-0.025586,8196449.0,445823556.66,11794717288.64,25712649988.48,0.037582,178.69413452289922,2019-04-24,2019-03-31,44.72937804745845,5.549457401324018,45.69910626687772,4.0112613910485715,27.06126276390178
sz300308,2019-02-28,53.88,55.08,53.15,54.5,0.0077659999999999,5494502.0,299904270.34,11886318273.5,25912341427.0,0.025193,180.08187317160406,2019-04-24,2019-03-31,45.076758572235306,5.592555998005898,46.05401796495628,4.042413938834082,27.27142053052624
sz300308,2019-03-01,54.78,55.26,53.3,54.4,-0.001835,5023454.0,271215553.86,11864508515.2,25864795846.4,0.023033,179.75142293433413,2019-04-24,2019-03-31,44.99404892347892,5.582294427367356,45.969515179699485,4.034996665551818,27.22137747385272
sz300308,2019-03-04,54.8,57.16,54.01,54.85,0.008272,9352145.0,521158940.57,11962652427.55,26078750959.1,0.042881,181.23832670484694,2019-04-24,2019-03-31,45.36624234288269,5.628471495240799,46.34977771335508,4.068374395322007,27.44655270831643
sz300308,2019-03-05,54.97,56.99,54.2,56.9,0.037375,8411255.0,469288510.38,12409752472.7,27053435361.4,0.038566,188.01210916544062,2019-04-24,2019-03-31,47.0617901423888,5.83883369333093,48.08208481111949,4.220428497608427,28.472367615789757
sz300308,2019-03-06,58.43,62.59,58.43,61.5,0.080844,14064966.0,858607031.68,13413001354.5,29240532069.0,0.064489,203.21176011881147,2019-04-24,2019-03-31,50.866433985182965,6.310865942703903,51.96921293293232,4.561623068592588,30.77418770332066
sz300308,2019-03-07,61.0,61.0,57.66,59.37,-0.034634,8595578.0,509704748.61,12948453502.71,28227811202.22,0.039412,196.17372401885655,2019-04-24,2019-03-31,49.104718466671756,6.09229448810294,50.169303606962465,4.403635147680357,29.70835448640385
sz300308,2019-03-08,56.99,64.39,56.0,58.4,-0.016338,9156938.0,549740196.91,12736898847.2,27766619070.4,0.041986,192.96863771583645,2019-04-24,2019-03-31,48.302434873734725,5.992757252909073,49.3496265899715,4.331687596842393,29.222979390804984
sz300308,2019-03-11,59.99,62.48,59.14,62.18,0.064726,6894301.0,419616442.39,13561307710.94,29563842017.08,0.031611,205.4587257606317,2019-04-24,2019-03-31,51.42885959672646,6.380644623045996,52.54383187267857,4.6120605269119865,31.114465954854225
sz300308,2019-03-12,63.51,64.0,60.77,61.7,-0.00772,7389739.0,458982465.8,13456620871.1,29335623230.2,0.0338829999999999,203.87258439775962,2019-04-24,2019-03-31,51.03185328269576,6.33138908398099,52.13821850344593,4.576457615157117,30.874262277682753
sz300308,2019-03-13,59.95,61.55,58.2,59.1,-0.0421389999999999,6551073.0,390422404.36,12889567155.3,28099438134.6,0.030037,195.28159756382246,2019-04-24,2019-03-31,48.881402415029484,6.0645882473788735,49.9411460867691,4.3836085098182425,29.57325173956348
sz300308,2019-03-14,58.24,59.95,56.51,58.39,-0.012014,5978195.0,345981005.1,12734717871.37,27761864512.34,0.027411,192.93548445069067,2019-04-24,2019-03-31,48.294163908859076,5.991731095845219,49.34117631144582,4.330945869514166,29.217958693164366
sz300308,2019-03-15,58.41,59.49,57.6,58.09,-0.005138,3413013.0,199080106.7,12669288596.47,27619227770.54,0.015649,191.94418193158302,2019-04-24,2019-03-31,48.04603496258989,5.96094638392959,49.08766795567543,4.308694049667373,29.06783682139889
sz300308,2019-03-18,58.58,59.35,56.31,59.26,0.020141,4187989.0,243634221.8,12924462768.58,28175511063.56,0.019202,195.81012969986702,2019-04-24,2019-03-31,49.01373785303972,6.081006760400543,50.076350543179984,4.395476147069867,29.65329212281868
sz300308,2019-03-19,59.0,60.47,58.01,58.28,-0.016537,3968822.0,235148041.63,12710727137.24,27709564373.68,0.018197,192.57201758502032,2019-04-24,2019-03-31,48.20318329522704,5.980443368142821,49.24822324766335,4.322786868903675,29.162915630983626
sz300308,2019-03-20,58.0,58.9,56.61,57.61,-0.011496,3462437.0,199099354.87,12564601756.63,27391008983.66,0.0158759999999999,190.35820967086292,2019-04-24,2019-03-31,47.649028648559195,5.911690844864584,48.68205458644278,4.273091137912504,28.82765875288984
sz300308,2019-03-21,57.8,59.13,57.66,57.81,0.003472,3865834.0,225590731.03,12608221273.23,27486100144.86,0.017725,191.01913337484012,2019-04-24,2019-03-31,47.81444794607199,5.93221398614167,48.851060156956386,4.287925684477033,28.92774838407987
sz300308,2019-03-22,58.0,58.89,56.6,58.89,0.018682,3713006.0,214340760.42,12843766662.87,27999592415.34,0.017025,194.58775282454891,2019-04-24,2019-03-31,48.70771215264105,6.043038949037933,49.763690237729826,4.368032235925488,29.46817657939125
sz300308,2019-03-25,57.06,58.2,56.79,56.9,-0.033792,3663608.0,209862278.95,12409752472.7,27053435361.4,0.016798,188.01224348110173,2019-04-24,2019-03-31,47.0617901423888,5.83883369333093,48.08208481111949,4.220428497608427,28.472387956420462
sz300308,2019-03-26,57.11,57.5,52.44,53.07,-0.067311,7806318.0,425229820.43,11574438729.81,25232439624.42,0.035793,175.35695136014533,2019-04-24,2019-03-31,43.89401059501886,5.445815537874735,44.845628135784025,3.936346930897701,26.555883050685846
sz300308,2019-03-27,53.64,53.98,52.18,52.9,-0.003203,4548172.0,241789549.73,11537362140.7,25151612137.4,0.0208539999999999,174.7952830449388,2019-04-24,2019-03-31,43.753404192133,5.428370867789212,44.70197340084747,3.9237375663178526,26.4708245572745
sz300308,2019-03-28,53.58,57.01,53.56,54.52,0.030624,6495842.0,359191216.83,11871993549.68,25921850543.12,0.029831,180.14821379290697,2019-04-24,2019-03-31,45.09330050198659,5.594608312133607,46.07091852200764,4.043897393490535,27.28146708851647
sz300308,2019-03-29,54.09,56.07,53.88,55.5,0.017975,5357234.0,296401762.13,12085393287.0,26387797233.0,0.024602,183.38637793583447,2019-04-24,2019-03-31,45.90385505979926,5.695171704391328,46.89904581752429,4.116586671656726,27.771851459432558
sz300308,2019-04-01,56.8,58.22,55.86,57.73,0.04018,6413873.0,368007479.33,12570986566.82,27448063680.38,0.029455,190.75484260129633,2019-04-24,2019-03-31,47.74828022706688,5.924004729630836,48.783457928750934,4.2819918658512215,28.88772445107256
sz300308,2019-04-02,58.19,58.49,56.6,56.61,-0.0194009999999999,5280019.0,303401868.18,12327101152.74,26915553177.66,0.024248,187.05400789998862,2019-04-24,2019-03-31,46.821932160995246,5.809075138479154,47.83702673387477,4.19891840508986,28.327273708997307
sz300308,2019-04-03,56.28,56.38,55.03,56.29,-0.005653,4520239.0,251518736.73,12257419605.86,26763407319.74,0.020758,185.99659159332998,2019-04-24,2019-03-31,46.557261284974786,5.776238112435817,47.566617821053015,4.175183130586615,28.167139630720342
sz300308,2019-04-04,56.29,56.78,55.11,55.23,-0.018831,3662543.0,203998491.28,12026599481.82,26259424165.38,0.0168199999999999,182.49408977703595,2019-04-24,2019-03-31,45.680539008157,5.667465463667262,46.670888297330926,4.096560033794613,27.636724224334245
sz300308,2019-04-08,51.5,53.87,51.36,52.5,-0.04943,9165462.0,480011873.34,11432128785.0,24961429815.0,0.042091,173.47340691935705,2019-04-24,2019-03-31,43.42256559710741,5.3873245852350395,44.363962259820276,3.8940684731887947,26.2706409459254
sz300308,2019-04-09,52.71,53.83,51.61,53.56,0.02019,4039462.0,215077742.23,11662948909.04,25465412969.36,0.0185509999999999,176.97583500505885,2019-04-24,2019-03-31,44.299287873925195,5.496097234003595,45.25969178354236,3.972691569980797,26.801045186623632
sz300308,2019-04-10,53.72,53.88,52.48,53.0,-0.010456,2697230.0,143204301.34,11541006202.0,25199157718.0,0.012387,175.12537567424596,2019-04-24,2019-03-31,43.83611384088938,5.438632438427754,44.786476186104274,3.9311548396001164,26.520813458152293
sz300308,2019-04-11,53.02,53.2,51.38,51.69,-0.024717,3174464.0,165119261.95,11255747369.46,24576310612.14,0.014578,170.79680176370562,2019-04-24,2019-03-31,42.75261744218061,5.304205863062841,43.679489699240186,3.833988559602453,25.865298511907145
sz300308,2019-04-12,52.35,52.43,50.88,50.96,-0.0141229999999999,3222477.0,166029701.15,11096786340.64,24229227873.76,0.014799,168.38463853239685,2019-04-24,2019-03-31,42.14883700625892,5.229296397401479,43.06261936686554,3.779842464641923,25.500002901023485
sz300308,2019-04-15,52.36,53.99,52.06,52.15,0.023352,5385424.0,286050838.46,11355914593.1,24795020282.9,0.024732,172.3167566114054,2019-04-24,2019-03-31,43.133081826460035,5.35140908800014,44.06820251142147,3.86810801670087,26.095478968768187
sz300308,2019-04-16,52.12,55.55,51.74,55.15,0.057526,5937793.0,321118781.71,12009179095.1,26221387700.9,0.027268,182.22945035223307,2019-04-24,2019-03-31,45.61437128915188,5.659256207156428,46.60328606912549,4.090626215168801,27.596647491925545
sz300308,2019-04-17,55.18,56.64,54.0,54.07,-0.019583,4718152.0,259143665.65,11774003874.38,25707895430.42,0.021667,178.6608510259853,2019-04-24,2019-03-31,44.72110708258281,5.548431244260164,45.690655988352034,4.010519663720345,27.056222344091164
sz300308,2019-04-18,54.18,54.88,53.33,53.63,-0.008138,2813650.0,151737958.56,11678191747.42,25498694875.78,0.012921,177.20690902033581,2019-04-24,2019-03-31,44.357184628054675,5.503280333450575,45.31884373322211,3.9778836612783817,26.83603880665495
sz300308,2019-04-19,53.65,54.0,52.29,53.62,-0.000186,2356383.0,125149675.26,11676014199.08,25493940317.72,0.0108209999999999,177.17394853525803,2019-04-24,2019-03-31,44.34891366317904,5.502254176386721,45.31039345469644,3.977141933950156,26.831047303436915
sz300308,2019-04-22,53.21,55.66,52.89,52.95,-0.012495,3971596.0,214998680.56,11530118460.3,25175384927.7,0.018239,174.96016004831,2019-04-24,2019-03-31,43.794759016511186,5.433501653108483,44.74422479347588,3.9274462029589845,26.495793367380468
sz300308,2019-04-23,52.97,55.5,52.11,54.4,0.027384,5477349.0,296921137.12,11845862969.6,25864795846.4,0.025154,179.75126907107293,2019-04-24,2019-03-31,44.99404892347892,5.582294427367356,45.969515179699485,4.034996665551818,27.221354172952818
sz300308,2019-04-24,54.02,57.0,54.02,56.58,0.040074,6459617.0,363340866.98,12320568507.72,26901289503.48,0.0296649999999999,186.95462142782708,2019-04-24,2019-03-31,46.79711926636833,5.805996667287591,47.811675898297736,4.196693223105181,28.312222720079728
sz300308,2019-04-25,56.02,58.02,55.4,55.58,-0.017674,5903770.0,335903093.61,12102813673.72,26425833697.48,0.027112,183.6503854487117,2019-10-30,2019-09-30,52.901732503767846,6.236321900198362,44.28751261861905,3.9223405355870913,27.811832495725042
sz300308,2019-04-26,55.0,56.7,54.28,55.48,-0.0017989999999999,3879553.0,215776708.94,12081038190.32,26378288116.88,0.017816,183.31999840528948,2019-10-30,2019-09-30,52.80655126500612,6.2251014577726735,44.207830156189004,3.915283427750483,27.761799009065236
sz300308,2019-04-29,55.7,56.3,51.42,53.15,-0.041997,4243887.0,228301194.26,11573669427.1,25270476088.9,0.019489,175.62110843226253,2019-10-30,2019-09-30,50.58882840185788,5.963665149254103,42.351228781568956,3.7508528151575016,26.59588673608152
sz300308,2019-04-30,52.0,53.49,51.58,52.43,-0.013547,2852861.0,149477105.39,11416885946.62,24928147908.58,0.013101,173.24196927633068,2019-10-30,2019-09-30,49.90352348277345,5.882877963789137,41.77751505207263,3.7000416387339192,26.235592258467825
sz300308,2019-05-06,49.0,49.05,47.19,47.19,-0.0999429999999999,2563100.0,121467056.0,10275850616.46,22436759485.14,0.011771,155.9276471409464,2019-10-30,2019-09-30,44.91602657165895,5.294926780682992,37.60215402073827,3.330249188095625,23.61352846137978
sz300308,2019-05-07,47.19,47.48,42.55,45.06,-0.045137,5742702.0,254883629.61,9812032820.04,21424038618.36,0.026372,148.88954093194548,2019-10-30,2019-09-30,42.88866618603417,5.055931357015801,35.90491757097831,3.179932791175861,22.54768462721848
sz300308,2019-05-08,43.6,45.88,43.0,44.01,-0.023302,2890636.0,128619491.63,9583390244.34,20924810022.06,0.013275,145.42011684914928,2019-10-30,2019-09-30,41.889263179036035,4.938116711546059,35.068251715462836,3.1058331588914703,22.022278480035034
sz300308,2019-05-09,43.4,44.86,43.38,43.7,-0.007044,2289018.0,100488649.34,9515886245.8,20777418722.2,0.010512,144.39577754606387,2019-10-30,2019-09-30,41.59420133887469,4.903333340026421,34.8212360819297,3.083956124597983,21.86715355042167
sz300308,2019-05-10,44.78,46.9,42.68,46.5,0.064073,4127653.0,186707960.47,10125599781.0,22108694979.0,0.018956,153.64764820077284,2019-10-30,2019-09-30,44.25927602420304,5.217505727945734,37.05234502997096,3.2815551440230255,23.268247679857836
sz300308,2019-05-13,45.57,46.29,43.45,44.12,-0.051183,3730177.0,167496936.64,9607343276.08,20977110160.72,0.01713,145.78350062291267,2019-10-30,2019-09-30,41.99396254167394,4.950459198214318,35.15590242413588,3.1135959775117397,22.07730895885967
sz300308,2019-05-14,43.87,45.64,43.7,44.62,0.011333,3984102.0,178916642.25,9716220693.08,21214838063.72,0.018296,147.43566503547217,2019-10-30,2019-09-30,42.46986873548257,5.006561410342767,35.55431473628611,3.148881516694783,22.32751110129043
sz300308,2019-05-15,45.21,45.95,44.5,44.98,0.008068,3272841.0,147594100.38,9794612433.32,21386002153.88,0.01503,148.62517598097836,2019-10-30,2019-09-30,42.812521195024786,5.04695500307525,35.84117160103427,3.174287104906574,22.507649460855642
sz300308,2019-05-16,45.0,45.2,43.8,44.76,-0.0048909999999999,2410144.0,107469605.3,9746706369.84,21281401876.56,0.011068,147.89825024525538,2019-10-30,2019-09-30,42.60312246974899,5.022270029738733,35.66587018368817,3.158761467666035,22.3975645473426
sz300308,2019-05-17,45.15,45.77,42.15,42.84,-0.0428949999999999,4511596.0,197501303.38,9328617088.56,20368526729.04,0.020719,141.55415480098517,2019-10-30,2019-09-30,40.775642685523835,4.8068375351654895,34.13596690503131,3.0232649972031487,21.436821016084338
sz300308,2019-05-20,42.71,43.7,39.7,42.33,-0.0119049999999999,3761310.0,158216561.42,9217562123.22,20126044267.98,0.017273,139.86895258807945,2019-10-30,2019-09-30,40.290218367839024,4.749613278794471,33.72958634663808,2.9872737472364443,21.181615661887854
sz300308,2019-05-21,42.74,43.99,42.5,43.55,0.028821,3159675.0,137029250.3,9483223020.7,20706100351.3,0.0145099999999999,143.9001156706205,2019-10-30,2019-09-30,41.451429480732095,4.886502676387885,34.701712388284626,3.07337046284307,21.792091006879126
sz300308,2019-05-22,43.84,44.5,42.0,42.65,-0.020666,3611864.0,156022687.33,9287243670.1,20278190125.9,0.016587,140.92627588017143,2019-10-30,2019-09-30,40.594798331876554,4.7855186945566786,33.98457022641422,3.009856492313592,21.34173565413096
sz300308,2019-05-23,42.61,43.29,41.6,41.89,-0.017819,2984977.0,126313199.94,9121749996.26,19916843713.34,0.013708,138.41511057026267,2019-10-30,2019-09-30,39.87142091728743,4.7002433321214365,33.37898351194588,2.9562224727553663,20.961447266510003
sz300308,2019-05-24,41.44,42.34,41.44,41.8,-0.002148,1594696.0,66680925.34,9102152061.2,19874052690.8,0.007323,138.11779491275774,2019-10-30,2019-09-30,39.78575780240187,4.690144933938315,33.307269295758836,2.9498710757024185,20.916422077781537
sz300308,2019-05-27,41.8,43.1,41.24,43.02,0.029187,2928812.0,124333105.35,9367812958.68,20454108774.12,0.01345,142.1490389928764,2019-10-30,2019-09-30,40.94696891529494,4.8270343315317294,34.27939533740538,3.035967791309044,21.52690968896575
sz300308,2019-05-28,42.99,43.23,42.43,42.59,-0.009995,2436709.0,104323777.17,9274178380.06,20249662777.54,0.01119,140.72825934814261,2019-10-30,2019-09-30,40.53768958861952,4.778786429101265,33.936760748956196,3.005622227611627,21.311748226624537
sz300308,2019-05-29,42.59,43.19,41.52,42.61,0.00047,2044994.0,87153412.31,9278533476.74,20259171893.66,0.009391,140.79440163003622,2019-10-30,2019-09-30,40.55672583637186,4.7810305175864025,33.9526972414422,3.0070336491789487,21.32176474829105
sz300308,2019-05-30,42.58,42.58,41.63,42.14,-0.01103,1608638.0,67465211.4,9176188704.76,20035707664.84,0.007387,139.24143938005693,2019-10-30,2019-09-30,40.109374014191744,4.72829443818566,33.57818966802099,2.973865242346888,21.0865856831174
sz300308,2019-05-31,42.29,42.57,41.57,42.08,-0.001424,1444507.0,60949722.55,9163123414.72,20007180316.48,0.006634,139.04315957037971,2019-10-30,2019-09-30,40.052265270934704,4.721562172730247,33.530380190562965,2.969630977644923,21.05655838510464
sz300308,2019-06-03,42.0,43.26,40.61,42.07,-0.0002379999999999,3722313.0,155973439.2,9160945866.38,20002425758.42,0.0170939999999999,139.010067298402,2019-10-30,2019-09-30,40.04274714705853,4.7204401284876765,33.522411944319956,2.9689252668612616,21.05154692420899
sz300308,2019-06-04,30.41,31.42,29.6,30.93,0.0323769999999999,6818883.0,209886224.25,6735157015.62,14705848079.58,0.031314,143.51079624732233,2019-10-30,2019-09-30,29.43955714900215,3.4704828422658394,24.64578562961294,2.1827634538630574,21.7331328589741
sz300308,2019-06-05,31.51,32.56,31.07,32.04,0.035887,7206150.0,228920475.05,6976864881.36,15233604024.24,0.033093,148.66096819224998,2019-10-30,2019-09-30,30.49606889925732,3.5950297531909956,25.53026096258644,2.2610973508494134,22.513069797884103
sz300308,2019-06-06,32.28,32.36,30.67,30.92,-0.034956,4333901.0,134994016.78,6732979467.28,14701093521.52,0.019903,143.4643753881217,2019-10-30,2019-09-30,29.430039025125982,3.4693607980232706,24.63781738336994,2.1820577430793966,21.726102930029263
sz300308,2019-06-10,31.34,33.49,31.1,33.12,0.071151,7607985.0,249142071.12,7212040102.08,15747096294.72,0.034938,153.67200916136196,2019-10-30,2019-09-30,31.52402627788397,3.7162105313884446,26.390831556830925,2.3373141154847867,23.27193687960378
sz300308,2019-06-11,33.13,34.05,32.18,33.78,0.019928,8344580.0,277813822.82,7355758292.52,16060897126.68,0.038321,156.73438495992957,2019-10-30,2019-09-30,32.152222453711374,3.7902654513979974,26.916735808869227,2.3838910272064044,23.73570003774052
sz300308,2019-06-12,33.7,33.7,32.92,32.98,-0.023683,5004882.0,166344675.88,7181554425.32,15680532481.88,0.022984,153.02244452092356,2019-10-30,2019-09-30,31.39077254361755,3.700501911992479,26.27927610942886,2.3274341645135346,23.17356745374671
sz300308,2019-06-13,32.8,32.96,32.04,32.61,-0.011219,3488970.0,113570241.88,7100985136.74,15504613833.66,0.016022,151.3056857158433,2019-10-30,2019-09-30,31.038601960199163,3.658986275017427,25.984450998437698,2.301322865518083,22.913583200483128
sz300308,2019-06-14,32.6,32.97,31.73,31.74,-0.026679,3279168.0,105646592.55,6911538431.16,15090967282.44,0.015059,147.2690013266303,2019-10-30,2019-09-30,30.210525182972138,3.561368425913927,25.291213575296304,2.239926027339588,22.302271714277435
sz300308,2019-06-17,31.76,32.47,31.0,32.23,0.015438,2274319.0,72750698.2,7018238299.82,15323940627.38,0.010444,149.54254016911085,2019-10-30,2019-09-30,30.676913252904598,3.616348593799806,25.681657641203525,2.27450585573897,22.646574185002454
sz300308,2019-06-18,32.08,32.23,31.7,31.78,-0.013962,2141735.0,68314505.29,6920248624.52,15109985514.68,0.009836,147.4546272232697,2019-10-30,2019-09-30,30.24859767847683,3.5658566028842027,25.323086560268326,2.242748870474231,22.330382716231448
sz300308,2019-06-19,33.6,34.76,33.0,33.1,0.041536,6949097.0,232885465.6,7207685005.4,15737587178.6,0.031912,153.57930261961545,2019-10-30,2019-09-30,31.504990030131626,3.7139664429033075,26.37489506434492,2.3359026939174656,23.257897492732837
sz300308,2019-06-20,33.02,33.99,32.69,33.62,0.01571,4982460.0,167005752.76,7320917519.08,15984824197.72,0.022881,155.9920334637696,2019-10-30,2019-09-30,31.999932471692606,3.7723127435168937,26.78924386898115,2.3725996546678303,23.62327906234367
sz300308,2019-06-21,34.54,35.99,34.22,34.68,0.031529,5868139.0,205357612.26,7551737643.12,16488807352.08,0.026948,160.91030628684877,2019-10-30,2019-09-30,33.008853602566916,3.891249433229205,27.63387797073963,2.447404997735882,24.3680974279003
sz300308,2019-06-24,35.0,35.0,34.01,34.21,-0.013552,2917689.0,100431572.59,7449392871.14,16265343123.26,0.013399,158.7296498160494,2019-10-30,2019-09-30,32.5615017803868,3.8385133538284633,27.25937039731842,2.4142365909038217,24.037860971557397
sz300308,2019-06-25,34.0,34.63,33.21,34.47,0.0076,4366481.0,147988802.37,7506009127.98,16388961632.82,0.020052,159.93599515465138,2019-10-30,2019-09-30,32.80897300116729,3.8676865041352566,27.466544799636534,2.432585071279004,24.22054871494123
sz300308,2019-06-26,34.4,35.41,33.82,34.17,-0.008703,2898285.0,100020852.17,7440682677.78,16246324891.02,0.0133099999999999,158.54407218882042,2019-10-30,2019-09-30,32.523429284882106,3.8340251768581877,27.227497412346402,2.411413747769178,24.009757279475096
sz300308,2019-06-27,34.6,35.2,34.16,35.15,0.02868,4770794.0,166190285.56,7654082415.1,16712271580.9,0.021909,163.0911161791958,2019-10-30,2019-09-30,33.456205424747026,3.943985512629947,28.00838554416084,2.480573404567943,24.698357118250442
sz300308,2019-06-28,34.9,34.9,33.81,33.99,-0.033001,3616968.0,123688439.05,7401486807.66,16160742845.94,0.01661,157.70894625416614,2019-10-30,2019-09-30,32.352103055111,3.813828380491946,27.084068979972322,2.3987109536632825,23.88328663499106
sz300308,2019-07-01,35.6,36.38,35.6,36.0,0.059135,7078240.0,255186678.13,7839174024.0,17116409016.0,0.032506,167.03506479090623,2019-10-30,2019-09-30,34.26524595422171,4.0393592732483095,28.685686474816226,2.5405588211791166,25.29562479015125
sz300308,2019-07-02,35.8,36.66,35.43,36.09,0.0025,3327030.0,120100381.56,7858771959.06,17159200038.54,0.015279,167.4526524528835,2019-10-30,2019-09-30,34.35090906910727,4.049457671431431,28.75740069100327,2.5469102182320644,25.35886385212663
sz300308,2019-07-03,35.94,36.2,35.18,35.57,-0.014408,2423305.0,86266982.38,7745539445.38,16911963019.42,0.011129,165.03999463634239,2019-10-30,2019-09-30,33.85596662754628,3.991111370817844,28.343051886367032,2.5102132574816993,24.99349334174519
sz300308,2019-07-04,34.7,34.7,32.59,33.49,-0.058476,7286933.0,243066715.19,7292609390.66,15923014942.94,0.033464,155.38911590998762,2019-10-30,2019-09-30,31.876196861302365,3.7577261683634973,26.685656667822094,2.3634254144802394,23.5319738250933
sz300308,2019-07-05,33.03,33.65,32.87,33.23,-0.007764,3459309.0,114745698.63,7235993133.82,15799396433.38,0.015886,154.18267481406247,2019-10-30,2019-09-30,31.628725640521868,3.7285530180567035,26.478482265503974,2.3450769341050566,23.34927158031527
sz300308,2019-07-08,33.2,33.2,31.12,31.67,-0.0469459999999999,3687027.0,117648266.68,6896295592.78,15057685376.02,0.016932,146.9444149622415,2019-10-30,2019-09-30,30.143898315838932,3.553514116215944,25.235435851595277,2.2349860518539617,22.253116676705794
sz300308,2019-07-09,31.66,32.33,31.45,32.1,0.013578,1776266.0,56734143.91,6989930171.4,15262131372.6,0.008157,148.9396262285988,2019-10-30,2019-09-30,30.55317764251436,3.6017620186464097,25.578070440044467,2.265331615551379,22.555269494942106
sz300308,2019-07-10,32.3,32.78,32.0,32.24,0.004361,1500028.0,48487962.91,7020415848.16,15328695185.44,0.006889,149.58915193858172,2019-10-30,2019-09-30,30.686431376780778,3.6174706380423753,25.68962588744653,2.275211566522631,22.653633025209547
sz300308,2019-07-11,32.24,32.52,31.66,31.79,-0.013958,1748552.0,55990328.93,6922426172.86,15114740072.74,0.0080299999999999,147.501186555823,2019-10-30,2019-09-30,30.258115802353004,3.5669786471267715,25.33105480651133,2.243454581257892,22.337433615443672
sz300308,2019-07-12,31.79,32.04,30.96,31.51,-0.008808,1777991.0,56011903.4,6861454819.34,14981612447.06,0.008165,146.2019961046393,2019-10-30,2019-09-30,29.991608333820164,3.5355614083348397,25.1079439117072,2.2236946793153876,22.140685500158842
sz300308,2019-07-15,30.0,32.6,29.4,32.41,0.028562,3951082.0,124636866.03,7057434169.94,15409522672.46,0.0181449999999999,150.37781751738004,2019-10-30,2019-09-30,30.84823948267571,3.6365453901660474,25.825086073577605,2.2872086498448656,22.77306775941438
sz300308,2019-07-16,32.3,33.5,31.85,32.72,0.009565,3522787.0,115656664.2,7124938168.48,15556913972.32,0.016178,151.81618134193377,2019-10-30,2019-09-30,31.143301322837065,3.671328761685686,26.072101707110747,2.3090856841383522,22.99089215253318
sz300308,2019-07-17,33.21,34.98,32.72,34.45,0.052873,5518686.0,187951451.82,7501654031.3,16379452516.7,0.025344,159.84315829802583,2019-10-30,2019-09-30,32.78993675341494,3.865442415650119,27.450608307150528,2.4311736497116825,24.206489593314068
sz300308,2019-07-18,34.0,34.81,33.39,33.47,-0.028447,3294637.0,111750065.11,7288254293.98,15913505826.82,0.01513,155.29609997392188,2019-10-30,2019-09-30,31.857160613550015,3.7554820798783592,26.669720175336085,2.3620139929129174,23.51788758385306
sz300308,2019-07-19,33.94,34.42,33.07,33.26,-0.006274,3389688.0,113656228.87,7242525778.84,15813660107.56,0.015567,154.32177224268548,2019-10-30,2019-09-30,31.657280012150387,3.7319191507844103,26.50238700423299,2.347194066456039,23.370336357151967
sz300308,2019-07-22,33.75,33.8,32.9,33.19,-0.002105,2441982.0,81291495.9,7227282940.46,15780378201.14,0.011214,153.99692491211465,2019-10-30,2019-09-30,31.59065314501718,3.7240648410864274,26.446609280531955,2.342254090970413,23.321141799120163
sz300308,2019-07-23,33.11,33.98,33.1,33.9,0.0213919999999999,2426822.0,81915044.02,7381888872.6,16117951823.4,0.011145,157.29122712983457,2019-10-30,2019-09-30,32.26643994022544,3.803729982308825,27.01235476378528,2.3923595566103346,23.820027664486936
sz300308,2019-07-24,34.11,35.54,33.7,35.1,0.035398,5217799.0,182500091.95,7643194673.4,16688498790.6,0.023962,162.85902198777646,2019-10-30,2019-09-30,33.40861480536617,3.938375291417102,27.96854431294582,2.4770448506496385,24.663209003754442
sz300308,2019-07-25,34.91,37.72,34.77,37.0,0.0541309999999999,7191848.0,263709576.36,8056928858.0,17591864822.0,0.033027,171.67474370699676,2019-10-30,2019-09-30,35.21705834183898,4.151563697505208,29.482511099116675,2.611129899545203,25.99825317033667
sz300308,2019-07-26,36.81,37.28,36.56,37.1,0.002703,3685417.0,136346255.67,8078704341.4,17639410402.6,0.016925,172.13878053923676,2019-10-30,2019-09-30,35.312239580600696,4.1627841399308965,29.562193561546717,2.6181870073818114,26.06852644865609
sz300308,2019-07-29,36.85,38.5,36.85,38.23,0.030458,3926949.0,149199055.57,8324767303.82,18176675463.38,0.018034,177.38178351690084,2019-10-30,2019-09-30,36.38778757860822,4.289575139341192,30.462605387006228,2.6979323259354895,26.86252162722926
sz300308,2019-07-30,38.58,42.05,37.23,40.9,0.06984,10001555.0,411533236.95,8906172710.6,19446142465.4,0.04593,189.7701272777212,2019-10-30,2019-09-30,38.92912665354633,4.589160952107108,32.59012713388843,2.886357105172941,28.73860013767495
sz300308,2019-07-31,41.03,43.0,40.3,41.56,0.016137,10228527.0,427983829.8,9049890901.04,19759943297.36,0.046973,192.83244782160182,2019-10-30,2019-09-30,39.55732282937373,4.66321587211666,33.11603138592673,2.932934016894558,29.202354928096618
sz300308,2019-08-01,40.9,42.38,40.67,41.43,-0.003128,5645937.0,232363997.31,9021582772.62,19698134042.58,0.0259279999999999,192.22926792481584,2019-10-30,2019-09-30,39.43358721898348,4.648629296963264,33.01244418476767,2.9237597767069667,29.11100996188153
sz300308,2019-08-02,37.9,39.58,37.8,39.26,-0.0523779999999999,11498117.0,447135135.74,8549054782.84,18666394943.56,0.0528029999999999,182.16068332944985,2019-10-30,2019-09-30,37.36815433785401,4.405145696325796,31.283334750035692,2.770620536652559,27.586233482098102
sz300308,2019-08-05,39.2,40.05,38.38,38.42,-0.021396,5286586.0,206842217.12,8366140722.28,18267012066.52,0.024278,178.26317334893298,2019-10-30,2019-09-30,36.56863193225551,4.310893979950002,30.614002065623318,2.711340830825046,26.995998430515133
sz300308,2019-08-06,37.64,39.35,37.1,38.85,0.011192,7332737.0,280876826.35,8459775300.9,18471458063.1,0.033674,180.25829478505426,2019-10-30,2019-09-30,36.977911258930924,4.359141882380467,30.956636654072504,2.7416863945224628,27.298137644949463
sz300308,2019-08-07,38.8,39.26,38.08,38.42,-0.011068,3909478.0,151146363.11,8366140722.28,18267012066.52,0.0179539999999999,178.2631959783733,2019-10-30,2019-09-30,36.56863193225551,4.310893979950002,30.614002065623318,2.711340830825046,26.996001857495166
sz300308,2019-08-08,38.51,39.55,37.82,38.57,0.003904,4602700.0,177480000.0,13308000000.000002,27530000000.0,0.01334,178.95913549547285,2019-10-30,2019-09-30,55.11215700898063,6.496897841631128,46.13800405876505,4.086230019490736,27.101394248746825
sz300308,2019-08-09,38.82,39.89,37.52,37.99,-0.015038,4540300.0,175250000.0,13108000000.000002,27116000000.000004,0.013159,176.26794801589193,2019-10-30,2019-09-30,54.28337266456661,6.39919658095422,45.44417428468846,4.024780719524547,26.69384348203417
sz300308,2019-08-12,38.28,40.45,37.66,40.4,0.063438,4959500.0,194660000.0,13940000000.0,28836000000.0,0.0143729999999999,187.45003410212408,2019-10-30,2019-09-30,57.726631293533075,6.805105200191616,48.32675209003084,4.2800773280797255,28.387247524847453
sz300308,2019-08-13,39.7,40.64,39.0,39.6,-0.019802,4950000.0,196420000.0,13663999999.999998,28265000000.0,0.014346,183.7381485268338,2019-10-30,2019-09-30,56.58354950449828,6.670352978340131,47.369803295350316,4.195324791169838,27.825123249360423
sz300308,2019-08-14,40.8,41.5,39.8,40.21,0.015404,5210000.0,211450000.0,13874000000.0,28701000000.0,0.0151,186.56845096674115,2019-10-30,2019-09-30,57.456375529050234,6.773246093449146,48.100503250658036,4.26003951287336,28.253741447893567
sz300308,2019-08-15,38.8,40.6,38.53,40.49,0.006963,4197200.0,166520000.0,13971000000.0,28900000000.0,0.012164,187.8675270908226,2019-10-30,2019-09-30,57.85475254484345,6.820208776721379,48.43401079906683,4.289576736770151,28.450472249595254
sz300308,2019-08-16,40.05,40.4,39.36,39.65,-0.020746,6980300.0,276860000.0,13681000000.0,28301000000.0,0.02023,183.97002737379637,2019-10-30,2019-09-30,56.65561770836036,6.678848740138123,47.430136319183056,4.200668208558202,27.86023875230515
sz300308,2019-08-19,39.79,42.3,39.32,41.92,0.0572509999999999,7776900.0,320410000.0,14463999999.999996,29921000000.0,0.022539,194.50249541097355,2019-10-30,2019-09-30,59.89868688215435,7.061158021047764,50.1451223916567,4.441121991034591,29.45526528111337
sz300308,2019-08-20,41.93,42.63,41.2,41.99,0.0016699999999999,4401300.0,185310000.0,14488000000.0,29971000000.0,0.012756,194.82731457830988,2019-10-30,2019-09-30,59.99878160974059,7.072957690211643,50.22891825809108,4.448543404073987,29.504455574132827
sz300308,2019-08-21,42.27,42.27,41.32,41.48,-0.0121459999999999,3401700.0,142000000.0,14312000000.0,29607000000.0,0.009859,192.46094201544173,2019-10-30,2019-09-30,59.2700919929128,6.987056098698612,49.618884350448845,4.394515517147192,29.14609445672941
sz300308,2019-08-22,41.43,41.59,40.15,40.97,-0.012295,3861300.0,157640000.0,14136000000.000004,29243000000.0,0.011191,190.0946347333619,2019-10-30,2019-09-30,58.54140237608501,6.901154507185581,49.00885044280662,4.340487630220399,28.787743225383927
sz300308,2019-08-23,40.6,41.09,39.98,40.29,-0.0165979999999999,3217800.0,130330000.0,13902000000.000002,28758000000.0,0.009326,186.9394439860576,2019-10-30,2019-09-30,57.57048351849854,6.786697716295966,48.19603053839321,4.268499923738269,28.309924263329005
sz300308,2019-08-26,38.0,39.95,37.57,38.93,-0.033755,5955200.0,232450000.0,13433000000.000002,27787000000.0,0.017259,180.62930305430822,2019-10-30,2019-09-30,55.62664390877387,6.557548141133459,46.56871481223772,4.1243760825132245,27.35432276982034
sz300308,2019-08-27,39.5,40.6,39.21,39.66,0.018752,4799800.0,191660000.0,13684000000.0,28308000000.0,0.013911,184.01646374518262,2019-10-30,2019-09-30,56.669630970222435,6.680500693821066,47.44186774048387,4.201707206383717,27.86727103040001
sz300308,2019-08-28,40.18,40.29,39.23,40.08,0.01059,3953100.0,158070000.0,13829000000.0,28608000000.0,0.011457,185.9651980962441,2019-10-30,2019-09-30,57.27019933573984,6.751298708804333,47.9446429390901,4.2462356846200855,28.16238543061195
sz300308,2019-08-29,39.98,41.19,39.33,40.74,0.016467,3317700.0,134310000.0,14057000000.0,29079000000.000008,0.009615,189.02748701329497,2019-10-30,2019-09-30,58.21309166960218,6.862451592328064,48.73400000090189,4.316145395451184,28.626135431497836
sz300308,2019-08-30,40.97,41.4,39.25,39.55,-0.02921,3787300.0,151690000.0,13646000000.0,28229000000.000008,0.0109769999999999,183.50599411763665,2019-10-30,2019-09-30,56.5114813006362,6.661857216542141,47.30947027151757,4.189981373781474,27.789966015543786
sz300308,2019-09-02,39.78,41.19,39.01,40.3,0.018963,4525300.0,180970000.0,13905000000.000002,28765000000.0,0.013115,186.98581828408942,2019-10-30,2019-09-30,57.58449678036062,6.788349669978909,48.207761959694025,4.269538921563784,28.316947141096545
sz300308,2019-09-03,40.49,42.44,40.49,41.55,0.031017,8517900.0,354240000.0,14337000000.0,29657000000.0,0.024686,192.78555740980704,2019-10-30,2019-09-30,59.370186720499035,6.998855767862489,49.702680216883216,4.4019369301865865,29.19525389057194
sz300308,2019-09-04,41.21,42.2,40.8,41.5,-0.0012029999999999,5421800.0,224570000.0,14319000000.0,29621000000.0,0.015714,192.55363638424302,2019-10-30,2019-09-30,59.29811851663695,6.990360006064498,49.64234719305047,4.396593512798223,29.160132000141584
sz300308,2019-09-05,42.74,45.65,42.4,45.65,0.1,18071700.0,805380000.0,15751000000.0,32583000000.0,0.052376,211.80900002266736,2019-10-30,2019-09-30,65.22773017884548,7.68937240733262,54.60641432062265,4.836238021251966,32.07614520015574
sz300308,2019-09-06,46.0,49.9,45.79,48.11,0.053888,17442100.0,831730000.0,16600000000.0,34339000000.0,0.050551,223.22296341588884,2019-10-30,2019-09-30,68.74305701167401,8.103776788368009,57.54932514979778,5.096878047195509,33.804664512701734
sz300308,2019-09-09,47.93,48.78,47.33,48.0,-0.002286,14812000.0,708600000.0,16562000000.0,34261000000.0,0.0429279999999999,222.71267572152013,2019-10-30,2019-09-30,68.5869092366395,8.08536930447236,57.41860359816016,5.085300642854054,33.727387049625705
sz300308,2019-09-10,47.55,48.18,45.18,46.27,-0.036042,14270100.0,660100000.0,15965000000.0,33026000000.0,0.041358,214.6856654631651,2019-10-30,2019-09-30,66.1145694652595,7.793917476124577,55.348845697231184,4.9019917407810025,32.51178456558309
sz300308,2019-09-11,46.4,46.4,44.8,45.62,-0.014048,9195800.0,417870000.0,15769999999.999996,32562000000.0,0.0266019999999999,211.66976123473856,2019-10-30,2019-09-30,65.18569039325926,7.684416546283791,54.57122005672022,4.83312102777542,32.05505901600578
sz300308,2019-09-12,45.8,46.08,44.55,45.4,-0.004822,6994300.0,317580000.0,15694000000.0,32405000000.0,0.020233,210.64908964606462,2019-10-30,2019-09-30,64.87139294863847,7.647365585109215,54.308101036116284,4.809817790831721,31.900489521430597
sz300308,2019-09-16,45.44,46.34,45.09,45.54,0.003084,7288800.0,332830000.0,15743000000.0,32505000000.0,0.021084,211.29873143853308,2019-10-30,2019-09-30,65.07158240381094,7.670964923436971,54.47569276898503,4.82466061691051,31.99887063111469
sz300308,2019-09-17,45.11,45.56,43.85,44.23,-0.028766,6795300.0,302280000.0,15290000000.0,31570000000.0,0.019657,205.22051212997226,2019-10-30,2019-09-30,63.199810997948354,7.450311110072455,52.90871006666227,4.685880193073828,31.078391118540047
sz300308,2019-09-18,44.31,44.57,42.86,43.88,-0.007913,6947700.0,302810000.0,15169000000.0,31320000000.0,0.0200979999999999,203.5966022174878,2019-10-30,2019-09-30,62.699337360017196,7.391312764253067,52.48973073449042,4.648773127876856,30.83246780961904
sz300308,2019-09-19,44.29,45.53,44.15,44.72,0.019143,6716900.0,300710000.0,15459000000.0,31920000000.0,0.019431,207.49405197373716,2019-10-30,2019-09-30,63.900474091052004,7.5329087942196,53.49528113170288,4.737830084349592,31.422693740898573
sz300308,2019-09-20,45.3,45.48,44.14,44.86,0.0031309999999999,5762800.0,258680000.0,15507000000.0,32020000000.0,0.016671,208.14371585046695,2019-10-30,2019-09-30,64.10066354622447,7.556508132547355,53.662872864571625,4.752672910428381,31.52107819500133
sz300308,2019-09-23,44.95,45.71,43.57,45.14,0.006242,6990100.0,313980000.0,15604000000.0,32219000000.0,0.020221,209.44294892480556,2019-10-30,2019-09-30,64.49904056201768,7.603470815819589,53.99638041298042,4.782210134325172,31.71783276509453
sz300308,2019-09-24,44.77,46.6,44.71,46.11,0.0214889999999999,11074400.0,509530000.0,15940000000.0,32912000000.0,0.032035,213.94366845425068,2019-10-30,2019-09-30,65.88635348636289,7.767014230430934,55.15779112176081,4.885070919051183,32.39941727338364
sz300308,2019-09-25,45.78,46.48,42.92,43.0,-0.067447,11487300.0,505240000.0,14865000000.0,30692000000.0,0.033229,199.51380984801685,2019-10-30,2019-09-30,61.44214758153409,7.2431089195547615,51.437254652074714,4.555560180102058,30.21417377654574
sz300308,2019-09-26,42.9,43.29,40.91,40.91,-0.048605,8364600.0,348880000.0,14141999999.999996,29200000000.0,0.024197,189.81644112035397,2019-10-30,2019-09-30,58.45532091036086,6.891006791704647,48.93678599767306,4.334105215006519,28.74561386013673
sz300308,2019-09-27,41.41,41.92,40.75,41.16,0.006111,4495700.0,185550000.0,14228000000.0,29379000000.000008,0.013006,190.97640939204044,2019-10-30,2019-09-30,58.81366003511959,6.933249607311331,49.23677519950812,4.360673873687554,28.921278306436022
sz300308,2019-09-30,41.0,41.44,39.88,40.64,-0.012634,3344900.0,136260000.0,14244999999.999996,29008000000.0,0.009543,188.5636134357814,2019-10-30,2019-09-30,58.070957156429714,6.845696062115355,48.615009870565075,4.305606988935243,28.55588687631251
sz300308,2019-10-08,40.42,41.87,39.71,40.3,-0.008366,4553700.0,184400000.0,14126000000.0,28765000000.0,0.0129909999999999,186.98609024577766,2019-10-30,2019-09-30,57.58449678036062,6.788349669978909,48.207761959694025,4.269538921563784,28.31698832670528
sz300308,2019-10-09,39.9,40.8,39.39,40.66,0.008933,3399900.0,136880000.0,14252000000.000004,29022000000.000008,0.0097,188.65643698994322,2019-10-30,2019-09-30,58.09898368015387,6.848999969481243,48.638472713166706,4.307684984586275,28.569943983427745
sz300308,2019-10-10,40.81,41.57,40.61,41.41,0.018446,4383400.0,180370000.0,14515000000.0,29557000000.0,0.012505,192.13639362665972,2019-10-30,2019-09-30,59.16999726532658,6.975256429534735,49.53508848401448,4.387094104107797,29.096945170146054
sz300308,2019-10-11,41.36,41.8,40.42,40.79,-0.014972,3351900.0,137310000.0,14297000000.0,29115000000.0,0.009563,189.2597275412814,2019-10-30,2019-09-30,58.285159873464266,6.870947354126055,48.794333024734634,4.321488812839548,28.66130570705863
sz300308,2019-10-14,41.3,42.78,41.12,42.65,0.045599,6093900.0,256170000.0,14949000000.0,30442000000.0,0.017386,197.88978185743628,2019-10-30,2019-09-30,60.94167394360292,7.184110573735372,51.018275319902855,4.518453114905085,29.968232585994794
sz300308,2019-10-15,42.05,43.28,40.7,40.8,-0.043376,6166600.0,257580000.0,14301000000.0,29122000000.000008,0.017593,189.30611467958812,2019-10-30,2019-09-30,58.29917313532634,6.872599307808999,48.80606444603545,4.322527810665064,28.668330529344686
sz300308,2019-10-16,40.8,41.4,40.2,40.5,-0.007353,3109200.0,126790000.0,14196000000.0,28908000000.0,0.00887,187.91414681834908,2019-10-30,2019-09-30,57.87076770125724,6.8220967237876,48.44741813769633,4.290764162856454,28.45753229496241
sz300308,2019-10-17,40.55,41.11,40.06,40.15,-0.008642,2324300.0,94000000.0,14072999999.999998,28658000000.0,0.006631,186.29019276154492,2019-10-30,2019-09-30,57.37029406332608,6.763098377968211,48.02843880552447,4.25365709765948,28.211602300869345
sz300308,2019-10-18,40.16,41.27,40.0,40.25,0.002491,4063100.0,164960000.0,14108000000.000004,28729000000.000008,0.011592,186.7542416317139,2019-10-30,2019-09-30,57.512428576498536,6.779853908180918,48.14742893586129,4.264195504175421,28.28187740220081
sz300308,2019-10-21,40.12,40.75,39.0,40.7,0.0111799999999999,3312500.0,132800000.0,14266000000.0,29050000000.0,0.00945,188.84215405315646,2019-10-30,2019-09-30,58.15503672760215,6.855607784213012,48.68539839836995,4.311840975888335,28.598068791557413
sz300308,2019-10-22,40.82,41.78,40.7,41.29,0.014496,3384100.0,139620000.0,14472999999.999996,29471000000.0,0.009654,191.57960991831104,2019-10-30,2019-09-30,58.99783433387824,6.954960998572863,49.39095959374735,4.374329273680038,29.01262639675983
sz300308,2019-10-23,41.48,41.83,40.5,40.5,-0.019133,2855300.0,117390000.0,14196000000.0,28908000000.0,0.0081459999999999,187.91411724174398,2019-10-30,2019-09-30,57.87076770125724,6.8220967237876,48.44741813769633,4.290764162856454,28.457527815910623
sz300308,2019-10-24,40.47,40.79,39.4,40.0,-0.012346,3735500.0,149830000.0,14019999999.999998,28551000000.0,0.0106579999999999,185.59412955027742,2019-10-30,2019-09-30,57.15609134629153,6.737847085957513,47.849115651354914,4.237775273755176,28.106191177495393
sz300308,2019-10-25,40.09,40.58,39.6,40.33,0.00825,2685800.0,107830000.0,14136000000.000004,28786000000.0,0.007663,187.1252811190672,2019-10-30,2019-09-30,57.626536565946836,6.793305531027738,48.242956223596465,4.272655915040331,28.33806725470973
sz300308,2019-10-28,40.7,41.75,40.62,41.45,0.0277709999999999,3643100.0,150100000.0,14529000000.0,29586000000.0,0.010393,192.32193730102483,2019-10-30,2019-09-30,59.22805220732659,6.982100237649783,49.583690086546405,4.391398523670646,29.125043720440274
sz300308,2019-10-29,41.12,41.96,41.0,41.2,-0.006031,4231800.0,175470000.0,14441000000.0,29407000000.0,0.012073,191.16204369716235,2019-10-30,2019-09-30,58.86971308256786,6.939857422043101,49.28370088471136,4.364829864989614,28.9493905817623
sz300308,2019-10-30,41.4,42.53,41.0,42.0,0.019417,5094300.0,213710000.0,14721000000.0,29978000000.0,0.014534,194.87383709963015,2019-10-30,2019-09-30,60.01279487160266,7.0746096438945845,50.24064967939188,4.449582401899501,29.51150089868838
sz300308,2019-10-31,42.3,44.28,42.0,43.9,0.045238,9256000.0,402820000.0,15387000000.0,31334000000.0,0.0264079999999999,203.6895397423432,2020-04-24,2020-03-31,55.19959147330224,6.016373752229857,84.85850510475608,4.415800584570552,30.846542176343238
sz300308,2019-11-01,43.43,44.8,42.88,43.41,-0.011162,5957700.0,260270000.0,15216000000.0,30985000000.000008,0.0169969999999999,201.41595709973916,2020-04-24,2020-03-31,54.58477506224135,5.949363015026559,83.91334590766795,4.366617128771257,30.502233072570895
sz300308,2019-11-04,43.76,44.74,43.36,43.7,0.0066799999999999,4873000.0,214630000.0,15316999999.999996,31192000000.0,0.013903,202.7614156931654,2020-04-24,2020-03-31,54.94943694501958,5.989108638525362,84.47394176382048,4.395788977912958,30.705987989495664
sz300308,2019-11-05,43.97,44.44,43.0,43.5,-0.004577,4998900.0,218890000.0,15247000000.0,31049000000.0,0.014262,201.83337669353776,2020-04-24,2020-03-31,54.6975207651293,5.961651516977878,84.08667023034312,4.375636444447918,30.56544668246774
sz300308,2019-11-06,43.55,43.8,42.55,42.64,-0.01977,4688900.0,201890000.0,14946000000.0,30435000000.000008,0.013377,197.84313083630653,2020-04-24,2020-03-31,53.61586667804794,5.843758701382388,82.42384000967803,4.289107384674946,29.961167801555355
sz300308,2019-11-07,43.05,43.47,42.0,43.35,0.016651,3928000.0,169670000.0,15194999999.999996,30942000000.0,0.011206,201.13741680786188,2020-04-24,2020-03-31,54.50902404311349,5.941106677778013,83.79689362837054,4.360557276050999,30.460051206619056
sz300308,2019-11-08,44.1,45.29,43.0,44.57,0.028143,9222300.0,412320000.0,15622000000.0,31813000000.0,0.026311,206.79802712908554,2020-04-24,2020-03-31,56.04342259335432,6.10834550902178,86.1557293322782,4.483304525338066,31.317288427726936
sz300308,2019-11-11,44.03,45.74,43.6,44.12,-0.0100959999999999,8581100.0,383940000.0,15463999999.999996,31491000000.000008,0.024483,204.71019424719032,2020-04-24,2020-03-31,55.47617077569927,6.046518983579194,85.28369133381865,4.437926093339863,31.001109083760607
sz300308,2019-11-12,43.63,44.58,42.23,42.8,-0.029918,7480300.0,321080000.0,15002000000.000004,30549000000.0,0.021341,198.5856746557029,2020-04-24,2020-03-31,53.81669496131711,5.865647595483178,82.7325739594432,4.305173040723998,30.07361790219266
sz300308,2019-11-13,42.46,42.8,41.78,42.23,-0.013318,5309700.0,224080000.0,14802000000.000004,30142000000.0,0.015149,195.9409106406382,2020-04-24,2020-03-31,53.09970275701398,5.787500403386493,81.63033959493066,4.247815830092729,29.673097458971256
sz300308,2019-11-14,42.19,42.65,41.6,42.21,-0.000474,4289300.0,180790000.0,14794999999.999996,30128000000.0,0.012237,195.84803464899454,2020-04-24,2020-03-31,53.07503963450724,5.784812293584641,81.59242489934546,4.245842854788458,29.6590324107757
sz300308,2019-11-15,42.07,42.37,41.15,41.2,-0.023928,4178000.0,174000000.0,14441000000.0,29407000000.0,0.01192,191.16178287591342,2020-04-24,2020-03-31,51.80488882541007,5.6463746387892835,79.63981807670778,4.144234626618568,28.949351083250665
sz300308,2019-11-18,41.58,42.2,41.03,41.88,0.016505,4325900.0,179940000.0,14679000000.0,29893000000.0,0.012342,194.31690810228037,2020-04-24,2020-03-31,52.66105150671552,5.739690450482132,80.95599965202251,4.212725055038217,29.427160122879716
sz300308,2019-11-19,41.99,44.98,41.88,44.87,0.071394,10226300.0,451730000.0,15718000000.0,32027000000.0,0.029193,208.18996943933456,2020-04-24,2020-03-31,56.420416037385934,6.149435187421511,86.73528253622335,4.513462862131902,31.528082792692587
sz300308,2019-11-20,44.64,45.01,43.8,43.97,-0.020058,6890700.0,305750000.0,15402000000.000004,31384000000.0,0.019672,204.01409503232037,2020-04-24,2020-03-31,55.28767405368346,6.025974144379327,84.99391473184606,4.422846924942943,30.89569250803676
sz300308,2019-11-21,44.23,44.25,42.7,42.98,-0.022515,6289500.0,272870000.0,15056000000.0,30678000000.0,0.0179539999999999,199.4207176826677,2020-04-24,2020-03-31,54.04394801870065,5.89041660722881,83.08193079733537,4.323352598884769,30.200075991218316
sz300308,2019-11-22,42.92,45.49,42.92,43.9,0.021405,10863900.0,481150000.0,15378000000.0,31334000000.0,0.031013,203.6893181446652,2020-04-24,2020-03-31,55.19959147330224,6.016373752229857,84.85850510475608,4.415800584570552,30.846508617810343
sz300308,2019-11-25,43.6,43.68,41.38,42.38,-0.034624,8925600.0,375840000.0,14844999999.999996,30249000000.0,0.025481,196.6367791932243,2020-04-24,2020-03-31,53.28819947902979,5.808045242586358,81.92011619690324,4.262894998489648,29.778479103427276
sz300308,2019-11-26,42.38,42.8,41.89,42.8,0.0099099999999999,5605100.0,238160000.0,14991999999.999996,30549000000.0,0.016002,198.58544967502917,2020-04-24,2020-03-31,53.81669496131711,5.865647595483178,82.7325739594432,4.305173040723998,30.073583831342237
sz300308,2019-11-27,42.38,43.46,41.98,43.33,0.012383,3794500.0,163010000.0,15178000000.0,30928000000.0,0.010832,201.04453329835505,2020-04-24,2020-03-31,54.48436092060674,5.938418567976161,83.75897893278533,4.358584300746729,30.44598501992575
sz300308,2019-11-28,43.0,44.19,42.92,43.2,-0.003,3485600.0,151920000.0,15133000000.000004,30835000000.000008,0.00995,200.44139969845997,2020-04-24,2020-03-31,54.32052732109769,5.920561838578148,83.50711702639796,4.345478107654081,30.354647064865972
sz300308,2019-11-29,43.18,44.0,42.83,44.0,0.018519,4752400.0,206540000.0,15413000000.0,31406000000.0,0.013567,204.15337397947576,2020-04-24,2020-03-31,55.3264303890512,6.030198316925094,85.05349496776566,4.425947314706796,30.916784773860222
sz300308,2019-12-02,44.12,44.95,43.81,44.4,0.009091,5191900.0,230470000.0,15553000000.0,31691000000.000008,0.014822,206.00933230232314,2020-04-24,2020-03-31,55.828501097224155,6.084920552177075,85.82532984217863,4.466111454829431,31.197849264239384
sz300308,2019-12-03,44.38,44.93,43.9,44.69,0.006532,5035600.0,224230000.0,15655000000.000004,31898000000.0,0.014375,207.3549852609219,2020-04-24,2020-03-31,56.19316298000239,6.124666175675879,86.38592569833118,4.495283303971132,31.401633615633394
sz300308,2019-12-04,44.24,44.63,43.57,43.8,-0.019915,4798500.0,210690000.0,15343000000.0,31263000000.0,0.0136979999999999,203.22551072945063,2020-04-24,2020-03-31,55.07451420916092,6.00274119537761,84.6662234342883,4.405794781241755,30.776270082178055
sz300308,2019-12-05,44.0,45.6,43.83,45.36,0.035616,10826600.0,487650000.0,15888999999.999996,32376000000.0,0.0309079999999999,210.46359051959075,2020-04-24,2020-03-31,57.03523244844684,6.216445924624812,87.6804417333115,4.562646317931198,31.87239771742491
sz300308,2019-12-06,45.07,45.35,44.63,45.18,-0.003968,6326500.0,284440000.0,15826000000.0,32248000000.0,0.018061,209.62847099240904,2020-04-24,2020-03-31,56.80974104267092,6.191868920722169,87.33379308796113,4.5446076865778755,31.745928043282166
sz300308,2019-12-09,45.77,45.91,44.65,45.01,-0.003763,4831400.0,217500000.0,15766999999.999996,32127000000.0,0.0137919999999999,208.8396390560646,2020-04-24,2020-03-31,56.59658119814837,6.168635971720452,87.00610179040333,4.527555542876687,31.6264681160553
sz300308,2019-12-10,44.65,45.5,44.11,45.28,0.005999,5798300.0,261240000.0,15861000000.000004,32319000000.0,0.016553,210.09246805076197,2020-04-24,2020-03-31,56.934818306812254,6.205501477574416,87.52607475842892,4.554613489906672,31.816195298283517
sz300308,2019-12-11,45.0,45.65,43.97,44.31,-0.021422,5500700.0,244940000.0,15521000000.0,31627000000.0,0.015704,205.5918672001785,2020-04-24,2020-03-31,55.715755394336185,6.072632050225752,85.65200551950343,4.457092139152768,31.134628762603686
sz300308,2019-12-12,44.5,48.39,44.5,47.24,0.066125,17650400.0,825200000.0,16547999999.999996,33718000000.0,0.050387,219.18662941879032,2020-04-24,2020-03-31,59.39936890587876,6.474120449916587,91.31483612440688,4.751770093526197,33.19340608953085
sz300308,2019-12-13,48.0,49.45,47.25,48.6,0.028789,15071200.0,731300000.0,17024000000.0,34689000000.0,0.043025,225.49679329312784,2020-04-24,2020-03-31,61.10993261688202,6.660560065459294,93.94449108249452,4.888610023558048,34.14901105744235
sz300308,2019-12-16,49.0,50.89,48.65,49.75,0.023663,11960700.0,592990000.0,17427000000.0,35510000000.0,0.034145,230.83272391282316,2020-04-24,2020-03-31,62.556248586741646,6.8181985045535916,96.16791715931218,5.004310932472722,34.95707910609461
sz300308,2019-12-17,49.3,52.13,49.3,50.66,0.0182909999999999,11002000.0,558130000.0,17746000000.0,36159000000.0,0.031408,235.05488526591253,2020-04-24,2020-03-31,63.69956048008986,6.942811594653712,97.92553411894028,5.0957724305063685,35.59647904002418
sz300308,2019-12-18,50.1,50.78,49.28,49.8,-0.0169759999999999,7603100.0,379230000.0,17445000000.0,35546000000.0,0.0217039999999999,231.06459353363843,2020-04-24,2020-03-31,62.61966804461612,6.8251107869012095,96.26541209081697,5.009384297540844,34.992193211840736
sz300308,2019-12-19,49.71,50.31,48.52,49.83,0.000602,6103800.0,302990000.0,17455000000.0,35567000000.0,0.017425,231.20369441894567,2020-04-24,2020-03-31,62.656662728376226,6.829142951603987,96.32228413419477,5.012343760497249,35.01325851215426
sz300308,2019-12-20,50.0,50.57,49.18,49.83,0.0,5355500.0,267280000.0,17455000000.0,35567000000.0,0.0152889999999999,231.20369441894567,2020-04-24,2020-03-31,62.656662728376226,6.829142951603987,96.32228413419477,5.012343760497249,35.01325851215426
sz300308,2019-12-23,49.15,50.25,48.55,49.35,-0.009633,7685100.0,378430000.0,17287000000.0,35224000000.0,0.021939,228.97650923060797,2020-04-24,2020-03-31,62.052416226961064,6.763284261458622,95.39337409235742,4.96400586554264,34.675975792906684
sz300308,2019-12-24,49.6,51.95,49.18,50.88,0.0310029999999999,7403500.0,373870000.0,17823000000.0,36316000000.0,0.021135,236.0754679462845,2020-04-24,2020-03-31,63.97613978248688,6.972956826003047,98.35072034800285,5.11789793927568,35.75103507041417
sz300308,2019-12-25,50.57,52.23,49.92,51.46,0.011399,6306000.0,322740000.0,18026000000.0,36730000000.0,0.018002,238.76649220540418,2020-04-24,2020-03-31,64.70546354804338,7.05244807300066,99.47191206030799,5.176241637559085,36.15856111918181
sz300308,2019-12-26,51.18,51.78,50.66,51.5,0.0007769999999999,3648700.0,186490000.0,18040000000.0,36759000000.0,0.010416,238.95201376984772,2020-04-24,2020-03-31,64.7565514446645,7.058016300447352,99.55044964402018,5.180328514975072,36.186656321171405
sz300308,2019-12-27,52.18,53.36,49.3,49.58,-0.037282,8608400.0,438410000.0,17367000000.0,35389000000.0,0.024576,230.04340479248026,2020-04-24,2020-03-31,62.34308874221909,6.794965555551873,95.84022586175439,4.987258788771534,34.83754540020549
sz300308,2019-12-30,49.21,52.37,48.5,52.2,0.052844,7253700.0,369860000.0,18285000000.0,37259000000.0,0.020708,242.19981847533404,2020-04-24,2020-03-31,65.63737724847667,7.1540202219420514,100.90454591492009,5.250791918698991,36.67850064933395
sz300308,2019-12-31,52.0,53.12,51.4,52.15,-0.000958,4654300.0,243240000.0,18268000000.0,37223000000.0,0.013287,241.96779104923468,2020-04-24,2020-03-31,65.57395779060221,7.1471079395944335,100.80705098341532,5.245718553630868,36.64336264571189
sz300308,2020-01-02,52.21,53.78,51.66,53.45,0.024928,5195800.0,275300000.0,18723000000.0,38151000000.0,0.014833,247.99956414451003,2020-04-24,2020-03-31,67.20877048247762,7.325291217888596,103.32025366220554,5.376498630942462,37.5568083897442
sz300308,2020-01-03,53.3,53.8,52.35,52.88,-0.010664,4093500.0,216750000.0,18523000000.0,37744000000.0,0.011686,245.35489679247297,2020-04-24,2020-03-31,66.4917782781745,7.24714402579191,102.21801929769302,5.319141420311191,37.15630258507597
sz300308,2020-01-06,52.28,53.0,51.53,52.03,-0.016074,6338400.0,330420000.0,18226000000.0,37137000000.0,0.018094,241.41106218143076,2020-04-24,2020-03-31,65.42245575234651,7.130595265097345,100.57414642482051,5.233598848190355,36.55905217732345
sz300308,2020-01-07,52.32,52.89,51.66,52.42,0.0074959999999999,4057800.0,212050000.0,18362000000.0,37416000000.0,0.011584,243.22067950354273,2020-04-24,2020-03-31,65.9139565508737,7.184165453291388,101.32973214398267,5.272917427468302,36.83309883244467
sz300308,2020-01-08,51.84,52.0,50.53,51.08,-0.025563,6025000.0,308580000.0,17893000000.0,36459000000.0,0.0172,237.00322927339369,2020-04-24,2020-03-31,64.22805596237718,7.000413947550532,98.73799188148024,5.138050472740721,35.891534326990886
sz300308,2020-01-09,51.96,53.19,51.31,52.73,0.032302,6594700.0,346500000.0,18471000000.0,37637000000.0,0.018826,244.65890758538285,2020-04-24,2020-03-31,66.3032815561587,7.226599186592044,101.92824269572043,5.3040622519142735,37.050902668821344
sz300308,2020-01-10,52.7,53.44,51.48,52.05,-0.012896,4024200.0,209990000.0,18233000000.0,37152000000.0,0.011488,241.50378631316175,2020-04-24,2020-03-31,65.44888052646087,7.133475382742186,100.61476931294752,5.2357127503020715,36.57309422800422
sz300308,2020-01-13,52.29,53.4,51.61,53.4,0.025937,5103000.0,269850000.0,18706000000.0,38115000000.0,0.014568,247.76767001876624,2020-04-24,2020-03-31,67.14535102460314,7.318378935540978,103.22275873070075,5.37142526587434,37.52169057299597
sz300308,2020-01-14,53.95,54.65,51.76,51.91,-0.0279029999999999,5052800.0,266080000.0,18184000000.0,37052000000.0,0.014424,240.85420872223264,2020-04-24,2020-03-31,65.27271536569843,7.114274598443246,100.34395005876753,5.221620069557288,36.474722840937666
sz300308,2020-01-15,52.0,52.88,51.55,52.5,0.011366,4102200.0,214020000.0,18390000000.0,37473000000.0,0.011711,243.59175765856952,2020-04-24,2020-03-31,66.0143706925083,7.195109900341783,101.48409911886525,5.2809502554928285,36.88929454074777
sz300308,2020-01-16,52.68,53.3,52.12,52.88,0.007238,3576700.0,188750000.0,18523000000.0,37744000000.0,0.010211,245.35487480050227,2020-04-24,2020-03-31,66.4917782781745,7.24714402579191,102.21801929769302,5.319141420311191,37.1562992546337
sz300308,2020-01-17,53.07,54.19,52.02,53.0,0.002269,5082200.0,269970000.0,18565000000.0,37830000000.0,0.014509,245.91158501142468,2020-04-24,2020-03-31,66.6432803164302,7.263656700288999,102.45092385628782,5.3312611257517055,37.24060689764247
sz300308,2020-01-20,53.38,56.63,52.9,56.32,0.0626419999999999,9478500.0,518890000.0,19745000000.0,40165000000.0,0.027036,261.3159785197103,2020-04-24,2020-03-31,70.75673682023313,7.711995013669249,108.77455344139042,5.660325221142408,39.57343299492459
sz300308,2020-01-21,55.6,56.5,55.32,55.42,-0.01598,6130100.0,342330000.0,19430000000.0,39524000000.0,0.017485,257.14014918296533,2020-04-24,2020-03-31,69.62751813974589,7.588917986313042,107.03860202209674,5.569991137568343,38.9410495356657
sz300308,2020-01-22,55.27,57.26,53.4,56.22,0.014435,5949900.0,333370000.0,19710000000.0,40094000000.0,0.016971,260.85196723642144,2020-04-24,2020-03-31,70.63165955609179,7.698362456817,108.58227177092263,5.650319417813611,39.50316358571303
sz300308,2020-01-23,55.45,55.88,52.42,53.46,-0.049093,9828800.0,529430000.0,18742000000.0,38126000000.0,0.028036,248.0459616088838,2020-04-24,2020-03-31,67.16472919228701,7.3204910218138615,103.25254884866055,5.372975460756265,37.56383477579962
sz300308,2020-02-03,48.11,49.25,48.11,48.11,-0.100075,9977700.0,481520000.0,16866999999.999996,34310000000.000008,0.02846,223.22276200087475,2020-04-24,2020-03-31,60.442266657592405,6.587789092966314,92.91808610915241,4.835198763535319,33.80463401061147
sz300308,2020-02-04,48.3,52.92,48.3,52.92,0.099979,9142500.0,472880000.0,18553000000.0,37741000000.0,0.0260779999999999,245.54035052296024,2020-04-24,2020-03-31,66.48649332335162,7.246568002262942,102.20989472006762,5.318718639888848,37.1843875143584
sz300308,2020-02-05,52.92,55.48,52.9,54.8,0.035525,8386000.0,457250000.0,19212000000.0,39081000000.0,0.02392,254.26317147528837,2020-04-24,2020-03-31,68.84710647756829,7.503858511868738,105.8388727260794,5.507560561868951,38.50536288080598
sz300308,2020-02-06,54.91,60.28,54.31,59.85,0.092153,9792200.0,571600000.0,20983000000.0,42683000000.0,0.02793,277.6942855162506,2020-04-24,2020-03-31,75.19257556823129,8.195470762316557,115.59378226164242,6.015178922296062,42.05374758636089
sz300308,2020-02-07,61.1,64.3,60.71,62.61,0.0461149999999999,9276400.0,578440000.0,21950000000.0,44651000000.0,0.02646,290.5001574928325,2020-04-24,2020-03-31,78.65950593203608,8.573342197319697,120.92350518390451,6.292522879353408,43.99305615630592
sz300308,2020-02-10,62.92,66.66,62.38,63.17,0.008944,9108000.0,582280000.0,22147000000.0,45051000000.0,0.025979,293.0983909014484,2020-04-24,2020-03-31,79.36416657508582,8.650145334515456,122.00678220062443,6.348893602332542,44.38653005056792
sz300308,2020-02-11,63.94,64.33,62.32,63.16,-0.000158,6253700.0,395290000.0,22143000000.0,45044000000.0,0.017838,293.05208135568597,2020-04-24,2020-03-31,79.35183501383246,8.64880127961453,121.98782485283184,6.3479071146804085,44.37951697881993
sz300308,2020-02-12,62.75,65.68,62.55,64.41,0.019791,10067700.0,645390000.0,22581000000.0,45935000000.0,0.028717,298.8518750977963,2020-04-24,2020-03-31,80.92146659622577,8.819880267718085,124.40082440757547,6.473472900116431,45.25783199934775
sz300308,2020-02-13,63.98,64.65,62.02,63.03,-0.021425,7080300.0,447750000.0,22098000000.0,44951000000.0,0.0201949999999999,292.448973673826,2020-04-24,2020-03-31,79.18800141432338,8.630944550216515,121.73596294644445,6.334800921587759,44.28818294876173
sz300308,2020-02-14,63.92,64.38,62.0,62.94,-0.001428,6134400.0,388820000.0,22066000000.0,44887000000.0,0.017497,292.0313565394198,2020-04-24,2020-03-31,79.07525571143543,8.618656048265194,121.56263862376923,6.325781605911097,44.2249394235109
sz300308,2020-02-17,64.6,66.88,63.95,66.15,0.051001,9778100.0,640870000.0,23191000000.0,47176000000.0,0.027891,306.9252477542868,2020-04-24,2020-03-31,83.10767624128763,9.05816200086793,127.76169135194908,6.648363068159198,46.480455559049375
sz300308,2020-02-18,66.99,70.7,66.2,67.89,0.026304,10693600.0,729820000.0,23801000000.0,48417000000.0,0.0305019999999999,314.99860947121556,2020-04-24,2020-03-31,85.29388588634949,9.296443734017776,131.12255829632267,6.823253236201966,47.70307746207462
sz300308,2020-02-19,66.96,67.88,65.66,65.95,-0.028576,6126500.0,408490000.0,23121000000.0,47033000000.0,0.017475,305.9972092069661,2020-04-24,2020-03-31,82.85576006139735,9.030704879320448,127.37441981847171,6.628210534694158,46.33991432051837
sz300308,2020-02-20,65.95,67.78,65.7,67.4,0.021986,6638800.0,444750000.0,23630000000.0,48067000000.0,0.018936,312.7248638485905,2020-04-24,2020-03-31,84.67730782368095,9.229240988971487,130.17469090669275,6.773928853595222,47.35874367676929
sz300308,2020-02-21,67.09,69.86,66.97,68.37,0.0143919999999999,7008800.0,480100000.0,23970000000.0,48759000000.0,0.019991,317.2256000890994,2020-04-24,2020-03-31,85.89637073615701,9.362110416320151,132.04876014561822,6.8714502043491255,48.04033071576535
sz300308,2020-02-24,70.0,72.66,69.58,72.47,0.0599679999999999,9334300.0,665020000.0,25407000000.0,51683000000.000015,0.026625,336.2489848752424,2020-04-24,2020-03-31,91.04744003685072,9.923541349221159,139.96751513784096,7.283520189326605,50.92121326812836
sz300308,2020-02-25,70.0,73.45,67.02,71.4,-0.014765,11974900.0,847450000.0,25032000000.0,50920000000.0,0.034157,331.28426861355945,2020-04-24,2020-03-31,89.7032998602333,9.777039365020244,137.90116422844767,7.175993035243904,50.169361554224444
sz300308,2020-02-26,70.0,70.5,64.31,64.74,-0.093277,12035600.0,805400000.0,22697000000.0,46170000000.0,0.03433,300.38306589009244,2020-04-24,2020-03-31,81.33545472401751,8.865002110820594,125.03724965489845,6.506590699866673,45.489714016531046
sz300308,2020-02-27,65.0,66.7,63.5,64.3,-0.0067959999999999,11677300.0,759130000.0,22543000000.0,45857000000.0,0.0333069999999999,298.3416625743034,2020-04-24,2020-03-31,80.78405777083107,8.804903655964912,124.18958538931507,6.4624806091355005,45.180565920074706
sz300308,2020-02-28,59.88,64.45,59.74,62.04,-0.035148,10493900.0,653590000.0,21750000000.0,44245000000.0,0.0299329999999999,287.8555498181418,2020-04-24,2020-03-31,77.94427537934057,8.495387013065999,119.82397901193374,6.235306595529585,43.59255938911592
sz300308,2020-03-02,63.99,67.78,62.2,66.19,0.066892,11598700.0,755420000.0,23205000000.0,47204000000.0,0.0330839999999999,307.1107832565769,2020-04-24,2020-03-31,83.15700248630111,9.063538220471633,127.83752074311946,6.652309018767737,46.50855287177266
sz300308,2020-03-03,68.08,70.42,64.48,64.9,-0.019489,10848200.0,733680000.0,22753000000.0,46284000000.0,0.030943,301.12550120168953,2020-04-24,2020-03-31,81.53628300728668,8.886891004921386,125.34598360466362,6.522656355915728,45.602147684854685
sz300308,2020-03-04,64.0,65.36,61.87,62.82,-0.032049,8972100.0,565930000.0,22024000000.0,44801000000.0,0.025592,291.47473001367655,2020-04-24,2020-03-31,78.92375367317973,8.602143373768106,121.32973406517445,6.313661900470583,44.14064445370278
sz300308,2020-03-05,66.0,66.58,62.0,64.0,0.018784,10632600.0,689900000.0,22438000000.0,45643000000.0,0.030327,296.94979134225343,2020-04-24,2020-03-31,80.40706432679946,8.763813977565182,123.61003218536993,6.432322272341663,44.96978231912113
sz300308,2020-03-06,63.0,66.29,62.51,64.78,0.012188,7325500.0,474460000.0,22711000000.0,46199000000.0,0.020895,300.56901539913287,2020-04-24,2020-03-31,81.38654262063861,8.870570338267287,125.11578723861062,6.51067757728266,45.51787402602658
sz300308,2020-03-09,64.6,66.98,63.33,63.73,-0.016209,11956400.0,781850000.0,22343000000.0,45450000000.0,0.034104,295.69709222852833,2020-04-24,2020-03-31,80.06706556652796,8.726756463868227,123.08735102480256,6.405123398504231,44.78007480593872
sz300308,2020-03-10,64.2,69.67,62.2,68.4,0.073278,12551500.0,826730000.0,23980000000.0,48780000000.0,0.035802,317.3651837528504,2020-04-24,2020-03-31,85.93336541991712,9.366142581022928,132.105632188996,6.87440966730553,48.061469127568294
sz300308,2020-03-11,68.2,69.36,63.5,63.6,-0.070175,12987200.0,861010000.0,22297000000.0,45357000000.0,0.037045,295.09408198299417,2020-04-24,2020-03-31,79.9032319670189,8.708899734470213,122.8354891184152,6.392017205411582,44.68875553154119
sz300308,2020-03-12,61.91,62.55,58.73,59.75,-0.060535,11408600.0,687500000.0,20948000000.0,42612000000.0,0.032541,277.23056173015357,2020-04-24,2020-03-31,75.06749830408997,8.18183820546431,115.40150059117461,6.005173118967266,41.983521715439345
sz300308,2020-03-13,56.0,60.85,54.9,59.19,-0.009372,9597500.0,558860000.0,20751000000.0,42212000000.0,0.0273759999999999,274.63235690561856,2020-04-24,2020-03-31,74.36283766104023,8.105035068268549,114.31822357445468,5.948802395988132,41.59005214992224
sz300308,2020-03-16,59.53,59.89,53.88,55.1,-0.0691,10011000.0,574720000.0,19317000000.0,39295000000.0,0.028555,255.65526104344033,2020-04-24,2020-03-31,69.2240999215999,7.544948190268469,106.41842593002455,5.537718898662788,38.71617954636262
sz300308,2020-03-17,56.76,57.72,55.22,56.35,0.022686,7389200.0,415610000.0,19756000000.0,40187000000.0,0.0210759999999999,261.4550562954718,2020-04-24,2020-03-31,70.79549315560085,7.716219186215015,108.83413367731,5.663425610906259,39.5944947955514
sz300308,2020-03-18,57.0,58.55,55.19,55.64,-0.0126,7379200.0,421460000.0,19507000000.0,39681000000.0,0.0210479999999999,258.1607225861489,2020-04-24,2020-03-31,69.90409744214291,7.6190632176623785,107.4637882511593,5.5921166463376535,39.095604161127454
sz300308,2020-03-19,56.0,58.48,54.3,57.85,0.03972,9629600.0,543030000.0,20281000000.0,41257000000.0,0.027468,268.41486648727073,2020-04-24,2020-03-31,72.68046037575894,7.921667578213672,111.73189969703586,5.814217294875446,40.64848155840744
sz300308,2020-03-20,58.75,59.39,56.48,57.94,0.001556,5214100.0,301730000.0,20313000000.0,41321000000.0,0.014872,268.8325200195249,2020-04-24,2020-03-31,72.7932060786469,7.933956080164995,111.90522401971104,5.823236610552108,40.71173059571231
sz300308,2020-03-23,56.5,57.4,52.15,52.5,-0.09389,9977700.0,540940000.0,18406000000.0,37441000000.0,0.02846,243.59183471489166,2020-04-24,2020-03-31,65.95799784106431,7.188965649366121,101.39743695752766,5.276440597654497,36.88930621008088
sz300308,2020-03-24,54.2,55.42,52.4,54.7,0.041905,9109000.0,494570000.0,19177000000.0,39010000000.0,0.0259819999999999,253.79955054861924,2020-04-24,2020-03-31,68.72202921342696,7.490225955016491,105.64659105561162,5.497554758540154,38.435152586814326
sz300308,2020-03-25,56.3,56.96,55.02,55.9,0.021938,6098100.0,342770000.0,19598000000.0,39866000000.0,0.017394,259.36740508855485,2020-04-24,2020-03-31,70.23000298955343,7.654584668615417,107.96480387139226,5.618188105715504,39.27834296426386
sz300308,2020-03-26,55.9,55.9,53.88,54.0,-0.033989,5052400.0,274990000.0,18932000000.0,38511000000.0,0.014411,250.55176635699996,2020-04-24,2020-03-31,67.8429650612224,7.39441404136478,104.29520297725348,5.4272322816236835,37.943311365251496
sz300308,2020-03-27,55.49,55.49,53.11,53.4,-0.011111,4671900.0,252440000.0,18721000000.0,38083000000.0,0.013326,247.76788568100733,2020-04-24,2020-03-31,67.08897817315916,7.3122346845653166,103.13609656936316,5.36691560803601,37.52172323267219
sz300308,2020-03-30,52.5,52.66,49.0,52.0,-0.026217,7438700.0,379560000.0,18231000000.0,37085000000.0,0.021217,241.2721550221084,2020-04-24,2020-03-31,65.33084986875002,7.120610857261895,100.43332041264694,5.226270654203066,36.53801621468122
sz300308,2020-03-31,52.55,54.4,52.37,53.75,0.033654,5567600.0,297620000.0,18844000000.0,38333000000.0,0.015881,249.39192812722243,2020-04-24,2020-03-31,67.52939107506526,7.360236645312667,103.81314470481311,5.402147309897969,37.76766661237011
sz300308,2020-04-01,53.75,54.97,52.63,54.07,0.005953,5898500.0,319050000.0,18956000000.0,38561000000.0,0.016825,250.8765582753638,2020-04-24,2020-03-31,67.93104764160361,7.40401443351425,104.4306126043435,5.434278621996075,37.992497531713546
sz300308,2020-04-02,54.05,56.22,53.75,56.21,0.0395779999999999,5887600.0,323830000.0,19707000000.0,40087000000.0,0.016793,260.80575069878614,2020-04-24,2020-03-31,70.61932799483841,7.697018401916075,108.56331442313004,5.649332930161476,39.4961645990237
sz300308,2020-04-03,56.0,57.2,55.31,55.44,-0.013699,4003900.0,224940000.0,19437000000.0,39538000000.0,0.01142,257.2329727199634,2020-04-24,2020-03-31,69.65218126225264,7.591606096114894,107.07651671768193,5.571964112872613,38.955106640181675
sz300308,2020-04-07,56.63,57.75,56.0,56.59,0.020743,4002700.0,226850000.0,19840000000.0,40358000000.0,0.011417,262.56875627309364,2020-04-24,2020-03-31,71.09673558050463,7.749052527366202,109.29723460195778,5.687524094979841,39.76315241721896
sz300308,2020-04-08,56.21,59.25,55.5,58.17,0.02792,6240100.0,361920000.0,20394000000.0,41485000000.0,0.017799,269.8996759482384,2020-04-24,2020-03-31,73.08211694229729,7.965445366415255,112.3493675965662,5.846348606973553,40.87333963270771
sz300308,2020-04-09,58.75,58.77,57.5,58.26,0.001547,3192900.0,185680000.0,20425000000.0,41549000000.0,0.0091069999999999,270.3172107469303,2020-04-24,2020-03-31,73.19486264518525,7.977733868366577,112.52269191924138,5.855367922650214,40.936570689119506
sz300308,2020-04-10,59.91,61.25,56.88,57.52,-0.012702,8178200.0,486910000.0,22934000000.0,41021000000.0,0.020511,266.88364153602276,2020-04-24,2020-03-31,72.26471059635959,7.8763537272681745,111.09276625717109,5.780958568317757,40.41659436822631
sz300308,2020-04-13,57.01,57.87,55.02,55.25,-0.039465,3791500.0,212610000.0,22029000000.0,39402000000.0,0.009509,256.3510786228037,2020-04-24,2020-03-31,69.41259664361573,7.565493029468337,106.70820253199716,5.552798067059707,38.821553471484265
sz300308,2020-04-14,55.91,59.71,55.91,59.43,0.075656,7306000.0,427910000.0,23696000000.0,42383000000.0,0.018324,275.74557582709053,2020-04-24,2020-03-31,74.66408008594398,8.137868409419736,114.78132449910247,5.9729008800617125,41.758636920922875
sz300308,2020-04-15,60.1,60.66,59.13,59.53,0.0016829999999999,4503800.0,269680000.0,23736000000.0,42455000000.0,0.0112959999999999,276.2096556312075,2020-04-24,2020-03-31,74.79091900169294,8.151692974114974,114.97631436211205,5.983047610197955,41.82891670686079
sz300308,2020-04-16,59.11,59.89,58.51,59.31,-0.003696,3283500.0,194590000.0,23648000000.0,42298000000.0,0.008235,275.1887847439945,2020-04-24,2020-03-31,74.51433969929592,8.121547742765639,114.55112813304949,5.960922101428647,41.67431703071223
sz300308,2020-04-17,59.95,63.49,59.95,61.79,0.041814,11412200.0,704960000.0,24637000000.0,44066000000.0,0.028622,286.69552858927995,2020-04-24,2020-03-31,77.62893974157582,8.461017609170899,119.3392125469516,6.210080696996423,43.41688692303443
sz300308,2020-04-20,61.81,64.35,61.65,63.51,0.027836,6539200.0,413650000.0,25323000000.0,45293000000.0,0.0164,294.67598532309114,2020-04-24,2020-03-31,79.79048626413093,8.696611232518892,122.66216479573998,6.382997889734921,44.62543938742402
sz300308,2020-04-21,63.23,63.37,61.01,62.3,-0.019052,4135700.0,257020000.0,24840000000.0,44430000000.0,0.010373,289.0618184507156,2020-04-24,2020-03-31,78.2701809267511,8.530908464019038,120.32499463216672,6.261378054907436,43.77523551621481
sz300308,2020-04-22,61.9,62.75,61.01,62.54,0.003852,3118400.0,194010000.0,24936000000.0,44601000000.0,0.007821,290.17528457538776,2020-04-24,2020-03-31,78.57142335165486,8.563741805170226,120.7880955568145,6.285476538981016,43.94385772342327
sz300308,2020-04-23,62.68,62.97,61.36,62.08,-0.0073549999999999,2877200.0,179150000.0,24752000000.0,44273000000.0,0.0072159999999999,288.0410453573358,2020-04-24,2020-03-31,77.99360162435406,8.500763232669703,119.89980840310415,6.239252546138125,43.6206506498675
sz300308,2020-04-24,62.7,64.19,62.0,62.5,0.006765,5096200.0,321470000.0,24920000000.0,44573000000.0,0.012781,289.9896430291781,2020-04-24,2020-03-31,78.52209710664138,8.558365585566522,120.7122661656441,6.281530588372477,43.915744351513844
sz300308,2020-04-27,62.66,64.01,62.66,63.45,0.0152,3151300.0,200290000.0,25299000000.0,45250000000.0,0.007903,294.39748560322164,2020-08-27,2020-06-30,67.30423103429617,7.583184204063649,180.38889987192184,6.152617630585448,44.58326366565686
sz300308,2020-04-28,63.41,64.3,61.45,63.91,0.00725,4609600.0,293260000.0,25482000000.0,45578000000.0,0.011561,296.531867373845,2020-08-27,2020-06-30,67.79209374764974,7.638151815531779,181.69647024005423,6.197215610316543,44.906492327232876
sz300308,2020-04-29,63.51,63.69,62.0,62.7,-0.018933,3146700.0,197340000.0,25000000000.0,44715000000.0,0.007892,290.917629528856,2020-08-27,2020-06-30,66.5084793524542,7.493526667065326,178.2561250336571,6.079873974621619,44.056277708001375
sz300308,2020-04-30,63.6,65.76,63.49,64.86,0.03445,5851500.0,380060000.0,25861000000.0,46256000000.0,0.014676,300.93974186612513,2020-08-27,2020-06-30,68.80054167342328,7.751773890456755,184.39931386686442,6.289402897687523,45.57401647504202
sz300308,2020-05-06,64.4,66.95,64.02,66.68,0.02806,8051300.0,531760000.0,26586000000.0,47554000000.0,0.020193,309.3841110228886,2020-08-27,2020-06-30,70.73116911834076,7.969298157790999,189.57378440904685,6.465891244306306,46.8528233773317
sz300308,2020-05-07,68.18,68.66,64.63,64.89,-0.0268449999999999,5633200.0,371350000.0,25873000000.0,46277000000.0,0.014128,301.0786945624792,2020-08-27,2020-06-30,68.83177678616848,7.755293158264165,184.4830302623851,6.292258256145917,45.59505933376724
sz300308,2020-05-08,65.43,67.3,65.43,65.95,0.016335,4415000.0,292390000.0,26295000000.0,47033000000.0,0.011073,305.99681503815725,2020-08-27,2020-06-30,69.95624084499562,7.881986799330953,187.49682050112926,6.395051160648074,46.33985462798432
sz300308,2020-05-11,66.0,67.63,65.91,66.52,0.008643,4798300.0,319830000.0,26523000000.0,47440000000.0,0.012034,308.64154551053207,2020-08-27,2020-06-30,70.56160707772398,7.950193561122199,189.11932397622036,6.450390726960743,46.74036999153399
sz300308,2020-05-12,66.32,66.87,64.41,65.85,-0.010072,4953400.0,323790000.0,26255000000.0,46962000000.0,0.012424,305.53290786415,2020-08-27,2020-06-30,69.85063641619043,7.870088322458279,187.2137793543689,6.385397329669697,46.26960098497926
sz300308,2020-05-13,65.85,66.5,65.21,66.0,0.002278,3855300.0,254220000.0,26315000000.0,47069000000.0,0.009669,306.2289118282645,2020-08-27,2020-06-30,70.0097867525588,7.888019829857941,187.64033432202183,6.3999460608624625,46.37500313602304
sz300308,2020-05-14,65.93,65.99,64.82,65.0,-0.015152,2601000.0,169510000.0,25917000000.0,46356000000.0,0.006523,301.5889313562426,2020-08-27,2020-06-30,68.94928030554327,7.768532308587281,184.79796336934382,6.302999842727491,45.67232908850602
sz300308,2020-05-15,64.89,65.49,64.11,64.43,-0.0087689999999999,3191300.0,206760000.0,25689000000.0,45949000000.0,0.008004,298.9442980171798,2020-08-27,2020-06-30,68.3439140728149,7.700325546796034,183.1754598942527,6.247660276414822,45.27182843472892
sz300308,2020-05-18,64.8,65.86,62.6,62.82,-0.024988,7191400.0,460330000.0,25047000000.0,44801000000.0,0.018037,291.4742778983265,2020-08-27,2020-06-30,66.6363945760774,7.5079389066575795,178.59896360578935,6.0915673473559915,44.14057598580191
sz300308,2020-05-19,63.52,64.8,62.51,64.53,0.027221,4292800.0,274690000.0,25729000000.000004,46021000000.0,0.010767,299.4084992169968,2020-08-27,2020-06-30,68.4510058879413,7.712391607850016,183.46248753603788,6.2574500768436,45.34212660471142
sz300308,2020-05-20,64.58,65.86,63.48,64.11,-0.006509,3964600.0,255690000.0,25562000000.0,45721000000.0,0.009943,297.4596492955934,2020-08-27,2020-06-30,68.00478999158132,7.662116353458432,182.26653902859974,6.216659241723696,45.046994702641356
sz300308,2020-05-21,64.48,64.96,62.42,63.05,-0.016534,3233400.0,205730000.0,25139000000.0,44965000000.0,0.00811,292.54145145414003,2020-08-27,2020-06-30,66.88032593275419,7.535422712391646,179.2527487898556,6.113866337221539,44.30218769222788
sz300308,2020-05-22,63.38,63.9,60.32,60.72,-0.036955,4941900.0,304500000.0,24210000000.0,43303000000.0,0.012395,281.7305821156523,2020-08-27,2020-06-30,64.40828986691993,7.256897803062279,172.62719405864817,5.887885110657274,42.6650003460616
sz300308,2020-05-25,60.86,61.03,57.34,57.91,-0.046278,6707400.0,390950000.0,23090000000.0,41299000000.0,0.016822,268.69265423650415,2020-08-27,2020-06-30,61.4275676792353,6.921059103726511,164.6382580289613,5.615402332056319,40.69054946004656
sz300308,2020-05-26,58.58,59.46,57.81,58.89,0.016923,4876900.0,284710000.0,23480000000.0,41998000000.0,0.012232,273.2397400241485,2020-08-27,2020-06-30,62.46725071775404,7.038200446458897,167.42481805129222,5.710444977885694,41.379155628558934
sz300308,2020-05-27,58.99,58.99,55.86,56.65,-0.038037,6992600.0,397490000.0,22587000000.0,40401000000.0,0.0175379999999999,262.84652003285,2020-08-27,2020-06-30,60.09189476279777,6.770568508914375,161.05838549669642,5.4933017655974075,39.80521668591543
sz300308,2020-05-28,57.0,57.83,55.52,56.8,0.002648,4718800.0,266840000.0,22647000000.0,40508000000.0,0.011835,263.542537617897,2020-08-27,2020-06-30,60.25104509916617,6.78850001631404,161.48494046434936,5.507850496790173,39.910620899699744
sz300308,2020-05-29,56.77,57.12,55.93,56.99,0.003345,4741200.0,267610000.0,22723000000.0,40643000000.0,0.0118909999999999,264.4240874062288,2020-08-27,2020-06-30,60.45184225252816,6.811123880790252,162.02311729269655,5.52620637259413,40.044121926609236
sz300308,2020-06-01,57.38,59.6,57.16,58.63,0.0287769999999999,10631900.0,622800000.0,23377000000.0,41813000000.0,0.0266649999999999,272.0334193695178,2020-08-27,2020-06-30,62.19208424833205,7.00719737291742,166.68731647170534,5.685290629561753,41.19647162329126
sz300308,2020-06-02,58.98,59.3,57.28,58.87,0.004093,6197200.0,362490000.0,23472000000.0,41984000000.0,0.015543,273.1468521549972,2020-08-27,2020-06-30,62.44642730925724,7.035854267920623,167.3690071209451,5.708541405580098,41.36508878164539
sz300308,2020-06-03,59.47,59.99,58.5,58.57,-0.005096,5402600.0,320290000.0,23353000000.0,41770000000.0,0.01355,271.7548957964153,2020-08-27,2020-06-30,62.128126636520456,6.999991253121295,166.5158971856392,5.679443943194567,41.15429228921412
sz300308,2020-06-04,58.97,59.28,58.0,59.07,0.008537,3704800.0,217380000.0,23552000000.0,42127000000.0,0.009292,274.07486734182936,2020-08-27,2020-06-30,62.65912355318883,7.059818805847277,167.9390759094906,5.727985036987252,41.505626482487145
sz300308,2020-06-05,58.88,59.22,57.6,58.31,-0.0128659999999999,3748100.0,218660000.0,23249000000.0,41585000000.0,0.0094,270.5486200986094,2020-08-27,2020-06-30,61.85296016709847,6.96898817957982,165.77839560605236,5.654289594870627,40.97161509216347
sz300308,2020-06-08,58.75,60.3,58.65,58.99,0.011662,4374500.0,260180000.0,23520000000.0,42070000000.0,0.0109719999999999,273.7037581061994,2020-08-27,2020-06-30,62.574342532880436,7.050266507512877,167.71184569307738,5.720234778314471,41.44942606736828
sz300308,2020-06-09,59.75,59.93,58.2,59.3,0.005255,4227400.0,248980000.0,23644000000.0,42291000000.0,0.010602,275.1420713550475,2020-08-27,2020-06-30,62.90305490986561,7.087302611581342,168.5928610935568,5.7502840268528,41.6672428013523
sz300308,2020-06-10,59.25,59.28,58.0,58.54,-0.012816,3057200.0,178750000.0,23341000000.0,41749000000.0,0.007668,271.6158505685612,2020-08-27,2020-06-30,62.096891523775255,6.9964719853138835,166.43218079011854,5.676588584736173,41.133235417610166
sz300308,2020-06-11,58.78,60.8,58.08,58.82,0.004783,7917500.0,469590000.0,23453000000.0,41948000000.0,0.019857,272.9149891818306,2020-08-27,2020-06-30,62.39288140169404,7.029821237393634,167.22549330005253,5.703646505365709,41.3299756826126
sz300308,2020-06-12,57.42,59.98,57.1,59.98,0.019721,7064900.0,414100000.0,23915000000.0,42776000000.0,0.017719,278.2971456834855,2020-08-27,2020-06-30,63.62443727564757,7.168580939514401,170.5263111805818,5.816229210296643,42.1450441330494
sz300308,2020-06-15,59.0,59.79,58.06,58.1,-0.031344,7284300.0,427840000.0,23165000000.0,41435000000.0,0.0182699999999999,269.57419994918234,2020-08-27,2020-06-30,61.62985221891849,6.943850552384029,165.1804213523333,5.633894177310675,40.8240498697431
sz300308,2020-06-16,59.03,62.61,58.97,60.75,0.045611,10491100.0,637480000.0,24222000000.0,43325000000.0,0.026312,281.8697487830645,2020-08-27,2020-06-30,64.44101236598632,7.260584655050995,172.71489694919364,5.890876438566066,42.686075608351956
sz300308,2020-06-17,61.25,61.5,59.9,60.85,0.001646,5609700.0,338540000.0,24262000000.0,43396000000.0,0.014069,282.3337063895615,2020-08-27,2020-06-30,64.54661679479152,7.272483131923671,172.99793809595403,5.900530269544444,42.75633688880331
sz300308,2020-06-18,60.83,64.0,60.19,63.53,0.044043,8933000.0,558690000.0,25330000000.0,45307000000.0,0.022405,294.76852982007694,2020-08-27,2020-06-30,67.38901205460456,7.592736502398049,180.61613008833507,6.160367889258229,44.63945423439687
sz300308,2020-06-19,63.11,63.5,62.41,62.82,-0.011176,6219500.0,391050000.0,25047000000.0,44801000000.0,0.015599,291.47419673080776,2020-08-27,2020-06-30,66.6363945760774,7.5079389066575795,178.59896360578935,6.0915673473559915,44.14056369387326
sz300308,2020-06-22,63.16,64.18,62.52,62.8,-0.000318,5898100.0,372450000.0,25039000000.0,44787000000.0,0.014793,291.3815079362474,2020-08-27,2020-06-30,66.61557116758061,7.505592728119308,178.5431526754423,6.089663775050397,44.12652699461861
sz300308,2020-06-23,62.81,63.19,61.0,61.8,-0.015924,6317700.0,389750000.0,24641000000.0,44074000000.0,0.0158449999999999,286.74154880387056,2020-08-27,2020-06-30,65.55506472056506,7.3861052068486455,175.70078172276425,5.992717556915426,43.423856178756296
sz300308,2020-06-24,61.78,63.58,61.66,62.1,0.004854,5904200.0,368850000.0,24760000000.0,44288000000.0,0.014808,288.1333922817645,2020-08-27,2020-06-30,65.87336539330184,7.421968221647974,176.55389165807014,6.021815019300957,43.63463557664797
sz300308,2020-06-29,62.05,63.0,61.14,61.85,-0.004026,4008700.0,248570000.0,24661000000.0,44109000000.0,0.010054,286.9733672444381,2020-08-27,2020-06-30,65.60712324180706,7.391970653194331,175.84030904863204,5.997476487679415,43.45896253381639
sz300308,2020-06-30,62.5,63.89,62.28,63.0,0.018593,7957700.0,501730000.0,25119000000.0,44929000000.0,0.019958,292.309063061614,2020-08-27,2020-06-30,66.82678002519098,7.529389681864655,179.10923496896297,6.108971437007151,44.266995024207645
sz300308,2020-07-01,63.0,63.77,61.11,61.86,-0.018095,6027400.0,375970000.0,24665000000.0,44116000000.0,0.0151169999999999,287.0197305655141,2020-08-27,2020-06-30,65.61753494605546,7.393143742463467,175.86821451380555,5.998428273832212,43.46598374924461
sz300308,2020-07-02,61.98,62.4,60.89,61.79,0.000162,5911700.0,363630000.0,24637000000.0,44066000000.0,0.014827,287.0662277618657,2020-08-27,2020-06-30,65.54316562999546,7.3847645333982035,175.66888976256593,5.991629801312229,43.47302523861199
sz300308,2020-07-03,62.1,63.3,61.2,62.99,0.019421,6358800.0,396850000.0,25115000000.0,44922000000.0,0.015948,292.6413409712289,2020-08-27,2020-06-30,66.81636832094259,7.528216592595518,179.08132950378945,6.108019650854354,44.31731486177107
sz300308,2020-07-06,63.01,65.48,63.01,65.01,0.032069,11864500.0,763590000.0,25921000000.0,46363000000.0,0.029756,302.0260561348352,2020-08-27,2020-06-30,68.95969200979168,7.769705397856419,184.8258688345174,6.303951628880291,45.7385268320732
sz300308,2020-07-07,64.97,67.79,64.41,66.64,0.0250729999999999,15967200.0,1053370000.0,26570000000.0,47525000000.0,0.040047,309.5987554403039,2020-08-27,2020-06-30,70.68803491502597,7.9644382165331455,189.4581760533278,6.461948130244715,46.885328915333766
sz300308,2020-07-08,66.68,67.78,65.64,67.2,0.008403,10283900.0,686290000.0,26794000000.0,47925000000.0,0.025792,312.2003137822687,2020-08-27,2020-06-30,71.28298944350593,8.031471889055256,191.05277406324538,6.516335910404588,47.27930633420931
sz300308,2020-07-09,70.6,71.96,67.92,70.17,0.044196,19794200.0,1378460000.0,27978000000.0,50043000000.0,0.049645,325.9983188501899,2020-08-27,2020-06-30,74.43327367180734,8.386415185059827,199.49617052575874,6.8043192063511055,49.368862556956024
sz300308,2020-07-10,70.0,70.53,68.51,69.39,-0.011116,11049800.0,770220000.0,27667000000.0,49487000000.0,0.0277129999999999,322.37452153785114,2020-08-27,2020-06-30,73.60628687722021,8.293238380254095,197.2796792919734,6.728720191928885,48.8200782807729
sz300308,2020-07-13,69.3,70.9,69.3,70.55,0.016717,17023200.0,1192420000.0,28082000000.0,50314000000.0,0.042767,327.76365641439946,2020-08-27,2020-06-30,74.83635536485254,8.431830498193555,200.57651067747787,6.841166927409419,49.63620352939259
sz300308,2020-07-14,70.7,72.81,68.01,69.46,-0.01545,17821700.0,1260990000.0,44885000000.0,49536000000.0,0.027579,322.699707922797,2020-08-27,2020-06-30,73.679168806959,8.301450005138053,197.47501754818828,6.735382694998469,48.86932418486347
sz300308,2020-07-15,68.58,69.27,64.61,66.12,-0.048085,12364200.0,821440000.0,42727000000.0,47154000000.0,0.019134,307.1826924673293,2020-08-27,2020-06-30,70.1362145898608,7.902264485268889,187.9791863991293,6.411503464146435,46.51944273143431
sz300308,2020-07-16,65.58,66.18,60.53,60.9,-0.078947,11823300.0,754410000.0,39354000000.0,43432000000.0,0.018296,282.93154044511107,2020-08-27,2020-06-30,64.60016270235472,7.278516162450661,173.14145191684662,5.905425169758833,42.84687228611577
sz300308,2020-07-17,61.58,62.3,60.12,61.15,0.004105,8033200.0,491940000.0,39515000000.0,43610000000.0,0.012431,284.0929744186382,2020-08-27,2020-06-30,64.8649174675283,7.308346146722998,173.85104803125992,5.929627731929975,43.022758696850275
sz300308,2020-07-20,61.86,62.61,60.01,62.09,0.015372,6282500.0,386240000.0,40123000000.0,44280000000.0,0.009722,288.46005162140153,2020-08-27,2020-06-30,65.86146630273225,7.420627548197533,176.5219996978718,6.02072726369776,43.684104543538254
sz300308,2020-07-21,62.06,62.45,60.54,61.83,-0.004187,6595900.0,406180000.0,39955000000.0,44095000000.0,0.0102069999999999,287.2522693852627,2020-08-27,2020-06-30,65.58629983331026,7.389624474656056,175.78449811828492,5.995572915373819,43.50119919781446
sz300308,2020-07-22,61.94,63.68,61.51,63.3,0.023775,7744800.0,486660000.0,40905000000.0,45143000000.0,0.0119849999999999,294.08169208989733,2020-08-27,2020-06-30,67.14508069792777,7.5652526966639835,179.9623449042689,6.138068899392682,44.53544020874249
sz300308,2020-07-23,62.56,63.35,60.0,61.21,-0.033017,9433100.0,575760000.0,39554000000.0,43653000000.0,0.0145979999999999,284.3719968621652,2020-08-27,2020-06-30,64.9288750793399,7.315552266519125,174.02246731732603,5.9354744182971615,43.065013579370444
sz300308,2020-07-24,60.3,61.19,56.21,56.3,-0.080216,11410400.0,664140000.0,36381000000.0,40151000000.0,0.017658,261.5608127618698,2020-08-27,2020-06-30,59.7200481824978,6.728672463588056,160.06176174049799,5.459309402997487,39.61051045008767
sz300308,2020-07-27,56.39,57.37,54.08,54.62,-0.02984,7748300.0,427780000.0,35296000000.0,38953000000.0,0.01199,253.75583810905562,2020-08-27,2020-06-30,57.9381593697003,6.527906614384338,155.28594070079492,5.296418001418672,38.428532818257054
sz300308,2020-07-28,55.59,56.48,55.11,56.33,0.031307,6316100.0,353350000.0,36401000000.0,40173000000.0,0.009774,261.7001721327358,2020-08-27,2020-06-30,59.752770681564186,6.732359315576772,160.14946463104343,5.46230073090628,39.63161489519823
sz300308,2020-07-29,57.15,59.22,56.2,59.0,0.047399,6861100.0,398530000.0,38126000000.0,42077000000.0,0.010618,274.10449859165533,2020-08-27,2020-06-30,62.584754237128834,7.051439596782014,167.73975115825093,5.721186564467268,41.51011380961573
sz300308,2020-07-30,59.45,59.45,58.05,58.21,-0.01339,4853400.0,283720000.0,37616000000.0,41513000000.0,0.007511,270.43423935551306,2020-08-27,2020-06-30,61.74586835197208,6.956922118525839,165.4913679642672,5.64449979444185,40.95429338570497
sz300308,2020-07-31,58.8,60.29,58.35,59.08,0.014946,6468900.0,383810000.0,38178000000.0,42134000000.0,0.010011,274.4761494969205,2020-08-27,2020-06-30,62.669535257437225,7.060991895116415,167.9669813746642,5.7289368231400495,41.566396254647714
sz300308,2020-08-03,59.75,61.68,59.3,60.64,0.026405,7355600.0,446020000.0,39186000000.0,43246000000.0,0.0113829999999999,281.7236922243867,2020-08-27,2020-06-30,64.32350884661153,7.247345504727879,172.39996384223494,5.880134851984493,42.663956947751686
sz300308,2020-08-04,60.63,61.56,59.85,60.2,-0.007256,6139000.0,371850000.0,38902000000.0,42933000000.0,0.0095,279.6795051136065,2020-08-27,2020-06-30,63.85795692807596,7.194891655979328,171.15219089947448,5.837576414009392,42.3543872761388
sz300308,2020-08-05,61.0,61.45,59.69,60.5,0.004983,5722400.0,346790000.0,39095000000.0,43146000000.0,0.008855,281.07314808758764,2020-08-27,2020-06-30,64.17477021449155,7.230587086597353,172.00131433975557,5.866537906944525,42.5654391879358
sz300308,2020-08-06,60.17,60.71,58.91,60.12,-0.006281,5719200.0,342080000.0,38850000000.0,42875000000.0,0.00885,279.3077276444495,2020-08-27,2020-06-30,63.771688521446364,7.185171773463623,170.92097418803644,5.829690185886212,42.298085664396375
sz300308,2020-08-07,60.0,60.62,57.58,58.07,-0.034098,5220200.0,306910000.0,37525000000.0,41414000000.0,0.008078,269.7838927472291,2020-08-27,2020-06-30,61.598617106173286,6.940331284576617,165.0967049568126,5.63103881885228,40.85580553941179
sz300308,2020-08-10,57.92,58.47,56.37,57.51,-0.009644,6433500.0,368880000.0,37163000000.0,41014000000.0,0.009956,267.1820968855748,2020-08-27,2020-06-30,61.003662577693326,6.8732976120545075,163.50210694689505,5.57665103869241,40.461792150789705
sz300308,2020-08-11,57.72,58.65,56.46,56.46,-0.018258,5265500.0,304150000.0,38093000000.0,40265000000.0,0.007804,262.303886160638,2020-08-27,2020-06-30,59.88961022311458,6.747777060256857,160.51622217332448,5.47480992034305,39.72304074970059
sz300308,2020-08-12,57.22,57.38,54.35,55.22,-0.021962,8132900.0,449810000.0,37256000000.0,39381000000.0,0.012054,256.5431682127781,2020-08-27,2020-06-30,58.57476071517386,6.5996326439829955,156.99216057140669,5.354612926189735,38.85064332875566
sz300308,2020-08-13,55.6,56.28,54.4,54.89,-0.0059759999999999,4840600.0,266450000.0,37034000000.0,39146000000.0,0.007175,255.01006623953853,2020-08-27,2020-06-30,58.22522492969188,6.560250361376256,156.05533424058015,5.322660105345811,38.61847188422302
sz300308,2020-08-14,54.92,56.5,54.71,56.47,0.028785,5571300.0,311360000.0,38100000000.0,40272000000.0,0.008258,262.35053099624366,2020-08-27,2020-06-30,59.90002192736299,6.748950149525995,160.54412763849803,5.47576170649585,39.73010459741038
sz300308,2020-08-17,56.66,58.6,56.1,58.6,0.037719,6815500.0,391850000.0,39537000000.0,41791000000.0,0.010102,272.246130674891,2020-08-27,2020-06-30,62.15936174926565,7.003510520928705,166.59961358115987,5.68229930165296,41.228684412720106
sz300308,2020-08-18,58.93,59.88,58.18,58.87,0.004608,5747700.0,339490000.0,39719000000.0,41984000000.0,0.008519,273.5006408450409,2020-08-27,2020-06-30,62.44642730925724,7.035854267920623,167.3690071209451,5.708541405580098,41.418666190493916
sz300308,2020-08-19,59.33,59.43,58.1,58.35,-0.008833,4408100.0,259220000.0,39368000000.0,41613000000.0,0.006534,271.0848096844566,2020-08-27,2020-06-30,61.89460698409207,6.973680536656367,165.89001746674657,5.658096739481818,41.05281511203329
sz300308,2020-08-20,58.0,58.97,56.58,57.08,-0.021765,5232800.0,300430000.0,38511000000.0,40707000000.0,0.007756,265.18464880167437,2020-08-27,2020-06-30,60.54703497708494,6.821849268393788,162.27825297428333,5.534908417419708,40.15930059111987
sz300308,2020-08-21,57.88,58.8,56.13,57.51,0.007533,6368100.0,365580000.0,38801000000.0,41014000000.0,0.009439,267.1822847610974,2020-08-27,2020-06-30,61.003662577693326,6.8732976120545075,163.50210694689505,5.57665103869241,40.461820602472784
sz300308,2020-08-24,57.87,60.58,57.52,60.0,0.043297,6194400.0,368570000.0,40481000000.0,42790000000.0,0.009181,278.7504761443986,2020-08-27,2020-06-30,63.64526068414437,7.170927118052674,170.58212211092894,5.818132782602238,42.21369604909804
sz300308,2020-08-25,59.8,61.58,59.52,59.81,-0.003167,6444800.0,389790000.0,40353000000.0,42654000000.0,0.009552,277.86767338644927,2020-08-27,2020-06-30,63.44297614446118,7.148135669395156,170.03995878755697,5.799640937347882,42.08000527371055
sz300308,2020-08-26,59.7,60.99,58.83,59.27,-0.009029,5705700.0,340980000.0,39989000000.0,42269000000.0,0.008457,275.35880616344303,2020-08-27,2020-06-30,62.870332410799215,7.083615759592626,168.50515820301132,5.747292698944006,41.70006490609421
sz300308,2020-08-27,59.26,60.48,58.6,59.68,0.006917,4991200.0,298530000.0,40265000000.0,42562000000.0,0.007398,277.2634630256756,2020-08-27,2020-06-30,63.3061366029108,7.132717924715073,169.67320124527595,5.787131747911112,41.98850425504967
sz300308,2020-08-28,59.03,59.68,57.68,59.42,-0.004357,5271700.0,309430000.0,40090000000.0,42376000000.0,0.007814,276.05542611727276,2020-10-29,2020-09-30,55.76601220561056,6.345090989968378,226.78976482716254,5.512431361128144,41.80556034201042
sz300308,2020-08-31,59.66,60.67,58.61,59.21,-0.003534,3951800.0,236340000.0,39948000000.0,42227000000.0,0.005857,275.0798462413743,2020-10-29,2020-09-30,55.56993103186514,6.322780754044618,225.99233998859245,5.493048874040921,41.65781949176176
sz300308,2020-09-01,59.02,59.39,57.7,58.55,-0.011147,3996300.0,234010000.0,39503000000.0,41756000000.0,0.0059229999999999,272.01353119532166,2020-10-29,2020-09-30,54.95010396586451,6.252256451225212,223.47162120358217,5.43177940143635,41.193459777887085
sz300308,2020-09-02,58.9,60.48,58.21,59.9,0.0230569999999999,5779100.0,344140000.0,40397000000.0,42719000000.0,0.008569,278.2853471840922,2020-10-29,2020-09-30,56.217393699534576,6.3964494525311295,228.62544750924002,5.557050106570538,42.143257379985826
sz300308,2020-09-03,60.08,60.46,57.89,59.9,0.0,9283300.0,551220000.0,40397000000.0,42719000000.0,0.013765,278.2853471840922,2020-10-29,2020-09-30,56.217393699534576,6.3964494525311295,228.62544750924002,5.557050106570538,42.143257379985826
sz300308,2020-09-04,59.11,59.98,58.63,59.42,-0.008013,4876100.0,288680000.0,40108000000.0,42376000000.0,0.0072239999999999,276.05544669710605,2020-10-29,2020-09-30,55.76601220561056,6.345090989968378,226.78976482716254,5.512431361128144,41.8055634586
sz300308,2020-09-07,59.42,59.85,56.16,56.38,-0.051161,6450600.0,374030000.0,38056000000.0,40208000000.0,0.009557,261.9321739886354,2020-10-29,2020-09-30,52.91296532856308,6.020469570621308,215.18696583373966,5.2304096698187745,39.66674902649456
sz300308,2020-09-08,57.35,57.38,54.87,56.0,-0.00674,4326200.0,242520000.0,37800000000.0,39937000000.0,0.006409,260.166751135952,2020-10-29,2020-09-30,52.55633446893214,5.9798918932029235,213.7366159595618,5.195156958405103,39.399395138055986
sz300308,2020-09-09,55.12,55.67,52.55,52.55,-0.061607,6826000.0,366110000.0,35471000000.0,37477000000.0,0.0101129999999999,244.1386580987194,2020-10-29,2020-09-30,49.31902113058493,5.611548400770363,200.57107835632365,4.875150795757019,36.97211660178577
sz300308,2020-09-10,53.62,53.62,50.2,50.51,-0.03882,5821800.0,301660000.0,34094000000.0,36022000000.0,0.008625,234.6611953913271,2020-10-29,2020-09-30,47.4042687292454,5.393686700977933,192.78414453001812,4.685878858093212,35.53685903530445
sz300308,2020-09-11,50.49,51.38,49.76,51.18,0.013265,6735800.0,341350000.0,34546000000.0,36500000000.0,0.009979,237.7739761481931,2020-10-29,2020-09-30,48.03330766246897,5.465259135686375,195.34232622690752,4.748058917339467,36.00825547040777
sz300308,2020-09-14,51.78,52.49,50.8,51.22,0.000782,5641100.0,290820000.0,34573000000.0,36528000000.0,0.008357,237.959915397541,2020-10-29,2020-09-30,48.070155131360735,5.469451663242518,195.49217787442404,4.7517012639061935,36.03641392618563
sz300308,2020-09-15,51.56,52.4,51.1,51.81,0.011519,3787400.0,196210000.0,34971000000.0,36949000000.0,0.005611,240.70097566300532,2020-10-29,2020-09-30,48.62418314576893,5.532489309711667,197.7453044317262,4.80646654621304,36.451517378201366
sz300308,2020-09-16,51.82,52.13,51.15,52.0,0.003667,3515300.0,181480000.0,35100000000.0,37085000000.0,0.005208,241.58362614076157,2020-10-29,2020-09-30,48.80315656610033,5.552853014984361,198.47315529109218,4.824157943822852,36.58518509242723
sz300308,2020-09-17,51.69,53.22,51.15,52.45,0.008654,4627800.0,241950000.0,35403000000.0,37406000000.0,0.006856,243.6742908413837,2020-10-29,2020-09-30,49.22558647732368,5.600917348753001,200.19109739297815,4.865914845534249,36.9017932842171
sz300308,2020-09-18,52.41,52.92,51.81,52.85,0.007626,4319400.0,226920000.0,35673000000.0,37691000000.0,0.006399,245.5325509833401,2020-10-29,2020-09-30,49.60064107140049,5.643591289949455,201.71637309091426,4.902988730231282,37.18320635980253
sz300308,2020-09-21,52.85,53.19,51.98,52.08,-0.01457,3470900.0,182050000.0,35154000000.0,37142000000.0,0.005142,241.95514171551284,2020-10-29,2020-09-30,48.878167484915686,5.561387803223653,198.7782104306794,4.831572720762259,36.64144704314022
sz300308,2020-09-22,51.9,52.76,51.38,51.88,-0.0038399999999999,3337300.0,173810000.0,35019000000.0,36999000000.0,0.004944,241.0260339713253,2020-10-29,2020-09-30,48.68998219736135,5.539975966061922,198.01289665943426,4.812970736510764,36.50074388649456
sz300308,2020-09-23,52.02,52.2,51.31,51.67,-0.0040479999999999,3769200.0,195330000.0,34877000000.0,36849000000.0,0.005584,240.0503605858094,2020-10-29,2020-09-30,48.49258504258408,5.517515997011157,197.21011997630998,4.793458165617589,36.35298887524203
sz300308,2020-09-24,51.68,51.79,50.0,50.21,-0.028256,4269200.0,216400000.0,33891000000.000008,35808000000.0,0.006325,233.2674975970968,2020-10-29,2020-09-30,47.12264878842984,5.3616438117988405,191.63884979542755,4.658040923618949,35.3257988215832
sz300308,2020-09-25,50.51,50.67,48.91,49.64,-0.011352,4328900.0,214810000.0,33507000000.0,35402000000.0,0.0064129999999999,230.6194449643745,2020-10-29,2020-09-30,46.58836048949935,5.300852162234767,189.46600090643778,4.605226898401418,34.92478035336058
sz300308,2020-09-28,49.64,50.69,48.99,49.9,0.005238,3376400.0,168430000.0,33919000000.0,35587000000.0,0.004967,231.82742961709792,2020-10-29,2020-09-30,46.83181698039132,5.328552790730712,190.45609214895774,4.629292402503002,35.10771635285148
sz300308,2020-09-29,50.44,50.82,49.91,50.09,0.0038079999999999,3291400.0,165970000.0,34048000000.0,35722000000.0,0.004842,232.7102284690798,2020-10-29,2020-09-30,47.009474419690875,5.3487667628764015,191.1785911637696,4.646853716306861,35.24140653672314
sz300308,2020-09-30,50.57,50.86,49.83,50.3,0.004192,3195800.0,161090000.0,34191000000.000008,35872000000.0,0.0047009999999999,233.68574974682215,2020-10-29,2020-09-30,47.20687157446814,5.371226731927168,191.98136784689387,4.666366287200037,35.38913851292508
sz300308,2020-10-09,51.32,51.68,50.84,51.29,0.0196819999999999,4660800.0,239010000.0,34864000000.0,36578000000.0,0.0068569999999999,238.2851526733391,2020-10-29,2020-09-30,48.13595418295316,5.476938319592773,195.75977010213217,4.758205454203918,36.085667537136466
sz300308,2020-10-12,51.2,53.35,51.2,53.03,0.033925,6536300.0,344210000.0,36047000000.0,37819000000.0,0.009616,246.36897647778213,2020-10-29,2020-09-30,49.769086643477095,5.662757130206109,202.40140919384697,4.91963945739346,37.309873808333826
sz300308,2020-10-13,52.77,53.5,52.21,53.3,0.005091,3899600.0,206790000.0,36230000000.0,38012000000.0,0.005737,247.62324093703052,2020-10-29,2020-09-30,50.02307098262386,5.691655623718095,203.43431519280023,4.94474563194268,37.49981837589205
sz300308,2020-10-14,53.21,53.72,52.6,53.34,0.00075,3890500.0,207040000.0,36257000000.0,38040000000.0,0.005724,247.80895836773328,2020-10-29,2020-09-30,50.05991845151561,5.695848151274237,203.58416684031675,4.948387978509405,37.52794323967397
sz300308,2020-10-15,53.89,54.38,52.93,52.99,-0.006562,4628800.0,247420000.0,36020000000.0,37791000000.0,0.0068099999999999,246.18283598292422,2020-10-29,2020-09-30,49.732239174585345,5.6585646026499665,202.25155754633045,4.9159971108267335,37.28168487613523
sz300308,2020-10-16,53.47,53.8,52.87,53.17,0.003397,3607600.0,192470000.0,36142000000.0,37919000000.0,0.005307,247.01911907675824,2020-10-29,2020-09-30,49.900684746661945,5.67773044290662,202.9365936492632,4.9326478379889105,37.408330759659464
sz300308,2020-10-19,54.05,54.86,53.25,53.42,0.004702,5132300.0,276860000.0,36312000000.0,38097000000.0,0.00755,248.18060297465718,2020-10-29,2020-09-30,50.13492937033097,5.704382939513528,203.889221979904,4.955802755448812,37.584224730891385
sz300308,2020-10-20,53.39,53.41,52.55,52.9,-0.009734,3255100.0,172040000.0,35958000000.0,37726000000.0,0.004789,245.76481298530186,2020-10-29,2020-09-30,49.64670040751519,5.648831949394634,201.90368765030993,4.90754166343969,37.21837988736089
sz300308,2020-10-21,52.72,52.91,50.45,50.8,-0.039698,6138600.0,314220000.0,34531000000.0,36229000000.0,0.009031,236.00844143941134,2020-10-29,2020-09-30,47.67667680283804,5.42468145826799,193.89197635272967,4.712806205925796,35.740884642592434
sz300308,2020-10-22,50.15,50.89,49.65,49.91,-0.0175199999999999,4617000.0,231160000.0,33926000000.0,35594000000.0,0.006792,231.8735735453929,2020-10-29,2020-09-30,46.84102884761426,5.329600922619748,190.49355506083688,4.630202989144684,35.114704343654225
sz300308,2020-10-23,50.98,50.98,49.5,49.66,-0.005009,2695600.0,134870000.0,33756000000.0,35416000000.0,0.003966,230.71211881550403,2020-10-29,2020-09-30,46.60678422394523,5.302948426012839,189.54092673019605,4.607048071684782,34.93881478959686
sz300308,2020-10-26,49.31,49.62,48.59,49.1,-0.0112769999999999,2957100.0,145340000.0,33375000000.0,35016000000.0,0.00435,228.11037825162163,2020-10-29,2020-09-30,46.08039181120586,5.243055175210797,187.4001889085313,4.55501454930298,34.54480977521458
sz300308,2020-10-27,49.33,49.33,48.09,48.86,-0.004888,4679000.0,228010000.0,33212000000.0,34845000000.0,0.006884,226.9953747227277,2020-10-29,2020-09-30,45.85535905475977,5.217450810492925,186.48502348976965,4.532770218484759,34.37595474503333
sz300308,2020-10-28,48.88,48.88,47.2,48.1,-0.015555,6183700.0,296090000.0,32696000000.0,34303000000.0,0.009097,223.46446166891567,2020-10-29,2020-09-30,45.1420973354979,5.136295455656157,183.58432374141393,4.462264795657417,33.84123676897434
sz300308,2020-10-29,47.73,48.36,47.02,48.0,-0.002079,5275600.0,251840000.0,32628000000.0,34232000000.0,0.007761,222.99987905310599,2020-10-29,2020-09-30,45.048662682236646,5.125664403638793,183.20434277806845,4.4530288454346465,33.77088083773164
sz300308,2020-10-30,48.5,49.2,47.15,47.3,-0.014583,7564200.0,364510000.0,32152000000.0,33733000000.0,0.011128,219.74787181687452,2021-04-27,2021-03-31,39.327836665291095,4.688226510825635,145.24395815123245,4.132761872367306,33.278400082474995
sz300308,2020-11-02,47.38,48.18,46.66,47.85,0.011628,5023600.0,238560000.0,32526000000.0,34125000000.0,0.00739,222.30310007036113,2021-04-27,2021-03-31,39.784852405746854,4.742706835500098,146.9317899952808,4.180787326787843,33.66536131863401
sz300308,2020-11-03,48.56,51.58,48.56,50.19,0.0489029999999999,9287700.0,467420000.0,34116000000.000008,35794000000.0,0.0136639999999999,233.17438857310196,2021-04-27,2021-03-31,41.73066687212608,4.974665156626828,154.11799241292545,4.385263049818141,35.311698483199166
sz300308,2020-11-04,50.19,50.58,49.65,49.94,-0.004981,5076600.0,254010000.0,33946000000.0,35615000000.0,0.007468,232.01294694361934,2021-04-27,2021-03-31,41.52197856207103,4.949787661431091,153.3472732800564,4.3633330591516195,35.13581091305435
sz300308,2020-11-05,50.9,53.48,49.8,52.84,0.05807,11873000.0,616930000.0,35918000000.0,37684000000.0,0.017467,245.4859387726353,2021-04-27,2021-03-31,43.934135620752066,5.237338150592987,162.25575308958716,4.61681434791716,37.17614745277542
sz300308,2020-11-06,53.21,53.73,52.31,52.7,-0.00265,9686600.0,512290000.0,35822000000.0,37584000000.0,0.014251,244.8354010348878,2021-04-27,2021-03-31,43.817549972676616,5.223440108584195,161.82518374161566,4.604562956483349,37.07763066202556
sz300308,2020-11-09,53.45,55.58,52.81,54.38,0.031879,12701000.0,687830000.0,36964000000.0,38782000000.0,0.018685,252.640508784479,2021-04-27,2021-03-31,45.21424603662049,5.389938651849517,166.98340453031443,4.751334625860399,38.259628449900276
sz300308,2020-11-10,53.9,53.93,52.69,52.7,-0.030894,6324600.0,337140000.0,35822000000.0,37584000000.0,0.0093049999999999,244.8354329060913,2021-04-27,2021-03-31,43.817549972676616,5.223440108584195,161.82518374161566,4.604562956483349,37.07763548856905
sz300308,2020-11-11,52.47,53.25,49.81,49.86,-0.05389,8549100.0,437270000.0,33892000000.0,35558000000.0,0.012577,231.64125142678205,2021-04-27,2021-03-31,41.455524742668025,4.94186577748608,153.10184875171268,4.356349766034348,35.07952171209007
sz300308,2020-11-12,50.61,51.18,50.05,50.47,0.012234,4210400.0,212820000.0,34307000000.0,35993000000.0,0.006194,234.47515049673734,2021-04-27,2021-03-31,41.96267231179623,5.002322260224323,154.97482541538875,4.4096433187714235,35.50868458071578
sz300308,2020-11-13,50.1,51.1,49.71,50.88,0.008124,4422700.0,223980000.0,34585000000.0,36286000000.0,0.006506,236.3800266193728,2021-04-27,2021-03-31,42.30426826065729,5.043043523310082,156.2363936049453,4.445539895672487,35.79715713424952
sz300308,2020-11-16,50.6,52.53,50.6,51.95,0.02103,5549300.0,288130000.0,35313000000.0,37049000000.0,0.008164,241.35109857917826,2021-04-27,2021-03-31,43.19381675547297,5.149085583837162,159.521637729968,4.539018012312463,36.54997134878279
sz300308,2020-11-17,52.44,52.49,50.01,51.08,-0.016747,4448400.0,225670000.0,34721000000.0,36428000000.0,0.0065439999999999,237.30919173127276,2021-04-27,2021-03-31,42.46981988092443,5.062778742962566,156.84780207906488,4.462936871508499,35.937868978604726
sz300308,2020-11-18,51.0,51.39,50.09,50.48,-0.011746,3666800.0,185590000.0,34313000000.0,36001000000.0,0.0053939999999999,234.52175796519722,2021-04-27,2021-03-31,41.97199916364226,5.003434103585025,155.00927096322647,4.410623430086129,35.51574276958203
sz300308,2020-11-19,50.34,50.79,49.81,50.15,-0.006537,5241200.0,263830000.0,34089000000.0,35765000000.0,0.007711,232.9886892333787,2021-04-27,2021-03-31,41.6968570341842,4.9706347244442775,153.9931273020137,4.381710146302336,35.28357635909727
sz300308,2020-11-20,50.25,50.59,49.21,49.71,-0.0087739999999999,3896600.0,194050000.0,33790000000.0,35451000000.0,0.005732,230.94444647404504,2021-04-27,2021-03-31,41.330778099227295,4.926994872536673,152.64113954938313,4.343240777200171,34.97399826012255
sz300308,2020-11-23,49.44,49.44,48.19,48.46,-0.025146,5800600.0,282760000.0,32940000000.0,34560000000.0,0.008534,225.1371174230087,2021-04-27,2021-03-31,40.291999974875054,4.803163318238341,148.80476665895694,4.234080879524918,34.09454209987351
sz300308,2020-11-24,48.49,49.79,48.4,49.66,0.024763,5122700.0,251810000.0,33756000000.0,35416000000.0,0.007536,230.71218786175467,2021-04-27,2021-03-31,41.28997312240089,4.922130557833595,152.4904402775931,4.338952790198337,34.93882524589268
sz300308,2020-11-25,49.52,50.5,49.01,49.6,-0.001208,5498100.0,273490000.0,33715000000.0,35373000000.0,0.008089,230.4334875388177,2021-04-27,2021-03-31,41.239841293728446,4.916154399769815,152.30529545796534,4.333684691881798,34.89661914499564
sz300308,2020-11-26,49.13,50.3,49.02,49.39,-0.004234,4065100.0,202000000.0,33572000000.000008,35223000000.0,0.00598,229.45783215257833,2021-04-27,2021-03-31,41.06496282161527,4.895307336756629,151.65944143600808,4.315307604731083,34.74886685953573
sz300308,2020-11-27,49.1,49.42,48.21,48.72,-0.013565,3687800.0,179590000.0,33117000000.0,34745000000.0,0.005425,226.34523665942862,2021-04-27,2021-03-31,40.507683423814626,4.828874695954605,149.60131995270422,4.256745953677468,34.277498480586125
sz300308,2020-11-30,48.67,49.28,47.4,48.95,0.004721,5960800.0,289780000.0,33273000000.0,34909000000.0,0.0087689999999999,227.41381252169776,2021-04-27,2021-03-31,40.698883886658365,4.851667484849022,150.3074536833775,4.276838235628918,34.439322550912976
sz300308,2020-12-01,48.15,49.23,47.73,48.82,-0.002656,5129900.0,250040000.0,33185000000.000008,34817000000.0,0.007547,226.80980143564014,2021-04-27,2021-03-31,40.59162509042895,4.838881286200934,149.9113298832437,4.2655669555098115,34.347851710217746
sz300308,2020-12-02,48.82,51.92,48.55,51.06,0.045883,8914600.0,450600000.0,34708000000.0,36414000000.0,0.013115,237.2165155549116,2021-04-27,2021-03-31,42.453497890193866,5.060833017081335,156.78752237034885,4.4612216767077655,35.92383419023767
sz300308,2020-12-03,51.52,51.66,50.63,50.8,-0.005092,4175500.0,212750000.0,34531000000.0,36229000000.0,0.006143,236.008609057706,2021-04-27,2021-03-31,42.237814441254294,5.035121639365071,155.99096907660157,4.438556602555217,35.74091002654098
sz300308,2020-12-04,51.0,52.16,50.5,51.28,0.0094489999999999,5079100.0,261890000.0,34857000000.0,36571000000.0,0.0074719999999999,238.2386544046922,2021-04-27,2021-03-31,42.63653735767232,5.0826529430351375,157.46351624666414,4.480456361258848,36.078625885381754
sz300308,2020-12-07,51.38,52.28,50.87,51.0,-0.00546,4438300.0,228590000.0,34667000000.0,36371000000.0,0.006529,236.93787135164257,2021-04-27,2021-03-31,42.403366061521425,5.054856859017555,156.60237755072112,4.4559535783912265,35.88163658804757
sz300308,2020-12-08,50.8,52.18,50.7,51.49,0.009608,5217300.0,269740000.0,35000000000.0,36721000000.0,0.007675,239.21437041958916,2021-04-27,2021-03-31,42.811415829785496,5.103500006048325,158.1093702686214,4.498833448409563,36.22638735238553
sz300308,2020-12-09,51.7,52.43,51.33,51.41,-0.0015539999999999,6514400.0,337830000.0,34946000000.0,36664000000.0,0.009584,238.84263128795715,2021-04-27,2021-03-31,42.74496201038249,5.095578122103315,157.86394574027767,4.491850155292292,36.17009154643993
sz300308,2020-12-10,51.2,52.12,50.34,51.95,0.010504,6186100.0,318170000.0,35313000000.0,37049000000.0,0.009101,241.35143428700587,2021-04-27,2021-03-31,43.19381675547297,5.149085583837162,159.521637729968,4.539018012312463,36.550022188043734
sz300308,2020-12-11,51.9,53.64,51.51,53.25,0.025024,12672400.0,669520000.0,36196000000.0,37976000000.0,0.018643,247.39101257860392,2021-04-27,2021-03-31,44.27456571313237,5.277920433258658,163.51301558566396,4.652588410903886,37.464649943277344
sz300308,2020-12-14,53.0,55.1,52.73,54.58,0.024977,9512200.0,514910000.0,37100000000.0,38925000000.0,0.013994,253.57009789977968,2021-04-27,2021-03-31,45.38096351336838,5.409812851922089,167.5991186979137,4.768854115610748,38.40040450491058
sz300308,2020-12-15,54.51,55.18,53.8,54.24,-0.006229,6472600.0,352240000.0,36869000000.0,38682000000.0,0.009522,251.99060975996193,2021-04-27,2021-03-31,45.09766038854504,5.376040609840727,166.5528351823429,4.739083234426588,38.16120838524949
sz300308,2020-12-16,54.28,55.15,53.38,53.8,-0.008112,5239000.0,283760000.0,36570000000.0,38368000000.0,0.0077069999999999,249.9464619335891,2021-04-27,2021-03-31,44.731581453588134,5.3324007579331205,165.20084742971235,4.700613865324423,37.85164466282834
sz300308,2020-12-17,53.68,54.2,53.0,54.11,0.005762,4342600.0,233640000.0,36781000000.0,38589000000.0,0.006389,251.38665344725044,2021-04-27,2021-03-31,44.989235735834875,5.36311543077255,166.1524056887294,4.727689440393145,38.06974583937556
sz300308,2020-12-18,54.08,54.08,52.6,52.7,-0.0260579999999999,4969500.0,264090000.0,35822000000.0,37584000000.0,0.007311,244.836020031722,2021-04-27,2021-03-31,43.817549972676616,5.223440108584195,161.82518374161566,4.604562956483349,37.077724402293114
sz300308,2020-12-21,52.67,55.48,52.4,55.09,0.045351,7494600.0,410860000.0,37447000000.0,39288000000.0,0.011026,255.93957837618063,2021-04-27,2021-03-31,45.80416941588226,5.460262744414002,169.16208543105031,4.81332666651548,38.75923628166151
sz300308,2020-12-22,55.0,55.35,51.51,51.7,-0.061536,8318500.0,441880000.0,35143000000.0,36871000000.0,0.0122379999999999,240.190080481224,2021-04-27,2021-03-31,42.98629430189867,5.124347069061511,158.7552242905787,4.517210535560279,36.374147917833184
sz300308,2020-12-23,51.8,52.4,51.3,52.22,0.010058,6632800.0,344140000.0,35496000000.0,37241000000.0,0.009758,242.6059123107041,2021-04-27,2021-03-31,43.417661199777825,5.17576982449404,160.3483308780733,4.562540683865378,36.73999909759075
sz300308,2020-12-24,52.21,52.62,51.19,51.25,-0.018575,4048000.0,209720000.0,34837000000.0,36550000000.0,0.0059549999999999,238.09950748953275,2021-04-27,2021-03-31,42.61205437157648,5.079734354213292,157.37309668359015,4.477883569057748,36.057553614353
sz300308,2020-12-25,50.88,51.11,49.19,49.43,-0.035512,6315800.0,313940000.0,33600000000.0,35252000000.0,0.0092909999999999,229.6441177795645,2021-04-27,2021-03-31,41.098772659557156,4.899337768939177,151.7843065469198,4.318860508246887,34.7770777704001
sz300308,2020-12-28,49.02,49.27,47.33,47.34,-0.042282,6499000.0,312950000.0,32179000000.000008,33761000000.0,0.009561,219.93430519160896,2021-04-27,2021-03-31,39.360480646752215,4.692117962588097,145.36451756866447,4.136192261968772,33.30663336811204
sz300308,2020-12-29,47.34,51.46,47.34,50.91,0.075412,10985600.0,551310000.0,34606000000.0,36307000000.0,0.016161,236.51999101471858,2021-04-27,2021-03-31,42.328751246753136,5.045962112131927,156.32681316801933,4.4481126878735875,35.81835320366811
sz300308,2020-12-30,50.5,50.56,48.9,50.33,-0.011393,6139300.0,306600000.0,34211000000.0,35894000000.0,0.009032,233.8253187570879,2021-04-27,2021-03-31,41.847252520201536,4.988563198635619,154.54856176089697,4.397514441251952,35.41027470561872
sz300308,2020-12-31,49.98,51.13,49.91,50.86,0.01053,4531900.0,229300000.0,34572000000.0,36272000000.0,0.006667,236.28749936360003,2021-04-27,2021-03-31,42.28794626992673,5.041097797428851,156.1761138962293,4.443824700871755,35.78314489826888
sz300308,2021-01-04,51.0,52.42,50.33,52.0,0.022414,6216000.0,320150000.0,35347000000.0,37085000000.0,0.009145,241.58364737433573,2021-04-27,2021-03-31,43.23578758878013,5.154088878960326,159.67664269523775,4.543428513228634,36.58518830801867
sz300308,2021-01-05,51.77,54.78,51.56,54.07,0.0398079999999999,10685600.0,574500000.0,36754000000.0,38561000000.0,0.0157199999999999,251.20060920901324,2021-04-27,2021-03-31,44.95659175437374,5.359223979010087,166.03184627129735,4.7242590507916775,38.041571484184274
sz300308,2021-01-06,53.99,54.19,52.6,53.44,-0.011652,6492600.0,346930000.0,36325000000.0,38112000000.0,0.009552,248.2736197105098,2021-04-27,2021-03-31,44.433122194514986,5.296821770390614,164.09858989890526,4.669250303253868,37.59831109325056
sz300308,2021-01-07,53.0,53.34,51.63,52.61,-0.015531,6238600.0,327110000.0,35761000000.0,37520000000.0,0.009178,244.4176821227859,2021-04-27,2021-03-31,43.74293515790833,5.214545361698568,161.54961935891387,4.596722065965709,37.014371723661284
sz300308,2021-01-08,52.88,56.1,52.34,54.67,0.039156,11922900.0,655060000.0,37161000000.0,38989000000.0,0.017541,253.98810088398568,2021-04-27,2021-03-31,45.45557832813667,5.418707598807716,167.87468308061548,4.776695006128387,38.46370646287297
sz300308,2021-01-11,54.99,57.16,54.2,57.0,0.042619,12956600.0,730250000.0,38745000000.0,40650000000.0,0.019061,264.81281975556027,2021-04-27,2021-03-31,47.39206594266987,5.649554076573743,175.02643995042243,4.98019061784398,40.102991168614146
sz300308,2021-01-12,56.5,57.25,55.35,56.5,-0.008772,8633500.0,485290000.0,38405000000.0,40294000000.0,0.012701,262.4898817006645,2021-04-27,2021-03-31,46.97702103552127,5.600077047022444,173.49361307164378,4.936575664339613,39.75120773008307
sz300308,2021-01-13,56.22,57.8,55.55,56.2,-0.00531,8906800.0,503770000.0,38201000000.0,40080000000.0,0.013103,261.09606042883394,2021-04-27,2021-03-31,46.727527748639815,5.570335237123631,172.57219466698473,4.91035768667126,39.540128817036326
sz300308,2021-01-14,56.21,58.41,56.06,56.64,0.007829,12172100.0,697680000.0,38501000000.0,40394000000.0,0.017907,263.1401814859313,2021-04-27,2021-03-31,47.093606683596725,5.6139750890312365,173.92418241961533,4.948827055773425,39.8496884855449
sz300308,2021-01-15,57.09,57.19,54.04,55.34,-0.022952,7657200.0,424360000.0,37617000000.0,39467000000.0,0.011265,257.1005880404662,2021-04-27,2021-03-31,46.01285772593731,5.485140239609739,169.93280456391932,4.835256657182001,38.93505843542468
sz300308,2021-01-18,55.85,57.86,55.29,57.25,0.0345139999999999,8016000.0,456410000.0,38915000000.0,40829000000.0,0.011793,265.97415773609487,2021-04-27,2021-03-31,47.600754252724926,5.674431571769479,175.7971590832914,5.0021206085105,40.278863042264916
sz300308,2021-01-19,57.21,57.66,55.8,56.4,-0.0148469999999999,6433800.0,364900000.0,38337000000.0,40223000000.0,0.009465,262.02523941618705,2021-04-27,2021-03-31,46.8942452253877,5.590209437196203,173.187908834584,4.9278771764216085,39.68084276267641
sz300308,2021-01-20,56.27,57.14,55.3,57.0,0.010638,5165500.0,292340000.0,38745000000.0,40650000000.0,0.007599,264.8126639130964,2021-04-27,2021-03-31,47.39206594266987,5.649554076573743,175.02643995042243,4.98019061784398,40.102967567985765
sz300308,2021-01-21,57.01,57.1,55.01,55.66,-0.023509,10485900.0,584710000.0,37834000000.0,39695000000.0,0.0154259999999999,258.58718299716344,2021-04-27,2021-03-31,46.27867300354934,5.516827775389784,170.91450267729442,4.863189829651089,39.16018690342998
sz300308,2021-01-22,55.28,56.1,53.88,56.1,0.007905,8753800.0,481070000.0,38134000000.0,40009000000.0,0.012878,260.63131467875604,2021-04-27,2021-03-31,46.644751938506246,5.560467627297389,172.26649042992497,4.901659198753254,39.469748180901604
sz300308,2021-01-25,55.55,55.7,52.55,52.55,-0.0632799999999999,11771100.0,633060000.0,35720000000.0,37477000000.0,0.017317,244.13856508588438,2021-04-27,2021-03-31,43.692803329235886,5.208569203634789,161.3644745392861,4.591453967649172,36.972102516014154
sz300308,2021-01-26,52.53,53.95,52.5,52.8,0.004757,5191200.0,275350000.0,35890000000.0,37655000000.0,0.007637,245.29993223999793,2021-04-27,2021-03-31,43.900325782810185,5.233307718410437,162.13088797867545,4.613261444401354,37.14797880768283
sz300308,2021-01-27,53.35,53.66,52.05,52.84,0.000758,4055300.0,214650000.0,35918000000.0,37684000000.0,0.005966,245.48586958863584,2021-04-27,2021-03-31,43.934135620752066,5.237338150592987,162.25575308958716,4.61681434791716,37.17613697561905
sz300308,2021-01-28,51.98,53.21,51.19,51.37,-0.0278199999999999,5022900.0,262440000.0,34918000000.0,36635000000.0,0.007389,238.65645269668,2021-04-27,2021-03-31,42.711152172440606,5.091547689920764,157.7390806293659,4.488297251776487,36.14189684495733
sz300308,2021-01-29,52.56,52.8,51.34,51.8,0.008371,5245400.0,272420000.0,35211000000.0,36942000000.0,0.007717,240.65424586220388,2021-04-27,2021-03-31,43.06907011203224,5.134214678887754,159.0609285276385,4.5259090234782855,36.444440663446464
sz300308,2021-02-01,51.78,53.98,51.5,53.18,0.026641,5826300.0,309840000.0,36149000000.0,37926000000.0,0.0085709999999999,247.06551562621883,2021-04-27,2021-03-31,44.216272889094654,5.270971412254263,163.29773091167823,4.646462715186981,37.41535700716134
sz300308,2021-02-02,53.5,54.85,53.2,53.6,0.007898,5729400.0,309290000.0,36434000000.0,38226000000.0,0.008429,249.01683906863468,2021-04-27,2021-03-31,44.566029833321,5.312665538280637,164.58943895559275,4.683216889488412,37.710863496803896
sz300308,2021-02-03,54.18,54.18,50.26,50.35,-0.060634,8224900.0,427810000.0,34225000000.0,35908000000.0,0.0121,233.91795204854708,2021-04-27,2021-03-31,41.8635745109321,4.990508924516849,154.60884146961297,4.399229636052684,35.42430299953869
sz300308,2021-02-04,50.35,50.7,47.6,49.33,-0.020258,8642700.0,420680000.0,33532000000.0,35180000000.0,0.012715,229.17924217594762,2021-04-27,2021-03-31,41.01483099294283,4.8893311786928475,151.47429661638031,4.310039506414544,34.706677469374036
sz300308,2021-02-05,49.2,49.78,47.48,47.51,-0.036894,5145500.0,248750000.0,32295000000.0,33882000000.0,0.00757,220.72390321510824,2021-04-27,2021-03-31,39.501549280923506,4.708934593418735,145.88550647971002,4.151016445603683,33.426209310818955
sz300308,2021-02-08,47.68,48.99,47.62,47.9,0.008209,4161600.0,200220000.0,32560000000.000008,34161000000.0,0.006122,222.53582573660105,2021-04-27,2021-03-31,39.82682323905401,4.747710130623262,147.08679496055052,4.185197827704014,33.70060506305146
sz300308,2021-02-09,47.5,49.15,47.4,48.73,0.017328,3905200.0,188870000.0,33124000000.0,34753000000.0,0.005745,226.39192652496487,2021-04-27,2021-03-31,40.51701027566066,4.829986539315308,149.63576550054194,4.257726064992172,34.284569147584016
sz300308,2021-02-10,48.57,50.88,48.54,50.46,0.035502,5294100.0,265040000.0,34300000000.0,35986000000.0,0.007788,234.42929270045414,2021-04-27,2021-03-31,41.95451131643094,5.001349397283707,154.94468556103075,4.408785721371056,35.50173992146154
sz300308,2021-02-18,51.54,52.33,51.01,51.46,0.019818,6645800.0,342510000.0,34980000000.0,36699000000.0,0.009777,239.07521242319174,2021-04-27,2021-03-31,42.7857669872089,5.100442436806391,158.0146450120677,4.496138142294126,36.20531340322507
sz300308,2021-02-19,51.28,51.7,50.4,51.4,-0.001166,4507700.0,230230000.0,34939000000.0,36657000000.0,0.006631,238.7964507255063,2021-04-27,2021-03-31,42.73680101501721,5.094605259162698,157.83380588591965,4.490992557891925,36.163098007796904
sz300308,2021-02-22,51.65,51.68,49.6,49.6,-0.035019,5920200.0,298990000.0,33715000000.0,35373000000.0,0.0087099999999999,230.43403781754978,2021-04-27,2021-03-31,41.239841293728446,4.916154399769815,152.30529545796534,4.333684691881798,34.896702478661865
sz300308,2021-02-23,49.11,50.4,48.69,49.05,-0.011089,4207900.0,208030000.0,33341000000.000008,34981000000.0,0.0061909999999999,227.87875477219097,2021-04-27,2021-03-31,40.78282555327269,4.861674075095352,150.61746361391698,4.28565923746126,34.509732944875985
sz300308,2021-02-24,49.11,50.06,48.55,48.97,-0.0016309999999999,4064700.0,199820000.0,33287000000.0,34924000000.0,0.00598,227.50708452315752,2021-04-27,2021-03-31,40.716371733869686,4.853752191150342,150.37203908557322,4.278675944343989,34.45344757044289
sz300308,2021-02-25,49.44,49.44,47.7,47.81,-0.023688,4949700.0,238240000.0,32498000000.0,34096000000.0,0.0072819999999999,222.11789670497296,2021-04-27,2021-03-31,39.75104256780497,4.738676403317549,146.80692488436907,4.177234423272038,33.63731430439424
sz300308,2021-02-26,47.0,47.81,45.76,45.9,-0.03995,7164600.0,332640000.0,31200000000.0,32734000000.0,0.01054,213.24428673160926,2021-04-27,2021-03-31,38.163146041017356,4.549385071157808,140.94257036499695,4.010370471943538,32.293503597933686
sz300308,2021-03-01,46.7,47.63,45.91,46.55,0.014161,9532600.0,442780000.0,31734000000.0,33191000000.000008,0.013983,216.2640390760156,2021-04-27,2021-03-31,38.695942452722164,4.612899123137987,142.91027228522685,4.066359330796053,32.75081190238402
sz300308,2021-03-02,46.65,46.75,44.23,44.56,-0.04275,11033100.0,498150000.0,30377000000.0,31772000000.000008,0.016184,207.01875140551593,2021-04-27,2021-03-31,37.041592106531546,4.415685907033234,136.800493237511,3.8925120863502816,31.35071469355711
sz300308,2021-03-03,44.56,44.78,43.84,44.44,-0.002693,7422500.0,328640000.0,30295000000.0,31686000000.0,0.010888,206.46124990798089,2021-04-27,2021-03-31,36.941328449186656,4.403733590905674,136.43020359825545,3.8819758897172036,31.26628721888736
sz300308,2021-03-04,44.43,44.77,43.06,43.11,-0.0299279999999999,7449300.0,326240000.0,29389000000.0,30738000000.0,0.010927,200.28227762073485,2021-04-27,2021-03-31,35.83609650543141,4.271980152662329,132.34840617948547,3.76583269892468,30.330549775000502
sz300308,2021-03-05,42.9,44.18,42.56,42.8,-0.0071909999999999,8464100.0,365360000.0,29177000000.0,30517000000.0,0.012416,198.84204776236416,2021-04-27,2021-03-31,35.578442223184666,4.241265479822901,131.3968479204684,3.738757123855959,30.112442791568476
sz300308,2021-03-08,43.1,43.31,40.72,40.79,-0.046963,11806600.0,495390000.0,27807000000.0,29084000000.0,0.017319,189.50382867330023,2021-04-27,2021-03-31,33.90776988626348,4.0421065378369185,125.22678916403653,3.563194684609454,28.698272140748042
sz300308,2021-03-09,40.78,40.9,38.55,39.17,-0.039716,9345000.0,371110000.0,26703000000.0,27929000000.000004,0.013708,181.97749461371146,2021-04-27,2021-03-31,32.56120565099206,3.881584152635378,120.25371319496551,3.421691113548943,27.558491564406093
sz300308,2021-03-10,39.9,40.2,39.06,39.19,0.000511,4686900.0,184870000.0,26716000000.000004,27943000000.0,0.006875,182.07048511345906,2021-04-27,2021-03-31,32.57752764172261,3.8835298785166072,120.31399290368151,3.423406308349676,27.57257395359551
sz300308,2021-03-11,39.3,40.0,38.65,39.44,0.006379,8380100.0,328240000.0,26887000000.0,28121000000.0,0.012293,183.2319127379978,2021-04-27,2021-03-31,32.78505009529692,3.9082683932922566,121.0804063430708,3.4452137851018585,27.748459402845487
sz300308,2021-03-12,39.47,39.6,38.23,38.48,-0.0243409999999999,8313000.0,321360000.0,26232000000.0,27437000000.0,0.012194,178.7718647500422,2021-04-27,2021-03-31,31.98760426246084,3.8132057859521225,118.13531200294562,3.3614142676945944,27.073034152520826
sz300308,2021-03-15,38.49,38.75,37.42,37.68,-0.02079,6644700.0,252440000.0,25687000000.0,26866000000.000004,0.009747,175.05519768188884,2021-04-27,2021-03-31,31.321900211950034,3.7338479660819237,115.67676102602826,3.2914588226075367,26.510185772489923
sz300308,2021-03-16,37.83,38.28,37.21,37.4,-0.007431,5943100.0,223200000.0,25496000000.0,26667000000.0,0.008718,173.75436250791472,2021-04-27,2021-03-31,31.089894772279887,3.706190862484428,114.81992802356493,3.2670785536542533,26.31318858201455
sz300308,2021-03-17,37.67,38.13,37.2,37.78,0.0101599999999999,7839200.0,295810000.0,25755000000.0,26938000000.0,0.0114989999999999,175.51970683099515,2021-04-27,2021-03-31,31.405841878564356,3.7438545563282526,115.98677095656775,3.30027982443988,26.58053057800782
sz300308,2021-03-18,37.69,38.35,37.03,38.09,0.008205,8916900.0,335790000.0,25966000000.000004,27159000000.0,0.01308,176.95984602554347,2021-04-27,2021-03-31,31.663496160811093,3.774569229167682,116.9383292155848,3.327355399508601,26.798623831400374
sz300308,2021-03-19,37.55,37.94,36.71,36.81,-0.033605,8348600.0,311340000.0,25094000000.0,26246000000.0,0.012246,171.01311039985507,2021-04-27,2021-03-31,30.59906919388225,3.6476801056274155,113.00723106860482,3.2155001957179112,25.898056077546165
sz300308,2021-03-22,37.0,37.35,36.7,37.1,0.007878,5402700.0,200200000.0,25292000000.0,26453000000.0,0.007925,172.36035168358512,2021-04-27,2021-03-31,30.840401485398427,3.676449052585614,113.89850961890588,3.240860575985899,26.102080963325072
sz300308,2021-03-23,37.0,38.34,36.91,37.68,0.015633,10587100.0,400170000.0,25687000000.0,26866000000.000004,0.01553,175.05486106145463,2021-04-27,2021-03-31,31.321900211950034,3.7338479660819237,115.67676102602826,3.2914588226075367,26.510134795024733
sz300308,2021-03-24,35.96,35.96,32.99,34.41,-0.086783,24469500.0,831440000.0,23458000000.0,24535000000.0,0.035894,159.8630750539584,2021-04-27,2021-03-31,28.60428875531132,3.409884606856993,105.64018952481214,3.005878888285413,24.2095057671081
sz300308,2021-03-25,35.9,36.61,34.72,34.96,0.015984,15346100.0,547680000.0,23833000000.0,24927000000.0,0.022511,162.4183264456209,2021-04-27,2021-03-31,29.061304495767086,3.464364931531456,107.32802136886049,3.0539043427059505,24.59647050728956
sz300308,2021-03-26,35.14,36.86,34.94,36.84,0.053776,11761800.0,426080000.0,25114000000.0,26268000000.0,0.017254,171.15253436856057,2021-04-27,2021-03-31,30.624718036458848,3.65073767486935,113.10195632515857,3.2181955018333497,25.919170305289562
sz300308,2021-03-29,36.62,36.79,35.91,36.11,-0.019815,6447800.0,233590000.0,24617000000.0,25747000000.000004,0.009458,167.76114690004755,2021-04-27,2021-03-31,30.017306809985765,3.578328876003547,110.85869002222697,3.1543657524631974,25.405581945690244
sz300308,2021-03-30,36.5,36.5,35.51,35.57,-0.0149539999999999,5428500.0,194370000.0,24249000000.0,25362000000.0,0.007963,165.25244670930422,2021-04-27,2021-03-31,29.568452064895283,3.524821414269699,109.2009980325366,3.107197895443026,25.025666873274396
sz300308,2021-03-31,35.89,35.89,34.8,35.24,-0.0092769999999999,6754500.0,237470000.0,24024000000.0,25127000000.0,0.009908,163.71939976118202,2021-04-27,2021-03-31,29.29447579191798,3.492161015549039,108.18916006480353,3.0784071255735714,24.79350376169103
sz300308,2021-04-01,35.36,36.27,35.31,36.1,0.024404,4922800.0,177060000.0,24610000000.0,25740000000.0,0.0072209999999999,167.71480799295392,2021-04-27,2021-03-31,30.009145814620474,3.5773560130629307,110.82855016786894,3.153508155062829,25.39856442749134
sz300308,2021-04-02,36.42,37.98,36.28,37.82,0.047645,7714400.0,289840000.0,25782000000.0,26966000000.000004,0.011316,175.7055800197782,2021-04-27,2021-03-31,31.438485860025484,3.747746008090715,116.1073303739998,3.303710214041348,26.608679029639166
sz300308,2021-04-06,37.83,37.83,37.17,37.31,-0.0134849999999999,4275700.0,159810000.0,25435000000.0,26603000000.0,0.006272,173.33619027321157,2021-04-27,2021-03-31,31.0152799575116,3.6972961155988013,114.54436364086315,3.259237663136615,26.24986099292449
sz300308,2021-04-07,37.31,37.6,36.52,36.81,-0.013401,4236000.0,156230000.0,25094000000.0,26246000000.0,0.006214,171.01331198736023,2021-04-27,2021-03-31,30.59906919388225,3.6476801056274155,113.00723106860482,3.2155001957179112,25.898086605758305
sz300308,2021-04-08,36.9,37.18,36.15,36.25,-0.0152129999999999,4387100.0,160210000.0,24712000000.0,25847000000.000004,0.006435,168.41168647209653,2021-04-27,2021-03-31,30.133892458061208,3.592226918012338,111.28925937019848,3.1666171438970077,25.504099014224906
sz300308,2021-04-09,36.19,36.41,35.6,35.84,-0.0113099999999999,2970300.0,106890000.0,24433000000.0,25555000000.0,0.004357,166.5069502980971,2021-04-27,2021-03-31,29.7934623656809,3.5516446353466664,110.03199687412163,3.1308430809102803,25.21564765437402
sz300308,2021-04-12,35.9,36.15,34.35,34.43,-0.039342,5943400.0,208710000.0,23471000000.0,24549000000.0,0.008718,159.95623385946936,2021-04-27,2021-03-31,28.620610746041887,3.4118303327382247,105.70046923352815,3.0075940830861465,24.223613644355638
sz300308,2021-04-13,34.66,35.66,33.82,33.97,-0.0133599999999999,6565200.0,227750000.0,23158000000.0,24221000000.0,0.00963,157.81921857510687,2021-04-27,2021-03-31,28.238209820354417,3.366244754949388,104.28820177218158,2.967409519183248,23.89998616606705
sz300308,2021-04-14,34.0,34.47,33.77,34.4,0.0126579999999999,3546100.0,121630000.0,23451000000.0,24528000000.0,0.005202,159.81689424383055,2021-04-27,2021-03-31,28.596127759946043,3.408911743916378,105.61004967045415,3.005021290885046,24.20251219095712
sz300308,2021-04-15,34.35,34.35,33.5,33.85,-0.015988,4460800.0,150820000.0,23076000000.0,24136000000.0,0.0065439999999999,157.2617417386602,2021-04-27,2021-03-31,28.139112019490284,3.354431419241915,103.92221782640578,2.956995836464509,23.8155624260481
sz300308,2021-04-16,34.06,34.55,33.7,34.0,0.004431,4056000.0,137940000.0,23178000000.0,24243000000.0,0.00595,157.9585685163042,2021-04-27,2021-03-31,28.263858662931014,3.3693023241913225,104.38292702873531,2.9701048252986864,23.921089183157918
sz300308,2021-04-19,33.77,34.48,33.77,34.32,0.009412,6794200.0,232570000.0,23396000000.0,24471000000.0,0.009967,159.44527456317965,2021-04-27,2021-03-31,28.529673940543038,3.4009898599713666,105.36462514211038,2.9980379977677747,24.1462344745498
sz300308,2021-04-20,34.26,34.28,33.4,33.44,-0.025641,7564200.0,255100000.0,22796000000.0,23843000000.0,0.011096,155.35693827810516,2021-04-27,2021-03-31,27.797516070629214,3.313710156156156,102.66064963684923,2.921099259563444,23.527100876387866
sz300308,2021-04-21,33.31,33.39,32.85,32.85,-0.017644,5280400.0,174390000.0,22394000000.0,23423000000.0,0.0077459999999999,152.61582045912627,2021-04-27,2021-03-31,27.30785634871233,3.255338379719232,100.85225837536886,2.86964341554144,23.11198870852488
sz300308,2021-04-22,33.03,33.84,32.91,33.63,0.023744,5231400.0,174910000.0,22926000000.0,23979000000.0,0.0076739999999999,156.23953050010778,2021-04-27,2021-03-31,27.956072552011832,3.3326114932881126,103.2462239500905,2.937761151913427,23.660759768420096
sz300308,2021-04-23,33.34,33.36,32.61,32.62,-0.0300329999999999,7035700.0,231560000.0,22237000000.0,23259000000.0,0.0103209999999999,151.54718868059805,2021-04-27,2021-03-31,27.1166558858686,3.2325455908248135,100.14612464469556,2.8495511335899906,22.950156170295138
sz300308,2021-04-26,32.62,33.6,32.13,33.13,0.015635,8292000.0,273120000.0,22585000000.0,23622000000.0,0.012164,153.9166289756192,2021-04-27,2021-03-31,27.539861788382478,3.282995483316727,101.70909137783218,2.894023684494723,23.308981862017703
sz300308,2021-04-27,32.88,32.98,31.31,32.5,-0.0190159999999999,10550600.0,338260000.0,22156000000.0,23173000000.0,0.0154759999999999,150.98975035901884,2021-04-27,2021-03-31,27.016392228523713,3.220593274697253,99.77583500544004,2.839014936956913,22.865738262929575
sz300308,2021-04-28,32.77,32.84,32.1,32.46,-0.001231,5077000.0,165040000.0,22128000000.0,23145000000.0,0.007448,150.8038819763269,2021-08-26,2021-06-30,27.05287647230657,3.258589431325428,95.08128895924621,2.784807987574744,22.83759053912791
sz300308,2021-04-29,32.6,34.95,32.51,34.39,0.059458,14958800.0,508720000.0,23444000000.0,24521000000.0,0.021943,159.77037919087533,2021-08-26,2021-06-30,28.661204751671175,3.452316761526499,100.73399380296722,2.9503684019581033,24.195467997403377
sz300308,2021-04-30,34.77,35.09,33.93,34.21,-0.005234,10958300.0,377840000.0,23321000000.0,24392000000.0,0.016075,158.9341410261903,2021-08-26,2021-06-30,28.51042397548074,3.4341548243201485,100.20405272386836,2.9348471131096625,24.06882891790497
sz300308,2021-05-06,34.74,35.31,34.28,34.46,0.007308,8659000.0,301270000.0,23492000000.0,24571000000.0,0.012702,160.0956317288097,2021-08-26,2021-06-30,28.719646912985294,3.459356272071596,100.93939732199777,2.956384405387731,24.244723919637018
sz300308,2021-05-07,34.75,34.75,33.7,33.74,-0.020894,7048000.0,239360000.0,23001000000.0,24057000000.0,0.010339,156.75059359946795,2021-08-26,2021-06-30,28.118861494676135,3.386990103667998,98.82784914636362,2.8945398901311563,23.73815465806012
sz300308,2021-05-10,33.35,33.35,31.53,31.76,-0.058684,7789200.0,250010000.0,21651000000.0,22645000000.0,0.011426,147.55184176467677,2021-08-26,2021-06-30,26.468454859165362,3.1881943258744574,93.0272537689406,2.724647953278465,22.34510479010652
sz300308,2021-05-11,31.42,33.98,31.4,33.06,0.0409319999999999,8490700.0,279200000.0,22537000000.0,23572000000.0,0.0124549999999999,153.59143375178854,2021-08-26,2021-06-30,27.55197252992916,3.3187068513805564,96.83543501176719,2.8361846568637654,23.259734619375163
sz300308,2021-05-12,33.2,33.35,32.4,32.86,-0.00605,4353300.0,143000000.0,22401000000.0,23430000000.0,0.006386,152.6622055775902,2021-08-26,2021-06-30,27.38599679179706,3.2987146414324813,96.2520890177204,2.8190992071236227,23.119013224927944
sz300308,2021-05-13,32.54,35.58,32.42,34.46,0.048691,11404900.0,393110000.0,23492000000.0,24571000000.0,0.01673,160.09548102936864,2021-08-26,2021-06-30,28.719646912985294,3.459356272071596,100.93939732199777,2.956384405387731,24.24470109786291
sz300308,2021-05-14,34.85,35.16,34.22,34.98,0.01509,9114800.0,316820000.0,23846000000.0,24941000000.0,0.013371,162.51132183810182,2021-08-26,2021-06-30,29.152118906709788,3.511448650105314,102.45938336282391,3.000902830766977,24.61055363742966
sz300308,2021-05-17,35.21,36.18,35.02,35.72,0.021155,8788200.0,313260000.0,24351000000.0,25469000000.0,0.012891,165.94924885158687,2021-08-26,2021-06-30,29.769268130186912,3.585785881461539,104.62844452378663,3.0644318269838475,25.131189899629486
sz300308,2021-05-18,35.5,36.02,35.0,35.6,-0.003359,4714900.0,167750000.0,24269000000.0,25383000000.0,0.0069159999999999,165.3918253246944,2021-08-26,2021-06-30,29.668747612726623,3.5736779233239724,104.27515047105406,3.0540843010848877,25.046774232756633
sz300308,2021-05-19,35.6,36.64,35.31,35.42,-0.005056,5615900.0,202090000.0,24146000000.0,25255000000.0,0.0082379999999999,164.55560425585276,2021-08-26,2021-06-30,29.519135679762467,3.5556567763285236,103.74931746233582,3.0386833323050397,24.920137742235816
sz300308,2021-05-20,35.66,36.8,35.66,36.58,0.03275,8561200.0,311900000.0,24937000000.0,26082000000.0,0.012558,169.94480029523197,2021-08-26,2021-06-30,30.48576902789803,3.6720902807444293,107.1466916671013,3.1381880290310855,25.736272253294043
sz300308,2021-05-21,36.63,37.3,36.2,36.97,0.010662,8624400.0,318160000.0,25203000000.0,26360000000.000004,0.012651,171.7567517559797,2021-08-26,2021-06-30,30.81070744480455,3.7112299593751694,108.28873523291124,3.171637008099817,26.010672388058662
sz300308,2021-05-24,37.28,37.38,36.4,37.14,0.004598,6404600.0,236730000.0,25319000000.0,26481000000.0,0.009395,172.5464893005537,2021-08-26,2021-06-30,30.952137475184717,3.7282655748943037,108.78581174896517,3.186195736399516,26.130269459698958
sz300308,2021-05-25,37.1,38.58,36.9,38.06,0.024771,8213300.0,310980000.0,25946000000.0,27137000000.0,0.012048,176.82063838701777,2021-08-26,2021-06-30,31.71889863162598,3.8206239532459767,111.4807059186461,3.2651257013962334,26.777542364485164
sz300308,2021-05-26,37.94,38.38,37.8,38.12,0.001576,5331300.0,203040000.0,25987000000.0,27180000000.0,0.00782,177.0993077131157,2021-08-26,2021-06-30,31.769158890356128,3.82667793231476,111.6573529450124,3.2702994643457135,26.81974377125159
sz300308,2021-05-27,38.29,40.8,38.25,40.3,0.057188,10304100.0,410140000.0,27473000000.0,28735000000.000008,0.015115,187.22726292261336,2021-08-26,2021-06-30,33.586710107225294,4.04560671026728,118.04540238686285,3.4573971710071416,28.35351127804193
sz300308,2021-05-28,39.69,41.49,39.66,40.1,-0.004963,9723500.0,393490000.0,27337000000.0,28592000000.0,0.014263,186.2980540167284,2021-08-26,2021-06-30,33.4195655258669,4.025473710108302,117.45794832243541,3.440191401198405,28.212792801569
sz300308,2021-05-31,40.34,41.53,40.32,41.19,0.0271819999999999,8800800.0,361580000.0,28080000000.0,29369000000.0,0.01291,191.36200772101108,2021-08-26,2021-06-30,34.32775671268834,4.1348677039791095,120.64991900817031,3.533680094494822,28.97967293550125
sz300308,2021-06-01,41.15,41.68,39.46,40.76,-0.010439,11933800.0,487260000.0,27787000000.0,29063000000.0,0.017505,189.36437972241146,2021-08-26,2021-06-30,33.97009068544592,4.091785899443115,119.39284947170327,3.496862153505499,28.677154129727548
sz300308,2021-06-02,41.0,41.48,40.31,40.7,-0.001472,5427200.0,221390000.0,27746000000.0,29020000000.0,0.007961,189.08563535546006,2021-08-26,2021-06-30,33.91983042671578,4.085731920374332,119.216202445337,3.4916883905560194,28.63494135884859
sz300308,2021-06-03,40.62,41.76,40.48,40.77,0.00172,4940800.0,202690000.0,27793000000.0,29070000000.0,0.007248,189.4108626482714,2021-08-26,2021-06-30,33.978272588029895,4.09277143091943,119.42160596436756,3.4977043939856474,28.684193457985806
sz300308,2021-06-04,41.39,41.75,40.83,41.36,0.014471,4781000.0,197660000.0,28196000000.0,29490000000.0,0.0070129999999999,192.15182724165456,2021-08-26,2021-06-30,34.46918674306851,4.151903319498244,121.14699552422425,3.548238822794521,29.099282421516317
sz300308,2021-06-07,41.57,42.01,40.07,40.67,-0.016683,5843900.0,237700000.0,27725000000.0,28998000000.0,0.008572,188.94615830778204,2021-08-26,2021-06-30,33.89411587573756,4.082634535734489,119.12582489696356,3.489041349046983,28.613819092878163
sz300308,2021-06-08,40.99,41.02,39.05,39.8,-0.0213919999999999,6387800.0,254840000.0,27132000000.0,28378000000.0,0.00937,184.90422208926196,2021-08-26,2021-06-30,33.16943307544246,3.9953446049752857,116.57882126098461,3.4144429065195974,28.001712274843314
sz300308,2021-06-09,39.65,40.11,39.21,39.53,-0.0037799999999999,4100800.0,162240000.0,26948000000.0,28186000000.0,0.0060149999999999,184.2052841297646,2021-08-26,2021-06-30,32.94501517599624,3.9683128844821134,115.79007174790726,3.3913414533498263,27.895865802444412
sz300308,2021-06-10,39.76,40.65,39.21,39.8,0.00683,8113800.0,323400000.0,27132000000.0,28378000000.0,0.011902,185.46340622037087,2021-08-26,2021-06-30,33.16943307544246,3.9953446049752857,116.57882126098461,3.4144429065195974,28.086394565875104
sz300308,2021-06-11,39.55,39.87,38.3,38.86,-0.023618,12255100.0,476630000.0,26491000000.000004,27708000000.0,0.017977,181.08313149225813,2021-08-26,2021-06-30,32.38630811383324,3.9010151636709853,113.8264141059751,3.333828460562584,27.423050099018266
sz300308,2021-06-15,38.57,39.5,38.38,39.21,0.009007,6566500.0,256680000.0,26730000000.0,27957000000.0,0.009632,182.71414725760891,2021-08-26,2021-06-30,32.677350077177564,3.9360719261855683,114.84932363074729,3.3637881576421305,27.670049511260125
sz300308,2021-06-16,39.36,41.76,39.07,40.01,0.020403,8292000.0,335890000.0,27275000000.0,28528000000.0,0.012164,186.44206400410587,2021-08-26,2021-06-30,33.344759559384826,4.016463136610577,117.19503181807629,3.432490916808481,28.23460153143836
sz300308,2021-06-17,40.12,41.3,40.05,40.69,0.016996,8083700.0,329020000.0,27739000000.0,29013000000.0,0.011858,189.61083332391968,2021-08-26,2021-06-30,33.9116485241318,4.0847463888980196,119.18744595267273,3.4908461500758716,28.71447681906669
sz300308,2021-06-18,40.8,41.19,39.61,39.8,-0.021873,6795800.0,273000000.0,27132000000.0,28378000000.0,0.009969,185.46347556662556,2021-08-26,2021-06-30,33.16943307544246,3.9953446049752857,116.57882126098461,3.4144429065195974,28.086405067603238
sz300308,2021-06-21,39.95,39.95,38.27,38.5,-0.032663,7039300.0,273060000.0,26246000000.0,27451000000.0,0.010326,179.4056820641929,2021-08-26,2021-06-30,32.08591540467866,3.8648320794691866,112.77064001815803,3.3029062029342966,27.16901881888012
sz300308,2021-06-22,38.71,39.21,37.03,37.57,-0.024156,8072700.0,305620000.0,25612000000.0,26788000000.0,0.011842,175.07195840825028,2021-08-26,2021-06-30,31.31097234565342,3.7714881696411995,110.0469893558128,3.2231339974574307,26.51272400029125
sz300308,2021-06-23,37.26,38.63,37.19,38.47,0.023955,6827300.0,259720000.0,26225000000.0,27430000000.0,0.010015,179.2658071719199,2021-08-26,2021-06-30,32.06136969692673,3.861875485040246,112.68437054016519,3.300379481493853,27.147836303718226
sz300308,2021-06-24,38.6,38.6,37.29,37.66,-0.021055,5063900.0,190740000.0,25665000000.0,26852000000.0,0.007431,175.4913656019151,2021-08-26,2021-06-30,31.385778312135493,3.7804987431389234,110.30990586017192,3.2308344818473547,26.576238610343438
sz300308,2021-06-25,37.8,37.97,36.66,36.99,-0.017791,5736000.0,213080000.0,25209000000.0,26374000000.0,0.008417,172.36919871649144,2021-08-26,2021-06-30,30.827071249972498,3.7132010223277954,108.34624821823977,3.173321489060112,26.103420749226817
sz300308,2021-06-28,37.01,38.5,36.63,38.35,0.036767,7708400.0,291580000.0,26136000000.0,27344000000.0,0.011311,178.70669704570065,2021-08-26,2021-06-30,31.96084917946644,3.8497675269026788,112.33107648743263,3.290031955594893,27.06316521991364
sz300308,2021-06-29,38.55,38.74,38.01,38.36,0.000261,4622500.0,177220000.0,26142000000.0,27351000000.0,0.006783,178.7533394936296,2021-08-26,2021-06-30,31.969031082050414,3.850753058378992,112.3598329800969,3.2908741960750403,27.07022870603604
sz300308,2021-06-30,38.48,38.52,37.76,38.52,0.004171,5515400.0,210620000.0,26252000000.0,27465000000.0,0.008093,179.49891967265754,2021-08-26,2021-06-30,32.102279209846614,3.866803142421813,112.82815300348658,3.304590683894592,27.183138629968912
sz300308,2021-07-01,38.49,38.49,36.91,36.95,-0.0407579999999999,5476800.0,205530000.0,25182000000.0,26346000000.0,0.008036,172.1829027046394,2021-08-26,2021-06-30,30.794343639636587,3.7092588964225417,108.23122224758266,3.169952527139521,26.075208265688644
sz300308,2021-07-02,36.9,37.46,35.76,36.1,-0.023004,6091600.0,222630000.0,24602000000.0,25740000000.0,0.008939,168.22200721082186,2021-08-26,2021-06-30,30.08602464450944,3.623940028615965,105.74173159693227,3.09703856557243,25.475374174744744
sz300308,2021-07-05,36.1,36.58,35.52,36.22,0.003324,4426200.0,159400000.0,24684000000.0,25825000000.0,0.006495,168.78117716279064,2021-08-26,2021-06-30,30.185376318743447,3.6359071965426297,106.09091757928422,3.107265771402798,25.560054318501596
sz300308,2021-07-06,36.15,36.8,35.6,36.18,-0.001104,4414800.0,159680000.0,24657000000.0,25797000000.000004,0.006478,168.59484274320292,2021-08-26,2021-06-30,30.152648708407547,3.6319650706373765,105.97589160862712,3.1038968094822073,25.53183601853397
sz300308,2021-07-07,36.04,36.8,35.7,36.69,0.014096,4062000.0,147190000.0,25004000000.0,26161000000.0,0.00596,170.9713556465111,2021-08-26,2021-06-30,30.57810764277434,3.683212707405682,107.47122922716959,3.147693314449897,25.891732779051228
sz300308,2021-07-08,36.75,36.75,35.71,35.96,-0.019896,5141300.0,185750000.0,24507000000.0,25640000000.0,0.0075439999999999,167.5697095545681,2021-08-26,2021-06-30,29.969140321881202,3.609861007525771,105.33092455887115,3.085006558713175,25.376590863679223
sz300308,2021-07-09,36.28,38.02,36.25,36.34,0.010567,8214600.0,302950000.0,24766000000.0,25911000000.0,0.012054,169.34041867543124,2021-08-26,2021-06-30,30.285896836203737,3.6480151546801967,106.44421163201677,3.117613297301758,25.644745299335717
sz300308,2021-07-12,36.04,39.88,36.04,38.89,0.070171,15575200.0,601750000.0,26504000000.000004,27729000000.000004,0.022854,181.2232051943049,2021-08-26,2021-06-30,32.41085382158518,3.9039717580999267,113.91268358396796,3.3363551820030284,27.444262721735406
sz300308,2021-07-13,39.1,39.2,37.63,38.16,-0.018771,7830400.0,299110000.0,26006000000.0,27209000000.0,0.01149,177.8214644096026,2021-08-26,2021-06-30,31.803055343918313,3.830760848430917,111.77648698605012,3.273788746334898,26.929106466185708
sz300308,2021-07-14,38.18,38.8,37.6,37.63,-0.0138889999999999,6603300.0,251080000.0,25645000000.0,26831000000.0,0.009689,175.35170209041766,2021-08-26,2021-06-30,31.36123260438356,3.777542148709983,110.22363638217908,3.228307760406911,26.55508810647686
sz300308,2021-07-15,37.06,37.11,33.2,33.88,-0.099655,18948300.0,653730000.0,23089000000.0,24157000000.0,0.027804,157.87702821859708,2021-08-26,2021-06-30,28.235745817304373,3.4010691247581923,99.23865618442473,2.906571896990412,23.908740801225907
sz300308,2021-07-16,33.79,34.1,32.68,32.71,-0.0345339999999999,10473500.0,347310000.0,22292000000.0,23323000000.0,0.015368,152.42490292609608,2021-08-26,2021-06-30,27.26093056658484,3.283650088865974,95.812525486995,2.806224959784219,23.083076346396375
sz300308,2021-07-19,32.68,33.55,32.0,33.32,0.018649,10868100.0,356200000.0,22708000000.0,23758000000.0,0.015947,155.26747494076483,2021-08-26,2021-06-30,27.76937737001769,3.344893830608318,97.59953610256088,2.8585641896219816,23.513552637180318
sz300308,2021-07-20,33.03,34.19,32.86,33.89,0.017107,6945000.0,233010000.0,23096000000.0,24164000000.0,0.010191,157.9236356345765,2021-08-26,2021-06-30,28.24392771988835,3.402054656234506,99.26741267708901,2.9074141374705595,23.915798982144562
sz300308,2021-07-21,33.65,34.09,33.31,34.0,0.003246,5399300.0,182150000.0,23171000000.0,24243000000.0,0.007923,158.43625575584633,2021-08-26,2021-06-30,28.336266334764666,3.4131770828957593,99.5919502371573,2.9169194228893724,23.993429665640605
sz300308,2021-07-22,33.98,34.95,33.61,34.71,0.0208819999999999,6955200.0,239940000.0,23655000000.0,24749000000.0,0.010206,161.7447216485399,2021-08-26,2021-06-30,28.92770100726357,3.4844169296121414,101.67063384974657,2.977801377597206,24.494460463918507
sz300308,2021-07-23,35.14,35.25,34.15,34.43,-0.008067,5263100.0,181780000.0,23464000000.0,24549000000.0,0.007723,160.4399269790011,2021-08-26,2021-06-30,28.693932362007086,3.456258887431753,100.84901977362433,2.9537373638786946,24.296863651356073
sz300308,2021-07-26,34.27,34.7,33.05,33.62,-0.023526,5733700.0,193080000.0,22912000000.0,23972000000.0,0.008413,156.6654172568931,2021-08-26,2021-06-30,28.019509820442128,3.375022935741333,98.47866316401166,2.884312684300789,23.725255637094268
sz300308,2021-07-27,33.84,39.88,33.53,38.17,0.1353359999999999,23652700.0,886330000.0,26013000000.0,27216000000.000004,0.034707,177.867888166772,2021-08-26,2021-06-30,31.811237246502294,3.8317463799072304,111.80524347871442,3.2746309868150463,26.93613683399606
sz300308,2021-07-28,37.9,39.5,37.01,39.06,0.0233169999999999,22276400.0,859680000.0,26620000000.0,27850000000.0,0.032687,182.01523371515657,2021-08-26,2021-06-30,32.55228385196534,3.921007373619061,114.40976010002188,3.3509139103027272,27.564206736554336
sz300308,2021-07-29,39.8,41.08,38.5,40.86,0.046083,24524400.0,982100000.0,27846000000.0,29134000000.0,0.035986,190.40304173045214,2021-08-26,2021-06-30,34.05307855451197,4.101782004417153,119.68452246872667,3.5054048783755705,28.834448075594974
sz300308,2021-07-30,40.29,43.97,40.04,42.67,0.044298,27448900.0,1163010000.0,29080000000.0,30424000000.0,0.040277,198.8375156730277,2021-08-26,2021-06-30,35.560886316416294,4.283401376480658,124.98393325971513,3.66061776685997,30.11175645644768
sz300308,2021-08-02,43.3,45.38,42.8,44.0,0.031169,21326400.0,936880000.0,29986000000.0,31373000000.0,0.031293,205.03508219904032,2021-08-26,2021-06-30,36.670118538158306,4.417011286626599,128.88249205091515,3.774801511954307,31.050309793438696
sz300308,2021-08-03,43.7,44.6,42.27,42.38,-0.036818,20238700.0,872300000.0,28882000000.0,30218000000.0,0.029697,197.48610054263605,2021-08-26,2021-06-30,35.32010461180211,4.254398593034857,124.13767076130921,3.6358318327299033,29.90709948746387
sz300308,2021-08-04,42.4,43.23,41.87,42.67,0.006843,12904000.0,548440000.0,29080000000.0,30424000000.0,0.018934,198.8374979286493,2021-08-26,2021-06-30,35.560886316416294,4.283401376480658,124.98393325971513,3.66061776685997,30.111753769256584
sz300308,2021-08-05,42.75,42.75,41.27,42.02,-0.015233,10179700.0,427580000.0,28637000000.0,29961000000.0,0.014937,195.80860632270216,2021-08-26,2021-06-30,35.01971190264753,4.218215508833059,123.08189667349214,3.604909575101616,29.653061424089497
sz300308,2021-08-06,41.9,42.83,41.02,41.74,-0.006663,11091600.0,463810000.0,28446000000.0,29761000000.0,0.016275,194.503933578774,2021-08-26,2021-06-30,34.78594325739105,4.190057466652671,122.26028259736991,3.580845561383105,29.455483075820787
sz300308,2021-08-09,41.46,43.34,41.3,42.01,0.006469,11258600.0,476960000.0,28630000000.0,29954000000.000008,0.01652,195.7621795250951,2021-08-26,2021-06-30,35.011530000063566,4.217229977356746,123.0531401808279,3.604067334621469,29.646030595838276
sz300308,2021-08-10,42.28,42.28,41.2,42.07,0.001428,10252000.0,427740000.0,28671000000.0,29997000000.000008,0.015043,196.04172791745694,2021-08-26,2021-06-30,35.06179025879371,4.223283956425529,123.22978720719418,3.6092410975709495,29.68836512752913
sz300308,2021-08-11,41.93,42.73,41.46,41.56,-0.012123,9100800.0,381600000.0,28323000000.0,29633000000.0,0.013354,193.6651140499136,2021-08-26,2021-06-30,34.63633132442689,4.172036319657222,121.73444958865167,3.5654445926032565,29.328453077088096
sz300308,2021-08-12,41.08,42.56,40.03,41.7,0.0033689999999999,9692300.0,403460000.0,28419000000.0,29733000000.0,0.014222,194.31757181914776,2021-08-26,2021-06-30,34.75321564705514,4.186115340747416,122.1452566267128,3.577476599462513,29.427260635504805
sz300308,2021-08-13,41.71,41.87,40.3,40.44,-0.030216,11094500.0,454310000.0,27560000000.000004,28834000000.0,0.016279,188.44607206906036,2021-08-26,2021-06-30,33.70242558662724,4.059544941146571,118.45210135454332,3.4693088577978033,28.53808652814239
sz300308,2021-08-16,40.5,42.1,40.08,40.8,0.008902,9192100.0,378590000.0,27805000000.0,29091000000.000008,0.013488,190.12361900261914,2021-08-26,2021-06-30,34.002818295781836,4.095728025348371,119.50787544236042,3.5002311154260917,28.792132574415913
sz300308,2021-08-17,41.38,41.38,39.16,39.48,-0.032353,7916300.0,317200000.0,26906000000.0,28150000000.0,0.011616,183.97254955702743,2021-08-26,2021-06-30,32.90293681985007,3.963244436889644,115.64218121420527,3.3870099308804944,27.86062070923584
sz300308,2021-08-18,39.19,39.8,37.77,38.06,-0.035968,9232300.0,354270000.0,25938000000.0,27137000000.0,0.013547,177.35542489456026,2021-08-26,2021-06-30,31.71889863162598,3.8206239532459767,111.4807059186461,3.2651257013962334,26.858529903566044
sz300308,2021-08-19,38.23,39.14,38.18,38.55,0.012874,5376000.0,208010000.0,26272000000.000004,27487000000.0,0.007888,179.63869863465283,2021-08-26,2021-06-30,32.12799376082483,3.8699005270616564,112.91853055186002,3.3072377254036285,27.204306617544553
sz300308,2021-08-20,38.64,38.89,36.95,37.65,-0.023346,7592600.0,286280000.0,25659000000.0,26845000000.0,0.011141,175.44485357632823,2021-08-26,2021-06-30,31.377596409551515,3.77951321166261,110.28114936750764,3.2299922413672064,26.56919487525136
sz300308,2021-08-23,37.5,38.23,37.39,37.78,0.003453,6282600.0,237580000.0,25747000000.000004,26938000000.0,0.009219,176.05066465572725,2021-08-26,2021-06-30,31.48629882959578,3.7926067012764904,110.66319991290449,3.2411820077463145,26.660938305155597
sz300308,2021-08-24,38.0,38.32,36.65,38.12,0.008999,8423900.0,316760000.0,25979000000.000004,27180000000.0,0.012361,177.63494458696414,2021-08-26,2021-06-30,31.769158890356128,3.82667793231476,111.6573529450124,3.2702994643457135,26.90086008896369
sz300308,2021-08-25,38.01,38.52,37.31,37.39,-0.01915,7637600.0,287540000.0,25481000000.0,26660000000.000004,0.011207,174.23323539812375,2021-08-26,2021-06-30,31.16136041268927,3.7534670226457516,109.52115634709457,3.207733028677584,26.385708618260033
sz300308,2021-08-26,37.1,37.69,36.7,36.88,-0.01364,7687800.0,285790000.0,25134000000.0,26296000000.0,0.011281,171.85669406729335,2021-08-26,2021-06-30,30.735901478322468,3.7022193858774446,108.0258187285521,3.163936523709893,26.025807552706965
sz300308,2021-08-27,36.61,36.61,35.76,36.21,-0.018167,6839700.0,247070000.0,24677000000.0,25818000000.0,0.010036,168.73457350617284,2021-10-26,2021-09-30,30.8151916375657,3.6023986859356625,50.53480299383362,2.982552612387671,25.552996706896938
sz300308,2021-08-30,36.67,37.1,36.14,36.26,0.001381,6133500.0,224890000.0,24711000000.0,25854000000.000004,0.009,168.96759595218487,2021-10-26,2021-09-30,30.858159601736144,3.6074217842660405,50.60526751113854,2.9867114122190275,25.588285395349164
sz300308,2021-08-31,35.7,36.47,34.99,35.42,-0.023166,5464400.0,193980000.0,24139000000.0,25255000000.0,0.008018,165.05329262435654,2021-10-26,2021-09-30,30.143220420122457,3.523843009268927,49.43281623709304,2.9175136039139598,24.995507175880505
sz300308,2021-09-01,35.23,36.58,34.5,35.68,0.00734,5778400.0,205920000.0,24316000000.0,25440000000.0,0.008479,166.26478379221933,2021-10-26,2021-09-30,30.364028013776096,3.5496561534667,49.794925562132136,2.938885214158429,25.17897419855147
sz300308,2021-09-02,35.41,36.23,35.1,35.7,0.000561,4070100.0,145290000.0,24330000000.0,25455000000.0,0.005972,166.35805833592678,2021-10-26,2021-09-30,30.381931332180447,3.5517491111043573,49.824285777675854,2.940618047421495,25.193099603076856
sz300308,2021-09-03,35.78,37.89,35.67,37.03,0.037255,6771500.0,250380000.0,25236000000.0,26403000000.0,0.009936,172.55572779923173,2021-10-26,2021-09-30,31.513421055335314,3.684024033804295,51.67985140003831,3.0501331096472097,26.131668528789486
sz300308,2021-09-06,37.04,37.74,36.61,36.92,-0.002971,6129900.0,227510000.0,25183000000.0,26325000000.0,0.008987,172.04306473194023,2021-10-26,2021-09-30,31.420323799632694,3.6731406540884772,51.52717827921102,3.0411223766792714,26.054031341590456
sz300308,2021-09-07,36.73,36.92,35.58,36.01,-0.024648,7145300.0,257300000.0,24562000000.0,25676000000.0,0.010476,167.80254727242738,2021-10-26,2021-09-30,30.645706890004526,3.582585353632507,50.25685962001984,2.966148457497321,25.411851577082935
sz300308,2021-09-08,35.99,36.85,35.73,36.68,0.018606,8001500.0,291590000.0,25019000000.0,26153000000.0,0.011731,170.92468146697814,2021-10-26,2021-09-30,31.21503241526283,3.649141406510008,51.19051447430982,3.0212525552627914,25.884664487526138
sz300308,2021-09-09,36.65,36.65,35.13,35.48,-0.032715,7227300.0,257260000.0,24201000000.0,25298000000.0,0.010596,165.33288051278595,2021-10-26,2021-09-30,30.19454326621493,3.5298428211635446,49.51698218831835,2.92248105926808,25.037847688816722
sz300308,2021-09-10,35.45,35.71,34.5,35.61,0.003664,6649000.0,233350000.0,24289000000.0,25391000000.0,0.009748,165.93866018698478,2021-10-26,2021-09-30,30.305543840321892,3.5428191585170197,49.699015524689344,2.9332246254990837,25.12958636274854
sz300308,2021-09-13,35.37,35.51,34.09,34.22,-0.039034,6351900.0,219430000.0,23341000000.0,24399000000.0,0.009312,159.461410525246,2021-10-26,2021-09-30,29.121537716514272,3.4044048934132864,47.75732660339867,2.8186265857017108,24.148678088665015
sz300308,2021-09-14,34.22,34.68,34.12,34.32,0.0029219999999999,4112900.0,141210000.0,23409000000.0,24471000000.0,0.00603,159.92735676680076,2021-10-26,2021-09-30,29.207473644855153,3.4144510900740412,47.89825563800847,2.8269441853644235,24.21924052604009
sz300308,2021-09-15,34.5,34.94,33.79,34.82,0.014569,3861700.0,133270000.0,23751000000.0,24827000000.0,0.005661,162.25733842753627,2021-10-26,2021-09-30,29.632379068318365,3.464123951341106,48.59507142024585,2.8680700948078353,24.572090641263966
sz300308,2021-09-16,34.87,35.4,34.3,34.32,-0.01436,4265400.0,148690000.0,23409000000.0,24471000000.0,0.006254,159.92732304771684,2021-10-26,2021-09-30,29.207473644855153,3.4144510900740412,47.89825563800847,2.8269441853644235,24.219235419655416
sz300308,2021-09-17,34.21,34.91,33.82,34.7,0.011072,3050900.0,104880000.0,23669000000.0,24742000000.0,0.0044729999999999,161.69803836850116,2021-10-26,2021-09-30,29.53092693069372,3.4522638580610487,48.42869686549816,2.8582507063171327,24.487390794221838
sz300308,2021-09-22,34.38,35.25,34.07,34.7,0.0,2304700.0,80130000.0,23669000000.0,24742000000.0,0.003379,161.69803836850116,2021-10-26,2021-09-30,29.53092693069372,3.4522638580610487,48.42869686549816,2.8582507063171327,24.487390794221838
sz300308,2021-09-23,35.0,35.38,34.2,34.22,-0.013833,4994800.0,172270000.0,23341000000.0,24399000000.0,0.007323,159.46126940374967,2021-10-26,2021-09-30,29.121537716514272,3.4044048934132864,47.75732660339867,2.8186265857017108,24.148656717365366
sz300308,2021-09-24,34.41,34.96,34.08,34.65,0.0125659999999999,3624100.0,125260000.0,23635000000.0,24706000000.0,0.005313,161.46505971507713,2021-10-26,2021-09-30,29.48795896652328,3.447240759730672,48.35823234819326,2.854091906485777,24.452108737675772
sz300308,2021-09-27,35.68,36.6,34.91,35.34,0.019913,8708400.0,311340000.0,24268000000.0,25198000000.0,0.0126819999999999,164.68031344918347,2021-10-26,2021-09-30,30.075187810185934,3.5158897702458294,49.32124741802695,2.9109288375143123,24.939023578969113
sz300308,2021-09-28,35.11,35.17,34.14,34.16,-0.0333899999999999,4449800.0,153370000.0,23458000000.0,24357000000.0,0.00648,159.18163778311526,2021-10-26,2021-09-30,29.071408424982092,3.398544612027846,47.67511799987628,2.8137746525651286,24.106309581667336
sz300308,2021-09-29,33.9,34.99,33.48,34.91,0.021956,5481600.0,188050000.0,23973000000.0,24891000000.0,0.007982,162.67662982228134,2021-10-26,2021-09-30,29.708766560176922,3.473053903928444,48.72034167323235,2.8754635167302465,24.635587714842426
sz300308,2021-09-30,34.91,35.6,34.62,34.88,-0.000859,3712500.0,130030000.0,23952000000.0,24870000000.0,0.005406,162.536890597264,2021-10-26,2021-09-30,29.683701914410833,3.470123763235724,48.67923737147116,2.873037550161955,24.614425744995376
sz300308,2021-10-08,35.1,35.5,34.4,35.06,0.005161,4492700.0,156560000.0,24076000000.0,24998000000.0,0.006542,163.37574348963648,2021-10-26,2021-09-30,29.836476898127945,3.4879836684103993,48.929777877444145,2.8878243940067776,24.741460796265297
sz300308,2021-10-11,35.0,35.99,34.61,35.6,0.015402,6249700.0,221260000.0,24447000000.0,25383000000.0,0.009101,165.89205669086385,2021-10-26,2021-09-30,30.295995403839573,3.5417029144436025,49.683356743066035,2.9323004477587826,25.122528775449375
sz300308,2021-10-12,35.32,35.57,34.67,34.78,-0.023034,5185400.0,181830000.0,23883000000.0,24799000000.0,0.007551,162.0708990570465,2021-10-26,2021-09-30,29.59895954063025,3.460217097084147,48.54026568456426,2.864835472716781,24.54385644763567
sz300308,2021-10-13,34.89,35.29,34.3,35.11,0.009488,3369000.0,117670000.0,24110000000.0,25034000000.0,0.004906,163.60862774729975,2021-10-26,2021-09-30,29.879444862298385,3.493006766740777,49.00024239474905,2.891983193838134,24.776728557610838
sz300308,2021-10-14,35.01,35.4,34.8,34.87,-0.006836,2801100.0,98190000.0,23945000000.0,24863000000.0,0.004079,162.49019916801922,2021-10-26,2021-09-30,29.675347032488805,3.4691470496714842,48.66553593755076,2.872228894639192,24.60735484119101
sz300308,2021-10-15,34.83,35.19,34.19,34.23,-0.018354,4372100.0,150770000.0,23506000000.0,24407000000.0,0.006367,159.5078540524894,2021-10-26,2021-09-30,29.131086152996588,3.4055211374867036,47.77298538502197,2.8195507634420123,24.155711450435792
sz300308,2021-10-18,34.24,34.25,32.8,33.03,-0.035057,5614200.0,186540000.0,22682000000.0,23551000000.0,0.008176,153.91598721297126,2021-10-26,2021-09-30,28.109403449388402,3.2860830216310637,46.09749575132759,2.7206637452297633,23.308884674117863
sz300308,2021-10-19,33.18,33.56,32.92,33.42,0.011807,3534800.0,117590000.0,22950000000.0,23829000000.0,0.005147,155.7332732739948,2021-10-26,2021-09-30,28.441211617149005,3.3248725031823114,46.641638412737684,2.7527789217052367,23.58409267546517
sz300308,2021-10-20,33.75,34.12,33.36,33.53,0.0032909999999999,3122600.0,105400000.0,23025000000.0,23907000000.0,0.004547,156.2457914763395,2021-10-26,2021-09-30,28.53430887285162,3.3357558828981286,46.79431153356497,2.7617896546731755,23.661707924460124
sz300308,2021-10-21,33.68,33.69,33.17,33.22,-0.009245,3667200.0,122600000.0,22812000000.0,23686000000.0,0.00534,154.80129913414075,2021-10-26,2021-09-30,28.270533315027546,3.3049196403699788,46.36173769122098,2.7362592445973495,23.44295543469849
sz300308,2021-10-22,33.27,33.62,32.78,32.82,-0.012041,4290900.0,141770000.0,22538000000.0,23401000000.0,0.006248,152.93733669126655,2021-10-26,2021-09-30,27.93037026534491,3.265153445254491,45.80389359589049,2.7033354125991123,23.160678808309285
sz300308,2021-10-25,33.58,33.88,32.97,33.21,0.011883,6602000.0,220660000.0,22805000000.0,23679000000.0,0.009614,154.7546910631689,2021-10-26,2021-09-30,28.262178433105507,3.303942926805738,46.348036257300585,2.7354505890745853,23.435897154588428
sz300308,2021-10-26,33.45,34.88,32.85,34.31,0.033123,10378000.0,352350000.0,23561000000.0,24464000000.0,0.015113,159.88063069525424,2021-10-26,2021-09-30,29.199118762933118,3.413474376509801,47.884554204088076,2.8261355298416597,24.212164376039862
sz300308,2021-10-27,34.18,34.18,33.02,33.33,-0.0285629999999999,6008300.0,200590000.0,22888000000.0,23765000000.0,0.008749,155.3139602407057,2022-04-25,2022-03-31,24.580568062436697,2.859026808038116,12.889013619184142,2.007443309149025,23.520592324967037
sz300308,2021-10-28,33.28,33.71,32.8,32.81,-0.015602,5675600.0,188320000.0,22531000000.0,23394000000.0,0.008265,152.8907518330302,2022-04-25,2022-03-31,24.196836072065818,2.81439398894356,12.687800740887601,1.9761047243522951,23.1536240435129
sz300308,2021-10-29,32.6,33.45,32.18,33.07,0.0079239999999999,6707300.0,220210000.0,22709000000.0,23579000000.0,0.009768,154.10225815055512,2022-04-25,2022-03-31,24.38818490823459,2.836650246443541,12.78813600365003,1.9917317814611764,23.33709336043369
sz300308,2021-11-01,33.22,34.45,33.18,33.82,0.0226789999999999,6921000.0,234390000.0,23224000000.0,24114000000.0,0.010079,157.59714326315154,2022-04-25,2022-03-31,24.941545056074,2.9010129370515942,13.078294736503532,2.0369235412084827,23.866355300754964
sz300308,2021-11-02,33.9,35.23,33.61,34.82,0.029568,9920400.0,344990000.0,23911000000.0,24827000000.0,0.014446,162.2569755951564,2022-04-25,2022-03-31,25.679013813848766,2.9867897564974673,13.46499226271764,2.0971510640119013,24.57203569428769
sz300308,2021-11-03,34.85,35.15,34.35,34.85,0.0008619999999999,5605300.0,194550000.0,23932000000.0,24849000000.0,0.008162,162.39684110811942,2022-04-25,2022-03-31,25.701768810582355,2.9894364465785466,13.476924023694796,2.0990094167491744,24.593216789056164
sz300308,2021-11-04,34.7,36.0,34.5,35.09,0.006887,7143300.0,252890000.0,24096000000.0,25020000000.0,0.010402,163.51526815283106,2022-04-25,2022-03-31,25.878637194284295,3.0100084467542048,13.569666347653577,2.1134538857525187,24.762590273082395
sz300308,2021-11-05,35.2,35.99,34.8,34.93,-0.00456,5722300.0,202360000.0,23986000000.0,27947000000.000004,0.008333,162.76963853005412,2022-04-25,2022-03-31,28.906086077884225,3.3621385316322847,15.157132910386673,2.360699270388715,24.649672861437136
sz300308,2021-11-08,35.25,35.66,34.47,34.92,-0.000286,4629000.0,161810000.0,23980000000.0,27939000000.0,0.006741,162.72308641343454,2022-04-25,2022-03-31,28.89781153361746,3.3611760988755286,15.152794088213161,2.360023505756979,24.642623054998765
sz300308,2021-11-09,34.78,35.19,34.5,34.89,-0.000859,4673600.0,162720000.0,23959000000.0,27915000000.0,0.006806,162.5833072822054,2022-04-25,2022-03-31,28.872987900817186,3.3582888006052607,15.13977762169263,2.357996211861773,24.621455041794523
sz300308,2021-11-10,34.9,35.05,34.32,34.8,-0.00258,5480300.0,190120000.0,23897000000.0,27843000000.0,0.007981,162.16384234941728,2022-04-25,2022-03-31,28.79851700241637,3.3496269057944574,15.100728222131039,2.3519143301761543,24.557931687786688
sz300308,2021-11-11,34.7,35.87,34.54,35.36,0.016092,5784200.0,204670000.0,24282000000.0,28291000000.000008,0.008423,164.77338290050412,2022-04-25,2022-03-31,29.261891481354805,3.4035231401727906,15.343702263847623,2.389757149553338,24.953117924506554
sz300308,2021-11-12,35.4,35.75,35.2,35.42,0.001697,3739500.0,132310000.0,24323000000.0,28339000000.0,0.005446,165.05300333128628,2022-04-25,2022-03-31,29.31153874695534,3.409297736713325,15.369735196888678,2.39381173734375,24.995463365624442
sz300308,2021-11-15,35.69,36.17,34.69,34.75,-0.018916,6568900.0,230400000.0,23863000000.0,27803000000.0,0.009566,161.93086072027165,2022-04-25,2022-03-31,28.75714428108258,3.3448147420106773,15.079034111263486,2.348535507017477,24.522649180600286
sz300308,2021-11-16,34.8,35.05,33.72,33.77,-0.028201,6960900.0,239100000.0,23190000000.0,27019000000.0,0.010137,157.36424851709924,2022-04-25,2022-03-31,27.94623894294034,3.2504963318485953,14.653829538259474,2.282310573107406,23.831085951058178
sz300308,2021-11-17,33.99,34.29,33.23,34.15,0.011253,6234700.0,210730000.0,23451000000.0,27323000000.0,0.009079,159.13506840566217,2022-04-25,2022-03-31,28.260671625077126,3.287068776605321,14.818704780852867,2.3079896291133517,24.09925716126543
sz300308,2021-11-18,34.51,34.55,33.29,33.35,-0.023426,7661800.0,257180000.0,22901000000.0,26683000000.0,0.011158,155.40717029319111,2022-04-25,2022-03-31,27.598708083736522,3.2100741560648456,14.471599006972038,2.2539284585745185,23.53470796300563
sz300308,2021-11-19,33.1,33.87,33.08,33.8,0.0134932533733131,5317667.0,178370527.0,23210516479.8,27043254297.8,0.0077437804865921,157.50411861798676,2022-04-25,2022-03-31,27.971325600540993,3.253414223185449,14.666983923896668,2.284359347685008,23.852267740617393
sz300308,2021-11-22,33.75,39.16,33.56,37.91,0.1215976331360946,28417582.0,1053150969.0,26032860347.61,30331650012.710007,0.041382718580861,176.65624665112065,2022-04-25,2022-03-31,31.372572589245834,3.649021692336107,16.450454454287655,2.562132037595819,26.75264704280489
sz300308,2021-11-23,38.33,39.86,38.3,38.89,0.0258506990240043,20564342.0,802329958.0,26705827985.19,31115744368.09,0.0299465442832743,181.22293411400906,2022-04-25,2022-03-31,32.18357552085915,3.743351453836749,16.875710201193534,2.6283649417594668,27.444221669603866
sz300308,2021-11-24,39.1,40.87,38.41,40.0,0.0285420416559527,20998556.0,836941475.0,27468066840.0,32003851240.0,0.0305788625349071,186.39540664850512,2022-04-25,2022-03-31,33.10216047401301,3.850194346965029,17.357377424729787,2.703383843414211,28.227535787712903
sz300308,2021-11-25,40.8,40.97,39.01,39.16,-0.0210000000000001,13895311.0,550298792.0,26891237436.36,31331770363.96,0.0202348582897215,182.4811031088865,2022-04-25,2022-03-31,32.407015104058736,3.7693402656787627,16.99287249881046,2.6466127827025123,27.634757536170927
sz300308,2021-11-26,38.99,39.75,37.77,38.2,-0.0245148110316647,12056490.0,462310847.0,26232003832.2,30563677934.2,0.0175571001340988,178.0076133493224,2022-04-25,2022-03-31,31.612563252682428,3.6769356013516026,16.57629544061695,2.5817315704605717,26.957296677265823
sz300308,2021-11-29,37.63,38.11,37.4,37.93,-0.0070680628272251,9649472.0,363822124.0,26046594381.030003,30347651938.33,0.0140519127992627,176.74944435444502,2022-04-25,2022-03-31,31.38912366948284,3.6509467895095886,16.45913314300002,2.5634837295175257,26.766760810698766
sz300308,2021-11-30,37.89,38.5,37.39,38.14,0.0055365146322172,12392514.0,470318882.0,26190801731.94,30515672157.34,0.0180464305292188,177.7280202393497,2022-04-25,2022-03-31,31.562910011971407,3.671160309831155,16.55025937447985,2.5776764946954502,26.91495537358426
sz300308,2021-12-01,37.87,39.61,37.6,39.26,0.0293654955427371,12981368.0,507564254.0,26959907603.46,31411779992.06,0.018903941184672,182.94709162550782,2022-04-25,2022-03-31,32.48977050524377,3.7789657515461763,17.036265942372285,2.653371242311048,27.70532637564022
sz300308,2021-12-02,38.85,39.48,38.56,38.72,-0.0137544574630666,9625525.0,375220009.0,26589088701.12,30979728000.32,0.0140170403051196,180.430753635753,2022-04-25,2022-03-31,32.04289133884459,3.7269881278621475,16.80194134713843,2.616875560424956,27.324254642506098
sz300308,2021-12-03,38.52,39.4,37.97,39.14,0.0108471074380165,8868856.0,344535619.0,26877503402.94,31315768438.34,0.0129151513306859,182.38790540556232,2022-04-25,2022-03-31,32.390464023821735,3.7674151685052806,16.984193810098095,2.6452610907808056,27.620643768277084
sz300308,2021-12-06,38.7,38.95,37.55,37.8,-0.0342360756259582,7639289.0,291133124.0,25957323163.800003,30243639421.8,0.0111246110539899,176.14365928283735,2022-04-25,2022-03-31,31.281541647942294,3.6384336578819516,16.402721666369647,2.5546977320264292,26.675021319388694
sz300308,2021-12-07,38.05,38.14,36.89,37.19,-0.0161375661375661,6107132.0,227280040.0,25538435144.49,29755580690.390007,0.0088934281914686,173.30112933144764,2022-04-25,2022-03-31,30.776733700713603,3.5797181940907365,16.138021660642522,2.513471128414363,26.244551398626072
sz300308,2021-12-08,37.19,39.41,37.03,39.28,0.0561979026620059,12623837.0,486526458.0,26973641636.88,31427781917.68,0.0183832915123341,183.04028932883202,2022-04-25,2022-03-31,32.50632158548078,3.7808908487196584,17.04494463108465,2.654722934232755,27.71944014353407
sz300308,2021-12-09,38.89,39.35,38.0,38.14,-0.0290224032586557,9385315.0,362501679.0,26190801731.94,30515672157.34,0.0136672377487195,177.72802023934963,2022-04-25,2022-03-31,31.562910011971407,3.671160309831155,16.55025937447985,2.5776764946954502,26.914955373584256
sz300308,2021-12-10,37.8,39.2,37.66,38.7,0.0146827477713686,10250397.0,394109016.0,26575354667.7,30963726074.7,0.0149270016848408,180.33755593242873,2022-04-25,2022-03-31,32.02634025860759,3.7250630306886654,16.79326265842607,2.6155238685032494,27.310140874612237
sz300308,2021-12-13,38.5,40.25,38.42,39.6,0.0232558139534884,12687732.0,503412125.0,27193386171.6,31683812727.6,0.0184763377399732,184.5314525820201,2022-04-25,2022-03-31,32.771138869272875,3.811692403495378,17.183803650482485,2.6763500049800686,27.945260429835777
sz300308,2021-12-14,39.46,40.96,39.3,40.85,0.0315656565656565,12144142.0,490707316.0,28051763260.35,32683933078.85,0.0176847421709565,190.35630903978588,2022-04-25,2022-03-31,33.805581384085784,3.932010976838035,17.726221695005293,2.760830750086763,28.82737092320181
sz300308,2021-12-15,40.5,42.1,40.31,41.32,0.0115055079559363,14821113.0,613218364.0,28374513045.72,33059978330.92,0.0215830449027697,192.5464550679058,2022-04-25,2022-03-31,34.19453176965544,3.977250760414875,17.93017087974587,2.79259551024688,29.15904446870743
sz300308,2021-12-16,41.41,41.41,39.93,40.75,-0.0137947725072604,7119815.0,288614942.0,27983093093.25,32603923450.75,0.0103681340830755,189.89032052316463,2022-04-25,2022-03-31,33.72282598290076,3.922385490970623,17.68282825144347,2.7540722904782275,28.756802083732527
sz300308,2021-12-17,40.73,41.15,39.85,40.38,-0.0090797546012268,6729243.0,271522376.0,27729013474.98,32307887826.780006,0.0097993689023657,188.16616301166601,2022-04-25,2022-03-31,33.41663099851614,3.8867711932611972,17.52227251026472,2.7290659899266463,28.49569737769619
sz300308,2021-12-20,40.0,40.46,39.2,40.4,0.0004952947003467,6800219.0,270968730.0,27742747508.4,32323889752.4,0.0099027267402703,188.25936071499027,2022-04-25,2022-03-31,33.43318207875314,3.8886962904346793,17.530951198977085,2.7304176818483534,28.509811145590046
sz300308,2021-12-21,40.19,42.49,40.15,42.29,0.0467821782178217,12951300.0,542500289.0,29040613666.59,33836071723.49,0.0188601550672504,197.06654367913214,2022-04-25,2022-03-31,34.997259161150254,4.070617973328776,18.351087282295566,2.8581525684496745,29.84356221155948
sz300308,2021-12-22,42.28,42.67,41.61,42.5,0.0049657129344999,8033462.0,339132420.0,29184821017.5,34004091942.5,0.0116986201421373,198.04511956403678,2022-04-25,2022-03-31,35.17104550363882,4.090831493650343,18.4422135137754,2.872345333627599,29.991756774444976
sz300308,2021-12-23,42.28,43.18,41.83,42.15,-0.0082352941176471,8412086.0,358045541.0,28944475432.65,33724058244.15,0.0122499862098049,196.41415975586239,2022-04-25,2022-03-31,34.88140159949121,4.057142293114399,18.29033646130901,2.848690724997725,29.744765836302488
sz300308,2021-12-24,42.15,42.53,41.15,41.39,-0.0180308422301304,5514475.0,229977915.0,28422582162.69,33115985070.59,0.0080303794688159,192.8726470295408,2022-04-25,2022-03-31,34.25246055048496,3.9839886005220633,17.960546290239147,2.797326431972855,29.208442656335944
sz300308,2021-12-27,41.5,43.12,41.11,42.22,0.0200531529354917,8911834.0,378143216.0,28992544549.62,33780064983.82,0.0129777374606097,196.74035171749728,2022-04-25,2022-03-31,34.93933038032073,4.063880133221588,18.32071187180229,2.8534216467236995,29.79416402393099
sz300308,2021-12-28,42.34,43.87,42.02,42.5,0.0066319279962103,9539610.0,409878050.0,29184821017.5,34004091942.5,0.0138919277509665,198.04511956403684,2022-04-25,2022-03-31,35.17104550363882,4.090831493650343,18.4422135137754,2.872345333627599,29.99175677444498
sz300308,2021-12-29,42.05,43.55,41.9,43.0,0.0117647058823529,11148284.0,481337098.0,29528171853.0,34404140083.0,0.0162345374575329,200.37506214714313,2022-04-25,2022-03-31,35.584822509563985,4.138958922987406,18.65918073158452,2.9061376316702767,30.34460097179139
sz300308,2021-12-30,42.96,43.8,42.63,43.39,0.0090697674418604,9354791.0,405498914.0,29795985504.69,34716177632.590004,0.0136227875874791,202.19241736196605,2022-04-25,2022-03-31,35.90756857418562,4.1764983178703154,18.828415161475636,2.9324956241435656,30.61981944572159
sz300308,2021-12-31,43.45,43.5,42.3,42.5,-0.0205116386264115,7035897.0,301293514.0,29184821017.5,34004091942.5,0.0102459296331026,198.04511956403684,2022-04-25,2022-03-31,35.17104550363882,4.090831493650343,18.4422135137754,2.872345333627599,29.99175677444498
sz300308,2022-01-04,42.88,43.0,41.22,41.95,-0.0129411764705881,7525957.0,314407549.0,28807135098.45,33564038987.95,0.0109595728652304,195.4821827226199,2022-04-25,2022-03-31,34.71589079712115,4.037891321379574,18.203549574185367,2.835173805780654,29.603628157363932
sz300308,2022-01-05,41.8,42.6,41.45,41.9,-0.0011918951132301,5180446.0,217243140.0,28772800014.9,33524034173.9,0.0075439542654032,195.24918846430924,2022-04-25,2022-03-31,34.67451309652863,4.033078578445868,18.18185285240445,2.831794575976386,29.568343737629288
sz300308,2022-01-06,41.55,43.12,41.13,41.45,-0.0107398568019092,7021262.0,295807837.0,28463784262.95,33163990847.45,0.0102246176127333,193.1522401395136,2022-04-25,2022-03-31,34.302113791195985,3.9897638920425114,17.986582356376243,2.8013815077379762,29.250783960017518
sz300308,2022-01-07,41.42,42.88,41.41,42.33,0.0212303980699637,8396388.0,355558269.0,29068081733.43,33868075574.73,0.0122271262100948,197.25293908578067,2022-04-25,2022-03-31,35.03036132162427,4.074468167675741,18.368444659720296,2.8608559522930888,29.871789747347197
sz300308,2022-01-10,42.0,43.96,41.52,43.34,0.0238601464682259,9024449.0,388005251.0,29761650421.14,34676172818.54,0.0131417315278383,201.95942310365547,2022-04-25,2022-03-31,35.8661908735931,4.171685574936609,18.806718439694727,2.9291163943392977,30.584535025986952
sz300308,2022-01-11,43.3,43.5,42.5,42.9,-0.0101522842639595,5837435.0,250930817.0,29459501685.9,34324130454.9,0.0085006855910213,199.90907363052187,2022-04-25,2022-03-31,35.50206710837895,4.1293334371199935,18.615787288022695,2.8993791720617414,30.27403213232211
sz300308,2022-01-12,43.04,43.37,38.36,40.4,-0.0582750582750583,16837514.0,676459078.0,27742747508.4,32323889752.4,0.024519401526256,188.2593607149903,2022-04-25,2022-03-31,33.43318207875314,3.8886962904346793,17.530951198977085,2.7304176818483534,28.50981114559005
sz300308,2022-01-13,40.27,40.58,38.29,38.72,-0.0415841584158416,10625192.0,415366732.0,26589088701.12,30979728000.32,0.0154727918231612,180.43075363575304,2022-04-25,2022-03-31,32.04289133884459,3.7269881278621475,16.80194134713843,2.616875560424956,27.324254642506105
sz300308,2022-01-14,38.59,39.6,38.47,39.07,0.0090392561983472,5783728.0,226570212.0,26829434285.97,31259761698.67,0.0084224755002816,182.0617134439275,2022-04-25,2022-03-31,32.33253524299221,3.7606773283980917,16.95381839960482,2.6405301690548306,27.571245580648597
sz300308,2022-01-17,39.1,41.39,39.1,40.15,0.0276426926030202,11159577.0,452713620.0,27571072090.65,32123865682.15,0.0162509827357038,187.09438942343712,2022-04-25,2022-03-31,33.22629357579056,3.864632575766148,17.42246759007252,2.7135215328270146,28.333389046916842
sz300308,2022-01-18,40.45,41.49,39.34,39.57,-0.0144458281444582,6667936.0,269037072.0,27172785121.47,31659809839.17,0.0097100914146457,184.39165602703383,2022-04-25,2022-03-31,32.74631224891737,3.8088047577351545,17.17078561741394,2.6743224670975083,27.92408977799501
sz300308,2022-01-19,39.51,40.2,38.91,39.33,-0.0060652009097801,5538965.0,218744539.0,27007976720.43,31467786731.73,0.0080660426993485,183.2732835871428,2022-04-25,2022-03-31,32.54769928607329,3.7857035916533643,17.066641352865563,2.658102164037023,27.75472456326873
sz300308,2022-01-20,39.2,39.65,38.2,38.51,-0.0208492245105517,5114931.0,198208039.0,26444881350.210003,30811707781.31,0.0074485489347236,179.45217775084845,2022-04-25,2022-03-31,31.869104996356025,3.7067746075405816,16.7108151156586,2.602682795247032,27.17606007962062
sz300308,2022-01-21,38.38,38.83,37.8,38.49,-0.000519345624513,4015305.0,154080039.0,26431147316.79,30795705855.69,0.0058472334778984,179.35898004752426,2022-04-25,2022-03-31,31.852553916119017,3.704849510367098,16.702136426946236,2.6013311033253244,27.16194631172677
sz300308,2022-01-24,37.91,39.18,37.91,38.92,0.0111717329176408,5657044.0,219238878.0,26726429035.32,31139747256.52,0.0082379936425114,181.36273066899565,2022-04-25,2022-03-31,32.20840214121466,3.746239099596973,16.888728234262082,2.6303924796420275,27.465392321444682
sz300308,2022-01-25,38.93,38.93,37.55,37.74,-0.0303186022610483,4206836.0,160153152.0,25916121063.54,30195633644.94,0.0061261479004031,175.86406617286474,2022-04-25,2022-03-31,31.23188840723127,3.632658366361504,16.376685600232552,2.550642656261308,26.632680015707148
sz300308,2022-01-26,37.58,37.94,36.58,36.81,-0.0246422893481716,6069879.0,224752957.0,25277488509.51,29451544103.61,0.0088391790151913,171.53037296828703,2022-04-25,2022-03-31,30.462263176210474,3.5431413477945677,15.973126575107587,2.487788981901928,25.97638980864283
sz300308,2022-01-27,36.68,36.9,35.35,35.58,-0.0334148329258354,9394032.0,337219666.0,24432845454.18,28467425677.98,0.0136799317618086,165.7987142138455,2022-04-25,2022-03-31,29.444371741634573,3.4247478716253927,15.439387219297144,2.4046599287169403,25.108393083170654
sz300308,2022-01-28,36.07,36.98,35.53,35.8,0.0061832490163011,5515038.0,199680262.0,24583919821.8,28643446859.8,0.0080311993299343,166.82388895041225,2022-04-25,2022-03-31,29.626433624241642,3.4459239405337003,15.534852795133158,2.4195285398557185,25.263644530003074
sz300308,2022-02-07,36.73,37.1,35.46,35.85,0.0013966480446927,4755243.0,171510073.0,24618254905.35,28683451673.85,0.0069247581603744,167.05688320872287,2022-04-25,2022-03-31,29.667811324834158,3.4507366834674067,15.55654951691407,2.4229077696599863,25.298928949737714
sz300308,2022-02-08,35.85,36.37,35.59,36.05,0.0055788005578798,4018484.0,144411214.0,24755595239.55,28843470930.050007,0.0058518628535563,167.98886024196537,2022-04-25,2022-03-31,29.83332212720423,3.469987655202233,15.643336404037722,2.436424688877058,25.440066628676274
sz300308,2022-02-09,36.18,37.4,35.8,36.94,0.0246879334257974,6582089.0,241254862.0,25366759726.74,29555556620.14,0.0095850778845709,172.1361580398946,2022-04-25,2022-03-31,30.569845197751015,3.555654479422204,16.02953805173796,2.496574979393024,26.068129299952886
sz300308,2022-02-10,36.99,37.37,36.1,36.64,-0.0081212777476988,6602513.0,242155134.0,25160749225.44,29315527735.84,0.009614820057719,170.73819249003088,2022-04-25,2022-03-31,30.321578994195917,3.5267780218199665,15.899357721052485,2.476299600567417,25.856422781545046
sz300308,2022-02-11,36.46,36.6,34.34,34.74,-0.0518558951965064,9835512.0,344604847.0,23856016050.54,27795344801.94,0.0143228310274491,161.8844106742269,2022-04-25,2022-03-31,28.749226371680297,3.343893790339127,15.074882293377817,2.347888868005242,24.51561483162869
sz300308,2022-02-14,34.33,34.84,33.94,34.84,0.0028785261945885,4166639.0,143747181.0,23924686217.64,27875354430.04,0.0060676115640324,162.35039919084818,2022-04-25,2022-03-31,28.831981772865337,3.3535192762065402,15.118275736939646,2.354647327613778,24.586183671097974
sz300308,2022-02-15,34.54,35.68,34.5,35.59,0.0215269804822042,4409006.0,155659932.0,24439712470.89,28475426640.79,0.0064205552224438,165.84531306550764,2022-04-25,2022-03-31,29.45264728175308,3.4257104202121345,15.443726563653328,2.4053357746777944,25.115449967117588
sz300308,2022-02-16,35.69,35.94,35.3,35.5,-0.0025288002247823,3424100.0,121661429.0,24377909320.5,28403417975.5,0.0049862992105635,165.4259234005485,2022-04-25,2022-03-31,29.378167420686548,3.417047482931463,15.404672464447685,2.399253161030112,25.05193801159523
sz300308,2022-02-17,35.2,35.83,34.91,35.6,0.0028169014084507,4415294.0,156394431.0,24446579487.6,28483427603.6,0.0064297120372086,165.89191191716975,2022-04-25,2022-03-31,29.460922821871577,3.4266729687988753,15.448065908009507,2.4060116206386475,25.12250685106451
sz300308,2022-02-18,36.94,37.78,35.88,37.36,0.0494382022471908,13027006.0,478748799.0,25655174428.56,29891597058.16,0.0189704009035387,174.09330980970395,2022-04-25,2022-03-31,30.917417882728152,3.596081520065337,16.211790514697622,2.524960509748873,26.364518425723876
sz300308,2022-02-21,38.23,39.4,37.86,38.69,0.0355995717344752,12432683.0,478375078.0,26568487650.99,30955725111.890007,0.0181049260909691,180.29095708076676,2022-04-25,2022-03-31,32.018064718489086,3.724100482101925,16.788923314069887,2.6148480225423962,27.303083990665332
sz300308,2022-02-22,37.66,38.4,37.12,37.37,-0.0341173429826828,7452905.0,280981521.0,25662041445.27,29899598020.97,0.0108531918804665,174.13990866136606,2022-04-25,2022-03-31,30.925693422846653,3.5970440686520786,16.2161298590538,2.5256363557097266,26.371575309670806
sz300308,2022-02-23,37.36,38.33,37.3,37.84,0.0125769333690126,5873769.0,222909587.0,25984791230.640003,30275643273.04,0.0085535964860059,176.33005468948602,2022-04-25,2022-03-31,31.31464380841631,3.6422838522289176,16.42007904379438,2.557401115869844,26.703248855176433
sz300308,2022-02-24,37.8,38.3,36.36,37.01,-0.0219344608879493,7313763.0,271889538.0,25414828843.71,29611563359.81,0.0106505682290672,172.46235000152953,2022-04-25,2022-03-31,30.62777397858054,3.562392319529393,16.059913462231233,2.501305901118999,26.11752748758139
sz300308,2022-02-25,37.1,37.94,37.0,37.07,0.0016211834639288,5845229.0,218559481.0,24464849169.2,29643560716.66,0.0088568965838053,172.74194311150234,2022-04-25,2022-03-31,30.660869421789858,3.5662417325746487,16.077267317405546,2.5040087363775294,26.159868791262962
sz300308,2022-02-28,36.81,38.9,36.35,38.45,0.0372268680874023,10806620.0,411425692.0,25375598882.0,30747097641.1,0.0163745707414512,179.17258464087578,2022-04-25,2022-03-31,31.80227756319989,3.699001743120994,16.675773627036502,2.5972251392963583,27.133718775939062
sz300308,2022-03-01,38.5,38.96,37.73,38.31,-0.0036410923276982,6101164.0,233247799.0,25283203983.6,30635144619.780006,0.0092446982981908,178.52020071760603,2022-04-25,2022-03-31,31.686482534361197,3.6855333362539744,16.61505559562467,2.5877684027683623,27.03492240068207
sz300308,2022-03-02,37.88,38.58,37.6,38.4,0.0023492560689113,4498674.0,171741422.0,25342600704.0,30707114419.2,0.0068165490834069,178.93959038256511,2022-04-25,2022-03-31,31.7609221957575,3.6941915978113435,16.65408861581799,2.593847733393502,27.098434356204418
sz300308,2022-03-03,38.5,38.7,37.57,37.7,-0.0182291666666665,3245927.0,122903976.0,24880626212.0,30147349312.6,0.004918342764258,175.6776707662163,2022-04-25,2022-03-31,31.181947051564002,3.626849563476241,16.350498458758807,2.5465640507535166,26.60445247991944
sz300308,2022-03-04,37.21,38.49,37.18,37.65,-0.0013262599469496,3572487.0,135151307.0,24847628034.0,30107366090.7,0.0054131579628426,175.44467650790565,2022-04-25,2022-03-31,31.140591684121613,3.6220394181665907,16.328813447540295,2.5431866448506604,26.5691680601848
sz300308,2022-03-07,37.54,37.54,34.7,35.11,-0.0674634794156706,10112385.0,358648335.0,23171320591.6,28076218418.18,0.0153226414500824,163.60856818572557,2022-04-25,2022-03-31,29.03973901804807,3.3776840364363614,15.227214877639835,2.3716144249855695,24.77671953766503
sz300308,2022-03-08,35.05,35.82,34.6,34.86,-0.0071204784961549,7792360.0,273908826.0,23006329701.6,27876302308.68,0.0118072579643639,162.4435968941724,2022-04-25,2022-03-31,28.832962180836105,3.3536333098881106,15.11878982154727,2.3547273954712886,24.600297438991824
sz300308,2022-03-09,35.12,36.26,34.08,35.5,0.0183591508892713,9854070.0,349333682.0,23428706380.0,28388087549.0,0.0149312334759816,165.4259234005485,2022-04-25,2022-03-31,29.362310884098733,3.4152031698516327,15.396357965144237,2.3979581910278474,25.05193801159523
sz300308,2022-03-10,36.33,36.98,35.33,35.36,-0.003943661971831,7130965.0,257977034.0,23336311481.6,28276134527.68,0.0108050889961257,164.7735394772787,2022-04-25,2022-03-31,29.246515855260032,3.401734762984612,15.3356399337324,2.38850145449985,24.953141636338234
sz300308,2022-03-11,35.0,35.4,34.15,35.39,0.0008484162895927,4519559.0,157405306.0,23356110388.4,28300124460.82,0.0068481947700263,164.91333603226508,2022-04-25,2022-03-31,29.27132907572547,3.4046208501704025,15.348650940463509,2.390527898041564,24.974312288179018
sz300308,2022-03-14,34.9,35.26,34.4,34.5,-0.0251483469906753,4198181.0,146311045.0,22768742820.0,27588423111.0,0.006361231520116,160.76603823433587,2022-04-25,2022-03-31,28.53520353525088,3.319000263658629,14.962657740773977,2.3304100729707247,24.34624961690241
sz300308,2022-03-15,34.18,34.6,32.13,32.13,-0.0686956521739129,5808217.0,193193754.0,21204629182.8,25693218392.94,0.0088008146995267,149.72211039041196,2022-04-25,2022-03-31,26.57495911848147,3.0909993759812107,13.934788209016459,2.1703210331753446,22.67376812148042
sz300308,2022-03-16,32.79,33.03,31.01,32.7,0.0177404295051353,8098018.0,259201395.0,21580808412.0,26149027122.6,0.0122704017173311,152.37824493515313,2022-04-25,2022-03-31,27.046410307324745,3.1458350325112225,14.181997336907507,2.2088234604679045,23.07601050645533
sz300308,2022-03-17,33.08,33.68,32.76,33.34,0.0195718654434251,6279864.0,209015479.0,22003185090.4,26660812362.92,0.0095154708238739,155.36057144152923,2022-04-25,2022-03-31,27.57575901058737,3.207404892474745,14.459565480504473,2.2520542560244627,23.52765107905874
sz300308,2022-03-18,33.02,33.46,32.82,33.23,-0.0032993401319737,3932023.0,130207751.0,21930589098.800003,26572849274.74,0.0059579395565415,154.8479840732458,2022-04-25,2022-03-31,27.484777202214108,3.1968225727935144,14.411858455823747,2.2446239630381797,23.450025355642524
sz300308,2022-03-21,33.5,34.01,33.3,33.78,0.0165513090580802,5276512.0,177655384.0,22293569056.8,27012664715.64,0.0079951565810694,157.4109209146628,2022-04-25,2022-03-31,27.939686244080427,3.2497341711996666,14.65039357922739,2.2817754279695968,23.838153972723582
sz300308,2022-03-22,33.77,33.77,33.0,33.04,-0.0219064535227946,2673793.0,88913780.0,21805196022.4,26420913031.52,0.0040514252029309,153.96260589166542,2022-04-25,2022-03-31,27.327626805933015,3.178544020616844,14.329455413193397,2.231789820607326,23.315944560650887
sz300308,2022-03-23,33.25,34.89,32.89,34.38,0.0405569007263924,7444536.0,253894106.0,22689547192.8,27492463378.44,0.0112802228050288,160.20685201439036,2022-04-25,2022-03-31,28.435950653389135,3.3074559149154688,14.910613713849544,2.32230429880387,24.261567009539274
sz300308,2022-03-24,34.28,34.46,33.28,33.7,-0.0197789412449098,5121937.0,172170515.0,22240771972.0,26948691560.6,0.0077609391039711,157.03813010136577,2022-04-25,2022-03-31,27.873517656172595,3.2420379387042266,14.615697561277766,2.2763715785250267,23.781698901148154
sz300308,2022-03-25,33.63,33.63,32.15,32.2,-0.0445103857566765,5720005.0,186600550.0,21250826632.0,25749194903.6,0.0086671527743137,150.04830235204682,2022-04-25,2022-03-31,26.63285663290082,3.097733579414721,13.965147224722378,2.175049401439343,22.72316630910892
sz300308,2022-03-28,32.01,32.07,31.39,32.0,-0.0062111801242237,3537911.0,112160803.0,21118833920.0,25589262016.0,0.0053607671914491,149.1163253188043,2022-04-25,2022-03-31,26.467435163131253,3.0784929981761198,13.878407179848326,2.1615397778279184,22.582028630170353
sz300308,2022-03-29,32.0,32.07,31.06,31.1,-0.0281249999999999,4174436.0,131014766.0,20524866716.0,24869564021.800003,0.0063252522608975,144.92242866921293,2022-04-25,2022-03-31,25.723038549168187,2.991910382602417,13.488076977915096,2.100746471576509,21.946909074946813
sz300308,2022-03-30,31.3,32.16,31.15,32.11,0.0324758842443728,3902082.0,123860875.0,21191429911.6,25677225104.18,0.0059125719001818,149.62891268708768,2022-04-25,2022-03-31,26.558416971504514,3.08907531785735,13.926114204529055,2.168970070814202,22.65965435358656
sz300308,2022-03-31,32.15,32.15,31.45,31.61,-0.0155714730613516,2213144.0,70120367.0,20861448131.6,25277392885.18,0.0033534336350328,147.29897010398136,2022-04-25,2022-03-31,26.14486329708059,3.0409738647608484,13.709264092343926,2.135196011785641,22.30681015624015
sz300308,2022-04-01,31.51,31.95,31.02,31.68,0.0022144890857322,2704990.0,85278650.0,20907645580.8,25333369395.84,0.0040986959946697,147.62516206561622,2022-04-25,2022-03-31,26.20276081149994,3.0477080681943587,13.739623108049843,2.1399243800496395,22.356208343868644
sz300308,2022-04-06,31.41,31.41,29.95,30.1,-0.0498737373737373,7723849.0,233217416.0,19864903156.0,24069899583.800003,0.0117034476873238,140.26254350300027,2022-04-25,2022-03-31,24.895931200320334,2.8957074764094135,13.054376753544835,2.0331983535193867,21.241220680253985
sz300308,2022-04-07,30.0,30.6,29.92,30.12,0.0006644518272425,7412037.0,224308693.0,19878102427.2,24085892872.56,0.0112309791770927,140.35574120632452,2022-04-25,2022-03-31,24.91247334729729,2.897631534533273,13.063050758032238,2.0345493158805286,21.255334448147842
sz300308,2022-04-08,30.16,31.26,29.71,30.9,0.0258964143426294,7887886.0,240643573.0,20392874004.0,24709631134.2,0.0119520023196432,143.99045163597037,2022-04-25,2022-03-31,25.557617079398614,2.972669801363816,13.401336933041042,2.0872368479650842,21.805771396008243
sz300308,2022-04-11,30.91,30.97,29.55,29.7,-0.0388349514563106,5395920.0,161296685.0,19600917732.0,23750033808.6,0.008176087782786,138.39858943651524,2022-04-25,2022-03-31,24.56508826078119,2.857226313932211,12.880896663796728,2.006179106296537,20.958945322376856
sz300308,2022-04-12,29.59,30.18,29.02,30.0,0.0101010101010101,4446096.0,131627977.0,19798906800.0,23989933140.0,0.0067368810484021,139.79655498637902,2022-04-25,2022-03-31,24.81322046543555,2.8860871857901125,13.011006731107805,2.026443541713674,21.170651840784704
sz300308,2022-04-13,29.81,29.9,29.05,29.39,-0.0203333333333333,2516459.0,73944482.0,19396329028.4,23502137832.82,0.0038130271919861,136.95402503498931,2022-04-25,2022-03-31,24.308684982638358,2.82740341301238,12.746449594241948,1.985239189698829,20.74018192002208
sz300308,2022-04-14,29.63,29.78,29.03,29.62,0.0078257910854031,3209625.0,94350729.0,19548120647.2,23686060653.56,0.0048633366969533,138.0257986232182,2022-04-25,2022-03-31,24.498919672873367,2.849530081436771,12.846200645847107,2.000775256851967,20.90249025080143
sz300308,2022-04-15,29.29,29.37,28.65,29.2,-0.0141796083727211,3371854.0,97615073.0,19270935952.0,23350201589.6,0.0051091517840772,136.0686468534089,2022-04-25,2022-03-31,24.151534586357265,2.809124860835709,12.664046551611598,1.9724050472679757,20.606101125030442
sz300308,2022-04-18,29.0,30.18,28.73,30.04,0.0287671232876711,3340452.0,99019677.0,19825305342.4,24021919717.52,0.0050615703691276,139.9829503930275,2022-04-25,2022-03-31,24.84630475938946,2.8899353020378324,13.028354740082616,2.0291454664359585,21.198879376572414
sz300308,2022-04-19,30.32,30.38,29.66,30.14,0.0033288948069241,2912333.0,87584358.0,19891301698.4,24101886161.32,0.0044128694014559,140.44893890964877,2022-04-25,2022-03-31,24.929015494274246,2.899555592657133,13.071724762519644,2.035900278241671,21.269448216041695
sz300308,2022-04-20,30.0,30.74,29.88,29.93,-0.0069674850696749,3021600.0,91520797.0,19752709350.8,23933956629.34,0.0045784346032679,139.4703630247441,2022-04-25,2022-03-31,24.755322951016197,2.879352982356602,12.980647715401888,2.021715173449675,21.121253653156202
sz300308,2022-04-21,30.04,30.56,29.42,29.51,-0.0140327430671566,3911806.0,117074928.0,19475524655.6,23598097565.38,0.0059273060470187,137.51321125493482,2022-04-25,2022-03-31,24.407937864500102,2.8389477617555405,12.79849362116638,1.9933449638656837,20.82486452738522
sz300308,2022-04-22,29.38,29.78,28.45,28.77,-0.0250762453405626,4674719.0,135225618.0,18987151621.2,23006345881.26,0.0070832986597017,134.06489623193744,2022-04-25,2022-03-31,23.79587842635269,2.767757611172718,12.477555455132386,1.943359356503413,20.302655115312525
sz300308,2022-04-25,29.29,30.67,28.9,29.04,0.0093847758081333,12476805.0,372491571.0,19165341782.4,23222255279.52,0.0189052938013729,135.32306522681483,2022-04-25,2022-03-31,24.01919741054161,2.793732395844829,12.594654515712357,1.961597348378836,20.493190981879586
sz300308,2022-04-26,29.66,31.12,29.6,29.93,0.0306473829201101,12684125.0,384119061.0,19752709350.8,23933956629.34,0.0192194323577501,139.47036302474407,2022-08-26,2022-06-30,23.217191113294334,2.7737949431051696,11.809975598668757,2.0271594916471027,21.121253653156195
sz300308,2022-04-27,30.0,30.85,28.95,30.85,0.0307383895756765,11518772.0,347875137.0,20359875826.0,24669647912.3,0.0174536485014415,143.7574573776597,2022-08-26,2022-06-30,23.930850178587708,2.8590569326693775,12.17299522949987,2.0894711098333816,21.770486976273595
sz300308,2022-04-28,30.4,30.62,29.4,29.8,-0.0340356564019449,8841602.0,265090139.0,19666914088.0,23830000252.4,0.0133971063493263,138.86457795313643,2022-08-26,2022-06-30,23.11634798450288,2.7617470532754447,11.7586793464861,2.0183545890773025,21.02951416184613
sz300308,2022-04-29,29.82,31.16,29.41,30.62,0.0275167785234899,10327136.0,312317312.0,20208084207.2,24485725091.56,0.0156480397190414,142.6856837894308,2022-08-26,2022-06-30,23.75243541226437,2.837741435278326,12.082240321792094,2.073893205286812,21.608178645494245
sz300308,2022-05-05,30.85,32.4,30.18,31.91,0.0421293272370999,16054027.0,510563434.0,23838159999.6,25517292216.58,0.0214900815154607,148.6969356538451,2022-08-26,2022-06-30,24.753109536425736,2.9572935728194443,12.591256978066156,2.161264930787138,22.518516674647987
sz300308,2022-05-06,31.38,32.67,31.07,31.95,0.0012535255405827,11132672.0,355815906.0,23868041742.0,25549278794.1,0.0149023063661776,148.88333106049356,2022-08-26,2022-06-30,24.78413819143849,2.961000615843975,12.607040440276204,2.163974131577846,22.546744210435698
sz300308,2022-05-09,31.95,32.47,31.12,32.44,0.0153364632237871,12532394.0,398255245.0,24234093086.4,25941114368.72,0.0167759882703493,151.16667479193777,2022-08-26,2022-06-30,25.164239215344747,3.0064118928944774,12.8003878523493,2.1971618412640166,22.89253152383518
sz300308,2022-05-10,31.53,31.97,30.6,31.91,-0.0163378545006164,16334900.0,512632363.0,23838159999.6,25517292216.58,0.0218660609295661,148.69693565384506,2022-08-26,2022-06-30,24.753109536425736,2.9572935728194443,12.591256978066156,2.161264930787138,22.518516674647984
sz300308,2022-05-11,31.68,32.94,31.48,31.52,-0.0122218740206831,19456271.0,630029455.0,23546813011.2,25205423085.76,0.0260443594480621,146.87958043902216,2022-08-26,2022-06-30,24.45058015005137,2.921149903330269,12.437368221518183,2.1348502230777373,22.243298200717785
sz300308,2022-05-12,31.3,32.5,31.02,31.48,-0.0012690355329948,11656031.0,368602714.0,23516931268.8,25173436508.24,0.015602879971283,146.69318503237366,2022-08-26,2022-06-30,24.41955149503861,2.917442860305738,12.421584759308136,2.1321410222870294,22.215070664930074
sz300308,2022-05-13,31.6,32.06,31.41,31.72,0.0076238881829733,8384119.0,266582743.0,23696221723.2,25365355973.36,0.0112230657607168,147.8115574722647,2022-08-26,2022-06-30,24.605723425115144,2.939685118452923,12.516285532568425,2.1483962270312764,22.38443587965635
sz300308,2022-05-16,31.7,32.58,31.59,31.75,0.0009457755359394,8837821.0,282270240.0,23718633030.0,25389345906.5,0.0118303958071735,147.95135402725106,2022-08-26,2022-06-30,24.62899491637471,2.942465400721321,12.528123129225962,2.150428127624307,22.405606531497135
sz300308,2022-05-17,31.74,31.99,31.2,31.86,0.0034645669291337,6623365.0,209335425.0,23800807821.6,25477308994.68,0.0088661028012877,148.46394139553445,2022-08-26,2022-06-30,24.714323717659788,2.952659769038781,12.571527650303596,2.1578784297987537,22.483232254913343
sz300308,2022-05-18,32.18,32.33,31.23,31.42,-0.0138104205900815,8360686.0,264427366.0,23472108655.2,25125456641.96,0.0111916981119548,146.4135919224009,2022-08-26,2022-06-30,24.373008512519476,2.9118822957689416,12.39790956599306,2.1280772211009675,22.172729361248503
sz300308,2022-05-19,30.8,31.24,30.62,31.18,-0.0076384468491407,7352471.0,227756249.0,23292818200.8,24933537176.84,0.0098420914036123,145.29521948250985,2022-08-26,2022-06-30,24.186836582442947,2.8896400376217573,12.303208792732772,2.111822016356721,22.003364146522227
sz300308,2022-05-20,31.18,31.69,30.83,31.34,0.0051314945477869,8110558.0,253101444.0,23412345170.4,25061483486.92,0.0108568742631286,146.04080110910385,2022-08-26,2022-06-30,24.310951202493968,2.90446820971988,12.366342641572965,2.122658819519552,22.116274289673076
sz300308,2022-05-23,31.39,31.71,31.03,31.48,0.0044671346522016,6765376.0,211592218.0,23516931268.8,25173436508.24,0.0090562001498279,146.6931850323736,2022-08-26,2022-06-30,24.41955149503861,2.917442860305738,12.421584759308136,2.1321410222870294,22.215070664930067
sz300308,2022-05-24,31.69,32.36,29.8,29.9,-0.0501905972045744,13494456.0,418816522.0,22336602444.000004,23909966696.2,0.0180638141101169,139.33056646975763,2022-08-26,2022-06-30,23.19391962203477,2.771014660836772,11.798138002011223,2.0251275910540723,21.100083001315404
sz300308,2022-05-25,29.68,30.85,29.6,30.25,0.0117056856187292,7706267.0,232798495.0,22598067690.0,24189849249.5,0.0103156862767145,140.96152627793208,2022-08-26,2022-06-30,23.46542035339638,2.803451287301416,11.936243296349145,2.048833097972765,21.347073939457896
sz300308,2022-05-26,30.01,31.39,29.6,30.86,0.0276390276390274,8374727.0,255569384.0,23053764261.6,24677644556.68,0.0112104935353435,144.85756579876733,2022-08-26,2022-06-30,23.9386073423409,2.8599836934255105,12.176941095052383,2.090148410031059,21.937086306082936
sz300308,2022-05-27,30.88,31.33,30.05,30.23,-0.0204147764095916,6368399.0,195406624.0,22583126818.8,24173855960.74,0.0085248027571511,141.9003309817478,2022-08-26,2022-06-30,23.44990602589,2.801597765789151,11.928351565244121,2.047478497577411,21.489245594066336
sz300308,2022-05-30,30.28,32.03,29.8,31.78,0.0512735693020178,14295095.0,449480327.0,23741044336.8,25413335839.64,0.0191355575035008,149.17606743631973,2022-08-26,2022-06-30,24.65226640763428,2.9452456829897193,12.5399607258835,2.152460028217338,22.591075917281778
sz300308,2022-05-31,31.74,32.28,31.32,32.14,0.0113278791692887,10077635.0,321131061.0,24009980018.4,25701215037.32,0.0134900232591523,150.865915903188,2022-08-26,2022-06-30,24.93152430274908,2.9786090702104966,12.682011885773935,2.176842835333708,22.846984895576977
sz300308,2022-06-01,32.01,32.86,31.81,32.2,0.0018668326073429,8578527.0,278071542.0,24054802632.0,25749194903.6,0.0114833022588401,151.14755731433274,2022-08-26,2022-06-30,24.97806728526821,2.984169634747292,12.705687079089007,2.1809066365197696,22.889636391959513
sz300308,2022-06-02,32.2,33.33,31.96,33.17,0.0301242236024843,10319929.0,339978643.0,24779434885.2,26524869408.46,0.0138143604370272,155.70076012783903,2022-08-26,2022-06-30,25.730512169327532,3.074065428092164,13.08843603768268,2.2466047556944333,23.579168916810467
sz300308,2022-06-06,33.47,33.59,32.46,33.49,0.0096472716309918,12594252.0,417475777.0,25018488824.4,26780762028.620003,0.0168587920093976,157.20284765394422,2022-08-26,2022-06-30,25.97874140942958,3.1037217722884107,13.21470373536307,2.268278362020096,23.806643564183975
sz300308,2022-06-07,33.45,34.24,33.25,34.0,0.015228426395939,11067698.0,374176281.0,25399481040.0,27188590892.0,0.0148153315182852,159.5967996486743,2022-08-26,2022-06-30,26.37435676084221,3.1509865708511784,13.415942878541188,2.3028206721016202,24.169181283435506
sz300308,2022-06-08,34.0,34.22,33.15,33.77,-0.0067647058823528,7371187.0,248482741.0,25227661021.2,27004668071.26,0.0098671448288771,158.51717423928625,2022-08-26,2022-06-30,26.195941994518865,3.129671073460126,13.325187970833408,2.28724276755505,24.0056838806358
sz300308,2022-06-09,33.8,33.9,32.5,32.68,-0.0322771690849867,8832783.0,290497638.0,24413383540.8,26133033833.84,0.0118236518898576,153.40068860349052,2022-08-26,2022-06-30,25.35041114542128,3.0286541510416622,12.895088625609588,2.213417046008263,23.230848363019778
sz300308,2022-06-10,32.61,33.7,32.39,33.48,0.0244798041615665,9910456.0,327911872.0,25011018388.800003,26772765384.24,0.0132662357734534,157.15590741875343,2022-08-26,2022-06-30,25.97098424567639,3.102795011532278,13.210757869810559,2.267601061822419,23.799534981453554
sz300308,2022-06-13,33.23,33.37,32.41,32.8,-0.0203106332138589,9274263.0,304097301.0,24503028768.000004,26228993566.4,0.0124146214445647,153.96397142577993,2022-08-26,2022-06-30,25.443497110459546,3.0397752801152547,12.942439012239735,2.2215446483803865,23.316151355784843
sz300308,2022-06-14,32.68,32.7,31.4,32.32,-0.0146341463414633,9444544.0,301408517.0,24144447859.2,25845154636.16,0.0126425612985673,151.7108401366222,2022-08-26,2022-06-30,25.07115325030648,2.995290763820885,12.753037465719153,2.1890342388918933,22.974939384724582
sz300308,2022-06-15,32.24,33.22,32.11,32.22,-0.0030940594059406,7720083.0,251409857.0,24069743503.2,25765188192.36,0.0103341805128472,151.24143778471432,2022-08-26,2022-06-30,24.993581612774587,2.9860231562595576,12.713578810194031,2.1822612369151235,22.90385355742036
sz300308,2022-06-16,32.22,33.23,32.2,32.53,0.0096213531967721,8023264.0,262587021.0,24301327006.8,26013084168.14,0.0107400216394342,152.69658507562872,2022-08-26,2022-06-30,25.234053689123446,3.014752739699672,12.835900642321908,2.203257543043109,23.124219622063446
sz300308,2022-06-17,32.19,32.72,31.93,32.58,0.0015370427297878,8239089.0,266781922.0,24338679184.8,26053067390.04,0.0110289271485052,152.93128625158263,2022-08-26,2022-06-30,25.272839507889394,3.0193865434803353,12.855629970084468,2.206644044031494,23.159762535715558
sz300308,2022-06-20,32.7,33.5,32.25,32.37,-0.006445672191528584,11277687.0,369680161.0,24181800037.2,25885137858.06,0.015096424899238806,151.9455413125761,2022-08-26,2022-06-30,25.109939069072425,2.9999245676015485,12.772766793481715,2.1924207398802777,23.010482298376687
sz300308,2022-06-21,32.27,32.65,31.65,31.97,-0.012357120790855713,8495550.0,272567082.0,23882982613.2,25565272082.86,0.011372228414632207,150.06793190494466,2022-08-26,2022-06-30,24.799652518944868,2.9628541373562403,12.614932171381229,2.1653287319732,22.7261389891598
sz300308,2022-06-22,32.03,32.19,30.32,30.39,-0.049421332499217985,13864613.0,429132192.0,22702653788.4,24301802270.82,0.0185593099818704,142.65137474480036,2022-08-26,2022-06-30,23.574020645941022,2.816425937887274,11.991485414084314,2.0583153007402424,21.602982917753092
sz300308,2022-06-23,30.56,31.0,30.18,30.92,0.017439947351102436,11350684.0,348031179.0,23098586875.2,24725624422.960003,0.0151941394153776,145.13920720991206,2022-08-26,2022-06-30,23.985150324860037,2.865544257962307,12.200616288367458,2.0942122112171204,21.97973780246547
sz300308,2022-06-24,31.0,31.26,30.32,30.5,-0.013583441138421803,16147270.0,496336607.0,22784828580.0,24389765359.0,0.021614897530205603,143.16771733189904,2022-08-26,2022-06-30,23.659349447226102,2.8266203062047337,12.034889935161948,2.0657656029146887,21.681177327787736
sz300308,2022-06-27,30.79,31.45,30.51,31.0,0.016393442622950838,14446513.0,447258106.0,23158350360.0,24789597578.0,0.01933824715656474,145.51472909143837,2022-08-26,2022-06-30,24.047207634885545,2.8729583440113684,12.232183212787554,2.0996306127985362,22.036606464308846
sz300308,2022-06-28,31.32,32.07,30.65,32.05,0.03387096774193532,13000348.0,410621504.0,23942746098.000004,25629245237.9,0.017402396186910432,150.4434537864709,2022-08-26,2022-06-30,24.86170982897038,2.970268223405302,12.646499095801326,2.170747133554616,22.783007651003174
sz300308,2022-06-29,31.89,32.57,31.08,31.17,-0.02745709828393117,14409427.0,455830943.0,23285347765.2,24925540532.46,0.019288603465104498,146.31271308968172,2022-08-26,2022-06-30,24.179079418689753,2.8887132768656243,12.299262927180258,2.111144716159044,22.157452370726027
sz300308,2022-06-30,31.08,31.48,30.73,31.05,-0.0038498556304138454,10636240.0,330493879.0,23195702538.0,24829580799.9,0.014237777513268437,145.7494302673923,2022-08-26,2022-06-30,24.08599345365149,2.8775921477920323,12.251912540550114,2.1030171137869207,22.07214937796096
sz300308,2022-07-01,30.96,31.55,30.81,31.0,-0.0016103059581320522,8833640.0,274730004.0,23158350360.0,24789597578.0,0.011824799078650782,145.51472909143837,2022-08-26,2022-06-30,24.047207634885545,2.8729583440113684,12.232183212787554,2.0996306127985362,22.03660646430885
sz300308,2022-07-04,31.12,31.25,30.4,30.62,-0.012258064516128986,11486597.0,352368657.0,22874473807.2,24485725091.56,0.015376073919973287,143.7310001541885,2022-08-26,2022-06-30,23.75243541226437,2.837741435278326,12.082240321792094,2.073893205286812,21.766480320552805
sz300308,2022-07-05,30.82,31.4,30.52,30.74,0.003919007184846501,13044875.0,402903580.0,22964119034.4,24581684824.120003,0.017462000475581368,144.29428297647792,2022-08-26,2022-06-30,23.84552137730264,2.8488625643519185,12.12959070842224,2.0820208076589357,21.85178331331787
sz300308,2022-07-06,30.69,31.21,30.08,30.3,-0.014313597918022003,9626136.0,293165552.0,22635419868.0,24229832471.4,0.012885642170585073,142.22891262808335,2022-08-26,2022-06-30,23.504206172162323,2.80808509108208,11.955972624111705,2.05221959896115,21.539005673179297
sz300308,2022-07-07,30.3,30.54,29.9,30.15,-0.004950495049505066,6929902.0,209367026.0,22523363334.0,24109882805.7,0.009276436303125348,141.52480910022152,2022-08-26,2022-06-30,23.387848715864493,2.7941836797400894,11.896784640824025,2.042060095995996,21.43237693222296
sz300308,2022-07-08,30.31,30.61,29.93,30.01,-0.004643449419568735,7816682.0,236139158.0,22418777235.6,23997929784.38,0.010463488902842561,140.8676458075505,2022-08-26,2022-06-30,23.279248423319846,2.7812090291542315,11.841542523088854,2.0325778932285186,21.33285677399705
sz300308,2022-07-11,29.98,30.25,29.54,30.08,0.0023325558147282432,9680273.0,290033057.0,22471070284.8,24053906295.04,0.012958110501615194,141.196227453886,2022-08-26,2022-06-30,23.33354856959217,2.7876963544471605,11.86916358195644,2.037318994612257,21.382616853110004
sz300308,2022-07-12,30.4,30.58,29.11,29.18,-0.029920212765957355,20696841.0,611892096.0,21798731080.800003,23334208300.84,0.027704998889221396,136.97160628671523,2022-08-26,2022-06-30,22.635403831805167,2.704287886395217,11.514035682230348,1.9763619768213316,20.742844407372008
sz300308,2022-07-13,29.3,29.53,28.66,28.77,-0.014050719671007572,14887273.0,431505378.0,21492443221.2,23006345881.26,0.01992825291205241,135.04705664389297,2022-08-26,2022-06-30,22.317360117924423,2.6662906953937764,11.352255194577351,1.9485926687165769,20.451392515424697
sz300308,2022-07-14,28.71,29.9,28.46,29.5,0.02537365311087947,15707538.0,463020890.0,22037785020.0,23590100921.0,0.021026267865825655,138.4736938128204,2022-08-26,2022-06-30,22.883633071907212,2.733944230591464,11.640303379910737,1.998035583146994,20.97031905474552
sz300308,2022-07-15,29.34,29.59,29.08,29.23,-0.009152542372881323,11553215.0,339005351.0,21836083258.8,23374191522.74,0.015465249442750031,137.20630746266917,2022-08-26,2022-06-30,22.674189650571112,2.7089216901758806,11.53376500999291,1.9797484778097165,20.77838732102412
sz300308,2022-07-18,29.68,32.28,29.59,32.1,0.09818679438932598,36450345.0,1136670668.0,23980098276.0,25669228459.800003,0.0487927973035468,150.6781549624249,2022-08-26,2022-06-30,24.900495647736328,2.974902027185966,12.666228423563888,2.1741336345430007,22.818550564655293
sz300308,2022-07-19,33.15,33.87,32.61,33.29,0.037071651090342606,45304098.0,1511830521.0,24869080112.4,26620829141.02,0.060644519845670035,156.2640429501285,2022-08-26,2022-06-30,25.8235981343658,3.085186557165757,13.135786424312828,2.254732358066557,23.664471909575532
sz300308,2022-07-20,33.4,34.65,33.13,34.07,0.023430459597476805,23316196.0,793973079.0,25451774089.2,27244567402.66,0.03121129375641763,159.92538129500986,2022-08-26,2022-06-30,26.428656907114533,3.1574738961441073,13.443563937408772,2.307561773485359,24.218941362548467
sz300308,2022-07-21,33.7,34.54,32.82,32.92,-0.033754035808629235,17485268.0,584438331.0,24592673995.2,26324953298.960003,0.023405955069072545,154.5272542480694,2022-08-26,2022-06-30,25.536583075497813,3.050896409188847,12.98978939886988,2.22967225075251,23.401454348549915
sz300308,2022-07-22,33.13,33.42,32.4,33.36,0.013365735115431265,15492527.0,510848612.0,24921373161.6,26676805651.68,0.020738451985316625,156.59262459646402,2022-08-26,2022-06-30,25.87789828063812,3.091673882458686,13.163407483180412,2.2594734594502954,23.714231988688493
sz300308,2022-07-25,33.25,34.89,33.1,34.28,0.027577937649880147,26414681.0,905476832.0,25608653236.8,27412496934.64,0.035358956845836405,160.9111262340164,2022-08-26,2022-06-30,26.591557345931502,3.176935872022894,13.526427114011527,2.3217850776365747,24.368221599887335
sz300308,2022-07-26,33.98,34.35,33.26,33.62,-0.019253208868144744,14551195.0,489747837.0,25115604487.2,26884718405.56,0.019478375531408097,157.81307071142447,2022-08-26,2022-06-30,26.079584538221038,3.115769662118136,13.26599998754573,2.2770832645898964,23.89905513967947
sz300308,2022-07-27,33.78,34.09,33.21,33.92,0.008923259964306984,11986014.0,404855657.0,25339717555.2,27124617736.960003,0.01604459852381299,159.22127776714805,2022-08-26,2022-06-30,26.312299450816703,3.143572484802117,13.384375954121092,2.297402270520205,24.112312621592135
sz300308,2022-07-28,34.24,34.24,33.21,33.45,-0.01385613207547165,11778699.0,396918727.0,24988607082.000004,26748775451.1,0.01576708458607153,157.0150867131811,2022-08-26,2022-06-30,25.94771275441682,3.1000147292638798,13.19892027315302,2.2655691612293882,23.77820923326229
sz300308,2022-07-29,33.73,33.78,32.51,32.79,-0.019730941704035998,14236978.0,468769817.0,24495558332.4,26220996922.02,0.019057761504563397,153.91703119058914,2022-08-26,2022-06-30,25.435739946706356,3.0388485193591217,12.938493146687222,2.2208673481827095,23.309042773054422
sz300308,2022-08-01,32.79,33.06,32.0,32.98,0.005794449527294798,14429602.0,470461435.0,24637496608.8,26372933165.24,0.019315609922398634,154.8088956592141,2022-08-26,2022-06-30,25.583126058016948,3.0564569737256435,13.013464592184953,2.2337360519385716,23.44410584493244
sz300308,2022-08-02,32.53,32.73,31.41,32.4,-0.017586416009702788,16278739.0,524439934.0,24204211344.0,25909127791.2,0.021790883251841434,152.08636201814846,2022-08-26,2022-06-30,25.13321056033199,3.0027048498699465,12.784604390139249,2.1944526404733087,23.031808046567956
sz300308,2022-08-03,32.46,33.51,32.46,32.55,0.004629629629629539,13726291.0,452973297.0,24316267878.0,26029077456.9,0.018374150765719736,152.79046554601027,2022-08-26,2022-06-30,25.249568016629826,3.0166062612119373,12.843792373426933,2.204612143438463,23.138436787524284
sz300308,2022-08-04,32.96,33.26,32.09,32.42,-0.0039938556067586894,10871255.0,353626994.0,24219152215.2,25925121079.96,0.014552370948756992,152.18024248853004,2022-08-26,2022-06-30,25.148724887838366,3.0045583713822115,12.792496121244271,2.1958072408686626,23.046025212028802
sz300308,2022-08-05,32.71,33.88,32.51,33.8,0.0425663170882169,17096279.0,568977988.0,25250072328.0,27028658004.4,0.022885250493291178,158.65799494485856,2022-08-26,2022-06-30,26.219213485778436,3.1324513557285245,13.337025567490947,2.2892746681480816,24.02700962882706
sz300308,2022-08-08,33.96,33.98,32.88,33.2,-0.017751479289940697,13927831.0,463231948.0,24801846192.0,26548859341.6,0.018643934230555447,155.8415808334114,2022-08-26,2022-06-30,25.7537836605871,3.0768457103605624,13.100273634340217,2.2486366562874642,23.60049466500173
sz300308,2022-08-09,33.2,33.26,32.24,32.7,-0.015060240963855387,15175321.0,493951304.0,24428324412.0,26149027122.6,0.020313836853101314,153.49456907387207,2022-08-26,2022-06-30,25.365925472927653,3.0305076725539273,12.902980356714611,2.214771646403617,23.245065528480623
sz300308,2022-08-10,32.56,32.69,31.56,31.79,-0.02782874617737019,12064125.0,386986014.0,23748514772.4,25421332484.02,0.016149158691629705,149.22300767151046,2022-08-26,2022-06-30,24.660023571387466,2.946172443745852,12.543906591436011,2.153137328415015,22.598184500012195
sz300308,2022-08-11,32.15,35.34,32.13,35.08,0.1034916640452972,39788253.0,1370886335.0,26206288084.800003,28052228485.04,0.053260954421453004,164.66634504927924,2022-08-26,2022-06-30,27.212130446186613,3.25107673251351,13.842096358212498,2.3759690934507307,24.936908218321104
sz300308,2022-08-12,35.32,35.38,33.82,34.02,-0.030216647662485663,19161198.0,659643389.0,25414421911.2,27204584180.76,0.025649371771573802,159.69068011905588,2022-08-26,2022-06-30,26.38987108834859,3.1528400923634434,13.42383460964621,2.304175272496974,24.18339844889635
sz300308,2022-08-15,34.12,34.14,32.63,33.7,-0.009406231628453887,19657364.0,657345146.0,25175367972.0,26948691560.6,0.026313544554215824,158.1885925929507,2022-08-26,2022-06-30,26.141641848246543,3.123183748167197,13.297566911965824,2.282501666171312,23.95592380152284
sz300308,2022-08-16,33.55,34.29,33.08,33.3,-0.011869436201780603,13948994.0,467368639.0,24876550548.0,26628825785.4,0.018672263234556227,156.3109831853192,2022-08-26,2022-06-30,25.831355298118993,3.08611331792189,13.139732289865341,2.255409658264234,23.671580492305946
sz300308,2022-08-17,33.43,33.92,32.98,33.62,0.00960960960960966,12584027.0,421445303.0,25115604487.2,26884718405.56,0.016845104721871906,157.8130707114244,2022-08-26,2022-06-30,26.079584538221038,3.115769662118136,13.26599998754573,2.2770832645898964,23.899055139679454
sz300308,2022-08-18,33.4,34.83,33.28,34.5,0.02617489589530053,17492514.0,599062603.0,25773002820.0,27588423111.0,0.023415654637327976,161.9438114082136,2022-08-26,2022-06-30,26.762214948501654,3.1973246086578135,13.613236156166794,2.3366856819854678,24.52461041995661
sz300308,2022-08-19,34.5,35.17,33.45,33.45,-0.030434782608695587,12288530.0,418672287.0,24988607082.000004,26748775451.1,0.0164495494747321,157.015086713181,2022-08-26,2022-06-30,25.94771275441682,3.1000147292638798,13.19892027315302,2.2655691612293882,23.77820923326228
sz300308,2022-08-22,33.38,33.43,32.5,33.08,-0.011061285500747475,10591484.0,350120799.0,24712200964.8,26452899609.04,0.014177866682901328,155.2782980111219,2022-08-26,2022-06-30,25.660697695548837,3.0657245812869705,13.052923247710075,2.2405090539153414,23.515191672236657
sz300308,2022-08-23,33.0,33.09,32.52,32.87,-0.0063482466747279975,7597761.0,248806787.0,24555321817.2,26284970077.06,0.010170439057128073,154.29255307211537,2022-08-26,2022-06-30,25.497797256731868,3.0462626054081836,12.97006007110732,2.2262857497641253,23.36591143489779
sz300308,2022-08-24,32.71,32.8,30.7,30.8,-0.06297535746881644,18846243.0,593925839.0,23008941648.0,24629664690.4,0.0252277698505292,144.5759243876226,2022-08-26,2022-06-30,23.89206435982177,2.8544231288887145,12.153265901737312,2.086084608844997,21.894434809700396
sz300308,2022-08-25,31.0,31.12,29.96,30.32,-0.01558441558441559,14480404.0,439251683.0,22650360739.2,24245825760.16,0.01938361398898881,142.32279309846484,2022-08-26,2022-06-30,23.5197204996687,2.809938612594345,11.96386435521673,2.0535741993565035,21.55322283864013
sz300308,2022-08-26,30.38,30.86,29.97,30.13,-0.006266490765171495,12234309.0,372209525.0,22508422462.8,24093889516.94,0.016376968700459717,141.43092862983988,2022-08-26,2022-06-30,23.372334388358112,2.7923301582278235,11.888892909718999,2.0407054956006414,21.41815976676211
sz300308,2022-08-29,29.6,30.1,29.37,29.88,-0.008297378028543023,9862467.0,294414156.0,22321661572.8,23893973407.44,0.01320199721686912,140.25742275007022,2023-04-24,2023-03-31,18.918761424925925,2.5445282369959408,11.659505131626227,1.9119047464273387,21.240445198501554
sz300308,2022-08-30,29.99,30.14,29.54,29.95,0.0023427041499330947,8543850.0,255434213.0,22373954622.0,23949949918.1,0.0114368832789349,140.58600439640574,2023-04-24,2023-03-31,18.963082485827695,2.550489313856373,11.686819902684254,1.9163837736110707,21.290205277614508
sz300308,2022-08-31,29.56,29.93,29.01,29.32,-0.021035058430717846,11763450.0,345296252.0,21903317179.2,23446161322.16,0.01574667212177025,137.6287695793862,2023-04-24,2023-03-31,18.564192937711788,2.496839622112483,11.440986963162015,1.8760725289574822,20.84236456559791
sz300308,2022-09-01,29.05,29.39,28.52,28.66,-0.022510231923601687,18709891.0,539782028.0,21410268429.6,22918382793.08,0.02504524769613167,134.53071405679427,2023-04-24,2023-03-31,18.14630864920941,2.4406351831426933,11.183447693186336,1.8338417012251516,20.373198105390042
sz300308,2022-09-02,28.74,29.49,28.7,29.23,0.019888346127006296,14032905.0,409381901.0,21836083258.8,23374191522.74,0.01878458734052938,137.2063074626691,2023-04-24,2023-03-31,18.50720871655237,2.489175380434784,11.405867971801694,1.8703137797212552,20.77838732102411
sz300308,2022-09-05,29.23,29.48,28.8,29.25,0.0006842285323298558,9133654.0,265961565.0,21888971617.5,23428132299.0,0.01220520471077814,137.30018793305067,2023-04-24,2023-03-31,18.54991792442403,2.494919666911487,11.432189368703037,1.874629915191857,20.792604486484954
sz300308,2022-09-06,29.4,29.64,29.18,29.57,0.010940170940170857,9452320.0,278350739.0,22128440708.7,23684440071.16,0.012631034697809051,138.80227545915582,2023-04-24,2023-03-31,18.75285719744337,2.522214514549493,11.557259474617053,1.8951386869136142,21.020079133858463
sz300308,2022-09-07,29.63,30.17,29.31,29.78,0.00710179235711883,11856202.0,353322414.0,22285592299.8,23852642046.64,0.015843316650963262,139.78802039816236,2023-04-24,2023-03-31,18.88603609536231,2.5401267583119345,11.639336731623127,1.9085975683560172,21.16935937119733
sz300308,2022-09-08,29.8,29.88,29.26,29.31,-0.01578240429818678,8221457.0,242409742.0,21933872072.1,23476190006.280003,0.010986245560195286,137.58182934419537,2023-04-24,2023-03-31,18.58796903811516,2.5000374508436134,11.455640013561917,1.8784753098896867,20.835255982867483
sz300308,2022-09-09,29.31,29.53,29.17,29.33,0.0006823609689525778,6525528.0,191283269.0,21948838890.300003,23492209242.04,0.008719993672402594,137.67570981457695,2023-04-24,2023-03-31,18.600652742678864,2.5017433788209886,11.463456895181542,1.8797571081222963,20.84947314832833
sz300308,2022-09-13,29.47,29.72,28.94,29.02,-0.010569382884418665,7292412.0,213314831.0,21716853208.2,23243911087.76,0.009744772606378021,136.22056252366258,2023-04-24,2023-03-31,18.404055321941378,2.4753014951716703,11.342295230077339,1.8598892355168442,20.62910708368524
sz300308,2022-09-14,28.56,28.99,28.36,28.62,-0.013783597518952417,6792677.0,194635506.0,21417516844.2,22923526372.56,0.009076982040177383,134.3429531160311,2023-04-24,2023-03-31,18.150381230667204,2.4411829356241626,11.18595759768482,1.834253270864648,20.34476377446835
sz300308,2022-09-15,28.74,28.8,26.82,27.0,-0.05660377358490565,16788798.0,461079430.0,20205204570.0,21625968276.0,0.022434692231378877,126.73863501512369,2023-04-24,2023-03-31,17.123001161006798,2.303002769456757,10.55279018649511,1.7304276140232526,19.193173372139956
sz300308,2022-09-16,27.18,27.18,26.28,26.33,-0.024814814814814845,10376889.0,276722921.0,19703816160.3,21089323878.04,0.01386652642042515,123.59363925734098,2023-04-24,2023-03-31,16.698097058122556,2.2458541822146825,10.29092465223764,1.687487373230824,18.716898329201666
sz300308,2022-09-19,26.5,26.98,26.08,26.83,0.01898974553740973,9640447.0,256130467.0,20077986615.3,21489804772.04,0.012882426807322347,125.9406510168803,2023-04-24,2023-03-31,17.015189672215275,2.288502381649067,10.486346692728292,1.7195323290460693,19.072327465722775
sz300308,2022-09-20,26.9,27.15,26.7,26.95,0.004472605292582976,7545505.0,203154819.0,20167787524.5,21585920186.6,0.010082978090827616,126.50393383916975,2023-04-24,2023-03-31,17.091291899597525,2.2987379495133187,10.533247982446046,1.7272231184417282,19.157630458487844
sz300308,2022-09-21,26.98,27.12,26.4,26.92,-0.001113172541743923,5745396.0,154297031.0,20145337297.2,21561891332.96,0.007677511576909513,126.3631131335974,2023-04-24,2023-03-31,17.07226634275196,2.2961790575472554,10.521522660016606,1.7253004210928133,19.136304710296578
sz300308,2022-09-22,26.77,27.05,26.68,26.85,-0.002600297176820199,5253726.0,141260237.0,20092953433.5,21505824007.8,0.007020498184443772,126.03453148726189,2023-04-24,2023-03-31,17.02787337677898,2.2902083096264416,10.494163574347915,1.720814127278679,19.086544631183624
sz300308,2022-09-23,26.95,27.43,26.03,27.1,0.009310986964618184,13393099.0,358281145.0,20280038661.0,21706064454.800003,0.017897055768339592,127.20803736703154,2023-04-24,2023-03-31,17.186419683825342,2.3115324093436347,10.591874594593243,1.736836605186302,19.264259199444176
sz300308,2022-09-26,26.8,27.12,26.67,26.72,-0.014022140221402357,8984560.0,241196077.0,19995669115.2,21401698975.36,0.012005971984078751,125.42430842978163,2023-04-24,2023-03-31,16.945429297114874,2.2791197777735017,10.443353843820347,1.7124824387667152,18.99413305568813
sz300308,2022-09-27,26.62,27.7,26.51,27.56,0.03143712574850288,8244220.0,223992742.0,20624275479.6,22074506877.28,0.011016663515028198,129.3672881858077,2023-04-24,2023-03-31,17.47814488879064,2.3507687528232677,10.771662871844638,1.7663179645363274,19.59125400504359
sz300308,2022-09-28,27.38,27.66,26.92,26.96,-0.021770682148040565,7242245.0,197779885.0,20175270933.6,21593929804.48,0.009677734977765683,126.5508740743605,2023-04-24,2023-03-31,17.09763375187938,2.2995909135020067,10.53715642325586,1.727864017558033,19.16473904121826
sz300308,2022-09-29,27.24,27.48,26.66,26.8,-0.005934718100890191,6978246.0,188745003.0,20055536388.0,21465775918.4,0.009324955921493053,125.79983031130791,2023-04-24,2023-03-31,16.99616411536971,2.2859434896830035,10.474621370298852,1.7176096316971545,19.051001717531506
sz300308,2022-09-30,26.52,26.88,26.05,26.08,-0.0268656716417911,5534109.0,146246623.0,19516730932.8,20889083431.04,0.007395171005685096,122.42013337757128,2023-04-24,2023-03-31,16.539550751076195,2.2245300824974903,10.193213631992316,1.6714648953232012,18.539183760941107
sz300308,2022-10-10,26.08,26.25,25.36,25.39,-0.026457055214723857,7473842.0,192105109.0,19000375704.9,20336419797.32,0.009987215586008789,119.181257149407,2023-04-24,2023-03-31,16.101962943628244,2.1656755672780394,9.923531216115217,1.6272428562981625,18.048691552541975
sz300308,2022-10-11,26.41,26.85,26.08,26.55,0.04568727845608511,12043762.0,318360379.0,19868451160.5,21265535471.4,0.016093951084406168,124.62632443153824,2023-04-24,2023-03-31,16.83761780832335,2.2646193899658114,10.376910350053526,1.7015871537895317,18.87328714927095
sz300308,2022-10-12,26.54,27.34,26.27,27.22,0.025235404896421842,13148325.0,352118269.0,20369839570.2,21802179869.36,0.0175699668751238,127.77132018932093,2023-04-24,2023-03-31,17.262521911207592,2.321767977207886,10.638775884310997,1.7445273945819606,19.349562192209238
sz300308,2022-10-13,27.26,27.92,27.08,27.35,0.004775900073475503,11483295.0,315151937.0,20467123888.5,21906304901.800003,0.015345004992443885,128.38154324680116,2023-04-24,2023-03-31,17.344965990871703,2.332856509060827,10.689585614838569,1.7528590830939248,19.441973767704727
sz300308,2022-10-14,27.59,28.09,27.5,27.72,0.013528336380255856,10154169.0,281749532.0,20744010025.2,22202660763.36,0.013568908052881941,130.11833194886026,2023-04-24,2023-03-31,17.57961452530031,2.3644161766422704,10.834197924801646,1.776572350397206,19.704991328730348
sz300308,2022-10-17,27.48,27.93,27.37,27.88,0.005772005772005873,8039583.0,223231451.0,20863744570.8,22330814649.44,0.01074320926808612,130.86937571191288,2023-04-24,2023-03-31,17.68108416180998,2.3780636004612736,10.896732977758655,1.7868267362580845,19.818728652417107
sz300308,2022-10-18,28.05,28.48,27.58,28.21,0.011836441893830818,12947580.0,363154116.0,21110697071.1,22595132039.48,0.01730171346639328,132.41840347320885,2023-04-24,2023-03-31,17.890365287111177,2.4062114120879676,11.025711524482485,1.8079764070961466,20.05331188252104
sz300308,2022-10-19,27.99,28.97,27.95,28.26,0.0017724211272598378,14305600.0,407970306.0,21148114116.6,22635180128.88,0.019116421150889643,132.65310464916277,2023-04-24,2023-03-31,17.92207454852045,2.410476232031406,11.04525372853155,1.8111809026776713,20.088854796173152
sz300308,2022-10-20,28.11,28.75,27.78,28.26,0.0,10146806.0,286883755.0,21148114116.6,22635180128.88,0.013559068954281816,132.65310464916277,2023-04-24,2023-03-31,17.92207454852045,2.410476232031406,11.04525372853155,1.8111809026776713,20.088854796173152
sz300308,2022-10-21,28.3,28.64,28.09,28.18,-0.002830856334041121,7754981.0,219543699.0,21088246843.8,22571103185.840004,0.010362898642010631,132.27758276763646,2023-04-24,2023-03-31,17.871339730265614,2.403652520121905,11.013986202053047,1.806053709747232,20.03198613432977
sz300308,2022-10-24,28.2,28.76,27.5,27.91,-0.009581263307310128,12323612.0,346662286.0,20886194798.1,22354843503.08,0.016467911663415543,131.01019641748525,2023-04-24,2023-03-31,17.700109718655547,2.3806224924273374,10.908458300188096,1.7887494336069996,19.840054400608373
sz300308,2022-10-25,27.46,28.08,27.14,27.74,-0.006091006807595889,8560473.0,236760395.0,20758976843.4,22218679999.12,0.011439269035819516,130.21221241924187,2023-04-24,2023-03-31,17.592298229864017,2.366122104619646,10.842014806421274,1.7778541486298158,19.719208494191196
sz300308,2022-10-26,27.8,28.78,27.61,28.71,0.03496755587599143,10613878.0,302453716.0,21484867526.1,22995612933.48,0.014183212300928465,134.76541523274815,2023-04-24,2023-03-31,18.207457901203895,2.448859611522352,11.221133564973135,1.8400213629113922,20.40874101904215
sz300308,2022-10-27,30.01,30.32,29.18,29.37,0.02298850574712641,25792982.0,767081058.0,21978772526.7,23524247713.56,0.03446688755797141,137.86347075534007,2023-04-24,2023-03-31,18.626020151806284,2.5051552347757395,11.479090658420793,1.882320704587516,20.877907479250016
sz300308,2022-10-28,29.1,29.81,28.83,29.12,-0.008512087163772608,12384038.0,363124933.0,21791687299.2,23324007266.56,0.016548658284631264,136.6899648755704,2023-04-24,2023-03-31,18.467473844759922,2.483831135058547,11.381379638175469,1.8662982266798933,20.700192910989458
sz300308,2022-10-31,29.4,29.54,28.12,29.28,0.005494505494505475,26373642.0,765891455.0,21911421844.8,23452161152.64,0.035242817341096584,137.44100863862298,2023-04-24,2023-03-31,18.568943481269592,2.49747855887755,11.443914691132477,1.8765526125407719,20.813930234676214
sz300308,2022-11-01,28.67,29.7,28.67,29.6,0.010928961748633892,22044208.0,646424106.0,22150890936.0,23708468924.8,0.0294574407271146,138.94309616472816,2023-04-24,2023-03-31,18.77188275428893,2.5247734065155556,11.568984797046491,1.8970613842625288,21.041404882049726
sz300308,2022-11-02,29.5,29.76,29.38,29.49,-0.003716216216216317,11616825.0,343423089.0,22068573435.9,23620363128.12,0.0155234397114545,138.42675357762948,2023-04-24,2023-03-31,18.702122379188534,2.5153908026399914,11.525991948138548,1.8900114939831747,20.96321047201508
sz300308,2022-11-03,29.4,30.15,29.23,29.66,0.005764665988470696,11714357.0,348576261.0,22195791390.6,23756526632.08,0.015653770685876308,139.22473757587287,2023-04-24,2023-03-31,18.80993386798006,2.529891190447682,11.592435441905371,1.9009067789603584,21.08405637843226
sz300308,2022-11-04,29.7,30.4,29.63,30.28,0.02090357383681729,15926801.0,479497076.0,22659762754.8,24253122940.64,0.021282814806957432,142.13503215770163,2023-04-24,2023-03-31,19.20312870945503,2.582774957746319,11.834758772113776,1.9406425241712626,21.524788507718434
sz300308,2022-11-07,30.23,30.4,29.9,30.09,-0.006274768824306554,11390046.0,342818518.0,22517577981.9,24100940200.92,0.015220397345375652,141.2431676890767,2023-04-24,2023-03-31,19.082633516099797,2.566568641961253,11.76049839672733,1.9284654409614694,21.38972543584041
sz300308,2022-11-08,29.9,30.15,29.7,29.9,-0.006314390162844852,7985663.0,239018771.0,22375393209.0,23948757461.2,0.010671156545484064,140.35130322045174,2023-04-24,2023-03-31,18.962138322744565,2.5503623261761867,11.686238021340884,1.9162883577516763,21.25466236396239
sz300308,2022-11-09,29.91,29.95,29.33,29.46,-0.014715719063545074,8332120.0,246339298.0,22046123208.6,23596334274.48,0.011134123350278954,138.28593287205712,2023-04-24,2023-03-31,18.68309682234297,2.5128319106739285,11.51426662570911,1.88808879663426,20.94188472382381
sz300308,2022-11-10,29.22,29.65,29.1,29.15,-0.010522742701968846,5991354.0,175905577.0,21814137526.5,23348036120.2,0.008006182636734372,136.83078558114272,2023-04-24,2023-03-31,18.48649940160549,2.48639002702461,11.393104960604909,1.8682209240288081,20.72151865918072
sz300308,2022-11-11,29.74,30.24,29.19,29.27,0.004116638078902168,11009982.0,327141516.0,21903938435.7,23444151534.76,0.014712521863865494,137.39406840343216,2023-04-24,2023-03-31,18.56260162898774,2.4966255948888625,11.440006250322662,1.875911713424467,20.806821651945786
sz300308,2022-11-14,29.27,29.5,28.7,28.97,-0.010249402118209794,8865264.0,257910882.0,21679436162.7,23203862998.36,0.011846558007900437,135.98586134770858,2023-04-24,2023-03-31,18.372346060532106,2.471036675228232,11.322753026028273,1.8566847399353195,20.59356417003312
sz300308,2022-11-15,28.6,29.99,28.6,29.88,0.03141180531584409,12790656.0,379189806.0,22360426390.8,23932738225.44,0.01709201759395995,140.25742275007016,2023-04-24,2023-03-31,18.949454618180855,2.548656398198811,11.678421139721255,1.9150065595190662,21.240445198501543
sz300308,2022-11-16,29.83,30.56,29.8,29.91,0.0010040160642570406,9314919.0,280309522.0,22382876618.1,23956767079.08,0.012447427202663557,140.39824345564253,2023-04-24,2023-03-31,18.968480175026418,2.5512152901648744,11.690146462150695,1.916929256867981,21.26177094669281
sz300308,2022-11-17,30.0,30.18,29.58,30.11,0.006686726847208169,6516749.0,194636413.0,22532544800.1,24116959436.68,0.008708262388060543,141.33704815945822,2023-04-24,2023-03-31,19.095317220663503,2.568274569938628,11.768315278346956,1.929747239194079,21.40394260130125
sz300308,2022-11-18,30.0,30.34,29.76,29.91,-0.006642311524410527,8267733.0,248639895.0,22382876618.1,23956767079.08,0.011048083686885432,140.3982434556425,2023-04-24,2023-03-31,18.968480175026418,2.5512152901648744,11.690146462150695,1.916929256867981,21.261770946692806
sz300308,2022-11-21,29.7,29.99,29.21,29.7,-0.007021063189568744,7940356.0,235077430.0,22225725027.0,23788565103.6,0.010610613283189341,139.41249851663596,2023-04-24,2023-03-31,18.835301277107476,2.533303046402433,11.608069205144622,1.903470375425578,21.11249070935394
sz300308,2022-11-22,29.66,29.92,29.28,29.45,-0.008417508417508435,7996116.0,236791559.0,22038639799.5,23588324656.6,0.010685124778224406,138.2389926368663,2023-04-24,2023-03-31,18.676754970061115,2.5119789466852405,11.510358184899298,1.8874478975179552,20.93477614109338
sz300308,2022-11-23,29.35,29.49,28.68,29.14,-0.010526315789473606,9482706.0,275641788.0,21806654117.4,23340026502.32,0.01267163918647719,136.78384534595193,2023-04-24,2023-03-31,18.480157549323632,2.4855370630359226,11.389196519795094,1.8675800249125032,20.714410076450296
sz300308,2022-11-24,29.14,29.63,28.9,29.06,-0.0027453671928621137,5873163.0,171092458.0,21746786844.6,23275949559.280003,0.007848245260305227,136.40832346442562,2023-04-24,2023-03-31,18.429422731068797,2.478713351126421,11.357928993316591,1.862452831982064,20.657541414606918
sz300308,2022-11-25,29.05,29.05,28.54,28.58,-0.01651754989676535,5057242.0,145267069.0,21387583207.800003,22891487901.04,0.006757938704700775,134.15519217526787,2023-04-24,2023-03-31,18.12501382153979,2.437771079669412,11.170323834445567,1.8316896743994282,20.316329443546653
sz300308,2022-11-28,28.0,28.38,27.8,28.12,-0.016095171448565315,7425927.0,208488598.0,21043346389.2,22523045478.56,0.009923187281048152,131.9959413564917,2023-04-24,2023-03-31,17.833288616574485,2.398534736189778,10.990535557194168,1.8022083150494024,19.989334637947234
sz300308,2022-11-29,28.09,29.2,28.09,29.0,0.031294452347083945,9254057.0,266188775.0,21701886390.0,23227891852.0,0.012366097959284358,136.12668205328094,2023-04-24,2023-03-31,18.39137161737767,2.4735955671942946,11.334478348457711,1.8586074372842343,20.61488991822439
sz300308,2022-11-30,28.99,29.04,28.52,28.63,-0.012758620689655165,6080455.0,174560944.0,21425000253.3,22931535990.44,0.008125247355513412,134.38989335122184,2023-04-24,2023-03-31,18.156723082949057,2.44203589961285,11.18986603849463,1.8348941699809527,20.35187235719877
sz300308,2022-12-01,28.8,29.15,28.37,28.45,-0.006287111421585778,9154818.0,262979162.0,21290298889.5,22787362868.6,0.012233485938915193,133.54496911778767,2023-04-24,2023-03-31,18.04256974187568,2.4266825478164717,11.119514103917997,1.8233579858874644,20.223917868051167
sz300308,2022-12-02,28.45,28.9,28.41,28.61,0.005623901581722324,6526464.0,187260782.0,21410033435.1,22915516754.68,0.008721244439248951,134.29601288084027,2023-04-24,2023-03-31,18.14403937838535,2.440329971635475,11.182049156875005,1.8336123717483428,20.337655191737923
sz300308,2022-12-05,28.85,28.95,28.5,28.68,0.0024466969591052656,6369074.0,182552180.0,21462417298.8,22971584079.84,0.008510925855971178,134.6245945271758,2023-04-24,2023-03-31,18.18843234435833,2.4463007195562887,11.209408242543695,1.8380986655624774,20.38741527085088
sz300308,2022-12-06,28.56,28.88,28.5,28.58,-0.0034867503486750717,4651913.0,133421764.0,21387583207.800003,22891487901.04,0.00621630187236456,134.1551921752679,2023-04-24,2023-03-31,18.12501382153979,2.437771079669412,11.170323834445567,1.8316896743994282,20.316329443546657
sz300308,2022-12-07,28.49,28.58,27.89,28.12,-0.016095171448565315,9128477.0,257023488.0,21043346389.2,22523045478.56,0.012198286740731574,131.99594135649176,2023-04-24,2023-03-31,17.833288616574485,2.398534736189778,10.990535557194168,1.8022083150494024,19.989334637947238
sz300308,2022-12-08,28.03,28.47,27.83,28.16,0.0014224751066855834,7569544.0,213380327.0,21073280025.6,22555083950.08,0.010115101150891244,132.18370229725488,2023-04-24,2023-03-31,17.858656025701904,2.4019465921445295,11.006169320433422,1.8047719115146224,20.017768968868925
sz300308,2022-12-09,28.11,28.27,27.72,28.18,0.0007102272727272929,9779960.0,273786054.0,21088246843.8,22571103185.840004,0.013068856545608338,132.27758276763646,2023-04-24,2023-03-31,17.871339730265614,2.403652520121905,11.013986202053047,1.806053709747232,20.03198613432977
sz300308,2022-12-12,28.1,28.8,27.96,28.59,0.014549325762952536,7842326.0,223518193.0,21395066616.9,22899497518.92,0.010479616836663387,134.20213241045872,2023-04-24,2023-03-31,18.131355673821638,2.4386240436580993,11.174232275255378,1.832330573515733,20.32343802627708
sz300308,2022-12-13,28.42,29.06,28.32,28.71,0.0041972717733473885,8357155.0,240378995.0,21484867526.1,22995612933.48,0.011167577354550885,134.76541523274815,2023-04-24,2023-03-31,18.207457901203895,2.448859611522352,11.221133564973135,1.8400213629113922,20.40874101904215
sz300308,2022-12-14,28.62,29.85,28.61,28.89,0.006269592476489061,10176506.0,297718625.0,21619568889.9,23139786055.32,0.013598756748445037,135.61033946618232,2023-04-24,2023-03-31,18.32161124227727,2.4642129633187304,11.291485499549768,1.8515575470048804,20.53669550818975
sz300308,2022-12-15,28.69,29.13,28.46,28.6,-0.01003807545863622,6208021.0,178667284.0,21402550026.0,22907507136.8,0.008295712444746606,134.24907264564953,2023-04-24,2023-03-31,18.137697526103494,2.439477007646787,11.17814071606519,1.8329714726320379,20.33054660900751
sz300308,2022-12-16,28.46,28.64,27.55,28.05,-0.019230769230769273,8302084.0,231959394.0,20990962525.5,22466978153.4,0.011093986562888831,131.66735971015626,2023-04-24,2023-03-31,17.788895650601507,2.3925639882689644,10.963176471525477,1.797722021235268,19.939574558834288
sz300308,2022-12-19,27.99,28.25,27.51,27.6,-0.016042780748663055,5503277.0,152959210.0,20654209116.0,22106545348.800003,0.007353970531959826,129.55504912657088,2023-04-24,2023-03-31,17.50351229791806,2.354180608778019,10.787296635083894,1.7688815610015474,19.619688335965286
sz300308,2022-12-20,27.6,27.73,27.19,27.41,-0.0068840579710145455,4195231.0,114903418.0,20512024343.1,21954362609.08,0.0056060425722282104,128.66318465794592,2023-04-24,2023-03-31,17.38301710456283,2.337974292992953,10.713036259697446,1.7567044777917542,19.484625264087263
sz300308,2022-12-21,27.41,27.46,26.8,27.08,-0.012039401678219708,4769848.0,129008292.0,20265071842.8,21690045219.04,0.006373897158716072,127.11415689664996,2023-04-24,2023-03-31,17.173735979261632,2.309826481366259,10.584057712973616,1.7355548069536921,19.25004203398333
sz300308,2022-12-22,27.19,27.23,26.55,26.58,-0.01846381093057603,6204824.0,166076423.0,19890901387.8,21289564325.04,0.008291440327644254,124.76714513711065,2023-04-24,2023-03-31,16.856643365168914,2.2671782819318747,10.388635672482966,1.7035098511384466,18.894612897462224
sz300308,2022-12-23,26.46,26.7,26.03,26.33,-0.009405568096312988,5905111.0,155364919.0,19703816160.3,21089323878.04,0.00789093703296269,123.59363925734098,2023-04-24,2023-03-31,16.698097058122556,2.2458541822146825,10.29092465223764,1.687487373230824,18.716898329201666
sz300308,2022-12-26,26.3,26.77,26.3,26.56,0.00873528294720849,4784633.0,127267816.0,19875934569.6,21273545089.28,0.00639365419698891,124.67326466672907,2023-04-24,2023-03-31,16.843959660605204,2.265472353954499,10.380818790863339,1.7022280529058367,18.88039573200138
sz300308,2022-12-27,26.74,27.16,26.57,26.95,0.014683734939759052,6454677.0,173337163.0,20167787524.5,21585920186.6,0.00862531623454877,126.50393383916975,2023-04-24,2023-03-31,17.091291899597525,2.2987379495133187,10.533247982446046,1.7272231184417282,19.157630458487844
sz300308,2022-12-28,26.87,26.92,26.52,26.68,-0.010018552875695752,4141187.0,110471132.0,19965735478.8,21369660503.84,0.0055338241497448004,125.23654748901849,2023-04-24,2023-03-31,16.920061887987455,2.2757079218187513,10.427720080581095,1.7099188423014955,18.965698724766444
sz300308,2022-12-29,26.43,27.52,26.37,27.14,0.01724137931034475,8813044.0,238668850.0,20309972297.4,21738102926.32,0.011776776977220182,127.39579830779468,2023-04-24,2023-03-31,17.211787092952758,2.3149442652983847,10.607508357832494,1.7394002016515215,19.292693530365863
sz300308,2022-12-30,27.08,27.47,26.94,27.03,-0.004053058216654359,5779766.0,157166989.0,20227654797.3,21649997129.640003,0.007723439842410862,126.87945572069603,2023-04-24,2023-03-31,17.142026717852364,2.305561661422821,10.564515508924552,1.7323503113721677,19.214499120331222
sz300308,2023-01-03,27.2,28.57,26.88,28.3,0.046984831668516414,11300000.0,314737995.0,21178047753.0,22667218600.4,0.015100069833145966,132.8408655899259,2023-04-24,2023-03-31,17.947441957647865,2.4138880879861566,11.060887491770803,1.8137444991428908,20.11728912709484
sz300308,2023-01-04,28.21,28.86,28.1,28.68,0.013427561837455748,7476851.0,212973186.0,21462417298.8,22971584079.84,0.009991236480710375,134.6245945271758,2023-04-24,2023-03-31,18.18843234435833,2.4463007195562887,11.209408242543695,1.8380986655624774,20.38741527085088
sz300308,2023-01-05,28.56,28.79,28.42,28.67,-0.00034867503486746276,6724233.0,192143889.0,21454933889.7,22963574461.96,0.008985521050826955,134.577654291985,2023-04-24,2023-03-31,18.182090492076476,2.445447755567601,11.205499801733882,1.8374577664461722,20.380306688120456
sz300308,2023-01-06,28.68,28.68,28.28,28.42,-0.008719916288803642,6878072.0,195869780.0,21267848662.2,22763334014.960003,0.009191094470566897,133.40414841221533,2023-04-24,2023-03-31,18.02354418503012,2.424123655850409,11.107788781488559,1.8214352885385499,20.2025921198599
sz300308,2023-01-09,28.54,28.54,27.98,28.2,-0.007741027445461013,6913667.0,195050074.0,21103213662.0,22587122421.6,0.009238659690541306,132.371463238018,2023-04-24,2023-03-31,17.88402343482932,2.4053584480992796,11.02180308367267,1.8073355079798417,20.046203299790612
sz300308,2023-01-10,28.2,28.35,28.02,28.25,0.0017730496453900457,3806115.0,107450484.0,21140630707.5,22627170511.0,0.005086070999379147,132.60616441397192,2023-04-24,2023-03-31,17.915732696238592,2.409623268042718,11.041345287721736,1.8105400035613661,20.08174621344272
sz300308,2023-01-11,28.35,28.35,27.92,27.96,-0.010265486725663742,4175945.0,117332140.0,20923611843.6,22394891592.48,0.005580270895520065,131.24489759343913,2023-04-24,2023-03-31,17.731818980064816,2.3848873123707754,10.92800050423716,1.791953929188524,19.875597314260478
sz300308,2023-01-12,28.01,28.27,27.83,28.11,0.005364806866952732,4138900.0,116163146.0,21035862980.1,22515035860.68,0.005530768055965295,131.9490011213009,2023-04-24,2023-03-31,17.826946764292632,2.3976817722010906,10.986627116384355,1.8015674159330974,19.98222605521681
sz300308,2023-01-13,28.11,28.19,27.7,27.82,-0.010316613304873656,4945464.0,137713505.0,20818844116.2,22282756942.16,0.006608570951974282,130.58773430076812,2023-04-24,2023-03-31,17.643033048118856,2.3729458165291475,10.873282332899779,1.7829813415602551,19.776077156034567
sz300308,2023-01-16,27.87,28.5,27.71,28.21,0.014018691588784993,5829436.0,164893406.0,21110697071.1,22595132039.48,0.007789813335208416,132.4184034732088,2023-04-24,2023-03-31,17.890365287111177,2.4062114120879676,11.025711524482485,1.8079764070961466,20.053311882521033
sz300308,2023-01-17,28.3,28.56,28.17,28.32,0.0038993264799715988,4846974.0,137237771.0,21193014571.2,22683237836.16,0.006476959812340074,132.93474606030745,2023-04-24,2023-03-31,17.960125662211574,2.415594015963532,11.068704373390428,1.8150262973755007,20.131506292555677
sz300308,2023-01-18,28.32,28.86,28.11,28.7,0.013418079096045199,6034334.0,172524052.0,21477384117.0,22987603315.6,0.008063616353674958,134.71847499755734,2023-04-24,2023-03-31,18.20111604892204,2.448006647533664,11.217225124163322,1.839380463795087,20.40163243631172
sz300308,2023-01-19,28.7,28.94,28.56,28.86,0.0055749128919859725,4651683.0,133750254.0,21597118662.6,23115757201.68,0.006215994525810436,135.4695187606099,2023-04-24,2023-03-31,18.30258568543171,2.461654071352667,11.27976017712033,1.8496348496559656,20.51536975999847
sz300308,2023-01-20,28.96,29.29,28.73,28.99,0.0045045045045044585,5732232.0,166115698.0,21694402980.9,23219882234.120003,0.007659920663698579,136.0797418180901,2023-04-24,2023-03-31,18.38502976509582,2.4727426032056075,11.3305699076479,1.8579665381679296,20.60778133549396
sz300308,2023-01-30,29.4,29.45,28.82,28.91,-0.0027595722662986377,7223416.0,210091829.0,21634535708.1,23155805291.08,0.00965257398529769,135.70421993656385,2023-04-24,2023-03-31,18.33429494684098,2.4659188912961056,11.299302381169396,1.8528393452374903,20.550912673650586
sz300308,2023-01-31,29.5,29.97,29.08,29.1,0.0065721203735731315,12389389.0,364297090.0,21776720481.0,23307988030.8,0.016555808769027475,136.59608440518878,2023-04-24,2023-03-31,18.454790140196213,2.4821252070811712,11.37356275655584,1.8650164284472832,20.685975745528605
sz300308,2023-02-01,30.0,30.3,29.22,29.83,0.025085910652920873,12556601.0,372290583.0,22323009345.300003,23892690136.04,0.01677925238645579,140.0227215741162,2023-04-24,2023-03-31,18.917745356771583,2.544391578255373,11.658878935672194,1.911802063937542,21.204902284849425
sz300308,2023-02-02,30.1,30.67,29.75,30.35,0.017432115320147545,15688552.0,475326404.0,22712146618.5,24309190265.8,0.020964445201853258,142.4636138040371,2023-04-24,2023-03-31,19.247521675428008,2.5887457056671326,11.862117857782467,1.945128817985397,21.57454858683138
sz300308,2023-02-03,30.38,31.7,30.3,31.56,0.039868204283360686,21736490.0,677745890.0,23617639119.6,25278354029.28,0.029046240436060085,148.14338226212223,2023-04-24,2023-03-31,20.014885801532387,2.6919543482983426,12.335039195769841,2.022677611058291,22.434687097212464
sz300308,2023-02-06,31.93,32.3,31.35,32.04,0.015209125475285079,21355549.0,681956315.0,23976842756.4,25662815687.52,0.028537193028776144,150.39651355127998,2023-04-24,2023-03-31,20.3192947110614,2.7328966197553517,12.522644354640866,2.0534407686409266,22.77589906827273
sz300308,2023-02-07,32.57,34.61,32.5,33.83,0.0558676654182273,39873288.0,1346372388.0,25316372985.3,27096537288.04,0.053282250732490356,158.79881565043075,2023-04-24,2023-03-31,21.454486269513332,2.8855771737304483,13.222255259597395,2.1681617104595055,24.0483353770183
sz300308,2023-02-08,34.21,34.89,33.0,33.1,-0.02157848063848644,20606867.0,693838882.0,24770084121.0,26511835182.8,0.02753673723383638,155.37217848150337,2023-04-24,2023-03-31,20.99153105293796,2.823310802556247,12.936939080481045,2.121376074969247,23.529408837697485
sz300308,2023-02-09,33.0,35.46,32.25,35.18,0.06283987915407852,36872470.0,1266532262.0,26326633213.8,28177835701.84,0.04927228955049377,165.13574740118696,2023-04-24,2023-03-31,22.31063632756367,3.000727312203286,13.749894768922148,2.254683091160668,25.007994045625303
sz300308,2023-02-10,35.2,36.88,34.35,34.95,-0.0065378055713473104,46895778.0,1672355327.0,26154514804.5,27993614490.6,0.06266632944068233,164.05612199179888,2023-04-24,2023-03-31,22.16477372508102,2.981109140463469,13.660000630296448,2.239942411485655,24.844496642825593
sz300308,2023-02-13,35.29,36.38,34.83,35.98,0.02947067238912715,33537941.0,1197062571.0,26925305941.8,28818605132.24,0.044816393907958336,168.8909662164499,2023-04-24,2023-03-31,22.81798451011202,3.0689644312983013,14.06257003370719,2.3059550204650603,25.57668066405908
sz300308,2023-02-14,35.58,36.45,34.79,35.15,-0.023068371317398473,28198434.0,997523033.0,26304182986.5,28153806848.2,0.03768126748542987,164.99492669561462,2023-04-24,2023-03-31,22.291610770718105,2.9981684202372225,13.738169446492709,2.252760393811753,24.98666829743404
sz300308,2023-02-15,34.86,36.65,34.6,35.78,0.01792318634423906,34029218.0,1222109770.0,26775637759.8,28658412774.64,0.04547288213870333,167.95216151263418,2023-04-24,2023-03-31,22.691147464474934,3.051905151524547,13.984401217510928,2.2931370381389624,25.43450900945064
sz300308,2023-02-16,35.53,36.6,34.7,35.04,-0.020681945220793807,25396158.0,903083828.0,26221865486.4,28065701051.52,0.03393661586669102,164.47858410851595,2023-04-24,2023-03-31,22.221850395617707,2.9887858163616583,13.695176597584766,2.2457105035323988,24.908473887399392
sz300308,2023-02-17,34.83,34.89,33.17,33.35,-0.04823059360730586,28433285.0,956888238.0,24957169348.5,26712075629.8,0.03799509637926918,156.54568436127303,2023-04-24,2023-03-31,21.150077359984323,2.844634902273439,13.034650100726369,2.1373985528768698,23.707123405958043
sz300308,2023-02-20,33.4,34.28,33.3,34.2,0.025487256371814038,17724119.0,599996830.0,25593259122.0,27392893149.6,0.02368455173725569,160.53560435248988,2023-04-24,2023-03-31,21.68913480394194,2.9171368413118923,13.366867569560473,2.1918749777627866,24.311352938043928
sz300308,2023-02-21,34.2,34.41,33.53,33.72,-0.0140350877192984,11523183.0,390566735.0,25234055485.2,27008431491.36,0.015398306902665524,158.28247306333213,2023-04-24,2023-03-31,21.38472589441293,2.876194569854883,13.17926241068945,2.161111820180151,23.97014096698366
sz300308,2023-02-22,33.57,34.33,33.38,33.7,-0.0005931198102014923,10989088.0,371424146.0,25219088667.0,26992412255.6,0.0146846014338572,158.18859259295058,2023-04-24,2023-03-31,21.37204218984922,2.874488641877508,13.171445529069823,2.159830021947541,23.95592380152282
sz300308,2023-02-23,33.55,33.94,33.35,33.5,-0.005934718100890302,7605910.0,255628298.0,25069420485.0,26832219898.0,0.010163696649966657,157.24978788913484,2023-04-24,2023-03-31,21.245205144212136,2.8574293621037543,13.093276712873564,2.147012039621443,23.813752146914375
sz300308,2023-02-24,33.77,35.38,33.77,34.87,0.0408955223880596,26228747.0,915100131.0,26094647531.7,27929537547.56,0.035049195693444044,163.68060011027256,2023-04-24,2023-03-31,22.114038906826185,2.974285428553968,13.628733103817947,2.2348152185552155,24.78762798098221
sz300308,2023-02-27,34.76,35.27,34.39,34.58,-0.008316604531115601,12327370.0,428861368.0,25877628667.8,27697258629.04,0.016472933438852085,162.31933328973977,2023-04-24,2023-03-31,21.93012519065241,2.949549472882025,13.51538832033337,2.2162291441823734,24.58147908179997
sz300308,2023-02-28,35.88,36.78,35.01,35.5,0.02660497397339512,27987011.0,1002687350.0,26566102305.0,28434143474.0,0.03739874517885171,166.63783492729212,2023-04-24,2023-03-31,22.51357560058301,3.0280221598412917,13.874964874836165,2.275191862882425,25.23546869299881
sz300308,2023-03-01,35.51,36.5,35.3,35.91,0.011549295774647694,26757604.0,963886060.0,26872922078.1,28762537807.08,0.0357559016785545,168.56238457011432,2023-04-24,2023-03-31,22.77359154413904,3.062993683377487,14.035210948038499,2.301468726650926,25.526920584946115
sz300308,2023-03-02,35.8,37.77,35.66,36.62,0.019771651350598773,31634951.0,1167408048.0,27404244124.2,29331220676.56,0.04227344860780095,171.89514126866018,2023-04-24,2023-03-31,23.2238630561507,3.123554126574313,14.312710245535223,2.3469725639085746,26.031629958806096
sz300308,2023-03-03,35.67,36.34,35.08,35.43,-0.032495903877662435,27396267.0,975236672.0,26513718441.3,28378076148.84,0.036609340253762154,166.3092532809566,2023-04-24,2023-03-31,22.46918263461003,3.022051411920478,13.847605789167474,2.2707055690682902,25.185708613885854
sz300308,2023-03-06,35.25,36.48,35.25,35.57,0.003951453570420593,19342203.0,692471140.0,26618486168.7,28490210799.16,0.02584678017937039,166.9664165736276,2023-04-24,2023-03-31,22.557968566555992,3.033992907762106,13.902323960504855,2.2796781566965594,25.285228772111765
sz300308,2023-03-07,35.31,35.8,34.37,34.41,-0.03261175147596296,18415205.0,642569051.0,25750410713.1,27561095125.08,0.024608042609884844,161.52134929149636,2023-04-24,2023-03-31,21.822313701860885,2.935049085074334,13.448944826566548,2.2053338592051897,24.460633175382785
sz300308,2023-03-08,34.5,34.97,34.0,34.63,0.006393490264458235,14643564.0,505183302.0,25915045713.300003,27737306718.44,0.019568038850101086,162.55403446569372,2023-04-24,2023-03-31,21.96183445206168,2.953814292825463,13.534930524382432,2.219433639763898,24.61702199545208
sz300308,2023-03-09,34.31,34.92,33.98,34.43,-0.005775339301184013,11646616.0,399844286.0,25765377531.3,27577114360.84,0.015563249107950011,161.61522976187797,2023-04-24,2023-03-31,21.83499740642459,2.9367550130517093,13.456761708186173,2.2066156574377995,24.474850340843638
sz300308,2023-03-10,34.05,35.1,33.96,34.32,-0.0031948881789136685,14109847.0,488445578.0,25683060031.2,27489008564.16,0.01885483849867302,161.09888717477932,2023-04-24,2023-03-31,21.765237031324194,2.9273724091761446,13.41376885927823,2.1995657671584454,24.396655930808993
sz300308,2023-03-13,34.21,35.17,33.74,34.76,0.012820512820512775,17362003.0,602055184.0,26012330031.6,27841431750.88,0.023200659977282278,163.16425752317394,2023-04-24,2023-03-31,22.044278531725787,2.9649028246784033,13.585740254910004,2.227765328275862,24.70943357094757
sz300308,2023-03-14,34.43,35.35,33.55,33.55,-0.034810126582278555,23481801.0,799083347.0,25106837530.5,26872267987.4,0.03137848096531298,157.48448906508875,2023-04-24,2023-03-31,21.276914405621408,2.861694182047193,13.11281891692263,2.1502165352029676,23.849295060566483
sz300308,2023-03-15,33.86,34.18,32.72,32.86,-0.02056631892697458,18357081.0,609911022.0,24590482302.6,26319604353.68,0.024530372126789112,154.2456128369245,2023-04-24,2023-03-31,20.839326598173457,2.8028396668277424,12.843136501045532,2.105994496177929,23.358802852167354
sz300308,2023-03-16,32.63,33.23,32.36,32.63,-0.0069993913572732325,11881195.0,389545790.0,24418363893.300003,26135383142.44,0.01587671453108183,153.1659874275364,2023-04-24,2023-03-31,20.693463995690806,2.7832214950879255,12.753242362419831,2.091253816502916,23.19530544936764
sz300308,2023-03-17,32.88,35.45,32.8,34.61,0.060680355501072425,27024099.0,933458318.0,25900078895.1,27721287482.68,0.036112016113084074,162.4601539953121,2023-04-24,2023-03-31,21.94915074749797,2.9521083648480877,13.527113642762806,2.218151841531288,24.602804829991232
sz300308,2023-03-20,34.65,37.38,34.62,35.82,0.034960993932389606,40527279.0,1473808375.0,26805571396.2,28690451246.16,0.05415617195109646,168.1399224533973,2023-04-24,2023-03-31,22.71651487360235,3.055317007479298,14.000034980750181,2.2957006346041817,25.462943340372323
sz300308,2023-03-21,36.0,37.2,35.12,36.83,0.02819653824678947,27890482.0,1017453962.0,27561395715.3,29499422652.04,0.03726975450266377,172.88088620766672,2023-04-24,2023-03-31,23.357041954069643,3.141466370336755,14.394787502541297,2.3604314453509776,26.180910196144964
sz300308,2023-03-22,36.95,44.2,36.95,44.2,0.2001086071137661,77700043.0,3196114089.0,33076668222.0,35402511029.6,0.1038297411803933,207.4758395432764,2023-04-24,2023-03-31,28.03098708579631,3.77010082999958,17.275308379373477,2.832774094067695,31.41993566846613
sz300308,2023-03-23,45.76,51.5,45.25,50.0,0.13122171945701355,92458953.0,4448686956.0,37417045500.0,40048089400.0,0.12355191566367793,234.7011759539326,2023-04-24,2023-03-31,31.709261409271846,4.2648199434384395,19.54220404906502,3.204495581524542,35.542913652111004
sz300308,2023-03-24,51.15,52.82,49.32,52.23,0.04459999999999997,85860366.0,4371772913.0,39085845729.3,41834234187.24,0.11473429402650188,245.16884840147796,2023-04-24,2023-03-31,33.123494468125365,4.4550309129157935,20.413786349653318,3.3474160844605363,37.12812760099515
sz300308,2023-03-27,51.0,57.04,50.8,56.04,0.0729465824238944,79971210.0,4274038709.0,41937024596.4,44885898599.52,0.10686467749037,263.0530780091676,2023-04-24,2023-03-31,35.53974018751188,4.780010192605802,21.902902298192075,3.5915986477727064,39.836497621286014
sz300308,2023-03-28,54.7,56.05,53.3,53.81,-0.039793004996431014,58615336.0,3197751897.0,40268224367.1,43099753812.28,0.07832705016754998,252.58540556162228,2023-04-24,2023-03-31,34.12550712865836,4.589799223128448,21.031319997603777,3.448678144836712,38.25128367240187
sz300308,2023-03-29,54.0,57.78,53.88,55.55,0.03233599702657486,64673215.0,3609832293.0,41570337550.5,44493427323.4,0.08642212945434187,260.7530064848191,2023-04-24,2023-03-31,35.22898942570102,4.738214957160107,21.71138869851124,3.5601945910737665,39.48817706749533
sz300308,2023-03-30,55.08,56.49,52.0,55.0,-0.009900990099009799,53093610.0,2880082960.0,41158750050.0,44052898340.0,0.07094842643308115,258.17129354932587,2023-04-24,2023-03-31,34.88018755019903,4.691301937782283,21.496424453971525,3.5249451396769964,39.09720501732211
sz300308,2023-03-31,54.61,60.2,53.61,58.9,0.07090909090909081,60914995.0,3442945559.0,44077279599.0,47176649313.200005,0.08140006003413605,276.4779852737326,2023-04-24,2023-03-31,37.35350994012224,5.023957893370482,23.0207163697986,3.7748957950359108,41.86955228218676
sz300308,2023-04-03,60.6,68.55,59.6,67.24,0.14159592529711373,76753469.0,4910262290.0,50318442788.4,53856670625.12,0.10256484441028353,315.62614142284855,2023-04-24,2023-03-31,42.64261474318878,5.735329859936013,26.280356005182643,4.309405658034204,47.79811027935888
sz300308,2023-04-04,66.08,69.75,65.01,67.1,-0.0020820939916715853,55628233.0,3744066994.0,50213675061.0,53744535974.8,0.07433541619420485,314.96897813017756,2023-04-24,2023-03-31,42.553828811242816,5.723388364094386,26.22563783384526,4.300433070405935,47.698590121132966
sz300308,2023-04-06,66.99,73.31,65.61,67.0,-0.0014903129657226621,69054408.0,4811856661.0,50138840970.0,53664439796.0,0.09227667106960649,314.49957577826973,2023-04-24,2023-03-31,42.49041028842427,5.714858724207509,26.186553425747128,4.294024079242886,47.62750429382876
sz300308,2023-04-07,67.71,71.7,66.51,70.5,0.052238805970149294,49490145.0,3410824406.0,52758034155.0,56467806054.0,0.06613315447367431,330.928658095045,2023-04-24,2023-03-31,44.7100585870733,6.013396120248199,27.554507709181678,4.5183387699496045,50.11550824947653
sz300308,2023-04-10,71.0,77.88,67.87,70.18,-0.004539007092198455,60137906.0,4304544046.0,52518565063.8,56211498281.84,0.080361644267183,329.42657056893995,2023-04-24,2023-03-31,44.50711931405396,5.986101272610193,27.42943760326766,4.497829998227847,49.88803360210303
sz300308,2023-04-11,69.05,72.0,65.98,68.3,-0.026788258763180584,55244083.0,3778873273.0,51111684153.00001,54705690120.4,0.07382208063434617,320.601806353072,2023-04-24,2023-03-31,43.314851085065335,5.825744042736908,26.69465073102282,4.377340964362524,48.55162004878364
sz300308,2023-04-12,66.91,69.66,65.0,68.57,0.0039531478770131745,48232278.0,3282025792.0,51313736198.7,54921949803.16,0.06445228017802741,321.86919270322323,2023-04-24,2023-03-31,43.48608109667541,5.848774070431476,26.80017863288777,4.394645240502757,48.743551782505044
sz300308,2023-04-13,70.66,71.98,63.8,64.73,-0.05600116669097255,57923752.0,3861364270.0,48440107104.3,51846256537.24,0.07740289382281666,303.84414238996123,2023-04-24,2023-03-31,41.05080982044333,5.521235898775403,25.299337361919573,4.148539979841672,46.01385601402293
sz300308,2023-04-14,65.57,67.23,63.77,66.51,0.027498841340954705,47381559.0,3128243836.0,49772153924.1,53271968519.88,0.06331547342507308,312.19950425392125,2023-04-24,2023-03-31,42.179659526613406,5.673063488761811,25.99503982606629,4.2626200225439455,47.27918374003808
sz300308,2023-04-17,65.3,66.26,63.86,64.68,-0.02751465944970677,31945471.0,2073132076.0,48402690058.8,51806208447.84,0.042688393181658346,303.6094412140073,2023-04-24,2023-03-31,41.01910055903406,5.516971078831965,25.27979515787051,4.145335484260148,45.97831310037081
sz300308,2023-04-18,65.02,77.62,64.4,74.48,0.15151515151515138,79815628.0,5672390891.0,55736430976.8,59655633970.24,0.10665677491826553,349.61087170097807,2023-04-24,2023-03-31,47.234115795251334,6.352875787745899,29.11006715148725,4.773416618238958,52.944724176184565
sz300308,2023-04-19,74.48,78.52,74.0,75.62,0.015306122448979664,64576666.0,4912060065.0,56589539614.2,60568730408.56,0.08629311205236663,354.96205851272776,2023-04-24,2023-03-31,47.957086955382735,6.450113682456295,29.555629403805934,4.846479117497717,53.755102607452706
sz300308,2023-04-20,76.58,82.0,76.01,81.0,0.07114519968262356,61684979.0,4904931750.0,60615613710.0,64877904828.0,0.08242898146514534,380.21590504537085,2023-04-24,2023-03-31,51.369003483020386,6.909008308370272,31.658370559485334,5.191282842069758,57.57952011641984
sz300308,2023-04-21,79.99,81.37,77.0,78.19,-0.034691358024691366,47221891.0,3723809486.0,58512775752.9,62627202203.72,0.06310211077462008,367.02569895675987,2023-04-24,2023-03-31,49.58694299181931,6.6693254275490315,30.56009869192788,5.011190190388079,55.5820083691712
sz300308,2023-04-24,80.57,89.16,80.56,85.41,0.0923391738073922,64532461.0,5445679393.0,63895566056.4,68410146313.08,0.08626134541393467,400.9165487645077,2023-04-24,2023-03-31,54.16576033931816,7.285165427381542,33.38199295661287,5.473919352360222,60.71440510053603
sz300308,2023-04-25,83.19,86.88,78.6,80.89,-0.05292120360613506,65301718.0,5399166232.0,60514135795.600006,64789799031.32,0.0872896208393688,379.6995624582722,2023-08-28,2023-06-30,46.572349952017596,6.881746372957047,27.142194160025525,4.862611398412314,57.501325706385195
sz300308,2023-04-26,81.91,85.53,78.38,79.45,-0.01780195326987266,66490389.0,5433084295.0,59436865978.0,63636414056.6,0.08887853218918589,372.940168590799,2023-08-28,2023-06-30,45.743271154503624,6.75923784561055,26.659010087946942,4.776047417528228,56.4776897932044
sz300308,2023-04-27,75.75,82.5,75.31,78.49,-0.012083071113908272,59863949.0,4737518820.0,58718686099.6,62867490740.12,0.08002088720173199,368.43390601248336,2023-08-28,2023-06-30,45.19055195616098,6.6775654940462195,26.336887373227885,4.7183380969388375,55.795265851083855
sz300308,2023-04-28,79.56,91.11,78.83,90.0,0.1466428844438783,66240980.0,5631069729.0,67329363600.0,72086560920.0,0.08854514406846406,422.4621167170787,2023-08-28,2023-06-30,51.81742484462336,7.656782959156067,30.199004504911574,5.410248805255387,63.977244573799815
sz300308,2023-05-04,86.5,87.8,81.68,85.2,-0.053333333333333344,57599973.0,4866413677.0,63738464208.00001,68241944337.600006,0.07699460224810441,399.9308038255012,2023-08-28,2023-06-30,49.053828852910115,7.24842120133441,28.58839093131629,5.121702202308433,60.56512486319716
sz300308,2023-05-05,86.08,87.56,75.88,78.39,-0.07992957746478879,59126645.0,4778815173.0,58643875695.6,62787394561.32,0.07903532374988911,367.9645036605756,2023-08-28,2023-06-30,45.13297703966695,6.6690579574249345,26.303332923777983,4.712326709377442,55.72418002377964
sz300308,2023-05-08,78.2,81.63,74.01,77.44,-0.012118892715907714,48267743.0,3779901901.0,57933176857.6,62026480862.72,0.06452009402328585,363.5051813174508,2023-08-28,2023-06-30,44.5860153329737,6.588236359522731,25.984565654003916,4.65521852754419,55.048864664389534
sz300308,2023-05-09,77.55,84.8,77.55,81.94,0.05810950413223148,47371182.0,3894593551.0,61299645037.6,65630808908.72,0.063321649753422,384.6282871533048,2023-08-28,2023-06-30,47.17688657520487,6.971075507480535,27.494515879249494,4.92573096780696,58.24772689307953
sz300308,2023-05-10,83.37,84.69,74.17,75.8,-0.07493287771540147,53508808.0,4201026131.0,56706286232.0,60712903530.4,0.07152589097099382,355.8069827461619,2023-08-28,2023-06-30,43.64178670247168,6.448712758933665,25.434272683025526,4.556631771537314,53.8830570966003
sz300308,2023-05-11,75.56,76.8,72.2,72.54,-0.04300791556728223,44069788.0,3267752614.0,54267467061.6,58101768101.52,0.05890863522137911,340.50446607396555,2023-08-28,2023-06-30,41.76484442476643,6.17136706507979,24.340397630958726,4.360660537035842,51.565659126482664
sz300308,2023-05-12,72.45,76.79,72.05,75.83,0.04535428728977098,43043368.0,3236578376.0,56728729353.200005,60736932384.04,0.05753660680672169,355.9478034517343,2023-08-28,2023-06-30,43.659059177419884,6.451265019920051,25.444339017860496,4.558435187805733,53.90438284479156
sz300308,2023-05-15,77.0,79.87,72.49,79.6,0.049716471053672606,46599084.0,3564786051.0,59549081584.0,63756558324.8,0.06228957672785727,373.64427211866075,2023-08-28,2023-06-30,45.82963352924467,6.771999150542477,26.709341762121795,4.78506449887032,56.58431853416073
sz300308,2023-05-16,79.16,79.79,75.93,76.82,-0.03492462311557787,39440083.0,3063347444.0,57469352352.8,61529884554.16,0.05272005081004508,360.5948867356221,2023-08-28,2023-06-30,44.22905085071074,6.535489632470767,25.776528067414525,4.617947924663543,54.60813253510336
sz300308,2023-05-17,77.0,82.52,76.02,79.01,0.028508200989325827,43480617.0,3458715706.0,59107700200.4,63283990869.880005,0.05812108299802792,370.8747982424044,2023-08-28,2023-06-30,45.489941521929914,6.721804684476899,26.511370510367374,4.749597312258091,56.16491215306583
sz300308,2023-05-18,88.5,94.81,85.55,94.81,0.19997468674851282,56136630.0,5107563879.0,70927744032.4,75939187120.28,0.07503853341040641,445.0403698438471,2023-08-28,2023-06-30,54.58677832798601,8.065995470639852,31.81297352345185,5.69939654695848,67.39647286713291
sz300308,2023-05-19,96.01,99.59,90.81,93.55,-0.013289737369475807,78514443.0,7528546731.0,70007292130.5,74929975267.4,0.10491801523987243,439.12590020980804,2023-08-28,2023-06-30,53.86133438016128,7.958800509211667,31.390187460383085,5.6236530636849045,66.50079144309971
sz300308,2023-05-22,93.55,93.88,87.36,89.89,-0.03912346338856221,48079581.0,4328897416.0,67290814427.4,72020905150.81999,0.06422679786039542,421.9457741299801,2023-08-28,2023-06-30,51.77023001604947,7.6498092324556675,30.171499532501514,5.405321200966447,63.89905016376519
sz300308,2023-05-23,90.25,92.42,86.97,87.2,-0.02992546445655797,52994085.0,4734300550.0,65277105552.0,69865646113.6,0.07079180629905267,409.3188508636586,2023-08-28,2023-06-30,50.22098183779635,7.420885138170367,29.26860339564059,5.243564453490648,61.98684140928162
sz300308,2023-05-24,85.3,92.21,85.08,87.67,0.005389908256880682,57179784.0,5079451481.0,65628943162.200005,70242215536.46,0.07638324528387784,411.5250419176255,2023-08-28,2023-06-30,50.491668322472556,7.460883028249956,29.426358482750125,5.271826784834004,62.32094479761145
sz300308,2023-05-25,95.88,99.89,90.0,93.18,0.06284932131858101,76534059.0,7280837448.0,69753677698.8,74656891110.84,0.1022375285847141,437.3891115077489,2023-08-28,2023-06-30,53.66503540878284,7.929794463012784,31.27578514226823,5.603157520369937,66.2377738820741
sz300308,2023-05-26,93.26,99.35,91.3,91.45,-0.018566215926164475,60941003.0,5744455159.0,68606280172.0,73418459465.1,0.08123242814474159,429.2684508197428,2023-08-28,2023-06-30,52.774823170754836,7.798252575035843,30.756972726036693,5.5102106070168215,65.00798906971104
sz300308,2023-05-29,94.38,102.38,94.01,96.0,0.049753963914707544,62419383.0,6095670970.0,72019714560.0,77071318848.0,0.08320306189227973,450.6262578315507,2023-08-28,2023-06-30,55.40057981839764,8.186246552251951,32.28725403717357,5.784365426720775,68.24239421205316
sz300308,2023-05-30,98.75,110.0,96.13,109.0,0.13541666666666674,64626729.0,6642510270.0,81772384240.0,87508059942.0,0.08614538424518854,511.6485635795732,2023-08-28,2023-06-30,62.90274166880565,9.294800772869403,36.65948635470749,6.567664911589214,77.48355176160202
sz300308,2023-05-31,106.03,108.09,102.3,107.5,-0.013761467889908285,46050564.0,4857237828.0,80647076200.0,86303820585.0,0.06138394425760968,504.6075283009552,2023-08-28,2023-06-30,62.03710760914319,9.166890670490465,36.15499801037665,6.477284201796701,76.41726435203869
sz300308,2023-06-01,105.0,110.99,104.0,108.04,0.0050232558139535755,38338994.0,4125007353.0,81052187094.40001,86737346753.52,0.0511046655278496,507.14230100125775,2023-08-28,2023-06-30,62.34873587062168,9.212938307346883,36.33661381433575,6.509821257322006,76.8011278194815
sz300308,2023-06-02,111.15,112.8,104.21,106.7,-0.012402813772676824,28843619.0,3094297932.0,80046911912.0,85661559594.59999,0.03844763119261105,500.85230948569233,2023-08-28,2023-06-30,61.57543611065654,9.098671949221698,35.885937560066864,6.4290811565740285,75.84857773360491
sz300308,2023-06-05,105.0,115.38,105.0,111.2,0.04217432052483594,38850479.0,4319562469.0,83422836032.0,89274277665.59999,0.051786458843749134,521.9754153215463,2023-08-28,2023-06-30,64.17233828964393,9.482402256358508,37.39940259305938,6.700223285951565,79.0474399622949
sz300308,2023-06-06,112.0,113.5,106.18,107.31,-0.03324324324324324,32056415.0,3503934985.0,80504537181.59999,86151283599.78,0.04273018657184748,504.6232596230192,2023-08-28,2023-06-30,61.92746062825261,9.150688724189134,36.091096153428076,6.465835978556316,76.41964668787267
sz300308,2023-06-07,107.1,111.1,105.53,108.11,0.007455036809244309,28417824.0,3083546380.0,81104701469.59999,86793544590.18,0.03788005993452247,508.38524459830967,2023-08-28,2023-06-30,62.38913212673925,9.218907445457898,36.36015660373785,6.51403902377899,76.9893579668802
sz300308,2023-06-08,106.1,109.59,103.27,106.72,-0.012857274997687518,34375674.0,3661586284.0,80061916019.2,85677616119.35999,0.0458216854115785,501.84879570374255,2023-08-28,2023-06-30,61.586977898118704,9.100377417253418,35.89266407132461,6.430286232704595,75.99948461960463
sz300308,2023-06-09,106.7,118.5,103.5,115.2,0.07946026986506749,57981813.0,6407554008.0,86423657471.99998,92485582617.6,0.07728792153657768,541.725836441821,2023-08-28,2023-06-30,66.48069578207716,9.823495862702341,38.74470484460828,6.94123851206493,82.03842417708445
sz300308,2023-06-12,115.2,122.64,114.0,121.5,0.0546875,40149743.0,4801762932.0,91149951240.0,97543387917.0,0.05351833663251886,571.3514681222331,2023-08-28,2023-06-30,70.11635883265951,10.360718292693875,40.86355589079779,7.320837493193481,86.52490049926875
sz300308,2023-06-13,120.0,123.98,118.04,121.55,0.0004115226337448874,27962460.0,3386989454.0,91187461508.00002,97583529228.9,0.03727307413532742,571.5865921831888,2023-08-28,2023-06-30,70.14521330131493,10.364981962773173,40.88037216894215,7.323850183519898,86.56050745420673
sz300308,2023-06-14,124.0,134.56,121.7,129.55,0.06581653640477181,40931952.0,5199427080.0,97189104388.0,104006139132.9,0.05456099647168611,609.2064419360931,2023-08-28,2023-06-30,74.7619282861814,11.047169175460835,43.57097667203995,7.80588063574663,92.25762024428205
sz300308,2023-06-15,133.9,139.88,132.0,134.79,0.04044770358934757,44066491.0,5954438969.0,101120180474.4,108212948620.02,0.05873923774684841,633.8474435242454,2023-08-28,2023-06-30,77.78587660126894,11.494001799771256,45.33332262156901,8.121610581955139,95.98922912178136
sz300308,2023-06-16,136.35,156.5,132.64,155.0,0.14993693894205817,45844670.0,6619310082.0,116281830800.0,124438066890.0,0.06110949407239639,728.8845889625197,2023-08-28,2023-06-30,89.44885283178786,13.217377245823462,52.130462247519816,9.339340011892919,110.38156030770914
sz300308,2023-06-19,158.09,164.8,153.46,160.01,0.03232258064516125,49189414.0,7804976289.0,120040359653.6,128460226342.38,0.06556793195932377,752.444019870276,2023-08-28,2023-06-30,92.3400705910605,13.644596987769113,53.81545331758482,9.64121158259991,113.94937719249378
sz300308,2023-06-20,160.01,170.0,156.1,170.0,0.062433597900131366,45209399.0,7319594024.0,127534911199.99998,136480460460.0,0.06026269793646903,799.4218072492152,2023-08-28,2023-06-30,98.10519342841249,14.49647826961283,57.17534569082819,10.24314710981804,121.06364678910035
sz300308,2023-06-21,165.66,166.0,157.05,159.9,-0.059411764705882275,47377741.0,7643068871.0,119957837064.0,128371915456.2,0.0631530291919002,751.9267469361738,2023-08-28,2023-06-30,92.27659076001858,13.635216913594656,53.77845750566722,9.634583663881791,113.87104189163028
sz300308,2023-06-26,156.56,158.0,145.24,148.0,-0.07442151344590375,62228126.0,9396374352.0,111030393280.0,118818283224.0,0.08294812236478823,695.9672204287288,2023-08-28,2023-06-30,85.40922722002969,12.620463434721758,49.776183307309246,8.917563366194528,105.39658661639326
sz300308,2023-06-27,147.44,149.89,144.99,147.2,-0.005405405405405461,36648564.0,5399287868.0,110430228992.0,118176022233.6,0.048851375841942796,692.2052354534383,2023-08-28,2023-06-30,84.94755572154305,12.552244713452993,49.50712285699947,8.869360320971856,104.82687533738572
sz300308,2023-06-28,139.01,145.5,132.96,141.98,-0.03546195652173911,47484929.0,6664986448.0,106514157012.8,113985269271.24,0.0632959074032742,667.6582834896682,2023-08-28,2023-06-30,81.93514919391768,12.107117557174293,47.751503418728156,8.554835450893915,101.10950924186159
sz300308,2023-06-29,144.0,149.8,143.5,148.01,0.04247077053106074,46171818.0,6777628191.0,111037895333.6,118826311486.38,0.06154557200177828,696.0142452409198,2023-08-28,2023-06-30,85.41499811376079,12.621316168737618,49.77954656293812,8.918165904259814,105.40370800738086
sz300308,2023-06-30,145.0,154.58,144.02,147.45,-0.0037835281399906107,48662214.0,7258615996.0,110617780332.0,118376728793.1,0.06486519104582245,693.3808557582165,2023-08-28,2023-06-30,85.09182806482013,12.573563063849482,49.59120424772128,8.884423772603942,105.00491011207558
sz300308,2023-07-03,147.78,148.6,138.89,146.0,-0.009833841980332214,41357921.0,5926592734.0,109529982559.99998,117212630748.0,0.05512879966626739,686.5622579905028,2023-08-28,2023-06-30,84.25504847381308,12.449916631549842,49.103532181534796,8.797055753137846,103.97230841887445
sz300308,2023-07-04,146.51,150.33,145.0,146.52,0.0035616438356165236,31020123.0,4580082240.0,109920089347.2,117630100391.76,0.04134884213570535,689.0075482244415,2023-08-28,2023-06-30,84.55513494782939,12.494258800374539,49.27842147423615,8.828387732532583,104.34262075022934
sz300308,2023-07-05,146.01,146.52,138.72,138.96,-0.051597051597051635,34139676.0,4864646976.0,104248536825.6,111560734032.48,0.045507107547192144,653.456790207947,2023-08-28,2023-06-30,80.19233928713058,11.849591884384697,46.735800218808734,8.372868955178323,98.95884916360818
sz300308,2023-07-06,138.78,145.56,137.7,139.8,0.006044905008635526,32341159.0,4578612224.0,104878709328.0,112235108072.4,0.04310974131136574,657.406874432002,2023-08-28,2023-06-30,80.67709436054156,11.921221541716903,47.018313691634,8.42348215266213,99.5570460065661
sz300308,2023-07-07,144.59,150.62,136.23,146.99,0.05143061516452074,50793793.0,7325079902.0,110272685866.4,118007428723.62,0.06770651838584572,691.2177143974247,2023-08-28,2023-06-30,84.8263669531903,12.534337299119938,49.436494488793144,8.856707021600904,104.67732612664628
sz300308,2023-07-10,145.22,146.89,137.04,143.6,-0.023062793387305325,41994561.0,5942156102.0,107729489696.0,115285847776.8,0.05597742063586429,675.2763030646315,2023-08-28,2023-06-30,82.87003397835313,12.245260467743543,48.296350830605455,8.652446617469826,102.26317458185186
sz300308,2023-07-11,145.98,148.8,142.58,148.5,0.03412256267409486,34545628.0,5054824477.0,111405495960.00002,119219696342.99998,0.046048228714334956,698.3184610382855,2023-08-28,2023-06-30,85.69777190658384,12.663100135514735,49.94434608875285,8.947690269458699,105.75265616577302
sz300308,2023-07-12,149.5,152.0,138.79,138.79,-0.06538720538720544,46596161.0,6734275073.0,104121001914.4,111424253572.02,0.062111207789824374,652.6573684006979,2023-08-28,2023-06-30,80.09423409370218,11.835095406115087,46.67862487311791,8.362625808068506,98.8377855168191
sz300308,2023-07-13,141.84,154.7,141.84,154.2,0.1110310541105266,53698272.0,7947614825.0,115681666512.0,123795805899.6,0.07157809696267699,725.1226039872297,2023-08-28,2023-06-30,88.98718133330121,13.149158524554696,51.86140179721004,9.291136966670246,109.81184902870166
sz300308,2023-07-14,156.66,159.6,151.11,155.39,0.007717250324254188,53987381.0,8351777077.0,116574410890.4,124751169122.82,0.07196347010903788,730.7185566379742,2023-08-28,2023-06-30,89.6739176873001,13.250633872441988,52.261629217045844,9.362838996438972,110.65929455622536
sz300308,2023-07-17,154.1,164.95,153.93,157.71,0.014930175686981295,40598314.0,6478700227.0,118314887325.6,126613725994.98,0.05411626757772032,741.6283130663167,2023-08-28,2023-06-30,91.01276503291136,13.448468164121406,53.04190452294419,9.502627827584725,112.31145726534722
sz300308,2023-07-18,160.08,160.5,149.99,151.29,-0.040707627924671974,31192160.0,4811204346.0,113498568914.4,121459581547.02,0.041578162011532416,711.4383836396108,2023-08-28,2023-06-30,87.30785125755604,12.90101292593956,50.88269440920822,9.115798389672774,107.73952425131176
sz300308,2023-07-19,154.0,155.96,148.92,149.0,-0.01513649282834284,22140348.0,3357756301.0,111780598640.0,119621109462.0,0.029512383116004397,700.669701647842,2023-08-28,2023-06-30,85.986316593138,12.705736836307716,50.11250887019647,8.977817172722869,106.1087257151527
sz300308,2023-07-20,147.5,148.4,129.55,130.0,-0.12751677852348997,67119847.0,9235924770.0,97526696800.0,104367410940.0,0.0894686316290782,611.3225584846942,2023-08-28,2023-06-30,75.02161850408014,11.085542206174518,43.722323175339206,7.832994848684383,92.57808283872383
sz300308,2023-07-21,130.01,131.73,125.71,130.24,0.0018461538461538307,52738178.0,6789054875.0,97706746086.4,104560089237.12,0.07029832204877876,612.4511539772814,2023-08-28,2023-06-30,75.16011995362612,11.106007822555146,43.803041310432135,7.847455762251186,92.74899622242609
sz300308,2023-07-24,130.16,135.93,128.88,131.0,0.005835380835380821,39384208.0,5213235804.0,98276902160.0,105170237178.0,0.05249790270759996,616.0250397038074,2023-08-28,2023-06-30,75.59870787718845,11.170815607760474,44.05864873822643,7.893248655212725,93.29022193748324
sz300308,2023-07-25,133.16,140.98,130.01,134.25,0.024809160305343525,44711892.0,6031733705.0,100715069580.0,107779422451.5,0.05959953685214939,631.3081036659247,2023-08-28,2023-06-30,77.47424833979045,11.447954162914838,45.151706817609906,8.089073526429834,95.60467400845134
sz300308,2023-07-26,134.42,135.58,127.03,129.04,-0.038808193668528945,40039717.0,5222877718.0,96806499654.4,103596697751.52,0.05337167545697088,606.8081765143457,2023-08-28,2023-06-30,74.46761270589617,11.003679740651998,43.39945063496747,7.775151194417177,91.89442930391479
sz300308,2023-07-27,127.1,131.1,126.11,127.9,-0.008834469931804034,25327707.0,3245832687.0,95951265544.0,102681475840.2,0.033761031779351726,601.4473479245569,2023-08-28,2023-06-30,73.80973082055269,10.906468062844006,43.01603949327603,7.706461854974866,91.08259073132906
sz300308,2023-07-28,126.63,131.19,124.6,126.9,-0.007818608287724738,34106699.0,4345023431.0,95201060184.0,101878649602.2,0.04546315024995289,596.7448667054439,2023-08-28,2023-06-30,73.23264144744438,10.821194661258046,42.6797139303888,7.646208048446525,90.37045163256965
sz300308,2023-07-31,124.08,131.45,124.0,128.0,0.008668242710795804,37255534.0,4779940266.0,96026286079.99998,102761758464.0,0.04966044764063003,601.9175960464681,2023-08-28,2023-06-30,73.86743975786352,10.914995403002601,43.049672049564755,7.7124872356277,91.153804641205
sz300308,2023-08-01,128.0,135.99,127.66,134.8,0.05312500000000009,48414577.0,6416563399.0,101127682528.00002,108220976882.4,0.0645350987628241,633.8944683364368,2023-08-28,2023-06-30,77.79164749500002,11.494854533787114,45.33668587719788,8.122213120020422,95.99635051276903
sz300308,2023-08-02,134.0,135.99,130.52,133.8,-0.007418397626112738,26423435.0,3525725901.0,100377477168.0,107418150644.4,0.03522160252227471,629.1919871173238,2023-08-28,2023-06-30,77.21455812189171,11.409581132201156,45.000360314310655,8.06195931349208,95.2842114140096
sz300308,2023-08-03,130.38,135.49,128.33,130.51,-0.02458893871449941,30156950.0,3954508033.0,97909301533.6,104776852321.38,0.040198259847143716,613.7208239064419,2023-08-28,2023-06-30,75.31593408436538,11.129031640983357,43.893849212411695,7.863724290013838,92.94127377909112
sz300308,2023-08-04,130.03,141.03,129.51,139.95,0.07233162209792354,45822926.0,6212604412.0,104991240132.0,112355532008.1,0.0610805100086195,658.1122466148689,2023-08-28,2023-06-30,80.76365776650782,11.934012551954797,47.06876252606709,8.432520223641381,99.66386687138
sz300308,2023-08-07,141.0,146.66,138.88,141.75,0.012861736334405238,41393028.0,5916033330.0,106341609780.0,113800619236.5,0.05517559618608963,666.5767128092725,2023-08-28,2023-06-30,81.80241863810276,12.087504674809521,47.674148539264095,8.540977075392394,100.94571724914695
sz300308,2023-08-08,141.75,144.43,134.5,134.51,-0.05107583774250446,30327642.0,4213408871.0,100910122973.6,107988157273.38,0.04042578688054161,632.5307487828941,2023-08-28,2023-06-30,77.62429157679861,11.470125247327188,45.23915146396059,8.104739516127204,95.78983017412878
sz300308,2023-08-09,134.18,136.15,126.61,126.84,-0.057021782767080476,41735228.0,5455563216.0,95156047862.4,101830480027.92,0.055631737955058075,596.4627178322971,2023-08-28,2023-06-30,73.19801608505789,10.816078257162891,42.65953439661558,7.6425928200548245,90.32772328664407
sz300308,2023-08-10,124.06,127.19,122.01,124.01,-0.022311573636076942,31411636.0,3903812258.0,93032966693.6,99558481774.38,0.041870716572859464,583.1546959822072,2023-08-28,2023-06-30,71.56485315916137,10.57475453067463,41.70773305364473,7.472074547579618,88.31236963715493
sz300308,2023-08-11,125.43,127.14,121.98,121.98,-0.016369647609063787,20952826.0,2602884599.0,91510049812.8,97928744511.24,0.027929453876469237,573.6086591074077,2023-08-28,2023-06-30,70.3933617317515,10.401649525455136,41.024992160983665,7.3497593203270855,86.86672726667332
sz300308,2023-08-14,122.7,123.52,120.31,123.52,0.012625020495163009,29986274.0,3653432708.0,92665366067.2,99165096917.76,0.039970754141239406,580.8504801848417,2023-08-28,2023-06-30,71.2820793663383,10.53297056389751,41.54293352782999,7.442550182380731,87.96342147876281
sz300308,2023-08-15,129.0,129.88,121.01,121.9,-0.0131152849740932,42534771.0,5328572547.0,91450033384.0,97864518412.2,0.056697503467583864,573.2324606098787,2023-08-28,2023-06-30,70.34719458190283,10.394827653328257,40.99808611595268,7.344939015804818,86.80975613877257
sz300308,2023-08-16,120.02,123.3,118.11,121.01,-0.007301066447908178,31383104.0,3776187152.0,90782350613.6,97150003060.38,0.041832684319930744,569.0472523248679,2023-08-28,2023-06-30,69.83358503983645,10.318934325916757,40.698756364983055,7.291313127994594,86.17595234087668
sz300308,2023-08-17,118.8,124.2,117.18,122.25,0.010247087017601908,32016439.0,3886919823.0,91712605260.0,98145507595.5,0.042676899829134786,574.8783290365682,2023-08-28,2023-06-30,70.54917586249074,10.424673343883343,41.11580006296321,7.366027848089737,87.05900482333836
sz300308,2023-08-18,121.5,122.5,115.51,115.51,-0.05513292433537831,31517411.0,3733845103.0,86656221133.6,92734458751.38,0.04201171129995659,543.1836056197463,2023-08-28,2023-06-30,66.65959348774075,9.849930617193989,38.84896576910332,6.959917192088716,82.25918729769991
sz300308,2023-08-21,116.33,120.55,115.3,117.87,0.020431131503765965,25505247.0,3016721235.0,88426705783.2,94629128673.06,0.033997686980002384,554.2814612968532,2023-08-28,2023-06-30,68.02152440827635,10.051175844936848,39.64269409751717,7.102116175495602,83.93983557077213
sz300308,2023-08-22,122.1,126.55,118.15,126.0,0.06897429371341302,46500629.0,5683967305.0,94525875360.0,101156105988.0,0.061983866657524284,592.5126336082421,2023-08-28,2023-06-30,72.7132610116469,10.744448599830685,42.377020923790305,7.591979622571017,89.72952644368617
sz300308,2023-08-23,123.48,123.49,118.1,119.0,-0.05555555555555558,28635712.0,3429649261.0,89274437840.0,95536322322.0,0.03817049774211157,559.5952650744508,2023-08-28,2023-06-30,68.67363539988874,10.147534788728981,40.022741983579735,7.170202976872628,84.74455275237027
sz300308,2023-08-24,124.0,126.0,119.33,121.0,0.01680672268907557,40958448.0,5006257034.0,90774848560.0,97141974798.00002,0.05459631480105661,569.0002275126768,2023-08-28,2023-06-30,69.82781414610537,10.318081591900897,40.695393109354185,7.290710589929311,86.16883094988908
sz300308,2023-08-25,113.33,115.14,106.01,106.95,-0.11611570247933878,58082049.0,6411278828.0,80234463252.0,85862266154.1,0.07742153295199064,502.9303663841388,2023-08-28,2023-06-30,61.71970845393362,9.11999029961819,35.97001895078868,6.444144608206114,76.16327661231932
sz300308,2023-08-28,114.0,116.06,110.1,111.5,0.04254324450677882,48768924.0,5518917339.0,83647897640.0,89515125537.0,0.06500743209832571,524.3266559311031,2023-08-28,2023-06-30,64.34546510157642,9.507984276834296,37.500300261925545,6.7182994279100665,79.40350951167466
sz300308,2023-08-29,113.0,121.0,109.53,115.19,0.03309417040358742,43949088.0,5049231498.0,86416155418.4,92477554355.22,0.05858274326379113,541.6788116296301,2023-10-23,2023-09-30,54.55673407468073,9.429656437505392,38.151127124694895,6.581519406282742,82.03130278609689
sz300308,2023-08-30,116.1,119.59,113.38,116.0,0.007031860404548951,31384264.0,3637835088.0,87023821760.00002,93127843608.0,0.04183423056321538,545.4878214171116,2023-10-23,2023-09-30,54.940369412821994,9.495964465236787,38.41940052491195,6.627799731997553,82.60813545609201
sz300308,2023-08-31,114.0,116.34,113.75,114.62,-0.011896551724137838,19311098.0,2222072594.0,85988538363.2,92019943399.56,0.025741082415086984,538.9983973347357,2023-10-23,2023-09-30,54.28676846635911,9.382995232805522,37.96234213935697,6.548951769668617,81.62538349980402
sz300308,2023-09-01,113.9,115.29,110.85,112.15,-0.021549467806665445,20995857.0,2366297059.0,84135531124.00002,90036962591.7,0.027986812837487586,527.3832687235265,2023-10-23,2023-09-30,53.11691749696541,9.18079667910608,37.144273869559264,6.407825344340736,79.86639992586827
sz300308,2023-09-04,112.96,113.48,110.75,112.35,0.001783325902808608,16571872.0,1853237382.0,84285572196.0,90197527839.3,0.02208978085680433,528.323764967349,2023-10-23,2023-09-30,53.2116422718151,9.197169031632354,37.21051421529188,6.419252585257976,80.00882774562014
sz300308,2023-09-05,111.9,111.9,108.12,109.01,-0.029728526924788556,21438303.0,2351163353.0,81779886293.59999,87516088204.37999,0.02857657935155249,512.6174776955115,2023-10-23,2023-09-30,51.62973853182522,8.923750744443637,36.10430044155734,6.228417661940113,77.63028315576369
sz300308,2023-09-06,109.12,110.95,106.8,109.7,0.006329694523438123,19848040.0,2159984141.0,82297527992.0,88070038308.6,0.02645680910624259,515.8621897366994,2023-10-23,2023-09-30,51.95653900505666,8.980235360659272,36.332829634334836,6.267841643104582,78.12165913390768
sz300308,2023-09-07,109.1,110.75,106.11,106.31,-0.030902461257976355,23929561.0,2576182320.0,79754331821.6,85348457361.78,0.031897347414313326,499.9207784039062,2023-10-23,2023-09-30,50.350954071354366,8.70272398533899,35.21005577416715,6.074149909557412,75.70750758911326
sz300308,2023-09-08,103.57,107.2,102.0,105.25,-0.00997083999623749,28788555.0,3020167548.0,78959114140.0,84497461549.5,0.038374232623451264,494.9361483116463,2023-10-23,2023-09-30,49.84891276465099,8.615950516949757,34.858981941784336,6.013585532696055,74.95264014442827
sz300308,2023-09-11,106.25,112.99,104.52,109.2,0.03752969121140137,37972244.0,4157932998.0,81922425312.0,87668625189.59999,0.050615799385917475,513.5109491271428,2023-10-23,2023-09-30,51.71972706793243,8.939304479343594,36.16722877000332,6.239273540811488,77.76558958452796
sz300308,2023-09-12,108.08,111.88,107.55,109.92,0.00659340659340657,24478655.0,2703602919.0,82462573171.2,88246660080.96,0.03262927233684387,516.8967356049042,2023-10-23,2023-09-30,52.060736257391326,8.998244948438169,36.40569401464071,6.280411608113543,78.27832973563474
sz300308,2023-09-13,109.45,110.9,105.36,106.67,-0.02956695778748175,18058937.0,1940755914.0,80024405751.2,85637474807.45999,0.024071991434452027,501.61367164278687,2023-10-23,2023-09-30,50.52145866608381,8.732194219886274,35.329288396485836,6.094718943208438,75.96387766466665
sz300308,2023-09-14,107.17,108.31,102.5,102.65,-0.037686322302427966,24630602.0,2577436505.0,77008580204.0,82410113330.7,0.03283181287854302,482.7096971419525,2023-10-23,2023-09-30,48.617490691604985,8.40310993410824,33.997857447260444,5.865031400771971,73.10107848765381
sz300308,2023-09-15,103.39,104.16,97.41,98.68,-0.03867510959571363,36380931.0,3651606069.0,74030264924.8,79222893165.84,0.048494629523841315,464.04084670207374,2023-10-23,2023-09-30,46.73720391083857,8.078118736461775,32.682986584468196,5.638200668564814,70.27388626557894
sz300308,2023-09-18,99.0,99.59,94.72,95.5,-0.0322253749493312,29694648.0,2886881290.0,71644611880.0,76669905729.0,0.039582025913544525,449.0869564252943,2023-10-23,2023-09-30,45.23107999072845,7.817798331294079,31.629765087319754,5.456507537980744,68.009283931524
sz300308,2023-09-19,96.4,99.26,93.69,96.5,0.010471204188481575,26524362.0,2558488944.0,72394817240.0,77472731967.0,0.035356135018816716,453.78943764440726,2023-10-23,2023-09-30,45.70470386497691,7.899660093925431,31.960966815982786,5.51364374256693,68.7214230302834
sz300308,2023-09-20,96.49,100.9,96.0,97.15,0.006735751295336767,27546975.0,2709599897.0,72882450724.0,77994569021.7,0.03671924578091524,456.8460504368307,2023-10-23,2023-09-30,46.01255938323842,7.952870239635807,32.17624793961376,5.55078227554795,69.18431344447701
sz300308,2023-09-21,96.5,100.32,96.21,97.37,0.0022645393721050233,23977637.0,2360482803.0,73047495903.2,78171190794.06,0.031961431200651515,457.8805963050356,2023-10-23,2023-09-30,46.11675663557308,7.970879827414705,32.249112319919625,5.5633522405569105,69.34098404620408
sz300308,2023-09-22,97.97,112.92,97.5,111.08,0.14080312211153334,64761080.0,6867634058.0,83332811388.8,89177938517.04,0.08632446987582174,522.3516138190753,2023-10-23,2023-09-30,52.61013995151954,9.093204593090537,36.78988801988982,6.346689605433518,79.10441109019565
sz300308,2023-09-25,111.08,111.9,106.8,107.5,-0.032229024126755434,41038932.0,4492724324.0,80647076200.0,86303820585.0,0.05470359742564356,505.5167310546506,2023-10-23,2023-09-30,50.91456648171004,8.800139482870298,35.60418583127616,6.142141993014973,76.55495311663695
sz300308,2023-09-26,109.95,115.77,109.3,111.8,0.040000000000000036,44213329.0,4973206851.0,83872959248.0,89755973408.40001,0.0589349681532534,525.7374002968367,2023-10-23,2023-09-30,52.95114914097845,9.152145062185111,37.02835326452721,6.387827672735574,79.61715124130244
sz300308,2023-09-27,111.25,116.2,111.25,114.07,0.020304114490161007,27608180.0,3148705128.0,85575925415.2,91578388968.66,0.03680083010870517,536.4120326642233,2023-10-23,2023-09-30,54.02627533552246,9.337971263358279,37.7801811885923,6.517526857146215,81.23370699548632
sz300308,2023-09-28,117.88,119.33,114.02,115.8,0.015166126062943874,30639080.0,3565312269.0,86873780688.0,92967278360.4,0.04084092387716345,544.5473251732889,2023-10-23,2023-09-30,54.8456446379723,9.479592112710517,38.35316017917935,6.616372491080315,82.4657076363401
sz300308,2023-10-09,115.43,116.98,107.51,111.06,-0.040932642487046644,44249393.0,4935200180.0,83317807281.6,89161881992.28,0.05898304032378548,522.257564194693,2023-10-23,2023-09-30,52.60066747403457,9.09156735783791,36.783263985316566,6.345546881341795,79.09016830822047
sz300308,2023-10-10,110.37,112.72,107.98,109.45,-0.014496668467495089,25541230.0,2811180252.0,82109976652.0,87869331749.09999,0.0340456511800982,514.686569431921,2023-10-23,2023-09-30,51.83813303649455,8.959769920001431,36.250029202169074,6.253557591958034,77.94362435921782
sz300308,2023-10-11,110.55,113.77,107.66,109.73,0.0025582457743262843,25465543.0,2814276801.0,82320034152.8,88094123095.74,0.033944762804680575,516.0032641732728,2023-10-23,2023-09-30,51.97074772128412,8.982691213538212,36.34276568619473,6.2695557292421675,78.14302330687046
sz300308,2023-10-12,111.0,111.42,105.63,106.67,-0.027886630821106317,21826595.0,2341724753.0,80024405751.2,85637474807.45999,0.02909416029765503,501.6136716427869,2023-10-23,2023-09-30,50.52145866608381,8.732194219886274,35.329288396485836,6.094718943208438,75.96387766466665
sz300308,2023-10-13,105.8,106.37,100.9,102.37,-0.040311240273741444,29490560.0,3035091201.0,76798522703.2,82185321984.06,0.039309983069169226,481.3930024006009,2023-10-23,2023-09-30,48.48487600681541,8.380188640571465,33.9051209632348,5.849033263487841,72.90167954000117
sz300308,2023-10-16,101.35,102.78,99.38,100.01,-0.023053628992869002,22284027.0,2239102029.0,75028038053.59999,80290652062.37999,0.029703902675395445,470.29514672349416,2023-10-23,2023-09-30,47.367123663589034,8.186994880761473,33.12348488359003,5.714191820664441,71.22103126692896
sz300308,2023-10-17,101.12,103.5,97.88,100.56,0.005499450054994526,23803860.0,2390436763.0,75440651001.6,80732206493.28,0.03172979195989749,472.88151139400634,2023-10-23,2023-09-30,47.627616794425684,8.232018850208718,33.305645834354706,5.745616733186844,71.61270777124665
sz300308,2023-10-18,96.61,98.11,93.22,97.45,-0.030926809864757376,34566383.0,3319570127.0,73107512332.0,78235416893.1,0.046075894472414856,458.25679480256485,2023-10-23,2023-09-30,46.15464654551296,7.977428768425215,32.27560845821267,5.567923136923806,69.39795517410487
sz300308,2023-10-19,96.77,97.51,94.23,94.64,-0.028835300153925103,22135469.0,2112414475.0,70999435270.4,75979475164.32,0.029505879563430478,445.04282257685725,2023-10-23,2023-09-30,44.82376345887478,7.747397215431118,31.34493160066955,5.407370402036625,67.39684430659092
sz300308,2023-10-20,96.98,97.17,93.76,94.07,-0.006022823330515736,25065479.0,2386369705.0,70571818215.2,75521864208.65999,0.033411490155175645,442.36240828196276,2023-10-23,2023-09-30,44.553797850553146,7.7007360107312435,31.156146615331608,5.374802765422497,66.99092502029804
sz300308,2023-10-23,97.17,99.16,93.7,96.1,0.021579674710322072,39084954.0,3745740421.0,72094735096.0,77151601471.8,0.05209900659734023,451.9084451567622,2023-10-23,2023-09-30,45.51525431527754,7.866915388872891,31.82848612451758,5.4907892607324555,68.43656739077966
sz300308,2023-10-24,98.2,101.8,94.52,95.8,-0.003121748178980255,58002778.0,5694715205.0,71869673488.0,76910753600.4,0.07731586721801081,450.49770079102825,2024-04-22,2024-03-31,25.7161316418662,5.604364219915242,37.56351607185873,4.617665572510051,68.22292566115183
sz300308,2023-10-25,91.46,95.64,87.8,88.01,-0.08131524008350721,57993066.0,5257017631.0,66025573733.6,70656737206.38,0.07730292142940702,413.8653720941378,2024-04-22,2024-03-31,23.62501822338877,5.148643997857416,34.50902974409485,4.242178987856049,62.675362081816004
sz300308,2023-10-26,88.66,90.75,87.61,89.9,0.021474832405408373,34997231.0,3115896145.0,67443461864.0,72174078796.2,0.046650201219570066,422.75306159826135,2024-04-22,2024-03-31,24.132361530310764,5.259210264826517,35.25010537432254,4.333279070654004,64.02130497847128
sz300308,2023-10-27,89.01,90.28,87.42,89.41,-0.005450500556173576,27273075.0,2430655711.0,67075861237.6,71780693939.58,0.03635414575017166,420.4488458008959,2024-04-22,2024-03-31,24.000828080368024,5.230544936353046,35.05797465537462,4.3096605306693485,63.672356820079166
sz300308,2023-10-30,89.37,90.8,87.5,89.82,0.004585616821384697,27303212.0,2435833703.0,67383445435.2,72109852697.16,0.036394317417300245,422.3768631007323,2024-04-22,2024-03-31,24.11088668134052,5.254530211198195,35.21873709367799,4.329422982493244,63.964333850570526
sz300308,2023-10-31,90.2,90.61,85.91,87.75,-0.023046092184368705,27760236.0,2422980989.0,65830520340.0,70448002384.5,0.03700351594395433,412.6427269771683,2024-04-22,2024-03-31,23.555224964235478,5.133433823565371,34.407082832000036,4.2296467013335795,62.49020591613854
sz300308,2023-11-01,87.2,88.6,85.05,85.22,-0.028831908831908892,22698982.0,1962819214.0,63932500779.2,68416852002.36,0.030257024556582746,400.7454494928123,2024-04-22,2024-03-31,22.87608286555154,4.985427127569697,33.415060956615875,4.107697913249546,60.68849399627722
sz300308,2023-11-02,86.54,89.33,85.9,85.93,0.008331377610889534,27315337.0,2385194800.0,64465146584.8,68986858631.34001,0.03641047965852977,404.0842111583826,2024-04-22,2024-03-31,23.06667215016245,5.026962603521053,33.69345444733634,4.1419206956762915,61.1941127563964
sz300308,2023-11-03,86.5,91.16,86.5,88.65,0.03165367159315724,38320998.0,3426594903.0,66505705164.0,71170545998.7,0.05108067742944412,416.87496007437005,2024-04-22,2024-03-31,23.79681701515071,5.18608442688399,34.759975989251316,4.273027693142129,63.131131105022014
sz300308,2023-11-06,90.44,91.91,89.0,91.42,0.031246474901297283,37425526.0,3392829397.0,68429360877.36,73394374677.95999,0.049999613368477205,429.90083305131316,2024-04-22,2024-03-31,24.54038366074538,5.348131283764629,35.84610270656915,4.406544745708443,65.10375640858558
sz300308,2023-11-07,90.89,104.0,90.28,99.2,0.085101728287027,56386546.0,5399560130.0,74252817753.6,79640362809.6,0.07533108550522055,466.48613693601254,2024-04-22,2024-03-31,26.628812723101532,5.803266499118915,38.896667999252465,4.781549319342349,70.64419859693383
sz300308,2023-11-08,97.1,98.57,95.71,96.65,-0.025705645161290258,35627587.0,3451750191.0,72344101168.2,77593155902.7,0.047597609590090594,454.49480982727437,2024-04-22,2024-03-31,25.94430191217503,5.654089789716161,37.89680405370716,4.658636509218125,68.82824389509733
sz300308,2023-11-09,99.0,103.17,98.3,100.99,0.04490429384376604,39970041.0,4027566223.0,75592661944.92,81077421775.62,0.053399024941484644,474.90357831822485,2024-04-22,2024-03-31,27.10931246881072,5.907982699052613,39.59853327867445,4.867829291939352,71.91892758371318
sz300308,2023-11-10,100.5,105.2,100.0,101.54,0.005446083770670462,31322806.0,3214256450.0,76004345914.31999,81518976206.52,0.04184652447144813,477.489942988737,2024-04-22,2024-03-31,27.256952055481147,5.9401580677473245,39.8141902081058,4.894339898044578,72.31060408803086
sz300308,2023-11-13,105.8,108.51,103.8,104.9,0.03309040772109517,37887467.0,4025461363.0,78519360709.2,84216472366.2,0.05061675556706776,493.2902798849568,2024-04-22,2024-03-31,28.158895712231356,6.1367203201368365,41.13165799517724,5.056295600796496,74.70339145986249
sz300308,2023-11-14,104.91,107.64,102.55,105.01,0.0010486177311725964,27545433.0,2892680628.0,78601697503.08,84304783252.38,0.03680004390766059,493.80755281905925,2024-04-22,2024-03-31,28.188423629565445,6.143155393875778,41.17478938106352,5.061597722017541,74.78172676072603
sz300308,2023-11-15,108.0,108.0,100.13,104.0,-0.009618131606513702,30809091.0,3176885728.0,77845696032.0,83493928752.0,0.041160213439197374,489.0580467877551,2024-04-22,2024-03-31,27.917303661316122,6.084069716818217,40.77876483792597,5.012914608987946,74.06246627097902
sz300308,2023-11-16,102.0,103.9,100.01,100.04,-0.03807692307692301,23617144.0,2397920625.0,74881571452.32,80314736849.52,0.03155194315418977,470.43622116006753,2024-04-22,2024-03-31,26.854298637289087,5.852407062216293,39.22603494602033,4.8220382450303285,71.24239543989174
sz300308,2023-11-17,100.09,107.0,100.09,105.59,0.055477808876449375,31693254.0,3260389726.0,79035836961.72,84770422470.42,0.04234143419624733,496.5349919261448,2024-04-22,2024-03-31,28.344116284599707,6.177085782681111,41.40220941573657,5.08955436118305,75.19476743800648
sz300308,2023-11-20,103.65,105.57,100.58,102.35,-0.030684723932190683,32604134.0,3342265676.0,76610644123.8,82169265459.3,0.04355834823040355,481.2989527762186,2024-04-22,2024-03-31,27.47438490130486,5.9875436107340825,40.13179404963196,4.9333827906722725,72.88743675802597
sz300308,2023-11-21,103.88,107.3,103.09,103.57,0.011919882755251576,29244105.0,3067829702.0,77523834019.56,83148713469.66,0.03906942933299457,487.03597986353645,2024-04-22,2024-03-31,27.801876348101068,6.058914428565989,40.61016032946147,4.992188135123862,73.75624645851246
sz300308,2023-11-22,102.0,102.5,97.3,97.36,-0.059959447716520176,36776498.0,3646456166.0,72875547746.88,78163162531.68,0.04913252738375875,457.83357149284456,2024-04-22,2024-03-31,26.134891196785937,5.695625265667515,38.17519754442761,4.6928592916448695,69.3338626552165
sz300308,2023-11-23,96.89,98.5,95.8,98.14,0.008011503697617162,20694198.0,2012153493.0,73459390467.12,78789366997.32,0.02764695675808843,461.50150684375274,2024-04-22,2024-03-31,26.344270974245813,5.741255788543653,38.48103828071207,4.73045615121228,69.88933115224886
sz300308,2023-11-24,97.31,97.77,93.86,94.4,-0.03810882412879557,20077347.0,1911066594.0,70659939475.2,75786796867.2,0.02682285848072665,443.91422708427,2024-04-22,2024-03-31,25.34032178488694,5.522463281419612,37.01457116057895,4.5501840296967515,67.22593092288865
sz300308,2023-11-27,94.01,99.17,94.0,97.88,0.03686440677966085,27819069.0,2690866547.0,73264776227.04001,78580632175.44,0.03716561510106737,460.2788617267833,2024-04-22,2024-03-31,26.274477715092523,5.726045614251607,38.37909136861725,4.717923864689809,69.70417498657139
sz300308,2023-11-28,96.5,97.09,94.06,94.75,-0.03197793216183076,16103190.0,1528746475.0,70921920183.0,76067786050.5,0.021513479169247438,445.5600955109595,2024-04-22,2024-03-31,25.434274249131757,5.542938516043519,37.1518073883989,4.567054415400076,67.47517960745444
sz300308,2023-11-29,94.92,95.8,93.45,94.74,-0.00010554089709768899,15955057.0,1510402395.0,70914435019.92,76059757788.12,0.021315577001429872,445.5130706987684,2024-04-22,2024-03-31,25.431589893010475,5.542353509339979,37.14788635331833,4.566572404379981,67.46805821646684
sz300308,2023-11-30,94.1,95.35,93.58,94.92,0.0018999366687777464,15167633.0,1434217214.0,71049167955.36,76204266510.96,0.020263597249507086,446.35951731820876,2024-04-22,2024-03-31,25.479908303193522,5.552883630003703,37.21846498476859,4.5752486027416905,67.59624325424353
sz300308,2023-12-01,94.89,101.54,93.14,100.0,0.053518752633796796,41044613.0,4008161832.0,74851630800.0,80282623800.0,0.05483462759771962,470.24812191130286,2024-04-22,2024-03-31,26.843561212803962,5.850067035402132,39.21035080569805,4.820110200949948,71.21390987594134
sz300308,2023-12-04,100.52,105.0,100.1,102.78,0.027800000000000047,35437696.0,3652847132.0,76932506136.24,82514480741.64,0.04734391972659599,483.3210197004371,2024-04-22,2024-03-31,27.589812214519913,6.012698898986311,40.300398558096454,4.954109264536357,73.19365657049251
sz300308,2023-12-05,101.88,103.99,100.51,100.8,-0.019264448336252182,27060750.0,2763096765.0,75450443846.4,80924884790.4,0.03615251893750323,474.01010688659323,2024-04-22,2024-03-31,27.058309702506396,5.896867571685348,39.52403361214363,4.858671082557548,71.78362115494888
sz300308,2023-12-06,100.0,101.5,98.8,100.68,-0.0011904761904760752,17717683.0,1775299068.0,75360621889.44,80828545641.84,0.02367040345098266,473.44580914029973,2024-04-22,2024-03-31,27.02609742905103,5.889847491242866,39.47698119117679,4.8528869503164085,71.69816446309775
sz300308,2023-12-07,102.6,105.5,100.22,104.37,0.036650774731823654,32380660.0,3356657903.0,78122647065.96,83790974460.06,0.04325979227696399,490.7979648388269,2024-04-22,2024-03-31,28.016624837803498,6.105714964849205,40.923843135907056,5.030749016731461,74.32595773752
sz300308,2023-12-08,107.86,119.9,106.03,117.5,0.12580243364951604,62843848.0,7103915958.0,87950666190.00002,94332082965.0,0.08395788752808307,552.5415432457809,2024-04-22,2024-03-31,31.54118442504466,6.873828766597504,46.0721621966952,5.663629486116189,83.67634410423108
sz300308,2023-12-11,117.24,121.0,114.22,120.15,0.022553191489361746,44329042.0,5235994390.0,89934234406.2,96459572495.7,0.0592225466916614,565.0031184764304,2024-04-22,2024-03-31,32.25253879718396,7.028855543035662,47.1112364930462,5.791362406441363,85.56351271594353
sz300308,2023-12-12,120.12,121.5,112.0,114.96,-0.043196004993757864,43834398.0,5097963380.0,86049434767.68001,92292904320.48,0.05856171406221385,540.5972409492338,2024-04-22,2024-03-31,30.859357970239436,6.72523706389829,45.07621928623047,5.54119868701206,81.86751079338217
sz300308,2023-12-13,114.15,115.99,113.13,113.4,-0.013569937369519725,20526410.0,2346037369.0,84881749327.2,91040495389.2,0.02742279597734563,533.2613702474175,2024-04-22,2024-03-31,30.440598415319695,6.633976018146018,44.46453781366158,5.466004967877241,80.7565737993175
sz300308,2023-12-14,115.0,116.88,112.1,112.81,-0.005202821869488616,23896245.0,2737229889.0,84440124705.48,90566827908.78,0.03192481545772814,530.4869063281408,2024-04-22,2024-03-31,30.28222140416415,6.599460622637145,44.23319674390797,5.437566317691637,80.33641173104942
sz300308,2023-12-15,113.38,114.3,108.56,110.05,-0.024465916142186073,20130343.0,2227687543.0,82374219695.4,88351027491.90001,0.026893659877347657,517.5080581633887,2024-04-22,2024-03-31,29.541339114690764,6.437998772460047,43.15099106167071,5.304531276145418,78.37090781847343
sz300308,2023-12-18,109.12,115.5,108.51,113.39,0.030349840981372056,27400048.0,3091409583.0,84874264164.12,91032467126.82,0.03660581300254049,533.2143454352262,2024-04-22,2024-03-31,30.43791405919842,6.633391011442479,44.46061677858102,5.465522956857147,80.74945240832986
sz300308,2023-12-19,114.13,114.89,109.99,113.19,-0.0017638239703677838,19986806.0,2241974669.0,84724560902.52,90871901879.22,0.026701897856312305,532.2738491914035,2024-04-22,2024-03-31,30.384226936772805,6.621690877371672,44.38219607696962,5.455882736455246,80.60702458857797
sz300308,2023-12-20,113.2,113.56,107.55,109.3,-0.03436699355066708,23889801.0,2615125511.0,81812832464.4,87748907813.4,0.031916206426861174,513.9811972490538,2024-04-22,2024-03-31,29.34001240559473,6.394123269694529,42.85691343062796,5.268380449638293,77.83680349440385
sz300308,2023-12-21,108.21,117.9,107.44,114.19,0.04473924977127175,29879841.0,3366749241.0,85473077210.52,91674728117.22,0.03991875752157961,536.9763304105164,2024-04-22,2024-03-31,30.652662548900846,6.680191547725694,44.7742995850266,5.504083838464745,81.31916368733738
sz300308,2023-12-22,112.68,114.66,109.38,110.39,-0.03327787021630613,23863535.0,2672138708.0,82628715240.12001,88623988412.82,0.0318811156750375,519.106901777887,2024-04-22,2024-03-31,29.6326072228143,6.457889000380415,43.28430625441008,5.320919650828649,78.6130351120516
sz300308,2023-12-25,111.11,113.28,107.68,111.25,0.007790560739197483,15221014.0,1685997618.0,83272439265.0,89314418977.5,0.020334912996979086,523.1510356263242,2024-04-22,2024-03-31,29.86346184924441,6.508199576884872,43.62151527133908,5.362372598556817,79.22547473698471
sz300308,2023-12-26,110.59,111.38,105.61,106.96,-0.03856179775280899,19558462.0,2102879808.0,80061304303.68,85870294416.48001,0.02612964045133403,502.97739119632934,2024-04-22,2024-03-31,28.71187307321512,6.257231701066121,41.939391221774635,5.1555898709360655,76.17039800330683
sz300308,2023-12-27,107.58,109.01,106.61,107.13,0.0015893792071801638,13351065.0,1437142545.0,80188552076.04001,86006774876.94,0.017836705569813715,503.7768130035786,2024-04-22,2024-03-31,28.757507127276885,6.267176815026303,42.006048818144315,5.163784058277679,76.29146165009594
sz300308,2023-12-28,106.88,110.2,106.4,109.01,0.017548772519369038,19907861.0,2165419497.0,81595762735.08,87516088204.37999,0.026596429212334544,512.6174776955111,2024-04-22,2024-03-31,29.2621660780776,6.377158075291864,42.74320341329143,5.254402130055539,77.63028315576364
sz300308,2023-12-29,109.11,115.93,109.08,112.91,0.0357765342629115,24104716.0,2718458840.0,84514976336.28,90647110532.58,0.032203327759693916,530.9571544500518,2024-04-22,2024-03-31,30.309064965376955,6.605310689672547,44.272407094713664,5.442386427892586,80.40762564092533
sz300308,2024-01-02,112.85,114.78,110.53,110.61,-0.02037020635904696,14791052.0,1658786396.0,82793388827.87999,88800610185.18001,0.019760493982450417,520.1414476460918,2024-04-22,2024-03-31,29.69166305748247,6.470759147858299,43.370569026182615,5.331523893270739,78.76970571377868
sz300308,2024-01-03,109.11,109.99,104.89,104.99,-0.05080914926317692,22108689.0,2356778140.0,78586727176.92,84288726727.62,0.02953668312060343,493.71350319467666,2024-04-22,2024-03-31,28.18305491732288,6.1419853804686975,41.16694731090238,5.06063369997735,74.76748397875079
sz300308,2024-01-04,104.7,105.67,102.36,104.0,-0.009429469473283159,16650744.0,1734928760.0,77845696032.0,83493928752.0,0.022244998301359654,489.05804678775473,2024-04-22,2024-03-31,27.917303661316122,6.084069716818217,40.77876483792597,5.012914608987946,74.06246627097896
sz300308,2024-01-05,103.62,104.5,99.2,100.03,-0.03817307692307692,17552090.0,1773515105.0,74874086289.24,80306708587.14,0.02344917513807862,470.389196347876,2024-04-22,2024-03-31,26.851614281167805,5.851822055512752,39.222113910939754,4.821556234010234,71.23527404890409
sz300308,2024-01-08,99.8,101.11,97.82,98.8,-0.012296311106668067,13263010.0,1316070424.0,73953411230.4,79319232314.40001,0.017719066182322912,464.60514444836696,2024-04-22,2024-03-31,26.521438478250317,5.779866230977307,38.73982659602967,4.762268878538549,70.35934295743
sz300308,2024-01-09,101.78,103.53,100.5,101.32,0.0255060728744938,20001059.0,2039717586.0,75839672326.56,81342354434.16,0.02672093952560884,476.4553971205317,2024-04-22,2024-03-31,27.19789622081298,5.927287920269441,39.72792743633327,4.883735655602488,72.15393348630371
sz300308,2024-01-10,101.33,102.71,98.3,100.0,-0.01302803000394781,13860209.0,1393780738.0,74851630800.0,80282623800.0,0.018516909854688162,470.2481219113026,2024-04-22,2024-03-31,26.843561212803962,5.850067035402132,39.21035080569805,4.820110200949948,71.2139098759413
sz300308,2024-01-11,100.0,104.48,99.91,103.39,0.03390000000000004,19289732.0,1984685245.0,77389101084.12001,83004204746.81999,0.025770623557342717,486.18953324409574,2024-04-22,2024-03-31,27.753557937918014,6.048384307902264,40.539581698011204,4.983511936762151,73.6280614207357
sz300308,2024-01-12,102.63,102.98,99.56,100.56,-0.027372086275268437,13842001.0,1398417951.0,75270799932.48,80732206493.28,0.018492584399376906,472.8815113940058,2024-04-22,2024-03-31,26.993885155595667,5.882827410800384,39.429928770209955,4.8471028180752675,71.61270777124656
sz300308,2024-01-15,99.36,103.6,99.36,101.88,0.013126491646777927,12647626.0,1289058895.0,76258841459.04,81791937127.44,0.01689692778209984,479.08878660323495,2024-04-22,2024-03-31,27.34822016360468,5.960048295667693,39.94750540084517,4.910728272727808,72.55273138160898
sz300308,2024-01-16,100.89,101.26,98.4,100.29,-0.015606595995288464,16902585.0,1682657692.0,75068700529.31999,80515443409.02,0.02258145189269544,471.61184146484527,2024-04-22,2024-03-31,26.9214075403211,5.867032229804798,39.32406082303457,4.8340885205327035,71.42043021458151
sz300308,2024-01-17,100.66,102.84,99.02,99.02,-0.012663276498155462,19193181.0,1945345017.0,74118084818.16,79495854086.76001,0.025641633715747975,465.6396903165717,2024-04-22,2024-03-31,26.580494312918486,5.792736378455191,38.82608936780221,4.772873120980639,70.51601355915706
sz300308,2024-01-18,97.04,109.95,96.83,109.83,0.1091698646738033,37099766.0,3850429268.0,82209546107.64,88174405719.54001,0.0495644057497275,516.4735122951836,2024-04-22,2024-03-31,29.482283280022596,6.425128624982162,43.06472828989817,5.293927033703329,78.21423721674633
sz300308,2024-01-19,112.3,113.58,110.39,111.0,0.01065282709642168,31897323.0,3573579547.0,83085310188.0,89113712418.00002,0.04261406553082074,521.9754153215458,2024-04-22,2024-03-31,29.796352946212405,6.493574409296367,43.52348939432484,5.350322323054443,79.04743996229483
sz300308,2024-01-22,116.0,116.5,110.99,111.6,0.00540540540540535,32714966.0,3731497973.0,83534419972.8,89595408160.8,0.04370641714862944,524.7969040530136,2024-04-22,2024-03-31,29.957414313489227,6.52867481150878,43.758751499159025,5.379242984260142,79.47472342155048
sz300308,2024-01-23,111.99,117.26,110.84,114.0,0.021505376344086002,29756999.0,3408601776.0,85330859112.0,91522191132.0,0.03975464352875529,536.0828589788848,2024-04-22,2024-03-31,30.60165978259652,6.66907642035843,44.69979991849577,5.494925629082941,81.18385725857307
sz300308,2024-01-24,113.65,114.18,108.98,113.7,-0.0026315789473684292,26955248.0,3016646610.0,85106304219.6,91281343260.6,0.03601157077261702,534.6721146131509,2024-04-22,2024-03-31,30.52112909895811,6.651526219252224,44.58216886607868,5.480465298480091,80.97021552894525
sz300308,2024-01-25,112.48,119.2,111.42,118.35,0.04089709762532978,29700979.0,3452818092.0,88586905051.79999,95014485267.3,0.0396798021399956,556.5386522820265,2024-04-22,2024-03-31,31.769354695353492,6.923554336398424,46.405450178543646,5.704600422824265,84.28166233817652
sz300308,2024-01-26,117.99,118.0,113.8,115.96,-0.020194338825517577,23214974.0,2684718247.0,86797951075.68,93095730558.48,0.031014653591221422,545.2997221683463,2024-04-22,2024-03-31,31.127793582367474,6.783737734252312,45.46832279428745,5.589399789021559,82.5796498921415
sz300308,2024-01-29,113.65,113.65,96.7,103.82,-0.10469127285270785,42655860.0,4424563971.0,77710963096.56,83349420029.16,0.056987215300591684,488.21160016831413,2024-04-22,2024-03-31,27.868985251133076,6.073539596154494,40.708186206475716,5.004238410626237,73.93428123320223
sz300308,2024-01-30,103.0,105.8,100.73,101.2,-0.025235985359275626,21396846.0,2200544065.0,75749850369.6,81246015285.59999,0.028585677788599363,475.8910993742381,2024-04-22,2024-03-31,27.16568394735761,5.920267839826957,39.68087501536642,4.8779515233613475,72.06847679445258
sz300308,2024-01-31,100.02,107.89,98.75,102.8,0.015810276679841806,28299456.0,2927986703.0,76947476462.4,82530537266.4,0.03780740071731343,483.41506932481883,2024-04-22,2024-03-31,27.595180926762474,6.0138689123933915,40.30824062825759,4.955073286576546,73.20789935246762
sz300308,2024-02-01,103.79,116.0,101.55,111.05,0.08025291828793768,35111551.0,3847918800.0,83122736003.40001,89153853729.9,0.04690819775699529,522.2105393825013,2024-04-22,2024-03-31,29.8097747268188,6.496499442814067,43.54309456972768,5.352732378154918,79.08304691723278
sz300308,2024-02-02,111.88,113.88,107.7,109.85,-0.010805943268797913,27957811.0,3103259131.0,82224516433.8,88190462244.3,0.03735097111604948,516.5675619195656,2024-04-22,2024-03-31,29.487651992265157,6.426298638389243,43.07257036005931,5.294891055743519,78.22847999872148
sz300308,2024-02-05,108.0,117.43,107.87,112.0,0.019572143832498945,36554728.0,4102681203.0,83833826496.0,89916538655.99998,0.04883624793382591,526.6778965406586,2024-04-22,2024-03-31,30.064788558340435,6.552075079650387,43.9155929023818,5.398523425063942,79.75957906105423
sz300308,2024-02-06,110.66,124.88,109.8,124.88,0.11499999999999999,35496880.0,4195653492.0,93474716543.04,100256940601.44,0.04742298814416746,587.2458546428344,2024-04-22,2024-03-31,33.52223924254959,7.305563713810182,48.96588608615572,6.019353618946295,88.93193065307545
sz300308,2024-02-07,123.1,125.99,121.59,124.61,-0.0021620755925688684,27058041.0,3350814369.0,93272617139.88,100040177517.18,0.03614889977787899,585.9761847136738,2024-04-22,2024-03-31,33.44976162727502,7.2897685328145965,48.86001813898034,6.00633932140373,88.73965309641041
sz300308,2024-02-08,127.5,137.0,124.8,127.0,0.0191798411042452,35591806.0,4632654850.0,95061571116.0,101958932226.0,0.04754980702437815,597.215114827354,2024-04-22,2024-03-31,34.091322740261035,7.429585134960707,49.797145523236516,6.121539955206434,90.4416655424454
sz300308,2024-02-19,138.0,152.4,133.86,152.4,0.19999999999999996,41589102.0,5903577723.0,114073885339.2,122350718671.2,0.05556205196266746,716.6581377928247,2024-04-22,2024-03-31,40.90958728831324,8.91550216195285,59.75657462788382,7.345847946247721,108.52999865093449
sz300308,2024-02-20,153.0,162.99,151.0,159.5,0.04658792650918642,44837230.0,7034768611.0,119388351126.0,128050784960.99998,0.059901473783253896,750.0457544485272,2024-04-22,2024-03-31,42.815480134422316,9.330856921466399,62.540509535088376,7.688075770515168,113.58618625212631
sz300308,2024-02-21,152.0,154.03,147.3,149.96,-0.059811912225705255,45141645.0,6804226869.0,112247505547.68,120391822650.48,0.06030816498923896,705.184083618189,2024-04-22,2024-03-31,40.25460439472082,8.772760526289037,58.799842068224784,7.228237257344543,106.79237924996153
sz300308,2024-02-22,158.05,159.64,149.47,154.51,0.03034142437983456,41951491.0,6487864847.0,115653254749.08,124044682033.38,0.056046195054978015,726.5803731651532,2024-04-22,2024-03-31,41.47598642990341,9.038938576399834,60.58391302988406,7.4475522714877656,110.03261214931683
sz300308,2024-02-23,160.0,161.0,147.05,147.73,-0.043880654973788125,49034104.0,7510727154.0,110578314180.84,118601520139.74,0.06550839771416175,694.6975504995669,2024-04-22,2024-03-31,39.6559929796753,8.64230403139957,57.92545124525773,7.120748799863359,105.20430905972802
sz300308,2024-02-26,142.03,151.41,142.03,149.03,0.008799837541460853,33292672.0,4922663307.0,111551385381.24,119645194249.14,0.044478218636219743,700.8107760844139,2024-04-22,2024-03-31,40.00495927544175,8.718354902859797,58.4351858057318,7.183410232475707,106.13008988811526
sz300308,2024-02-27,147.46,164.7,146.02,161.94,0.08662685365362677,45132277.0,7020038750.0,121214730917.52,130009680981.72,0.06029564956385693,761.519808623163,2024-04-22,2024-03-31,43.47046302801474,9.473598557130211,63.49724209474741,7.805686459418346,115.3238056530993
sz300308,2024-02-28,161.0,162.9,149.81,149.81,-0.07490428553785355,40110610.0,6279629115.0,112135228101.48,120271398714.78,0.05358682178505054,704.4787114353221,2024-04-22,2024-03-31,40.21433905290162,8.763985425735934,58.74102654201624,7.221007092043117,106.68555838514762
sz300308,2024-02-29,153.0,158.8,151.0,155.16,0.03571190174220673,36809385.0,5701688972.0,116139790349.28,124566519088.08,0.049176463634243224,729.6369859575768,2024-04-22,2024-03-31,41.65046957778663,9.076964012129947,60.83878031012109,7.47888298779394,110.49550256351047
sz300308,2024-03-01,156.03,163.52,156.03,161.1,0.03828306264501169,37820658.0,6060755921.0,120585977218.8,129335306941.8,0.0505275003306942,757.5697243991083,2024-04-22,2024-03-31,43.24497711382718,9.424457994032833,63.16787514797955,7.765197533730366,114.72560881014141
sz300308,2024-03-04,166.11,170.66,160.11,165.66,0.02830540037243945,40503456.0,6720413345.0,123999211583.28,132996194587.08,0.05411165470559126,779.0130387582635,2024-04-22,2024-03-31,44.46904350513105,9.69122105084717,64.95586714471938,7.984994558893684,117.97296310048432
sz300308,2024-03-05,163.3,179.9,162.62,169.16,0.021127610769045013,46923422.0,8060200296.0,126619018661.28,135806086420.08,0.06268857671969386,795.4717230251592,2024-04-22,2024-03-31,45.40856814757918,9.895973397086246,66.32822942291881,8.153698415926932,120.46544994614226
sz300308,2024-03-06,167.0,170.2,162.84,167.28,-0.011113738472452117,30407979.0,5067085333.0,125211808002.24,134296773092.64,0.040624337339087074,786.6310583332267,2024-04-22,2024-03-31,44.90390919677847,9.785992136820687,65.59107482777169,8.063080344149073,119.12662844047458
sz300308,2024-03-07,170.0,174.77,164.0,164.14,-0.018770923003347817,30368922.0,5133479836.0,122861466795.12,131775898705.32,0.04057215811522439,771.8652673052118,2024-04-22,2024-03-31,44.06102137469643,9.60230003190906,64.35986981247278,7.911728883839245,116.89051167037002
sz300308,2024-03-08,168.87,176.93,164.65,174.99,0.06610210795662264,36453783.0,6201217393.0,130982868736.92,140486563387.62,0.0487013878126487,822.8871885325883,2024-04-22,2024-03-31,46.973547766285655,10.23703230525019,68.614192874891,8.434710840642314,124.61722089190967
sz300308,2024-03-11,167.03,170.97,164.28,170.6,-0.025087147837019375,34161721.0,5731310734.0,127696882144.8,136962156202.8,0.04563924744843368,802.243295980682,2024-04-22,2024-03-31,45.79511542904356,9.980214362396037,66.89285847452086,8.223108002820611,121.49093024835582
sz300308,2024-03-12,169.8,171.59,159.77,164.85,-0.03370457209847599,36190452.0,5953070255.0,123392913373.8,132345905334.3,0.048349583854357385,775.204028970782,2024-04-22,2024-03-31,44.25161065930733,9.643835507860414,64.63826330319323,7.945951666265989,117.3961304304892
sz300308,2024-03-13,171.41,171.88,164.89,165.0,0.0009099181073703999,31768352.0,5342846965.0,123505190820.0,132466329269.99998,0.0424417633396439,775.909401153649,2024-04-22,2024-03-31,44.29187600112653,9.652610608413518,64.69707882940176,7.953181831567415,117.5029512953031
sz300308,2024-03-14,162.0,172.0,162.0,169.53,0.027454545454545398,31101666.0,5214891326.0,126895969695.24,136103132128.14,0.04155108668654418,797.211641076231,2024-04-22,2024-03-31,45.50788932406656,9.917618645117233,66.4733077208999,8.171532823670447,120.72894141268324
sz300308,2024-03-15,167.0,180.4,165.59,177.36,0.046186515660945116,38974233.0,6764300160.0,132756852386.88,142389261571.68,0.05206864911752865,834.032069021886,2024-04-22,2024-03-31,47.60974016702911,10.375678893989221,69.54347818898604,8.548947452404828,126.30499055596945
sz300308,2024-03-18,178.75,186.08,177.59,179.99,0.014828597203428107,32993596.0,5992840652.0,134725450276.92,144500694577.62,0.0440786602073605,846.3995946281533,2024-04-22,2024-03-31,48.31572582692585,10.529535657020297,70.5747104151759,8.675716350689813,128.1779163857067
sz300308,2024-03-19,173.31,176.65,171.45,173.81,-0.03433524084671369,33277231.0,5780641202.0,130099619493.48,139539228426.78,0.04445758982715444,817.3382606940347,2024-04-22,2024-03-31,46.65679374397457,10.168001514232445,68.15151073538378,8.377833540271105,123.77689675537354
sz300308,2024-03-20,172.0,175.66,166.0,168.96,-0.027904033139635187,32157969.0,5463505015.0,126469315399.68,135645521172.48,0.04296228239291749,794.5312267813367,2024-04-22,2024-03-31,45.354881025153574,9.884273263015443,66.24980872130742,8.144058195525032,120.3230221263904
sz300308,2024-03-21,169.24,172.66,166.33,167.68,-0.007575757575757569,25327281.0,4286810985.0,125511214525.44,134617903587.84,0.03383664554707337,788.512050820872,2024-04-22,2024-03-31,45.011283441629686,9.809392404962294,65.74791623099449,8.082360784952874,119.41148407997835
sz300308,2024-03-22,168.0,170.52,166.36,167.68,0.0,22615344.0,3808295940.0,125511214525.44,134617903587.84,0.03021356216062563,788.512050820872,2024-04-22,2024-03-31,45.011283441629686,9.809392404962294,65.74791623099449,8.082360784952874,119.41148407997835
sz300308,2024-03-25,167.96,171.88,164.0,166.51,-0.006977576335877922,22335677.0,3768601702.0,124635450445.08,133678596889.38,0.02983993369453749,783.0101477945097,2024-04-22,2024-03-31,44.697213775439884,9.74094662064809,65.28915512656782,8.02596549560176,118.57828133442985
sz300308,2024-03-26,165.51,172.78,150.0,158.5,-0.04810521890577135,46524626.0,7652591654.0,118639834818.0,127247958723.00002,0.06215579474054692,745.3432732294145,2024-04-22,2024-03-31,42.547044522294286,9.272356251112381,62.14840602703141,7.639874668505669,112.87404715336694
sz300308,2024-03-27,160.78,161.97,152.76,154.2,-0.027129337539432252,29085648.0,4521397249.0,115421214693.6,123795805899.6,0.03885773454651304,725.1226039872284,2024-04-22,2024-03-31,41.392771390143714,9.020803368590087,60.4623609423864,7.432609929864821,109.81184902870146
sz300308,2024-03-28,155.01,159.88,151.13,154.69,0.0031776913099870185,26330865.0,4086742972.0,115787987684.52,124189190756.22,0.035177409922243136,727.4268197845938,2024-04-22,2024-03-31,41.52430484008645,9.049468697063558,60.654491661334305,7.456228469849474,110.16079718709358
sz300308,2024-03-29,153.1,157.0,151.85,156.56,0.012088693516064453,16722033.0,2590950116.0,117187713180.48,125690475821.28,0.022340238711272005,736.2204596643353,2024-04-22,2024-03-31,42.02627943476589,9.158864950625578,61.38772522140086,7.546364530607239,111.4924973017737
sz300308,2024-04-01,157.79,163.88,155.77,163.0,0.04113438937148706,21793143.0,3504589328.0,122008158204.0,130860676794.0,0.029115121163131693,766.5044387154232,2024-04-22,2024-03-31,43.755004776870464,9.535609267705475,63.912871813287815,7.856779627548415,116.07867309778432
sz300308,2024-04-02,162.0,166.0,160.03,162.55,-0.0027607361963190025,19455616.0,3171195445.0,121671325865.4,130499404986.9,0.02599224063933154,764.3883221668225,2024-04-22,2024-03-31,43.63420875141284,9.509283966046166,63.73642523466217,7.835089131644141,115.7582105033426
sz300308,2024-04-03,159.0,160.55,155.63,156.1,-0.039680098431251976,16630436.0,2618840279.0,116843395678.8,125321175751.8,0.022217867295952088,734.0573183035434,2024-04-22,2024-03-31,41.90279905318699,9.131954642262727,61.20735760769465,7.524192023682868,111.16491331634438
sz300308,2024-04-08,155.6,169.3,155.6,164.56,0.05419602818705971,25924309.0,4269465704.0,123175843644.48,132113085725.28,0.03463426076750221,773.8403094172397,2024-04-22,2024-03-31,44.1737643317902,9.626870313457747,64.52455328585671,7.931973346683235,117.18961009184905
sz300308,2024-04-09,164.0,165.98,160.23,164.9,0.0020661157024792765,17038329.0,2785007976.0,123430339189.2,132386046646.2,0.022762802650921,775.4391530317382,2024-04-22,2024-03-31,44.26503243991374,9.646760541378116,64.65786847859609,7.948361721366465,117.43173738542724
sz300308,2024-04-10,162.27,164.88,157.0,159.5,-0.03274711946634323,16849086.0,2696699549.0,119388351126.0,128050784960.99998,0.02250997850002755,750.0457544485279,2024-04-22,2024-03-31,42.815480134422316,9.330856921466399,62.540509535088376,7.688075770515168,113.58618625212642
sz300308,2024-04-11,161.0,164.58,159.79,160.15,0.004075235109717967,14886291.0,2416242537.0,119874886726.2,128572622015.7,0.01988773102322308,753.1023672409515,2024-04-22,2024-03-31,42.98996328230555,9.368882357196513,62.795376815325426,7.719406486821343,114.04907666632005
sz300308,2024-04-12,164.0,174.3,163.5,169.33,0.057321261317514915,30735097.0,5182115971.0,126746266433.64,135942566880.54,0.041061359213565726,796.2711448324092,2024-04-22,2024-03-31,45.45420220164095,9.90591851104643,66.39488701928849,8.161892603268548,120.58651359293148
sz300308,2024-04-15,167.79,172.54,166.56,169.5,0.00100395677080245,17939594.0,3047691505.0,126873514206.00002,136079047340.99998,0.02396687127356482,797.0705666396583,2024-04-22,2024-03-31,45.49983625570271,9.915863625006613,66.46154461565818,8.170086790610162,120.70757723972056
sz300308,2024-04-16,167.3,172.5,163.05,166.36,-0.018525073746312626,18793545.0,3145449649.0,124523172998.88,133558172953.68,0.025107729516562517,782.3047756116434,2024-04-22,2024-03-31,44.65694843362067,9.732171520094987,65.23033960035926,8.018735330300334,118.47146046961603
sz300308,2024-04-17,168.33,176.05,166.0,174.61,0.0495912478961289,21453565.0,3698968619.0,130698432539.88,140181489417.18002,0.02866145302474826,821.1002456693259,2024-04-22,2024-03-31,46.87154223367701,10.214802050515665,68.46519354182938,8.416394421878707,124.34660803438118
sz300308,2024-04-18,170.66,176.3,168.2,173.38,-0.007044270087623983,16413547.0,2824168101.0,129777757481.04,139194013144.44,0.021928108746028817,815.3161937698168,2024-04-22,2024-03-31,46.54136643075951,10.142846225980216,67.98290622691927,8.35710706640702,123.47067694290709
sz300308,2024-04-19,172.15,175.24,163.9,170.7,-0.0154573768600762,21452837.0,3624908306.0,127771733775.6,137042438826.6,0.028660480434048202,802.7135441025938,2024-04-22,2024-03-31,45.82195899025637,9.98606442943144,66.93206882532657,8.227928113021562,121.56214415823185
sz300308,2024-04-22,155.0,159.99,150.88,158.36,-0.07229056824838886,34918256.0,5442876600.0,126518869461.32,127135563049.68,0.04370616844509945,744.6849258587392,2024-04-22,2024-03-31,42.50946353659636,9.264166157262816,62.093511535903424,7.6331265142243385,112.77434767954071
sz300308,2024-04-23,158.97,161.86,154.47,157.51,-0.005367517049760129,24066710.0,3799155367.0,125839777272.37,126453160747.38,0.0301236029995129,740.6878168224931,2024-08-26,2024-06-30,31.872644556987925,7.220697065607064,73.96641711898661,7.377742808872586,112.1690294455952
sz300308,2024-04-24,159.77,169.0,157.86,168.27,0.0683131229763192,27610733.0,4549241862.0,134436285452.49,135091571068.26,0.034559553815937026,791.2865147401494,2024-08-26,2024-06-30,34.04996444418994,7.713965432224625,79.01929406775365,7.88173946066275,119.83164614824652
sz300308,2024-04-25,164.9,167.83,163.28,164.15,-0.024484459499613753,16671806.0,2750304964.0,131144685666.05,131783926967.7,0.020867616106601074,771.9122921174038,2024-08-26,2024-06-30,33.21626946879289,7.525093158017902,77.08454936246368,7.6887593300516475,116.89763306135774
sz300308,2024-04-26,170.99,187.98,170.6,184.86,0.12616509290283284,40657835.0,7323462760.0,147690567116.82,148410458356.68,0.050890233038072115,869.3006781652346,2024-08-26,2024-06-30,37.40700319220867,8.474497235401701,86.80992869415189,8.658812365235134,131.6460337966652
sz300308,2024-04-29,187.96,190.0,185.52,187.7,0.01536297738829373,24975974.0,4689147216.0,149959533959.9,150690484872.6,0.03126170238068087,882.6557248275155,2024-08-26,2024-06-30,37.98168613641441,8.604690744806335,88.14358766575955,8.791837503811722,133.6685088371419
sz300308,2024-04-30,187.5,192.88,186.1,186.31,-0.007405434203516137,16590148.0,3125768466.0,148849018497.97,149574556401.78,0.020765407155991115,876.1192759329485,2024-08-26,2024-06-30,37.70041525879259,8.540969273654067,87.49084612683892,8.726730129649237,132.67863548986634
sz300308,2024-05-06,191.0,192.61,182.85,183.22,-0.016585261123933215,19870175.0,3706333216.0,146380318658.14,147093823326.36002,0.024870921834801937,861.5886089658892,2024-08-26,2024-06-30,37.0751440272448,8.399315067999025,86.03978759787142,8.58199503169091,130.47812567469975
sz300308,2024-05-07,187.78,188.72,172.1,176.79,-0.03509442200633117,30864435.0,5529937099.0,141243185981.73,141931650616.02,0.0386321182556432,831.3516547269924,2024-08-26,2024-06-30,35.77401327680715,8.10454596043853,83.02027098257662,8.28081487639251,125.89907126967671
sz300308,2024-05-08,175.5,177.93,173.5,174.8,-0.011256292776740673,16068787.0,2814674417.0,139653311327.6,140334026402.4,0.02011283471117298,821.9937171009576,2024-08-26,2024-06-30,35.3713305095644,8.013318818285281,82.08577050599237,8.187603599713846,124.4819144631455
sz300308,2024-05-09,173.9,174.6,168.22,173.18,-0.00926773455377572,18207993.0,3126602031.0,138359041508.66,139033447896.84,0.022790416826808064,814.3756975259946,2024-08-26,2024-06-30,35.0435184075879,7.939053506582639,81.3250213743007,8.11172306292016,123.32824912315526
sz300308,2024-05-10,170.8,172.68,166.68,171.2,-0.01143319089964212,15323894.0,2601899902.0,136777156174.4,137443851945.6,0.019180473744131114,805.0647847121506,2024-08-26,2024-06-30,34.64285917183882,7.848284792279407,80.39521688001085,8.018980184616765,121.9182137076116
sz300308,2024-05-13,172.5,176.0,170.46,171.55,0.0020443925233646354,16663990.0,2884117090.0,137056782369.85,137724841128.9,0.020857833046056273,806.7106531388403,2024-08-26,2024-06-30,34.71368277411769,7.864329767029978,80.5595762603146,8.035374127751203,122.16746239217741
sz300308,2024-05-14,171.86,173.0,164.69,165.43,-0.03567473039930047,21466095.0,3588889957.0,132167318609.41,132811544552.34,0.026868488618919197,777.9314680778685,2024-08-26,2024-06-30,33.475281499984206,7.583771922819991,77.685635096146,7.748714322086165,117.8091711077698
sz300308,2024-05-15,165.01,171.21,164.5,166.77,0.00810010276249784,15412144.0,2592032885.0,133237887471.99,133887331711.26,0.019290933709980498,784.23279291148,2024-08-26,2024-06-30,33.746434720137614,7.645201254722177,78.31489672359467,7.8114797043723,118.76343750010741
sz300308,2024-05-16,171.98,174.58,170.0,170.5,0.022366132997541532,23207531.0,3996205959.0,136217903783.50002,136881873579.0,0.029048193560436322,801.7730478587716,2024-08-26,2024-06-30,34.50121196728107,7.816194842778265,80.06649811940333,7.986192298347888,121.41971633848004
sz300308,2024-05-17,167.8,173.31,164.23,170.58,0.00046920821114371236,19908093.0,3355521484.0,136341461639.46,137005742975.04,0.024907482016880114,802.1492463563006,2024-08-26,2024-06-30,34.5324333713815,7.823268002351486,80.13895321156251,7.993419294814185,121.47668746638078
sz300308,2024-05-20,169.0,178.85,166.5,176.86,0.03681557040684713,24224938.0,4216190046.0,141360950319.82,142049687551.68,0.030308388030688613,831.6808284123305,2024-08-26,2024-06-30,35.80376460348536,8.111286076303692,83.08931448585382,8.287701585653869,125.94892100658988
sz300308,2024-05-21,176.66,180.3,175.75,177.43,0.0032228881601266135,13305216.0,2365089270.0,141816540852.91,142507497807.84,0.01664646775814768,834.3612427072248,2024-08-26,2024-06-30,35.9191561325139,8.137427844162412,83.35710205374332,8.314411920968936,126.35484029288276
sz300308,2024-05-22,176.0,176.88,172.72,173.17,-0.02400946852279784,13940035.0,2424031283.0,138411601079.29,139085968524.96,0.01744070469618458,814.3286727138034,2024-08-26,2024-06-30,35.056756283984846,7.942052526481456,81.35574233583232,8.114787309666857,123.32112773216765
sz300308,2024-05-23,178.0,179.67,168.88,173.79,0.003580296818155526,22164506.0,3862401523.0,138907155694.22998,139583937575.52,0.027730533236309047,817.2442110696534,2024-08-26,2024-06-30,35.182269876963254,7.970487431871642,81.64702004125598,8.143840656851667,123.76265397339849
sz300308,2024-05-24,172.0,179.74,164.98,165.39,-0.04833419644398418,27366578.0,4707445197.0,132583824584.43,133227894757.32,0.03413808848558084,777.7433688291039,2024-08-26,2024-06-30,33.580222982001146,7.607546249104881,77.92917138062566,7.773005725421669,117.7806855438194
sz300308,2024-05-27,166.11,170.89,165.0,168.39,0.018138944313440986,16695123.0,2800223306.0,134988755195.43,135644508121.32,0.020826118130357982,791.8508124864429,2024-08-26,2024-06-30,34.189332776704596,7.745539106879321,79.34272428069143,7.91399984342315,119.91710284009764
sz300308,2024-05-28,167.0,167.39,160.1,161.01,-0.04382683057188663,24734629.0,4020566728.0,129072625892.37,129699639245.88,0.030854897293334006,757.1465010893888,2024-08-26,2024-06-30,32.690922681734115,7.406076676754199,75.86538414652965,7.567154313139506,114.66151629125318
sz300308,2024-05-29,165.0,166.0,160.47,161.0,-6.210794360594907e-05,15789813.0,2569503575.0,129064609456.99998,129691583868.0,0.01969680072403553,757.0994762771977,2024-08-26,2024-06-30,32.688892315751765,7.405616700561616,75.86067230352941,7.566684332746167,114.65439490026557
sz300308,2024-05-30,161.1,162.9,158.66,159.97,-0.006397515527950315,10958541.0,1761805684.0,128238916613.89,128861879946.36,0.013670092122254583,752.2559206215112,2024-08-26,2024-06-30,32.47976461957025,7.358239152725726,75.37535247450684,7.518276352232325,113.92089162854337
sz300308,2024-05-31,157.0,162.68,154.54,157.27,-0.016878164655872885,14953577.0,2374106006.0,126074479063.99,126686927918.76,0.018653648797520336,739.5592213299061,2024-08-26,2024-06-30,31.93156580433714,7.234045580728728,74.10315486444763,7.391381646030991,111.99811606189296
sz300308,2024-06-03,161.0,171.71,159.33,168.35,0.070452088764545,28507597.0,4731275316.0,134956689453.95,135612286609.8,0.03556143807593624,791.6627132376784,2024-08-26,2024-06-30,34.18121131277521,7.743699202108994,79.32387690869054,7.912119921849796,119.88861727614726
sz300308,2024-06-04,170.0,174.99,169.4,173.0,0.027621027621027583,20440158.0,3530988623.0,138684331901.0,139358037324.0,0.025497814248579165,813.529250906554,2024-08-26,2024-06-30,35.125331494565565,7.957588131659377,81.51488390379248,8.130660804752093,123.20006408537854
sz300308,2024-06-05,172.1,173.5,166.96,166.96,-0.03491329479768779,14107165.0,2396263070.0,133842404937.52,134492589084.48,0.017597802949666893,785.1262643431114,2024-08-26,2024-06-30,33.89899044122928,7.6797625113401695,78.66893073166005,7.846792647175776,118.8987439288717
sz300308,2024-06-06,123.3,129.92,123.3,125.42,0.048311601471079824,40541005.0,5135755310.0,139932919864.36002,140616703558.78,0.036336359250051124,823.0569715305335,2024-08-26,2024-06-30,35.44257956713188,8.029460179256597,82.25111723465645,8.204096025410358,124.6429326609753
sz300308,2024-06-07,124.1,125.94,118.99,119.51,-0.047121671184819025,31591658.0,3833371067.0,133339046826.58,133990609490.59,0.028315179517447865,784.2731515516987,2024-08-26,2024-06-30,33.77246598682771,7.65109859689807,78.37530713374098,7.81750531013229,118.76954937261328
sz300308,2024-06-11,118.99,121.66,117.39,119.01,-0.004183750313781265,19973543.0,2379405438.0,132781189547.58,133430026236.09,0.017902018806498356,780.9919485078041,2024-08-26,2024-06-30,33.63117042165815,7.6190883107425265,78.04740441792748,7.784798819838038,118.27264723315795
sz300308,2024-06-12,119.0,121.33,117.02,119.21,0.0016805310478109625,16624956.0,1985567479.0,133004332459.18,133654259537.89,0.014900725172755163,782.3044297253618,2024-08-26,2024-06-30,33.68768864772597,7.631892425204743,78.17856550425287,7.797881415955739,118.47140808894008
sz300308,2024-06-13,120.87,126.43,119.68,123.7,0.037664625450885,30630949.0,3771612455.0,138013890824.6,138688297163.3,0.027454108920930653,811.7696330595357,2024-08-26,2024-06-30,34.9565228229486,7.919344794881526,81.12313189225803,8.091585698798127,122.93358930124896
sz300308,2024-06-14,125.01,140.48,124.08,138.3,0.11802748585286982,58687383.0,7839639212.0,154303323371.4,155057328194.69998,0.05260071456376929,907.5807619412594,2024-08-26,2024-06-30,39.08235332589969,8.854045150623405,90.69789119401202,9.046615215390307,137.44313177334462
sz300308,2024-06-17,141.0,144.94,140.5,142.51,0.030441070137382287,37826641.0,5391099007.0,159000481660.58,159777439197.59,0.03390351118820841,935.2084915708522,2024-08-26,2024-06-30,40.27206198462736,9.123571760053082,93.45883206116162,9.322003863667916,141.6270477875585
sz300308,2024-06-18,142.58,151.49,142.58,146.91,0.03087502631394301,34457834.0,5098018676.0,163909625715.78,164710571837.19,0.030884094639553855,964.0830783571253,2024-08-26,2024-06-30,41.51546295811947,9.405262278221867,96.34437596032036,9.609820978257341,145.9997866147654
sz300308,2024-06-19,149.75,150.24,144.2,146.0,-0.006194268599822972,24641347.0,3612996769.0,162894325468.0,163690310314.0,0.022085708950657968,958.111288817237,2024-08-26,2024-06-30,41.25830502951088,9.347003557418779,95.7475930175398,9.550295165921801,145.09542472095671
sz300308,2024-06-20,146.0,148.96,144.66,144.7,-0.008904109589041198,20839844.0,3048856054.0,161443896542.6,162232793852.3,0.01867847277833942,949.5801609031109,2024-08-26,2024-06-30,40.890936560070024,9.263776813414363,94.89504595642471,9.465258291156742,143.80347915837285
sz300308,2024-06-21,140.5,145.8,140.01,143.0,-0.011748445058742174,23695838.0,3370036605.0,159547181794.0,160326810787.0,0.021238261910355032,938.4240705538691,2024-08-26,2024-06-30,40.41053163849353,9.154941840485515,93.78017672265885,9.354056224156285,142.11401188422474
sz300308,2024-06-24,145.2,146.49,139.55,140.21,-0.019510489510489504,20461306.0,2921350284.0,156434338177.18,157198756226.88998,0.018339194243981533,920.1149575689371,2024-08-26,2024-06-30,39.622102384847395,8.976324443737582,91.95047956841955,9.171554008314352,139.341297946064
sz300308,2024-06-25,135.0,137.6,133.55,134.9,-0.03787176378289714,26448922.0,3578138739.0,150509893874.2,151245362064.1,0.02370581418908043,885.2685812427758,2024-08-26,2024-06-30,38.121543482746695,8.636375204765708,88.46815272648027,8.82421108138939,134.06419722504836
sz300308,2024-06-26,138.0,140.77,137.6,140.0,0.037805782060785775,26628316.0,3707870889.0,156200038120.0,156963311260.0,0.02386660262615306,918.7368522905012,2024-08-26,2024-06-30,39.56275824747618,8.962880123552253,91.81276042777789,9.157817282390768,139.13259904749276
sz300308,2024-06-27,137.97,140.0,135.8,136.14,-0.02757142857142869,17307415.0,2379118680.0,151893379926.12,152635608535.26,0.015512404024757738,893.4059647916345,2024-08-26,2024-06-30,38.471956484367205,8.715760714431456,89.28135146169775,8.905323177319138,135.29651453089758
sz300308,2024-06-28,136.0,141.84,135.75,137.88,0.012780960775672146,22826311.0,3172321954.0,153834723257.04,154586438260.91998,0.020458916517964804,904.824551384388,2024-08-26,2024-06-30,38.96366505115726,8.827156510252747,90.42245291272869,9.019141763543136,137.02573397620213
sz300308,2024-07-01,137.35,146.33,137.01,144.9,0.050913838120104415,29649324.0,4223116021.0,161667039454.2,162457027154.1,0.02657429159403332,950.8926421206688,2024-08-26,2024-06-30,40.947454786137854,9.276580927876582,95.02620704275012,9.478340887274445,144.002240014155
sz300308,2024-07-02,144.98,147.66,142.7,145.61,0.0048999309868875685,22876893.0,3316855737.0,162459196790.38,163253055375.49,0.02050425248641418,955.5519504429992,2024-08-26,2024-06-30,41.14809448867862,9.322035534217454,95.49182889920527,9.524784103492282,144.70784105218158
sz300308,2024-07-03,144.0,144.45,140.1,143.5,-0.014490762997046991,15117526.0,2158450976.0,160105039073.0,160887394041.5,0.013549635873802052,941.7052735977637,2024-08-26,2024-06-30,40.55182720366309,9.18695212664106,94.10807943847234,9.386762714450537,142.61091402368007
sz300308,2024-07-04,145.8,147.35,143.01,143.01,-0.0034146341463415775,17276664.0,2504152997.0,159558338939.58002,160338022452.09,0.015484842315735022,938.4896946147468,2024-08-26,2024-06-30,40.41335754979692,9.155582046208625,93.78673477697511,9.354710353962169,142.1239499270138
sz300308,2024-07-05,143.6,144.28,138.71,141.5,-0.010558702188658065,18038676.0,2543120860.0,157873609957.0,158645061023.5,0.01616782345507407,928.580461422185,2024-08-26,2024-06-30,39.98664494298486,9.058910982018885,92.79646857521837,9.255936753273525,140.62330546585872
sz300308,2024-07-08,146.09,147.0,142.39,144.39,0.020424028268551053,20380790.0,2949013372.0,161098025029.62,161885232234.51,0.01826702883265596,947.5458150158959,2024-08-26,2024-06-30,40.80333330966491,9.243930435997928,94.69174627262038,9.444980267174309,143.4953998319105
sz300308,2024-07-09,143.89,156.0,142.41,154.33,0.068841332502251,31006787.0,4642266377.0,172188227736.14,173029627333.97,0.027790967481487322,1012.7761315285215,2024-08-26,2024-06-30,43.612289145235714,9.880294924770139,101.21045226299259,10.095185294224052,153.3738143642825
sz300308,2024-07-10,154.0,157.97,152.58,157.53,0.020734789088317163,23634459.0,3673033725.0,175758514321.74002,176617360162.77,0.021183248735560548,1033.7758310094473,2024-08-26,2024-06-30,44.516580762320885,10.085160756165617,103.30902964419894,10.304506832107268,156.5539880567966
sz300308,2024-07-11,159.21,159.68,149.3,153.26,-0.027105948073382957,29084256.0,4476813445.0,170994413159.08,171829979169.34,0.026067828721474836,1005.7543570145867,2024-08-26,2024-06-30,43.30991663577286,9.811792912397273,100.50874045115171,10.025193404994349,152.31044378584804
sz300308,2024-07-12,148.11,150.97,146.0,150.12,-0.020488059506720502,20031226.0,2976010774.0,167491069446.96,168309516331.08002,0.017953719306044943,985.1484018989286,2024-08-26,2024-06-30,42.42258048650804,9.61076831534046,98.44951139584299,9.819796645946443,149.1898983500686
sz300308,2024-07-15,148.0,151.37,145.3,149.58,-0.003597122302158251,17939747.0,2664238646.0,166888583585.64,167704086416.22,0.01607915471871077,981.6047026115223,2024-08-26,2024-06-30,42.269981276124916,9.576197206292472,98.09537646276442,9.78447363642865,148.65324403945684
sz300308,2024-07-16,149.68,150.48,143.8,148.12,-0.009760663190266139,25208646.0,3698321624.0,165259640330.96,166067183313.08,0.022594171438605537,972.0235897233499,2024-08-26,2024-06-30,41.8573982258298,9.482727170718283,97.137900532589,9.68897068476943,147.20228979224726
sz300308,2024-07-17,146.98,147.47,140.43,141.71,-0.043275722387253523,28992286.0,4145866195.0,158107910014.18,158880505990.38998,0.02598539724351253,929.9585667006205,2024-08-26,2024-06-30,40.04598908035607,9.072355302204212,92.93418771586003,9.26967347919711,140.8320043644299
sz300308,2024-07-18,136.01,140.51,133.25,140.0,-0.01206689718439069,33790852.0,4619009629.0,156200038120.0,156963311260.0,0.03028628761515183,918.7368522905008,2024-08-26,2024-06-30,39.56275824747618,8.962880123552253,91.81276042777789,9.157817282390768,139.13259904749268
sz300308,2024-07-19,137.2,139.3,134.96,134.98,-0.03585714285714292,22467107.0,3063009879.0,150599151038.84,151335055384.81998,0.020136966788596836,885.7935737297986,2024-08-26,2024-06-30,38.14415077317382,8.641496850550594,88.52061716101042,8.82944411983647,134.14370156736115
sz300308,2024-07-22,134.0,136.5,132.14,134.6,-0.0028152318862053605,20627130.0,2777150119.0,150175179506.80002,150909012111.4,0.018487820071986544,883.2998594164387,2024-08-26,2024-06-30,38.03676614364496,8.617169033072381,88.27141109699217,8.804587187212837,133.76605594137513
sz300308,2024-07-23,137.0,137.08,130.9,130.92,-0.0273402674591382,20271751.0,2707670560.0,146069349933.36,146783119358.28,0.018169298638836977,859.150205013374,2024-08-26,2024-06-30,36.99683078399701,8.381573326967578,85.85804710860486,8.563867418647137,130.10885619498387
sz300308,2024-07-24,129.51,135.5,129.19,130.34,-0.004430186373357681,22128889.0,2916400939.0,145422235489.72,146132842783.06,0.019833826529670504,855.3440094824564,2024-08-26,2024-06-30,36.83292792840033,8.344441395027149,85.47767995826122,8.525927889905805,129.5324497132157
sz300308,2024-07-25,126.7,127.38,120.85,122.27,-0.06191499156053404,34355360.0,4246699227.0,136418419006.66,137085029055.43,0.03079224856721821,802.3853923539967,2024-08-26,2024-06-30,34.552417506563664,7.827795376476671,80.18533012503144,7.9980451365565655,121.51244918240666
sz300308,2024-07-26,122.71,125.8,121.07,124.25,0.016193669747280648,22474501.0,2778076040.0,138627533831.5,139304938743.25,0.02014359393166581,815.3789564078195,2024-08-26,2024-06-30,35.11194794463511,7.954556109652625,81.48382487965289,8.127562838121806,123.48018165464977
sz300308,2024-07-29,123.99,131.31,123.16,129.59,0.04297786720321928,26996345.0,3466688556.0,144585449571.22,145291967901.31,0.024196462084704645,850.4222049166144,2024-08-26,2024-06-30,36.620984580645995,8.296425965793832,84.98582588454099,8.476868154464425,128.78709650403272
sz300308,2024-07-30,128.0,129.48,125.68,127.66,-0.014893124469480767,15853869.0,2022304842.0,142432120474.28,143128116538.94,0.014209610232584238,837.756761167181,2024-08-26,2024-06-30,36.075583699091496,8.172866261233432,83.72012140150089,8.35062110192861,126.86905424573513
sz300308,2024-07-31,126.38,130.0,123.1,129.5,0.01441328528904906,28132675.0,3589623010.0,144485035261.0,145191062915.5,0.02521493942897893,849.8315883687134,2024-08-26,2024-06-30,36.595551378915474,8.290664114285834,84.92680339569455,8.47098098621146,128.69765411893076
sz300308,2024-08-01,134.5,135.45,129.51,129.9,0.003088803088803216,27979215.0,3706785027.0,144931321084.19998,145639529519.1,0.025077395288410322,852.4565508038291,2024-08-26,2024-06-30,36.70858783105112,8.316272343210269,85.18912556834535,8.497146178446863,129.09517583049504
sz300308,2024-08-02,122.38,124.22,118.68,118.98,-0.08406466512702082,37967625.0,4584955950.0,132747718110.84,133396391240.82,0.0340298732572422,780.79507632517,2024-08-26,2024-06-30,33.62269268774798,7.617167693573194,78.02773025497868,7.7828364304203825,118.24283310479059
sz300308,2024-08-05,113.04,116.8,108.99,110.12,-0.07446629685661454,47058902.0,5309927855.0,122862487126.96,123462855971.08,0.04217826294599626,722.652158387357,2024-08-26,2024-06-30,31.118935272943414,7.0499454228969585,72.21729413076359,7.203277422406224,109.43772719364213
sz300308,2024-08-06,114.9,117.24,112.92,114.48,0.03959317108608795,33381785.0,3824830262.0,127727002599.84,128351141950.32,0.029919646347394885,751.2642489301184,2024-08-26,2024-06-30,32.35103260122196,7.3290751181733,75.07660581265723,7.488478017772108,113.77071384969261
sz300308,2024-08-07,113.0,116.0,112.0,113.32,-0.010132774283717727,20635259.0,2351788735.0,126432773712.56,127050588799.88,0.018495105985701407,743.6518578682826,2024-08-26,2024-06-30,32.02322689002858,7.254811254292438,74.31587151196993,7.412598960289441,112.61790088615624
sz300308,2024-08-08,110.0,112.29,109.0,110.5,-0.024885280621249506,20445152.0,2259430351.0,123286458659.0,123888899244.5,0.01832471563035749,725.1458727007168,2024-08-26,2024-06-30,31.226319902472277,7.074273240375171,72.46650019478183,7.228134355029856,109.81537281962818
sz300308,2024-08-09,113.0,115.0,112.28,112.53,0.01837104072398188,25518205.0,2902018841.0,125551359211.74,126164867257.77,0.022871625020061806,738.4675570589292,2024-08-26,2024-06-30,31.79997989706068,7.204235002166679,73.79778522098462,7.360922705624522,111.83279550581683
sz300308,2024-08-12,112.35,115.4,112.35,113.35,0.007286945703367964,17528998.0,1998402060.0,126466245149.3,127084223795.15,0.015711005896904322,743.8487300509164,2024-08-26,2024-06-30,32.03170462393875,7.256731871461771,74.33554567491873,7.414561349707096,112.64771501452356
sz300308,2024-08-13,115.0,118.49,114.1,116.94,0.031671812968681046,25479647.0,2963496085.0,130471660412.52,131109211562.46,0.022837066001607197,767.4077679060799,2024-08-26,2024-06-30,33.04620678185618,7.486565726058575,76.68988717445961,7.649393950019831,116.21547237581285
sz300308,2024-08-14,120.02,120.5,115.78,115.78,-0.009919616897554273,20635483.0,2433217393.0,129177431525.24,129808658412.02,0.01849530675389825,759.7953768442444,2024-08-26,2024-06-30,32.71840107066281,7.4123018621777135,75.92915287377232,7.5735148925371645,115.06265941227649
sz300308,2024-08-15,115.76,116.92,113.8,115.1,-0.005873207807911562,14976250.0,1726995552.0,128418745625.8,129046265185.9,0.013423012089083093,755.3329407045477,2024-08-26,2024-06-30,32.52623910203221,7.368767873006173,75.48320518026597,7.5290340657369805,114.38687250261724
sz300308,2024-08-16,118.2,121.89,118.2,119.96,0.042224152910512514,27506293.0,3304747086.0,133841118377.68,134495134419.64,0.024653521640254514,787.2262342912036,2024-08-26,2024-06-30,33.899631995480306,7.679907854438059,78.6704195779731,7.846941151397117,119.21676129812305
sz300308,2024-08-19,121.2,123.65,119.45,121.64,0.014004668222741046,18725366.0,2286153026.0,135715518835.12,136378694154.76,0.016783294495651815,798.2510765186897,2024-08-26,2024-06-30,34.37438509445003,7.787462415920686,79.77217270310645,7.956834958785807,120.88635248669299
sz300308,2024-08-20,123.99,125.18,121.25,121.69,0.00041104899704036413,16960535.0,2085883211.0,135771304563.02,136434752480.21,0.015201500131362452,798.5791968230791,2024-08-26,2024-06-30,34.388514650966975,7.79066344453624,79.8049629746878,7.960105607815232,120.9360427006385
sz300308,2024-08-21,120.2,123.77,120.0,122.22,0.004355329114964279,13381497.0,1634151027.0,136362633278.76,137028970729.98,0.011993656355965556,802.0572720496074,2024-08-26,2024-06-30,34.53828795004671,7.824594347861117,80.1525398534501,7.99477448752714,121.46275896846113
sz300308,2024-08-22,122.46,123.27,120.47,121.39,-0.006791032564228416,10673465.0,1302086378.0,135436590195.62,136098402527.51,0.00956648358083,796.6104749967423,2024-08-26,2024-06-30,34.30373731186524,7.771457272842914,79.60822134519971,7.940481713638681,120.63790141696529
sz300308,2024-08-23,120.99,121.48,118.5,119.92,-0.012109728972732547,12275356.0,1468408090.0,133796489795.36,134450287759.28,0.011002237007648689,786.963738047692,2024-08-26,2024-06-30,33.88832835026675,7.677347031545616,78.64418736070803,7.844324632173578,119.17700912696661
sz300308,2024-08-26,121.8,122.37,112.86,114.34,-0.04653102068045367,26366268.0,3067115171.0,127570802561.72,128194178639.06,0.023631732517018927,750.3455120778277,2024-08-26,2024-06-30,32.31146984297448,7.320112238049748,74.98479305222946,7.479320200489717,113.63158125064511
sz300308,2024-08-27,113.51,115.58,111.72,113.25,-0.009532971838376758,16377596.0,1856846884.0,126354673693.5,126972107144.25,0.01467901972109967,743.1924894421375,2024-10-23,2024-09-30,26.636110241690247,6.046205616839202,71.72460580895324,6.79478653335265,112.54833458663249
sz300308,2024-08-28,113.0,115.51,111.23,112.56,-0.006092715231788004,14895224.0,1681050557.0,125584830648.48,126198502253.04,0.013350389571595067,738.6644292415629,2024-10-23,2024-09-30,26.473824007105115,6.009367807782964,71.28760821064704,6.753387833944145,111.86260963418415
sz300308,2024-08-29,106.77,107.5,102.3,106.64,-0.0525941719971571,37485099.0,3940028514.19,118979800465.12,119561196519.76,0.0335973916726468,699.8149852018503,2024-10-23,2024-09-30,25.081455153852964,5.693310083706248,67.53829548315032,6.398198992642178,105.97928830303303
sz300308,2024-08-30,106.42,110.9,106.33,108.9,0.02119279819954989,31259546.0,3403573396.0,121501315366.2,122095032830.1,0.028017511984458662,714.6460229602541,2024-10-23,2024-09-30,25.61300137147963,5.813967255397697,68.9696209500663,6.533794732733807,108.22528597337113
sz300308,2024-09-02,108.55,109.37,104.0,104.13,-0.043801652892562104,22085824.0,2327052895.0,116179356924.54,116747068582.17,0.01979522794754104,683.343345921499,2024-10-23,2024-09-30,24.491109575869363,5.559305879748045,65.94863755307992,6.247603723779351,103.48483956296725
sz300308,2024-09-03,104.15,106.11,103.2,105.31,0.011331988860078912,13014877.0,1363679676.0,117495900102.98,118070045062.79,0.01166505976522357,691.0869851050904,2024-10-23,2024-09-30,24.768642556754084,5.622303872047121,66.6959667791688,6.318401499579405,104.65752861208183
sz300308,2024-09-04,99.0,103.16,98.0,101.9,-0.03238059063716647,31225853.0,3128802940.0,113691313460.2,114246867267.1,0.027987313400279212,668.709180345729,2024-10-23,2024-09-30,23.96661928148553,5.440250351928607,64.53631198174249,6.113807927140266,101.26865602099649
sz300308,2024-09-05,101.89,104.01,100.41,101.67,-0.0022571148184494794,18634620.0,1905466636.0,113434699111.86,113988998970.03,0.0167019600724794,667.1998269455373,2024-10-23,2024-09-30,23.912523869957152,5.427971082243194,64.39064611564041,6.100008360670763,101.04008103684701
sz300308,2024-09-06,101.0,102.21,99.19,99.42,-0.022130421953378554,14485606.0,1452842458.0,110924341356.36,111466374324.78,0.012983254449925355,652.4344132480114,2024-10-23,2024-09-30,23.383329626744764,5.307847791842415,62.965653947250615,5.965012601729983,98.80402140929802
sz300308,2024-09-09,98.6,102.3,97.76,102.0,0.025950512975256412,19469552.0,1943246213.0,113802884916.0,114358983918.0,0.01745029843018325,669.3654209545077,2024-10-23,2024-09-30,23.990139025628302,5.445589164835308,64.59964496700425,6.119807738648745,101.36803644888752
sz300308,2024-09-10,102.2,108.73,101.34,106.43,0.04343137254901963,33098828.0,3482064294.0,118745500407.94,119325751552.87,0.029666035781886785,698.4368799234143,2024-10-23,2024-09-30,25.03206369115314,5.682098576602176,67.40529621410062,6.385599388474372,105.77058940446176
sz300308,2024-09-11,108.38,109.15,105.56,106.18,-0.0023489617589025347,19611607.0,2100813641.0,118466571768.44,119045459925.62,0.017577620422158192,696.7962784014669,2024-10-23,2024-09-30,24.97326433079621,5.668751544335422,67.2469637509462,6.370599859703174,105.52213833473408
sz300308,2024-09-12,111.0,112.0,107.9,108.0,0.017140704464117418,22198433.0,2433910086.0,120497172263.99998,121085982972.0,0.019896157884497195,708.7398574812435,2024-10-23,2024-09-30,25.40132367419467,5.765917939237386,68.39962408271037,6.479796429157495,107.33086212235149
sz300308,2024-09-13,108.3,116.7,108.27,115.94,0.07351851851851854,35283994.0,4029348721.0,129355945854.52,129988045053.46,0.03162457077126352,760.8453618182904,2024-10-23,2024-09-30,27.268791359130837,6.189819684029467,73.42826311249483,6.95618146293074,115.22166809690214
sz300308,2024-09-18,114.0,116.22,113.01,113.64,-0.019837847162325284,15117560.0,1728577258.0,126789802371.12,127409362082.76,0.013549666347546216,745.7518278163751,2024-10-23,2024-09-30,26.727837243847063,6.067026987175337,71.97160445147415,6.818185798235719,112.93591825540763
sz300308,2024-09-19,114.12,114.59,106.66,110.03,-0.031766983456529396,27338454.0,2991633109.0,122762072816.74,123361950985.27,0.024503089794764513,722.0615418394557,2024-10-23,2024-09-30,25.87877448029296,5.874295841243422,69.68528368352429,6.601592602779622,109.34828480854014
sz300308,2024-09-20,111.9,112.5,108.18,109.0,-0.009361083340907017,16076308.0,1764719015.0,121612886822.0,122207149481.0,0.014408979326054469,715.3022635690327,2024-10-23,2024-09-30,25.6365211156224,5.819306068304398,69.03295393532807,6.5397945442422865,108.32466640126215
sz300308,2024-09-23,108.18,111.21,107.49,108.9,-0.0009174311926605228,12615349.0,1383375272.0,121501315366.2,122095032830.1,0.011306968175277677,714.6460229602537,2024-10-23,2024-09-30,25.61300137147963,5.813967255397697,68.9696209500663,6.533794732733807,108.22528597337109
sz300308,2024-09-24,109.13,122.17,109.13,122.16,0.12176308539944891,36020719.0,4180930935.0,136295690405.28,136961700739.44,0.03228488751152425,801.6635276843397,2024-10-23,2024-09-30,28.731719444811308,6.521893846826287,77.36757479577685,7.329369738758143,121.40313071172645
sz300308,2024-09-25,125.69,126.5,121.61,121.99,-0.0013916175507531214,28631151.0,3541934247.0,136106018930.42,136771102432.91,0.025661716784733394,800.5479186494155,2024-10-23,2024-09-30,28.691735879768594,6.5128178648848944,77.25990872083185,7.319170059193729,121.23418398431163
sz300308,2024-09-26,123.01,129.98,121.7,129.68,0.06303795393065026,26838969.0,3378957116.0,144685863881.44,145392872887.12,0.024055408085837667,851.0128214645152,2024-10-23,2024-09-30,30.500404204347827,6.923372577410223,82.13021528746188,7.780555564195777,128.87653888913465
sz300308,2024-09-27,128.79,137.68,126.06,133.6,0.030228254164096136,49555524.0,6509047689.0,149059464948.8,149787845602.4,0.04441595177249628,876.737453328649,2024-10-23,2024-09-30,31.42237817474452,7.132654043352913,84.61286830972321,8.01574817532816,132.7722516624644
sz300308,2024-09-30,136.0,155.5,132.0,154.86,0.15913173652694623,61306531.0,8838229249.0,172779556451.88,173623845583.74,0.054948221801368664,1016.2542067550496,2024-10-23,2024-09-30,36.42267577949802,8.267685667317606,98.07746097637526,9.291308102030829,153.9005306321051
sz300308,2024-10-08,185.8,185.83,161.7,185.83,0.19998708510913077,74989328.0,13308382364.0,207333236313.14,208346372367.47,0.06721192930781854,1219.4919232938837,2024-10-23,2024-09-30,43.70674054051478,9.921116024522995,117.69168651194511,11.149449726206827,184.6786491499683
sz300308,2024-10-09,175.11,185.57,163.5,166.4,-0.10455792929021146,65754769.0,11459742447.0,185654902451.2,186562107097.6,0.05893511788343986,1091.984373008138,2024-10-23,2024-09-30,39.136854253574015,8.883784676750935,105.38608747558341,9.983686350109325,165.36903201073414
sz300308,2024-10-10,168.2,169.69,157.0,162.71,-0.022175480769230704,46360897.0,7589027759.0,181537915732.18,182425002679.39,0.04155265042261822,1067.7690945441955,2024-10-23,2024-09-30,38.2689756947057,8.686782480493658,103.04910031942414,9.762293305446445,161.7018942215538
sz300308,2024-10-11,159.01,168.3,156.69,159.64,-0.018867924528301994,35176110.0,5695350470.0,178112672039.12003,178983021496.75998,0.0315278757884595,1047.6225078546822,2024-10-23,2024-09-30,37.54691954952257,8.522880924257926,101.10477767188782,9.578099092136133,158.65091508529804
sz300308,2024-10-14,159.0,162.58,152.35,162.0,0.014783262340265724,42267443.0,6663611574.0,180745758396.0,181628974458.0,0.03788374248317373,1063.109786221865,2024-10-23,2024-09-30,38.10198551129201,8.648876908856078,102.59943612406558,9.719694643736242,160.99629318352723
sz300308,2024-10-15,161.0,167.06,157.68,157.8,-0.025925925925925908,32637433.0,5281197958.0,176059757252.4,176920075120.19998,0.029252493629289007,1035.54768065315,2024-10-23,2024-09-30,37.11415625729555,8.424646766774623,99.93945074307128,9.467702560380117,156.82231521210247
sz300308,2024-10-16,151.86,154.73,147.66,148.7,-0.057667934093789786,37880480.0,5693117227.0,165906754774.6,166717459888.3,0.033951766362091323,975.8297852542673,2024-10-23,2024-09-30,34.973859540303216,7.9388147922648065,94.1761490842503,8.921719713108512,147.7786962740154
sz300308,2024-10-17,151.0,153.5,148.75,150.5,0.012104909213181081,25106707.0,3793453546.0,167915040979.0,168735559604.5,0.02250280487959717,987.6421162122882,2024-10-23,2024-09-30,35.39721493487313,8.03491342458543,95.31614281896215,9.029716320261139,149.56754397605462
sz300308,2024-10-18,150.0,177.0,149.66,168.0,0.11627906976744184,58646401.0,9564395290.0,187440045744.0,188355973512.0,0.05256398294661312,1102.4842227486008,2024-10-23,2024-09-30,39.51317015985838,8.969205683258155,106.3994152397717,10.079683334244992,166.95911885699118
sz300308,2024-10-21,166.4,171.8,159.11,164.97,-0.018035714285714266,54772748.0,9003582218.0,184059430633.26,184958838989.73,0.049092079696606415,1082.6001323025994,2024-10-23,2024-09-30,38.800521912332364,8.807439652185106,104.4804257863401,9.897889045538072,163.94789189189189
sz300308,2024-10-22,169.0,170.33,163.5,170.0,0.03049039219251992,40726439.0,6821195796.0,189671474860.0,190598306530.0,0.036502561258145744,1115.6090349241795,2024-10-23,2024-09-30,39.983565042713835,9.07598194139218,107.66607494500708,10.199679564414575,168.94672741481253
sz300308,2024-10-23,160.0,162.62,155.7,156.16,-0.0814117647058824,60557867.0,9627559752.0,174229985377.28,175081362045.44,0.05427720429547357,1024.7853346691757,2024-10-23,2024-09-30,36.728432453354074,8.337090235104723,98.90078978477827,9.369305651641058,155.19247619468896
sz300308,2024-10-24,154.85,165.98,154.5,157.1,0.006019467213114638,44036428.0,7032009241.0,175278757061.8,176135258563.9,0.039469260021970605,1030.9539963916975,2025-04-21,2025-03-31,29.187595094451282,6.855168636200672,37.647492743404314,8.01207350438982,156.12665221686498
sz300308,2024-10-25,158.89,159.81,153.65,156.36,-0.004710375556969959,38942613.0,6088855157.0,174453128288.88,175305595347.24002,0.03490374193002149,1026.0978158867335,2025-04-21,2025-03-31,29.050110559951644,6.822878217417805,37.47015891380458,7.974333629194096,155.39123705047112
sz300308,2024-10-28,156.37,156.75,148.1,150.54,-0.03722179585571772,40852110.0,6160960450.0,167959669561.31998,168780406264.86,0.03661519849058024,987.9046124557998,2025-04-21,2025-03-31,27.968813275103095,6.568918437260656,36.07545230803365,7.677514610762849,149.60729614721103
sz300308,2024-10-29,147.9,148.0,143.07,143.47,-0.046964261990168676,49801454.0,7211970251.0,160071567636.26,160853759046.23,0.044636375534323716,941.5084014151296,2025-04-21,2025-03-31,26.655278600897045,6.260414030781098,34.38119531442532,7.316945803149634,142.58109989531266
sz300308,2024-10-30,143.0,145.5,139.32,141.25,-0.01547361817801629,36838890.0,5242208019.0,157594681317.5,158364769396.25,0.033018203209642084,926.9398599002374,2025-04-21,2025-03-31,26.242824997398117,6.163542774432495,33.849193825626095,7.203726177562458,140.37485439613098
sz300308,2024-10-31,140.0,146.28,138.8,143.02,0.012530973451327476,37454132.0,5363028639.0,159569496085.16,160349234117.18,0.03356963636571999,938.5553186756244,2025-04-21,2025-03-31,26.571673140728336,6.240777965305028,34.27335717480385,7.293995879044124,142.13388796980288
sz300308,2024-11-01,141.48,145.86,139.51,140.73,-0.016011746608866062,29520830.0,4204138032.0,157014509747.34,157781762811.57,0.026459124144546656,923.5274087345869,2025-04-21,2025-03-31,26.146214243425394,6.140852209882373,33.72458086428574,7.177206265262761,139.85807617109745
sz300308,2024-11-04,141.99,146.9,140.99,143.15,0.017196049172173877,26075221.0,3740161224.0,159714538977.7,160494985763.35,0.023370870992973098,939.4084314670372,2025-04-21,2025-03-31,26.595825829221525,6.2464506064425604,34.30451041513894,7.3006258571190505,142.26308252606128
sz300308,2024-11-05,143.15,148.83,142.5,148.29,0.03590639189661182,44324009.0,6484766792.0,165449311805.82,166257781619.61002,0.03972701501668494,973.139198758274,2025-04-21,2025-03-31,27.55078597425959,6.470738109880318,35.536261609926335,7.562764990235308,147.37123651966206
sz300308,2024-11-06,148.35,149.2,142.01,142.9,-0.036347697080045815,41890786.0,6100124907.0,159435610338.19998,160214694136.1,0.037546149863897364,937.7678299450897,2025-04-21,2025-03-31,26.549378351350022,6.235541681178078,34.24460033757146,7.287875899282657,142.0146314563336
sz300308,2024-11-07,138.97,147.78,136.36,145.08,0.015255423372988242,42156301.0,5996295118.0,161867868074.63998,162658837125.72,0.03778412739864958,952.0738752164705,2025-04-21,2025-03-31,26.954400358389513,6.330667509484364,34.76701621395989,7.3990555316160105,144.18112478435887
sz300308,2024-11-08,147.51,151.22,142.21,142.21,-0.019782189137027895,49400009.0,7280882877.0,158665767293.18,159441089244.89,0.044276565762978955,933.2397697445151,2025-04-21,2025-03-31,26.42118331242468,6.205433047448107,34.07924852348522,7.25268601565421,141.32890650388524
sz300308,2024-11-11,141.0,147.2,138.02,144.9,0.018915688066943215,43402414.0,6205807617.0,161667039454.2,162457027154.1,0.03890100177396807,950.8926421206683,2025-04-21,2025-03-31,26.92095817432203,6.322813083293936,34.7238809581113,7.389875561973807,144.00224001415492
sz300308,2024-11-12,145.01,150.77,142.51,147.5,0.01794340924775706,54581620.0,8039834359.0,164567897305.0,165372060077.5,0.048920774232651,967.9548979489203,2025-04-21,2025-03-31,27.404011944185644,6.436265906044552,35.34694576481309,7.522475123472301,146.58613113932262
sz300308,2024-11-13,146.52,158.08,144.1,156.3,0.05966101694915271,67028063.0,10232668483.0,174386185415.4,175238325356.7,0.06007635422464391,1025.7040715214662,2025-04-21,2025-03-31,29.038963165262484,6.820260075354329,37.455780495188385,7.971273639313361,155.33160879373648
sz300308,2024-11-14,154.75,156.57,148.09,148.81,-0.04792066538707618,39636138.0,6015707948.0,166029483375.98,166840788204.28998,0.035525339089462704,976.5516499239244,2025-04-21,2025-03-31,27.647396728232298,6.493428674430438,35.660874571266675,7.589284902535003,147.8880147446956
sz300308,2024-11-15,148.81,152.88,140.2,140.5,-0.055843021302331874,37995502.0,5538616905.0,156757895399.0,157523894514.5,0.0340548590385965,922.0180553343954,2025-04-21,2025-03-31,26.10348256378361,6.130815998639048,33.669463592923655,7.165476304053277,139.629501186948
sz300308,2024-11-18,139.0,139.96,130.88,132.01,-0.060427046263345274,40771630.0,5496304222.0,147285478801.58,148005190853.09,0.036543065345572015,866.3032276490642,2025-04-21,2025-03-31,24.526126215267432,5.760348896657229,31.63491735873204,6.732487735929345,131.19210285899646
sz300308,2024-11-19,133.33,136.67,129.87,134.8,0.02113476251799118,29837101.0,3969159058.0,150398322418.4,151133245413.2,0.026742593601615447,884.6123406339964,2025-04-21,2025-03-31,25.04448006831339,5.882092502608852,32.30351382438512,6.8747772653835,133.96481679715723
sz300308,2024-11-20,135.49,141.49,135.38,138.14,0.0247774480712164,33693798.0,4677398033.0,154124809042.12,154877941553.26,0.030199299416150488,906.5307769672125,2025-04-21,2025-03-31,25.665018372676645,6.027835744142337,33.10391246068665,7.0451167020777214,137.28412308871881
sz300308,2024-11-21,136.01,138.3,131.25,133.8,-0.03141740263500781,32328505.0,4349951088.0,149282607860.4,150012078904.19998,0.028975605604672952,878.0499345462072,2025-04-21,2025-03-31,24.858690156827375,5.838456801550922,32.063873514115194,6.8237774340379245,132.97101251824657
sz300308,2024-11-22,133.8,138.98,131.78,132.28,-0.01136023916292983,30118768.0,4081642111.0,147586721732.24,148307905810.52,0.026995047957418514,868.0750772927673,2025-04-21,2025-03-31,24.576289491368655,5.77213053594287,31.69962024250492,6.7462576903926506,131.46043001430235
sz300308,2024-11-25,132.5,133.8,122.5,125.0,-0.05503477472029028,43013653.0,5401072947.0,139464319750.0,140145813625.0,0.03855256050176949,820.3007609736613,2025-04-21,2025-03-31,23.223738935750543,5.454462632241146,29.95503878373991,6.374978918196866,124.22553486383273
sz300308,2024-11-26,124.0,129.0,123.5,127.04,0.016320000000000112,31049679.0,3928288905.0,141740377448.32,142432993303.36002,0.027829411006036187,833.6880693927516,2025-04-21,2025-03-31,23.602750355181996,5.543479462399321,30.443905016690543,6.479018574141839,126.2528955928105
sz300308,2024-11-27,126.0,130.49,124.41,128.69,0.012988035264483555,24617643.0,3137692951.0,143581306469.02002,144282918043.21,0.022064463373256436,844.5160394376039,2025-04-21,2025-03-31,23.9093037091339,5.615478369144904,30.83931152863591,6.563168295862037,127.8926726530131
sz300308,2024-11-28,127.42,127.89,124.3,124.79,-0.03030538503380209,25241152.0,3163033242.0,139230019692.82,139910368658.11,0.02262330613059904,818.9226556952258,2025-04-21,2025-03-31,23.184723054338477,5.44529913501898,29.90471431858322,6.364268953614294,124.01683596526152
sz300308,2024-11-29,125.0,129.86,124.53,126.73,0.015546117477361898,28490544.0,3621763223.0,141394505935.34,142085431685.57,0.025535692615745183,831.653723505537,2025-04-21,2025-03-31,23.545155482621333,5.529952395071363,30.36961652050687,6.46320862642471,125.9448162663482
sz300308,2024-12-02,127.99,134.16,127.45,132.03,0.0418211946658249,34766323.0,4579339760.0,147307793092.74,148027614183.27,0.03116058919435557,866.4344757708202,2025-04-21,2025-03-31,24.529842013497156,5.761221610678388,31.63971016493744,6.733507732556257,131.2119789445747
sz300308,2024-12-03,132.0,133.2,128.88,130.0,-0.015375293493902875,19942208.0,2612636277.0,145042892540.0,145751646170.0,0.017873933666105304,853.1127914126079,2025-04-21,2025-03-31,24.152688493180566,5.672641137530792,31.153240335089503,6.62997807492474,129.19455625838606
sz300308,2024-12-04,129.58,131.38,127.3,128.02,-0.015230769230769159,18563323.0,2386692595.0,142833777715.16,143531736482.18,0.016638057527255102,840.1192273587851,2025-04-21,2025-03-31,23.784824468438273,5.586242449436091,30.678752520755058,6.5289984088605015,127.22682378614296
sz300308,2024-12-05,129.11,134.46,128.95,131.84,0.029839087642555828,31761107.0,4208443763.0,147095807326.72,147814592546.56,0.02846705438435267,865.1876186141402,2025-04-21,2025-03-31,24.494541930314814,5.752930827477382,31.594178505986157,6.723817764600598,131.0231561315817
sz300308,2024-12-06,132.06,134.2,130.79,131.51,-0.002503033980582603,20295620.0,2684755838.0,146727621522.58,147444607598.59,0.01819069210352636,863.0220246051697,2025-04-21,2025-03-31,24.43323125952443,5.738531046128264,31.51509720359708,6.706987820256558,130.69520071954116
sz300308,2024-12-09,131.55,131.59,123.41,125.1,-0.04874154056725721,37629052.0,4745718897.0,139575891205.80002,140257930275.9,0.033726414816575324,820.9570015824403,2025-04-21,2025-03-31,23.242317926899144,5.4588262023469385,29.979002814766897,6.380078901331423,124.32491529172381
sz300308,2024-12-10,128.85,128.86,121.52,123.15,-0.015587529976019088,45022510.0,5595924297.0,137400247817.7,138071655583.35,0.040353072098213136,808.1603097112513,2025-04-21,2025-03-31,22.88002759950144,5.373736585283977,29.511704209740557,6.280629230207552,122.38699694784803
sz300308,2024-12-11,122.0,126.19,120.11,125.13,0.016077953714981552,32730718.0,4066996983.0,139609362642.54,140291565271.17,0.029336103724121165,821.153873765074,2025-04-21,2025-03-31,23.247891624243728,5.460135273378678,29.986192024075002,6.381608896271793,124.35472942009113
sz300308,2024-12-12,125.0,131.62,124.88,130.17,0.040278110764804476,45017407.0,5842276218.0,145232564014.86,145942244476.53,0.04034849834772883,854.2284004475318,2025-04-21,2025-03-31,24.184272778133185,5.680059206710639,31.19397918783539,6.638648046253487,129.36350298580084
sz300308,2024-12-13,130.0,131.38,125.16,127.1,-0.023584543289544402,34654588.0,4411765096.0,141807320321.8,142500263293.9,0.03106044261188174,834.0818137580187,2025-04-21,2025-03-31,23.613897749871153,5.546097604462797,30.458283435306736,6.482078564022572,126.31252384954512
sz300308,2024-12-16,127.97,128.23,122.28,122.8,-0.03383162863886702,29185463.0,3608913165.0,137009747722.4,137679247305.2,0.02615853919869709,805.8634675805249,2025-04-21,2025-03-31,22.81500113048134,5.358464089913703,29.42783010114609,6.262779289236603,122.03916545022928
sz300308,2024-12-17,123.0,130.47,122.55,125.99,0.025977198697068493,41261426.0,5244452693.0,140568877162.42,141255768468.91,0.036982062933698844,826.7975430005729,2025-04-21,2025-03-31,23.407670948121687,5.497661976288495,30.192282690907128,6.425468751228984,125.2094010999543
sz300308,2024-12-18,127.2,127.5,122.66,123.43,-0.020319072942296956,26538861.0,3284955706.0,137712647893.94,138385582205.87,0.02378642530897226,809.9977834158323,2025-04-21,2025-03-31,22.93204877471752,5.385954581580197,29.578803496616136,6.294909182984314,122.665262145943
sz300308,2024-12-19,122.18,127.53,121.8,127.04,0.029247346674228236,31095936.0,3902829556.0,141740377448.32,142432993303.36002,0.027870870534970647,833.6880693927515,2025-04-21,2025-03-31,23.602750355181996,5.543479462399321,30.443905016690543,6.479018574141839,126.25289559281048
sz300308,2024-12-20,126.31,129.99,126.31,127.1,0.0004722921914357414,29491021.0,3776819027.0,141807320321.8,142500263293.9,0.026432406737494592,834.0818137580187,2025-04-21,2025-03-31,23.613897749871153,5.546097604462797,30.458283435306736,6.482078564022572,126.31252384954512
sz300308,2024-12-23,129.5,135.76,128.28,132.59,0.04319433516915816,52194941.0,6901435244.0,147932593245.22,148655467428.31,0.04678162584305008,870.1094231799821,2025-04-21,2025-03-31,24.63388436392932,5.7856576032708285,31.773908738688597,6.762067638109779,131.76850934076467
sz300308,2024-12-24,133.01,134.2,128.18,131.61,-0.007391205973301118,35099308.0,4577779698.0,146839192978.38,147556724249.49,0.0314590391855405,863.6782652139484,2025-04-21,2025-03-31,24.451810250673027,5.742894616234057,31.53906123462407,6.712087803391115,130.7945811474322
sz300308,2024-12-25,131.22,137.94,130.69,134.99,0.025681939062381254,36355930.0,4913728770.0,150610308184.42,151346267049.91,0.0325853326366653,885.8591977906763,2025-04-21,2025-03-31,25.07978015149573,5.890383285809858,32.349045483336404,6.884467233339159,134.15363961015024
sz300308,2024-12-26,135.87,141.5,133.56,140.8,0.0430402252018669,42898226.0,5971765589.0,157092609766.4,157860244467.2,0.03844910482919414,923.9867771607321,2025-04-21,2025-03-31,26.159219537229415,6.143906708956427,33.74135568600463,7.1807762534569495,139.92764247062118
sz300308,2024-12-27,141.11,141.56,135.73,136.85,-0.028053977272727404,33332198.0,4613987532.0,152685537262.3,153431636756.65,0.02987520218410559,898.0652731139642,2025-04-21,2025-03-31,25.425349386859693,5.9715456897776065,32.79477646043845,6.979326919641928,136.00211556892404
sz300308,2024-12-30,138.0,138.3,130.08,131.18,-0.04143222506393851,36501513.0,4836103733.0,146359435718.44,147074622650.62,0.0327158167277405,860.8564305961991,2025-04-21,2025-03-31,24.371920588734053,5.724131264779149,31.43601590120801,6.690157875912519,130.3672453075006
sz300308,2024-12-31,130.96,131.0,123.5,123.51,-0.05846927885348374,39387658.0,4941393711.0,137801905058.58002,138475275526.59,0.035302629796823,810.5227759028553,2025-04-21,2025-03-31,22.9469119676364,5.389445437664832,29.59797472143773,6.298989169491959,122.74476648825585
sz300308,2025-01-02,122.8,125.8,120.7,122.11,-0.011335114565622306,26859647.0,3303452727.0,136239904677.38,136905642413.99,0.024073941500008644,801.3354073799502,2025-04-21,2025-03-31,22.68680609155599,5.32835545618373,29.262478287059842,6.227589405608154,121.35344049778091
sz300308,2025-01-03,122.51,124.7,121.0,123.01,0.007370403734337838,26789678.0,3306147594.0,137244047779.58,137914692272.09,0.02401122922337991,807.2415728589606,2025-04-21,2025-03-31,22.854017011893397,5.367627587135867,29.47815456630277,6.2734892538191716,122.2478643488005
sz300308,2025-01-06,124.88,128.28,124.5,125.49,0.020160962523372072,26393200.0,3326729195.0,140011019883.42,140695185214.41,0.0236558713075428,823.5163399566779,2025-04-21,2025-03-31,23.314775992378685,5.475844125759531,30.072462535772168,6.399968835556197,124.71249896049895
sz300308,2025-01-07,126.36,128.6,123.6,128.35,0.022790660610407132,29200585.0,3683257702.0,143201963519.3,143901721430.15,0.026172092844557113,842.2848213677553,2025-04-21,2025-03-31,23.846135139228657,5.600642230785208,30.757833823144136,6.545828353204541,127.55477919818343
sz300308,2025-01-08,125.88,125.9,121.72,124.22,-0.03217763926762751,28637118.0,3554744440.0,138594062394.76,139271303747.98,0.025667064926834092,815.1820842251856,2025-04-21,2025-03-31,23.07882280479146,5.420426785415961,29.76811934172937,6.335199049747317,123.45036752628239
sz300308,2025-01-09,123.01,123.7,121.48,121.51,-0.02181613266784732,29351017.0,3584962691.0,135570475942.58,136232942508.59,0.026306923029321985,797.3979637272766,2025-04-21,2025-03-31,22.57533214466439,5.3021740355489735,29.11869410089789,6.19698950680081,120.75715793043452
sz300308,2025-01-10,121.44,121.44,112.8,113.13,-0.06896551724137934,53030279.0,6122576672.0,126220787946.54,126837567163.17,0.04753032809311071,742.4050007116024,2025-04-21,2025-03-31,21.018412686411672,4.936506860683527,27.110508300835964,5.769610920124891,112.42907807316317
sz300308,2025-01-13,110.2,114.08,109.69,110.8,-0.020595774772385722,35746715.0,3992272253.0,123621173026.4,124225249197.2,0.03203930139988368,727.1145945270534,2025-04-21,2025-03-31,20.585522192649282,4.8348356772185515,26.552146377907054,5.650781313089701,110.11351410330134
sz300308,2025-01-14,110.9,114.5,108.78,114.35,0.03203971119133575,38343364.0,4312170498.0,127581959707.3,128205390304.15,0.034366643085426155,750.4111361387054,2025-04-21,2025-03-31,21.245076378424596,4.9897424159742,27.402869479365265,5.831830714366492,113.64151929343419
sz300308,2025-01-15,113.21,113.38,110.23,110.54,-0.033318758198513265,29329735.0,3263095817.0,123331087241.32,123933745904.86,0.02628784825804881,725.4083689442282,2025-04-21,2025-03-31,20.537216815662923,4.82349039494349,26.489839897236877,5.637521356939852,109.85512499078457
sz300308,2025-01-16,111.88,120.37,110.7,119.49,0.08096616609372154,71047774.0,8243630407.0,133316732535.42,133968186160.41,0.0636791673018575,784.1419034299423,2025-04-21,2025-03-31,22.20003652346266,5.2140299194119555,28.63462067415265,6.0939698474827475,118.74967328703498
sz300308,2025-01-17,120.0,120.58,115.15,116.9,-0.021675454012888062,44653942.0,5243522714.0,130427031830.2,131064364902.1,0.0400227295411879,767.1452716625681,2025-04-21,2025-03-31,21.71884065271391,5.10101345367192,28.013952270553563,5.961880284297709,116.17572020465639
sz300308,2025-01-20,117.96,121.4,117.84,119.16,0.01933276304533771,39065204.0,4674892853.0,132948546731.28,133598201212.44,0.03501361859974942,781.9763094209718,2025-04-21,2025-03-31,22.138725852672277,5.199630138062839,28.55553937176358,6.077139903138708,118.42171787499446
sz300308,2025-01-21,122.0,122.96,118.38,119.56,0.0033568311513931803,38273868.0,4591929869.0,133394832554.48,134046667816.04,0.03430435475235594,784.6012718560876,2025-04-21,2025-03-31,22.21304181726668,5.217084418486011,28.651395495871547,6.097539835676938,118.81923958655872
sz300308,2025-01-22,121.88,133.95,121.6,132.0,0.10404817664770816,84480270.0,10837318835.0,147274321656.0,147993979188.0,0.07571853337778174,866.2376035881863,2025-04-21,2025-03-31,24.524268316152575,5.75991253964665,31.632520955629342,6.73197773761589,131.18216481620735
sz300308,2025-01-23,132.58,134.67,127.31,127.75,-0.032196969696969724,60841961.0,7960645535.0,142532534784.5,143229021524.75,0.05453183393883797,838.3473777150817,2025-04-21,2025-03-31,23.734661192337057,5.574460810150451,30.614049636982184,6.515228454397197,126.95849663083703
sz300308,2025-01-24,127.14,129.96,126.24,128.25,0.00391389432485334,41111589.0,5262527039.0,143090392063.5,143789604779.25,0.03684776603945684,841.6285807589765,2025-04-21,2025-03-31,23.82755614808006,5.596278660679416,30.733869792117144,6.540728370069984,127.45539877029238
sz300308,2025-01-27,123.0,123.0,114.82,114.82,-0.10471734892787532,68194240.0,8075435667.0,128106345549.56,128732338563.38,0.06112158303486079,753.4954669999662,2025-04-21,2025-03-31,21.332397636823018,5.010251195471427,27.515500425192126,5.8558006350989125,114.10860730452218
sz300308,2025-02-05,109.0,109.0,95.82,98.25,-0.14431283748475865,97108077.0,9629075682.0,109618955225.25,110154609509.25,0.08703666756944536,644.7563981252978,2025-04-21,2025-03-31,18.253858803499927,4.28720762894154,23.544660484019566,5.010733429702737,97.64127040297252
sz300308,2025-02-06,100.79,101.28,98.03,101.0,0.027989821882951738,65465822.0,6532642386.0,112687170256.99998,113237817409.0,0.05867613861383007,662.8030148667183,2025-04-21,2025-03-31,18.764781060086438,4.407205806850846,24.203671337261845,5.150982965903068,100.37423216997685
sz300308,2025-02-07,102.0,109.4,101.71,107.78,0.06712871287128719,76269859.0,8139501248.0,120251714953.46,120839326340.02,0.06835965213636627,707.2961281419298,2025-04-21,2025-03-31,20.024436659961548,4.703055860023605,25.828432640891897,5.496761822426065,107.11222518099115
sz300308,2025-02-10,110.66,111.47,107.81,110.62,0.026349972165522484,50515182.0,5543789606.0,123420344295.34,124023439225.58,0.045276080412384546,725.9333614312515,2025-04-21,2025-03-31,20.552080008581804,4.8269812510281245,26.50901112205847,5.6416013434474985,109.93462933309743
sz300308,2025-02-11,111.02,113.88,109.6,111.5,0.007955161815223155,43879471.0,4927359419.0,124402173105.5,125010065753.5,0.03932858160243579,731.7082787885058,2025-04-21,2025-03-31,20.715575130689487,4.865380667959102,26.719894595095997,5.686481195031604,110.8091770985388
sz300308,2025-02-12,110.7,111.99,110.0,111.9,0.0035874439461884844,35424579.0,3929730503.0,124848458928.3,125458532357.1,0.031750575250404305,734.3332412236216,2025-04-21,2025-03-31,20.78989109528389,4.882834948382274,26.815750719203965,5.706881127569834,111.20669881010306
sz300308,2025-02-13,111.0,111.33,108.06,108.12,-0.0337801608579088,39434996.0,4318115858.0,120631057902.84,121220522953.08,0.03534505824324384,709.5273462117781,2025-04-21,2025-03-31,20.087605229866792,4.717891998383301,25.909910346383672,5.514101765083561,107.45011863582076
sz300308,2025-02-14,109.77,111.33,106.05,107.43,-0.0063817980022197185,36238937.0,3928766784.0,119861214858.51,120446918061.87,0.03248047340839706,704.9992860112036,2025-04-21,2025-03-31,19.959410190941448,4.68778336465333,25.74455853229743,5.478911881455114,106.76439368337242
sz300308,2025-02-17,108.61,117.86,108.6,115.56,0.0756771851438145,71522444.0,8128766873.0,128931974206.92,129562001780.04,0.06410460771643406,758.3516475049305,2025-04-21,2025-03-31,21.469882171322663,5.0425416142542945,27.69283425479187,5.893540510294638,114.8440224709161
sz300308,2025-02-18,114.41,116.98,113.02,113.59,-0.017047421253028716,45956234.0,5263769142.0,126734016529.63,127353303757.31,0.04118995643793505,745.4237075119856,2025-04-21,2025-03-31,21.103876045695234,4.956579283170174,27.220742843560128,5.793070842543856,112.88622804146209
sz300308,2025-02-19,114.15,114.66,111.46,114.24,0.00572233471256256,37706356.0,4275525687.0,127459230991.68,128082061988.16,0.03379570138565468,749.6892714690484,2025-04-21,2025-03-31,21.224639488161138,4.984942488857827,27.376509045235576,5.826220732918479,113.53220082275399
sz300308,2025-02-20,114.21,116.24,112.61,114.44,0.0017507002801120386,35372954.0,4047899988.0,127682373903.08,128306295289.96,0.031704304454996904,751.0017526866063,2025-04-21,2025-03-31,21.261797470458337,4.993669629069414,27.42443710728956,5.836420699187594,113.73096167853613
sz300308,2025-02-21,115.89,120.7,114.8,118.73,0.03748689269486194,57448644.0,6788966746.0,132468789352.61,133116099613.57,0.05149044945193809,779.1544748032225,2025-04-21,2025-03-31,22.0588361907333,5.18086678660793,28.452494038347513,6.0552099756601105,117.99438203506288
sz300308,2025-02-24,118.0,118.0,114.01,114.5,-0.03562705297734359,52055371.0,5995134436.0,127749316776.50002,128373565280.5,0.046656531165076474,751.3954970518737,2025-04-21,2025-03-31,21.272944865147497,4.99628777113289,27.438815525905756,5.839480689068329,113.79058993527076
sz300308,2025-02-25,111.01,113.12,110.5,111.35,-0.02751091703056774,45792824.0,5120902634.0,124234815921.95,124841890777.15,0.04104349424563437,730.7239178753373,2025-04-21,2025-03-31,20.687706643966585,4.858835312800412,26.68394854855551,5.6788312203297675,110.66010645670217
sz300308,2025-02-26,110.76,112.36,108.01,112.22,0.007813201616524434,49434007.0,5415565182.0,125205487586.54,125817305639.98,0.04430703775428109,736.433211171714,2025-04-21,2025-03-31,20.84934386695941,4.896798372720811,26.89243561849034,5.723201073600418,111.52471617935444
sz300308,2025-02-27,113.8,114.83,107.53,108.18,-0.03600071288540363,52782129.0,5833183624.0,120698000776.26,121287792943.62,0.04730791461744817,709.9210905770452,2025-04-21,2025-03-31,20.098752624555953,4.720510140446778,25.92428876499987,5.517161754964295,107.50974689255537
sz300308,2025-02-28,103.0,103.97,100.22,100.87,-0.0675725642447772,55544097.0,5674377804.0,112542127364.59,113092065762.83,0.04978342950848494,661.9499020753055,2025-04-21,2025-03-31,18.74062837159326,4.401533165713315,24.17251809692676,5.144352987828142,100.24503761371842
sz300308,2025-03-03,102.44,104.48,100.12,102.77,0.018836125706354734,42604042.0,4363389327.0,114661985022.89,115222282129.93,0.038185431688331016,674.4184736421051,2025-04-21,2025-03-31,19.09362920341667,4.484440997723381,24.627834686439602,5.241252667384734,102.13326574364869
sz300308,2025-03-04,98.28,103.28,97.8,102.46,-0.0030164444876910057,32135294.0,3233931382.0,114316113510.22,114874720512.14,0.028802433201559455,672.3841277548905,2025-04-21,2025-03-31,19.036034330856005,4.470913930395422,24.553546190255926,5.2254427196676065,101.82518641718639
sz300308,2025-03-05,102.98,104.97,102.39,103.46,0.009759906304899424,25224888.0,2610957400.0,115431828067.22,115995887021.14,0.022608728945713665,678.9465338426799,2025-04-21,2025-03-31,19.22182424234201,4.5145496314533515,24.793186500525845,5.276442551013181,102.81899069609705
sz300308,2025-03-06,104.0,106.48,102.8,105.17,0.016528126812294763,40955870.0,4275344978.0,117339699959.69,117913081751.53,0.036708197220375605,690.1682482527997,2025-04-21,2025-03-31,19.53952499098308,4.5891666802624105,25.20297143108741,5.3636522626141145,104.5183960130343
sz300308,2025-03-07,103.77,103.79,101.86,102.24,-0.027859655795378968,32776847.0,3364355918.0,112387174001.28,112944581573.76,0.02981750246021698,670.940398415577,2025-04-21,2025-03-31,18.716188581238352,4.395793094159831,24.140994539502476,5.13764419951853,101.60654947582606
sz300308,2025-03-10,102.24,103.1,101.0,102.38,0.0013693270735524177,24064002.0,2451720612.0,112541068801.36,113099239647.12,0.021891319773304194,671.8591352678675,2025-04-21,2025-03-31,18.741817164976354,4.401812372653399,24.174051456907897,5.1446793148152095,101.74568207487356
sz300308,2025-03-11,100.0,101.81,99.4,101.78,-0.005860519632740702,20559951.0,2072991849.0,111881519658.16,112436419332.72,0.018703641308892235,667.9216916151939,2025-04-21,2025-03-31,18.631980377527775,4.376015464823823,24.032378953741805,5.11452882068658,101.14939950752716
sz300308,2025-03-12,102.7,103.58,101.81,102.36,0.005698565533503563,25600942.0,2630768419.0,112519083829.92,113077145636.64,0.02328949307018067,671.7278871461117,2025-04-21,2025-03-31,18.73815593872807,4.400952475725747,24.169329040135693,5.143674298344256,101.72580598929534
sz300308,2025-03-13,103.75,104.88,101.8,102.49,0.0012700273544352658,27143580.0,2800508053.0,112661986144.28,113220756704.76,0.024692849908018802,672.5809999375242,2025-04-21,2025-03-31,18.761953909341926,4.406541805755488,24.200024749155013,5.150206905405459,101.85500054555371
sz300308,2025-03-14,102.0,104.77,101.3,103.99,0.014635574202361168,36706435.0,3814550684.0,114310859002.28,114877807490.76,0.03339229718826508,682.4246090692081,2025-04-21,2025-03-31,19.036545877963384,4.471034075329429,24.55420600707025,5.225583140727033,103.3457069639197
sz300308,2025-03-17,105.0,105.81,104.0,104.26,0.0025964035003367414,26441529.0,2768114013.0,114607656116.72,115176076632.24,0.024054185444054414,684.1964587129114,2025-04-21,2025-03-31,19.085972432315245,4.482642683852739,24.617958633494993,5.239150863084917,103.6140341192256
sz300308,2025-03-18,104.23,109.87,102.81,108.86,0.044120468060617535,65239628.0,6951391789.0,119664199547.92,120257699042.64,0.05934929520199549,714.3835267167419,2025-04-21,2025-03-31,19.92805446942104,4.680418977212825,25.704114491101716,5.470304651404413,108.18553380221462
sz300308,2025-03-19,106.68,106.68,104.78,104.98,-0.03564210913099386,35279116.0,3727546664.0,115399115088.56,115971461009.52,0.03209384746874158,688.9213910961196,2025-04-21,2025-03-31,19.217776577253545,4.5135989732482305,24.787965637294306,5.2753314560392734,104.32957320004127
sz300308,2025-03-20,105.3,106.5,104.81,105.0,0.00019051247856727294,19889305.0,2097735042.0,115421100059.99998,115993555020.0,0.01809354636123194,689.0526392178754,2025-04-21,2025-03-31,19.22143780350183,4.514458870175883,24.79268805406651,5.276336472510227,104.34944928561947
sz300308,2025-03-21,104.32,104.96,102.11,102.45,-0.024285714285714244,22733325.0,2343385548.0,112618016201.4,113176568683.8,0.020680786474562736,672.3185036940127,2025-04-21,2025-03-31,18.754631456845356,4.404822011900183,24.19057991561061,5.148196872463551,101.8152483743973
sz300308,2025-03-24,102.12,103.95,101.32,102.88,0.004197169350902863,22978476.0,2360776094.0,113090693087.36,113651589909.12,0.020903803366505533,675.1403383117621,2025-04-21,2025-03-31,18.833347821183505,4.4233097958447125,24.292111876212974,5.169804726589068,102.24258421432887
sz300308,2025-03-25,103.69,104.8,101.93,102.0,-0.008553654743390315,20722318.0,2138989701.0,112123354344.0,112679453447.99998,0.01885134857377827,669.3654209545075,2025-04-21,2025-03-31,18.672253866258917,4.385474331028,24.084325538236033,5.125584001867077,101.36803644888748
sz300308,2025-03-26,101.94,102.47,101.07,101.08,-0.009019607843137267,15909201.0,1616280050.0,111112045657.76,111663128965.92,0.014472796604187902,663.3280073537413,2025-04-21,2025-03-31,18.50383745883776,4.345919072355984,23.867094366714692,5.079353244203179,100.45373651228968
sz300308,2025-03-27,99.58,100.48,97.52,99.12,-0.01939058171745145,24205905.0,2392153700.0,108957518456.64,109497915938.88,0.022020410684690888,650.4656914216744,2025-04-21,2025-03-31,18.14503728650573,4.261649173446034,23.404297523038785,4.980861630049655,98.5058801256248
sz300308,2025-03-28,99.0,99.12,97.41,97.41,-0.017251815980629637,20128485.0,1975158628.0,107077803398.52,107608878042.84,0.018311131360741945,639.2439770115548,2025-04-21,2025-03-31,17.83200244227727,4.18812798613174,23.000530889015415,4.894932721783059,96.80647480868755
sz300308,2025-03-31,97.0,98.98,96.69,98.64,0.012627040344933782,18250700.0,1785252884.0,108429879142.08,108967659687.36,0.016602887158447,647.3157364995354,2025-04-21,2025-03-31,18.05716785654686,4.241011647182373,23.29095952050591,4.956741234746751,98.02885407174766
sz300308,2025-04-01,99.03,99.39,98.24,98.61,-0.00030413625304137604,12295934.0,1213413301.0,108396901684.92,108934518671.64,0.011185762995924092,647.1188643169017,2025-04-21,2025-03-31,18.051676017174433,4.2397218017908935,23.283875895347606,4.955233710040319,97.99903994338034
sz300308,2025-04-02,98.88,101.38,98.32,99.76,0.011662103234966192,21827933.0,2188266043.0,109661037542.72,110204924274.24,0.019857140191945594,654.6656313178596,2025-04-21,2025-03-31,18.262196526450882,4.289165875130916,23.555414859749288,5.013022157120194,99.14191486412763
sz300308,2025-04-03,96.88,97.96,93.43,93.88,-0.058941459502806826,42498548.0,4056901450.0,103197455939.36,103709285193.12,0.03866145390817028,616.0786835216585,2025-04-21,2025-03-31,17.185796009454776,4.036356178401066,22.16702432872156,4.71754731465962,93.29834570413293
sz300308,2025-04-07,80.1,82.5,75.1,75.1,-0.20004260758415005,61630666.0,4754931662.0,82553567757.2,82963009352.4,0.0560661779053919,492.83669719297563,2025-04-21,2025-03-31,13.747904562314165,3.228912963335322,17.732674979622807,3.773836848433505,74.6347013461907
sz300308,2025-04-08,75.19,76.76,70.47,72.28,-0.037549933422103776,69279183.0,5049997330.0,79453686784.16,79847753874.72,0.06302412826786916,474.33071202540987,2025-04-21,2025-03-31,13.231671661305832,3.1076674965363127,17.066814214742166,3.6321295260289452,71.83217327966263
sz300308,2025-04-09,69.98,73.54,67.2,71.99,-0.004012174875484331,59550089.0,4218907320.0,79134904698.28,79527390722.76,0.05417345131652352,472.42761425995093,2025-04-21,2025-03-31,13.178583880705682,3.0951989910853506,16.99833917154522,3.617556787200107,71.54397003877853
sz300308,2025-04-10,80.18,81.5,77.1,77.49,0.07639949993054596,70926883.0,5639536844.0,85180771844.28001,85603243604.76001,0.06452306130446352,508.52084774279206,2025-04-21,2025-03-31,14.185421098984351,3.3316706461898025,18.297003783901086,3.8939363167125483,77.00989357278718
sz300308,2025-04-11,76.0,79.28,75.91,78.37,0.011356304039231047,42893717.0,3324538096.0,86148110587.64,86575380065.88,0.0390209440272077,514.2957651000468,2025-04-21,2025-03-31,14.346515053908938,3.369506111006514,18.504790121878024,3.9381570414345384,77.88444133822857
sz300308,2025-04-14,81.0,84.5,80.9,81.54,0.04044915146101835,54892718.0,4545571283.0,89632728560.87999,90077280726.96,0.0499365834063599,535.0985923983388,2025-04-21,2025-03-31,14.92681941426228,3.5057997740394433,19.253293180272223,4.0974521520808,81.03480090237538
sz300308,2025-04-15,81.15,81.38,79.29,80.17,-0.01680156978170233,24980077.0,2001413996.0,88126758017.24,88563841009.08,0.02272468451294017,526.1080960580674,2025-04-21,2025-03-31,14.676025416254683,3.4468968344952433,18.929807631376306,4.028608523820428,79.67328904026776
sz300308,2025-04-16,78.53,78.71,76.66,77.99,-0.02719221653985293,26670094.0,2075615546.0,85730396130.28,86155593866.76001,0.024262113846985282,511.8020507866867,2025-04-21,2025-03-31,14.276951755191503,3.353168069381116,18.415064203206164,3.9190617284864064,77.5067957122425
sz300308,2025-04-17,77.09,78.85,77.09,77.61,-0.004872419540966733,18492488.0,1444517769.0,85312681672.92001,85735807667.64,0.016822844687761847,509.30833647332685,2025-04-21,2025-03-31,14.207388456474067,3.336830027755717,18.325338284534304,3.8999664155382736,77.12915008625647
sz300308,2025-04-18,77.61,79.27,77.55,79.14,0.019713954387321264,25754846.0,2026905322.0,86994531988.08,87425999469.36,0.0234295014394615,519.3488177876445,2025-04-21,2025-03-31,14.48747226446795,3.402612142721137,18.686603167607842,3.97685017556628,78.64967063298978
sz300308,2025-04-21,80.43,82.26,79.15,81.19,0.025903462218852535,33202785.0,2684025220.0,89247991560.68,89690635543.56,0.03020498351850486,532.8017502676125,2025-04-21,2025-03-31,14.862747954917271,3.4907515778055234,19.170650886758665,4.079864363839098,80.68696940475664
sz300308,2025-04-22,80.0,80.58,79.11,80.07,-0.013794802315556187,23616441.0,1886578252.0,88016833160.04001,88453370956.68,0.021484168004905078,525.4518554492884,2025-08-27,2025-06-30,12.272728114414626,3.1757625028291323,16.335045959940615,3.648494181754401,79.57390861237668
sz300308,2025-04-23,82.1,85.34,80.88,83.52,0.043087298613712965,60823372.0,5055290727.0,91809240733.44,92264587764.48,0.055331772584736184,548.0921564521614,2025-08-27,2025-06-30,12.801526815485321,3.312597530114764,17.038878963085303,3.8056979400540474,83.00253337461847
sz300308,2025-04-24,83.0,84.16,81.26,81.33,-0.026221264367816022,30617372.0,2524324728.0,89401886360.76,89845293616.92,0.027853001386478036,533.7204871199028,2025-08-27,2025-06-30,12.465854596544794,3.22573703453345,16.592098013263023,3.705907728263837,80.82610200380411
sz300308,2025-04-25,82.5,86.99,82.5,85.27,0.048444608385589616,64475761.0,5523635877.0,93732925734.44,94197813681.48,0.05865439595949732,559.5763671057928,2025-08-27,2025-06-30,13.069758040666109,3.382006601926316,17.39589570381087,3.8854389768727087,84.74169086271212
sz300308,2025-04-28,85.27,85.52,83.21,83.39,-0.02204761346311712,31121720.0,2611582784.0,91666338419.08,92120976696.36,0.028311812990010416,547.2390436607488,2025-08-27,2025-06-30,12.781601067329035,3.3074414276373347,17.012357719488545,3.79977432017609,82.87333881836008
sz300308,2025-04-29,83.35,84.23,82.42,83.09,-0.003597553663508779,20764694.0,1732324637.0,91336563847.48,91789566539.16,0.018889898544257558,545.2703218344121,2025-08-27,2025-06-30,12.735618571583757,3.2955427296124973,16.95115484964988,3.786104428150034,82.5751975346869
sz300308,2025-04-30,83.25,84.1,82.41,83.49,0.0048140570465760035,22442074.0,1873973802.0,91776263276.28,92231446748.76,0.0204158318433549,547.8952842695278,2025-08-27,2025-06-30,12.796928565910793,3.31140766031228,17.032758676101434,3.804330950851442,82.97271924625116
sz300308,2025-05-06,85.17,87.19,85.15,86.65,0.037848844172954976,34750081.0,3000543049.0,95249888763.8,95722300404.6,0.03161257779646222,568.6324875069421,2025-08-27,2025-06-30,13.281277521094387,3.436740612840569,17.677428905068744,3.9483204801925678,86.11314076760887
sz300308,2025-05-07,88.76,89.04,85.64,86.65,0.0,31463641.0,2739491263.0,95249888763.8,95722300404.6,0.028622862745915852,568.6324875069421,2025-08-27,2025-06-30,13.281277521094387,3.436740612840569,17.677428905068744,3.9483204801925678,86.11314076760887
sz300308,2025-05-08,88.86,98.0,88.13,96.49,0.11356030005770323,99173499.0,9314493484.0,106066494712.28,106592553560.76,0.09021935668250293,633.2065634107887,2025-08-27,2025-06-30,14.789503381539495,3.827017908055239,19.68488303577707,4.3966929386472104,95.89217487208977
sz300308,2025-05-09,94.69,96.46,94.0,94.8,-0.017514768369779277,42305504.0,4016111630.0,104208764625.6,104725609675.2,0.03848583939756985,622.1160971224248,2025-08-27,2025-06-30,14.530468655507764,3.7599885758486544,19.340106869019237,4.319685880233761,94.21264564073076
sz300308,2025-05-12,98.8,99.06,95.1,97.27,0.02605485232067517,46824959.0,4517746385.0,106923908598.44,107454219969.48,0.042597243419480194,638.3252401592644,2025-08-27,2025-06-30,14.909057870477218,3.8579545229198167,19.844010497357605,4.4322346579149565,96.6673422096401
sz300308,2025-05-13,100.8,100.8,96.41,96.43,-0.008635756142695517,52215667.0,5125045055.0,106000539797.96,106526271529.32,0.04750123705414284,632.8128190455215,2025-08-27,2025-06-30,14.780306882390441,3.824638168450272,19.672642461809335,4.393958960242,95.83254661535514
sz300308,2025-05-14,98.05,101.09,98.05,98.39,0.02032562480555833,54556418.0,5422424109.0,108155066999.08,108691484556.36,0.04963064714356527,645.6751349775884,2025-08-27,2025-06-30,15.080725854592922,3.9023763288792104,20.07250121142197,4.4832689214789,97.78040300202004
sz300308,2025-05-15,98.0,98.08,94.1,94.12,-0.043398719382050976,43481983.0,4153582011.0,103461275596.64,103974413318.88,0.03955609687160003,617.6536609827282,2025-08-27,2025-06-30,14.426241665151803,3.733018193659023,19.201380364051587,4.288700791641367,93.53685873107152
sz300308,2025-05-16,93.4,99.48,93.21,97.83,0.03941776455588597,52169452.0,5097600255.0,107539487798.76,108072852262.92,0.04745919469795772,642.0001875684263,2025-08-27,2025-06-30,14.99489186253507,3.8801654258995133,19.958255854389787,4.457751789696928,97.22387260583007
sz300308,2025-05-19,96.69,97.4,95.22,95.28,-0.026065624041704982,30567106.0,2930543349.0,104736403940.16,105255865926.72,0.02780727378556922,625.2660520445637,2025-08-27,2025-06-30,14.60404064870021,3.7790264926883945,19.438031460761106,4.341557707475451,94.68967169460788
sz300308,2025-05-20,95.29,97.18,94.4,95.96,0.00713685978169587,26424282.0,2524962466.0,105483892969.12,106007062283.04,0.024038495635180138,629.7284881842604,2025-08-27,2025-06-30,14.70826763905617,3.805996874878026,19.576757965728753,4.372542796067845,95.36545860426712
sz300308,2025-05-21,95.63,97.3,94.65,95.73,-0.0023968320133387344,26224172.0,2513117075.0,105231065797.56,105752981162.52,0.023856453097125332,628.219134784069,2025-08-27,2025-06-30,14.673014392318127,3.796874539725651,19.52983576551911,4.362062545514536,95.13688362011769
sz300308,2025-05-22,95.0,96.78,94.4,94.46,-0.0132664786378357,23977495.0,2287188216.0,103887864813.52,104402856199.44,0.02180152784702572,619.8848790525765,2025-08-27,2025-06-30,14.485687256979439,3.7484006807250374,19.280502663964665,4.306373056022368,93.87475218590113
sz300308,2025-05-23,94.41,95.36,91.7,91.87,-0.027419013338979337,27309887.0,2542296672.0,101039362062.44,101540232892.68,0.024831503955255782,602.8882472852023,2025-08-27,2025-06-30,14.088504004856036,3.6456232324603977,18.751850304239184,4.1882965557566685,91.30079910352252
sz300308,2025-05-26,91.99,92.99,90.86,92.36,0.005333623598563042,18761552.0,1722240997.0,101578267988.32,102081810275.04,0.01705893373688207,606.103826268219,2025-08-27,2025-06-30,14.163646782284788,3.6650676145645193,18.851865615538603,4.210635353104234,91.78776320018873
sz300308,2025-05-27,90.99,92.18,88.88,90.16,-0.023819835426591607,27821888.0,2501889887.0,99506506905.12,99998054897.44,0.02520861700503459,591.6665328750826,2025-08-27,2025-06-30,13.874529895843471,3.590254047578004,18.46704998336739,4.124685328937304,89.60139378658529
sz300308,2025-05-28,91.0,92.99,91.0,92.62,0.02728482697426804,30626087.0,2819311095.0,102221524728.84,102726484523.08,0.027749421518261767,607.8100518510442,2025-08-27,2025-06-30,14.25309404340087,3.6882135080598357,18.970920246888728,4.2372266544606605,92.04615231270553
sz300308,2025-05-29,93.6,96.59,93.28,94.94,0.02504858561865686,42242218.0,4021230585.0,104782029343.08,105299637665.96,0.03827446559360667,623.0348339747154,2025-08-27,2025-06-30,14.610113889877764,3.780598039896359,19.44611496695763,4.343363189100573,94.35177823977826
sz300308,2025-05-30,93.78,94.38,92.51,93.55,-0.014640825784706157,21296641.0,1988389328.0,103247933906.1,103757964015.7,0.01929627732175174,613.9130895126882,2025-08-27,2025-06-30,14.39620975772135,3.725246962632235,19.161407785537037,4.279772765329246,92.97039029209243
sz300308,2025-06-03,92.5,93.22,91.75,91.76,-0.01913415285943343,18333010.0,1691460257.0,101272372156.32,101772643271.84,0.01661101603311282,602.1663826155454,2025-08-27,2025-06-30,14.120750479620643,3.6539675178100897,18.794770479966633,4.197882939033796,91.19148063284236
sz300308,2025-06-04,92.99,97.97,92.99,97.3,0.06037489102005211,61162487.0,5901679328.0,107386680588.6,107917155518.2,0.05541758021089033,638.522112341898,2025-08-27,2025-06-30,14.973289250949088,3.8745754084886848,19.929502699441514,4.451329663992898,96.6971563380074
sz300308,2025-06-05,97.3,103.58,96.5,102.88,0.0573484069886947,67768048.0,6838039805.0,113545135652.16,114106032473.92,0.061402690112576125,675.1403383117622,2025-08-27,2025-06-30,15.831983536871965,4.096776135923082,21.072427931331376,4.706606329204413,102.24258421432889
sz300308,2025-06-06,102.0,104.45,101.25,103.45,0.005540435458786908,46803762.0,4834350375.0,114174225147.9,114738229582.3,0.04240755015090248,678.8809097818021,2025-08-27,2025-06-30,15.919699619842582,4.119474059693263,21.18917835824486,4.732682977801288,102.80905265330796
sz300308,2025-06-09,105.31,111.16,105.11,108.55,0.04929917834702757,72691572.0,7850645377.0,119802920636.1,120394730025.7,0.06586375439516888,712.3491808295274,2025-08-27,2025-06-30,16.704527730632307,4.322560746058034,22.23378744115495,4.966000359983855,107.87745447575234
sz300308,2025-06-10,108.1,109.73,106.61,107.77,-0.007185628742514938,47918671.0,5186746230.0,118942061326.14,119529618193.18,0.043417737309173914,707.2305040810518,2025-08-27,2025-06-30,16.584495196040937,4.291500429319893,22.074023699062817,4.930316525061815,107.10228713820203
sz300308,2025-06-11,110.0,110.98,107.08,107.98,0.0019485942284496183,34304423.0,3727687087.0,119389855928.36,119978557705.32,0.031026016127892003,708.6086093594877,2025-08-27,2025-06-30,16.646784654460905,4.307618811844748,22.15693119580064,4.948834227443161,107.31098603677327
sz300308,2025-06-12,107.1,119.2,107.0,116.0,0.07427301352102234,86486899.0,10020896638.0,128257300311.99998,128889726744.0,0.0782215145617044,761.2391061835576,2025-08-27,2025-06-30,17.883191516183228,4.627558642100302,23.802593246090705,5.316399058931345,115.28129635363676
sz300308,2025-06-13,114.51,117.89,113.98,116.65,0.005603448275862011,47488879.0,5533959005.0,128975983460.3,129611953661.1,0.042950459354745944,765.5046701406206,2025-08-27,2025-06-30,17.983399054851496,4.653488927594831,23.935969846176558,5.346189226071909,115.9272691349287
sz300308,2025-06-16,116.92,123.45,116.9,120.57,0.033604800685812064,59369856.0,7204021603.0,133310195677.74,133967537530.38,0.05369599453011135,791.2293020047546,2025-08-27,2025-06-30,18.587727595743203,4.809868495500289,24.74033334207893,5.525846849442692,119.82298190825847
sz300308,2025-06-17,121.01,122.2,117.9,119.36,-0.010035663929667371,35823676.0,4277997539.0,131972339355.52,132623084346.24,0.03240007707858481,783.2887906385295,2025-08-27,2025-06-30,18.40118740837612,4.761598271733552,24.492047671149884,5.470391307534873,118.62047873077657
sz300308,2025-06-18,118.51,125.6,116.1,125.06,0.047754691689008144,67826342.0,8223181235.0,138274637732.91998,138956458850.04,0.061344310638541254,820.6945053389285,2025-08-27,2025-06-30,19.27993043977478,4.988986929147102,25.661657856518133,5.7316281578444315,124.28516312056735
sz300308,2025-06-19,124.56,130.79,123.6,128.3,0.03002569043031489,62573477.0,8012237030.0,141856996810.6,142556482252.2,0.05659345171263424,845.3364244940956,2025-08-27,2025-06-30,19.779426478675074,5.118239429150593,26.326488909253772,5.880120683283549,128.01691095350668
sz300308,2025-06-20,130.0,131.18,124.77,129.5,0.009353078721745733,49300523.0,6336169527.0,143183796469.0,143889824253.0,0.04458896806722301,853.2429226187479,2025-08-27,2025-06-30,19.964425011601104,5.166110725448182,26.572722632489192,5.935117914927665,129.21426319936955
sz300308,2025-06-23,127.3,129.33,122.68,127.09,-0.018610038610038626,53502446.0,6766509226.0,140519140488.38,141212029068.06,0.048389321472559706,837.3640388850708,2025-08-27,2025-06-30,19.592886291307988,5.069969205383857,26.078203238324722,5.824665141375729,126.8095807722616
sz300308,2025-06-24,128.38,129.97,124.3,125.25,-0.014477929026673997,45000554.0,5693248382.0,138484714345.5,139167571333.5,0.04069993872708703,825.2407417606037,2025-08-27,2025-06-30,19.309221874154737,4.996566551060887,25.700644862697075,5.740336052854749,124.9736406619385
sz300308,2025-06-25,127.0,128.69,123.2,125.73,0.003832335329341241,49245712.0,6175859556.0,139015434208.86002,139700908133.82,0.04453939524770682,828.4033410104646,2025-08-27,2025-06-30,19.38322128732515,5.015715069579922,25.799138351991243,5.7623349455123964,125.45258156028366
sz300308,2025-06-26,127.6,133.18,127.08,129.7,0.03157559850473235,59978741.0,7803404706.0,143404929745.4,144112047919.8,0.05424668957692882,854.56067230619,2025-08-27,2025-06-30,19.99525810042211,5.174089274831114,26.613761586361758,5.944284120201684,129.41382190701336
sz300308,2025-06-27,129.17,140.27,126.56,138.4,0.06707787201233639,66277872.0,8945449942.0,153024227268.80002,153778777425.6,0.059943824899616055,911.8827837099208,2025-08-27,2025-06-30,21.336497464135853,5.521156172988637,28.398956079818564,6.3430140496215355,138.09462568951932
sz300308,2025-06-30,141.5,146.6,138.01,145.86,0.053901734104046195,75214393.0,10740859553.0,161272498478.52,162067720197.24,0.06802629999832989,961.0348470515105,2025-08-27,2025-06-30,22.486571677159358,5.818756064971983,29.92970905926543,6.684913506342464,145.53816548463357
sz300308,2025-07-01,143.59,146.78,142.75,145.3,-0.0038392979569450425,31959141.0,4641124102.0,160653325304.6,161445493930.2,0.028904868159408324,957.3451479266726,2025-08-27,2025-06-30,22.400239028460547,5.796416126699776,29.814799988422237,6.659248131575211,144.97940110323088
sz300308,2025-07-02,142.5,142.6,138.13,138.93,-0.04384033035099799,36577096.0,5109386350.0,153610230451.26,154367670142.62,0.03308149419704433,915.3748203816422,2025-08-27,2025-06-30,21.418205149511518,5.542299328853406,28.507709307580875,6.367304493597688,138.6234562647754
sz300308,2025-07-03,141.47,143.84,139.49,142.26,0.023968905204059476,38397875.0,5430809335.0,157292099503.32,158067694194.84,0.03472826489536877,937.3153526775526,2025-08-27,2025-06-30,21.93157607838126,5.675142176079215,29.191007889559167,6.5199218114101125,141.94610874704486
sz300308,2025-07-04,143.11,145.18,138.55,139.45,-0.019752565724729387,41874479.0,5927014308.0,154185176969.9,154945451676.3,0.03787261662442406,918.8009695689914,2025-08-27,2025-06-30,21.49837118044613,5.563043557249027,28.614410587649555,6.3911366273101375,139.14230890464927
sz300308,2025-07-07,137.5,139.77,130.21,135.15,-0.030835424883470686,57520424.0,7722491415.0,149430811527.3,150167642840.1,0.052023309143173366,890.4693512889867,2025-08-27,2025-06-30,20.83545977079451,5.3915047455159995,27.7320730793893,6.194063213918718,134.85179669030728
sz300308,2025-07-08,134.76,145.26,133.82,144.88,0.07199408065112833,53224112.0,7500377252.0,160188945424.16,160978824229.92,0.048137587310672164,954.5778735830438,2025-08-27,2025-06-30,22.33548954193644,5.7796611729956195,29.728618185289843,6.63999910049977,144.56032781717883
sz300308,2025-07-09,145.0,149.36,144.05,145.3,0.0028989508558807664,41509561.0,6085220987.0,160653325304.6,161445493930.2,0.0375425731267282,957.3451479266723,2025-08-27,2025-06-30,22.400239028460547,5.796416126699776,29.814799988422237,6.659248131575211,144.97940110323083
sz300308,2025-07-10,146.52,148.68,142.0,146.59,0.00887818306951127,43540397.0,6336658699.0,162079634937.38,162878836581.06,0.039379326086808705,965.8446334106736,2025-08-27,2025-06-30,22.59911245135603,5.847877770219684,30.079501240900314,6.718370155592637,146.26655476753342
sz300308,2025-07-11,144.74,147.88,142.55,145.28,-0.008936489528617253,31098862.0,4513795973.0,160631211976.96,161423271563.52,0.028126804347389484,957.213372957928,2025-08-27,2025-06-30,22.397155719578443,5.795618271761482,29.810696093034977,6.658331511047808,144.95944523246644
sz300308,2025-07-14,144.33,150.5,144.33,149.82,0.03125,38853191.0,5781039353.0,165650937351.24,166467748799.88,0.03514006723232361,987.1262908628631,2025-08-27,2025-06-30,23.09706683581527,5.976731342754029,30.74228034594232,6.866404370768052,149.489427895981
sz300308,2025-07-15,155.3,174.99,155.3,174.81,0.16680016019223065,92406424.0,15619206714.0,193281540237.42,194234595966.54,0.0835753220902397,1151.779114308751,2025-08-27,2025-06-30,26.949661283999916,6.9736510881513265,35.87009763231997,8.011721719756796,174.42428841607554
sz300308,2025-07-16,179.8,181.97,169.67,170.76,-0.023168010983353415,90585177.0,15982905351.0,188803591390.32,189734566713.84,0.08192812811776347,1125.0946831380488,2025-08-27,2025-06-30,26.32529123537455,6.812085463146962,35.03905881640042,7.8261060629579,170.3832245862883
sz300308,2025-07-17,169.19,178.99,169.17,176.85,0.035664089950808275,60463077.0,10555310877.0,195537099656.7,196501277367.9,0.05468473852902222,1165.2201611206604,2025-08-27,2025-06-30,27.26415878997417,7.055032291857228,36.28869496182018,8.105217013551796,176.45978723404247
sz300308,2025-07-18,181.18,192.01,179.0,180.62,0.02131750070681382,61156221.0,11298766458.0,199705461916.84,200690193487.08,0.0553116401073683,1190.0597427289438,2025-08-27,2025-06-30,27.845362514250127,7.205427947725489,37.06227924231813,8.277999982967065,180.22146887312837
sz300308,2025-07-21,179.89,188.4,177.18,187.95,0.04058243826818719,59683509.0,10909835929.0,207809996496.9,208834690875.3,0.05397967232397955,1238.3552687736958,2025-08-27,2025-06-30,28.97539521953998,7.497841782609929,38.566356901747824,8.613941406259881,187.53529550827412
sz300308,2025-07-22,187.1,197.1,181.4,184.44,-0.018675179569034306,59291285.0,11209847411.0,203929107496.08,204934665522.96,0.053624932407504454,1215.2287617590873,2025-08-27,2025-06-30,28.434274510731335,7.357818240939481,37.84612326128422,8.453074503700838,184.0330401891252
sz300308,2025-07-23,179.0,187.88,176.0,186.18,0.009433962264151052,40578373.0,7395940402.0,205852967000.76,206868011424.12,0.036700376949690056,1226.6931840398336,2025-08-27,2025-06-30,28.702522383474083,7.427231620570986,38.203162159975584,8.53282048958481,185.76920094562638
sz300308,2025-07-24,190.5,192.96,181.67,185.2,-0.005263723278547738,44208006.0,8263192060.0,204769413946.4,205779115456.8,0.03998313299535592,1220.2362105713673,2025-08-27,2025-06-30,28.551440248251154,7.3881367285946205,38.00207128599998,8.487906083742113,184.79136327817167
sz300308,2025-07-25,186.0,189.9,184.51,185.22,0.0001079913606911731,28787743.0,5368796807.0,204791527274.04,205801337823.48,0.026036554487554275,1220.3679855401115,2025-08-27,2025-06-30,28.554523557133255,7.388934583532914,38.00617518138724,8.488822704269515,184.81131914893606
sz300308,2025-07-28,186.0,193.23,184.2,191.87,0.03590325018896445,43894765.0,8281245573.0,212144208714.34,213190274744.58,0.03969982782745039,1264.1831626475605,2025-08-27,2025-06-30,29.57972376043169,7.654221350515389,39.3707203976502,8.793599029630665,191.44664617809286
sz300308,2025-07-29,198.01,210.99,198.01,209.93,0.09412623130244446,58440368.0,12100039459.0,232112543573.26,233257071856.62003,0.052855335887385245,1383.1759594235805,2025-08-27,2025-06-30,32.3639516809685,8.374684359794108,43.07653793234329,9.621307365874632,209.46679747832926
sz300308,2025-07-30,207.06,211.8,203.59,210.6,0.0031915400371551605,39050574.0,8122926811.0,232853340049.2,234001521140.4,0.0353185867235674,1387.5904208765114,2025-08-27,2025-06-30,32.46724252851886,8.401412500226929,43.2140184278164,9.652014153542597,210.13531914893605
sz300308,2025-07-31,221.0,228.6,215.93,217.61,0.03328584995251682,64406594.0,14274550601.0,240604061387.02,241790460661.74,0.05825138129233635,1433.7775474213568,2025-08-27,2025-06-30,33.54794229169511,8.68106065609868,44.652433761049984,9.973289648396984,217.12985185185175
sz300308,2025-08-01,212.52,220.88,207.63,210.63,-0.032075731813795416,47594674.0,10151901432.0,232886510040.66,234034854690.42,0.043046143732712316,1387.788083329628,2025-08-27,2025-06-30,32.47186749184201,8.402609282634367,43.22017427089728,9.6533890843337,210.16525295508262
sz300308,2025-08-04,207.53,210.34,204.5,208.42,-0.01049233252623083,33083739.0,6857077166.0,230442987336.44,231579283172.28,0.029921990519559814,1373.226949283393,2025-08-27,2025-06-30,32.1311618603699,8.314446311952974,42.766693830605384,9.552102516055783,207.9601292356185
sz300308,2025-08-05,216.5,218.37,203.5,210.92,0.011995010075808388,41413757.0,8698318762.0,233207153291.44,234357079007.28,0.037455924928356914,1389.698820376419,2025-08-27,2025-06-30,32.51657547063247,8.414178179239618,43.27968075401251,9.666680081981028,210.45461308116614
sz300308,2025-08-06,206.71,213.58,206.61,210.52,-0.00189645363170865,25530156.0,5366654090.0,232764886738.64,233912631673.68,0.023090288730511478,1387.0633210015349,2025-08-27,2025-06-30,32.454909292990465,8.398221080473757,43.19760284626737,9.648347671432989,210.0554956658785
sz300308,2025-08-07,210.52,216.0,197.2,208.46,-0.009785293558806751,45307651.0,9320003539.0,230487213991.72,231623727905.64,0.04097768706510243,1373.4904992208815,2025-08-27,2025-06-30,32.1373284781341,8.316042021829562,42.7749016213799,9.553935757110589,208.00004097714725
sz300308,2025-08-08,207.0,213.88,205.0,209.3,0.004029550033579632,32731508.0,6886805779.0,231415973752.6,232557067306.2,0.02960342154999156,1379.0250479081383,2025-08-27,2025-06-30,32.26682745118233,8.349551929237874,42.94726522764469,9.59243381926147,208.83818754925127
sz300308,2025-08-11,210.0,220.5,209.99,214.75,0.026039178213091096,35076252.0,7548075951.0,237441855534.5,238612662226.5,0.03172408293408707,1414.9337268909346,2025-08-27,2025-06-30,33.107029121554724,8.566967399922758,44.06557672067223,9.842212912978503,214.27616233254517
sz300308,2025-08-12,215.0,226.39,213.0,225.68,0.050896391152502884,43082931.0,9534149021.0,249526789089.76,250757185617.12,0.03896557922116511,1486.9487473096444,2025-08-27,2025-06-30,34.79205742562268,9.002995123699968,46.30835554980819,10.343146031203672,225.1820457052796
sz300308,2025-08-13,226.75,252.96,224.0,252.0,0.11662531017369715,55126547.0,13273577994.0,278627928264.0,280001820168.0,0.04985821030416388,1660.364606177022,2025-08-27,2025-06-30,38.849691914467016,10.05297222249376,51.70908187943843,11.549418645264646,251.44397163120547
sz300308,2025-08-14,246.4,248.09,239.4,239.47,-0.04972222222222222,40760133.0,9927494343.0,264773928497.54,266079507442.98,0.03686476650060615,1577.8075882587757,2025-08-27,2025-06-30,36.91799889983101,9.553116103653098,49.13799141932191,10.97515588484732,238.94161859732054
sz300308,2025-08-15,241.47,245.45,235.11,238.05,-0.005929761556771163,35054080.0,8382671265.0,263203882235.1,264501719408.7,0.03170402986893021,1568.451565477937,2025-08-27,2025-06-30,36.69908396920188,9.496468403034285,48.84661484682666,10.910075827401782,237.52475177304947
sz300308,2025-08-18,241.62,268.0,238.08,260.0,0.09220751942869132,46984979.0,11956921107.0,287473259320.0,288890766840.0,0.042494716096016745,1713.074593674705,2025-08-27,2025-06-30,40.083015467307234,10.372114197811023,53.35064003434123,11.916066856225427,259.426319936958
sz300308,2025-08-19,260.0,277.58,258.9,275.5,0.059615384615384626,40978934.0,11069282565.0,304611088241.0,306113101017.0,0.03706265711531781,1815.2001944514664,2025-08-27,2025-06-30,42.47257985093517,10.990451774988218,56.53115895946542,12.626447764961943,274.89211977935355
sz300308,2025-08-20,261.99,269.0,257.41,267.79,-0.02798548094373854,40819732.0,10773818990.0,296086400435.78,297546378661.86,0.036918669740290615,1764.4009440005743,2025-08-27,2025-06-30,41.2839642768854,10.682878696276205,54.94910728767783,12.273090551648487,267.19913159968456
sz300308,2025-08-21,272.8,274.6,256.1,265.22,-0.009597072332798051,39443593.0,10428978809.0,293244837834.04,294690804543.48004,0.03567404566344137,1747.4678605169436,2025-08-27,2025-06-30,40.887759085535485,10.580354336705538,54.42175673041532,12.15530481387734,264.6348022064616
sz300308,2025-08-22,259.11,280.88,259.0,278.9,0.05157982052635535,38258165.0,10408840534.0,308370353939.8,309890903352.6,0.0346019067078771,1837.6019391379816,2025-08-27,2025-06-30,42.99674236089226,11.126087114498054,57.22882117529911,12.782273254620275,278.28461780929837
sz300308,2025-08-25,288.0,320.0,288.0,320.0,0.1473646468268197,49806131.0,15236503898.0,353813242240.0,355557866880.0,0.04504625609571984,2108.3994999073293,2025-08-27,2025-06-30,49.33294211360891,12.765679012690489,65.66232619611229,14.665928438431296,319.29393223010214
sz300308,2025-08-26,313.6,322.8,306.0,314.0,-0.018750000000000044,36191921.0,11402947512.0,347179243948.0,348891156876.0,0.032733129621372536,2068.867009284067,2025-08-27,2025-06-30,48.40794944897874,12.526322531202544,64.43115757993519,14.390942280210709,313.3071710007877
sz300308,2025-08-27,320.0,345.9,311.31,325.1,0.03535031847133774,61074635.0,20077028381.0,359398206698.2,361224570383.4,0.055246140543971284,2142.002116937103,2025-08-27,2025-06-30,50.119185878544556,12.969132021955245,66.70881951986283,14.899666672918796,324.3826792750195
sz300308,2025-08-28,322.87,359.58,322.45,359.03,0.10436788680406006,58391643.0,20116514922.0,396907838052.46,398924815456.02,0.05281919271022081,2365.5583514116515,2025-10-31,2025-09-30,43.98319658012009,12.64246307046206,54.62076344030416,14.238403279976579,358.2378140267924
sz300308,2025-08-29,352.0,367.7,344.97,354.92,-0.011447511350026307,49033310.0,17315300339.0,392364231071.44,394358119103.28,0.04435394719258024,2338.4785953347173,2025-10-31,2025-09-30,43.47969843805871,12.497738330970654,53.99549163087417,14.07540899682279,354.1368825847121
sz300308,2025-09-01,372.75,413.8,364.0,406.1,0.14420151019948158,59865089.0,23173867536.0,448943745740.2,451225155437.4,0.05415202433172707,2675.690740351146,2025-10-31,2025-09-30,49.74953661584482,14.299931072374571,61.78172306800969,16.105104230840006,405.2039558707641
sz300308,2025-09-02,402.02,419.6,373.87,384.0,-0.054420093573011585,78412730.0,31063167519.0,424512185088.0,426669440256.0,0.07092962081585054,2530.0793998887957,2025-10-31,2025-09-30,47.04216217799657,13.52172748532833,58.41955591754671,15.228662951594588,383.1527186761227
sz300308,2025-09-03,392.0,429.99,379.1,426.19,0.10986979166666666,71235178.0,28716626618.0,471153250423.58,473547522767.46,0.06443703929565542,2808.058696454703,2025-10-31,2025-09-30,52.210674736042606,15.007356867114794,64.83810035546675,16.90183297744817,425.24962805358524
sz300308,2025-09-04,436.0,448.0,363.88,369.14,-0.1338604847603182,93905671.0,36731803946.0,408084447925.48,410158221812.76,0.08494403442512474,2432.1705981118494,2025-10-31,2025-09-30,45.22172850621264,12.998464801911718,56.15884081094581,14.639345421749026,368.3255066981873
sz300308,2025-09-05,378.02,418.88,361.72,407.0,0.1025627133336946,79255067.0,30591669080.0,449938696174.0,452225161938.0,0.07169157163696288,2681.6206139446354,2025-10-31,2025-09-30,49.859791683449494,14.331622621168307,61.91864390219144,16.140796409632806,406.1019700551613
sz300308,2025-09-08,394.0,394.0,344.0,369.99,-0.09093366093366095,74111648.0,27097510063.0,409024123335.18,411102672396.66,0.06703900107390455,2437.7710342834785,2025-10-31,2025-09-30,45.32585829228373,13.028395709105805,56.28815493211747,14.673054701720003,369.17363120567353
sz300308,2025-09-09,365.02,372.61,347.0,359.29,-0.028919700532446746,48063109.0,17329017117.0,397195268177.78,399213706222.86,0.04347633473035428,2367.271426005327,2025-10-31,2025-09-30,44.01504804409477,12.65161840678025,54.66031834795667,14.248714353850051,358.49724034672954
sz300308,2025-09-10,378.0,395.48,370.58,385.0,0.07155779453923006,62010239.0,23749946610.0,425617685570.0,427780558590.0,0.05609245767836762,2536.6681483260068,2025-10-31,2025-09-30,47.16466780866844,13.556940317321372,58.57169017774866,15.268320928031033,384.1505122143418
sz300308,2025-09-11,402.19,443.99,402.19,439.97,0.1427792207792209,65680163.0,27786933615.0,486387047065.54,488858733409.98,0.05941215229610366,2898.851649919463,2025-10-31,2025-09-30,53.898802326700924,15.492589691978921,66.93451046104956,17.448319892742372,438.99922301024407
sz300308,2025-09-12,417.0,431.99,410.0,422.09,-0.04063913448644241,47250565.0,19984616455.0,466620698447.38,468991937598.06,0.04274133369396396,2781.04482786214,2025-10-31,2025-09-30,51.70840165028795,14.862984255943319,64.21434988863878,16.739235274058746,421.158674546887
sz300308,2025-09-15,410.0,419.97,397.64,408.02,-0.03333412305432493,35752541.0,14621407478.0,451066306665.64,453358502638.68,0.03234059286461713,2688.3411373505896,2025-10-31,2025-09-30,49.98474742673479,14.36753970980121,62.07382084759742,16.181247545597977,407.1197194641447
sz300308,2025-09-16,410.03,421.97,396.22,411.42,0.008332924856624846,44253263.0,17975150667.0,454825008304.44,457136304974.28,0.040030071194487274,2710.742882037105,2025-10-31,2025-09-30,50.40126657101914,14.487263338577556,62.59107733228404,16.31608466548189,410.51221749408955
sz300308,2025-09-17,405.0,412.98,391.11,406.2,-0.012687764328423556,32431621.0,13067610633.0,449054295788.4,451336267270.8001,0.029336595983501343,2676.349615194867,2025-10-31,2025-09-30,49.76178717891201,14.303452355573876,61.796936494029886,16.109070028483654,405.30373522458603
sz300308,2025-09-18,394.21,429.99,389.21,409.4,0.007877892663712416,56160786.0,22855123991.0,452591897330.8,454891845939.6,0.05080123158191441,2697.43361019394,2025-10-31,2025-09-30,50.15380519706197,14.41613341795161,62.2837661266761,16.23597555308027,408.49667454688705
sz300308,2025-09-19,415.4,425.0,400.03,421.5,0.029555446995603418,46653593.0,19367174603.0,465968453163.0,468336377781.0,0.04220133212026949,2777.1574662841863,2025-10-31,2025-09-30,51.63612332819155,14.842208685067424,64.12459067511963,16.715837067961246,420.56997635933783
sz300308,2025-09-22,417.29,421.8,394.68,418.0,-0.008303677342823224,41268476.0,16928692918.0,462099201476.0,464447463612.0,0.03733012935945513,2754.09684675395,2025-10-31,2025-09-30,51.207353620840024,14.718963773091776,63.592120764412826,16.577034150433693,417.0776989755711
sz300308,2025-09-23,447.01,457.01,418.0,434.29,0.03897129186602877,53444036.0,23278260110.0,480107804327.78,482547581272.8601,0.0483437473526131,2861.427558796108,2025-10-31,2025-09-30,53.20297034448473,15.292580806258442,66.07038786310251,17.223062586583374,433.3317557131598
sz300308,2025-09-24,416.01,435.0,410.0,423.5,-0.02484514955444528,39338586.0,16589365257.0,468179454127.0,470558614449.0,0.03558441325039603,2790.334963158607,2025-10-31,2025-09-30,51.881134589535286,14.91263434905351,64.42885919552353,16.795153020834135,422.56556343577597
sz300308,2025-09-25,416.01,442.96,404.0,434.6,0.026210153482880916,50559151.0,21620180903.0,480450509477.2,482892027956.4,0.045734173637384266,2863.470070811643,2025-10-31,2025-09-30,53.240947089993,15.303496784176282,66.11754948376512,17.235356559278667,433.6410717100077
sz300308,2025-09-26,429.05,442.3,413.7,413.7,-0.048090197883110974,35111815.0,14918149499.0,457345549403.4,459669654775.8001,0.03176101283689897,2725.765228473945,2025-10-31,2025-09-30,50.680579408951004,14.567548595521696,62.93794344554447,16.406504851756985,412.7871867612291
sz300308,2025-09-29,410.12,433.17,403.09,416.75,0.007372492144065879,42905921.0,18029890030.0,460717325873.50006,463058565694.5,0.03881130917498776,2745.8609112074373,2025-10-31,2025-09-30,51.05422158250019,14.674947733100472,63.401952939160395,16.527461679888138,415.8304570527973
sz300308,2025-09-30,418.51,435.0,398.06,403.68,-0.031361727654469096,39289331.0,16248125252.0,446268434573.76,448536249069.12,0.03553985876959572,2659.745969133097,2025-10-31,2025-09-30,49.4530729896189,14.214716018951407,61.41355815832098,16.00913192786381,402.78929550827405
sz300308,2025-10-09,419.0,426.66,397.68,398.81,-0.012064011097899341,39090946.0,16122596932.0,440884647226.42,443125102782.54,0.035360406111519,2627.6587642438826,2025-10-31,2025-09-30,48.85647056824691,14.04322952714529,60.67266431113751,15.815997582618326,397.93004097714714
sz300308,2025-10-10,399.01,407.8,381.01,390.0,-0.022090719891677768,38428592.0,15167250787.0,431145187980.0,433336150260.0,0.03476126209413991,2569.6118905120584,2025-10-31,2025-09-30,47.77719596202777,13.733004477286585,59.33236147875838,15.466610810213254,389.13947990543716
sz300308,2025-10-13,369.0,382.0,361.8,376.99,-0.03236652977412735,40931349.0,15302419922.0,416762626709.18005,418880500734.66,0.03702517517310318,2486.4424707498483,2025-10-31,2025-09-30,46.183397706986796,13.274885533057102,57.35309475353108,14.950660536775114,376.5443853427894
sz300308,2025-10-14,385.0,385.94,344.0,346.1,-0.08193851295790333,51433907.0,18448572395.0,382613716820.2,384558055397.4,0.0465254496379315,2282.7070721412306,2025-10-31,2025-09-30,42.39919877553285,12.187161152792019,52.653667455893014,13.725625644653352,345.69089834515347
sz300308,2025-10-15,345.0,357.0,337.0,354.12,0.023172493498988755,35317253.0,12275375119.0,391479830685.84,393469224436.08,0.031946845410782916,2335.603086930519,2025-10-31,2025-09-30,43.38169393352122,12.469568065376219,53.87378422271261,14.043682615673633,353.7014184397161
sz300308,2025-10-16,351.14,379.3,350.03,366.97,0.0362871343047555,34256818.0,12630929312.0,405685511879.54,407747095027.98,0.030987610189029305,2420.355429828568,2025-10-31,2025-09-30,44.95589128765469,12.922052956486814,55.828709466307586,14.553287612881942,366.5362293144206
sz300308,2025-10-17,367.17,381.91,360.0,373.6,0.018066871951385677,46763644.0,17358864503.0,413014980075.2,415113809582.4,0.042300880697399824,2464.083681456122,2025-10-31,2025-09-30,45.76810361900917,13.155514032600689,56.837359611446495,14.816219996655569,373.158392434988
sz300308,2025-10-20,408.19,421.21,395.58,403.0,0.07869379014989297,60155062.0,24468412270.0,445516694246.0,447780688602.0,0.05441432453396253,2657.9917655964055,2025-10-31,2025-09-30,49.36976916076203,14.190771293196137,61.31010686138366,15.982164503887029,402.5236406619383
sz300308,2025-10-21,410.0,451.48,405.0,441.5,0.09553349875930528,56517865.0,24436154423.0,488078462803.0,490558744461.0,0.05112423370250507,2911.9190186372534,2025-10-31,2025-09-30,54.08623594162887,15.546465324928276,67.16727587915852,17.50899659669013,440.97813238770664
sz300308,2025-10-22,436.09,457.5,436.09,444.3,0.006342015855039573,39749910.0,17757275763.0,491173864152.6,493669875796.2,0.03595648364448203,2930.386455222042,2025-10-31,2025-09-30,54.4292517075101,15.645061254508795,67.59325180772397,17.620038930712177,443.7748226950352
sz300308,2025-10-23,441.08,443.0,425.7,440.88,-0.0076975016880486136,27601113.0,12011352772.0,487393052504.16,489869851093.92,0.024967074595992803,2907.8298005363354,2025-10-31,2025-09-30,54.010282450612316,15.524633369092589,67.07295263783332,17.484408651299535,440.35886524822666
sz300308,2025-10-24,450.0,495.65,437.1,494.0,0.12048630012701866,49102526.0,23033970651.0,546117238108.0,548892456996.00006,0.044416557748728325,3258.183454602045,2025-10-31,2025-09-30,60.517781551901855,17.395139004563013,75.15432453976062,19.59104035960346,493.4160756501179
sz300308,2025-10-27,503.98,515.0,495.56,508.94,0.030242914979757174,45072389.0,22787904833.0,562633415309.0801,565492564905.96,0.040771026095310185,3356.7204198080262,2025-10-31,2025-09-30,62.348015674139525,17.921218714539062,77.42721038717767,20.18353052756393,508.33841607564983
sz300308,2025-10-28,503.3,536.0,501.0,513.0,0.007977364718827262,41796087.0,21740189239.0,567121747266.0,570003705342.0,0.037807389214688736,3383.49820285597,2025-10-31,2025-09-30,62.8453885346673,18.064182812430815,78.04487548359756,20.344541911895895,512.3936170212762
sz300308,2025-10-29,538.01,542.01,506.16,520.72,0.015048732943469867,41727105.0,21670889448.0,575656210987.04,578581538880.48,0.037744990327376444,3434.41556372546,2025-10-31,2025-09-30,63.79113200345411,18.336025875417103,79.21935197235658,20.650701489985245,520.104491725768
sz300308,2025-10-30,516.51,538.0,509.0,514.74,-0.01148409893992941,45330984.0,23600113527.0,569045318104.68,571937051243.16,0.04100494277305978,3394.974395590803,2025-10-31,2025-09-30,63.058548332036345,18.12545314009871,78.30958909634894,20.413546790895307,514.1315602836876
sz300308,2025-10-31,503.0,509.0,472.0,473.01,-0.08107005478494,56301279.0,27346603031.0,522912782990.82,525570083165.34,0.05092831700818743,3119.743635346788,2025-10-31,2025-09-30,57.94638836409937,16.656021661029044,71.96102641812179,18.75861943420249,472.45088652482235
sz300308,2025-11-03,470.67,483.4,457.51,480.0,0.014777700260036886,39840875.0,18730146946.0,530640231360.0,533336800320.0,0.03603876764297964,3165.8462716781005,2026-03-31,2024-12-31,99.28501966786251,22.350734642950293,168.53304445598926,26.282017170955708,479.43262411347484
sz300308,2025-11-04,489.6,504.29,473.88,477.8,-0.004583333333333273,36085368.0,17622196968.0,528208130299.6,530892339985.2,0.03264165740996936,3151.3361429329093,2026-03-31,2024-12-31,98.82996332771815,22.24829377583677,167.76060133556598,26.16155792558883,477.2352245862881
sz300308,2025-11-05,462.02,480.0,458.79,477.01,-0.001653411469234034,26408751.0,12390456807.0,527334784918.82,530014556501.34,0.02388850247466468,3146.1256876107723,2026-03-31,2024-12-31,98.66655673284812,22.211508191736915,167.48322403323218,26.11830210566163,476.44615839243465
sz300308,2025-11-06,488.0,507.88,482.27,496.88,0.041655311209408685,37325144.0,18457495763.0,549301079496.16,552092477797.92,0.033763118703009305,3277.178532232114,2026-03-31,2024-12-31,102.77654285951567,23.136735477894046,174.45978985269156,27.206268108134317,496.29267139479873
sz300308,2025-11-07,491.0,499.79,479.0,490.05,-0.01374577362743512,24309960.0,11923843237.0,541750511204.1,544503539576.7,0.02199000398083951,3232.1311779913613,2026-03-31,2024-12-31,101.36379976715838,22.818703149537065,172.06170507428655,26.832296905472596,489.47074468085077
sz300308,2025-11-10,488.88,495.88,460.0,490.0,-0.0001020304050607379,35211079.0,16744462629.0,541695236180.0,544447983660.0,0.03185080384252605,3231.801402338061,2026-03-31,2024-12-31,101.35345757760965,22.816374948011756,172.04414954882236,26.82955919535062,489.42080378250563
sz300308,2025-11-11,493.68,499.66,464.0,468.05,-0.044795918367346865,32513112.0,15621818930.0,517429500600.1,520058936228.7,0.02941031010785213,3087.0298905394484,2026-03-31,2024-12-31,96.81323636571469,21.794294478401845,164.3372738700537,25.62770445180379,467.49674940898325
sz300308,2025-11-12,459.63,492.39,450.01,491.75,0.05063561585300702,42302225.0,19890723540.0,543629862023.5,546392440744.5,0.03826522528825094,3243.343550203554,2026-03-31,2024-12-31,101.71543421181539,22.897862001397513,172.65859294006816,26.92537904961973,491.168735224586
sz300308,2025-11-13,489.28,489.28,470.01,481.0,-0.02186070157600406,31331746.0,15002143508.0,531745731842.0,534447918654.0,0.028341684612671204,3172.441784744097,2026-03-31,2024-12-31,99.49186345883723,22.39729867345644,168.8841549652726,26.3367713733952,480.43144208037796
sz300308,2025-11-14,465.18,473.88,454.22,462.82,-0.03779625779625784,24727266.0,11512786152.0,511647733079.24005,514247787341.88,0.02236748549875349,3052.5353572042886,2026-03-31,2024-12-31,95.73144333891693,21.5507645988547,162.500965906502,25.341339973045255,462.2729314420801
sz300308,2025-11-17,475.2,488.64,468.4,483.2,0.04403439782204743,28246626.0,13512966106.0,534177832902.4,536892378988.8,0.025550984789168098,3186.951913489288,2026-03-31,2024-12-31,99.9469197989816,22.499739540569962,169.65659808569586,26.45723061876208,482.6288416075647
sz300308,2025-11-18,474.7,490.8,470.01,472.91,-0.02129552980132443,24067856.0,11554982045.0,522802232942.62,525458971331.94,0.021771004528607703,3119.084084040189,2026-03-31,2024-12-31,97.8184971898518,22.020595666661716,166.0436709451706,25.89380987565972,472.35100472813207
sz300308,2025-11-19,472.43,499.7,472.0,488.6,0.03317756021230256,33786539.0,16542781774.0,540147535505.2,542892417992.4,0.030562211007701758,3222.5676840456667,2026-03-31,2024-12-31,101.06387627024505,22.751185305303153,171.55259483582574,26.752903311935334,488.0224586288413
sz300308,2025-11-20,515.0,522.38,490.33,492.0,0.0069586573884568015,35352207.0,17783386638.0,543906237144.0,546670220328.0,0.03197846366927228,3244.9924284700537,2026-03-31,2024-12-31,101.76714515955908,22.90950300902405,172.746370567389,26.939067600229603,491.4184397163118
sz300308,2025-11-21,472.99,483.0,460.0,464.01,-0.05689024390243902,41412280.0,19479251604.0,512963278652.82,515570018159.34,0.03746020980929794,3060.384017752824,2026-03-31,2024-12-31,95.97758745017684,21.60617579515701,162.9187874125491,25.406497473948246,463.4615248226948
sz300308,2025-11-24,470.0,476.99,436.96,456.8,-0.015538458222883134,46425800.0,21222535810.0,504992620177.6,507558854971.2,0.04199527793602536,3012.8303685469928,2026-03-31,2024-12-31,94.48624371724915,21.270449135207695,160.38728064061647,25.01171967435952,456.26004728132364
sz300308,2025-11-25,477.01,494.8,470.01,479.66,0.05004378283712785,43936481.0,21131904345.0,530264361196.12,532959020086.44,0.03974352043747006,3163.603797235662,2026-03-31,2024-12-31,99.21469277893111,22.334902872578205,168.41366688283296,26.263400742126283,479.09302600472785
sz300308,2025-11-26,475.2,556.88,470.4,543.22,0.13251052829087273,62895148.0,32975131626.0,600529971832.04,603581701395.48,0.056892917754512565,3582.8146077103706,2026-03-31,2024-12-31,112.36168413328392,25.29451265154887,190.7302508528802,29.743577849180337,542.5778959810872
sz300308,2025-11-27,537.0,558.77,523.36,524.0,-0.035381613342660434,43732767.0,23641332187.0,579282252568.0,582226007016.0,0.0395592473382567,3456.048846581927,2026-03-31,2024-12-31,108.3861464707499,24.399551985220736,183.98190686445494,28.691202078293315,523.3806146572101
sz300308,2025-11-28,527.2,529.8,508.6,514.5,-0.018129770992366456,32465730.0,16750682587.0,568779997989.0,571670382843.0,0.029367449882305885,3393.3914724549645,2026-03-31,2024-12-31,106.42113045649013,23.957193695412347,180.6463570262635,28.171037155118153,513.8918439716309
sz300308,2025-12-01,524.0,546.5,515.0,538.0,0.045675413022351785,37286705.0,19884723666.0,594759259316.0,597781663692.0,0.03372834802617481,3548.386029505872,2026-03-31,2024-12-31,111.2819595443959,25.051448412306787,188.8974539944213,29.45776091244619,537.3640661938532
sz300308,2025-12-02,542.0,551.13,535.5,542.0,0.0074349442379182396,27161533.0,14774407355.0,599181261244.0,602226137028.0,0.024569444737700258,3574.7680817698565,2026-03-31,2024-12-31,112.10933470829475,25.23770453433137,190.30189603155455,29.676777722204157,541.3593380614656
sz300308,2025-12-03,540.54,558.58,522.11,523.73,-0.03370848708487084,36832752.0,19817626710.0,578983767437.86,581926005065.82,0.033317716816698775,3454.2680580541087,2026-03-31,2024-12-31,108.33029864718672,24.38697969698407,183.8871070269484,28.67641844363465,523.1109338061465
sz300308,2025-12-04,517.37,536.53,512.34,535.5,0.022473411872529603,26319447.0,13837413100.0,591995508111.0,595003867857.0,0.02380772096307417,3531.8972468408815,2026-03-31,2024-12-31,110.76485006695911,24.93503833604142,188.01967772121301,29.320875406347465,534.8670212765956
sz300308,2025-12-05,539.53,545.0,525.0,537.05,0.002894491129785237,28282591.0,15166870065.0,593709033858.1,596726101274.7001,0.02558351756557624,3542.1202920931755,2026-03-31,2024-12-31,111.08545794296995,25.00721258332595,188.56389901060217,29.405744420128677,536.4151891252952
sz300308,2025-12-08,543.0,585.0,539.0,570.0,0.06135369146262004,40822440.0,23130085523.0,630135274740.0,633337450380.0,0.03692665961225696,3759.442447617746,2026-03-31,2024-12-31,117.90096085558673,26.541497388503473,200.13299029148726,31.209895390509907,569.3262411347516
sz300308,2025-12-09,570.09,613.0,568.54,606.0,0.06315789473684208,37129333.0,22178752621.0,669933292092.0,673337710404.0,0.03358599440212637,3996.8809179936034,2026-03-31,2024-12-31,125.34733733067642,28.217802486724747,212.77296862568645,33.18104667833158,605.2836879432622
sz300308,2025-12-10,609.06,620.0,589.5,616.0,0.01650165016501659,30209433.0,18313255433.0,680988296912.0,684448893744.0,0.02732647655236391,4062.8360486535644,2026-03-31,2024-12-31,127.41577524042356,28.68344279178621,216.28407371851955,33.7285887027265,615.271867612293
sz300308,2025-12-11,610.0,627.11,585.91,586.81,-0.047386363636363726,36353125.0,22007836033.0,648718737842.4199,652015349574.54,0.032883861736751376,3870.3130222571394,2026-03-31,2024-12-31,121.3780049818717,27.324238741311795,206.03515795253972,32.13031353351775,586.1163711583923
sz300308,2025-12-12,587.0,603.88,570.22,582.0,-0.008196860994188815,46878924.0,27362453086.0,643401280524.0,646670870388.0,0.04240515925889936,3838.5886044096987,2026-03-31,2024-12-31,120.3830863472833,27.10026575457723,204.34631640288697,31.866945819783798,581.3120567375885
sz300308,2025-12-15,570.0,588.0,568.0,570.86,-0.0191408934707904,30098736.0,17331138639.0,631086005154.52,634293012147.24,0.027226343624515943,3765.114588854503,2026-03-31,2024-12-31,118.07884651582499,26.58154245473876,200.4349453294709,31.25698400460787,570.1852245862883
sz300308,2025-12-16,568.8,575.0,545.01,551.79,-0.03340573871001651,27970237.0,15609524937.0,610004110962.78,613103985517.86,0.025300972234221057,3639.338154685958,2026-03-31,2024-12-31,114.1343354219372,25.693566392986543,193.73926791743816,30.21282136408677,551.1377659574467
sz300308,2025-12-17,557.0,592.07,556.66,589.98,0.06921111292339477,32357008.0,18602336343.0,652223174370.36,655537594693.3201,0.029269103475614767,3891.220798676347,2026-03-31,2024-12-31,122.03369979926151,27.47184671801628,207.14817826696782,32.303884355250936,589.282624113475
sz300308,2025-12-18,576.99,579.87,563.43,571.2,-0.031831587511440995,24162887.0,13813326874.0,631461875318.4,634670792380.8,0.021856966499269243,3767.3570632969413,2026-03-31,2024-12-31,118.1491734047564,26.59737422511085,200.55432290262723,31.275600433437297,570.5248226950354
sz300308,2025-12-19,583.34,587.0,570.28,571.7,0.0008753501400560193,22442914.0,12979061283.0,632014625559.4,635226351547.8,0.020301134522707518,3770.6548198299397,2026-03-31,2024-12-31,118.25259530024375,26.620656240363925,200.7298781572689,31.302977534657042,571.0242316784869
sz300308,2025-12-22,590.01,622.0,590.01,617.5,0.08011194682525802,39441167.0,23897727826.0,682646547635.0,686115571245.0001,0.03567720470699894,4072.7293182525586,2026-03-31,2024-12-31,127.72604092688567,28.753288837545433,216.81073948244455,33.810720006385736,616.7700945626476
sz300308,2025-12-23,625.0,628.99,614.0,621.0,0.005668016194331882,23364201.0,14498372815.0,686515799322.0,690004485414.0,0.02113450096171012,4095.813613983544,2026-03-31,2024-12-31,128.44999419529714,28.91626294431694,218.03962626493612,34.00235971492395,620.2659574468083
sz300308,2025-12-24,627.64,638.0,617.6,634.4,0.02157809983896941,23509126.0,14752690734.0,701329505780.7999,704893471089.6,0.021265595431915876,4184.193489067891,2026-03-31,2024-12-31,131.2217009943583,29.540220953099304,222.74450708933247,34.73606602761313,633.6501182033096
sz300308,2025-12-25,645.0,658.8,618.41,639.8,0.008511979823455196,25938711.0,16554891810.0,707299208383.6,710893510093.2001,0.023463319485011316,4219.8092596242695,2026-03-31,2024-12-31,132.33865746562176,29.7916667178325,224.64050383946238,35.031738720786386,639.043735224586
sz300308,2025-12-26,628.3,636.95,618.0,627.0,-0.02000625195373551,21376184.0,13392778802.0,693148802213.9999,696671195418.0001,0.019336205047443846,4135.38669237952,2026-03-31,2024-12-31,129.69105694114546,29.195647127353826,220.14628932063601,34.3308849295609,626.2588652482268
sz300308,2025-12-29,627.64,633.69,612.73,618.0,-0.014354066985645897,24112583.0,14961103073.0,683199297876.0,686671130412.0,0.02181146312697854,4076.027074785556,2026-03-31,2024-12-31,127.82946282237299,28.776570852798503,216.98629473708618,33.83809710760548,617.2695035460991
sz300308,2025-12-30,618.1,644.34,615.0,632.0,0.02265372168284796,26114540.0,16460770395.0,698676304624.0,702226787088.0,0.023622368714625308,4168.364257709501,2026-03-31,2024-12-31,130.72527589601899,29.42846727988455,221.90184186705253,34.60465594175835,631.2529550827421
sz300308,2025-12-31,629.0,633.0,608.0,610.0,-0.034810126582278444,22560412.0,13944071968.0,674355294020.0,677782183740.0,0.020407419415308766,4023.2629702575878,2026-03-31,2024-12-31,126.17471249457527,28.40405860874933,214.17741066281968,33.40006348808955,609.2789598108745
sz300308,2026-01-05,621.08,627.29,600.17,623.51,0.022147540983606495,30204157.0,18658748248.0,689290605531.8201,692793392432.34,0.02732170405331401,4112.368351779194,2026-03-31,2024-12-31,128.96917211064365,29.033138660887367,218.9209136432372,34.13979276304707,622.7729905437351
sz300308,2026-01-06,606.0,615.8,590.2,605.25,-0.029285817388654545,33558327.0,20243859699.0,669104166730.5,672504371653.5,0.030355777809602077,3991.9342831941067,2026-03-31,2024-12-31,125.19220448744538,28.182879463845136,212.50963574372398,33.139981026501964,604.534574468085
sz300308,2026-01-07,616.8,628.0,602.0,619.6,0.023709211069805836,28001455.0,17281311977.0,684968098647.2001,688448919746.4,0.025329211027879044,4086.57989569115,2026-03-31,2024-12-31,128.16041288793252,28.851073301608338,217.54807155193947,33.92570383150866,618.867612293144
sz300308,2026-01-08,611.1,616.0,592.0,595.45,-0.03897675919948351,29196168.0,17523125451.0,658270262006.9,661615411980.3,0.026409909787809573,3927.2982551473456,2026-03-31,2024-12-31,123.1651353358932,27.7265519648849,209.06875275274754,32.60338984259496,594.7461583924348
sz300308,2026-01-09,575.94,595.0,561.61,583.2,-0.020572676127298628,38572337.0,22201259670.0,644727881102.4,648004212388.8,0.03489128917448993,3846.503220088894,2026-03-31,2024-12-31,120.63129889645296,27.156142591184608,204.76764901402697,31.93265086271119,582.5106382978722
sz300308,2026-01-12,570.0,600.0,558.85,591.97,0.015037722908093354,38360752.0,22117906764.0,654423120329.54,657748720177.98,0.03469989622311173,3904.3458696776797,2026-03-31,2024-12-31,122.44531894330119,27.564509138723512,207.8468881804416,32.412845218105524,591.2702718676122
sz300308,2026-01-13,580.8,616.6,580.01,585.76,-0.010490396472794261,32055944.0,19108309974.0,647557962336.32,650848675323.84,0.028996770713303047,3863.387733537844,2026-03-31,2024-12-31,121.16081900134822,27.27534650928034,205.66649191779223,32.07282162095628,585.0676122931442
sz300308,2026-01-14,595.35,600.88,567.01,593.0,0.012360010925976495,41732994.0,24433697896.0,655561785826.0,658893172062.0,0.037750317326410716,3911.139248135655,2026-03-31,2024-12-31,122.65836804800514,27.612470090144843,208.2085320050034,32.4692420466182,592.2990543735224
sz300308,2026-01-15,583.2,636.99,581.02,625.02,0.05399662731871846,45903824.0,27888274549.0,690959911259.64,694471181116.68,0.04152311531963674,4122.327576508849,2026-03-31,2024-12-31,129.28150623501546,29.10345034695165,219.451090512255,34.2224716087307,624.2812056737588
sz300308,2026-01-16,635.97,645.0,615.02,617.0,-0.01283158938913953,37272376.0,23373957057.0,682093797394.0,685560012078.0,0.03371538647596899,4069.4315617195607,2026-03-31,2024-12-31,127.62261903139827,28.730006822292356,216.63518422780288,33.78334290516599,616.2706855791961
sz300308,2026-01-19,605.0,619.0,602.57,605.5,-0.018638573743922193,22307862.0,13561463232.0,669380541851.0,672782151236.9999,0.020178970849150657,3993.583161460606,2026-03-31,2024-12-31,125.24391543518904,28.194520471471662,212.59741337104472,33.153669577111835,604.7842789598108
sz300308,2026-01-20,605.52,608.0,580.0,585.0,-0.03385631709331127,26290035.0,15451090110.0,646717781970.0,650004225390.0,0.02378111581863607,3858.375143607687,2026-03-31,2024-12-31,121.00361772020743,27.23995784609567,205.3996479307369,32.03120842710227,584.3085106382978
sz300308,2026-01-21,586.24,599.66,581.0,581.9,-0.005299145299145325,25095900.0,14836515565.0,643290730475.7999,646559758554.6,0.02270093989882132,3837.929053103099,2026-03-31,2024-12-31,120.36240196818582,27.095609351526615,204.31120535195865,31.861470399539847,581.2121749408982
sz300308,2026-01-22,590.08,624.5,585.0,621.0,0.06719367588932812,40194425.0,24274588606.0,686515799322.0,690004485414.0,0.03635857754424751,4095.813613983544,2026-03-31,2024-12-31,128.44999419529714,28.91626294431694,218.03962626493612,34.00235971492395,620.2659574468083
sz300308,2026-01-23,614.0,615.0,580.16,585.0,-0.05797101449275366,39656041.0,23458779409.0,646717781970.0,650004225390.0,0.03587157278145809,3858.3751436076864,2026-03-31,2024-12-31,121.00361772020743,27.23995784609567,205.3996479307369,32.03120842710227,584.3085106382977
sz300308,2026-01-26,580.0,598.0,572.01,589.8,0.008205128205128087,26088115.0,15300491053.0,652024184283.6,655337593393.2,0.023598465513830505,3890.0336063244667,2026-03-31,2024-12-31,121.99646791688605,27.46346519252517,207.0849783752968,32.29402859881183,589.1028368794324
sz300308,2026-01-27,589.96,630.0,586.7,615.6,0.04374364191251279,38728671.0,23794065735.0,680546096719.2001,684004446410.4,0.035032703857292395,4060.197843427165,2026-03-31,2024-12-31,127.33303772403367,28.664817179583753,216.14362951480624,33.706687021750696,614.8723404255317
sz300308,2026-01-28,632.0,644.98,623.0,628.0,0.020142949967511425,32926375.0,20818996207.0,694254302696.0,697782313752.0,0.029784134458658698,4141.982205445516,2026-03-31,2024-12-31,129.89790073212012,29.242211157859966,220.4973998299193,34.385639132000385,627.2576832151298
sz300308,2026-01-29,637.0,637.95,610.11,613.85,-0.022531847133757887,24894040.0,15437115006.0,678611470875.7,682059989325.8999,0.022518343868076218,4048.655695561672,2026-03-31,2024-12-31,126.9710610898279,28.583330126197986,215.52918612356038,33.61086716748158,613.1244089834513
sz300308,2026-01-30,616.2,653.58,605.93,649.0,0.05726154598028832,35759200.0,22650812275.0,717469812818.0,721115798766.0,0.032346616380760654,4280.487979831433,2026-03-31,2024-12-31,134.2416203425891,30.220055798489042,227.87072052486883,35.5354773832297,648.2328605200943
sz300308,2026-02-02,635.01,658.58,591.0,591.0,-0.08936825885978428,55998048.0,34642172763.0,653350784862.0,656670935394.0,0.05065402404772538,3897.9482220036625,2026-03-31,2024-12-31,122.24468046605571,27.51934202913255,207.50631098643677,32.35973364173922,590.3014184397161
sz300308,2026-02-03,607.0,618.8,576.0,589.7,-0.0021996615905244266,42918019.0,25546318135.0,651913634235.4,655226481559.7999,0.038822252634712104,3889.3740550178677,2026-03-31,2024-12-31,121.97578353778857,27.45880878947455,207.04986732436842,32.288553178567874,589.0029550827421
sz300308,2026-02-04,570.0,574.55,525.13,560.0,-0.050364592165507927,52721001.0,29004521608.0,619080269920.0,622226267040.0,0.04768971326418653,3693.487316957785,2026-03-31,2024-12-31,115.8325229458396,26.07585708344201,196.62188519865416,30.662353366114996,559.3380614657208
sz300308,2026-02-05,561.01,577.75,556.01,561.99,0.0035535714285714892,31867515.0,18014061308.0,621280215879.1799,624437392524.66,0.028826323930992194,3706.6123879591173,2026-03-31,2024-12-31,116.24414208987928,26.16851950414924,197.32059511212793,30.771314228969583,561.325709219858
sz300308,2026-02-06,548.11,561.88,530.3,540.01,-0.039111016210252925,32867590.0,17909389389.0,596981315284.82,600015011543.34,0.029730959447921798,3561.6430107685237,2026-03-31,2024-12-31,111.69771556425508,25.14504211362414,189.60318611808074,29.567816859349566,539.3716903073283
sz300308,2026-02-09,561.0,573.99,550.12,565.99,0.04811022018110789,36663337.0,20565541886.0,625702217807.1799,628881865860.66,0.03316446948414809,3732.9944402231013,2026-03-31,2024-12-31,117.07151725377814,26.354775626173826,198.72503714926117,30.990331038727547,565.3209810874703
sz300308,2026-02-10,561.55,573.68,555.5,555.71,-0.018162865068287348,21715825.0,12239667575.0,614337672852.22,617459569387.14,0.019643433316929124,3665.1925659046624,2026-03-31,2024-12-31,114.94516308255808,25.876097392570642,195.11562111382875,30.42745783764958,555.0531323877067
sz300308,2026-02-11,551.01,554.0,522.53,531.91,-0.04282809378992647,39713551.0,21161447644.0,588026761380.62,591014953037.94,0.03592359446841019,3508.2193549339563,2026-03-31,2024-12-31,110.02228085735989,24.767873466524353,186.75919099288592,29.12430781958969,531.2812647754135
sz300308,2026-02-12,535.0,546.38,523.38,527.46,-0.008366076967908032,30178611.0,16055660076.0,583107284235.72,586070476451.64,0.027298595967504974,3478.8693217902746,2026-03-31,2024-12-31,109.10182598752243,24.560663530772004,185.1967492265752,28.880651618733957,526.836524822695
sz300308,2026-02-13,524.0,543.8,515.0,531.0,0.006711409395973034,26043610.0,13816376824.0,587020755942.0,590003835354.0,0.023558207729483378,3502.2174380438996,2026-03-31,2024-12-31,109.8340530075729,24.72550019876376,186.4396804294381,29.074481495369753,530.3723404255317
sz300308,2026-02-24,542.0,572.02,522.0,554.0,0.043314500941619594,35655753.0,19693436145.0,612447267028.0,615559557036.0,0.03225304156855175,3653.914238561809,2026-03-31,2024-12-31,114.59146019999132,25.79647290040513,194.5152221429543,30.33382815147805,553.3451536643024
sz300308,2026-02-25,550.0,569.86,548.0,566.07,0.021787003610108435,21479209.0,11999241088.0,625790657845.74,628970755327.38,0.019429398132094166,3733.5220812683815,2026-03-31,2024-12-31,117.08806475705612,26.35850074861432,198.75312599000387,30.99471137492271,565.4008865248226
sz300308,2026-02-26,566.07,574.0,559.0,572.22,0.010864380730298384,25279991.0,14340448873.0,632589485810.04,635804133081.48,0.02286746266656083,3774.084486624257,2026-03-31,2024-12-31,118.3601540715506,26.64486953622712,200.91245562209622,31.331449719925576,571.5436170212764
sz300308,2026-02-27,555.0,559.98,531.11,534.0,-0.06679249239802876,34712470.0,18806220503.0,590337257388.0,593337190356.0,0.03139977825898406,3522.003977241888,2026-03-31,2024-12-31,110.45458438049704,24.865192290282202,187.49301195728805,29.238744102688226,533.368794326241
sz300308,2026-03-02,520.0,580.0,520.0,570.58,0.06850187265917618,49310342.0,27557516445.0,630776465019.56,633981899013.72,0.04460454138454188,3763.2678451960237,2026-03-31,2024-12-31,118.02093025435205,26.56850452619703,200.33663438687154,31.241652827924806,569.9055555555555
sz300308,2026-03-03,570.8,599.04,563.28,563.8,-0.011882645728907626,39310100.0,22869564246.0,623281171751.6,626448516709.2,0.03555864573562438,3718.55026660857,2026-03-31,2024-12-31,116.6185293515435,26.252800399365363,197.95610513393072,30.87041933538506,563.1335697399525
sz300308,2026-03-04,554.02,563.5,536.5,539.0,-0.043987229514012016,30742945.0,16777788850.0,595864759798.0,598892782026.0,0.027809074261443877,3554.981542571868,2026-03-31,2024-12-31,111.48880333537062,25.098012442812934,189.2485645037046,29.512515114885684,538.3628841607563
sz300308,2026-03-05,556.0,585.0,552.6,557.0,0.033395176252319025,37900360.0,21444655496.0,615763768474.0,618892912038.0,0.03428344050238053,3673.7007777597964,2026-03-31,2024-12-31,115.21199157291545,25.93616499192357,195.56855367080422,30.498090758796522,556.3416075650116
sz300308,2026-03-06,553.0,559.98,537.06,545.48,-0.02068222621184912,21966767.0,12028188486.0,603028402921.36,606092828830.3201,0.01987042733826687,3597.720467239523,2026-03-31,2024-12-31,112.82915110088676,25.399747360492764,191.52376060386047,29.867322346693584,544.8352245862882
sz300308,2026-03-09,520.1,528.3,506.0,525.99,-0.03572999926670095,31474315.0,16230653690.0,581482198527.18,584437132500.6599,0.028470647921436186,3469.1739175832595,2026-03-31,2024-12-31,108.79776561478957,24.49221440592796,184.6806167779287,28.8001629411479,525.3682624113474
sz300308,2026-03-10,540.0,548.98,530.02,547.0,0.03994372516587763,28309414.0,15348948106.0,604708763654.0,607781728698.0,0.025607780784305437,3607.7456470998363,2026-03-31,2024-12-31,113.14355366316832,25.470524686862106,192.0574485779711,29.95054873440161,546.3534278959809
sz300308,2026-03-11,557.0,568.9,553.0,554.68,0.014040219378427699,23897170.0,13412042199.0,613199007355.76,616315117503.12,0.02161660749054291,3658.3991874466856,2026-03-31,2024-12-31,114.73211397785411,25.828136441149308,194.7539772892669,30.3710610091369,554.0243498817964
sz300308,2026-03-12,557.25,563.58,528.5,534.8,-0.035840484603735456,23911726.0,12905792455.0,591221657773.6,594226085023.2,0.021629774377610808,3527.2803876946846,2026-03-31,2024-12-31,110.6200594132768,24.902443514687114,187.77390036471468,29.28254746463982,534.1678486997633
sz300308,2026-03-13,526.5,548.88,525.01,542.02,0.013500373971578217,21198169.0,11483224115.0,599203371253.64,602248359394.6799,0.019175178432893708,3574.899992031176,2026-03-31,2024-12-31,112.11347158411424,25.238635814941496,190.3089182417402,29.677872806252946,541.3793144208036
sz300308,2026-03-16,549.05,565.0,540.32,561.7,0.036308623298033416,27431981.0,15210952033.0,620959620739.4,624115168207.8,0.02481408325609396,3704.699689169979,2026-03-31,2024-12-31,116.18415739049662,26.15501593530246,197.2187730644358,30.75543551026213,561.0360520094562
sz300308,2026-03-17,570.0,577.88,539.0,543.0,-0.033291792771942386,30040984.0,16803741800.0,600286761726.0,603337255362.0,0.027174103032186647,3581.363594835853,2026-03-31,2024-12-31,112.31617849926947,25.284268564837518,190.65300654083785,29.731531924643647,542.3581560283687
sz300308,2026-03-18,553.86,582.05,550.0,580.0,0.06813996316758741,37780487.0,21435555273.0,641190279560.0,644448633720.0,0.03417500726155269,3825.3975782777065,2026-03-31,2024-12-31,119.96939876533386,27.00713769356494,203.64409538432037,31.757437414904818,579.3144208037824
sz300308,2026-03-19,580.0,592.8,569.9,575.2,-0.008275862068965467,33140756.0,19280585871.0,635883877246.4,639115265716.8,0.02997805658125439,3793.7391155609253,2026-03-31,2024-12-31,118.97654856865525,26.783630347135436,201.9587649397605,31.49461724319526,574.5200945626476
sz300308,2026-03-20,605.0,632.72,604.1,612.0,0.0639777468706535,53853942.0,33344122514.0,676566294984.0,680004420408.0,0.04871453506973686,4036.4539963895795,2026-03-31,2024-12-31,126.5884000765247,28.497186669761625,214.87963168138631,33.50957189296853,611.2765957446807
sz300308,2026-03-23,590.31,618.1,585.0,599.62,-0.020228758169934635,37851991.0,22741347135.0,662880199016.84,666248775433.08,0.034239687468539705,3954.8015446325485,2026-03-31,2024-12-31,124.02767394425774,27.92072397209553,210.53288357645891,32.83171486676763,598.9112293144206
sz300308,2026-03-24,599.0,605.0,577.0,603.19,0.005953770721456975,28263565.0,16716920528.0,666826835737.58,670215467885.4601,0.025566307261003986,3978.347526278155,2026-03-31,2024-12-31,124.76610627803748,28.086957561002475,211.78634809460036,33.027187369476614,602.4770094562647
sz300308,2026-03-25,625.0,635.0,616.05,628.4,0.041794459457219046,33563126.0,21048050378.0,694696502888.8,698226761085.6,0.030360118829871302,4144.620410671915,2026-03-31,2024-12-31,129.98063824851,29.260836770062426,220.6378440336326,34.40754081297618,627.657210401891
sz300308,2026-03-26,626.89,645.0,612.83,614.2,-0.022597071928707746,26276923.0,16491318310.0,678998396044.4,682448880742.7999,0.02376925512728994,4050.964125134771,2026-03-31,2024-12-31,127.04345641666906,28.59962753687514,215.65207480180953,33.630031138335404,613.4739952718675
sz300308,2026-03-27,598.85,609.88,588.66,598.0,-0.026375773363725208,22432603.0,13421963396.0,661089288236.0,664448763732.0,0.020291807525417253,3944.116813465635,2026-03-31,2024-12-31,123.69258700287871,27.845290242675574,209.96408455141997,32.743013058815656,597.2931442080377
sz300308,2026-03-30,585.0,595.58,579.0,589.08,-0.014916387959866162,20925480.0,12283293316.0,651228223936.56,654537588192.72,0.01892851277834178,3885.2848369169506,2026-03-31,2024-12-31,121.84754038738426,27.42993909056074,206.83217880861278,32.25460557305539,588.3836879432622
sz300308,2026-03-31,571.0,585.9,555.0,569.41,-0.03339105045155166,26120231.0,14942137037.0,629482232281.62,632681890562.9401,0.023627546531060802,3755.551094908808,2026-03-31,2024-12-31,117.77892301891168,26.514024610504848,199.92583509101013,31.17759041107061,568.7369385342788
sz300308,2026-04-01,591.0,602.0,581.2,601.87,0.05700637501975736,25540472.0,15121134057.0,665366732483.34,668748791684.58,0.023103114616607162,3969.64144903104,2026-04-17,2026-03-31,41.26542770292238,13.096759476407161,55.271965590826674,17.545598948664573,601.1585697399526
sz300308,2026-04-02,593.01,596.77,578.69,582.0,-0.033013773738514995,17731014.0,10393303258.0,643400465724.0,646670870388.0,0.0160389224095258,3838.5886044096987,2026-04-17,2026-03-31,39.90310020951505,12.664386022345305,53.44722942472814,16.966352514866635,581.3120567375885
sz300308,2026-04-03,600.0,625.0,594.35,606.52,0.04213058419243976,29027106.0,17694513705.0,670507303214.64,673915491937.6799,0.02625701501939375,4000.3105847879215,2026-04-17,2026-03-31,41.584241132431394,13.197944003905281,55.698992423859295,17.68115485793284,605.8030732860518
sz300308,2026-04-07,608.0,636.66,597.7,619.53,0.021450240717536095,23903065.0,14668397049.0,684889846271.4601,688371141463.02,0.02162196729892897,4086.11820977653,2026-04-17,2026-03-31,42.47623311477811,13.481043079765612,56.893749219075296,18.06041988579953,618.7976950354608
sz300308,2026-04-08,653.53,688.26,643.0,688.14,0.1107452423611448,39662974.0,26479882607.0,760738138287.48,764604970358.76,0.03587788958471519,4538.636361234519,2026-04-17,2026-03-31,47.1802738456627,14.974004462915287,63.19446126517598,20.060525463196438,687.3265957446807
sz300308,2026-04-09,682.0,700.0,678.01,693.02,0.007091580201703085,24961927.0,17248692687.0,766132973807.6399,770027227828.6799,0.02257978084870088,4570.82246499658,2026-04-17,2026-03-31,47.51485654157753,15.080193816504712,63.6426098555414,20.202786288407005,692.2008274231678
sz300308,2026-04-10,700.0,743.04,694.01,734.65,0.06007041643819799,33080075.0,23842833151.0,812154900591.2999,816283084073.1,0.0299232044047957,4845.393673933995,2026-04-17,2026-03-31,50.36909376103133,15.986067339030889,67.46564793277754,21.41637607396353,733.7816193853427
sz300308,2026-04-13,738.8,744.0,714.23,738.0,0.004559994555230373,22887618.0,16730510499.0,815858322516.0,820005330492.0,0.020703425604472823,4867.488642705082,2026-04-17,2026-03-31,50.598776554333526,16.05896371905642,67.7732909200161,21.51403463225357,737.127659574468
sz300308,2026-04-14,750.0,786.22,748.78,773.0,0.04742547425474264,29266836.0,22475999264.0,854550790386.0,858894472182.0,0.02647386730258723,5098.331600014943,2026-04-17,2026-03-31,52.99844752913254,16.820567689472373,70.9874713837025,22.534347927821152,772.0862884160755
sz300308,2026-04-15,787.0,808.83,766.0,779.98,0.009029754204398444,32345247.0,25441092938.0,862267173978.36,866650078153.32,0.029258501908009726,5144.368281215597,2026-04-17,2026-03-31,53.47701048353532,16.972453281286754,71.6284708018891,22.737827550765772,779.058037825059
sz300308,2026-04-16,772.37,810.11,762.35,809.61,0.037988153542398484,28657012.0,22749930918.0,895023111778.02,899572514389.74,0.025922239526563442,5339.793333361059,2026-04-17,2026-03-31,55.50850336877231,17.61720544252746,74.34950414871847,23.60159563498484,808.6530141843971
sz300308,2026-04-17,841.0,865.0,820.24,851.0,0.05112338039302866,39857161.0,33630034467.0,941232249946.0,945561702234.0,0.03603621105518426,5612.781619162635,2026-04-17,2026-03-31,58.346285701541774,18.517856537827928,78.15050213134647,24.80818898651462,849.9940898345153
sz300308,2026-04-20,849.0,878.98,840.58,850.0,-0.001175088131609825,27263113.0,23357063772.0,940126219100.0,944450583900.0,0.02464950511877496,5606.186106096639,2026-04-17,2026-03-31,58.277723673690375,18.49609642438747,78.05866840381258,24.779037178069828,848.9952718676122
sz300308,2026-04-21,849.75,868.0,839.0,864.86,0.017482352941176504,25113802.0,21433791331.0,956561837471.56,960961802343.24,0.02270624014766402,5704.195430257341,2026-04-17,2026-03-31,59.29655540756218,18.819451710112645,79.42331759496629,25.21223305155938,863.8377068557919
sz300308,2026-04-22,859.3,893.2,854.0,886.62,0.025160141525796043,29438293.0,25705226811.0,982645974022.02,987340505455.08,0.026561528800478365,5847.713794573415,2026-04-17,2026-03-31,60.9242644661707,19.33605156681679,81.60351259323393,25.904316762724473,885.5719858156027
sz300308,2026-04-23,890.0,919.99,877.78,897.0,0.01170738309535091,30986940.0,27877944598.0,994150186887.0,998899678998.0,0.027958839163965625,5916.175220198455,2026-04-17,2026-03-31,61.63752817007863,19.56242613006097,82.55887617708922,26.207588522889008,895.9397163120567
sz300308,2026-04-24,900.25,915.0,854.53,886.99,-0.01115942028985506,38388441.0,33962426838.0,983056047120.29,987752537652.66,0.03463705185714962,5850.154134407834,2026-04-17,2026-03-31,60.94968908760094,19.344120794986377,81.63756697917097,25.915127027778507,885.941548463357
sz300308,2026-04-27,899.0,900.0,854.0,857.03,-0.033777156450467305,31814871.0,27543690271.0,949851209217.13,954389065654.02,0.028705863222096607,5652.552562950592,2026-04-17,2026-03-31,58.8909819036817,18.690731400497384,78.88008210708,25.039787727727497,856.0169621749409
sz300308,2026-04-28,854.0,854.0,821.0,825.0,-0.03737325414512904,29510905.0,24518220806.0,914352178575.0,918720440550.0,0.026627045022130903,5441.298279446739,2026-04-17,2026-03-31,56.69003427013921,17.992197945708252,75.93207675150346,24.103969377239054,824.0248226950355
sz300308,2026-04-29,816.23,863.0,816.23,846.0,0.025454545454545396,25173087.0,21221971380.0,937626597666.0,942106051764.0,0.0227131265847326,5579.804053832657,2026-04-17,2026-03-31,58.133053324288205,18.45018116614446,77.86489325063263,24.717524961386957,845.0000000000001
sz300308,2026-04-30,863.66,874.65,845.0,857.5,0.014792899408283988,21270964.0,18256407622.0,950372112882.5,954912457905.0,0.019192326229647165,5662.345533918938,2026-04-17,2026-03-31,58.923278044417415,18.700981501145243,78.92334038110813,25.05351968603938,857.5
sz300308,2026-05-06,888.5,889.0,840.45,856.0,-0.001749271137026276,30938572.0,26756822154.0,948709654376.0,953242057104.0,0.027915197773990277,5652.440556308584,2026-04-17,2026-03-31,58.82020525483535,18.668268413971226,78.78528205974177,25.009694287171673,856.0
sz300308,2026-05-07,858.0,889.15,835.0,877.47,0.025081775700934505,27719010.0,23995585894.0,972504977132.37,977151060568.98,0.025010257301119592,5794.213802504782,2026-04-17,2026-03-31,60.295520449720065,19.136501735055298,80.76135683289908,25.63698182963146,877.4699999999999
sz300308,2026-05-08,864.95,898.95,861.56,886.0,0.009721130067124717,19764077.0,17406542425.0,981958824506.0,986650073124.0,0.0178326950020632,5850.54010851566,2026-04-17,2026-03-31,60.88166104647677,19.322530157451528,81.54644848706917,25.88620226452582,885.9999999999999
sz300308,2026-05-11,889.06,946.79,870.0,940.13,0.06109480812641088,32265543.0,29399331289.0,1041951410477.2,1046929270029.4,0.029112494724391723,6207.977733881295,2026-04-17,2026-03-31,64.60121444652721,20.503036429937424,86.52851311077526,27.467714824997962,940.1299999999999
sz300308,2026-05-12,961.0,1022.9,960.0,1017.99,0.08281833363471014,34542136.0,34442619233.0,1128244090021.3,1133634207606.7,0.031166614864320853,6722.112105042728,2026-04-17,2026-03-31,69.95137937777096,22.201063741517807,93.69466037850393,29.742545195559334,1017.99
sz300308,2026-05-13,999.68,1052.2,991.12,1049.2,0.030658454405249502,26000533.0,26467945093.0,1162834310013.2,1168389680272.8,0.023459713037956655,6928.201672522156,2026-04-17,2026-03-31,72.09598055300613,22.88171404198436,96.56719385173022,30.654405661332383,1049.1999999999998
sz300308,2026-05-14,1065.0,1088.88,1025.1,1078.0,0.02744948532215008,30057134.0,31835259103.0,1194753513338.0,1200461375652.0,0.027119895518426883,7118.377242640949,2026-04-17,2026-03-31,74.0749781129819,23.509805315725448,99.21791362196451,31.495853319592364,1077.9999999999998
sz300308,2026-05-15,1068.99,1099.87,1034.0,1049.87,-0.026094619666048313,27625280.0,29275322893.0,1163576874812.8,1169135792630.6,0.02492568676931301,6932.62589585478,2026-04-17,2026-03-31,72.14201973235403,22.896325887589146,96.62885990194219,30.673981006160485,1049.8699999999997
sz300308,2026-05-18,1030.03,1075.0,1030.03,1045.0,-0.004638669549563157,24313205.0,25546322519.0,1158179426195.0,1163712558030.0,0.021937273837156067,6900.467735213165,2026-04-17,2026-03-31,71.80737674217633,22.790117397897117,96.18063055190437,30.531694544502802,1044.9999999999998
sz300308,2026-05-19,1026.0,1037.38,988.88,1030.0,-0.014354066985645897,27274908.0,27528008857.0,1141554841130.0,1147008550020.0,0.02460955376632734,6801.417959109626,2026-04-17,2026-03-31,70.77664884635561,22.462986526156968,94.80004733824067,30.09344055582573,1029.9999999999998
sz300308,2026-05-20,1019.11,1071.0,1019.11,1037.0,0.006796116504854455,22597322.0,23581065528.0,1149312980827.0,1154803753758.0,0.020389070083536548,6847.641187957945,2026-04-17,2026-03-31,71.25765519773861,22.615647599635704,95.44431950461707,30.29795908387503,1037.0
sz300308,2026-05-21,1060.0,1065.0,993.34,993.34,-0.042102217936354824,23772601.0,24395401284.0,1100924355231.1,1106183954443.6,0.021449498655503014,6559.34030631258,2026-04-17,2026-03-31,68.25754986897226,21.663478675624823,91.42590196404991,29.022347807500008,993.3399999999999
sz300308,2026-05-22,1010.04,1044.87,1006.18,1037.98,0.04493929570942479,20933769.0,21509318912.0,1150399120384.6,1155895082281.3,0.018888082545956437,6854.11243999671,2026-04-17,2026-03-31,71.324996086931,22.637020149922336,95.53451760790811,30.326591677801403,1037.98
