code,date,open,high,low,close,change,volume,money,traded_market_value,market_value,turnover,adjust_price,report_date,report_type,PE_TTM,PS_TTM,PC_TTM,PB,adjust_price_f
sh600989,2019-05-16,13.34,16.01,13.34,16.01,0.4397479999999999,9730470.0,155628835.0,11741000000.0,117407000000.0,0.013268,16.01,2019-08-09,2019-06-30,27.841219393063454,8.613896108958956,31.587883446950745,4.981240874287404,13.198164824351242
sh600989,2019-05-17,16.0,17.5,14.72,16.85,0.0524669999999999,313836514.0,5130568741.0,12357000000.0,123567000000.0,0.427947,16.84999667,2019-08-09,2019-06-30,29.30196629453671,9.065841904620093,33.24520679251972,5.24259193330101,13.890632938190477
sh600989,2019-05-20,15.8,16.44,15.17,15.17,-0.099703,159751289.0,2479630601.0,11125000000.0,111247000000.0,0.217836,15.17000145201099,2019-08-09,2019-06-30,26.380472491590194,8.161950313297819,29.930560101381765,4.719889815273798,12.50569516235407
sh600989,2019-05-21,14.56,15.6,13.93,15.11,-0.0039549999999999,175416199.0,2586312359.0,11081000000.0,110807000000.0,0.239197,15.110004096268288,2019-08-09,2019-06-30,26.276133427199245,8.129668470750595,29.812179862412552,4.701221882487112,12.456235137986962
sh600989,2019-05-22,14.7,14.87,14.24,14.33,-0.051621,114719879.0,1665634475.0,10509000000.0,105086999999.99995,0.156431,14.330010574814823,2019-08-09,2019-06-30,24.919725590116922,7.710004517636678,28.27323675581278,4.45853875626019,11.813231823928938
sh600989,2019-05-23,14.2,14.2,13.57,13.66,-0.046755,113401532.0,1571989993.0,10018000000.0,100174000000.0,0.154628,13.660010930389355,2019-08-09,2019-06-30,23.75468508249711,7.349548398467335,26.95141376932247,4.2500943158488536,11.26090417000114
sh600989,2019-05-24,13.42,13.87,13.41,13.48,-0.013177,64553372.0,878951939.0,9886000000.0,98854000000.0,0.088021,13.480012966359613,2019-08-09,2019-06-30,23.441667889324272,7.2527028708256625,26.596273052414837,4.194090517488795,11.112519235753034
sh600989,2019-05-27,13.55,13.68,13.42,13.62,0.010386,65893115.0,894692761.0,9988000000.0,99880000000.0,0.0898539999999999,13.620016381028226,2019-08-09,2019-06-30,23.684967616744977,7.327978258219872,26.87231424601123,4.23762074257775,11.227933860535565
sh600989,2019-05-28,13.57,13.58,13.12,13.21,-0.0301029999999999,100975947.0,1351638490.0,9688000000.0,96874000000.0,0.137685,13.210013027910135,2019-08-09,2019-06-30,22.97214209956501,7.107434579363154,26.06356197705338,4.110084819948708,10.889939367531865
sh600989,2019-05-29,13.11,14.38,13.03,13.62,0.031037,127892632.0,1752553350.0,9988000000.0,99880000000.0,0.174399,13.620012202257382,2019-08-09,2019-06-30,23.684967616744977,7.327978258219872,26.87231424601123,4.23762074257775,11.227930415681952
sh600989,2019-05-30,13.61,13.8,13.3,13.69,0.00514,81130223.0,1098296029.0,10040000000.0,100394000000.0,0.110625,13.690019064976983,2019-08-09,2019-06-30,23.806854614692586,7.365689319740947,27.01060388880708,4.2594282822421965,11.285641978018555
sh600989,2019-05-31,13.6,14.35,13.55,14.02,0.024105,127966239.0,1800083670.0,10282000000.0,102814000000.0,0.174488,14.020016974538255,2019-08-09,2019-06-30,24.380719468842795,7.5432394537506795,27.661695203137747,4.362101912568971,11.557682377898693
sh600989,2019-06-03,13.84,13.96,13.35,13.36,-0.047076,87339514.0,1183577298.0,9798000000.0,97974000000.0,0.119091,13.36001065544489,2019-08-09,2019-06-30,23.232989760542377,7.188139185731215,26.359512574476412,4.156754651915423,11.013592922276734
sh600989,2019-06-04,13.31,13.32,12.61,12.73,-0.047156,82738285.0,1071327048.0,9336000000.0,93354000000.0,0.112817,12.73000599297673,2019-08-09,2019-06-30,22.13742958443743,6.849179838985362,25.11652006529968,3.9607413576552193,10.494235934433853
sh600989,2019-06-05,12.92,12.98,12.55,12.59,-0.010998,47528158.0,606179847.0,9233000000.0,92327000000.0,0.064809,12.590001387065973,2019-08-09,2019-06-30,21.89389272277947,6.773831083767182,24.84020982570563,3.9171687054462945,10.378820327626949
sh600989,2019-06-06,12.61,12.68,11.75,11.86,-0.057983,74673466.0,902095684.0,8698000000.0,86974000000.0,0.10182,11.859995336639725,2019-08-09,2019-06-30,20.6245131507687,6.381093122050612,23.400006600246098,3.69005633224827,9.777025188570155
sh600989,2019-06-10,11.88,12.0,11.76,11.9,0.0033729999999999,38363428.0,456098160.0,8727000000.0,87267000000.0,0.052312,11.89999910091021,2019-08-09,2019-06-30,20.69399348228358,6.402589894474104,23.47883707755969,3.702487478399404,9.8100030945312
sh600989,2019-06-11,11.94,12.45,11.87,12.38,0.040336,66946199.0,819572749.0,9079000000.0,90787000000.0,0.091287,12.379997464644521,2019-08-09,2019-06-30,21.52870599741116,6.660844634851898,24.42587898931339,3.8518309406928934,10.20569937935221
sh600989,2019-06-12,12.29,12.34,12.06,12.07,-0.02504,51181040.0,623438766.0,8852000000.0,88514000000.0,0.069787,12.070002328129823,2019-08-09,2019-06-30,20.989699876137017,6.494079570965897,23.814337436638343,3.755394097001672,9.950148666893229
sh600989,2019-06-13,12.03,12.18,11.87,12.13,0.004971,42278007.0,508242359.0,8896000000.0,88954000000.0,0.057648,12.130002309702956,2019-08-09,2019-06-30,21.094038940527966,6.526361413513121,23.93271767560756,3.774062029788358,9.999610855916355
sh600989,2019-06-14,12.08,12.17,11.81,11.82,-0.025556,36795494.0,440538509.0,8668000000.0,86680000000.0,0.050176,11.820007970676189,2019-08-09,2019-06-30,20.554795685016565,6.359522981803148,23.32090707693485,3.677582758977166,9.744060800882558
sh600989,2019-06-17,11.85,12.05,11.85,11.92,0.0084599999999999,22286470.0,265855463.0,8742000000.0,87414000000.0,0.030388,11.920005238108107,2019-08-09,2019-06-30,20.728852215159648,6.413374964597836,23.518386839215314,3.7087242650349563,9.826495555258024
sh600989,2019-06-18,11.92,12.38,11.88,12.18,0.021812,57337603.0,699074313.0,8932000000.0,89320000000.0,0.078188,12.180004392361722,2019-08-09,2019-06-30,21.18083007136225,6.5532140370864935,24.03118851075013,3.789590355697283,10.040831076309312
sh600989,2019-06-19,12.35,12.44,12.15,12.18,0.0,50185268.0,614653658.0,8932000000.0,89320000000.0,0.068434,12.180004392361722,2019-08-09,2019-06-30,21.18083007136225,6.5532140370864935,24.03118851075013,3.789590355697283,10.040831076309312
sh600989,2019-06-20,12.14,12.3,12.1,12.24,0.004926,47183276.0,576715739.0,8976000000.0,89760000000.0,0.064341,12.240003093998496,2019-08-09,2019-06-30,21.285169135753193,6.585495879633718,24.14956874971934,3.8082582884839686,10.090292210191212
sh600989,2019-06-21,12.24,12.38,12.21,12.25,0.000817,49673217.0,609875065.0,8984000000.0,89834000000.0,0.067731,12.250003176526294,2019-08-09,2019-06-30,21.30271706930986,6.59092509860757,24.16947815354598,3.8113978953617305,10.098535978926938
sh600989,2019-06-24,12.27,12.3,12.11,12.13,-0.009796,33034974.0,402551430.0,8896000000.0,88954000000.0,0.045044,12.13000214540904,2019-08-09,2019-06-30,21.094038940527966,6.526361413513121,23.93271767560756,3.774062029788358,9.999610720477369
sh600989,2019-06-25,12.14,12.17,11.82,11.91,-0.018137,37598721.0,448389010.0,8734000000.0,87340000000.0,0.051271,11.910000296497758,2019-08-09,2019-06-30,20.711304281602985,6.407945745623985,23.49847743538867,3.705584658157195,9.818247780840071
sh600989,2019-06-26,11.81,11.98,11.81,11.91,0.0,20474734.0,243922958.0,8734000000.0,87340000000.0,0.02792,11.910000296497758,2019-08-09,2019-06-30,20.711304281602985,6.407945745623985,23.49847743538867,3.705584658157195,9.818247780840071
sh600989,2019-06-27,11.89,11.98,11.87,11.88,-0.002519,25354189.0,302163775.0,8712000000.0,87120000000.0,0.034574,11.879999005750879,2019-08-09,2019-06-30,20.659134749407514,6.391804824350373,23.439287315904064,3.6962506917638525,9.793515614680134
sh600989,2019-06-28,11.88,11.92,11.79,11.81,-0.005892,24219093.0,286646333.0,8661000000.0,86607000000.0,0.033025,11.810002051608993,2019-08-09,2019-06-30,20.53748488569716,6.354167130653268,23.30126671910587,3.674485579219375,9.735812220678438
sh600989,2019-07-01,11.96,12.35,11.92,12.24,0.03641,63173743.0,764757603.0,8976000000.0,89760000000.0,0.086146,12.240004226308077,2019-08-09,2019-06-30,21.285169135753193,6.585495879633718,24.14956874971934,3.8082582884839686,10.09029314363334
sh600989,2019-07-02,12.25,12.25,12.06,12.1,-0.011438,36500117.0,443014777.0,8874000000.0,88734000000.0,0.049769,12.100003057967566,2019-08-09,2019-06-30,21.04186940833249,6.510220492239509,23.873527556122948,3.764728063395015,9.974880370656463
sh600989,2019-07-03,12.1,12.1,11.91,11.94,-0.0132229999999999,28245847.0,338041227.0,8756000000.0,87560000000.0,0.038517,11.940004717532062,2019-08-09,2019-06-30,20.763473813798463,6.4240866668975976,23.55766755487328,3.7149186245505383,9.842982527515273
sh600989,2019-07-04,11.93,12.02,11.92,11.97,0.002513,21809827.0,260794182.0,8778000000.0,87780000000.0,0.029741,11.970009949387219,2019-08-09,2019-06-30,20.815643345993934,6.440227588171209,23.616857674357885,3.7242525909438813,9.86771794260692
sh600989,2019-07-05,11.97,12.18,11.93,12.14,0.014202,36550544.0,442078463.0,8903000000.0,89027000000.0,0.0498399999999999,12.140008030688415,2019-08-09,2019-06-30,21.11134973984737,6.531717264663001,23.95235803343654,3.777159209546149,10.007859272827822
sh600989,2019-07-08,12.13,12.13,11.81,11.83,-0.025535,33236864.0,395595519.0,8676000000.0,86754000000.0,0.04532,11.83001292562479,2019-08-09,2019-06-30,20.572343618573225,6.364952200777,23.340816480761493,3.6807223658549266,9.752308586296165
sh600989,2019-07-09,11.84,11.93,11.78,11.89,0.005072,21297021.0,252219098.0,8720000000.0,87194000000.0,0.029039,11.890014751183557,2019-08-09,2019-06-30,20.676682682964177,6.397234043324224,23.45919671973071,3.6993902986416134,9.801772295445858
sh600989,2019-07-10,11.88,11.9,11.7,11.71,-0.0151389999999999,21867913.0,257875877.0,8588000000.0,85874000000.0,0.029818,11.710011817865391,2019-08-09,2019-06-30,20.363665489791334,6.3003885156825525,23.10405600282307,3.643386500281555,9.653383264665104
sh600989,2019-07-11,11.78,11.82,11.5,11.54,-0.014518,29325627.0,341709060.0,8463000000.0,84627000000.0,0.039988,11.540005866293619,2019-08-09,2019-06-30,20.067959095937898,6.20889883919076,22.768555643744417,3.5904798816792876,9.513235446428695
sh600989,2019-07-12,11.49,11.85,11.46,11.67,0.011265,29014068.0,337793764.0,8558000000.0,85580000000.0,0.0395649999999999,11.670004032377417,2019-08-09,2019-06-30,20.293948024039196,6.278818375435089,23.02495647951182,3.6309129270104505,9.620402043732716
sh600989,2019-07-15,11.6,11.67,11.41,11.61,-0.005141,24409887.0,281850985.0,8514000000.0,85140000000.0,0.033286,11.610008541646966,2019-08-09,2019-06-30,20.189608959648254,6.246536532887864,22.906576240542613,3.6122449942237647,9.570943556825885
sh600989,2019-07-16,11.55,11.74,11.55,11.65,0.003445,17883379.0,208463662.0,8544000000.0,85434000000.0,0.024385,11.650005021072937,2019-08-09,2019-06-30,20.259326425400385,6.268106673135327,22.985675763853855,3.624718567494869,9.603915457379149
sh600989,2019-07-17,11.65,11.7,11.59,11.61,-0.003433,15221529.0,177096090.0,8514000000.0,85140000000.0,0.0207569999999999,11.610010553835593,2019-08-09,2019-06-30,20.189608959648254,6.246536532887864,22.906576240542613,3.6122449942237647,9.570945215613966
sh600989,2019-07-18,11.68,11.99,11.68,11.83,0.018949,55467603.0,657434661.0,8676000000.0,86754000000.0,0.075632,11.830008643820225,2019-08-09,2019-06-30,20.572343618573225,6.364952200777,23.340816480761493,3.6807223658549266,9.752305056504635
sh600989,2019-07-19,11.78,11.88,11.72,11.73,-0.008453,28775452.0,339453832.0,8602000000.0,86020000000.0,0.0392389999999999,11.730009580754013,2019-08-09,2019-06-30,20.398287088430145,6.311100217982313,23.143336718481034,3.649580859797137,9.669868821862002
sh600989,2019-07-22,11.73,11.75,11.16,11.21,-0.044331,37575790.0,424920609.0,8220999999.999998,82207000000.0,0.051238,11.210006526029606,2019-08-09,2019-06-30,19.49409424178769,6.031348705181027,22.117464329413746,3.487806251352514,9.241193867120037
sh600989,2019-07-23,11.26,11.3,11.19,11.27,0.005352,16770434.0,188426411.0,8265000000.000002,82647000000.0,0.022868,11.270002480956917,2019-08-09,2019-06-30,19.598433306178634,6.063630547728251,22.23584456838296,3.5064741841392,9.290652736696863
sh600989,2019-07-24,11.28,11.38,11.24,11.29,0.001775,22972702.0,259942251.0,8280000000.0,82794000000.0,0.031324,11.290006735360615,2019-08-09,2019-06-30,19.633292039054705,6.074415617851984,22.27539433003858,3.512710970774752,9.307143645304501
sh600989,2019-07-25,11.28,11.29,11.21,11.24,-0.004429,19943632.0,224126258.0,8243000000.000002,82427000000.0,0.027195,11.240003295529704,2019-08-09,2019-06-30,19.546263773983164,6.047489626454639,22.17665444889835,3.4971402177458573,9.265922306099448
sh600989,2019-07-26,11.24,11.3,11.2,11.25,0.00089,15390881.0,173172564.0,8250000000.0,82500000000.0,0.020988,11.250006898462726,2019-08-09,2019-06-30,19.563574573302567,6.052845477604519,22.196294806727334,3.5002373975036476,9.274168976951877
sh600989,2019-07-29,11.24,11.27,11.22,11.24,-0.000889,11828356.0,132968047.0,8243000000.000002,82427000000.0,0.0161289999999999,11.24000564232999,2019-08-09,2019-06-30,19.546263773983164,6.047489626454639,22.17665444889835,3.4971402177458573,9.265924240731366
sh600989,2019-07-30,11.23,11.33,11.23,11.25,0.00089,14611945.0,164628505.0,8250000000.0,82500000000.0,0.019925,11.250009247351667,2019-08-09,2019-06-30,19.563574573302567,6.052845477604519,22.196294806727334,3.5002373975036476,9.274170913305618
sh600989,2019-07-31,11.24,11.24,11.16,11.17,-0.007111,17406806.0,194692540.0,8192000000.0,81914000000.0,0.023735,11.170010431593749,2019-08-09,2019-06-30,19.424613910272807,6.009851932757535,22.038633852100155,3.4753751052013797,9.208222283941101
sh600989,2019-08-01,11.14,11.16,11.04,11.08,-0.008057,20348540.0,225920386.0,8126000000.000002,81254000000.0,0.0277459999999999,11.080013657546399,2019-08-09,2019-06-30,19.268105313686387,5.961429168936698,21.861063493646338,3.44737320602135,9.134031636999389
sh600989,2019-08-02,10.92,10.92,10.72,10.81,-0.024368,27231062.0,294568445.0,7928000000.0,79274000000.0,0.03713,10.810015884739308,2019-08-09,2019-06-30,18.798579523927124,5.81616087747419,21.32835241828488,3.363367508481263,8.911453554068988
sh600989,2019-08-05,10.74,10.78,10.58,10.59,-0.020352,22022312.0,235090682.0,7766000000.0,77660000000.0,0.03003,10.590010441453092,2019-08-09,2019-06-30,18.41584486500215,5.6977452095850545,20.894112178065996,3.2948901368501002,8.730087651336575
sh600989,2019-08-06,10.37,10.37,9.76,10.02,-0.053824,41276801.0,414586694.0,7348000000.0,73480000000.0,0.056287,10.020013719452322,2019-08-09,2019-06-30,17.424623753288156,5.391067705386425,19.76949990785848,3.1175447753765826,8.260199413591035
sh600989,2019-08-07,10.08,10.47,9.94,10.27,0.02495,32247773.0,329878221.0,7531999999.999998,75314000000.0,0.04397,10.270013061752659,2019-08-09,2019-06-30,17.859527944408605,5.525624294549173,20.262930267561966,3.195356113401088,8.466291388960132
sh600989,2019-08-08,10.24,10.33,10.19,10.19,-0.00779,16885400.0,172930000.0,7473000000.0,74727000000.0,0.023025,10.190009660001605,2019-08-09,2019-06-30,17.720330147141592,5.482557381878218,20.105000266937132,3.17045139397885,8.400338979040134
sh600989,2019-08-09,10.28,10.42,10.16,10.19,0.0,20763200.0,213700000.0,7473000000.0,74727000000.0,0.028312,10.190009660001605,2019-08-09,2019-06-30,17.720330147141592,5.482557381878218,20.105000266937132,3.17045139397885,8.400338979040134
sh600989,2019-08-12,10.26,10.31,10.18,10.28,0.008832,14230800.0,145630000.0,7539000000.0,75387000000.0,0.019405,10.280007825318739,2019-10-25,2019-09-30,18.20763470678915,5.580546490283582,22.07324607427222,3.357288756645237,8.474530772903016
sh600989,2019-08-13,10.19,10.19,10.07,10.09,-0.018482,15171300.0,153380000.0,7400000000.0,73994000000.0,0.020686,10.090012720691197,2019-10-25,2019-09-30,17.871194270817995,5.477429225225084,21.66537692201173,3.295252818910524,8.31790449515822
sh600989,2019-08-14,10.21,10.24,10.11,10.13,0.003964,13351400.0,135820000.0,7429000000.000002,74287000000.0,0.018206,10.130009531116018,2019-10-25,2019-09-30,17.941960277809777,5.499118642785844,21.751167059565446,3.3083012968403667,8.35087666857703
sh600989,2019-08-15,9.85,10.07,9.77,10.04,-0.0088849999999999,17344900.0,172200000.0,7363000000.0,73627000000.0,0.023651,10.040004396432053,2019-10-25,2019-09-30,17.78255562042215,5.450261934287202,21.55791965074138,3.278908820957444,8.276679129376722
sh600989,2019-08-16,10.09,10.2,10.05,10.12,0.007968,15204700.0,154280000.0,7422000000.0,74214000000.0,0.020732,10.120003151462823,2019-10-25,2019-09-30,17.924329156613872,5.493714794724632,21.72979272495309,3.3050503108714975,8.342627708679595
sh600989,2019-08-19,10.15,10.42,10.15,10.38,0.025692,25176800.0,259090000.0,7612000000.0,76120000000.0,0.034332,10.380006272430206,2019-10-25,2019-09-30,18.38467048537268,5.634807046843439,22.28786781770864,3.3899322184970275,8.556966499770992
sh600989,2019-08-20,10.42,10.42,10.28,10.31,-0.006744,19766300.0,204580000.0,7561000000.0,75607000000.0,0.0269529999999999,10.310003510128936,2019-10-25,2019-09-30,18.260769592585024,5.59683205978313,22.13766187721357,3.3670862486062108,8.499258317696537
sh600989,2019-08-21,10.31,10.37,10.25,10.26,-0.00485,16285200.0,167610000.0,7523999999.999998,75240000000.0,0.022207,10.259999993104811,2019-10-25,2019-09-30,18.172130942189177,5.569664768845248,22.03020460594322,3.350742250653131,8.458036914855708
sh600989,2019-08-22,10.3,10.32,10.2,10.26,0.0,13757100.0,140850000.0,7523999999.999998,75240000000.0,0.01876,10.259999993104811,2019-10-25,2019-09-30,18.172130942189177,5.569664768845248,22.03020460594322,3.350742250653131,8.458036914855708
sh600989,2019-08-23,10.23,10.26,10.16,10.18,-0.007797,13833000.0,141110000.0,7466000000.0,74654000000.0,0.018861,10.180002773158572,2019-10-25,2019-09-30,18.03059892820562,5.5262859337237265,21.858624330835795,3.324645294793446,8.392089601030579
sh600989,2019-08-26,9.98,10.09,9.91,10.05,-0.01277,13482800.0,135100000.0,7370000000.0,73700000000.0,0.018386,10.050004137745338,2019-10-25,2019-09-30,17.800186741618056,5.455665782348416,21.57929398535374,3.282159806926313,8.284922616825417
sh600989,2019-08-27,10.1,10.22,10.1,10.16,0.010945,16337400.0,166110000.0,7451000000.000002,74507000000.0,0.022277,10.16000143303296,2019-10-25,2019-09-30,17.99509516360565,5.515404212285392,21.8155828625068,3.3180987888013402,8.375601094866571
sh600989,2019-08-28,10.16,10.24,10.14,10.2,0.0039369999999999,13984400.0,142580000.0,7480000000.0,74800000000.0,0.01907,10.20000135867481,2019-10-25,2019-09-30,18.065861170597433,5.5370936298461535,21.901373000060513,3.331147266731183,8.40857583637706
sh600989,2019-08-29,10.24,10.84,10.24,10.62,0.041176,54655100.0,580350000.0,7788000000.0,77880000000.0,0.07453,10.619996614619604,2019-10-25,2019-09-30,18.80974957173968,5.765091602839818,22.803194241239474,3.46831215418482,8.754807355015723
sh600989,2019-08-30,10.67,10.74,10.34,10.39,-0.021657,29585900.0,310710000.0,7620000000.0,76194000000.0,0.040341,10.389999347936786,2019-10-25,2019-09-30,18.402543128776745,5.640284920220559,22.309534951425277,3.3932277385202645,8.565204492128148
sh600989,2019-09-02,10.35,10.56,10.35,10.53,0.013474,17437000.0,182980000.0,7722000000.0,77220000000.0,0.023778,10.529994199150888,2019-10-25,2019-09-30,18.650344914352054,5.716234894341176,22.60994683241541,3.438919678301898,8.68061205745508
sh600989,2019-09-03,10.56,10.63,10.51,10.6,0.006648,16118700.0,170330000.0,7773999999.999998,77734000000.0,0.021978,10.599997600586843,2019-10-25,2019-09-30,18.774487329347867,5.754283906717391,22.760445572014756,3.4618101822470826,8.738320766413043
sh600989,2019-09-04,10.58,10.59,10.51,10.57,-0.00283,16219600.0,171050000.0,7752000000.0,77514000000.0,0.022116,10.569999607377182,2019-10-25,2019-09-30,18.721352443551993,5.737998337217843,22.696029769073405,3.4520126902861086,8.713591318644093
sh600989,2019-09-05,10.66,10.76,10.61,10.64,0.006623,29586200.0,315800000.0,7803000000.0,78027000000.0,0.040343,10.640004714776842,2019-10-25,2019-09-30,18.84525333633965,5.7759733242781515,22.84623570956847,3.474858660176926,8.771301433947475
sh600989,2019-09-06,10.66,10.7,10.5,10.59,-0.004699,19989400.0,211780000.0,7766000000.0,77660000000.0,0.0272579999999999,10.590007332622104,2019-10-25,2019-09-30,18.756614685943802,5.74880603334027,22.73877843829812,3.4585146622238456,8.730085088509355
sh600989,2019-09-09,10.67,10.71,10.6,10.69,0.009443,19896300.0,211950000.0,7840000000.000002,78394000000.0,0.027129,10.690008771864056,2019-10-25,2019-09-30,18.933891986735492,5.803140615216034,22.95369298083882,3.491202658130005,8.81252328200015
sh600989,2019-09-10,10.69,10.69,10.62,10.66,-0.002806,15626800.0,166390000.0,7818000000.000002,78174000000.0,0.021307,10.660012607250206,2019-10-25,2019-09-30,18.88075710093962,5.786855045716486,22.889277177897466,3.481405166169031,8.787795341670858
sh600989,2019-09-11,10.68,10.97,10.65,10.81,0.014071,34643600.0,376330000.0,7928000000.0,79274000000.0,0.047237,10.810009644646824,2019-10-25,2019-09-30,19.146431529918992,5.868282893214223,23.21135619260424,3.530392625973901,8.911448409923507
sh600989,2019-09-12,10.83,10.87,10.72,10.77,-0.0037,16429700.0,176900000.0,7898000000.0,78980000000.0,0.022404,10.770012608961629,2019-10-25,2019-09-30,19.075424000719053,5.846519450337556,23.125273255946247,3.5172996139896906,8.87847605080679
sh600989,2019-09-16,10.9,10.97,10.8,10.84,0.0065,16873200.0,183540000.0,7950000000.0,79494000000.0,0.023007,10.840017690919879,2019-10-25,2019-09-30,19.19956641571487,5.884568462713771,23.275771995545593,3.540190117934875,8.936186145137034
sh600989,2019-09-17,10.87,10.89,10.55,10.57,-0.024908,20556000.0,219400000.0,7752000000.0,77514000000.0,0.0280279999999999,10.570014530274447,2019-10-25,2019-09-30,18.721352443551993,5.737998337217843,22.696029769073405,3.4520126902861086,8.71360362063396
sh600989,2019-09-18,10.57,10.68,10.56,10.57,0.0,11201500.0,118730000.0,7752000000.0,77514000000.0,0.0152729999999999,10.570014530274447,2019-10-25,2019-09-30,18.721352443551993,5.737998337217843,22.696029769073405,3.4520126902861086,8.71360362063396
sh600989,2019-09-19,10.59,10.63,10.51,10.6,0.002838,9896300.0,104480000.0,7773999999.999998,77734000000.0,0.0134939999999999,10.600012231511364,2019-10-25,2019-09-30,18.774487329347867,5.754283906717391,22.760445572014756,3.4618101822470826,8.738332827709318
sh600989,2019-09-20,10.61,10.65,10.56,10.59,-0.0009429999999999,9672400.0,102480000.0,7766000000.0,77660000000.0,0.01319,10.59001641997705,2019-10-25,2019-09-30,18.756614685943802,5.74880603334027,22.73877843829812,3.4585146622238456,8.730092579852789
sh600989,2019-09-23,10.65,10.69,10.55,10.69,0.009443,14280600.0,151420000.0,7840000000.000002,78394000000.0,0.019472,10.690017945030894,2019-10-25,2019-09-30,18.933891986735492,5.803140615216034,22.95369298083882,3.491202658130005,8.812530844084339
sh600989,2019-09-24,10.71,10.83,10.71,10.81,0.011225,17975300.0,193950000.0,7928000000.0,79274000000.0,0.02451,10.810013396463866,2019-10-25,2019-09-30,19.146431529918992,5.868282893214223,23.21135619260424,3.530392625973901,8.911451502809186
sh600989,2019-09-25,10.8,10.8,10.67,10.69,-0.011101,13394200.0,143590000.0,7840000000.000002,78394000000.0,0.0182629999999999,10.690011437749721,2019-10-25,2019-09-30,18.933891986735492,5.803140615216034,22.95369298083882,3.491202658130005,8.812525479676502
sh600989,2019-09-26,10.69,10.75,10.43,10.44,-0.023386,16508600.0,173980000.0,7656000000.0,76560000000.0,0.022512,10.440014830266506,2019-10-25,2019-09-30,18.490940256964432,5.667378185842534,22.41669942359135,3.4095272024189756,8.606435758808788
sh600989,2019-09-27,10.2,10.2,9.99,10.01,-0.014764,12717800.0,127930000.0,7341000000.0,73407000000.0,0.017342,10.28587845131245,2019-10-25,2019-09-30,17.729420734626277,5.433976364787654,21.493503847800028,3.2691113289964697,8.479370341265733
sh600989,2019-09-30,10.01,10.04,9.89,9.89,-0.011988,10422700.0,103650000.0,7253000000.0,72527000000.0,0.014212,10.162571340438117,2019-10-25,2019-09-30,17.516881191442778,5.368834086789465,21.23584063603461,3.2299213611525737,8.37771964961464
sh600989,2019-10-08,9.81,9.92,9.81,9.81,-0.008089,8323700.0,82060000.0,7194000000.0,71940000000.0,0.011351,10.080366300865313,2019-10-25,2019-09-30,17.375107655251057,5.325381226352036,21.063967561822903,3.20377987123852,8.309952275368907
sh600989,2019-10-09,9.9,10.19,9.9,10.08,0.027523,14766600.0,148730000.0,7392000000.0,73920000000.0,0.020136,10.357808222564028,2019-10-25,2019-09-30,17.85332162741393,5.471951351847963,21.643709788295094,3.2919572988872865,8.538667091843886
sh600989,2019-10-10,10.08,10.12,10.01,10.05,-0.002976,8750800.0,87900000.0,7370000000.0,73700000000.0,0.011933,10.326983385293678,2019-10-25,2019-09-30,17.800186741618056,5.455665782348416,21.57929398535374,3.282159806926313,8.513256018578558
sh600989,2019-10-11,10.06,10.1,9.99,10.05,0.0,8830100.0,88660000.0,7370000000.0,73700000000.0,0.012041,10.326983385293678,2019-10-25,2019-09-30,17.800186741618056,5.455665782348416,21.57929398535374,3.282159806926313,8.513256018578558
sh600989,2019-10-14,10.15,10.18,10.09,10.1,0.004975,12221700.0,123770000.0,7406999999.999998,74067000000.0,0.016665,10.378360127635514,2019-10-25,2019-09-30,17.8888253920139,5.482833073286296,21.68675125662409,3.298503804879392,8.555609467270985
sh600989,2019-10-15,10.1,10.13,9.98,10.0,-0.009901,9714200.0,97380000.0,7334000000.0,73334000000.0,0.0132449999999999,10.275603984011793,2019-10-25,2019-09-30,17.711789613430373,5.428572516726441,21.472129513187667,3.2658603430276014,8.470900377935536
sh600989,2019-10-16,10.01,10.05,9.97,9.98,-0.002,7965800.0,79730000.0,7319000000.0,73187000000.0,0.010862,10.25505277604377,2019-10-25,2019-09-30,17.676285848830403,5.417690795288107,21.429088044858673,3.259313837035496,8.453958577179664
sh600989,2019-10-17,9.96,10.0,9.91,9.92,-0.006012,6915100.0,68790000.0,7275000000.0,72747000000.0,0.009429,10.193399398754195,2019-10-25,2019-09-30,17.570016077238655,5.385119656289012,21.300256438975968,3.239718853113548,8.40313337821366
sh600989,2019-10-18,9.91,9.97,9.84,9.85,-0.007056,7964400.0,78760000.0,7223999999.999998,72234000000.0,0.01086,10.121474772596587,2019-10-25,2019-09-30,17.446115184451,5.347144669228704,21.150050498480898,3.216872883222731,8.343840869096985
sh600989,2019-10-21,9.85,9.87,9.76,9.81,-0.004061,6936400.0,67900000.0,7194000000.0,71940000000.0,0.009459,10.080371463545072,2019-10-25,2019-09-30,17.375107655251057,5.325381226352036,21.063967561822903,3.20377987123852,8.309956531327582
sh600989,2019-10-22,9.85,9.87,9.81,9.85,0.004077,5748700.0,56540000.0,7223999999.999998,72234000000.0,0.007838,10.121469138001947,2019-10-25,2019-09-30,17.446115184451,5.347144669228704,21.150050498480898,3.216872883222731,8.343836224105807
sh600989,2019-10-23,9.89,9.89,9.83,9.84,-0.001015,5697000.0,56150000.0,7216000000.0,72160000000.0,0.007769,10.111195846826874,2019-10-25,2019-09-30,17.42824254104693,5.341666795851583,21.128383364764257,3.213577363199494,8.335367230338338
sh600989,2019-10-24,9.85,9.93,9.81,9.92,0.00813,6481200.0,63860000.0,7275000000.0,72747000000.0,0.008838,10.193399869061576,2019-10-25,2019-09-30,17.570016077238655,5.385119656289012,21.300256438975968,3.239718853113548,8.40313376592099
sh600989,2019-10-25,9.84,9.97,9.83,9.94,0.002016,8964700.0,88910000.0,7290000000.000002,72894000000.0,0.012223,10.213949763197604,2019-10-25,2019-09-30,17.60551984183862,5.3960013777273454,21.343297907304958,3.246265359105653,8.420074483593085
sh600989,2019-10-28,9.95,9.98,9.88,9.95,0.001006,10150200.0,100810000.0,7297000000.0,72967000000.0,0.013841,10.224224996659382,2020-03-16,2019-12-31,19.192380748333616,5.377795472417614,20.424140762605106,3.124631101560656,8.42854507852358
sh600989,2019-10-29,9.96,9.96,9.8,9.8,-0.015075,10886900.0,107520000.0,7187000000.0,71867000000.0,0.0148449999999999,10.070094804834742,2020-03-16,2019-12-31,18.90304969699305,5.296723549224125,20.116240549647664,3.077526325268404,8.301484761464838
sh600989,2019-10-30,9.81,9.83,9.61,9.61,-0.019388,13461000.0,130270000.0,7048000000.0,70474000000.0,0.018354,9.874855806758607,2020-03-16,2019-12-31,18.536651374704498,5.194057013761824,19.72632691632974,3.017874549472853,8.14053557490956
sh600989,2019-10-31,9.63,9.64,9.41,9.42,-0.019771,14456700.0,137220000.0,6908000000.0,69080000000.0,0.019714,9.679620032603184,2020-03-16,2019-12-31,18.169990024187452,5.091316776551164,19.336133373727307,2.9581799511533995,7.979589046058023
sh600989,2019-11-01,9.4,9.49,9.38,9.47,0.005308,6743700.0,63710000.0,6945000000.0,69447000000.0,0.009196,9.730999455736242,2020-03-16,2019-12-31,18.26652138404381,5.118365318198447,19.438860081141293,2.973895817425451,8.0219447047145
sh600989,2019-11-04,9.47,9.49,9.42,9.44,-0.003168,7733900.0,73150000.0,6923000000.0,69227000000.0,0.010546,9.700171649460469,2020-03-16,2019-12-31,18.208655173775693,5.102150933559749,19.377280038549802,2.964474862167,7.996531183889964
sh600989,2019-11-05,9.47,9.47,9.38,9.44,0.0,7743600.0,73050000.0,6923000000.0,69227000000.0,0.010559,9.700171649460469,2020-03-16,2019-12-31,18.208655173775693,5.102150933559749,19.377280038549802,2.964474862167,7.996531183889964
sh600989,2019-11-06,9.46,9.47,9.35,9.36,-0.008475,7530600.0,70770000.0,6864000000.0,68640000000.0,0.010269,9.617962694731292,2020-03-16,2019-12-31,18.05425760365123,5.058888007273769,19.212973288544333,2.939338040636499,7.928760582106496
sh600989,2019-11-07,9.37,9.38,9.31,9.33,-0.0032049999999999,7087300.0,66160000.0,6842000000.0,68420000000.000015,0.009664,9.58713712429468,2020-03-16,2019-12-31,17.99639139338312,5.042673622635071,19.15139324595285,2.929917085378049,7.903348904440845
sh600989,2019-11-08,9.37,9.4,9.33,9.34,0.001072,6455800.0,60460000.0,6850000000.0,68494000000.000015,0.008803,9.597414535291922,2020-03-16,2019-12-31,18.015855482291485,5.0481275520135425,19.17210653300635,2.9330859521468007,7.911821294466406
sh600989,2019-11-11,9.32,9.32,9.02,9.02,-0.034261,14985400.0,136730000.0,6615000000.000001,66147000000.0,0.020434,9.268597515898286,2020-03-16,2019-12-31,17.398528230022116,4.875149548617978,18.51515944226897,2.832581488548696,7.640754385096692
sh600989,2019-11-12,9.02,9.05,8.85,8.92,-0.011086,12986800.0,115820000.0,6542000000.0,65414000000.0,0.017707,9.165845843837037,2020-03-16,2019-12-31,17.2057285385379,4.82112616707177,18.30998593672551,2.8011925785284957,7.55604898198351
sh600989,2019-11-13,8.9,8.9,8.78,8.8,-0.013453,9557700.0,84220000.0,6454000000.000001,64534000000.0,0.013032,9.042537719699897,2020-03-16,2019-12-31,16.97426369746545,4.7562686285169775,18.063665766359556,2.763508757494694,7.454397455028886
sh600989,2019-11-14,8.83,8.97,8.77,8.89,0.010227,9717900.0,86360000.0,6520000000.0,65194000000.000015,0.01325,9.135015752959267,2020-03-16,2019-12-31,17.14786232826979,4.804911782433073,18.248405894134024,2.7917716232700456,7.530633577801466
sh600989,2019-11-15,8.86,8.86,8.74,8.74,-0.016873,8497200.0,74700000.0,6409999999.999999,64094000000.000015,0.0115859999999999,8.980880632159586,2020-03-16,2019-12-31,16.858531276929227,4.7238398592395825,17.940505681176585,2.744666846977794,7.403569197443222
sh600989,2019-11-18,9.25,9.49,9.15,9.19,0.051487,32638100.0,303440000.0,6740000000.000001,67394000000.000015,0.044502,9.443279233267587,2020-03-16,2019-12-31,17.726524430950917,4.967055628820053,18.864206320048908,2.885981175854549,7.7847567647119815
sh600989,2019-11-19,9.15,9.64,9.15,9.51,0.03482,32028600.0,302460000.0,6973999999.999999,69740000000.0,0.043675,9.772094216169966,2020-03-16,2019-12-31,18.343588654991795,5.139959930467258,19.520873501501775,2.9864428169287507,8.055821995259254
sh600989,2019-11-20,9.53,9.67,9.41,9.43,-0.008412,21134800.0,201450000.0,6916000000.0,69154000000.0,0.028817,9.689891359623545,2020-03-16,2019-12-31,18.18945411309582,5.096770705929636,19.35684666078081,2.961348817922151,7.988056420635133
sh600989,2019-11-21,9.44,9.44,9.27,9.32,-0.011665,11011400.0,102750000.0,6834999999.999999,68347000000.0,0.015015,9.576858776913536,2020-03-16,2019-12-31,17.977190332703245,5.037293395004957,19.13095986818385,2.9267910411331988,7.894875742488425
sh600989,2019-11-22,9.33,9.53,9.3,9.39,0.007511,13006100.0,122190000.0,6886000000.0,68860000000.0,0.017736,9.648790563186935,2020-03-16,2019-12-31,18.11212381391934,5.075102391912466,19.27455333113582,2.9487589958949494,7.954174154190256
sh600989,2019-11-25,9.42,9.55,9.42,9.47,0.00852,14255600.0,135300000.0,6945000000.0,69447000000.0,0.0194389999999999,9.730998258785288,2020-03-16,2019-12-31,18.26652138404381,5.118365318198447,19.438860081141293,2.973895817425451,8.021943717983957
sh600989,2019-11-26,9.48,9.48,9.33,9.36,-0.011616,9627500.0,90260000.0,6864000000.0,68640000000.0,0.013128,9.617962983011239,2020-03-16,2019-12-31,18.05425760365123,5.058888007273769,19.212973288544333,2.939338040636499,7.928760819755856
sh600989,2019-11-27,9.33,9.58,9.25,9.58,0.023504,16520900.0,155010000.0,7026000000.000001,70254000000.0,0.0225259999999999,9.844023584963935,2020-03-16,2019-12-31,18.478785164436385,5.177842629123125,19.664746873738252,3.008453594214403,8.115118414063398
sh600989,2019-11-28,9.5,9.54,9.4,9.4,-0.018789,9787800.0,92580000.0,6894000000.0,68934000000.0,0.013346,9.659064225826047,2020-03-16,2019-12-31,18.131587902827707,5.0805563212909375,19.295266618189324,2.951927862663701,7.962643454181561
sh600989,2019-11-29,9.42,9.48,9.31,9.42,0.002128,8510300.0,79910000.0,6908000000.0,69080000000.0,0.0116049999999999,9.679618714498604,2020-03-16,2019-12-31,18.169990024187452,5.091316776551164,19.336133373727307,2.9581799511533995,7.979587959452059
sh600989,2019-12-02,9.39,9.42,9.29,9.34,-0.008493,7618500.0,71110000.0,6850000000.0,68494000000.000015,0.010388,9.597409712756368,2020-03-16,2019-12-31,18.015855482291485,5.0481275520135425,19.17210653300635,2.9330859521468007,7.911817318912433
sh600989,2019-12-03,9.33,9.36,9.31,9.35,0.001071,4952200.0,46240000.0,6856999999.999999,68566999999.99999,0.006753,9.607688538558731,2020-03-16,2019-12-31,18.035056542971354,5.053507779643654,19.192539910775338,2.9362119963916493,7.920290875260988
sh600989,2019-12-04,9.34,9.34,9.29,9.31,-0.004278,5260000.0,49010000.0,6828000000.0,68274000000.0,0.0071719999999999,9.566586846990777,2020-03-16,2019-12-31,17.957989272023365,5.031913167374843,19.11052649041486,2.9236649968883497,7.886407870896622
sh600989,2019-12-05,9.33,9.38,9.32,9.34,0.003222,7454400.0,69710000.0,6850000000.0,68494000000.000015,0.010164,9.597410389811781,2020-03-16,2019-12-31,18.015855482291485,5.0481275520135425,19.17210653300635,2.9330859521468007,7.9118178770566505
sh600989,2019-12-06,9.38,9.46,9.36,9.44,0.010707,10189900.0,96100000.0,6923000000.0,69227000000.0,0.013895,9.700169862855496,2020-03-16,2019-12-31,18.208655173775693,5.102150933559749,19.377280038549802,2.964474862167,7.996529711066296
sh600989,2019-12-09,9.48,9.52,9.42,9.46,0.002119,8568600.0,81110000.0,6938000000.0,69374000000.0,0.011683,9.720724522794887,2020-03-16,2019-12-31,18.247320323363933,5.112985090568333,19.418426703372297,2.9707697731806015,8.013474357524046
sh600989,2019-12-10,9.42,9.48,9.39,9.43,-0.003171,7256300.0,68380000.0,6916000000.0,69154000000.0,0.009894,9.689900105333104,2020-03-16,2019-12-31,18.18945411309582,5.096770705929636,19.35684666078081,2.961348817922151,7.988063630336336
sh600989,2019-12-11,9.44,9.45,9.37,9.4,-0.003181,7809700.0,73380000.0,6894000000.0,68934000000.0,0.0106489999999999,9.65907653309804,2020-03-16,2019-12-31,18.131587902827707,5.0805563212909375,19.295266618189324,2.951927862663701,7.962653599928237
sh600989,2019-12-12,9.4,9.45,9.35,9.41,0.001064,7765100.0,73010000.0,6901000000.000001,69007000000.0,0.010588,9.669353790529255,2020-03-16,2019-12-31,18.150788963507583,5.085936548921051,19.31569999595832,2.95505390690855,7.97112586335856
sh600989,2019-12-13,9.43,9.47,9.41,9.47,0.006376,18006500.0,170050000.0,6945000000.0,69447000000.0,0.024553,9.731005590297668,2020-03-16,2019-12-31,18.26652138404381,5.118365318198447,19.438860081141293,2.973895817425451,8.021949761863334
sh600989,2019-12-16,9.47,9.53,9.42,9.52,0.00528,12981700.0,122980000.0,6981999999.999999,69814000000.0,0.0177009999999999,9.78238529981444,2020-03-16,2019-12-31,18.36305274390016,5.145413859845729,19.541586788555275,2.9896116836975017,8.064305656605972
sh600989,2019-12-17,9.56,9.82,9.56,9.78,0.027311,28982000.0,282690000.0,7172000000.0,71720000000.0,0.039521,10.049552024737674,2020-03-16,2019-12-31,18.86438454740481,5.28588939221554,20.07509388482517,3.0712314142548034,8.284549908393538
sh600989,2019-12-18,9.81,9.83,9.71,9.72,-0.006135,15634300.0,152500000.0,7128000000.0,71280000000.0,0.02132,9.987898023065908,2020-03-16,2019-12-31,18.74865212686858,5.253460622938144,19.95193379964219,3.0523895037379027,8.233724194705545
sh600989,2019-12-19,9.7,9.78,9.69,9.74,0.002058,9649100.0,93800000.0,7143000000.000002,71427000000.0,0.0131569999999999,10.008453117197377,2020-03-16,2019-12-31,18.787317276456825,5.264294779946728,19.993080464464686,3.0586844147515033,8.250669199098247
sh600989,2019-12-20,9.72,9.77,9.56,9.56,-0.01848,11272800.0,109150000.0,7011000000.0,70107000000.0,0.015371,9.823496903591568,2020-03-16,2019-12-31,18.440120014848148,5.16700847211454,19.623600208915757,3.0021586832008014,8.09819683229891
sh600989,2019-12-23,9.61,9.62,9.35,9.36,-0.020921,12629200.0,119600000.0,6864000000.0,68640000000.0,0.017222,9.61797952487153,2020-03-16,2019-12-31,18.05425760365123,5.058888007273769,19.212973288544333,2.939338040636499,7.928774456370386
sh600989,2019-12-24,9.36,9.44,9.35,9.43,0.007479,6899100.0,64870000.0,6916000000.0,69154000000.0,0.0094069999999999,9.689912393738043,2020-03-16,2019-12-31,18.18945411309582,5.096770705929636,19.35684666078081,2.961348817922151,7.98807376052958
sh600989,2019-12-25,9.42,9.42,9.34,9.35,-0.008484,8218200.0,77070000.0,6856999999.999999,68566999999.99999,0.011206,9.607703176989569,2020-03-16,2019-12-31,18.035056542971354,5.053507779643654,19.192539910775338,2.9362119963916493,7.920302942745246
sh600989,2019-12-26,9.35,9.39,9.34,9.38,0.003209,6693200.0,62680000.0,6879000000.000001,68787000000.0,0.009127,9.638534296484528,2020-03-16,2019-12-31,18.092922753239467,5.069722164282353,19.25411995336683,2.9456329516500994,7.9457191948885155
sh600989,2019-12-27,9.38,9.55,9.37,9.42,0.004264,12187800.0,115160000.0,6908000000.0,69080000000.0,0.01662,9.679633006724739,2020-03-16,2019-12-31,18.169990024187452,5.091316776551164,19.336133373727307,2.9581799511533995,7.97959974153552
sh600989,2019-12-30,9.43,9.44,9.32,9.41,-0.001062,9050200.0,84940000.0,6901000000.000001,69007000000.0,0.012341,9.669353236471597,2020-03-16,2019-12-31,18.150788963507583,5.085936548921051,19.31569999595832,2.95505390690855,7.9711254066100095
sh600989,2019-12-31,9.4,9.56,9.38,9.51,0.010627,9927000.0,94210000.0,6973999999.999999,69740000000.0,0.013537,9.77210945331558,2020-03-16,2019-12-31,18.343588654991795,5.139959930467258,19.520873501501775,2.9864428169287507,8.055834556306053
sh600989,2020-01-02,9.56,9.65,9.56,9.58,0.007361,13778000.0,132060000.0,7026000000.000001,70254000000.0,0.018786,9.844041951001435,2020-03-16,2019-12-31,18.478785164436385,5.177842629123125,19.664746873738252,3.008453594214403,8.11513355447502
sh600989,2020-01-03,9.6,9.69,9.57,9.69,0.011482,15192600.0,146540000.0,7106000000.0,71060000000.0,0.020717,9.957071240682833,2020-03-16,2019-12-31,18.690785916600472,5.237246238299446,19.890353757050704,3.0429685484794526,8.208311517947504
sh600989,2020-01-06,9.69,9.84,9.68,9.74,0.00516,19341100.0,188890000.0,7143000000.000002,71427000000.0,0.026373,10.008449728284758,2020-03-16,2019-12-31,18.787317276456825,5.264294779946728,19.993080464464686,3.0586844147515033,8.250666405380114
sh600989,2020-01-07,9.77,9.82,9.69,9.75,0.001027,14529200.0,141640000.0,7150000000.0,71500000000.0,0.019813,10.018728406155706,2020-03-16,2019-12-31,18.806518337136694,5.269675007576842,20.013513842233678,3.061810458996353,8.259139839778438
sh600989,2020-01-08,9.8,9.82,9.58,9.58,-0.017436,17123900.0,165650000.0,7026000000.000001,70254000000.0,0.023349,9.844041857665975,2020-03-16,2019-12-31,18.478785164436385,5.177842629123125,19.664746873738252,3.008453594214403,8.115133477532062
sh600989,2020-01-09,9.61,9.69,9.61,9.65,0.0073069999999999,9472000.0,91410000.0,7077000000.0,70767000000.0,0.012916,9.915972271519939,2020-03-16,2019-12-31,18.613718645652483,5.215651626030634,19.80834033669022,3.0304215489761526,8.174430757852388
sh600989,2020-01-10,9.7,9.72,9.59,9.62,-0.003109,7822500.0,75360000.0,7055000000.0,70547000000.0,0.010667,9.885143513727783,2020-03-16,2019-12-31,18.55585243538437,5.199437241391936,19.74676029409873,3.021000593717702,8.149016452626226
sh600989,2020-01-13,9.62,9.67,9.52,9.66,0.004158,8273300.0,79370000.0,7084000000.0,70840000000.0,0.0112819999999999,9.926245940457864,2020-03-16,2019-12-31,18.632919706332356,5.221031853660748,19.828773714459214,3.033547593221002,8.182900063036245
sh600989,2020-01-14,9.66,9.71,9.64,9.67,0.001035,8910900.0,86240000.0,7092000000.0,70914000000.0,0.01215,9.936519605006238,2020-03-16,2019-12-31,18.652383795240723,5.2264857830392195,19.849487001512717,3.036716459989753,8.191369364601487
sh600989,2020-01-15,9.73,9.74,9.6,9.62,-0.005171,8512100.0,82090000.0,7055000000.0,70547000000.0,0.011607,9.885137862128751,2020-03-16,2019-12-31,18.55585243538437,5.199437241391936,19.74676029409873,3.021000593717702,8.149011793617133
sh600989,2020-01-16,9.59,9.64,9.52,9.53,-0.009356,8665700.0,82870000.0,6989000000.0,69887000000.0,0.011816,9.792652512290674,2020-03-16,2019-12-31,18.38225380458003,5.150794087475843,19.56202016632427,2.9927377279423513,8.072769639276052
sh600989,2020-01-17,9.54,9.58,9.47,9.48,-0.005247,7966300.0,75760000.0,6952000000.0,69520000000.0,0.010863,9.741270464558685,2020-03-16,2019-12-31,18.285722444723678,5.123745545828561,19.459293458910285,2.9770218616703,8.03041181697877
sh600989,2020-01-20,9.54,9.57,9.45,9.5,0.00211,7614900.0,72290000.0,6967000000.0,69667000000.0,0.010383,9.761824545238904,2020-03-16,2019-12-31,18.324387594311922,5.1345797028371445,19.50044012373278,2.9833167726839007,8.047355985912596
sh600989,2020-01-21,9.52,9.52,9.37,9.38,-0.0126319999999999,9432500.0,88830000.0,6879000000.000001,68787000000.0,0.012862,9.638513177583448,2020-03-16,2019-12-31,18.092922753239467,5.069722164282353,19.25411995336683,2.9456329516500994,7.9457017850985485
sh600989,2020-01-22,9.38,9.4,9.27,9.36,-0.002132,9562400.0,89170000.0,6864000000.0,68640000000.0,0.01304,9.61796386748884,2020-03-16,2019-12-31,18.05425760365123,5.058888007273769,19.212973288544333,2.939338040636499,7.928761548892718
sh600989,2020-01-23,9.34,9.34,9.02,9.08,-0.0299149999999999,12715400.0,116690000.0,6659000000.0,66587000000.0,0.017338,9.330242478392911,2020-03-16,2019-12-31,17.514260650558338,4.907578317895373,18.638319527451944,2.8514233990655966,7.691572647157593
sh600989,2020-02-03,8.17,8.17,8.17,8.17,-0.10022,6290000.0,51390000.0,5992000000.0,59914000000.0,0.008576,8.395165577208374,2020-03-16,2019-12-31,15.759073281835077,4.41576655110432,16.770484871938304,2.5656686970672373,6.920723236459459
sh600989,2020-02-04,7.36,7.98,7.36,7.88,-0.035496,24235700.0,189460000.0,5779000000.0,57787000000.0,0.033047,8.097170779879786,2020-03-16,2019-12-31,15.199612239833824,4.259002932347455,16.175117823792416,2.474585188727584,6.675065244458095
sh600989,2020-02-05,7.89,8.19,7.85,8.01,0.016497,18287400.0,146720000.0,5874000000.0,58740000000.0,0.024937,8.230749806235464,2020-03-16,2019-12-31,15.450278141586148,4.3292406985323595,16.441871371927363,2.515395054006235,6.78518379579592
sh600989,2020-02-06,8.09,8.14,7.97,8.11,0.012484,15509400.0,125290000.0,5948000000.0,59474000000.0,0.021147,8.333502486816506,2020-03-16,2019-12-31,15.643340861298851,4.383337781826924,16.647324786755327,2.5468267865503367,6.869890030302636
sh600989,2020-02-07,8.12,8.19,8.06,8.14,0.003699,13987000.0,113470000.0,5970000000.0,59694000000.000015,0.019071,8.36432811251524,2020-03-16,2019-12-31,15.70120707156697,4.399552166465623,16.70890482934682,2.5562477418087877,6.895301753524725
sh600989,2020-02-10,8.11,8.53,8.06,8.48,0.041769,22487900.0,186970000.0,6219000000.0,62187000000.0,0.030664,8.713697733446889,2020-03-16,2019-12-31,16.35693644519608,4.583290625121414,17.40671867562218,2.6630042938965905,7.183311612467699
sh600989,2020-02-11,8.84,9.27,8.81,8.82,0.040094,41133100.0,369410000.0,6468000000.000001,64679999999.99999,0.0560909999999999,9.063064730371709,2020-03-16,2019-12-31,17.012665818825194,4.767029083777204,18.104532521897543,2.7697608459843925,7.4713193082579785
sh600989,2020-02-12,8.8,8.94,8.68,8.82,0.0,15254300.0,134450000.0,6468000000.000001,64679999999.99999,0.020801,9.063064730371709,2020-03-16,2019-12-31,17.012665818825194,4.767029083777204,18.104532521897543,2.7697608459843925,7.4713193082579785
sh600989,2020-02-13,8.82,8.93,8.71,8.72,-0.0113379999999999,13491700.0,118490000.0,6395000000.0,63947000000.0,0.018397,8.960307702458755,2020-03-16,2019-12-31,16.819866127340983,4.713005702230998,17.899359016354087,2.7383719359641927,7.386609489940951
sh600989,2020-02-14,8.7,8.78,8.68,8.71,-0.001147,8846000.0,77070000.0,6388000000.0,63874000000.0,0.012061,8.950030229524033,2020-03-16,2019-12-31,16.80066506666111,4.707625474600884,17.878925638585095,2.735245891719343,7.378137048855988
sh600989,2020-02-17,8.86,9.04,8.86,8.96,0.0287029999999999,15470600.0,138550000.0,6570999999.999999,65707000000.000015,0.021095,9.206922947202061,2020-03-16,2019-12-31,17.28279580948589,4.842720779340582,18.391999357085997,2.8137395780317958,7.589911716569301
sh600989,2020-02-18,9.0,9.17,8.97,9.04,0.008929,18304700.0,165740000.0,6630000000.0,66294000000.000015,0.024958,9.28913156219763,2020-03-16,2019-12-31,17.437193379610353,4.885983705626563,18.556306107091466,2.8388763995622974,7.6576820382865485
sh600989,2020-02-19,9.07,9.09,8.9,8.9,-0.015487,14566500.0,130770000.0,6527000000.0,65266999999.99999,0.019862,9.145270781693876,2020-03-16,2019-12-31,17.167063388949657,4.8102920100631845,18.268839271903012,2.794897667514894,7.539087516559605
sh600989,2020-02-20,8.95,9.07,8.9,9.02,0.013483,14312300.0,128530000.0,6615000000.000001,66147000000.0,0.019516,9.268576467643454,2020-03-16,2019-12-31,17.398528230022116,4.875149548617978,18.51515944226897,2.832581488548696,7.640737033545378
sh600989,2020-02-21,9.02,9.05,8.95,8.97,-0.005543,14980600.0,134730000.0,6578000000.0,65779999999.99999,0.020428,9.217200748283306,2020-03-16,2019-12-31,17.30199687016576,4.848101006970694,18.412432734854985,2.8168656222766444,7.598384428168436
sh600989,2020-02-24,9.08,9.25,9.08,9.21,0.026756,26633600.0,244570000.0,6754000000.000001,67540000000.0,0.036319,9.463816171504375,2020-03-16,2019-12-31,17.764926552310666,4.9778160840802785,18.90507307558689,2.8922332643442474,7.801686801928511
sh600989,2020-02-25,9.08,9.67,9.03,9.55,0.036916,55127900.0,518880000.0,7004000000.000001,70034000000.0,0.075167,9.81318240929163,2020-03-16,2019-12-31,18.42091895416827,5.161628244484427,19.603166831146762,2.999032638955952,8.089693871908503
sh600989,2020-02-26,9.45,9.76,9.35,9.37,-0.018848,36732700.0,349050000.0,6872000000.0,68714000000.0,0.050085,9.628223547241301,2020-03-16,2019-12-31,18.073721692559594,5.064341936652239,19.233686575597833,2.9425069074052503,7.9372193218107725
sh600989,2020-02-27,9.58,9.59,9.39,9.44,0.0074709999999999,17160800.0,162350000.0,6923000000.0,69227000000.0,0.0234,9.700156005362741,2020-03-16,2019-12-31,18.208655173775693,5.102150933559749,19.377280038549802,2.964474862167,7.9965182873640215
sh600989,2020-02-28,9.26,9.68,9.19,9.51,0.007415,54853000.0,519920000.0,6973999999.999999,69740000000.0,0.0748,9.772082662142505,2020-03-16,2019-12-31,18.343588654991795,5.139959930467258,19.520873501501775,2.9864428169287507,8.055812470464826
sh600989,2020-03-02,10.12,10.44,9.81,10.2,0.072555,89463500.0,909500000.0,7480000000.0,74800000000.0,0.121996,10.481096119694255,2020-03-16,2019-12-31,19.67451149115839,5.5128907771573115,20.937214481106004,3.203124787873108,8.6403019442594
sh600989,2020-03-03,10.08,10.22,9.98,10.1,-0.009804,61247700.0,617240000.0,7406999999.999998,74067000000.0,0.0835159999999999,10.378339453336771,2020-03-16,2019-12-31,19.481711799674176,5.4588673956111045,20.732040975562544,3.1717358778529072,8.555592423997881
sh600989,2020-03-04,10.14,10.39,10.06,10.18,0.007921,45782300.0,467500000.0,7466000000.0,74654000000.0,0.062425,10.460546280146653,2020-03-16,2019-12-31,19.636109369798643,5.502130321897084,20.896347725568017,3.196872699383409,8.623361271588369
sh600989,2020-03-05,10.32,10.39,10.1,10.22,0.003929,42852200.0,436410000.0,7495000000.0,74947000000.0,0.058432,10.50164576648135,2020-03-16,2019-12-31,19.713176640746628,5.523724934165896,20.9783611459285,3.2094196988867085,8.65724245802444
sh600989,2020-03-06,10.15,11.18,10.11,10.78,0.054795,118046800.0,1264750000.0,7906000000.0,79054000000.0,0.160959,11.077083446255696,2020-03-16,2019-12-31,20.7934335751609,5.826418014671044,22.12794857739778,3.385291804552415,9.131616058511888
sh600989,2020-03-09,10.85,11.29,10.46,10.49,-0.026902,105062500.0,1145350000.0,7693000000.000002,76927000000.0,0.143261,10.779087747384525,2020-03-16,2019-12-31,20.233972533159644,5.669654395914177,21.53258152925189,3.294208296212761,8.885957323305801
sh600989,2020-03-10,9.9,10.25,9.48,9.92,-0.054337,71646700.0,702960000.0,7275000000.0,72747000000.0,0.097696,10.193384456454893,2020-03-16,2019-12-31,19.134514538065503,5.361581087778917,20.36256072001362,3.1152101463022057,8.403121060229335
sh600989,2020-03-11,9.96,9.99,9.72,9.74,-0.0181449999999999,36259900.0,355610000.0,7143000000.000002,71427000000.0,0.049443,10.00842549549252,2020-03-16,2019-12-31,18.787317276456825,5.264294779946728,19.993080464464686,3.0586844147515033,8.250646428591475
sh600989,2020-03-12,9.67,9.91,9.4,9.45,-0.029774,35224100.0,338350000.0,6930000000.0,69300000000.0,0.048033,9.710434634789726,2020-03-16,2019-12-31,18.22785623445557,5.107531161189862,19.397713416318798,2.96760090641185,8.004991681826592
sh600989,2020-03-13,8.98,9.16,8.78,9.09,-0.038095,33485600.0,300670000.0,6666000000.0,66660000000.0,0.045662,9.340515627377412,2020-03-16,2019-12-31,17.53346171123821,4.912958545525487,18.658752905220936,2.8545494433104457,7.700041523707409
sh600989,2020-03-16,9.34,9.46,9.0,9.04,-0.005501,31425000.0,291120000.0,6630000000.0,66294000000.000015,0.042848,9.289133450911208,2020-03-16,2019-12-31,17.437193379610353,4.885983705626563,18.556306107091466,2.8388763995622974,7.657683595285494
sh600989,2020-03-17,9.06,9.17,8.57,8.85,-0.021018,26210400.0,231270000.0,6490000000.000001,64900000000.0,0.035741,9.093894444039957,2020-04-28,2020-03-31,18.011481228514537,4.6410949813021105,16.292715804448193,2.6871771838829894,7.496734401479784
sh600989,2020-03-18,8.91,8.98,8.65,8.66,-0.021469,19801500.0,174940000.0,6351000000.0,63507000000.000015,0.027001,8.898657624220863,2020-04-28,2020-03-31,17.62488656978849,4.541479491179556,15.943012366611583,2.6295001759145924,7.335787010614415
sh600989,2020-03-19,8.6,8.68,8.34,8.48,-0.0207849999999999,21003800.0,178230000.0,6219000000.0,62187000000.0,0.02864,8.713699025501432,2020-04-28,2020-03-31,17.25855135836107,4.447084339017478,15.61163509601263,2.574845724716972,7.183312677598794
sh600989,2020-03-20,8.62,8.71,8.52,8.67,0.022406,13580400.0,117030000.0,6358000000.0,63579999999.99999,0.018519,8.908938165866818,2020-04-28,2020-03-31,17.645146017087118,4.5466998291400325,15.961338533849244,2.6325227326853686,7.344261981453072
sh600989,2020-03-23,8.6,8.6,8.36,8.39,-0.032295,11707900.0,99270000.0,6153000000.0,61527000000.0,0.015964,8.621224007800148,2020-04-28,2020-03-31,17.07538375264736,4.39988676293644,15.44594646071316,2.5475184991181616,7.107079040762045
sh600989,2020-03-24,8.47,8.57,8.36,8.51,0.014303,10767400.0,91240000.0,6241000000.0,62407000000.000015,0.0146819999999999,8.744533374783714,2020-04-28,2020-03-31,17.319607226932312,4.462816864377825,15.66686464111246,2.5839547999165755,7.2087315922820645
sh600989,2020-03-25,8.69,8.74,8.55,8.65,0.016451,13692500.0,118300000.0,6344000000.0,63434000000.0,0.01867,8.88838969333228,2020-04-28,2020-03-31,17.60462712248985,4.536259153219076,15.92468619937391,2.6264776191438144,7.327322435706697
sh600989,2020-03-26,8.61,8.65,8.56,8.61,-0.004624,9363900.0,80650000.0,6314000000.0,63140000000.0,0.0127689999999999,8.847289779390312,2020-04-28,2020-03-31,17.523034279944653,4.515234778419341,15.850879443649598,2.6143045822861626,7.29344089676399
sh600989,2020-03-27,8.7,8.74,8.6,8.61,0.0,9559900.0,82670000.0,6314000000.0,63140000000.0,0.013036,8.847289779390312,2020-04-28,2020-03-31,17.523034279944653,4.515234778419341,15.850879443649598,2.6143045822861626,7.29344089676399
sh600989,2020-03-30,8.57,8.61,8.4,8.42,-0.022067,9433000.0,79780000.0,6175000000.0,61747000000.0,0.012862,8.652056635828506,2020-04-28,2020-03-31,17.1364396212186,4.415619288296786,15.501176005812985,2.5566275743177647,7.132496536495099
sh600989,2020-03-31,8.51,8.52,8.41,8.42,0.0,6461600.0,54560000.0,6175000000.0,61747000000.0,0.008811,8.652056635828506,2020-04-28,2020-03-31,17.1364396212186,4.415619288296786,15.501176005812985,2.5566275743177647,7.132496536495099
sh600989,2020-04-01,8.41,8.45,8.31,8.32,-0.011876,7486200.0,62820000.0,6102000000.0,61014000000.0,0.0102069999999999,8.549304811221406,2020-04-28,2020-03-31,16.933012568206255,4.363201374255269,15.317161203275841,2.5262777919481776,7.047791007627683
sh600989,2020-04-02,8.28,8.37,8.21,8.36,0.004808,9006100.0,74500000.0,6131000000.0,61307000000.000015,0.01228,8.590409868753758,2020-04-28,2020-03-31,17.01432788407613,4.3841542375760945,15.390716915613337,2.5384094239185586,7.081676786792356
sh600989,2020-04-03,8.37,8.55,8.36,8.5,0.016746,11826900.0,100470000.0,6234000000.0,62334000000.0,0.0161259999999999,8.734264872415908,2020-04-28,2020-03-31,17.299347779633667,4.457596526417346,15.648538473874787,2.5809322431457975,7.20026654626398
sh600989,2020-04-07,8.61,8.69,8.55,8.69,0.022353,12576500.0,108840000.0,6373000000.0,63727000000.0,0.017149,8.929501895109022,2020-04-28,2020-03-31,17.68594243835972,4.557212016539901,15.998241911711402,2.638609251114195,7.3612141043726185
sh600989,2020-04-08,8.69,8.77,8.63,8.71,0.002301,10445400.0,90970000.0,6388000000.0,63874000000.0,0.014242,8.950048678969669,2020-04-28,2020-03-31,17.72673885963232,4.567724203939768,16.03514528957356,2.6446957695430213,7.378152258026781
sh600989,2020-04-09,8.71,8.78,8.67,8.7,-0.001148,8319100.0,72390000.0,6380000000.0,63800000000.0,0.011344,8.93977402308621,2020-04-28,2020-03-31,17.70620188565836,4.5624323545003795,16.01656807894907,2.6416318078849725,7.369682139234566
sh600989,2020-04-10,8.7,8.72,8.52,8.54,-0.018391,9438100.0,81110000.0,6263000000.0,62627000000.0,0.012869,8.775362639027632,2020-04-28,2020-03-31,17.380663095503543,4.478549389738171,15.72209418621228,2.5930638751161785,7.234146315011903
sh600989,2020-04-13,8.7,9.07,8.62,8.99,0.052693,30977600.0,274970000.0,6593000000.000001,65927000000.0,0.04224,9.237762822565916,2020-04-28,2020-03-31,18.29650112407208,4.714537270143363,16.550537362709647,2.7297000031102288,7.615335186788825
sh600989,2020-04-14,9.12,9.18,8.9,9.05,0.0066739999999999,20693700.0,186510000.0,6637000000.0,66366999999.99999,0.028217,9.29941565164372,2020-04-28,2020-03-31,18.418612861214548,4.746002320864054,16.66099645290929,2.7479181535094352,7.666159933825453
sh600989,2020-04-15,9.09,9.09,8.89,8.89,-0.01768,14154900.0,126580000.0,6520000000.0,65194000000.000015,0.0193,9.135001982922658,2020-04-28,2020-03-31,18.09307407105974,4.662119356101846,16.366522560172506,2.6993502207406417,7.530622226195419
sh600989,2020-04-16,8.88,8.88,8.77,8.78,-0.012373,10507700.0,92450000.0,6439000000.0,64387000000.0,0.014328,9.021974603387957,2020-04-28,2020-03-31,17.869110044073427,4.6044095926209385,16.163930547010875,2.665936476713005,7.437445837390703
sh600989,2020-04-17,8.8,8.87,8.78,8.82,0.004556,9799000.0,86360000.0,6468000000.000001,64679999999.99999,0.013362,9.063078719680991,2020-04-28,2020-03-31,17.9504253599433,4.625362455941763,16.237486259348366,2.6780681086833855,7.471330840625854
sh600989,2020-04-20,8.88,8.93,8.84,8.9,0.00907,9220600.0,81880000.0,6527000000.0,65266999999.99999,0.012573,9.145280843668496,2020-04-28,2020-03-31,18.113333518358367,4.667339694062323,16.38484872741017,2.702372777511418,7.539095811350331
sh600989,2020-04-21,8.83,8.84,8.67,8.7,-0.022472,10034900.0,87610000.0,6380000000.0,63800000000.0,0.013684,8.939768092549578,2020-04-28,2020-03-31,17.70620188565836,4.5624323545003795,16.01656807894907,2.6416318078849725,7.3696772502776655
sh600989,2020-04-22,8.63,8.66,8.57,8.64,-0.0068969999999999,7267200.0,62620000.0,6336000000.0,63360000000.0,0.0099099999999999,8.878110512015263,2020-04-28,2020-03-31,17.584090148515887,4.530967303779687,15.906108988749423,2.623413657485766,7.318848586282501
sh600989,2020-04-23,8.64,8.79,8.64,8.66,0.002315,8026900.0,69950000.0,6351000000.0,63507000000.000015,0.010945,8.89866333785058,2020-04-28,2020-03-31,17.62488656978849,4.541479491179556,15.943012366611583,2.6295001759145924,7.335791720759746
sh600989,2020-04-24,8.63,8.97,8.61,8.85,0.02194,20452100.0,180680000.0,6490000000.000001,64900000000.0,0.0278889999999999,9.093900011483022,2020-04-28,2020-03-31,18.011481228514537,4.6410949813021105,16.292715804448193,2.6871771838829894,7.496738991113215
sh600989,2020-04-27,8.83,8.9,8.71,8.72,-0.0146889999999999,10012300.0,87850000.0,6395000000.0,63947000000.0,0.013652,8.960319714214348,2020-04-28,2020-03-31,17.746998306930955,4.572944541900247,16.053471456811227,2.6477183263137984,7.386619392072753
sh600989,2020-04-28,8.66,8.66,8.01,8.3,-0.048165,15317500.0,128140000.0,6087000000.0,60866999999.99999,0.020886,8.528745915179215,2020-04-28,2020-03-31,16.892216146933652,4.3526891868554,15.280257825413683,2.520191273519351,7.030842869053569
sh600989,2020-04-29,8.3,8.46,8.27,8.3,0.0,7051000.0,58910000.0,6087000000.0,60866999999.99999,0.009614,8.528745915179215,2020-08-11,2020-06-30,15.197885873556755,4.177811172550621,13.344601215729234,2.6063952468264686,7.030842869053569
sh600989,2020-04-30,8.35,8.47,8.35,8.44,0.016867,7350300.0,61870000.0,6190000000.0,61894000000.000015,0.010022,8.672600272530543,2020-08-11,2020-06-30,15.454317581906817,4.248302770201394,13.569762722761853,2.650372573103283,7.149432095725896
sh600989,2020-05-06,8.41,8.49,8.36,8.48,0.004739,6562300.0,55360000.0,6219000000.0,62187000000.0,0.008948,8.713699725222066,2020-08-11,2020-06-30,15.527476774259846,4.268413810232237,13.634000621068132,2.6629191715444764,7.183313254427541
sh600989,2020-05-07,8.5,8.5,8.43,8.43,-0.005896,6206500.0,52490000.0,6182000000.0,61820000000.000015,0.008463,8.662323751642155,2020-08-11,2020-06-30,15.435840516261337,4.243223531422273,13.553538816704974,2.647203807626667,7.140960439479436
sh600989,2020-05-08,8.45,8.5,8.44,8.46,0.003559,6191900.0,52440000.0,6204000000.0,62040000000.0,0.008444,8.693152961874251,2020-08-11,2020-06-30,15.490772333045184,4.258323971035875,13.601772050928119,2.656624461746335,7.166375117683543
sh600989,2020-05-11,8.46,8.98,8.45,8.97,0.060284,25934700.0,227420000.0,6578000000.0,65779999999.99999,0.035366,9.217210995027878,2020-08-11,2020-06-30,16.4246132183706,4.515031444467114,14.421737032721655,2.816775581780688,7.598392875277979
sh600989,2020-05-12,8.99,9.09,8.82,9.06,0.010033,25393800.0,228910000.0,6644000000.0,66440000000.0,0.034628,9.309687272940993,2020-08-11,2020-06-30,16.589408668722147,4.5603327633079225,14.566436735391106,2.8450375441396916,7.674627550995642
sh600989,2020-05-13,8.99,9.19,8.82,9.11,0.005519,22390500.0,202450000.0,6681000000.0,66807000000.000015,0.030531,9.361067437000354,2020-08-11,2020-06-30,16.681044926720663,4.585523042117887,14.646898539754272,2.860752908057502,7.716983820449587
sh600989,2020-05-14,9.07,9.31,9.02,9.27,0.017563,25231500.0,233020000.0,6798000000.0,67979999999.99999,0.034407,9.525475864396391,2020-08-11,2020-06-30,16.97393138620908,4.666035840603138,14.90406937495315,2.9109821229773662,7.852517207288143
sh600989,2020-05-15,9.32,9.54,9.16,9.17,-0.010787,36955100.0,346120000.0,6725000000.0,67247000000.0,0.050391,9.422724556247147,2020-08-11,2020-06-30,16.790908560288354,4.615723921345091,14.743365008200568,2.8795942162968364,7.767812104173125
sh600989,2020-05-18,9.26,9.38,8.98,8.98,-0.02072,21257000.0,193910000.0,6586000000.0,65854000000.0,0.0289839999999999,9.227485703441706,2020-08-11,2020-06-30,16.44309028401608,4.520110683246235,14.437960938778534,2.8199443472573034,7.606863037374659
sh600989,2020-05-19,9.1,9.12,8.98,9.06,0.008909,12103000.0,109360000.0,6644000000.0,66440000000.0,0.0165039999999999,9.309693373573669,2020-08-11,2020-06-30,16.589408668722147,4.5603327633079225,14.566436735391106,2.8450375441396916,7.674632580174631
sh600989,2020-05-20,9.05,9.05,8.82,8.85,-0.0231789999999999,12517700.0,111500000.0,6490000000.000001,64900000000.0,0.01707,9.093903990867606,2020-08-11,2020-06-30,16.204885951235212,4.454629686012706,14.228804095829062,2.779092965302017,7.496742271598763
sh600989,2020-05-21,8.88,8.91,8.8,8.81,-0.00452,7282700.0,64390000.0,6461000000.0,64607000000.000015,0.00993,9.052799544828884,2020-08-11,2020-06-30,16.131726758882177,4.434518645981863,14.16456619752278,2.7665463668608234,7.462856996531138
sh600989,2020-05-22,8.78,8.81,8.61,8.62,-0.021566,7866100.0,68370000.0,6322000000.0,63214000000.0,0.010725,8.857566869845106,2020-08-11,2020-06-30,15.7839084826099,4.338905407883008,13.859162128100746,2.7068964978212895,7.301913022543948
sh600989,2020-05-25,8.63,8.66,8.56,8.6,-0.00232,4043200.0,34770000.0,6307000000.0,63066999999.99999,0.005513,8.837017314707065,2020-08-11,2020-06-30,15.747204041395236,4.328815568686645,13.826933557960727,2.7006017880231474,7.284972584331646
sh600989,2020-05-26,8.6,8.7,8.6,8.69,0.010465,5090800.0,44150000.0,6373000000.0,63727000000.0,0.006942,8.929496700905474,2020-08-11,2020-06-30,15.911999491746782,4.374116887527452,13.971633260630178,2.728863750382151,7.361209822426676
sh600989,2020-05-27,8.68,8.83,8.68,8.76,0.008055,6438800.0,56410000.0,6423999999.999999,64240000000.0,0.00878,9.001423796831268,2020-08-11,2020-06-30,16.040090500883668,4.409328367171899,14.084104393159613,2.750831002943013,7.4205043675463225
sh600989,2020-05-28,8.73,8.82,8.62,8.64,-0.013699,6054300.0,52660000.0,6336000000.0,63360000000.0,0.008256,8.878113292238476,2020-08-11,2020-06-30,15.820363233748273,4.3489266087174885,13.891171456267015,2.7131483864643418,7.318850878215305
sh600989,2020-05-29,8.71,8.95,8.71,8.9,0.030093,11729900.0,104130000.0,6527000000.0,65266999999.99999,0.015995,9.145282355541807,2020-08-11,2020-06-30,16.296522209233718,4.479819964822669,14.309265900192221,2.794808329219826,7.5390970576934375
sh600989,2020-06-01,8.95,9.08,8.88,9.05,0.016854,9830100.0,88420000.0,6637000000.0,66366999999.99999,0.013404,9.299416944362108,2020-08-11,2020-06-30,16.571181293152957,4.555322162890682,14.550432071307968,2.841911599818165,7.666160999503802
sh600989,2020-06-02,9.12,9.12,9.01,9.04,-0.001105,8147600.0,73700000.0,6630000000.0,66294000000.000015,0.011109,9.289141088638587,2020-08-11,2020-06-30,16.55295391758378,4.550311562473442,14.534427407224838,2.8387856554966397,7.65768989159935
sh600989,2020-06-03,9.09,9.18,9.06,9.12,0.00885,13672700.0,124600000.0,6688000000.0,66879999999.99999,0.018645,9.371349987273039,2020-08-11,2020-06-30,16.69927230228984,4.590533642535126,14.662903203837402,2.863878852379027,7.725460447140004
sh600989,2020-06-04,8.81,8.82,8.68,8.69,-0.016968,9947800.0,86900000.0,6373000000.0,63727000000.0,0.0135639999999999,9.21233692068899,2020-08-11,2020-06-30,15.911999491746782,4.374116887527452,13.971633260630178,2.728863750382151,7.594374834272933
sh600989,2020-06-05,8.7,8.74,8.62,8.69,0.0,5279400.0,45780000.0,6373000000.0,63727000000.0,0.007199,9.21233692068899,2020-08-11,2020-06-30,15.911999491746782,4.374116887527452,13.971633260630178,2.728863750382151,7.594374834272933
sh600989,2020-06-08,8.76,8.76,8.71,8.71,0.002301,5633900.0,49170000.0,6388000000.0,63874000000.0,0.007682,9.233534507943498,2020-08-11,2020-06-30,15.948703932961443,4.384206726723814,14.003861830770191,2.7351584601802927,7.611849490766597
sh600989,2020-06-09,8.74,8.95,8.74,8.86,0.017222,8939000.0,79300000.0,6498000000.0,64974000000.0,0.012188,9.3925544392393,2020-08-11,2020-06-30,16.223363016880686,4.459708924791826,14.245028001885936,2.782261730778632,7.742940762696579
sh600989,2020-06-10,8.86,8.88,8.69,8.7,-0.018059,7763000.0,67830000.0,6380000000.0,63800000000.0,0.010586,9.222934298621078,2020-08-11,2020-06-30,15.93022686731597,4.379127487944694,13.987637924713313,2.7319896947036773,7.603110995463042
sh600989,2020-06-11,8.67,8.72,8.62,8.62,-0.009195,6294500.0,54500000.0,6322000000.0,63214000000.0,0.008583,9.138129417745258,2020-08-11,2020-06-30,15.7839084826099,4.338905407883008,13.859162128100746,2.7068964978212895,7.5332003898597595
sh600989,2020-06-12,8.5,8.61,8.48,8.58,-0.00464,5853000.0,50110000.0,6292000000.0,62920000000.000015,0.007981,9.09572849724692,2020-08-11,2020-06-30,15.710499600180578,4.318725729490285,13.79470498782072,2.6943070782250067,7.498246340050811
sh600989,2020-06-15,8.68,8.68,8.45,8.53,-0.005828,5312100.0,45590000.0,6256000000.0,62554000000.0,0.007243,9.042718591564967,2020-08-11,2020-06-30,15.619113032258356,4.2936040890422005,13.714462425431295,2.6786345354622862,7.4545465603809955
sh600989,2020-06-16,8.53,8.6,8.53,8.6,0.008206,4883600.0,41880000.0,6307000000.0,63066999999.99999,0.006659,9.116923140327348,2020-08-11,2020-06-30,15.747204041395236,4.328815568686645,13.826933557960727,2.7006017880231474,7.515718569455482
sh600989,2020-06-17,8.62,8.63,8.57,8.62,0.002326,4464700.0,38400000.0,6322000000.0,63214000000.0,0.006088,9.13812910355175,2020-08-11,2020-06-30,15.7839084826099,4.338905407883008,13.859162128100746,2.7068964978212895,7.533200130848035
sh600989,2020-06-18,8.58,8.72,8.58,8.69,0.008121,7332800.0,63590000.0,6373000000.0,63727000000.0,0.009999,9.212339850001694,2020-08-11,2020-06-30,15.911999491746782,4.374116887527452,13.971633260630178,2.728863750382151,7.594377249110653
sh600989,2020-06-19,8.65,8.72,8.64,8.7,0.001151,6621800.0,57620000.0,6380000000.0,63800000000.0,0.00903,9.222943253169046,2020-08-11,2020-06-30,15.93022686731597,4.379127487944694,13.987637924713313,2.7319896947036773,7.603118377324378
sh600989,2020-06-22,8.7,8.8,8.65,8.67,-0.0034479999999999,6405700.0,55740000.0,6358000000.0,63579999999.99999,0.008735,9.19114254483212,2020-08-11,2020-06-30,15.875295050532117,4.36402704833109,13.93940469049016,2.722569040584009,7.576902825159364
sh600989,2020-06-23,8.65,8.67,8.56,8.57,-0.011534,5567600.0,47840000.0,6285000000.0,62847000000.0,0.007592,9.085131906720026,2020-08-11,2020-06-30,15.692272224611388,4.313715129073043,13.778700323737581,2.6911811339034797,7.489510827973976
sh600989,2020-06-24,8.62,8.62,8.48,8.5,-0.008168,7302700.0,62170000.0,6234000000.0,62334000000.0,0.0099569999999999,9.010924549305937,2020-08-11,2020-06-30,15.564181215474507,4.278503649428598,13.666229191208144,2.6692138813426176,7.428336503531085
sh600989,2020-06-29,8.48,8.48,8.38,8.38,-0.014118,5941600.0,49920000.0,6146000000.0,61454000000.0,0.008101,8.883708316518835,2020-08-11,2020-06-30,15.344453948339114,4.218101890974188,13.473296254315546,2.631531264863946,7.3234632487742335
sh600989,2020-06-30,8.41,8.47,8.39,8.42,0.0047729999999999,5229400.0,44030000.0,6175000000.0,61747000000.0,0.007131,8.92611025631358,2020-08-11,2020-06-30,15.417613140692147,4.238212931005031,13.537534152621834,2.6440778633051405,7.358418138860632
sh600989,2020-07-01,8.47,8.47,8.39,8.45,0.003563,6668400.0,56140000.0,6197000000.0,61966999999.99999,0.009093,8.957913987156823,2020-08-11,2020-06-30,15.472544957475996,4.253313370618633,13.585767386844982,2.653498517424808,7.384636182689392
sh600989,2020-07-02,8.46,8.68,8.45,8.68,0.027219,13068000.0,112200000.0,6366000000.0,63654000000.0,0.017818,9.201739447973248,2020-08-11,2020-06-30,15.893772116177596,4.369106287110212,13.95562859654704,2.725737806060625,7.5856385949460154
sh600989,2020-07-03,8.73,8.95,8.73,8.88,0.023041,20517700.0,181990000.0,6512000000.0,65120000000.000015,0.027979,9.413756726594,2020-08-11,2020-06-30,16.25981776801906,4.469730125626309,14.277037330052213,2.788513619421685,7.760419293812167
sh600989,2020-07-06,8.96,9.24,8.96,9.21,0.037162,31883300.0,291270000.0,6754000000.000001,67540000000.0,0.0434769999999999,9.763590754067685,2020-08-11,2020-06-30,16.86406775264139,4.635834961375934,14.807602906506853,2.892140814738031,8.048811995608816
sh600989,2020-07-07,9.3,9.43,9.11,9.13,-0.008686,29985600.0,276270000.0,6695999999.999999,66954000000.0,0.040885,9.678784204777854,2020-08-11,2020-06-30,16.717749367935316,4.595612881314248,14.679127109894283,2.8670476178556425,7.978900014614957
sh600989,2020-07-08,9.14,9.2,9.02,9.17,0.004381,23403500.0,213700000.0,6725000000.0,67247000000.0,0.031912,9.721186958378984,2020-08-11,2020-06-30,16.790908560288354,4.615723921345091,14.743365008200568,2.8795942162968364,8.013855575578983
sh600989,2020-07-09,9.18,9.37,9.15,9.33,0.0174479999999999,29012700.0,269600000.0,6842000000.0,68420000000.000015,0.039563,9.89080222842878,2020-08-11,2020-06-30,17.083795019776783,4.696236719830345,15.000535843399454,2.929823431216703,8.153681327661685
sh600989,2020-07-10,9.35,9.35,9.12,9.13,-0.021436,22567800.0,207800000.0,6695999999.999999,66954000000.0,0.0307709999999999,9.67878299186018,2020-08-11,2020-06-30,16.717749367935316,4.595612881314248,14.679127109894283,2.8670476178556425,7.97889901472193
sh600989,2020-07-13,9.14,9.33,9.13,9.32,0.020811,22329800.0,206870000.0,6834999999.999999,68347000000.0,0.030448,9.880208144703781,2020-08-11,2020-06-30,17.065567644207594,4.691226119413103,14.984531179316313,2.926697486895176,8.144947882117307
sh600989,2020-07-14,9.31,9.45,9.16,9.26,-0.0064379999999999,24187300.0,224750000.0,6791000000.0,67907000000.000015,0.032981,9.816599364668178,2020-08-11,2020-06-30,16.955704010639902,4.661025240185899,14.888064710870017,2.907856178655841,8.092510707652236
sh600989,2020-07-15,9.3,9.49,9.18,9.39,0.014039,35704300.0,334260000.0,6886000000.0,68860000000.0,0.048688,9.954414603148756,2020-08-11,2020-06-30,17.193658653344478,4.726437599057548,15.097002311845749,2.948664739456038,8.206121465476965
sh600989,2020-07-16,9.4,9.45,8.92,8.96,-0.045793,30222700.0,277310000.0,6570999999.999999,65707000000.000015,0.041211,9.498572095226764,2020-08-11,2020-06-30,16.40638584280142,4.510020844049875,14.405732368638525,2.8136496374591626,7.830338545208379
sh600989,2020-07-17,8.98,9.05,8.85,8.91,-0.00558,13001100.0,116200000.0,6534000000.0,65340000000.0,0.0177289999999999,9.4455700629354,2020-08-11,2020-06-30,16.314749584802904,4.48483056523991,14.325270564275359,2.7979342735413524,7.786645256126116
sh600989,2020-07-20,8.96,9.32,8.95,9.3,0.043771,20989800.0,192870000.0,6820000000.0,68200000000.0,0.028622,9.859012110160144,2020-08-11,2020-06-30,17.028863202992934,4.681136280216742,14.952302609176302,2.9204027770970344,8.127474505632012
sh600989,2020-07-21,9.29,9.42,9.24,9.34,0.004301,18010500.0,168010000.0,6850000000.0,68494000000.000015,0.024557,9.901415721245945,2020-08-11,2020-06-30,17.102272085422257,4.701315958609466,15.016759749456332,2.932992196693318,8.162430773480736
sh600989,2020-07-22,9.39,9.42,9.28,9.37,0.0032119999999999,23776100.0,222320000.0,6872000000.0,68714000000.0,0.0324189999999999,9.933219068542586,2020-08-11,2020-06-30,17.157203902206103,4.716416398223068,15.064992983679478,2.9424128508129854,8.188648501125156
sh600989,2020-07-23,9.4,9.42,9.13,9.26,-0.01174,17724900.0,164440000.0,6791000000.0,67907000000.000015,0.024169,9.816603076677897,2020-08-11,2020-06-30,16.955704010639902,4.661025240185899,14.888064710870017,2.907856178655841,8.092513767721949
sh600989,2020-07-24,9.28,9.74,9.26,9.42,0.017279,60059200.0,572120000.0,6908000000.0,69080000000.0,0.081899,9.986224161239814,2020-08-11,2020-06-30,17.248590470128324,4.741538038671151,15.145235546068896,2.958085393575706,8.232344313114416
sh600989,2020-07-27,9.55,10.22,9.19,10.12,0.07431,82873600.0,813760000.0,7422000000.0,74214000000.0,0.112999,10.728300478661547,2020-08-11,2020-06-30,18.53049932180231,5.093927388563127,16.27082383925821,3.1779292038046822,8.84408981902195
sh600989,2020-07-28,10.0,10.6,9.95,10.24,0.011858,78121800.0,808460000.0,7509999999.999998,75094000000.0,0.10652,10.855516665737513,2020-08-11,2020-06-30,18.7502265889377,5.1543291470175365,16.46375677615081,3.2156118202833537,8.94896303609591
sh600989,2020-07-29,10.34,10.42,9.95,10.29,0.004883,44192800.0,449430000.0,7545999999.999998,75460000000.0,0.060263,10.908524153616309,2020-08-11,2020-06-30,18.84161315685992,5.179450787465621,16.54399933854023,3.2312843630460737,8.992660822601167
sh600989,2020-07-30,10.3,10.85,10.23,10.57,0.027211,54108600.0,574060000.0,7752000000.0,77514000000.0,0.073778,11.205356004360363,2020-08-11,2020-06-30,19.35447657356003,5.320433982767162,16.99432235260545,3.3192390155997,9.237360116244966
sh600989,2020-07-31,10.48,10.65,10.19,10.32,-0.023652,43097900.0,446870000.0,7568000000.000002,75680000000.0,0.05877,10.940326924145232,2020-08-11,2020-06-30,18.89654497364377,5.194551227079223,16.59223257276338,3.2407050171657414,9.018878074775541
sh600989,2020-08-03,10.35,10.49,10.1,10.28,-0.0038759999999999,41248500.0,423260000.0,7539000000.0,75387000000.0,0.056245,10.897922216987247,2020-08-11,2020-06-30,18.82338578129074,5.17444018704838,16.527994674457094,3.2281584187245476,8.983920903357712
sh600989,2020-08-04,10.33,10.59,10.27,10.5,0.021401,43950900.0,459920000.0,7700000000.0,77000000000.0,0.059933,11.13114865035299,2020-08-11,2020-06-30,19.22613587434686,5.2851538647608365,16.881631978102273,3.2972289418837484,9.17618579461047
sh600989,2020-08-05,10.5,10.72,10.27,10.6,0.009524,37051900.0,389480000.0,7773999999.999998,77734000000.0,0.0505209999999999,11.237161710098954,2020-08-11,2020-06-30,19.409408390343877,5.335534422380765,17.042555586828602,3.3286596697193676,9.263579788118342
sh600989,2020-08-06,10.87,11.27,10.58,11.18,0.0547169999999999,70512400.0,774110000.0,8198999999.999998,81987000000.0,0.096149,11.852025487390438,2020-08-11,2020-06-30,20.47134028480618,5.627453375456451,17.974991701151573,3.5107780423145827,9.770455083384812
sh600989,2020-08-07,11.06,11.92,11.03,11.73,0.0491949999999999,92083200.0,1063410000.0,8602000000.0,86020000000.0,0.125568,12.435085881242609,2020-08-11,2020-06-30,21.478340362484634,5.904271888918535,18.859194581251398,3.6834757607901305,10.251112621211927
sh600989,2020-08-10,11.72,12.79,11.72,12.63,0.076726,79141900.0,984740000.0,9262000000.0,92620000000.0,0.107921,13.38918028056683,2020-08-11,2020-06-30,23.12629486600008,6.3572850773266065,20.30619160794588,3.966095384380166,11.037639488187033
sh600989,2020-08-11,12.42,12.59,12.01,12.1,-0.041964,65502300.0,800100000.0,8874000000.0,88734000000.0,0.0893149999999999,12.827316719273124,2020-08-11,2020-06-30,22.15599922953629,6.090556403060885,19.45421729798607,3.7996923757027603,10.574455984704754
sh600989,2020-08-12,12.26,12.7,12.0,12.34,0.019835,57607000.0,708880000.0,9050000000.0,90494000000.0,0.078549,13.081746546399906,2020-10-26,2020-09-30,21.95929805509887,5.9848193666396154,18.354860948786396,3.7068359305143455,10.784200319161371
sh600989,2020-08-13,12.54,13.13,12.42,12.66,0.025932,54018800.0,692400000.0,9284000000.0,92840000000.0,0.073662,13.42098239784115,2020-10-26,2020-09-30,22.528579037675193,6.139972042332331,18.830699167738512,3.8029333192140014,11.063856201837865
sh600989,2020-08-14,12.75,12.81,12.01,12.38,-0.0221169999999999,49504000.0,610230000.0,9079000000.0,90787000000.0,0.067503,13.124150530148098,2020-10-26,2020-09-30,22.030397512854567,6.004196917354863,18.414290018757825,3.7188378635446093,10.81915689422182
sh600989,2020-08-17,12.52,13.62,12.52,13.49,0.089661,89017400.0,1196640000.0,9893000000.0,98927000000.0,0.1213829999999999,14.300874990831707,2020-10-26,2020-09-30,24.00565207302988,6.542535698317649,20.06532288417566,4.052270405750576,11.789213320514643
sh600989,2020-08-18,13.61,13.69,13.22,13.32,-0.012602,68136600.0,912800000.0,9768000000.0,97680000000.0,0.092914,14.120655364197246,2020-10-26,2020-09-30,23.70305472210376,6.460065371553448,19.81239438501398,4.001190506471604,11.640645654249516
sh600989,2020-08-19,13.41,13.59,13.08,13.43,0.008258,33853300.0,452180000.0,9849000000.0,98487000000.0,0.046162,14.237263736194787,2020-10-26,2020-09-30,23.898881556263646,6.513436304752093,19.976077864423342,4.034247025090794,11.73677410606231
sh600989,2020-08-20,13.29,13.34,12.79,12.95,-0.035741,41132300.0,534960000.0,9497000000.0,94967000000.0,0.056088,13.728409692999449,2020-10-26,2020-09-30,23.04471742213378,6.280641156227643,19.26211770640482,3.890059979812538,11.317290062737536
sh600989,2020-08-21,13.01,13.08,12.67,12.84,-0.008494,33336000.0,429340000.0,9416000000.0,94160000000.0,0.045458,13.611800581067111,2020-10-26,2020-09-30,22.848890587973894,6.227270223028999,19.098434226995458,3.8570034611933472,11.221161000944642
sh600989,2020-08-24,12.99,13.31,12.78,12.88,0.0031149999999999,30824500.0,398760000.0,9446000000.0,94454000000.0,0.04203,13.654201339877135,2020-10-26,2020-09-30,22.92023270599497,6.246713908729621,19.158066126557237,3.869046356452383,11.256114917462584
sh600989,2020-08-25,12.92,13.25,12.56,12.66,-0.017081,28881600.0,370620000.0,9284000000.0,92840000000.0,0.0393839999999999,13.420973926790694,2020-10-26,2020-09-30,22.528579037675193,6.139972042332331,18.830699167738512,3.8029333192140014,11.063849218557406
sh600989,2020-08-26,12.74,12.88,12.36,12.53,-0.010269,29110500.0,366110000.0,9189000000.0,91887000000.0,0.039695,13.283153945536482,2020-10-26,2020-09-30,22.297323804770148,6.076945401268752,18.63740256813861,3.763896315194064,10.950234550932041
sh600989,2020-08-27,12.58,12.65,12.28,12.43,-0.007981,31701800.0,393230000.0,9116000000.0,91154000000.0,0.043227,13.177141093897156,2020-10-26,2020-09-30,22.11945383024822,6.028468456987951,18.48872847841487,3.733871001504018,10.862840728981054
sh600989,2020-08-28,12.43,12.84,12.42,12.69,0.0209169999999999,32908100.0,416110000.0,9306000000.0,93060000000.0,0.044875,13.4527673541582,2020-10-26,2020-09-30,22.58196429605831,6.1545217391151095,18.87532167761467,3.8119450095438925,11.090058768509149
sh600989,2020-08-31,12.72,12.97,12.46,12.5,-0.014972,33771600.0,426870000.0,9167000000.0,91667000000.0,0.046051,13.251352521331743,2020-10-26,2020-09-30,22.24393854638703,6.062395704485974,18.592780058262456,3.7548846248641734,10.92401840862703
sh600989,2020-09-01,12.42,12.8,12.4,12.72,0.0176,22622600.0,285830000.0,9328000000.0,93280000000.0,0.030849,13.484576325707183,2020-10-26,2020-09-30,22.63534955444143,6.169071435897887,18.919944187490827,3.820956699873783,11.116281132618864
sh600989,2020-09-02,12.73,12.78,12.3,12.32,-0.031447,25650000.0,319690000.0,9035000000.0,90347000000.0,0.034976,13.060526853992668,2020-10-26,2020-09-30,21.923626996088334,5.975097523789305,18.32504499900551,3.7008144828848275,10.766707439841399
sh600989,2020-09-03,12.25,12.53,12.05,12.27,-0.004058,26283600.0,322490000.0,8998000000.0,89980000000.0,0.035841,13.007527236019166,2020-10-26,2020-09-30,21.83457067869468,5.950825984156217,18.250606539348468,3.6857813449254184,10.723016141050524
sh600989,2020-09-04,12.15,12.19,11.98,12.16,-0.008965,20572100.0,248260000.0,8918000000.0,89174000000.0,0.028051,12.890914754348254,2020-10-26,2020-09-30,21.63898650480017,5.8975211859429475,18.08712588952945,3.652765788534999,10.626884301346005
sh600989,2020-09-07,12.2,12.22,11.3,11.36,-0.065789,38738300.0,452620000.0,8331000000.0,83307000000.0,0.052823,12.042834363574435,2020-10-26,2020-09-30,20.215298727828603,5.509507226740408,16.897124682968467,3.412440392328315,9.927752210044753
sh600989,2020-09-08,11.37,11.57,11.15,11.44,0.007042,24193700.0,275370000.0,8390000000.000002,83894000000.0,0.032989,12.127640003162728,2020-10-26,2020-09-30,20.35774030360537,5.548328463156275,17.016185652501665,3.436485220617615,9.997663441107887
sh600989,2020-09-09,11.31,11.31,10.92,10.95,-0.042832,30347500.0,335580000.0,8030000000.0,80300000000.0,0.0413829999999999,11.608188926547262,2020-10-26,2020-09-30,19.48561930983755,5.310639325713984,16.28721610479753,3.2892669704102144,9.569443520598355
sh600989,2020-09-10,11.23,11.24,10.63,10.7,-0.022831,25437900.0,276680000.0,7847000000.0,78467000000.0,0.034687,11.343162365165261,2020-10-26,2020-09-30,19.04082304340004,5.189413897519292,15.915429465693,3.214183205070713,9.350963555579574
sh600989,2020-09-11,10.75,10.9,10.66,10.76,0.005607,13522800.0,145570000.0,7891000000.0,78907000000.0,0.0184389999999999,11.406763476546741,2020-10-26,2020-09-30,19.14759356016627,5.2185132910848475,16.004674485445314,3.2322065857304954,9.403394408235707
sh600989,2020-09-14,10.89,11.23,10.8,11.01,0.023234,30211100.0,331470000.0,8073999999.999998,80740000000.0,0.041197,11.67178821916083,2020-10-26,2020-09-30,19.59238982660378,5.339738719279539,16.376461124549845,3.3072903510699962,9.621872873916656
sh600989,2020-09-15,11.01,11.09,10.79,10.82,-0.0172569999999999,18051500.0,196830000.0,7934999999.999998,79347000000.0,0.024615,11.470368169862773,2020-10-26,2020-09-30,19.254364076932507,5.247612684650404,16.09391950519763,3.2502299663902776,9.455828213731479
sh600989,2020-09-16,10.84,10.99,10.66,10.7,-0.011091,16419700.0,176830000.0,7847000000.0,78467000000.0,0.02239,11.343150316490826,2020-10-26,2020-09-30,19.04082304340004,5.189413897519292,15.915429465693,3.214183205070713,9.350953623012982
sh600989,2020-09-17,10.62,10.76,10.49,10.66,-0.003738,13270400.0,141060000.0,7818000000.000002,78174000000.0,0.018094,11.300749620607782,2020-10-26,2020-09-30,18.969723585644342,5.170036346804046,15.85600039572157,3.2021812720404492,9.31599975837016
sh600989,2020-09-18,10.66,11.05,10.62,10.94,0.026266,26977400.0,293680000.0,8023000000.0,80227000000.0,0.036786,11.597575110142666,2020-10-26,2020-09-30,19.467905110464972,5.3058114717815155,16.27240954470226,3.2862767277098412,9.56069380802351
sh600989,2020-09-21,11.02,11.04,10.63,10.72,-0.02011,19120100.0,205560000.0,7862000000.0,78614000000.0,0.0260709999999999,11.364347874677696,2020-10-26,2020-09-30,19.076494102410578,5.199135740369603,15.945245415473888,3.2202046527002315,9.368428255544156
sh600989,2020-09-22,10.57,10.65,10.41,10.43,-0.027052,16457000.0,172920000.0,7648999999.999998,76487000000.0,0.02244,11.056919535971916,2020-10-26,2020-09-30,18.56035571795199,5.0584666264742895,15.513826876807581,3.1330779921016942,9.114993534375177
sh600989,2020-09-23,10.47,10.73,10.34,10.63,0.019175,16253600.0,171620000.0,7795999999.999998,77954000000.0,0.022162,11.268935968074178,2020-10-26,2020-09-30,18.916338327261226,5.155486650021268,15.811377885845413,3.1931695817105585,9.28977353539682
sh600989,2020-09-24,10.57,10.61,10.4,10.51,-0.011289,14716300.0,154630000.0,7708000000.0,77074000000.0,0.020066,11.141720949930589,2020-10-26,2020-09-30,18.70279729372876,5.097287862890156,15.632887846340784,3.1571228203909945,9.184901281955726
sh600989,2020-09-25,10.53,10.65,10.35,10.49,-0.001903,11544100.0,121040000.0,7693000000.000002,76927000000.0,0.0157409999999999,11.120518254962871,2020-10-26,2020-09-30,18.66712623471822,5.087566020039845,15.603071896559895,3.151101372761476,9.167422414816166
sh600989,2020-09-28,10.56,10.65,10.38,10.53,0.003813,14062300.0,147800000.0,7722000000.0,77220000000.0,0.019176,11.162920791069045,2020-10-26,2020-09-30,18.738225692473918,5.1069435707550905,15.662500966531324,3.1631033057917404,9.202377796483859
sh600989,2020-09-29,10.59,10.69,10.49,10.62,0.0085469999999999,11974900.0,127170000.0,7788000000.0,77880000000.0,0.016329,11.25833027507031,2020-10-26,2020-09-30,18.898381467623267,5.150592661103425,15.796368496159797,3.1901383767814133,9.281030519510406
sh600989,2020-09-30,10.6,10.64,10.18,10.2,-0.039548,18006700.0,186210000.0,7480000000.0,74800000000.0,0.024555,10.813085829351829,2020-10-26,2020-09-30,18.150987850259636,4.9468969061445325,15.17165335789359,3.0639747121629397,8.913984324524808
sh600989,2020-10-09,10.35,10.36,9.99,10.21,0.00098,29712900.0,301270000.0,7488000000.0,74874000000.0,0.040514,10.823682653464592,2020-10-26,2020-09-30,18.168944709897595,4.951790895062376,15.186662747579208,3.0670059170920845,8.922720029162841
sh600989,2020-10-12,10.21,10.81,10.16,10.76,0.053869,26960300.0,286660000.0,7891000000.0,78907000000.0,0.036762,11.406743614324075,2020-10-26,2020-09-30,19.14759356016627,5.2185132910848475,16.004674485445314,3.2322065857304954,9.403378034413812
sh600989,2020-10-13,10.78,10.9,10.7,10.81,0.004647,17002500.0,183940000.0,7928000000.0,79274000000.0,0.023183,11.45975075189984,2020-10-26,2020-09-30,19.236649877559923,5.2427848307179366,16.079112945102356,3.247239723689904,9.447075532139733
sh600989,2020-10-14,10.79,11.06,10.53,10.93,0.011101,26096900.0,282580000.0,21797000000.0,80154000000.0,0.013086,11.586965444996679,2020-10-26,2020-09-30,19.450190911092392,5.300983617849049,16.25760298460699,3.2832864850094685,9.551947517622017
sh600989,2020-10-15,10.94,10.96,10.77,10.87,-0.005489,12869400.0,139900000.0,21678000000.0,79714000000.0,0.006453,11.523364591669091,2020-10-26,2020-09-30,19.34342039432616,5.271884224283493,16.168357964854675,3.2652631043496863,9.49951687769779
sh600989,2020-10-16,10.94,10.95,10.7,10.77,-0.0092,9716100.0,105090000.0,21478000000.0,78980000000.0,0.004872,11.417349637425737,2020-10-26,2020-09-30,19.165307759538848,5.223341145017315,16.019481045540584,3.2351968284308685,9.412121322422971
sh600989,2020-10-19,10.77,10.88,10.67,10.68,-0.008357,7623200.0,81980000.0,21299000000.0,78320000000.0,0.0038229999999999,11.321934846505771,2020-10-26,2020-09-30,19.0051519843895,5.1796920546689815,15.885613515912112,3.2081617574411956,9.333464224531483
sh600989,2020-10-20,10.66,10.94,10.54,10.91,0.021536,11887100.0,127960000.0,21757000000.0,80007000000.0,0.005961,11.565764035360122,2020-10-26,2020-09-30,19.414519852081852,5.2912617749987385,16.227787034826104,3.2772650373799506,9.534469710070994
sh600989,2020-10-21,10.95,10.96,10.67,10.72,-0.017415,7501500.0,80770000.0,21379000000.0,78614000000.0,0.003761,11.364346254684326,2020-10-26,2020-09-30,19.076494102410578,5.199135740369603,15.945245415473888,3.2202046527002315,9.368426920070108
sh600989,2020-10-22,10.64,10.72,10.56,10.61,-0.010261,6063200.0,64370000.0,21159000000.0,77807000000.0,0.0030399999999999,11.24773669776501,2020-10-26,2020-09-30,18.88066726825069,5.145764807170957,15.781561936064525,3.18714813408104,9.272297491443268
sh600989,2020-10-23,10.73,10.93,10.67,10.73,0.0113099999999999,10846300.0,117250000.0,21399000000.0,78687000000.0,0.005439,11.374948599816731,2020-10-26,2020-09-30,19.094208301783155,5.203963594302071,15.960051975569158,3.2231948954006047,9.377167176071492
sh600989,2020-10-26,10.7,10.92,10.69,10.9,0.015843,11869000.0,128410000.0,21738000000.0,79934000000.0,0.005951,11.555161910483628,2020-10-26,2020-09-30,19.396805652709272,5.28643392106627,16.21298047473083,3.2742747946795774,9.525729635641992
sh600989,2020-10-27,10.8,10.82,10.41,10.47,-0.03945,16681800.0,176460000.0,20880000000.0,76780000000.0,0.008365,11.09931077311505,2021-03-11,2020-12-31,16.60909638367293,4.8205240392297695,14.811772048571727,2.964438985483519,9.149939601515916
sh600989,2020-10-28,10.44,10.99,10.43,10.78,0.029608,20791700.0,224350000.0,21498000000.0,79054000000.0,0.010426,11.42793916648544,2021-03-11,2020-12-31,17.10100944926908,4.963293922861035,15.25045360156016,3.0522370351447528,9.4208510132376
sh600989,2020-10-29,10.7,10.78,10.58,10.62,-0.014842,13049600.0,139140000.0,21179000000.0,77880000000.0,0.0065439999999999,11.258325693376463,2021-03-11,2020-12-31,16.847049053926124,4.88958598821587,15.02397508651688,3.0069094580549165,9.281026742499128
sh600989,2020-10-30,10.57,10.67,10.14,10.17,-0.042373,20425900.0,211910000.0,20282000000.0,74580000000.0,0.010242,10.781276658771022,2021-03-11,2020-12-31,16.133191043166544,4.6824001412575695,14.387365972681419,2.879498040340725,8.88776179633921
sh600989,2020-11-02,10.0,10.12,9.6,9.67,-0.049164,32536700.0,318550000.0,19285000000.0,70914000000.0,0.016315,10.251225973119203,2021-03-11,2020-12-31,15.340159689395444,4.452235500363895,13.680151120766023,2.737955538116414,8.45080387538399
sh600989,2020-11-03,9.7,10.33,9.68,10.12,0.046536,23291200.0,235120000.0,20182000000.0,74214000000.0,0.011679,10.728277025004276,2021-03-11,2020-12-31,16.054017700155025,4.659421347322196,14.316760234601487,2.8653669558306056,8.844070484528858
sh600989,2020-11-04,10.21,10.39,10.17,10.23,0.01087,18493100.0,189370000.0,20401000000.0,75020000000.0,0.009273,10.844893396266073,2021-03-11,2020-12-31,16.22837211126782,4.7100249208520095,14.47224718785948,2.896486229369284,8.940205530695687
sh600989,2020-11-05,10.38,10.42,10.15,10.28,0.004888,11364800.0,116500000.0,20501000000.0,75387000000.0,0.005699,10.897903235187023,2021-03-11,2020-12-31,16.307761774888657,4.733066498377373,14.54304583779209,2.910655923399923,8.983905255329727
sh600989,2020-11-06,10.29,10.41,10.2,10.29,0.000973,14318300.0,147450000.0,20521000000.0,75460000000.0,0.00718,10.908506895034858,2021-03-11,2020-12-31,16.323553179369096,4.73764970044645,14.557128403037542,2.9134744183978425,8.992646595143162
sh600989,2020-11-09,10.38,10.64,10.31,10.56,0.026239,25289400.0,265410000.0,21059000000.0,77440000000.0,0.012681,11.194735207453675,2021-03-11,2020-12-31,16.75186798582485,4.861961208621429,14.939093871338818,2.9899212690263575,9.228604649153123
sh600989,2020-11-10,10.98,11.31,10.68,10.8,0.022727,55797400.0,612950000.0,21538000000.0,79200000000.0,0.027979,11.449157954513474,2021-03-11,2020-12-31,17.13259225822996,4.972460326999189,15.278618732051065,3.057874025140593,9.438343147014425
sh600989,2020-11-11,10.77,11.09,10.66,10.76,-0.003704,34004800.0,370390000.0,21458000000.0,78907000000.0,0.017052,11.406750273449955,2021-03-11,2020-12-31,17.06921031969888,4.954064735132892,15.222095559216582,3.046561435628394,9.403383523997883
sh600989,2020-11-12,10.92,10.94,10.61,10.86,0.009294,25941700.0,279780000.0,21658000000.0,79640000000.0,0.013008,11.512764610491399,2021-03-11,2020-12-31,17.227773326331235,5.00008510659363,15.363499947229126,3.0748622141691517,9.490778570469917
sh600989,2020-11-13,10.85,10.97,10.77,10.93,0.0064459999999999,25251800.0,274980000.0,21797000000.0,80154000000.0,0.012662,11.586975891170624,2021-03-11,2020-12-31,17.338962119522275,5.032355871847135,15.462656639505315,3.09470750771615,9.551956129135165
sh600989,2020-11-16,10.94,11.16,10.84,11.02,0.008234,70797100.0,777960000.0,21977000000.0,80814000000.0,0.0355,11.682383050658522,2021-03-11,2020-12-31,17.48173372167419,5.073793041238795,15.589978462272407,3.120189791258989,9.630606935902465
sh600989,2020-11-17,11.41,12.09,11.41,11.71,0.062613,107976600.0,1278270000.0,23353000000.0,85874000000.0,0.054143,12.413852100609407,2021-03-11,2020-12-31,18.57631600483888,5.391478006574854,16.566112436820116,3.3155539650874153,10.233608127980126
sh600989,2020-11-18,11.85,12.28,11.68,12.1,0.033305,88538100.0,1067560000.0,24131000000.0,88734000000.0,0.044396,12.827295444820201,2021-03-11,2020-12-31,19.194992947497184,5.571039073938714,17.117840335477513,3.425977193773048,10.574438446682503
sh600989,2020-11-19,12.25,12.4,11.75,11.89,-0.017355,58802300.0,703640000.0,23712000000.0,87194000000.0,0.029485,12.604677732375348,2021-03-11,2020-12-31,18.86185920914271,5.474352345358174,16.8207560823543,3.366518532173092,10.39091906744033
sh600989,2020-11-20,11.85,12.53,11.75,12.53,0.053827,74690700.0,910620000.0,24988000000.0,91887000000.0,0.037453,13.283149720675915,2021-03-11,2020-12-31,19.877051828686565,5.76899573316887,17.726091406969395,3.5477130119708797,10.95023106808344
sh600989,2020-11-23,12.75,13.3,12.7,12.85,0.025539,84327000.0,1095180000.0,25626000000.0,94234000000.0,0.042285,13.622388081392259,2021-03-11,2020-12-31,20.38475629876315,5.916348818869213,18.178855525203282,3.6383295566300333,11.229889019331225
sh600989,2020-11-24,12.77,13.28,12.6,13.2,0.027237,44254600.0,575940000.0,26324000000.0,96800000000.0,0.022191,13.99342106556514,2021-03-11,2020-12-31,20.939834982281056,6.077451510776788,18.673867339173523,3.737401586282947,11.535757506550748
sh600989,2020-11-25,13.55,13.69,12.75,12.89,-0.023485,60922500.0,804960000.0,25706000000.0,94527000000.0,0.030549,13.664785571840344,2021-03-11,2020-12-31,20.44813823729423,5.934744410735511,18.235378698037767,3.649642146142233,11.264840241509406
sh600989,2020-11-26,13.09,13.12,12.26,12.45,-0.034135,64576000.0,807420000.0,24829000000.0,91300000000.0,0.03238,13.198338116345573,2021-03-11,2020-12-31,19.75007163101509,5.732141765846288,17.612852149447757,3.5250492234259614,10.880314919865482
sh600989,2020-11-27,12.52,12.6,11.98,12.17,-0.02249,42620000.0,520510000.0,24270000000.0,89247000000.0,0.021371,12.901507492108962,2021-03-11,2020-12-31,19.3059654200789,5.603247055602231,17.216804115901024,3.445783877799527,10.635616637317707
sh600989,2020-11-30,12.29,13.02,12.15,12.59,0.034511,61775700.0,783190000.0,25108000000.0,92327000000.0,0.030976,13.346751417169134,2021-03-11,2020-12-31,19.972232896787844,5.79662051276331,17.810972622147457,3.5647012009994383,11.002662403088179
sh600989,2020-12-01,12.5,12.75,12.44,12.72,0.010326,29136600.0,367750000.0,25367000000.0,93280000000.0,0.01461,13.484569972302824,2021-03-11,2020-12-31,20.178386437470838,5.856453274021267,17.99481761774903,3.601496074054476,11.116275895062468
sh600989,2020-12-02,12.71,13.21,12.53,12.85,0.01022,53043800.0,687520000.0,25626000000.0,94234000000.0,0.026598,13.622382277419756,2021-03-11,2020-12-31,20.38475629876315,5.916348818869213,18.178855525203282,3.6383295566300333,11.229884234710005
sh600989,2020-12-03,12.82,12.84,12.2,12.46,-0.03035,39852200.0,495890000.0,24849000000.0,91374000000.0,0.019983,13.208942975300067,2021-03-11,2020-12-31,19.76607935610485,5.736787751505353,17.627127626545885,3.5279063279444007,10.889057248186557
sh600989,2020-12-04,12.37,13.05,12.29,12.94,0.038523,40253400.0,512080000.0,25806000000.0,94894000000.0,0.020184,13.717791085537554,2021-03-11,2020-12-31,20.52752790091507,5.9577859882608735,18.306177347970376,3.6638118401728716,11.308536400558449
sh600989,2020-12-07,13.01,13.04,12.27,12.31,-0.048686,37425500.0,468970000.0,24549000000.0,90274000000.0,0.018767,13.049926708747073,2021-03-11,2020-12-31,19.528126685851653,5.667725802519253,17.41492458860073,3.485435855373004,10.75796899736086
sh600989,2020-12-08,12.33,12.54,12.16,12.32,0.0008119999999999,28805100.0,354870000.0,24569000000.0,90347000000.0,0.014444,13.060523249234574,2021-03-11,2020-12-31,19.543918090332095,5.672309004588331,17.429007153846182,3.488254350370924,10.766704468186715
sh600989,2020-12-09,12.3,12.39,11.86,11.96,-0.0292209999999999,36190400.0,435670000.0,23851000000.0,87707000000.0,0.0181479999999999,12.678881699368691,2021-03-11,2020-12-31,18.97283168172443,5.506560327021692,16.91971986277781,3.3863252161995705,10.452090596921833
sh600989,2020-12-10,11.95,12.04,11.67,11.75,-0.017559,22225300.0,262520000.0,23433000000.0,86167000000.0,0.011144,12.456253215609477,2021-03-11,2020-12-31,18.639697943369956,5.409873598441151,16.622635609654594,3.326866554599615,10.268562338130483
sh600989,2020-12-11,11.85,12.18,11.72,11.89,0.011915,32886100.0,392850000.0,23712000000.0,87194000000.0,0.01649,12.604669472673462,2021-03-11,2020-12-31,18.86185920914271,5.474352345358174,16.8207560823543,3.366518532173092,10.390912258389305
sh600989,2020-12-14,11.78,11.9,11.56,11.72,-0.0142979999999999,24382000.0,285510000.0,23373000000.0,85947000000.0,0.012226,12.424447908553176,2021-03-11,2020-12-31,18.59210740931932,5.396061208643932,16.580195002065565,3.3183724600853353,10.242342994918856
sh600989,2020-12-15,11.66,11.81,11.5,11.69,-0.00256,14159800.0,164670000.0,23313000000.0,85727000000.0,0.0071,12.39264132190728,2021-03-11,2020-12-31,18.54451687526868,5.382248818846711,16.537754394476536,3.309878365571056,10.216122596851864
sh600989,2020-12-16,11.68,11.9,11.55,11.72,0.002566,16181600.0,189660000.0,23373000000.0,85947000000.0,0.008114,12.424440839539297,2021-03-11,2020-12-31,18.59210740931932,5.396061208643932,16.580195002065565,3.3183724600853353,10.242337167435387
sh600989,2020-12-17,11.66,11.91,11.54,11.85,0.011092,21284200.0,250710000.0,23632000000.0,86900000000.0,0.010673,12.562252737331468,2021-03-11,2020-12-31,18.798260950002312,5.455893969901889,16.76403999766714,3.355167333140373,10.35594517129658
sh600989,2020-12-18,12.0,12.18,11.75,11.89,0.0033759999999999,30223100.0,361240000.0,23712000000.0,87194000000.0,0.015155,12.604662902572695,2021-03-11,2020-12-31,18.86185920914271,5.474352345358174,16.8207560823543,3.366518532173092,10.390906842194875
sh600989,2020-12-21,11.97,12.01,11.47,11.59,-0.025231,36781000.0,428580000.0,23114000000.0,84994000000.0,0.018443,12.286634652877884,2021-03-11,2020-12-31,18.385953868636324,5.336228447385974,16.39635000646399,3.2815775870302977,10.128733871659458
sh600989,2020-12-22,11.49,11.71,11.24,11.29,-0.0258839999999999,27307500.0,313700000.0,22515000000.0,82794000000.0,0.013693,11.968607401522794,2021-03-11,2020-12-31,17.910048528129934,5.198104549413774,15.971943930573685,3.1966366418875034,9.866561724125425
sh600989,2020-12-23,11.33,11.67,11.23,11.57,0.024801,22332800.0,257270000.0,23074000000.0,84847000000.0,0.011198,12.265440833687963,2021-03-11,2020-12-31,18.35415473906612,5.326999259657831,16.36799196412041,3.275901987513938,10.11126232144546
sh600989,2020-12-24,11.55,11.68,11.41,11.52,-0.0043219999999999,15589400.0,179560000.0,22974000000.0,84480000000.0,0.007817,12.212429598404762,2021-03-11,2020-12-31,18.274765075445288,5.303957682132469,16.297193314187805,3.2617322934832993,10.067561445692172
sh600989,2020-12-25,11.5,11.78,11.24,11.58,0.005208,35045200.0,403140000.0,23094000000.0,84920000000.0,0.017573,12.276031931753257,2021-03-11,2020-12-31,18.369946143546564,5.331582461726908,16.382074529365863,3.278720482511858,10.119993305701339
sh600989,2020-12-28,11.63,11.95,11.51,11.87,0.025043,70497000.0,830360000.0,23672000000.0,87047000000.0,0.03535,12.583460599420153,2021-03-11,2020-12-31,18.830060079572515,5.465123157630032,16.79239804001072,3.360842932656732,10.373428298056018
sh600989,2020-12-29,11.94,11.94,11.42,11.55,-0.0269589999999999,42526200.0,493600000.0,23034000000.0,84700000000.0,0.021324,12.244223085120385,2021-03-11,2020-12-31,18.322355609495926,5.317770071929688,16.339633921776834,3.2702263879975786,10.093771044568726
sh600989,2020-12-30,11.51,11.8,11.42,11.58,0.002597,33867100.0,393370000.0,23094000000.0,84920000000.0,0.016982,12.276021332472443,2021-03-11,2020-12-31,18.369946143546564,5.331582461726908,16.382074529365863,3.278720482511858,10.11998456797147
sh600989,2020-12-31,11.49,11.74,11.46,11.7,0.0103629999999999,35331400.0,410970000.0,23333000000.0,85800000000.0,0.017716,12.403237741540853,2021-03-11,2020-12-31,18.56030827974912,5.386832020915789,16.55183695972199,3.3126968605689755,10.224857968049356
sh600989,2021-01-04,11.65,12.13,11.61,12.04,0.02906,37273900.0,442280000.0,24011000000.0,88294000000.0,0.018691,12.76367583031003,2021-03-11,2020-12-31,19.099811879395904,5.543414294344273,17.032959120299452,3.408989004744489,10.521992340600871
sh600989,2021-01-05,12.03,12.95,11.89,12.7,0.054817,61887900.0,773940000.0,25327000000.0,93134000000.0,0.0310329999999999,13.463342248300133,2021-03-11,2020-12-31,20.14680362850996,5.8472868698831135,17.96665248725813,3.5958590840586364,11.098776394735587
sh600989,2021-01-06,12.85,13.55,12.85,13.38,0.0535429999999999,76791900.0,1020230000.0,26683000000.0,98120000000.0,0.038507,14.184209982300866,2021-03-11,2020-12-31,21.22537818658489,6.160325849560107,18.928510984707707,3.7883661533686235,11.693038179238913
sh600989,2021-01-07,13.6,13.99,13.24,13.65,0.020179,84698900.0,1153080000.0,27222000000.000004,100100000000.0,0.0424709999999999,14.470433155533714,2021-03-11,2020-12-31,21.65369299304064,6.284637357735086,19.310476453008985,3.864813003997138,11.928991996657775
sh600989,2021-01-08,13.79,13.89,13.35,13.6,-0.003663,52793800.0,718330000.0,27122000000.000004,99734000000.0,0.026473,14.417427958884995,2021-03-11,2020-12-31,21.57451965002912,6.261658563799712,19.239870714929047,3.850681919487019,11.885296098974019
sh600989,2021-01-11,13.7,14.82,13.61,14.0,0.029412,91606300.0,1300250000.0,27920000000.0,102667000000.0,0.0459339999999999,14.84147335001172,2021-03-11,2020-12-31,22.208987997167863,6.445802833232649,19.8056811788319,3.9639236431705713,12.234866427837042
sh600989,2021-01-12,13.85,14.52,13.72,14.15,0.010714,49184200.0,693710000.0,28219000000.0,103767000000.0,0.024663,15.000484895483744,2021-03-11,2020-12-31,22.44694066742106,6.514864782218749,20.017884216777055,4.006394115741969,12.365950786744888
sh600989,2021-01-13,14.14,14.65,13.9,14.18,0.00212,43902200.0,622930000.0,28279000000.000008,103986999999.99995,0.022014,15.032285923462167,2021-03-11,2020-12-31,22.494531201471688,6.528677172015966,20.060324824366077,4.014888210256246,12.392166602412784
sh600989,2021-01-14,14.08,14.16,13.48,13.57,-0.043018,45116800.0,620410000.0,27062000000.0,99514000000.0,0.0226229999999999,14.385627047606672,2021-03-11,2020-12-31,21.526929115978483,6.247846174002492,19.19743010734002,3.84218782497274,11.859080379510191
sh600989,2021-01-15,13.73,14.05,13.48,14.0,0.031688,38196200.0,528620000.0,27920000000.0,102667000000.0,0.019153,14.84147879749123,2021-03-11,2020-12-31,22.208987997167863,6.445802833232649,19.8056811788319,3.9639236431705713,12.234870918576108
sh600989,2021-01-18,13.85,14.5,13.5,14.32,0.022857,47316800.0,667060000.0,28558000000.0,105014000000.0,0.023726,15.180710478365487,2021-03-11,2020-12-31,22.71669246724445,6.5931559189329905,20.258445297065787,4.054540187829725,12.514523363162002
sh600989,2021-01-19,14.32,14.72,14.21,14.48,0.011173,41389700.0,599790000.0,28877000000.0,106186999999.99995,0.0207539999999999,15.350324556540265,2021-03-11,2020-12-31,22.970436541978074,6.666801069988166,20.484730900256384,4.09982915539904,12.654348132698612
sh600989,2021-01-20,14.42,15.14,14.28,14.67,0.013122,47207000.0,701230000.0,29256000000.0,107580000000.0,0.023671,15.551751515371189,2021-03-11,2020-12-31,23.27177115076236,6.754258610840565,20.753457111036028,4.153612217482639,12.820398488895885
sh600989,2021-01-21,14.8,14.9,14.22,14.6,-0.004772,40375900.0,589610000.0,29116000000.000008,107067000000.0,0.020246,15.477538557139837,2021-03-11,2020-12-31,23.160798678180644,6.7220506291770485,20.654493330612514,4.13380553345616,12.759219547306873
sh600989,2021-01-22,14.5,15.0,14.41,14.49,-0.007534,31218800.0,456380000.0,28897000000.000008,106259999999.99995,0.0156539999999999,15.360930781650344,2021-03-11,2020-12-31,22.986227946458513,6.671384272057243,20.498813465501833,4.10264765039696,12.663091587237464
sh600989,2021-01-25,14.43,15.94,14.26,15.77,0.088337,94440100.0,1468570000.0,31450000000.0,115647000000.0,0.047355,16.717869324108992,2021-03-11,2020-12-31,25.016829506155553,7.260733831268627,22.309677026584716,4.465075219513057,13.78171110877926
sh600989,2021-01-26,15.75,16.84,15.57,16.54,0.0488269999999999,88416700.0,1453200000.0,32985000000.000008,121294000000.0,0.044336,17.53415272959726,2021-03-11,2020-12-31,26.238391986991722,7.615272763927269,23.39905025865406,4.683103181886403,14.454630717087625
sh600989,2021-01-27,16.67,17.02,16.15,16.65,0.006651,70890000.0,1174780000.0,33205000000.0,122100000000.0,0.035546,17.65077237940181,2021-03-11,2020-12-31,26.412746398104513,7.665876337457084,23.55453721191206,4.714222455425081,14.550768465986973
sh600989,2021-01-28,16.49,16.8,15.73,15.81,-0.05045,39976700.0,649770000.0,31529000000.000008,115940000000.0,0.020046,16.76029091286099,2021-03-11,2020-12-31,25.080211444686633,7.279129423134925,22.366200199419197,4.4763878090252565,13.816682196877931
sh600989,2021-01-29,16.22,16.71,15.81,16.15,0.021505,46066500.0,751800000.0,32207000000.0,118433999999.99995,0.0231,17.120720968942067,2021-03-11,2020-12-31,25.619715044333407,7.4357116965634065,22.847322359996653,4.572679953200768,14.113809947521792
sh600989,2021-02-01,16.01,17.77,16.01,17.77,0.10031,70878500.0,1228090000.0,35438000000.0,130314000000.0,0.035541,18.838100489336647,2021-03-11,2020-12-31,28.189603883067907,8.181580745613287,25.13911516980432,5.031361056971859,15.529566223357703
sh600989,2021-02-02,18.3,19.0,17.22,18.31,0.030388,67084200.0,1211290000.0,36515000000.0,134274000000.0,0.0336389999999999,19.41055268700661,2021-03-11,2020-12-31,29.04623349597941,8.430203761963247,25.903046106406876,5.184254758228889,16.0014786817531
sh600989,2021-02-03,18.27,19.0,17.77,18.53,0.012015,61570300.0,1129780000.0,36954000000.0,135886999999.99995,0.030873,19.643770477540997,2021-03-11,2020-12-31,29.395158638814312,8.531473692612861,26.214212924775534,5.246531914826763,16.19373644811436
sh600989,2021-02-04,18.59,19.55,18.3,18.71,0.009714,60013400.0,1138470000.0,37313000000.0,137207000000.0,0.030093,19.83459006395983,2021-03-11,2020-12-31,29.680701843118154,8.614348031396185,26.468856570309725,5.297496481912441,16.351042403971345
sh600989,2021-02-05,18.9,19.1,17.26,17.37,-0.071619,70918100.0,1274920000.0,34640000000.0,127380000000.0,0.035561,18.41405655816909,2021-03-11,2020-12-31,27.55491921531985,7.997373692590363,24.573111794048796,4.918080723767787,15.179997098041323
sh600989,2021-02-08,17.8,18.88,17.46,18.37,0.057571,61740000.0,1127560000.0,36635000000.0,134714000000.0,0.030958,19.474172208279445,2021-03-11,2020-12-31,29.141414564080687,8.457828541557689,25.987927321584937,5.201242947257447,16.05392471097266
sh600989,2021-02-09,19.01,19.6,18.52,19.39,0.055525,53122700.0,1011740000.0,38669000000.0,142194000000.0,0.026638,20.55547562014416,2021-03-11,2020-12-31,30.759492721802403,8.927449794663167,27.430907979611984,5.490042160742949,16.945318880549415
sh600989,2021-02-10,19.33,19.9,18.82,19.47,0.0041259999999999,47749700.0,923070000.0,38828000000.0,142781000000.0,0.023944,20.64028751255287,2021-03-11,2020-12-31,30.88647291947388,8.964303761985748,27.544147237133622,5.5127059492878665,17.01523526625056
sh600989,2021-02-18,20.8,21.42,19.9,20.72,0.064201,65349700.0,1353770000.0,41321000000.0,151947000000.0,0.032769,21.965414611146276,2021-03-11,2020-12-31,32.869267624510954,9.539778147809923,29.312377278774786,5.866600814369163,18.10763038557911
sh600989,2021-02-19,20.3,20.41,18.65,19.35,-0.06612,73738500.0,1422530000.0,38589000000.0,141901000000.0,0.036975,20.513061397057285,2021-03-11,2020-12-31,30.69611078327133,8.909054202796868,27.3743848067775,5.478729571230748,16.91035386448462
sh600989,2021-02-22,19.3,20.94,19.18,20.5,0.059432,54601400.0,1111170000.0,40883000000.0,150334000000.0,0.027379,21.73219366200719,2021-03-11,2020-12-31,32.52034248167604,9.438508217160306,29.001210460406117,5.804323657771287,17.91537001535867
sh600989,2021-02-23,19.89,19.96,18.66,18.8,-0.082927,67588900.0,1293560000.0,37492000000.0,137867000000.0,0.033892,19.930008038197922,2021-03-11,2020-12-31,29.823473445270068,8.655785200787845,26.59617839307682,5.32297876545528,16.429702126095023
sh600989,2021-02-24,18.94,19.01,17.57,17.8,-0.0531909999999999,75150200.0,1356190000.0,35498000000.0,130533999999.99995,0.037683,18.86991098063814,2021-03-11,2020-12-31,28.23719441711854,8.195393135410505,25.181555777393342,5.039855151486137,15.555789840305904
sh600989,2021-02-25,18.12,19.3,17.83,18.23,0.0241569999999999,66493000.0,1232780000.0,36356000000.0,133686999999.99995,0.033342,19.325751420197413,2021-03-11,2020-12-31,28.919253298307922,8.393349794640663,25.789806848885227,5.161590969683969,15.931571055478173
sh600989,2021-02-26,17.8,18.03,17.1,17.48,-0.041141,40775000.0,715580000.0,34860000000.0,128186999999.99995,0.020446,18.530670681019075,2021-03-11,2020-12-31,27.72948994704195,8.048040049710163,24.728791659159455,4.949238606826984,15.276130290684746
sh600989,2021-03-01,17.6,18.43,17.11,18.1,0.035469,43152700.0,769870000.0,36096000000.0,132733999999.99995,0.021639,19.187935039404138,2021-03-11,2020-12-31,28.713099757624928,8.333517033382705,25.605961853283652,5.124796096628931,15.817959355965042
sh600989,2021-03-02,18.05,18.05,16.29,16.29,-0.1,107939300.0,1808060000.0,32487000000.0,119459999999.99995,0.054124,17.269141535463724,2021-03-11,2020-12-31,25.84165998949684,7.500127659890442,23.04524992084368,4.612293321253726,14.236163420368538
sh600989,2021-03-03,16.42,16.84,15.88,16.5,0.012891,57100400.0,936970000.0,32905000000.0,121000000000.0,0.028633,17.491758038997386,2021-03-11,2020-12-31,26.174793727851323,7.596814388470984,23.342334173966904,4.671751982853683,14.41968180302051
sh600989,2021-03-04,16.4,16.56,15.5,15.65,-0.051515,56347800.0,890780000.0,31210000000.000008,114767000000.0,0.028255,16.590670123618438,2021-03-11,2020-12-31,24.826467369952997,7.2054842720797465,22.139914596228593,4.43109884145594,13.676851894937908
sh600989,2021-03-05,15.85,16.04,15.27,15.39,-0.016613,57291500.0,891460000.0,30692000000.0,112859999999.99995,0.0287279999999999,16.315049320854765,2021-03-11,2020-12-31,24.413943967977676,7.085755965973842,21.772031693172757,4.357470485825343,13.449638354407305
sh600989,2021-03-08,16.1,16.93,15.5,15.51,0.007797,86747600.0,1404520000.0,30931000000.0,113740000000.0,0.043499,16.442257760409472,2021-03-11,2020-12-31,24.604306104180242,7.141005525162725,21.94179412352889,4.391446863882463,13.554505184656621
sh600989,2021-03-09,15.45,15.46,14.19,14.63,-0.056738,68691400.0,1019540000.0,29176000000.0,107286999999.99995,0.0344449999999999,15.509356939599359,2021-03-11,2020-12-31,23.208389212231268,6.735863018974265,20.69693393820154,4.142299627970438,12.785449669489573
sh600989,2021-03-10,14.9,15.14,14.45,14.68,0.003418,43400500.0,638370000.0,29276000000.0,107654000000.0,0.021763,15.56236792161891,2021-03-11,2020-12-31,23.28777887585212,6.75890459649963,20.76773258813416,4.156469322001079,12.82915033645989
sh600989,2021-03-11,15.25,16.12,14.91,15.79,0.075613,70265500.0,1092010000.0,31490000000.0,115794000000.0,0.035233,16.73908524727628,2021-03-11,2020-12-31,25.04862863572575,7.269963018996769,22.338035068928292,4.470750819029417,13.799200880850629
sh600989,2021-03-12,16.15,16.74,16.1,16.47,0.043065,61058700.0,1001120000.0,32846000000.0,120780000000.0,0.030617,17.459953953450228,2021-04-19,2021-03-31,21.845443408145535,6.982604886567772,21.685672127895845,4.399687064068861,14.393463466784459
sh600989,2021-03-15,16.47,16.54,15.57,15.89,-0.035216,43207700.0,687600000.0,31689000000.0,116527000000.0,0.021666,16.845084215025526,2021-04-19,2021-03-31,21.076204537348687,6.736727931918222,20.92205924861168,4.244761835690943,13.886583257338177
sh600989,2021-03-16,15.95,17.22,15.95,17.12,0.077407,71760600.0,1202850000.0,34142000000.0,125547000000.0,0.035983,18.149011648858007,2021-04-19,2021-03-31,22.70764930917741,7.258197513610897,22.541572103336144,4.573335915156923,14.961502007538954
sh600989,2021-03-17,17.12,17.12,16.44,16.81,-0.0181069999999999,44419600.0,745160000.0,33524000000.0,123274000000.0,0.0222729999999999,17.820387494932138,2021-04-19,2021-03-31,22.296532461464917,7.12678949152803,22.133462045820767,4.490536704222758,14.69059409068845
sh600989,2021-03-18,16.83,18.16,16.5,18.03,0.072576,69602500.0,1224410000.0,35957000000.0,132220000000.0,0.034901,19.113719937764333,2021-04-19,2021-03-31,23.914592874855128,7.643980941397507,23.739688431448823,4.816415164854982,15.756778647414253
sh600989,2021-03-19,17.51,17.55,17.05,17.39,-0.035496,57743000.0,999960000.0,34680000000.0,127527000000.0,0.028955,18.43525933485345,2021-04-19,2021-03-31,23.06577133226176,7.372666446177582,22.89707492510493,4.645461932600676,15.197476032545637
sh600989,2021-03-22,17.34,17.36,16.59,16.94,-0.0258769999999999,46968700.0,794790000.0,33783000000.0,124227000000.0,0.023552,17.958210129045447,2021-04-19,2021-03-31,22.46890129378784,7.181884891899774,22.304570222156954,4.525251903527756,14.804210945251453
sh600989,2021-03-23,16.93,16.94,16.01,16.2,-0.043684,44237900.0,721720000.0,32307000000.0,118800000000.0,0.022183,17.173723677768226,2021-04-19,2021-03-31,21.48732138506118,6.868135954001088,21.33016930612706,4.327561046625108,14.157503794319089
sh600989,2021-03-24,15.9,15.9,14.74,14.91,-0.0796299999999999,67842200.0,1031850000.0,29735000000.000008,109340000000.0,0.034018,15.806180061307545,2021-04-19,2021-03-31,19.776293941435938,6.321228831738037,19.631655824342868,3.982958963282739,13.030141767177462
sh600989,2021-03-25,14.91,15.36,14.78,15.01,0.0067069999999999,28877000.0,434980000.0,29934000000.0,110074000000.0,0.01448,15.912192110978731,2021-04-19,2021-03-31,19.90905230756923,6.363663274416799,19.763443234028873,4.00969658793108,13.11753492800992
sh600989,2021-03-26,15.06,15.36,14.74,15.25,0.015989,30645300.0,462510000.0,30413000000.0,111833999999.99995,0.015366,16.16661215064117,2021-04-19,2021-03-31,20.227382994755313,6.465413436698293,20.07944574226778,4.0738086034366345,13.327271193973871
sh600989,2021-03-29,15.49,15.66,15.04,15.45,0.013115,26249900.0,405230000.0,30811000000.0,113300000000.0,0.013163,16.37863726899683,2021-04-19,2021-03-31,20.492537987604646,6.550166696871408,20.342661467880436,4.127210998170242,13.502058355682838
sh600989,2021-03-30,15.38,16.06,15.22,16.02,0.036893,31950800.0,504420000.0,31948000000.0,117480000000.0,0.016021,16.982894333761934,2021-04-19,2021-03-31,21.24857336967161,6.791823332289964,21.093167424947872,4.279477034995941,14.000189794599047
sh600989,2021-03-31,15.91,15.91,15.55,15.66,-0.022472,25312800.0,396430000.0,31230000000.0,114840000000.0,0.012693,16.601254732293633,2021-04-19,2021-03-31,20.77107733889247,6.639198088867717,20.61916366258949,4.183309011737605,13.685577529534816
sh600989,2021-04-01,15.7,15.76,15.32,15.69,0.001916,21791300.0,338260000.0,31290000000.0,115059999999.99995,0.010927,16.63306273636071,2021-04-19,2021-03-31,20.81086867479073,6.651916859152903,20.65866397611935,4.191323013675798,13.711799096081407
sh600989,2021-04-02,15.83,16.0,15.36,15.44,-0.015934,20401800.0,319390000.0,30792000000.0,113227000000.0,0.01023,16.368031514719537,2021-04-19,2021-03-31,20.479334498874767,6.545946377640413,20.329554545663708,4.124551806618023,13.493315289284444
sh600989,2021-04-06,15.55,16.98,15.55,16.71,0.082254,56708400.0,930070000.0,33324000000.0,122540000000.0,0.028436,17.71436757893128,2021-04-19,2021-03-31,22.163774095331625,7.08435504884927,22.001674636134762,4.463799079574418,14.60319444508925
sh600989,2021-04-07,16.85,17.53,16.61,17.2,0.029324,74460000.0,1276420000.0,34301000000.0,126133999999.99995,0.037337,18.23382369381586,2021-04-19,2021-03-31,22.813819828142307,7.292133505235462,22.646966121709003,4.594718729419286,15.031418518997045
sh600989,2021-04-08,16.95,17.11,16.4,16.95,-0.014535,38269100.0,640800000.0,33803000000.0,124300000000.0,0.0191889999999999,17.96879506642625,2021-04-19,2021-03-31,22.482104782517716,7.1861052111307675,22.317677144373686,4.527911095079975,14.812936850823425
sh600989,2021-04-09,16.88,17.33,16.5,17.02,0.00413,30741000.0,521330000.0,33942000000.0,124814000000.0,0.015415,18.043006190050587,2021-04-19,2021-03-31,22.575071812752746,7.215820883524341,22.409964240529817,4.546634717790121,14.874114280017325
sh600989,2021-04-12,16.8,16.92,15.65,15.79,-0.072268,47451400.0,764700000.0,31490000000.0,115794000000.0,0.023794,16.739074218708012,2021-04-19,2021-03-31,20.943627040924028,6.694351301831666,20.79045138580536,4.21806063832414,13.799191789229033
sh600989,2021-04-13,15.67,16.07,15.51,15.7,-0.0057,22509900.0,354350000.0,31310000000.000008,115133999999.99995,0.011287,16.643661495661377,2021-04-19,2021-03-31,20.824253033229233,6.656194990976101,20.671950445215757,4.194018632509554,13.720536396030427
sh600989,2021-04-14,15.7,16.12,15.6,15.81,0.007006,17924100.0,283530000.0,31529000000.000008,115940000000.0,0.008988,16.760266988099982,2021-04-19,2021-03-31,20.97003401838378,6.702791940293653,20.816665230238815,4.2233790214285785,13.816662474021017
sh600989,2021-04-15,15.95,16.02,15.6,15.8,-0.000633,18714700.0,295160000.0,31509000000.0,115867000000.0,0.009384,16.749657739096513,2021-04-19,2021-03-31,20.956830529653903,6.698571621062659,20.803558308022087,4.220719829876359,13.807916526674962
sh600989,2021-04-16,15.82,15.9,15.58,15.68,-0.007595,19288000.0,302660000.0,31270000000.0,114986999999.99995,0.009672,16.622444088568077,2021-04-19,2021-03-31,20.797665186060847,6.647696539921909,20.64555705390262,4.188663822123579,13.703045400654865
sh600989,2021-04-19,16.08,16.7,15.91,16.32,0.040816,42119900.0,686780000.0,32546000000.0,119680000000.0,0.021121,17.30090576648707,2021-04-19,2021-03-31,21.646486728654224,6.9190110351418355,21.48817056024652,4.359617054377887,14.262348901727995
sh600989,2021-04-20,16.35,17.15,16.35,16.84,0.031863,47506800.0,800310000.0,33584000000.0,123494000000.0,0.023821,17.85216452692465,2021-08-10,2021-06-30,19.714169067938833,6.543038319930943,20.142293713258894,4.501037595964826,14.716790124783754
sh600989,2021-04-21,16.98,17.5,16.58,16.91,0.004157,52629600.0,898310000.0,33723000000.0,124007000000.0,0.0263899999999999,17.926375974863074,2021-08-10,2021-06-30,19.796062671934596,6.570218414981104,20.22596576756843,4.519735122052976,14.777967821332478
sh600989,2021-04-22,16.96,17.1,16.66,16.92,0.000591,31400700.0,529080000.0,33743000000.0,124080000000.0,0.015745,17.936970463064217,2021-08-10,2021-06-30,19.80771614774686,6.574086147805008,20.23787231720702,4.522395783660062,14.786701600314887
sh600989,2021-04-23,16.99,17.3,16.78,17.03,0.006501,29835000.0,507390000.0,33962000000.0,124886999999.99995,0.014961,18.0535787080446,2021-08-10,2021-06-30,19.936542928301588,6.6168431394336205,20.36949677691032,4.551808851015102,14.882829947418536
sh600989,2021-04-26,17.05,17.22,16.35,16.5,-0.031122,54808500.0,925670000.0,32905000000.0,121000000000.0,0.0274829999999999,17.491715231492837,2021-08-10,2021-06-30,19.316035250462363,6.410899612221194,19.735513784510392,4.410137732292613,14.419646513794977
sh600989,2021-04-27,16.5,16.75,16.16,16.59,0.005455,27716200.0,455890000.0,33085000000.000008,121659999999.99995,0.0138979999999999,17.587132538080628,2021-08-10,2021-06-30,19.421395442737605,6.44586815556058,19.843162041516806,4.4341930290142075,14.498305685527727
sh600989,2021-04-28,16.45,16.62,16.17,16.6,0.000603,20995300.0,345400000.0,33105000000.0,121733999999.99995,0.010528,17.59773757900109,2021-08-10,2021-06-30,19.43320855520483,6.449788871025906,19.8552316945751,4.436890138040568,14.507048163856098
sh600989,2021-04-29,16.59,16.68,16.18,16.44,-0.009639,25512000.0,419020000.0,32786000000.0,120559999999.99995,0.012793,17.4281129864771,2021-08-10,2021-06-30,19.245795122278857,6.387587249994933,19.66374827983944,4.394100867811547,14.36721472660469
sh600989,2021-04-30,16.42,16.42,15.91,16.21,-0.01399,27076900.0,437310000.0,32327000000.0,118874000000.0,0.013577,17.184293685796284,2021-08-10,2021-06-30,18.97664772201209,6.298258516555225,19.388755914213952,4.3326505189136535,14.16621739257949
sh600989,2021-05-06,16.23,16.44,16.03,16.3,0.005552,25946900.0,422060000.0,32507000000.0,119533999999.99995,0.013011,17.279700884339825,2021-08-10,2021-06-30,19.08200791428733,6.333227059894611,19.496404171220366,4.356705815635248,14.244868231543093
sh600989,2021-05-07,16.26,17.25,16.13,16.87,0.034969,53345300.0,895050000.0,33643000000.0,123714000000.0,0.02675,17.883954744564303,2021-08-10,2021-06-30,19.749289132030583,6.554694501044073,20.17817646559437,4.509056028205358,14.742997028731923
sh600989,2021-05-10,16.95,17.23,16.19,16.56,-0.018376,52861100.0,884040000.0,33025000000.0,121440000000.0,0.026507,17.555319192178192,2021-08-10,2021-06-30,19.386275378645863,6.434211974447453,19.807279289181338,4.426174596773677,14.472079715331946
sh600989,2021-05-11,16.36,16.4,14.92,15.46,-0.066425,58598200.0,901660000.0,30831000000.0,113374000000.0,0.0293839999999999,16.389207114837756,2021-08-10,2021-06-30,18.098646119718346,6.00685398872699,18.49168710582712,4.132189712900353,13.510771820241022
sh600989,2021-05-12,15.47,15.92,15.33,15.87,0.02652,34975700.0,547070000.0,31649000000.0,116380000000.0,0.0175379999999999,16.823848887523255,2021-08-10,2021-06-30,18.57851390453562,6.166119808845476,18.98197598546545,4.241750655241441,13.869077488913815
sh600989,2021-05-13,15.6,15.7,15.13,15.18,-0.0434779999999999,33769800.0,517810000.0,30273000000.0,111320000000.0,0.016933,16.09238158559152,2021-08-10,2021-06-30,17.77075243042537,5.898027643243499,18.15667268174956,4.0573267137092035,13.266077737850821
sh600989,2021-05-14,15.3,15.46,15.0,15.38,0.013175,22251500.0,339700000.0,30672000000.000008,112786999999.99995,0.011158,16.30439871298169,2021-08-10,2021-06-30,18.00493940325535,5.975753178211501,18.39594539845928,4.110795077785841,13.440858312047007
sh600989,2021-05-17,15.33,15.75,15.08,15.53,0.009753,45655600.0,703210000.0,30971000000.0,113886999999.99995,0.022893,16.4634155136294,2021-08-10,2021-06-30,18.180539723714098,6.034034083777147,18.575359160136646,4.150887238988501,13.5719470031644
sh600989,2021-05-18,15.71,15.71,15.25,15.41,-0.0077269999999999,23837900.0,366690000.0,30732000000.0,113007000000.0,0.011953,16.336202701955585,2021-08-10,2021-06-30,18.040059467347106,5.987409359324633,18.431828150794757,4.118813510026375,13.467076568670949
sh600989,2021-05-19,15.4,15.41,15.08,15.23,-0.011681,24426200.0,371760000.0,30373000000.0,111686999999.99995,0.012248,16.14537951819404,2021-08-10,2021-06-30,17.8293390827966,5.9174722726458535,18.216531636781912,4.070702916583181,13.309767647272302
sh600989,2021-05-20,14.95,14.96,14.13,14.43,-0.034783,47616400.0,684360000.0,28777000000.0,105820000000.0,0.023877,15.583794782412697,2021-08-10,2021-06-30,16.89275082813163,5.606623115415263,17.259603873362725,3.856865907695903,12.84681399919723
sh600989,2021-05-21,14.49,14.87,14.45,14.61,0.0124739999999999,30075100.0,441490000.0,29136000000.0,107140000000.0,0.015081,15.778187038528511,2021-08-10,2021-06-30,17.10347121268213,5.6765602020940396,17.474900387375566,3.904976501139096,13.007065157023215
sh600989,2021-05-24,14.65,14.72,14.29,14.42,-0.013005,24122700.0,349010000.0,28757000000.0,105747000000.0,0.0120959999999999,15.572991716092448,2021-08-10,2021-06-30,16.881097352319365,5.6027553825913605,17.247697323724136,3.8542052460888176,12.837908274656128
sh600989,2021-05-25,14.49,14.81,14.28,14.69,0.018724,28750600.0,418760000.0,29296000000.0,107727000000.0,0.014417,15.864580412984562,2021-08-10,2021-06-30,17.197177929145113,5.707661012609525,17.5706420947434,3.926371136253606,13.07828526919079
sh600989,2021-05-26,14.79,14.97,14.69,14.91,0.014976,27023600.0,401060000.0,29735000000.000008,109340000000.0,0.01355,16.102168369249423,2021-08-10,2021-06-30,17.454671853599624,5.793122013225334,17.8337279107303,3.9851608235444154,13.274145669382191
sh600989,2021-05-27,15.08,15.2,14.8,15.2,0.01945,60032600.0,901720000.0,30313000000.0,111467000000.0,0.0301019999999999,16.415355544031325,2021-08-10,2021-06-30,17.79421901870486,5.905816091532727,18.180648884446445,4.06268448434265,13.532327802651675
sh600989,2021-05-28,15.1,15.25,14.65,14.78,-0.027632,43634700.0,652220000.0,29475000000.0,108386999999.99995,0.02188,15.96176643963865,2021-08-10,2021-06-30,17.302538121420355,5.742629555948911,17.67829035174981,3.9504264329752,13.158402520808805
sh600989,2021-05-31,14.77,14.77,13.99,14.21,-0.038566,67006800.0,956690000.0,28339000000.0,104207000000.0,0.033599,15.346184955127546,2021-08-10,2021-06-30,16.635256903677117,5.521162114799454,16.99651805737582,3.7980762204050933,12.650935569191294
sh600989,2021-06-01,14.25,14.58,14.06,14.55,0.023927,55513600.0,793600000.0,29017000000.0,106700000000.0,0.027836,15.713373122548884,2021-08-10,2021-06-30,17.033231084498627,5.653247839867781,17.403134882704617,3.8889396366580313,12.953634504555334
sh600989,2021-06-02,14.66,14.95,14.23,14.33,-0.0151199999999999,40811000.0,592720000.0,28578000000.0,105086999999.99995,0.020464,15.475786920935946,2021-08-10,2021-06-30,16.77573716004411,5.56778683925197,17.140049066717708,3.8301499493672204,12.757775550846459
sh600989,2021-06-03,14.32,14.44,14.1,14.12,-0.014655,33686200.0,479730000.0,28159000000.0,103547000000.0,0.0168919999999999,15.24898926360963,2021-08-10,2021-06-30,16.529896711401868,5.486193571460066,16.888869800369402,3.774020923683498,12.570810350148804
sh600989,2021-06-04,14.0,14.09,13.7,13.82,-0.021246,47143600.0,653560000.0,27561000000.0,101347000000.0,0.023639,14.92500923771498,2021-08-10,2021-06-30,16.17869607048437,5.3696317603287715,16.530042277014665,3.6938366012781776,12.303730913449543
sh600989,2021-06-07,14.1,14.23,13.91,14.01,0.013748,34484900.0,484470000.0,27940000000.0,102740000000.0,0.017292,15.130198264715087,2021-08-10,2021-06-30,16.401069930847132,5.443436579831451,16.757245340666096,3.7446078563284546,12.472882606047648
sh600989,2021-06-08,13.99,14.16,13.85,13.95,-0.0042829999999999,24589800.0,342760000.0,27820000000.0,102300000000.0,0.0123299999999999,15.065395625547314,2021-08-10,2021-06-30,16.330829802663633,5.420124217605191,16.68547983599515,3.7285709918473913,12.419461249845947
sh600989,2021-06-09,14.0,14.24,13.46,14.18,0.016487,60665300.0,839250000.0,28279000000.000008,103986999999.99995,0.03042,15.313778803225711,2021-08-10,2021-06-30,16.600136839585364,5.509505933686323,16.96063530504034,3.79005778816456,12.624220907472155
sh600989,2021-06-10,14.3,14.3,13.88,14.21,0.002116,45442200.0,639330000.0,28339000000.0,104207000000.0,0.022786,15.346182759173336,2021-08-10,2021-06-30,16.635256903677117,5.521162114799454,16.99651805737582,3.7980762204050933,12.650933758912366
sh600989,2021-06-11,14.05,14.16,13.94,13.95,-0.018297,37025900.0,519240000.0,27820000000.0,102300000000.0,0.018566,15.06539365322874,2021-08-10,2021-06-30,16.330829802663633,5.420124217605191,16.68547983599515,3.7285709918473913,12.419459623925547
sh600989,2021-06-15,13.9,14.05,13.65,13.71,-0.017204,28618300.0,395180000.0,27341000000.000004,100540000000.0,0.01435,14.806208620818593,2021-08-10,2021-06-30,16.049869289929635,5.326874768700156,16.398417817311362,3.664423533923135,12.205795240555531
sh600989,2021-06-16,13.73,13.83,13.34,13.42,-0.021152,22763900.0,308750000.0,26763000000.0,98414000000.0,0.011415,14.493027696071039,2021-08-10,2021-06-30,15.710481761479363,5.214233673034187,16.051659947014926,3.5869363205441758,11.947618259627301
sh600989,2021-06-17,13.47,13.48,13.05,13.2,-0.016393,29335000.0,388790000.0,26324000000.0,96800000000.0,0.0147099999999999,14.255443493049347,2021-08-10,2021-06-30,15.45282820036989,5.128719689776955,15.788411027608314,3.5281101858340906,11.75176095349723
sh600989,2021-06-18,13.21,14.0,13.13,13.93,0.055303,43771600.0,599770000.0,27780000000.0,102154000000.0,0.021949,15.043812284545456,2021-08-10,2021-06-30,16.30752285103911,5.412388751957388,16.661666736717972,3.72324966863322,12.401668589508489
sh600989,2021-06-21,13.93,13.94,13.54,13.56,-0.026561,28801800.0,394190000.0,27042000000.0,99440000000.0,0.0144419999999999,14.644233586455643,2021-08-10,2021-06-30,15.874268969470887,5.268593863134509,16.219004055633995,3.6243313727204747,12.072267870102554
sh600989,2021-06-22,13.72,14.16,13.67,13.94,0.028024,32499300.0,453760000.0,27800000000.0,102227000000.0,0.016296,15.054623588482476,2021-08-10,2021-06-30,16.31917632685137,5.4162564847812895,16.67357328635656,3.725910330240305,12.410581104894307
sh600989,2021-06-23,14.0,14.34,13.89,14.3,0.025825,43424000.0,616020000.0,28518000000.0,104867000000.0,0.021774,15.443409242655036,2021-08-10,2021-06-30,16.740617095952366,5.5561306581388425,17.10416631438224,3.8221315171266896,12.731084361928204
sh600989,2021-06-24,14.48,14.6,14.11,14.24,-0.004196,36810100.0,527110000.0,28398000000.0,104427000000.0,0.018458,15.378608697472856,2021-08-10,2021-06-30,16.670376967768867,5.532818295912584,17.032400809711294,3.806094652645626,12.677664731945553
sh600989,2021-06-25,14.31,15.06,14.31,15.01,0.054073,74715200.0,1112710000.0,29934000000.0,110074000000.0,0.037465,16.210176205571305,2021-08-10,2021-06-30,17.5718451583421,5.832011272030048,17.953445820795018,4.0119132292923725,13.363184096996044
sh600989,2021-06-28,15.02,15.05,14.4,14.46,-0.036642,53097600.0,774140000.0,28837000000.0,106040000000.0,0.026625,15.61620292904676,2021-08-10,2021-06-30,16.92787089222338,5.618279296528392,17.2954866256982,3.8648843399364354,12.873530305313915
sh600989,2021-06-29,14.33,14.4,13.62,13.64,-0.056708,58735100.0,813580000.0,27202000000.0,100027000000.0,0.029452,14.730639293346378,2021-08-10,2021-06-30,15.967975685933874,5.299694673649995,16.314745763001827,3.6457260078349853,12.143498148760175
sh600989,2021-06-30,13.64,13.87,13.58,13.68,0.002933,23010900.0,315080000.0,27282000000.0,100320000000.0,0.011538,14.773844258393764,2021-08-10,2021-06-30,16.014749225837885,5.315218587587027,16.362535064975887,3.6564051016826022,12.179115028830488
sh600989,2021-07-01,13.76,13.83,13.39,13.41,-0.019737,29227300.0,395990000.0,26743000000.0,98340000000.0,0.014656,14.482252894265848,2021-08-10,2021-06-30,15.698668649012138,5.210312957568862,16.039590293956625,3.5842392115178145,11.938735835506462
sh600989,2021-07-02,13.42,13.93,13.19,13.71,0.022371,36958400.0,503220000.0,27341000000.000004,100540000000.0,0.018533,14.806235373763469,2021-08-10,2021-06-30,16.049869289929635,5.326874768700156,16.398417817311362,3.664423533923135,12.205817294882577
sh600989,2021-07-05,13.71,13.77,13.19,13.52,-0.013858,40788000.0,545470000.0,26963000000.0,99147000000.0,0.020452,14.601050563953855,2021-08-10,2021-06-30,15.827495429566875,5.253069949197478,16.17121475365993,3.6136522788728573,12.036669078810094
sh600989,2021-07-06,13.44,14.06,13.38,13.98,0.034024,46606900.0,647450000.0,27880000000.0,102520000000.0,0.02337,15.09783670834182,2021-08-10,2021-06-30,16.365949866755383,5.431780398718321,16.72136258833062,3.736589424087923,12.446204707547528
sh600989,2021-07-07,13.82,13.97,13.65,13.73,-0.017883,38960400.0,535700000.0,27381000000.0,100687000000.0,0.019536,14.827842094486545,2021-08-10,2021-06-30,16.073335878209125,5.334663216989384,16.422394020008248,3.6697813045565812,12.223629228762457
sh600989,2021-07-08,13.79,13.84,13.08,13.2,-0.038602,68177900.0,906270000.0,26324000000.0,96800000000.0,0.034187,14.255457733955174,2021-08-10,2021-06-30,15.45282820036989,5.128719689776955,15.788411027608314,3.5281101858340906,11.751772693273768
sh600989,2021-07-09,13.21,13.65,13.16,13.57,0.02803,48311100.0,650480000.0,27062000000.0,99514000000.0,0.024225,14.655038214237937,2021-08-10,2021-06-30,15.886082081938111,5.272514578599835,16.231073708692293,3.6270284817468355,12.08117488186623
sh600989,2021-07-12,13.7,14.92,13.62,14.58,0.074429,117047100.0,1689620000.0,29076000000.0,106920000000.0,0.0586929999999999,15.745798053485453,2021-08-10,2021-06-30,17.068351148590377,5.66490402098091,17.43901763504009,3.896958068898563,12.980364647148654
sh600989,2021-07-13,14.56,14.8,14.13,14.36,-0.0150889999999999,65390700.0,939720000.0,28638000000.0,105307000000.0,0.032789,15.508209706656414,2021-08-10,2021-06-30,16.81085722413587,5.579443020365102,17.17593181905319,3.838168381607754,12.78450392498783
sh600989,2021-07-14,14.36,14.63,14.13,14.38,0.001393,45110200.0,648490000.0,28678000000.0,105454000000.0,0.0226199999999999,15.529812642777785,2021-08-10,2021-06-30,16.834323812415352,5.58723146865433,17.199908021750073,3.8435261522412003,12.802312738955337
sh600989,2021-07-15,14.38,14.76,14.38,14.61,0.015994,52065000.0,758620000.0,29136000000.0,107140000000.0,0.026108,15.778196466186373,2021-08-10,2021-06-30,17.10347121268213,5.6765602020940396,17.474900387375566,3.904976501139096,13.007072928902188
sh600989,2021-07-16,14.64,15.1,14.35,14.7,0.00616,66182100.0,981790000.0,29316000000.000008,107800000000.0,0.033186,15.87539015641808,2021-08-10,2021-06-30,17.20883140495738,5.711528745433427,17.582548644381987,3.929031797860692,13.087196498144225
sh600989,2021-07-19,15.2,15.96,15.2,15.3,0.040816,104663600.0,1622430000.0,30512000000.0,112200000000.0,0.052483,16.52336008104244,2021-08-10,2021-06-30,17.911232686792374,5.944652367696017,18.300203691091454,4.089400442671332,13.621363510412479
sh600989,2021-07-20,15.0,15.6,14.85,15.5,0.013072,76933800.0,1179280000.0,30911000000.0,113667000000.0,0.0385779999999999,16.739353444021827,2021-08-10,2021-06-30,18.14541965962236,6.0223779026640205,18.53947640780118,4.142868806747971,13.799421974220593
sh600989,2021-07-21,15.59,15.78,15.2,15.51,0.000645,52695100.0,813590000.0,30931000000.0,113740000000.0,0.026423,16.75015032699322,2021-08-10,2021-06-30,18.15707313543462,6.026245635487923,18.551382957439767,4.145529468355056,13.808322601393964
sh600989,2021-07-22,15.51,16.0,15.5,15.74,0.0148289999999999,66547400.0,1047240000.0,31390000000.0,115427000000.0,0.033369,16.998538306192206,2021-08-10,2021-06-30,18.426380172356357,6.1156273515690565,18.826538426484966,4.207016264672227,14.013086217250036
sh600989,2021-07-23,15.77,16.5,15.76,16.38,0.040661,87067500.0,1420850000.0,32666000000.000008,120120000000.0,0.0436589999999999,17.689715872260287,2021-08-10,2021-06-30,19.175554994095364,6.364274887768676,19.591982775168496,4.378064003330485,14.58287231592964
sh600989,2021-07-26,16.41,16.66,15.69,15.95,-0.0262519999999999,70288200.0,1126990000.0,31809000000.0,116967000000.0,0.035245,17.22532545118171,2021-08-10,2021-06-30,18.672220620998605,6.197220619360963,19.077717692833282,4.2631452903559515,14.200042751891855
sh600989,2021-07-27,15.95,16.28,14.99,15.08,-0.054545,74294500.0,1165280000.0,30074000000.0,110586999999.99995,0.0372529999999999,16.285770074447004,2021-08-10,2021-06-30,17.653738762337852,5.859191367080205,18.037117875104546,4.03061075538052,13.425501419989914
sh600989,2021-07-28,15.01,15.26,14.4,15.05,-0.001989,52594900.0,782190000.0,30014000000.0,110367000000.0,0.026373,16.253377677768928,2021-08-10,2021-06-30,17.61861869824611,5.847535185967079,18.001235122769078,4.02259232313999,13.398798097665553
sh600989,2021-07-29,15.28,15.4,14.87,15.16,0.007309,51283400.0,777550000.0,30233000000.0,111174000000.0,0.025715,16.37217361521574,2021-08-10,2021-06-30,17.74744547880085,5.890292177595695,18.13285958247238,4.052005390495033,13.496729912961392
sh600989,2021-07-30,15.05,15.88,14.96,15.69,0.03496,60374800.0,932500000.0,31290000000.0,115059999999.99995,0.030274,16.944544804803687,2021-08-10,2021-06-30,18.367793519985113,6.096182722166697,18.7666794714526,4.193640061798247,13.968575590718524
sh600989,2021-08-02,15.59,16.45,15.36,16.35,0.042065,76091500.0,1222500000.0,32606000000.0,119900000000.0,0.038155,17.65731708201775,2021-08-10,2021-06-30,19.140434930003615,6.352618706655548,19.556100022833025,4.370045571089953,14.556163722942099
sh600989,2021-08-03,16.2,16.57,15.91,16.45,0.006116,53802200.0,875860000.0,32806000000.0,120633999999.99995,0.026978,17.765309233291372,2021-08-10,2021-06-30,19.25760823474608,6.391507965460258,19.675817932897733,4.396797976837908,14.645189220271613
sh600989,2021-08-04,16.0,16.73,15.88,16.48,0.0018239999999999,53518400.0,878130000.0,32866000000.000008,120854000000.0,0.026836,17.797713157332893,2021-08-10,2021-06-30,19.292728298837837,6.40316414657339,19.711700685233215,4.404816409078442,14.671902045409384
sh600989,2021-08-05,16.5,16.97,16.25,16.59,0.006675,62352000.0,1038930000.0,33085000000.000008,121659999999.99995,0.031266,17.91651289265809,2021-08-10,2021-06-30,19.421395442737605,6.44586815556058,19.843162041516806,4.4341930290142075,14.769836991562492
sh600989,2021-08-06,16.55,16.87,16.27,16.66,0.004219,49437900.0,818870000.0,33225000000.0,122174000000.0,0.02479,17.992102660552213,2021-08-10,2021-06-30,19.503448683388335,6.473101233252167,19.926997199246056,4.452927002521634,14.832150933829894
sh600989,2021-08-09,17.01,17.51,16.9,17.16,0.030012,73752500.0,1266350000.0,34222000000.000008,125840000000.0,0.036982,18.532081645600705,2021-08-10,2021-06-30,20.088676660480857,6.667335596710043,20.524934335890805,4.586543241584317,15.277293447655994
sh600989,2021-08-10,17.25,17.35,16.44,16.63,-0.030886,71031200.0,1198820000.0,33165000000.0,121954000000.0,0.035617,17.959699771894684,2021-08-10,2021-06-30,19.468328619296585,6.461445052139038,19.89111444691058,4.444908570281102,14.805438962231694
sh600989,2021-08-11,17.05,18.0,17.02,17.74,0.066747,107971900.0,1892200000.0,35378000000.0,130094000000.0,0.0541419999999999,19.158455852569336,2021-10-28,2021-09-30,19.16180685865824,6.2471336685669785,21.608588126845767,4.493398541137101,15.79365759664377
sh600989,2021-08-12,17.78,18.06,17.45,17.86,0.006764,71043900.0,1261710000.0,35618000000.0,130974000000.0,0.035624,19.288043647956115,2021-10-28,2021-09-30,19.29142382820041,6.2893914024235675,21.75475595588957,4.523793414968336,15.900485896627469
sh600989,2021-08-13,17.9,17.95,17.28,17.67,-0.010638,58415200.0,1029850000.0,35239000000.0,129580000000.0,0.029291,19.082857439629155,2021-10-28,2021-09-30,19.086098765084746,6.222451310382563,21.52321282669973,4.475645171649312,15.731336527659145
sh600989,2021-08-16,17.73,18.1,17.53,17.65,-0.001132,63910200.0,1135450000.0,35199000000.0,129433999999.99995,0.032047,19.061255645007495,2021-10-28,2021-09-30,19.064594131501604,6.215440368174535,21.49896225506291,4.470602385763673,15.713528654709835
sh600989,2021-08-17,17.85,17.99,16.42,16.68,-0.054958,85260000.0,1453580000.0,33264000000.0,122320000000.0,0.042753,18.013687157269175,2021-10-28,2021-09-30,18.01675876636183,5.8738250060657125,20.31732823708837,4.224887462541625,14.849944546904293
sh600989,2021-08-18,16.48,16.92,16.3,16.84,0.009592,44339600.0,738570000.0,33584000000.0,123494000000.0,0.022233,18.186474444481703,2021-10-28,2021-09-30,18.189679587091952,5.93020066464257,20.512329409017262,4.265436987402841,14.992385214998201
sh600989,2021-08-19,16.7,16.73,15.89,16.34,-0.029691,55501600.0,901230000.0,32586000000.0,119827000000.0,0.027831,17.646499831750596,2021-10-28,2021-09-30,17.64955978332929,5.754110766856083,19.90324142139951,4.138780166562912,14.547246305579687
sh600989,2021-08-20,16.22,16.41,15.68,16.02,-0.019584,42349700.0,677720000.0,31948000000.0,117480000000.0,0.021236,17.30091077904559,2021-10-28,2021-09-30,17.303865433879885,5.64140746985448,19.513405177347465,4.057715656469835,14.262353033931214
sh600989,2021-08-23,16.11,16.48,16.1,16.29,0.016854,36431000.0,594220000.0,32487000000.0,119459999999.99995,0.018268,17.592500329315627,2021-10-28,2021-09-30,17.595503615349767,5.7364873710318,19.84228279269601,4.126104122590111,14.50273073196509
sh600989,2021-08-24,16.47,16.83,16.22,16.3,0.000614,46140800.0,760040000.0,32507000000.0,119533999999.99995,0.023136,17.60330212451782,2021-10-28,2021-09-30,17.606403224152174,5.740040862287922,19.854574178320146,4.128660055162283,14.511635408634515
sh600989,2021-08-25,16.3,16.55,16.02,16.5,0.01227,50177700.0,821460000.0,32905000000.0,121000000000.0,0.025161,17.819294641585657,2021-10-28,2021-09-30,17.82233331204857,5.810438405280831,20.098076493522665,4.179295151794773,14.68969317509846
sh600989,2021-08-26,16.4,16.88,16.34,16.59,0.005455,44398700.0,737880000.0,33085000000.000008,121659999999.99995,0.0222629999999999,17.916498893855504,2021-10-28,2021-09-30,17.919546039205194,5.84213170567327,20.207702365305515,4.202091307168198,14.769825451368622
sh600989,2021-08-27,16.7,17.2,16.45,17.2,0.036769,62267800.0,1053330000.0,34301000000.0,126133999999.99995,0.031224,18.575270641683677,2021-10-28,2021-09-30,18.57853049571846,6.056973866212331,20.950832896148658,4.3566216088965435,15.312897163389994
sh600989,2021-08-30,17.26,17.48,16.92,16.96,-0.013953,55410000.0,947680000.0,33823000000.0,124374000000.0,0.0277839999999999,18.316089890420265,2021-10-28,2021-09-30,18.319296556634125,5.972458398499159,20.658497238061063,4.295831861234076,15.099236309269214
sh600989,2021-08-31,16.9,16.9,15.93,16.06,-0.0530659999999999,77056200.0,1245800000.0,32028000000.0,117774000000.0,0.038639,17.344128264295225,2021-10-28,2021-09-30,17.34716928506784,5.655525394574749,19.56223852023255,4.067870307499815,14.297980235281535
sh600989,2021-09-01,16.0,16.35,15.51,15.7,-0.022416,53155500.0,843180000.0,31310000000.000008,115133999999.99995,0.026654,16.955342285122782,2021-10-28,2021-09-30,16.95831837644132,5.528752193004983,19.12373503310114,3.976685686006109,13.977476710327464
sh600989,2021-09-02,15.72,16.6,15.72,16.54,0.0535029999999999,59976300.0,976550000.0,32985000000.000008,121294000000.0,0.030075,17.862503963403704,2021-10-28,2021-09-30,17.865637163236528,5.8245563300011005,20.146909836407755,4.189449802824754,14.725313646760112
sh600989,2021-09-03,16.54,16.79,16.09,16.24,-0.0181379999999999,49103900.0,805350000.0,32387000000.0,119094000000.0,0.024622,17.53851386651549,2021-10-28,2021-09-30,17.541594739381097,5.718911995359631,19.781490263798254,4.113462618246667,14.45822590783518
sh600989,2021-09-06,16.18,16.54,16.02,16.25,0.000616,32260600.0,522540000.0,32407000000.0,119167000000.0,0.016177,17.549317591057264,2021-10-28,2021-09-30,17.55234705617266,5.722417466463642,19.79361554961666,4.115984011189485,14.467132174994404
sh600989,2021-09-07,16.27,16.44,16.04,16.39,0.008615,49206500.0,801010000.0,32686000000.0,120194000000.0,0.024674,17.700504962104223,2021-10-28,2021-09-30,17.703615951308812,5.7717341626803655,19.964200050103006,4.151456210535711,14.591766518681982
sh600989,2021-09-08,16.43,17.16,16.35,16.76,0.022575,67578100.0,1135880000.0,33424000000.0,122907000000.0,0.033886,18.100093861623723,2021-10-28,2021-09-30,18.103219176726892,5.9020128353541415,20.414828823052815,4.245162224972233,14.921175647841228
sh600989,2021-09-09,16.85,17.47,16.7,17.22,0.0274459999999999,87866000.0,1506520000.0,34341000000.000008,126280000000.0,0.04406,18.596869037749844,2021-10-28,2021-09-30,18.6000351293016,6.063984808420359,20.975083467785474,4.361664394782181,15.330702234671875
sh600989,2021-09-10,17.25,17.28,16.53,16.55,-0.038908,75084000.0,1264140000.0,33005000000.0,121367000000.0,0.03765,17.873302057229076,2021-10-28,2021-09-30,17.876389480028088,5.828061801105113,20.15903512222616,4.1919711957675725,14.734215272125262
sh600989,2021-09-13,16.52,17.78,16.42,17.63,0.065257,103797200.0,1785330000.0,35159000000.0,129286999999.99995,0.052048,19.039660129577673,2021-10-28,2021-09-30,19.04294220590763,6.208381405814402,21.474545583620365,4.465525060248683,15.695725958138338
sh600989,2021-09-14,17.4,17.4,16.69,16.77,-0.04878,83125500.0,1404800000.0,33444000000.0,122980000000.0,0.041682,18.11090550845687,2021-10-28,2021-09-30,18.11397149351846,5.905518306458155,20.42695410887122,4.247683617915052,14.93008844590035
sh600989,2021-09-15,16.91,18.08,16.56,17.9,0.067382,113802800.0,1962770000.0,35697000000.0,131267000000.0,0.057066,19.33125454342771,2021-10-28,2021-09-30,19.33458038737752,6.303461306991726,21.80342319896893,4.533913526368964,15.936107665562007
sh600989,2021-09-16,18.46,19.69,18.27,18.6,0.039106,251469900.0,4800460000.0,37093000000.0,136400000000.0,0.126098,20.087222583602994,2021-10-28,2021-09-30,20.09063027903657,6.549948747771119,22.65601350178919,4.711205443841381,16.559305091931474
sh600989,2021-09-17,18.04,19.12,17.98,18.28,-0.017204,122401800.0,2265470000.0,36455000000.0,134054000000.0,0.061377,19.74164200627469,2021-10-28,2021-09-30,19.74508322159801,6.437293470921624,22.266343357542873,4.6301754733776574,16.274418807129887
sh600989,2021-09-22,17.97,18.97,17.4,18.76,0.026258,87875700.0,1586210000.0,37413000000.0,137574000000.0,0.044064,20.260018042075448,2021-10-28,2021-09-30,20.263551099766698,6.606324406347976,22.85101467371808,4.751754968702596,16.7017524961675
sh600989,2021-09-23,18.97,19.11,17.78,17.99,-0.041045,86122500.0,1570380000.0,35877000000.0,131927000000.0,0.043185,19.428445601538463,2021-10-28,2021-09-30,19.431793114534152,6.335154607384167,21.91304907075178,4.556709681742389,16.016229064962307
sh600989,2021-09-24,17.81,17.81,16.61,16.7,-0.071707,74859000.0,1285900000.0,33304000000.000008,122467000000.0,0.037537,18.035290052788945,2021-10-28,2021-09-30,18.038410691955804,5.880883968425847,20.341744908530913,4.229964788056615,14.867753327401052
sh600989,2021-09-27,16.75,16.92,15.11,15.59,-0.066467,80174000.0,1268750000.0,31091000000.000008,114327000000.0,0.040202,16.83653842885022,2021-10-28,2021-09-30,16.83945372369072,5.489999930252409,18.989692489875754,3.9488122051176946,13.879538366988685
sh600989,2021-09-28,15.7,16.55,15.62,16.3,0.045542,58600500.0,947930000.0,32507000000.0,119533999999.99995,0.0293839999999999,17.603308061976914,2021-10-28,2021-09-30,17.606403224152174,5.740040862287922,19.854574178320146,4.128660055162283,14.511640303298083
sh600989,2021-09-29,16.25,16.62,15.68,15.78,-0.031902,49892300.0,798370000.0,31470000000.0,115720000000.0,0.0250169999999999,17.041727328183725,2021-10-28,2021-09-30,17.044631494795542,5.556892002141304,19.22106951925986,3.996925908807365,14.048689954342267
sh600989,2021-09-30,15.78,16.17,15.72,16.08,0.019011,30995800.0,493940000.0,32068000000.0,117920000000.0,0.0155419999999999,17.365707606419825,2021-10-28,2021-09-30,17.36867391865097,5.6625363367827735,19.586489091869364,4.072913093385452,14.315769599064266
sh600989,2021-10-08,16.3,16.57,15.78,16.05,-0.001866,29364700.0,471510000.0,32008000000.0,117700000000.0,0.014725,17.333303196026243,2021-10-28,2021-09-30,17.336269676265427,5.651971903318627,19.549947134608413,4.0653143749276435,14.289056372992412
sh600989,2021-10-11,15.99,16.0,15.67,15.77,-0.017445,28679400.0,452430000.0,31450000000.0,115647000000.0,0.014381,17.030923721771565,2021-10-28,2021-09-30,17.033879178003975,5.553386531037291,19.208944233441454,3.9944045158645465,14.039783784565559
sh600989,2021-10-12,15.73,15.73,14.3,14.89,-0.055802,85806500.0,1273730000.0,29695000000.0,109194000000.0,0.043026,16.080564116249267,2021-10-28,2021-09-30,16.083403832031667,5.243512489473018,18.13710218705549,3.7715202876452762,13.25633576981923
sh600989,2021-10-13,14.89,14.99,14.62,14.74,-0.010074,27344100.0,404570000.0,29396000000.0,108094000000.0,0.013711,15.918568513342173,2021-10-28,2021-09-30,15.921382620103953,5.190690322152282,17.954392400750738,3.7335266953562334,13.122791443274071
sh600989,2021-10-14,14.72,14.73,14.28,14.55,-0.01289,37594000.0,546560000.0,29017000000.0,106700000000.0,0.018851,15.713378165205192,2021-10-28,2021-09-30,15.716057556988286,5.123750230111279,17.722849271560897,3.685378452037209,12.953638661570269
sh600989,2021-10-15,14.62,14.73,14.13,14.28,-0.018557,47609000.0,682000000.0,28478000000.0,104720000000.0,0.023873,15.421785006593478,2021-10-28,2021-09-30,15.4244193755184,5.028670328933956,17.393971656212347,3.616989985916931,12.713257988927507
sh600989,2021-10-18,14.25,14.55,14.2,14.44,0.011204,49242600.0,707360000.0,28797000000.000008,105894000000.0,0.024692,15.594570685807351,2021-10-28,2021-09-30,15.597340196248524,5.085045987510813,17.588972828141234,3.6575395107781468,12.855697331435453
sh600989,2021-10-19,14.5,14.72,14.32,14.65,0.014543,40550300.0,589950000.0,29216000000.000008,107433999999.99995,0.020333,15.821362527291047,2021-10-28,2021-09-30,15.82416989294732,5.1589970217598395,17.84476652896788,3.710730539982806,13.042657737726516
sh600989,2021-10-20,14.53,14.8,14.09,14.61,-0.00273,39923900.0,578210000.0,29136000000.0,107140000000.0,0.02002,15.778170207591542,2021-10-28,2021-09-30,15.780866041759372,5.144879097039572,17.7959331860828,3.7005758889528266,13.007051282102523
sh600989,2021-10-21,14.6,15.12,14.54,14.97,0.024641,51219200.0,763970000.0,29854000000.000008,109780000000.0,0.0256829999999999,16.166960099676803,2021-10-28,2021-09-30,16.169716950385887,5.271652298609336,18.2344366732142,3.791760510446531,13.32755803274481
sh600989,2021-10-22,14.9,15.05,14.66,14.69,-0.018704,28359800.0,419630000.0,29296000000.0,107727000000.0,0.014221,15.864573277972445,2021-10-28,2021-09-30,15.867326452124434,5.1730669263280005,17.893433772047242,3.7208506513834343,13.078279387300348
sh600989,2021-10-25,14.69,15.23,14.6,15.16,0.0319949999999999,37286100.0,559870000.0,30233000000.0,111174000000.0,0.018697,16.372160300001173,2021-10-28,2021-09-30,16.375042013501552,5.33859239065034,18.465979802404043,3.8399087537655547,13.496718936297023
sh600989,2021-10-26,15.2,15.62,15.05,15.43,0.01781,40733200.0,626490000.0,30772000000.000008,113154000000.0,0.020425,16.663748474944196,2021-10-28,2021-09-30,16.666680194971438,5.433672291827662,18.794857417752596,3.908297219885833,13.737095500552474
sh600989,2021-10-27,15.27,15.36,14.8,15.11,-0.0207389999999999,34656300.0,521240000.0,30133000000.0,110807000000.0,0.017378,16.318158995322328,2021-10-28,2021-09-30,16.320985845522035,5.320968994826059,18.405021173700547,3.8272327097927556,13.452201876966516
sh600989,2021-10-28,14.9,15.06,14.59,14.67,-0.02912,40563100.0,602380000.0,29256000000.0,107580000000.0,0.02034,15.842974205378543,2021-10-28,2021-09-30,15.845674526530457,5.166007963967866,17.869017100604697,3.7157733258684438,13.060473758309252
sh600989,2021-10-29,14.75,14.82,14.14,14.6,-0.004772,38446900.0,556170000.0,29116000000.000008,107067000000.0,0.0192789999999999,15.767371532470476,2022-03-10,2022-12-31,16.988014243258274,3.766006722896303,16.15817001216284,3.1606835985153543,12.9981491775346
sh600989,2021-11-01,14.58,14.86,14.43,14.47,-0.008904,33975200.0,495910000.0,28857000000.0,106114000000.0,0.017036,15.62697885634536,2022-03-10,2022-12-31,16.836804462711278,3.732485615487669,16.01434664902022,3.1325504532008766,12.882413657257832
sh600989,2021-11-02,14.48,14.74,13.86,14.12,-0.024188,43245700.0,614050000.0,28159000000.0,103547000000.0,0.021685,15.248993491768077,2022-03-10,2022-12-31,16.4295059247636,3.6421931887112127,15.6269441587924,3.0567710365982923,12.57081383571608
sh600989,2021-11-03,14.18,14.28,13.96,14.28,0.011331,18221800.0,257410000.0,28478000000.0,104720000000.0,0.009137,15.421779837023303,2022-03-10,2022-12-31,16.615622475216515,3.6834526420064146,15.803969137770675,3.091398717032586,12.71325372728858
sh600989,2021-11-04,14.28,14.64,14.18,14.54,0.018207,24863800.0,357500000.0,28997000000.000008,106627000000.0,0.012467,15.702564182515987,2022-03-10,2022-12-31,16.918200703446438,3.750530031123166,16.091766780491536,3.1476945282757214,12.944723937901324
sh600989,2021-11-05,14.55,14.63,14.15,14.2,-0.023384,22666400.0,326030000.0,28319000000.0,104133999999.99995,0.011366,15.335375421672033,2022-03-10,2022-12-31,16.522643533558018,3.6628405025085544,15.715532106499339,3.074099637122528,12.64202451333744
sh600989,2021-11-08,14.34,14.55,14.29,14.37,0.011972,21664800.0,312470000.0,28658000000.0,105380000000.0,0.010863,15.518970536220294,2022-03-10,2022-12-31,16.720342784934264,3.706667679666119,15.903573985277633,3.110882322392035,12.793374830811118
sh600989,2021-11-09,14.44,14.53,14.32,14.39,0.001392,15955000.0,229750000.0,28698000000.0,105527000000.0,0.008,15.540572943206714,2022-03-10,2022-12-31,16.743666853916853,3.711838301690326,15.925758701313272,3.1152218526766395,12.811183208575606
sh600989,2021-11-10,14.4,14.4,13.75,13.98,-0.028492,34632000.0,483200000.0,27880000000.0,102520000000.0,0.017366,15.097790938908869,2022-03-10,2022-12-31,16.266554776157342,3.6060691831407334,15.471952979414148,3.026453365834422,12.446166976596873
sh600989,2021-11-11,13.96,14.39,13.93,14.34,0.025751,24396600.0,345280000.0,28598000000.0,105159999999.99995,0.0122329999999999,15.486574153376713,2022-03-10,2022-12-31,16.68543601502834,3.6989293337795495,15.870372369441974,3.1043877872722168,12.76666822241122
sh600989,2021-11-12,14.4,14.47,14.1,14.19,-0.0104599999999999,21270500.0,302980000.0,28299000000.0,104059999999.99995,0.010666,15.324584587732394,2022-03-10,2022-12-31,16.510902165498756,3.6602376043467086,15.70436429026371,3.071915111673135,12.6331288728048
sh600989,2021-11-15,14.27,14.27,13.72,13.86,-0.023256,38842800.0,539220000.0,27641000000.000004,101640000000.0,0.019477,14.968196048560092,2022-03-10,2022-12-31,16.126927696533677,3.575115799594461,15.339146516071537,3.000475225355157,12.339332827738852
sh600989,2021-11-16,13.95,15.25,13.81,15.25,0.100289,107995300.0,1607370000.0,30413000000.0,111833999999.99995,0.054152,16.469341462074137,2022-03-10,2022-12-31,17.744380480265114,3.9336826085384375,16.87758866074718,3.301408366316101,13.576832177699956
sh600989,2021-11-17,15.15,15.4,14.65,15.27,0.0013109999999999,79880000.0,1202240000.0,30453000000.0,111980000000.0,0.040054,16.490932768730914,2022-03-10,2022-12-31,17.767545882111776,3.938818056263162,16.899622460347214,3.3057183759865256,13.59463140468492
sh600989,2021-11-18,15.58,16.15,15.55,15.58,0.020301,84431500.0,1334120000.0,31071000000.0,114254000000.0,0.042337,16.825715194868916,2022-03-10,2022-12-31,18.12835494923021,4.018804413290688,17.242806434939368,3.372848252634082,13.870616016831425
sh600989,2021-11-19,15.57,16.46,15.38,16.27,0.0442875481386393,81750024.0,1317240929.0,32446772900.0,119313767200.0,0.0409924553846771,17.570884866528708,2022-03-10,2022-12-31,18.931173719357055,4.196778180104835,18.006408465813166,3.5222156879908764,14.484911591389428
sh600989,2021-11-22,16.53,16.65,15.99,16.28,0.0006146281499692,68939241.0,1118678423.0,32466715600.0,119387100800.0,0.0345686597100693,17.581684426987547,2022-03-10,2022-12-31,18.942809351636928,4.199357638113503,18.0174757113361,3.524380540902979,14.493814425803313
sh600989,2021-11-23,16.05,16.36,15.9,16.12,-0.0098280098280097,41948963.0,675504015.0,32147632400.000008,118213763200.0,0.0210347460474258,17.40889145964615,2022-03-10,2022-12-31,18.75663923515893,4.158086309974797,17.840399782969165,3.4897428943093383,14.35136907518117
sh600989,2021-11-24,16.29,16.36,15.93,16.13,0.0006203473945407,39538914.0,639164463.0,32167575100.0,118287096800.0,0.0198262592327016,17.419691020104985,2022-03-10,2022-12-31,18.7682748674388,4.160665767983465,17.851467028492095,3.49190774722144,14.360271909595053
sh600989,2021-11-25,16.1,16.19,15.84,16.02,-0.0068195908245505,32563321.0,521429933.0,31948205400.0,117480427200.0,0.0163284414848541,17.30089585505777,2022-03-10,2022-12-31,18.640282912360174,4.132291729888104,17.729727327739823,3.4680943651883123,14.262340731042327
sh600989,2021-11-26,15.9,16.35,15.85,16.14,0.0074906367041198,34494333.0,557901442.0,32187517800.0,118360430399.99995,0.0172967216074052,17.430490580563823,2022-03-10,2022-12-31,18.77991049971867,4.163245225992133,17.862534274015022,3.494072600133542,14.369174744008935
sh600989,2021-11-29,15.75,16.14,15.69,16.11,-0.0018587360594796,35681568.0,569764426.0,32127689700.000008,118140429600.00005,0.0178920447080886,17.398091899187307,2022-03-10,2022-12-31,18.745003602879056,4.155506851966129,17.829332537446234,3.487578041397237,14.342466240767282
sh600989,2021-11-30,16.32,16.57,16.03,16.24,0.0080695220360025,47299706.0,771556698.0,32386944800.0,119093766400.0,0.0237178045099209,17.5384861851522,2022-03-10,2022-12-31,18.89626682251743,4.189039806078827,17.973206729244367,3.5157211292545694,14.458203088147776
sh600989,2021-12-01,16.14,17.3,16.1,16.96,0.0443349753694581,71983360.0,1216121159.0,33822819200.0,124373785600.0,0.0360950924398401,18.316054538188503,2022-03-10,2022-12-31,19.73403234666845,4.374760782703012,18.770048406895597,3.6715905389259538,15.099207165947433
sh600989,2021-12-02,17.15,17.46,16.91,17.0,0.0023584905660376,75514049.0,1294683571.0,33902590000.0,124667120000.0,0.0378655091838116,18.35925278002385,2022-03-10,2022-12-31,19.78057487578795,4.385078614737688,18.81431738898733,3.680249950574364,15.134818503602968
sh600989,2021-12-03,16.96,17.28,16.71,17.0,0.0,54139301.0,918870567.0,33902590000.0,124667120000.0,0.0271474278808787,18.35925278002385,2022-03-10,2022-12-31,19.78057487578795,4.385078614737688,18.81431738898733,3.680249950574364,15.134818503602968
sh600989,2021-12-06,17.16,17.39,16.9,17.28,0.0164705882352942,66535109.0,1143322639.0,34460985600.0,126720460800.0,0.0333631398958014,18.661640472871305,2022-03-10,2022-12-31,20.106372579624455,4.457303438980427,19.124200263629472,3.740865832113236,15.384097867191725
sh600989,2021-12-07,17.28,17.44,16.56,16.69,-0.0341435185185184,55694076.0,938051379.0,33284366300.0,122393778400.0,0.0279270489953717,18.024466405799892,2022-03-10,2022-12-31,19.419870275111816,4.305115416468942,18.471232777776383,3.6131395102991846,14.858830636772565
sh600989,2021-12-08,16.8,16.93,16.56,16.73,0.0023966446974235,32780435.0,549086341.0,33364137100.0,122687112800.0,0.0164373103942796,18.067664647635237,2022-03-10,2022-12-31,19.466412804231318,4.31543324850362,18.51550175986812,3.621798921947595,14.894441974428098
sh600989,2021-12-09,16.63,16.75,16.33,16.56,-0.0101613867304244,41608164.0,687850139.0,33025111200.0,121440441600.0,0.0208638569501622,17.884072119835,2022-03-10,2022-12-31,19.26860705547344,4.271582462356243,18.327358585978246,3.5849964224418516,14.743093789392068
sh600989,2021-12-10,16.55,16.68,16.33,16.48,-0.004830917874396,28958735.0,476509542.0,32865569600.0,120853772800.0,0.0145209700792771,17.7976756361643,2022-03-10,2022-12-31,19.175521997234437,4.250946798286889,18.238820621794776,3.5676775991450307,14.671871114080995
sh600989,2021-12-13,17.9,18.13,17.88,18.13,0.1001213592233007,119729468.0,2168201735.0,36156115100.0,132953816800.0,0.0600367392579741,19.579603111872494,2022-03-10,2022-12-31,21.095401323413853,4.676557369717311,20.06491613307884,3.924878329641954,16.14083879237187
sh600989,2021-12-14,18.09,18.82,17.9,18.52,0.021511307225593,145970179.0,2682173250.0,36933880400.0,135813827200.0,0.0731947925807438,20.00078596976716,2022-03-10,2022-12-31,21.549190982328987,4.777156232055411,20.496538708473256,4.009307593213954,16.488049334513352
sh600989,2021-12-15,18.55,18.68,17.23,17.37,-0.0620950323974081,124825064.0,2219026372.0,34640469900.0,127380463200.0,0.0625918576722309,18.75883651700084,2022-03-10,2022-12-31,20.211093270143333,4.48051856105845,19.22380547333588,3.760349508322159,15.464223376916681
sh600989,2021-12-16,17.4,18.38,17.01,18.02,0.0374208405296487,89537488.0,1587582741.0,35936745400.0,132147147200.0,0.0448973749793157,19.460807946825284,2022-03-10,2022-12-31,20.967409368335225,4.64818333162195,19.94317643232657,3.9010649476088255,16.042907613819146
sh600989,2021-12-17,18.06,18.24,17.5,17.95,-0.0038845726970033,68194266.0,1220910920.0,35797146500.0,131633812000.0,0.0341951019671358,19.385211023613422,2022-03-10,2022-12-31,20.885959942376097,4.630127125561265,19.86570571366603,3.885910977224108,15.98058777292196
sh600989,2021-12-20,17.94,18.33,17.63,17.76,-0.0105849582172701,67377283.0,1209663165.0,35418235200.0,130240473600.0,0.0337854367763642,19.180019374895508,2022-03-10,2022-12-31,20.664882929058468,4.58111742339655,19.655428048730293,3.8447787718941595,15.811433919058162
sh600989,2021-12-21,17.98,18.09,17.45,17.74,-0.0011261261261262,38353340.0,678872146.0,35378349800.0,130093806400.0,0.0192317690182372,19.158420253977834,2022-03-10,2022-12-31,20.64161166449872,4.5759585073792115,19.633293557684425,3.8404490660699544,15.793628250230395
sh600989,2021-12-22,17.76,18.08,17.46,17.89,0.0084554678692221,46822454.0,834219888.0,35677490300.0,131193810399.99995,0.0234784928821072,19.3204136608604,2022-03-10,2022-12-31,20.81614614869684,4.614650377509248,19.799302240528423,3.872921859751491,15.927170766438657
sh600989,2021-12-23,17.87,18.37,17.66,18.19,0.0167691447736166,66319898.0,1201307450.0,36275771300.0,133393818400.0,0.033255225220256,19.644400474625527,2022-03-10,2022-12-31,21.165215117093105,4.692034117769326,20.131319606216444,3.9378674471145696,16.19425579885518
sh600989,2021-12-24,18.21,18.3,17.59,17.83,-0.0197910940076967,45620592.0,817176002.0,35557834100.0,130753808800.00005,0.0228758352680429,19.255616298107373,2022-03-10,2022-12-31,20.746332355017604,4.599173629457236,19.732898767390836,3.859932742278878,15.87375375995535
sh600989,2021-12-27,17.99,18.61,17.93,18.31,0.026920919798093,67899196.0,1246906006.0,36515083700.0,134273821600.0,0.0340471430648808,19.773995200131573,2022-03-10,2022-12-31,21.30484270445161,4.722987613873358,20.26412655249165,3.9638456820598007,16.301089811821786
sh600989,2021-12-28,18.3,18.3,17.5,17.7,-0.0333151283451665,60361986.0,1072807033.0,35298579000.0,129800472000.0,0.0302677099891188,19.115222012142485,2022-03-10,2022-12-31,20.595069135379216,4.565640675344534,19.58902457559269,3.8317896544215433,15.758016912574858
sh600989,2021-12-29,17.8,17.98,17.65,17.8,0.0056497175141243,30190670.0,538012947.0,35498006000.0,130533808000.0,0.0151387073966915,19.22321761673086,2022-03-10,2022-12-31,20.71142545817797,4.591435255431227,19.69969703082203,3.8534381835425693,15.8470452567137
sh600989,2021-12-30,17.79,17.8,17.25,17.42,-0.0213483146067414,40861283.0,713522910.0,34740183400.0,127747131199.99995,0.0204893434690387,18.81283431929504,2022-03-10,2022-12-31,20.269271431542702,4.493415851101794,19.27914170095054,3.7711737728826704,15.508737548986108
sh600989,2021-12-31,17.49,17.6,17.25,17.36,-0.0034443168771528,30150752.0,524602776.0,34620527200.0,127307129600.00005,0.0151186910498578,18.74803695654201,2022-03-10,2022-12-31,20.199457637863464,4.477939103049782,19.21273822781295,3.7581846554100578,15.4553205425028
sh600989,2022-01-04,17.45,17.53,17.05,17.27,-0.0051843317972349,30129757.0,520701699.0,34441042900.0,126647127200.0,0.0151081633881069,18.650840912412477,2022-03-10,2022-12-31,20.09473694734458,4.454723980971758,19.11313301810654,3.738700979201133,15.375195032777846
sh600989,2022-01-05,17.21,17.28,16.68,17.09,-0.0104226983207874,44366315.0,750231617.0,34082074300.0,125327122400.0,0.022246894853756,18.4564488241534,2022-03-10,2022-12-31,19.885295566306826,4.408293736815712,18.913922598693734,3.6997336267832868,15.214944013327935
sh600989,2022-01-06,16.97,17.53,16.82,17.4,0.0181392627267407,32497399.0,562265310.0,34700298000.0,127600464000.0,0.0162953857802604,18.791235198377365,2022-03-10,2022-12-31,20.24600016698296,4.488256935084458,19.25700720990468,3.766844067058467,15.49093188015834
sh600989,2022-01-07,17.35,17.49,16.93,16.99,-0.0235632183908046,28806723.0,496719964.0,33882647300.0,124593786400.0,0.0144447456964202,18.348453219565027,2022-03-10,2022-12-31,19.768939243508076,4.382499156729019,18.803250143464396,3.6780850976622617,15.125915669189094
sh600989,2022-01-10,16.95,17.5,16.83,17.16,0.0100058858151854,26236353.0,452023480.0,34221673200.0,125840457600.0,0.0131558680619976,18.532045747365267,2022-03-10,2022-12-31,19.966744992265955,4.426349942876397,18.99139331735427,3.714887597168005,15.277263854225124
sh600989,2022-01-11,17.18,17.23,16.4,16.47,-0.0402097902097903,38704138.0,647001483.0,32845626900.0,120780439200.0,0.0194076719802233,17.78687607570547,2022-03-10,2022-12-31,19.16388636495456,4.24836734027822,18.227753376271842,3.5655127462329284,14.662968279667119
sh600989,2022-01-12,16.6,17.13,16.55,17.04,0.0346083788706739,38417568.0,649829396.0,33982360800.0,124960454400.0,0.0192639752892035,18.402451021859214,2022-03-10,2022-12-31,19.827117404907447,4.395396446772366,18.858586371079063,3.6889093622227738,15.170429841258514
sh600989,2022-01-13,17.38,17.4,16.5,16.55,-0.0287558685446008,35807128.0,600629992.0,33005168500.0,121367108000.0,0.0179550050895816,17.873272559376176,2022-03-10,2022-12-31,19.256971423193562,4.2690030043475735,18.31629134045531,3.5828315695297484,14.734190954978196
sh600989,2022-01-14,16.4,16.43,16.0,16.09,-0.0277945619335348,35097736.0,566882081.0,32087804300.0,117993762400.0,0.0175992899657518,17.376492778269647,2022-03-10,2022-12-31,18.7217323383193,4.150347935948789,17.807198046400362,3.4832483355730304,14.324660571939527
sh600989,2022-01-17,16.05,16.3,15.88,16.17,0.0049720323182099,21992939.0,355742158.0,32247345900.0,118580431199.99995,0.0110280649059555,17.462889261940344,2022-03-10,2022-12-31,18.814817396558293,4.170983600018141,17.895736010583825,3.50056715886985,14.395883247250596
sh600989,2022-01-18,16.13,16.45,16.01,16.3,0.0080395794681509,20090270.0,326873934.0,32506601000.0,119533768000.0,0.010073997001409,17.603283547905235,2022-03-10,2022-12-31,18.96608061619668,4.2045165541308425,18.03961020238197,3.5287102467271843,14.511620094631091
sh600989,2022-01-19,16.31,17.0,16.26,16.74,0.0269938650306746,41780523.0,698766144.0,33384079800.0,122760446400.0,0.0209502840638429,18.078464208094083,2022-03-10,2022-12-31,19.478048436511195,4.318012706512289,18.526569005391053,3.6239637748596976,14.903344808841988
sh600989,2022-01-20,16.74,16.92,16.44,16.49,-0.0149342891278375,21132838.0,351593942.0,32885512300.0,120927106400.0,0.0105967787711794,17.808475196623146,2022-03-10,2022-12-31,19.18715762951431,4.253526256295558,18.24988786731771,3.5698424520571335,14.680773948494888
sh600989,2022-01-21,16.48,16.48,16.08,16.13,-0.021831412977562,18498127.0,298990896.0,32167575100.0,118287096800.0,0.0092756382034528,17.419691020104995,2022-03-10,2022-12-31,18.7682748674388,4.160665767983465,17.851467028492095,3.49190774722144,14.360271909595062
sh600989,2022-01-24,16.06,16.43,16.01,16.37,0.014879107253565,14430048.0,235386333.0,32646199900.000008,120047103200.0,0.0072357544364604,17.6788804711171,2022-03-10,2022-12-31,19.04753004215581,4.222572760191528,18.117080921042508,3.5438642171119024,14.573939935528283
sh600989,2022-01-25,16.31,16.44,15.62,15.63,-0.0452046426389737,25861264.0,412393965.0,31170440100.0,114620416800.0,0.0129677847031745,16.87971299716312,2022-03-10,2022-12-31,18.18649325344504,4.031692867550005,17.29810475234541,3.3836651016163124,13.91513018890086
sh600989,2022-01-26,15.76,16.35,15.65,16.13,0.0319897632757515,23661453.0,381051676.0,32167575100.0,118287096800.0,0.0118647189197049,17.419691020104995,2022-03-10,2022-12-31,18.7682748674388,4.160665767983465,17.851467028492095,3.49190774722144,14.360271909595062
sh600989,2022-01-27,16.21,16.33,15.91,16.05,-0.0049597024178548,17031139.0,274137796.0,32008033500.0,117700428000.0,0.0085400367051602,17.3332945364343,2022-03-10,2022-12-31,18.6751898091998,4.140030103914112,17.762929064308626,3.47458892392462,14.289049234283992
sh600989,2022-01-28,16.06,16.3,15.69,15.91,-0.0087227414330218,20911421.0,333593274.0,31728835700.0,116673757600.0,0.0104857521799956,17.182100690010575,2022-03-10,2022-12-31,18.512290957281547,4.103917691792743,17.607987626987555,3.444280983155184,14.164409552489616
sh600989,2022-02-07,16.29,16.85,16.22,16.61,0.0439974858579508,27977367.0,464170360.0,33124824700.000008,121807109600.00005,0.0140288762304,17.938069922129202,2022-03-10,2022-12-31,19.32678521687282,4.28447975239959,18.38269481359292,3.595820687002365,14.7876079614615
sh600989,2022-02-08,16.72,17.35,16.61,17.14,0.0319084888621312,48984987.0,837502501.0,34181787800.0,125693790399.99995,0.0245628661114091,18.510446626447592,2022-03-10,2022-12-31,19.943473727706195,4.421191026859056,18.969258826308394,3.7105578913437984,15.259458185397358
sh600989,2022-02-09,17.15,17.19,16.9,17.01,-0.0075845974329054,23941250.0,406702518.0,33922532700.0,124740453600.0,0.0120050193805252,18.370052340482705,2022-03-10,2022-12-31,19.792210508067825,4.387658072746357,18.825384634510264,3.6824148034864668,15.143721338016865
sh600989,2022-02-10,17.02,17.43,16.91,17.34,0.0194003527336859,35327355.0,609458141.0,34580641800.0,127160462400.0,0.0177144293400592,18.726437835624342,2022-03-10,2022-12-31,20.176186373303707,4.472780187032442,19.190603736767077,3.7538549495858513,15.437514873675038
sh600989,2022-02-11,17.2,18.0,17.13,17.8,0.0265282583621684,68375272.0,1219847863.0,35498006000.0,130533808000.0,0.0342858650032342,19.22321761673087,2022-03-10,2022-12-31,20.71142545817797,4.591435255431227,19.69969703082203,3.8534381835425693,15.84704525671371
sh600989,2022-02-14,17.79,17.91,17.41,17.52,-0.0157303370786517,35976905.0,635378361.0,34939610400.0,128480467200.0,0.0180401374939199,18.92082992388342,2022-03-10,2022-12-31,20.385627754341463,4.519210431188489,19.389814156179884,3.7928223020036973,15.597765893124954
sh600989,2022-02-15,17.53,17.69,17.1,17.25,-0.0154109589041095,30572540.0,529474805.0,34401157500.0,126500460000.0,0.0153301909972069,18.629241791494806,2022-03-10,2022-12-31,20.07146568278483,4.449565064954419,19.090998527060673,3.734371273376928,15.357389363950084
sh600989,2022-02-16,17.18,17.3,16.93,17.1,-0.0086956521739129,30014387.0,512676292.0,34102017000.0,125400456000.0,0.0150503126457299,18.467248384612247,2022-03-10,2022-12-31,19.8969311985867,4.41087319482438,18.924989844216665,3.70189847969539,15.223846847741827
sh600989,2022-02-17,17.05,17.08,16.79,16.89,-0.012280701754386,24675760.0,417150022.0,33683220300.0,123860450399.99995,0.0123733295892732,18.24045761497666,2022-03-10,2022-12-31,19.652582920709314,4.356704576642326,18.69257768823505,3.6564365685412343,15.036887325050259
sh600989,2022-02-18,16.85,17.33,16.78,17.28,0.0230905861456482,27432900.0,468851920.0,34460985600.0,126720460800.0,0.0137558605404483,18.661640472871323,2022-03-10,2022-12-31,20.106372579624455,4.457303438980427,19.124200263629472,3.740865832113236,15.38409786719174
sh600989,2022-02-21,17.28,17.35,16.86,16.94,-0.0196759259259259,22749838.0,386839577.0,33782933800.0,124227118400.0,0.0114076017790971,18.294455417270846,2022-03-10,2022-12-31,19.710761082108696,4.369601866685673,18.747913915849725,3.6672608331017487,15.08140149711968
sh600989,2022-02-22,16.77,17.13,16.7,17.1,0.0094451003541913,23741488.0,401774441.0,34102017000.0,125400456000.0,0.0119048513992588,18.467248384612247,2022-03-10,2022-12-31,19.8969311985867,4.41087319482438,18.924989844216665,3.70189847969539,15.223846847741827
sh600989,2022-02-23,17.06,17.48,16.96,17.44,0.0198830409356725,33811457.0,585484052.0,34780068800.0,127893798400.0,0.0169543025768827,18.834433440212724,2022-03-10,2022-12-31,20.29254269610246,4.498574767119134,19.30127619199641,3.7755034787068773,15.526543217813886
sh600989,2022-02-24,17.29,17.5,16.85,17.03,-0.0235091743119265,33495887.0,574478619.0,33962418100.0,124887120800.0,0.0167960642240017,18.39165146140039,2022-03-10,2022-12-31,19.815481772627574,4.392816988763696,18.84751912555613,3.686744509310672,15.16152700684464
sh600989,2022-02-25,17.07,17.57,17.06,17.3,0.0158543746330006,29342114.0,509523516.0,34500871000.0,126867128000.0,0.014713210347646,18.683239593789,2022-03-10,2022-12-31,20.12964384418421,4.462462354997766,19.146334754675344,3.745195537937441,15.40190353601951
sh600989,2022-02-28,17.3,17.6,17.08,17.5,0.0115606936416183,32055278.0,557829800.0,34899725000.0,128333800000.0,0.0160736901222001,18.899230802965754,2022-03-10,2022-12-31,20.36235648978171,4.51405151517115,19.367679665134016,3.788492596179492,15.579960224297192
sh600989,2022-03-01,17.55,17.6,16.9,17.2,-0.0171428571428572,36863884.0,634442959.0,34301444000.0,126133792000.0,0.0184849012420584,18.575243989200622,2022-03-10,2022-12-31,20.013287521385454,4.436667774911073,19.035662299446003,3.723547008816415,15.312875191880666
sh600989,2022-03-02,17.55,17.9,17.22,17.3,0.0058139534883721,42128262.0,736674986.0,34500871000.0,126867128000.0,0.0211246531312209,18.683239593788997,2022-03-10,2022-12-31,20.12964384418421,4.462462354997766,19.146334754675344,3.745195537937441,15.401903536019507
sh600989,2022-03-03,17.55,18.42,17.45,18.17,0.0502890173410404,98525170.0,1783841198.0,36235885900.0,133247151199.99995,0.0494041278262221,19.622801353707867,2022-03-10,2022-12-31,21.14194385253335,4.686875201751986,20.10918511517057,3.933537741290363,16.176450130027426
sh600989,2022-03-04,18.18,18.2,17.8,17.87,-0.0165107319757843,44447223.0,798277130.0,35637604900.0,131047143200.0,0.0222874650874756,19.298814539942736,2022-03-10,2022-12-31,20.7928748841371,4.609491461491912,19.777167749482565,3.8685921539272874,15.9093650976109
sh600989,2022-03-07,18.31,18.66,17.5,17.63,-0.0134303301622832,64323978.0,1163130314.0,35158980100.0,129287136800.0,0.0322543978498397,19.039625088930634,2022-03-10,2022-12-31,20.51361970942009,4.54758446928385,19.511553856932153,3.8166356840368256,15.69569707167768
sh600989,2022-03-08,17.5,17.61,16.25,16.35,-0.0726035167328416,67691343.0,1135749334.0,32606314500.0,119900436000.0,0.0339429179599552,17.65728135019943,2022-03-10,2022-12-31,19.024258777596057,4.217413844174188,18.094946429996636,3.5395345112876972,14.556134266700518
sh600989,2022-03-09,16.45,17.05,15.79,16.7,0.0214067278287459,71048924.0,1172825131.0,33304309000.0,122467112000.0,0.0356265320142207,18.03526596625874,2022-03-10,2022-12-31,19.43150590739169,4.307694874477612,18.482300023299317,3.615304363211287,14.867733471186458
sh600989,2022-03-10,16.87,17.2,16.6,17.17,0.0281437125748504,45473124.0,772349611.0,34241615900.0,125913791199.99995,0.0228018894131687,18.54284530782411,2022-03-10,2022-12-31,19.97838062454582,4.428929400885063,19.002460562877197,3.7170524500801063,15.286166688639014
sh600989,2022-03-11,17.05,17.55,16.81,17.48,0.0180547466511356,44612019.0,771743584.0,34859839600.0,128187132800.0,0.0223700998360302,18.877631682048072,2022-04-19,2022-03-31,18.08297815927505,5.161504436473581,20.695681628912308,3.9537137755294416,15.56215455546942
sh600989,2022-03-14,17.2,17.38,16.53,16.53,-0.0543478260869564,37767098.0,638414933.0,32965283100.0,121220440800.0,0.0189378058136561,17.851673438458505,2022-04-19,2022-03-31,17.100207607140536,4.880987891013059,19.570916322993156,3.7388380268593626,14.71638528615043
sh600989,2022-03-15,16.37,16.37,15.0,15.05,-0.0895341802782819,59617364.0,925589015.0,30013763500.0,110367068000.0,0.0298943292533107,16.253338490550544,2022-04-19,2022-03-31,15.56915453644677,4.443972641242985,17.81865037271912,3.404084228931241,13.398765792895581
sh600989,2022-03-16,15.3,15.41,14.1,15.0,-0.0033222591362126,75990197.0,1120654242.0,29914050000.0,110000400000.0,0.0381042672256013,16.199340688256356,2022-04-19,2022-03-31,15.517429770544952,4.429208612534537,17.759452198723373,3.392774979001237,13.354251620826162
sh600989,2022-03-17,15.28,15.59,14.83,15.14,0.0093333333333334,51955556.0,788070486.0,30193247800.0,111027070399.99995,0.0260524181780802,16.350534534680083,2022-04-19,2022-03-31,15.662259115070032,4.470547892918191,17.925207085911453,3.4244408788052474,13.478891302620541
sh600989,2022-03-18,15.1,15.22,14.5,14.88,-0.0171730515191544,60959811.0,901352369.0,29674737600.0,109120396800.0,0.0305674813340219,16.069745962750307,2022-04-19,2022-03-31,15.393290332380595,4.393774943634261,17.617376581133588,3.365632779169227,13.247417607859555
sh600989,2022-03-21,14.9,15.04,14.63,14.91,0.002016129032258,38096546.0,565354332.0,29734565700.0,109340397600.0,0.0191030031038926,16.10214464412682,2022-04-19,2022-03-31,15.424325191921683,4.40263336085933,17.652895485531033,3.3724183291272296,13.274126111101207
sh600989,2022-03-22,14.91,14.96,14.7,14.8,-0.0073775989268947,32622302.0,482899582.0,29515196000.0,108533728000.0,0.0163580167178967,15.983349479079608,2022-04-19,2022-03-31,15.310530706937687,4.370152497700743,17.522659502740396,3.3475379792812205,13.176194932548484
sh600989,2022-03-23,15.34,15.46,15.02,15.26,0.031081081081081,63310607.0,964915961.0,30432560200.0,111907073600.0,0.0317462565249439,16.48012926018614,2022-04-19,2022-03-31,15.786398553234399,4.505981561818468,18.067282703501245,3.4515830786372583,13.585725315587153
sh600989,2022-03-24,15.41,15.44,14.87,15.08,-0.0117955439056356,39921231.0,603251721.0,30073591600.0,110587068800.00005,0.0200179669753844,16.28573717192706,2022-04-19,2022-03-31,15.600189395987865,4.452831058468056,17.854169277116572,3.410869778889245,13.425474296137239
sh600989,2022-03-25,15.04,15.3,14.86,15.05,-0.0019893899204244,34369147.0,519182947.0,30013763500.0,110367068000.0,0.0172339487632065,16.253338490550547,2022-04-19,2022-03-31,15.56915453644677,4.443972641242985,17.81865037271912,3.404084228931241,13.398765792895587
sh600989,2022-03-28,15.0,15.43,14.73,15.37,0.0212624584717606,38017072.0,578590360.0,30651929900.000008,112713743200.0,0.0190631519302802,16.59892442523335,2022-04-19,2022-03-31,15.900193038218394,4.538462424977055,18.197518686291883,3.4764634284832674,13.683656494139875
sh600989,2022-03-29,15.36,15.43,14.81,14.91,-0.0299284320104098,32546028.0,490070500.0,29734565700.0,109340397600.0,0.0163197701414552,16.10214464412682,2022-04-19,2022-03-31,15.424325191921683,4.40263336085933,17.652895485531033,3.3724183291272296,13.274126111101207
sh600989,2022-03-30,14.98,15.15,14.89,15.08,0.01140174379611,30835457.0,463063127.0,30073591600.0,110587068800.00005,0.0154620272079507,16.28573717192706,2022-04-19,2022-03-31,15.600189395987865,4.452831058468056,17.854169277116572,3.410869778889245,13.425474296137239
sh600989,2022-03-31,15.07,15.07,14.81,14.86,-0.0145888594164457,20979534.0,313344779.0,29634852200.000008,108973729600.00005,0.0105199065322147,16.048146841832633,2022-04-19,2022-03-31,15.372600426019874,4.387869332150883,17.593697311535298,3.3611090791972273,13.229611939031788
sh600989,2022-04-01,14.78,15.15,14.54,15.05,0.01278600269179,24075649.0,360013183.0,30013763500.0,110367068000.0,0.0120724119602661,16.253338490550547,2022-04-19,2022-03-31,15.56915453644677,4.443972641242985,17.81865037271912,3.404084228931241,13.398765792895587
sh600989,2022-04-06,15.06,15.09,14.57,15.04,-0.0006644518272426,27924628.0,414418389.0,29993820800.0,110293734400.0,0.0140024309647139,16.24253893009171,2022-04-19,2022-03-31,15.558809583266406,4.4410198355012955,17.806810737919967,3.40182237894524,13.3898629584817
sh600989,2022-04-07,14.95,15.3,14.82,14.99,-0.0033244680851063,25528600.0,385602301.0,29894107300.0,109927066400.0,0.0128009747927813,16.18854112779752,2022-04-19,2022-03-31,15.50708481736459,4.426255806792847,17.747612563924225,3.390513129015236,13.34534878641228
sh600989,2022-04-08,15.0,16.05,14.92,15.93,0.0627084723148765,50438149.0,786760253.0,31768721100.0,116820424800.0,0.0252915347470502,17.203699810928253,2022-04-19,2022-03-31,16.47951041631874,4.703819546511678,18.860538235044224,3.6031270276993137,14.182215221317385
sh600989,2022-04-11,15.86,15.86,15.24,15.49,-0.0276208411801631,34557890.0,535827389.0,30891242300.0,113593746400.0,0.0173285914144022,16.7285191507394,2022-04-19,2022-03-31,16.024332476382757,4.573896093877332,18.339594303881672,3.5036056283152774,13.790490507106488
sh600989,2022-04-12,15.38,15.63,15.11,15.57,0.0051646223369916,23269566.0,358964257.0,31050783900.0,114180415200.0,0.0116682124286079,16.814915634410106,2022-04-19,2022-03-31,16.10709210182566,4.597518539810849,18.434311382274863,3.521700428203284,13.861713182417562
sh600989,2022-04-13,15.52,15.58,15.15,15.21,-0.0231213872832369,33570992.0,513809387.0,30332846700.0,111540405600.0,0.0168337246210392,16.426131457891955,2022-04-19,2022-03-31,15.734673787332584,4.491217533110021,18.008084529505503,3.4402738287072547,13.541211143517737
sh600989,2022-04-14,15.34,15.53,15.17,15.3,0.0059171597633136,29910129.0,458804797.0,30512331000.0,112200408000.0,0.0149980338670289,16.523327502021495,2022-04-19,2022-03-31,15.827778365955853,4.517792784785228,18.114641242697843,3.460630478581262,13.621336653242695
sh600989,2022-04-15,15.4,16.26,15.35,16.09,0.0516339869281046,72824064.0,1167939850.0,32087804300.0,117993762400.0,0.0365166522085775,17.376492778269665,2022-04-19,2022-03-31,16.645029667204554,4.751064438378713,19.049972391830607,3.639316627475327,14.32466057193954
sh600989,2022-04-18,15.86,16.34,15.8,16.08,-0.0006215040397763,25475781.0,409325652.0,32067861600.0,117920428800.00005,0.0127744894121658,17.365693217810826,2022-04-19,2022-03-31,16.634684714024196,4.748111632637025,19.038132757031466,3.637054777489328,14.315757737525654
sh600989,2022-04-19,15.9,16.0,15.32,15.68,-0.0248756218905471,42056526.0,658168585.0,31270153600.0,114987084800.0,0.0210886820741424,16.933710799457323,2022-04-19,2022-03-31,16.22088658680966,4.629999402969435,18.5645473650655,3.546580778049293,13.959644360970291
sh600989,2022-04-20,15.57,15.63,14.36,14.43,-0.079719387755102,63583203.0,943061700.0,28777316100.0,105820384800.0,0.0318829461406929,15.583765742102626,2022-08-10,2022-06-30,14.394054473571359,3.8864470019774298,15.1854325816961,3.2432371975441945,12.846790059234777
sh600989,2022-04-21,14.37,14.74,14.25,14.33,-0.0069300069300068,30704233.0,444520365.0,28577889100.0,105087048800.00005,0.0153962266894653,15.475770137514253,2022-08-10,2022-06-30,14.294303576318619,3.859513897320623,15.0801974286698,3.2207615412895585,12.75776171509594
sh600989,2022-04-22,14.34,14.35,13.89,14.24,-0.0062805303558967,19937880.0,281234778.0,28398404800.0,104427046400.0,0.0099975830755113,15.378574093384717,2022-08-10,2022-06-30,14.20452776879114,3.835274103129494,14.985485790946116,3.2005334506603833,12.677636205370982
sh600989,2022-04-25,14.09,14.09,12.82,12.92,-0.0926966292134832,46525509.0,621759348.0,25765968400.0,94747011199.99995,0.0233295937861974,13.953032112818157,2022-08-10,2022-06-30,12.887815925054877,3.4797571216596235,13.596381770998859,2.9038547880991663,11.50246206273828
sh600989,2022-04-26,12.87,12.95,12.1,12.16,-0.0588235294117647,41702044.0,519069165.0,24250323200.0,89173657600.0,0.0209109318196633,13.1322655179465,2022-08-10,2022-06-30,12.129709105934007,3.2750655262678827,12.796594607998932,2.733039800563923,10.825846647283086
sh600989,2022-04-27,12.15,13.38,11.98,13.38,0.1003289473684209,57521884.0,748180960.0,26683332600.0,98120356800.0,0.028843578853415,14.44981189392468,2022-08-10,2022-06-30,13.346670052417519,3.603649403080943,14.080463474919878,3.007242806870501,11.911992445776946
sh600989,2022-04-28,13.37,13.98,13.26,13.54,0.0119581464872944,42157079.0,573095009.0,27002415800.0,99293694400.0,0.0211391030301814,14.62260486126608,2022-08-10,2022-06-30,13.50627148802191,3.646742370531836,14.248839719761966,3.0432038568779203,12.05443779639909
sh600989,2022-04-29,13.6,14.1,13.4,14.1,0.0413589364844904,41667037.0,576005536.0,28119207000.0,103400376000.0,0.0208933780280503,15.227380246960985,2022-08-10,2022-06-30,14.064876512637294,3.797567756609962,14.838156576709286,3.169067531903891,12.552996523576601
sh600989,2022-05-05,14.17,14.65,14.09,14.38,0.0198581560283688,23561140.0,337655637.0,28677602600.0,105453716800.0,0.0118144183084537,15.529767939808437,2022-08-10,2022-06-30,14.344179024944985,3.8729804496490257,15.132815005182946,3.231999369416876,12.802275887165356
sh600989,2022-05-06,14.15,14.28,13.87,13.9,-0.0333796940194714,17920918.0,251425754.0,27720353000.0,101933704000.0,0.0089862044758232,15.011389037784234,2022-08-10,2022-06-30,13.8653747181318,3.743701547296346,14.627686270656673,3.1241162193946157,12.37493983529892
sh600989,2022-05-09,13.84,14.28,13.65,14.2,0.0215827338129495,14667402.0,204494404.0,28318634000.0,104133712000.0,0.0073547724229918,15.33537585154936,2022-08-10,2022-06-30,14.16462740989004,3.8245008612667704,14.943391729735593,3.191543188158528,12.64202486771544
sh600989,2022-05-10,13.97,14.6,13.79,14.52,0.0225352112676056,25150248.0,360314376.0,28956800400.0,106480387200.0,0.0126112552462805,15.680961786232162,2022-08-10,2022-06-30,14.48383028109883,3.910686796168557,15.280144219419777,3.2634652881733683,12.926915568959732
sh600989,2022-05-11,14.56,14.64,14.15,14.2,-0.0220385674931129,25619810.0,369869829.0,28318634000.0,104133712000.0,0.0128467108265179,15.33537585154936,2022-08-10,2022-06-30,14.16462740989004,3.8245008612667704,14.943391729735593,3.191543188158528,12.64202486771544
sh600989,2022-05-12,14.0,14.15,13.7,13.89,-0.0021551724137929,16357289.0,226901819.0,27700410300.0,101860370399.99995,0.0082021436415329,15.302325472558953,2022-08-10,2022-06-30,13.85539962840652,3.7410082368306634,14.617162755354036,3.12186865376915,12.614779124466057
sh600989,2022-05-13,13.86,14.43,13.82,14.17,0.0201583873290136,19197431.0,273970684.0,28258805900.0,103913711199.99995,0.0096262948347014,15.61079567646943,2022-08-10,2022-06-30,14.134702140714214,3.816420929869727,14.911821183827696,3.1848004912821355,12.869072728126998
sh600989,2022-05-16,14.2,14.57,14.12,14.46,0.0204657727593509,22939673.0,329707483.0,28837144200.0,106040385600.0,0.0115027919990773,15.930282673376711,2022-08-10,2022-06-30,14.423979742747184,3.8945269333744723,15.217003127603993,3.249979894420586,13.132448246204406
sh600989,2022-05-17,14.41,15.06,14.4,14.6,0.0096818810511756,31262389.0,461784394.0,29116342000.0,107067056000.0,0.0156761065452521,16.084517775331946,2022-08-10,2022-06-30,14.563630998901028,3.9322332798940036,15.364332341840822,3.2814458131770783,13.259595048034877
sh600989,2022-05-18,14.58,14.66,14.41,14.53,-0.0047945205479452,11351344.0,164925297.0,28976743100.0,106553720800.0,0.0056919795213286,16.00740022435433,2022-08-10,2022-06-30,14.493805370824104,3.9133801066342375,15.290667734722406,3.265712853798832,13.196021647119641
sh600989,2022-05-19,14.35,14.6,14.05,14.35,-0.012388162422574,20088555.0,287283987.0,28617774500.0,105233716000.0,0.0100731370376127,15.80909795041188,2022-08-10,2022-06-30,14.31425375576916,3.864900518251983,15.101244459275053,3.2252566725404845,13.03254718762332
sh600989,2022-05-20,14.4,14.78,14.31,14.7,0.024390243902439,28652781.0,417121875.0,29315769000.0,107800392000.0,0.0143675535408946,16.194685705299975,2022-08-10,2022-06-30,14.663381896153775,3.959166384550812,15.469567494867128,3.3039214694317156,13.3504141921995
sh600989,2022-05-23,14.7,15.12,14.62,14.81,0.007482993197279,26096844.0,388286688.0,29535138700.0,108607061600.0,0.0130859131411493,16.315870428264805,2022-08-10,2022-06-30,14.773107883131797,3.988792799673301,15.585326163196067,3.3286446913118173,13.450315250780585
sh600989,2022-05-24,14.82,15.15,14.49,14.52,-0.0195813639432815,24736030.0,367553352.0,28956800400.0,106480387200.0,0.0124035511741138,15.996383431357529,2022-08-10,2022-06-30,14.48383028109883,3.910686796168557,15.280144219419777,3.2634652881733683,13.186939732703182
sh600989,2022-05-25,14.52,14.7,14.2,14.49,-0.0020661157024792,20078271.0,288906050.0,28896972300.0,106260386400.0,0.0100679802634547,15.963333052367124,2022-08-10,2022-06-30,14.453905011923007,3.902606864771515,15.248573673511885,3.256722591296977,13.159693989453798
sh600989,2022-05-26,14.49,14.68,14.12,14.6,0.0075914423740509,12360385.0,178456987.0,29116342000.0,107067056000.0,0.0061979496256775,16.084517775331953,2022-08-10,2022-06-30,14.563630998901028,3.9322332798940036,15.364332341840822,3.2814458131770783,13.25959504803488
sh600989,2022-05-27,14.63,15.43,14.62,15.2,0.0410958904109588,48080810.0,728418323.0,30312904000.0,111467072000.0,0.0241094786563504,16.745525355140114,2022-08-10,2022-06-30,15.162136382417508,4.093831907834853,15.995743259998664,3.416299750704903,13.804509913022613
sh600989,2022-05-30,15.17,15.5,15.09,15.35,0.0098684210526316,25947473.0,396387520.0,30612044500.0,112567076000.0,0.0130110130523951,16.910777250092156,2022-08-10,2022-06-30,15.311762728296628,4.134231564820065,16.153595989538125,3.4500132350868595,13.94073862926955
sh600989,2022-05-31,15.3,15.69,15.21,15.56,0.0136807817589577,29741008.0,459949201.0,31030841200.0,114107081600.0,0.0149132304051106,17.142129903025012,2022-08-10,2022-06-30,15.521239612527397,4.190791084599363,16.37458981089337,3.4972121132215985,14.131458832015257
sh600989,2022-06-01,15.5,15.67,15.46,15.56,0.0,20592861.0,320302342.0,31030841200.0,114107081600.0,0.0103260145316331,17.142129903025012,2022-08-10,2022-06-30,15.521239612527397,4.190791084599363,16.37458981089337,3.4972121132215985,14.131458832015257
sh600989,2022-06-02,15.57,15.85,15.37,15.51,-0.0032133676092545,21622682.0,337389593.0,30931127700.0,113740413600.0,0.0108424044888605,17.087045938040998,2022-08-10,2022-06-30,15.471364163901024,4.1773245322709585,16.321972234380215,3.48597428509428,14.086049259932944
sh600989,2022-06-06,15.41,15.62,15.32,15.58,0.0045132172791746,25414711.0,394661162.0,31070726600.0,114253748800.00005,0.0127438666780325,17.164163489018613,2022-08-10,2022-06-30,15.541189791977953,4.196177705530726,16.39563684149864,3.5017072444725277,14.149622660848179
sh600989,2022-06-07,15.62,15.76,15.42,15.54,-0.0025673940949936,19750988.0,307416100.0,30990955800.0,113960414400.0,0.0099038685834917,17.1200963170314,2022-08-10,2022-06-30,15.501289433076847,4.185404463668001,16.353542780288105,3.4927169819706707,14.113295003182328
sh600989,2022-06-08,15.55,15.83,15.44,15.79,0.016087516087516,19172911.0,300949899.0,31489523300.0,115793754400.0,0.0096139996088794,17.395516141951468,2022-08-10,2022-06-30,15.750666676208713,4.252737225310022,16.616630662853876,3.5489061226072645,14.340342863593884
sh600989,2022-06-09,15.78,16.74,15.64,16.3,0.032298923369221,53456644.0,873518511.0,32506601000.0,119533768000.0,0.0268051186649751,17.957372584788406,2022-08-10,2022-06-30,16.259396252197725,4.390096059059744,17.153329943288043,3.6635319695059163,14.803520498833459
sh600989,2022-06-10,16.29,16.73,16.01,16.61,0.0190184049079753,32484888.0,535897869.0,35849363000.0,121807109600.00005,0.0150511458092016,18.29889316768929,2022-08-10,2022-06-30,16.568624033681246,4.4735886834958505,17.4795589176696,3.733206503895294,15.085059845743787
sh600989,2022-06-13,16.51,16.64,16.05,16.22,-0.0234798314268512,20588769.0,335341943.0,35007626000.0,118947099200.0,0.0095393453180744,17.869238240813985,2022-08-10,2022-06-30,16.179595534395528,4.368549575334297,17.069141820866996,3.645551444502207,14.73086518350176
sh600989,2022-06-14,16.08,16.74,15.9,16.36,0.0086313193588163,26885094.0,436291378.0,35309788000.0,119973769600.00005,0.0124566065885187,18.023473342769226,2022-08-10,2022-06-30,16.31924679054938,4.40625592185383,17.216471035103833,3.6770173632587,14.858011985332233
sh600989,2022-06-15,16.5,16.8,16.25,16.36,0.0,29947272.0,496357622.0,35309788000.0,119973769600.00005,0.0138753982300884,18.023473342769226,2022-08-10,2022-06-30,16.31924679054938,4.40625592185383,17.216471035103833,3.6770173632587,14.858011985332233
sh600989,2022-06-16,16.4,16.44,15.9,15.96,-0.0244498777506111,29022349.0,467057155.0,34446468000.0,117040425600.0,0.0134468558587777,17.58280162289712,2022-08-10,2022-06-30,15.920243201538385,4.298523503226596,16.7955304229986,3.5871147382401487,14.494735408673744
sh600989,2022-06-17,15.83,16.09,15.76,15.97,0.0006265664160399,26740771.0,426399075.0,34468051000.0,117113759200.0,0.0123897377565676,17.593818415893917,2022-08-10,2022-06-30,15.930218291263659,4.301216813692276,16.80605393830123,3.5893623038656126,14.503817323090203
sh600989,2022-06-20,15.88,16.3,15.16,15.35,-0.038822792736380785,52598210.0,813590875.0,33129905000.0,112567076000.0,0.024370203400824724,16.91077725009215,2022-08-10,2022-06-30,15.311762728296628,4.134231564820065,16.153595989538125,3.4500132350868595,13.940738629269543
sh600989,2022-06-21,15.36,15.47,14.69,14.9,-0.02931596091205202,37153602.0,558080903.0,32158670000.0,109267064000.0,0.017214289950423945,16.415021565236028,2022-08-10,2022-06-30,14.862883690659269,4.013032593864429,15.680037800919743,3.348872781940991,13.532052480528744
sh600989,2022-06-22,14.91,15.07,14.65,14.68,-0.014765100671141007,25716661.0,381412278.0,31683844000.0,107653724800.0,0.011915239308715193,16.172652119306367,2022-08-10,2022-06-30,14.643431716703224,3.9537797636194503,15.448520464261867,3.2994263381807882,13.332250363366573
sh600989,2022-06-23,14.69,14.78,14.22,14.69,0.0006811989100816707,35886832.0,520096941.0,31705427000.0,107727058400.0,0.016627360422554787,16.18366891230317,2022-08-10,2022-06-30,14.6534068064285,3.956473074085131,15.459043979564498,3.301673903806252,13.341332277783035
sh600989,2022-06-24,14.64,14.75,14.54,14.63,-0.004084411164057111,27363371.0,399881096.0,31575929000.0,107287056800.0,0.01267820553213177,16.117568154322356,2022-08-10,2022-06-30,14.593556268076853,3.940313211291046,15.395902887748715,3.2881885100534696,13.286840791284263
sh600989,2022-06-27,14.65,15.05,14.58,14.92,0.01982228298017774,37665785.0,557303851.0,32201836000.0,109413731199.99998,0.01745159848028541,16.437055151229632,2022-08-10,2022-06-30,14.882833870109817,4.01841921479579,15.701084831525002,3.3533679131919176,13.55021630936167
sh600989,2022-06-28,15.0,15.24,14.85,15.09,0.011394101876675666,29065523.0,438380762.0,32568747000.0,110660402400.0,0.013466859565398693,16.62434063217528,2022-08-10,2022-06-30,15.052410395439487,4.064205492712364,15.879984591669725,3.3915765288248023,13.704608854441528
sh600989,2022-06-29,15.04,15.09,14.66,14.7,-0.025844930417495027,20924391.0,310174261.0,31727010000.0,107800392000.0,0.00969484826020479,16.194685705299975,2022-08-10,2022-06-30,14.663381896153775,3.959166384550812,15.469567494867128,3.3039214694317156,13.3504141921995
sh600989,2022-06-30,14.66,15.08,14.64,14.65,-0.00340136054421758,28081937.0,415237414.0,31619095000.0,107433724000.0,0.013011137005976926,16.13960174031596,2022-08-10,2022-06-30,14.613506447527401,3.9456998322224077,15.416949918353975,3.2926836413043974,13.30500462011719
sh600989,2022-07-01,14.65,14.9,14.55,14.8,0.010238907849829282,18896719.0,278291995.0,31942840000.0,108533728000.0,0.008755371820414215,16.304853635268003,2022-08-10,2022-06-30,14.763132793406522,3.9860994892076205,15.574802647893437,3.3263971256863534,13.441233336364121
sh600989,2022-07-04,14.85,15.04,14.7,14.88,0.00540540540540535,21424489.0,318400804.0,32115504000.0,109120396800.0,0.009926557475791131,16.39298797924242,2022-08-10,2022-06-30,14.84293351120872,4.007645972933067,15.658990770314482,3.3443776506900638,13.513888651695819
sh600989,2022-07-05,14.86,15.55,14.85,15.29,0.027553763440860024,48818417.0,748006560.0,33000407000.0,112127074400.0,0.022618920909975443,16.84467649211133,2022-08-10,2022-06-30,15.25191218994498,4.11807170202598,16.09045489772234,3.436527841334077,13.886247142770769
sh600989,2022-07-06,15.22,15.22,14.13,14.31,-0.06409417920209282,61010191.0,884181283.0,30885273000.0,104940381600.0,0.02826770652828615,15.765030778424666,2022-08-10,2022-06-30,14.274353396868063,3.85412727638926,15.059150398064531,3.21626641003863,12.996219529957468
sh600989,2022-07-07,14.34,14.4,13.91,14.1,-0.014675052410901501,37715563.0,532656621.0,30432030000.0,103400376000.0,0.01747466200250197,15.533678125491809,2022-08-10,2022-06-30,14.064876512637294,3.797567756609962,14.838156576709286,3.169067531903891,12.805499327211761
sh600989,2022-07-08,14.33,14.52,14.18,14.22,0.008510638297872353,20091073.0,287532183.0,30691026000.0,104280379200.0,0.009308749015428809,15.66587964145344,2022-08-10,2022-06-30,14.184577589340591,3.8298874821981324,14.964438760340856,3.196038319409456,12.914482300209308
sh600989,2022-07-11,14.1,14.13,13.72,13.89,-0.02320675105485237,20107477.0,278650130.0,29978787000.0,101860370399.99998,0.009316349441690219,15.302325472558952,2022-08-10,2022-06-30,13.855399628406527,3.7410082368306647,14.617162755354041,3.1218686537691513,12.614779124466054
sh600989,2022-07-12,13.89,14.0,13.8,13.86,-0.002159827213823018,15267863.0,212280894.0,29914038000.0,101640369600.00002,0.0070740226103878055,15.269275093568542,2022-08-10,2022-06-30,13.825474359230704,3.732928305433623,14.585592209446151,3.115125956892761,12.587533381216666
sh600989,2022-07-13,13.8,13.89,13.56,13.7,-0.011544011544011523,19773089.0,270429078.0,29568710000.0,100467032000.0,0.009161418245841635,15.0930064056197,2022-08-10,2022-06-30,13.665872923626306,3.6898353379827293,14.417215964604058,3.0791649068853406,12.442222750553272
sh600989,2022-07-14,13.75,13.85,13.57,13.74,0.0029197080291971655,19314026.0,264583026.0,29655042000.0,100760366400.0,0.00894872167909929,15.137073577606913,2022-08-10,2022-06-30,13.705773282527407,3.700608579845453,14.459310025814581,3.088155169387196,12.478550408219121
sh600989,2022-07-15,13.7,13.91,13.28,13.28,-0.033478893740902516,31023579.0,420191006.0,28662224000.0,97387020800.0,0.014374080989667795,14.630301099753986,2022-08-10,2022-06-30,13.24691915516477,3.5767162984241345,13.97522832189357,2.984767150615863,12.060782345061858
sh600989,2022-07-18,13.35,14.29,13.24,14.09,0.06099397590361444,46861566.0,651307052.0,30410447000.0,103327042400.0,0.02171225779548719,15.522661332495003,2022-08-10,2022-06-30,14.05490142291202,3.7948744461442816,14.827633061406656,3.166819966278427,12.796417412795298
sh600989,2022-07-19,14.09,14.26,13.97,14.12,0.002129169623846572,17590748.0,248678230.0,30475196000.0,103547043200.0,0.008150279386554233,15.555711711485408,2022-08-10,2022-06-30,14.084826692087843,3.8029543775413237,14.859203607314548,3.173562663154818,12.823663156044681
sh600989,2022-07-20,14.17,14.25,14.03,14.19,0.004957507082153034,15907445.0,224820751.0,30626277000.0,104060378400.0,0.007370358615577074,15.632829262463028,2022-08-10,2022-06-30,14.154652320164766,3.82180755080109,14.932868214432963,3.189295622533064,12.887236556959918
sh600989,2022-07-21,14.15,14.19,13.76,13.81,-0.026779422128259234,27129778.0,376521860.0,29806123000.0,101273701600.0,0.012569975443636194,15.214191128584527,2022-08-10,2022-06-30,13.775598910604328,3.7194617531052185,14.532974632932998,3.103888128765442,12.542123809134354
sh600989,2022-07-22,13.9,13.96,13.74,13.83,0.0014482259232440065,16184617.0,223694773.0,29849289000.0,101420368800.00002,0.00749878005837928,15.236224714578132,2022-08-10,2022-06-30,13.79554909005488,3.7248483740365805,14.55402166353826,3.10838326001637,12.560287637967278
sh600989,2022-07-25,13.81,14.1,13.62,13.65,-0.013015184381778733,16073345.0,221724465.0,29460795000.0,100100364000.0,0.007447224667562433,15.037922440635683,2022-08-10,2022-06-30,13.615997474999935,3.6763687856543252,14.364598388090906,3.067927078758022,12.396813178470957
sh600989,2022-07-26,13.68,13.99,13.62,13.85,0.0146520146520146,17458192.0,240691952.0,29892455000.0,101567036000.0,0.008088862530695455,15.258258300571734,2022-08-10,2022-06-30,13.815499269505427,3.7302349949679416,14.57506869414352,3.112878391267297,12.5784514668002
sh600989,2022-07-27,13.87,13.87,13.62,13.77,-0.005776173285198527,10306790.0,141366276.0,29719791000.0,100980367200.0,0.004775420469814206,15.170123956597312,2022-08-10,2022-06-30,13.73569855170323,3.708688511242495,14.490880571722473,3.0948978662635866,12.505796151468502
sh600989,2022-07-28,13.77,14.01,13.75,13.89,0.008714596949891185,13434603.0,186464292.0,29978787000.0,101860370399.99998,0.006224622619654357,15.302325472558946,2022-08-10,2022-06-30,13.855399628406527,3.7410082368306647,14.617162755354041,3.1218686537691513,12.61477912446605
sh600989,2022-07-29,13.92,14.01,13.3,13.46,-0.030957523398128073,27401075.0,372000276.0,29050718000.0,98707025600.0,0.012695674836677015,14.828603373696433,2022-08-10,2022-06-30,13.426470770219716,3.62519588680639,14.164651597340923,3.0252233318742108,12.224256804558175
sh600989,2022-08-01,13.46,14.0,13.3,13.82,0.026745913818722045,22449149.0,307766503.0,29827706000.0,101347035200.0,0.010401310753834036,15.22520792158133,2022-08-10,2022-06-30,13.785574000329603,3.7221550635708995,14.543498148235628,3.1061356943909058,12.551205723550815
sh600989,2022-08-02,13.68,14.05,13.25,13.78,-0.0028943560057888007,30903494.0,420593613.0,29741374000.0,101053700800.0,0.014318442292545058,15.181140749594118,2022-08-10,2022-06-30,13.745673641428503,3.711381821708176,14.501404087025104,3.0971454318890506,12.514878065884966
sh600989,2022-08-03,13.74,13.94,13.16,13.25,-0.038461538461538436,27665276.0,372914940.0,28597475000.0,97167020000.0,0.012818086456933699,14.597250720763574,2022-08-10,2022-06-30,13.216993885988947,3.5686363670270924,13.943657775985677,2.9780244537394718,12.033536601812466
sh600989,2022-08-04,13.38,13.51,13.2,13.36,0.008301886792452695,14688374.0,196350510.0,28834888000.0,97973689600.00002,0.006805529351804661,14.718435443728401,2022-08-10,2022-06-30,13.326719872966974,3.598262782149582,14.05941644431462,3.0027476756195735,12.133437660393549
sh600989,2022-08-05,13.42,13.58,13.14,13.55,0.014221556886227615,21485100.0,287105637.0,29244965000.0,99367028000.0,0.009954640226103878,14.927754510667652,2022-08-10,2022-06-30,13.516246577747188,3.6494356809975175,14.2593632350646,3.0454514225033846,12.305994034306332
sh600989,2022-08-08,13.52,13.73,13.22,13.67,0.008856088560885489,22414077.0,302687575.0,29503961000.0,100247031199.99998,0.010385060927581893,15.059956026629283,2022-08-10,2022-06-30,13.635947654450483,3.6817554065856863,14.385645418696164,3.072422210008949,12.414977007303877
sh600989,2022-08-09,13.65,13.95,13.57,13.83,0.011704462326261877,19889283.0,274320425.0,29849289000.0,101420368800.00002,0.009215254135198999,15.236224714578125,2022-08-10,2022-06-30,13.79554909005488,3.7248483740365805,14.55402166353826,3.10838326001637,12.560287637967273
sh600989,2022-08-10,14.13,14.5,14.09,14.22,0.02819956616052055,48501396.0,693777317.0,30691026000.0,104280379200.0,0.022472036324885328,15.66587964145343,2022-08-10,2022-06-30,14.184577589340591,3.8298874821981324,14.964438760340856,3.196038319409456,12.914482300209299
sh600989,2022-08-11,14.47,14.49,14.07,14.25,0.002109704641350074,25351689.0,361430371.0,30755775000.0,104500380000.0,0.011746137700968355,15.698930020443834,2022-10-28,2022-09-30,14.666878071233718,3.6552451817309874,15.38756515497379,3.0770918341767195,12.941728043458683
sh600989,2022-08-12,14.28,14.39,14.08,14.1,-0.010526315789473717,27774351.0,394454079.0,30432030000.0,103400376000.0,0.01286862391697169,15.533678125491791,2022-10-28,2022-09-30,14.512489881010206,3.616768916660135,15.225590784921433,3.0447013938169643,12.805499327211747
sh600989,2022-08-15,14.15,14.56,14.1,14.29,0.013475177304964614,26049573.0,372953247.0,30842107000.0,104793714400.0,0.012069486632998193,15.742997192431043,2022-10-28,2022-09-30,14.70804825529332,3.665505519083214,15.430758320321084,3.0857292849393207,12.97805570112453
sh600989,2022-08-16,14.29,14.3,14.03,14.12,-0.011896431070678837,22150593.0,313684076.0,30475196000.0,103547043200.0,0.010262981513228004,15.555711711485396,2022-10-28,2022-09-30,14.533074973040007,3.6218990853362483,15.247187367595082,3.049020119198265,12.823663156044672
sh600989,2022-08-17,14.12,14.19,14.0,14.17,0.003541076487252104,21829386.0,308229480.0,30583111000.0,103913711199.99998,0.010114157438724923,15.610795676469408,2022-10-28,2022-09-30,14.58453770311451,3.634724507026532,15.301178824279198,3.059816932651516,12.869072728126982
sh600989,2022-08-18,14.11,14.16,13.88,13.98,-0.013408609738884913,21466363.0,300608323.0,30173034000.0,102520372800.0,0.009945958856507436,15.401476609530159,2022-10-28,2022-09-30,14.388979328831395,3.585987904603453,15.09601128887955,3.0187890415291605,12.6965163542142
sh600989,2022-08-19,13.96,14.0,13.5,13.55,-0.030758226037196024,37116252.0,506054289.0,29244965000.0,99367028000.0,0.017196984663855813,14.927754510667643,2022-10-28,2022-09-30,13.946399850190659,3.475689278067009,14.631684761396132,2.9259364458311965,12.305994034306325
sh600989,2022-08-22,13.48,14.17,13.38,14.04,0.03616236162361619,38303463.0,531180550.0,30302532000.0,102960374400.0,0.01774705230968818,15.467577367510975,2022-10-28,2022-09-30,14.4507346049208,3.6013784106317934,15.16080103690049,3.0317452176730626,12.751007840712973
sh600989,2022-08-23,14.04,14.73,13.95,14.46,0.02991452991453003,54111156.0,779609071.0,31209018000.0,106040385600.0,0.02507119306861882,15.930282673376688,2022-10-28,2022-09-30,14.883021537546638,3.709111952830181,15.614329273047089,3.1224384506803764,13.132448246204387
sh600989,2022-08-24,14.42,14.55,13.68,13.79,-0.046334716459197955,35941247.0,503655615.0,29762957000.0,101127034400.0,0.016652572394940463,15.192157542590905,2022-10-28,2022-09-30,14.193420954548278,3.5372513021803726,14.8908437534799,2.977761150406804,12.523959980301417
sh600989,2022-08-25,13.79,14.3,13.74,14.04,0.0181290790427846,35482613.0,496258738.0,30302532000.0,102960374400.0,0.016440074595746652,15.467577367510971,2022-10-28,2022-09-30,14.4507346049208,3.6013784106317934,15.16080103690049,3.0317452176730626,12.75100784071297
sh600989,2022-08-26,14.12,14.27,13.87,14.04,0.0,31051858.0,438111566.0,30302532000.0,102960374400.0,0.014387183431404346,15.467577367510971,2022-10-28,2022-09-30,14.4507346049208,3.6013784106317934,15.16080103690049,3.0317452176730626,12.75100784071297
sh600989,2022-08-29,13.88,14.13,13.74,14.06,0.0014245014245015675,33983054.0,473352795.0,30345698000.0,103107041600.0,0.015745287494787565,15.48961095350458,2022-10-28,2022-09-30,14.471319696950603,3.6065085793079077,15.18239761957414,3.0360639430543634,12.769171669545898
sh600989,2022-08-30,14.06,14.19,13.62,13.83,-0.016358463726884764,30177254.0,415208684.0,29849289000.0,101420368800.00002,0.013981955242552009,15.236224714578118,2022-10-28,2022-09-30,14.234591138607884,3.547511639532601,14.934036918827196,2.986398601169406,12.560287637967265
sh600989,2022-08-31,13.62,13.82,13.47,13.58,-0.018076644974692746,22101891.0,300567292.0,29309714000.0,99587028800.00002,0.010240416531529444,14.96080488965805,2022-10-28,2022-09-30,13.977277488235362,3.4833845310811804,14.664079635406603,2.932414533903148,12.333239777555711
sh600989,2022-09-01,13.58,13.7,13.45,13.46,-0.008836524300441795,17999788.0,243880077.0,29050718000.0,98707025600.0,0.008339798915813372,14.828603373696419,2022-10-28,2022-09-30,13.853766936056552,3.4526035190244975,14.534500139364718,2.906502181615344,12.224256804558165
sh600989,2022-09-02,13.46,13.56,13.24,13.4,-0.004457652303120341,12371872.0,165521696.0,28921220000.0,98267024000.0,0.005732229995830051,14.762502615715604,2022-10-28,2022-09-30,13.792011659967146,3.4372130129961564,14.469710391343774,2.8935460054714417,12.169765318059392
sh600989,2022-09-05,13.41,13.67,13.37,13.59,0.014179104477611837,13869110.0,187210727.0,29331297000.0,99660362400.0,0.006425941713385535,14.971821682654854,2022-10-28,2022-09-30,13.987570034250261,3.485949615419236,14.674877926743426,2.9345738965937977,12.342321691972172
sh600989,2022-09-06,13.59,13.83,13.57,13.72,0.009565857247976428,23883232.0,326958106.0,29611876000.0,100613699200.0,0.01106576101561414,15.115039991613287,2022-10-28,2022-09-30,14.121373132443974,3.5192957118139754,14.815255714122134,2.962645611572252,12.460386579386181
sh600989,2022-09-07,13.7,14.15,13.64,13.93,0.015306122448979442,30372588.0,422828461.0,30065119000.0,102153704800.0,0.014072458879673818,15.346392644546142,2022-10-28,2022-09-30,14.33751659875689,3.5731624829131685,15.04201983219543,3.007992228075909,12.651106782131887
sh600989,2022-09-08,13.95,14.0,13.75,13.78,-0.010768126346015872,16840392.0,233214314.0,29741374000.0,101053700800.0,0.007802618727702358,15.1811407495941,2022-10-28,2022-09-30,14.183128408533378,3.534686217842316,14.880045462143075,2.975601787716154,12.514878065884952
sh600989,2022-09-09,13.78,13.92,13.57,13.61,-0.012336719883889735,30968822.0,424372025.0,29374463000.0,99807029600.00002,0.014348710559236436,14.993855268648453,2022-10-28,2022-09-30,14.008155126280064,3.4910797840953505,14.696474509417074,2.938892621975099,12.360485520805092
sh600989,2022-09-13,13.61,13.75,13.31,13.35,-0.019103600293901568,38123953.0,511203115.0,28813305000.0,97900356000.0,0.017663880368808785,14.707418650731583,2022-10-28,2022-09-30,13.740548929892642,3.424387591305872,14.415718934659656,2.88274919201819,12.124355745977075
sh600989,2022-09-14,13.25,13.35,13.13,13.23,-0.008988764044943753,23204131.0,306764098.0,28554309000.0,97020352800.0,0.010751114766251216,14.575217134769952,2022-10-28,2022-09-30,13.61703837771383,3.3936065792491905,14.286139438617772,2.856836839730386,12.015372772979529
sh600989,2022-09-15,13.29,13.33,12.56,12.72,-0.038548752834467126,39311345.0,506344303.0,27453576000.0,93280339200.0,0.018214031876940186,14.013360691933016,2022-10-28,2022-09-30,13.092118530953888,3.262787278008292,13.735426580439762,2.746709342507219,11.552195137739956
sh600989,2022-09-16,12.66,12.73,12.35,12.43,-0.022798742138364858,20248042.0,253791682.0,26827669000.0,91153664800.0,0.009381477088449242,13.693873695025736,2022-10-28,2022-09-30,12.793634696521762,3.1883998322046434,13.422276131671874,2.6840878244783593,11.288819619662549
sh600989,2022-09-19,12.38,12.59,12.19,12.46,0.002413515687851975,17463721.0,216933655.0,26892418000.0,91373665600.0,0.00809142426910068,13.726924074016145,2022-10-28,2022-09-30,12.824512334566466,3.196095085218814,13.454671005682345,2.6905659125503103,11.316065362911935
sh600989,2022-09-20,12.68,13.71,12.68,13.71,0.1003210272873194,70291945.0,954372455.0,29590293000.0,100540365600.0,0.03256819950887272,15.104023198616478,2022-10-28,2022-09-30,14.111080586429074,3.5167306274759187,14.80445742278531,2.960486248881602,12.451304664969713
sh600989,2022-09-21,13.95,14.88,13.63,14.66,0.06929248723559445,148292339.0,2139132536.0,31640678000.0,107507057600.0,0.06870793633878515,16.150618533312734,2022-10-28,2022-09-30,15.088872457844653,3.7604136395913175,15.830295099783562,3.165625704493383,13.314086534533624
sh600989,2022-09-22,14.66,14.77,13.98,14.09,-0.038881309686221055,82785743.0,1188539334.0,30410447000.0,103327042400.0,0.038356921187972015,15.522661332494978,2022-10-28,2022-09-30,14.502197334995305,3.6142038323220778,15.21479249358461,3.042542031126314,12.796417412795277
sh600989,2022-09-23,14.89,15.12,14.08,14.12,0.002129169623846572,111091912.0,1615131888.0,30475196000.0,103547043200.0,0.05147195107260344,15.555711711485385,2022-10-28,2022-09-30,14.533074973040007,3.6218990853362483,15.247187367595082,3.049020119198265,12.823663156044661
sh600989,2022-09-26,14.1,14.13,13.35,13.39,-0.05169971671388096,61540504.0,846721876.0,28899637000.0,98193690399.99998,0.028513415187879348,14.751485822718788,2022-10-28,2022-09-30,13.78171911395224,3.434647928658099,14.458912100006948,2.8913866427807906,12.160683403642919
sh600989,2022-09-27,13.43,13.5,12.9,13.13,-0.01941747572815533,49013404.0,641317350.0,28338479000.0,96287016800.0,0.022709263772413474,14.46504920480192,2022-10-28,2022-09-30,13.514112917564823,3.3679557358686223,14.178156525249536,2.8352432128238827,11.924553628814902
sh600989,2022-09-28,13.13,13.35,12.87,12.87,-0.01980198019801993,32192567.0,420834930.0,27777321000.0,94380343200.0,0.014915705416299866,14.178612586885048,2022-10-28,2022-09-30,13.246506721177399,3.301263543079144,13.897400950492116,2.779099782866974,11.688423853986881
sh600989,2022-09-29,13.07,13.76,13.01,13.26,0.030303030303030276,45349452.0,607502788.0,28619058000.0,97240353600.0,0.021011653616272066,14.608267513760351,2022-10-28,2022-09-30,13.647916015758534,3.4013018322633606,14.318534312628243,2.8633149278023367,12.042618516228908
sh600989,2022-09-30,13.25,13.76,13.17,13.32,0.004524886877828038,29118734.0,391857263.0,28748556000.0,97680355200.0,0.01349151369133114,14.674368271741166,2022-10-28,2022-09-30,13.70967129184794,3.416692338291702,14.383324060649185,2.8762711039462387,12.09711000272768
sh600989,2022-10-10,13.47,13.55,12.8,12.83,-0.03678678678678682,31590687.0,412590637.0,27690989000.0,94087008800.00002,0.014636837789000602,14.134545414897834,2022-10-28,2022-09-30,13.205336537117798,3.2910032057269176,13.854207785144824,2.770462332104373,11.652096196321033
sh600989,2022-10-11,12.91,12.99,12.65,12.92,0.0070148090413093556,20833717.0,267771741.0,27885236000.0,94747011199.99998,0.009652836491683268,14.233696551869057,2022-10-28,2022-09-30,13.297969451251904,3.3140889647694283,13.951392407176234,2.789896596320225,11.733833426069191
sh600989,2022-10-12,12.89,12.99,12.42,12.99,0.005417956656346812,31125966.0,395188253.0,28036317000.0,95260346400.0,0.014421519714590186,14.310814102846678,2022-10-28,2022-09-30,13.370017273356211,3.3320445551358264,14.026980446534003,2.805012135154778,11.797406826984426
sh600989,2022-10-13,12.88,13.07,12.62,12.99,0.0,31767374.0,408360855.0,28036317000.0,95260346400.0,0.014718701756011676,14.310814102846678,2022-10-28,2022-09-30,13.370017273356211,3.3320445551358264,14.026980446534003,2.805012135154778,11.797406826984426
sh600989,2022-10-14,12.99,13.21,12.89,13.13,0.010777521170130866,25880262.0,338497286.0,28338479000.0,96287016800.0,0.011991040170504563,14.465049204801915,2022-10-28,2022-09-30,13.514112917564823,3.3679557358686223,14.178156525249536,2.8352432128238827,11.924553628814898
sh600989,2022-10-17,12.98,13.33,12.84,13.26,0.00990099009900991,27694225.0,362519168.0,28619058000.0,97240353600.0,0.012831499328174952,14.60826751376035,2022-10-28,2022-09-30,13.647916015758534,3.4013018322633606,14.318534312628243,2.8633149278023367,12.042618516228906
sh600989,2022-10-18,13.32,13.52,13.2,13.26,0.0,17233138.0,229196160.0,28619058000.0,97240353600.0,0.007984588796738173,14.60826751376035,2022-10-28,2022-09-30,13.647916015758534,3.4013018322633606,14.318534312628243,2.8633149278023367,12.042618516228906
sh600989,2022-10-19,13.23,13.31,12.87,12.9,-0.02714932126696823,23606507.0,307632342.0,27842070000.0,94600344000.0,0.01093754668025761,14.211662965875455,2022-10-28,2022-09-30,13.277384359222104,3.308958796093315,13.92979582450259,2.785577870938925,11.715669597236268
sh600989,2022-10-20,12.87,12.97,12.68,12.73,-0.01317829457364339,20197597.0,258197764.0,27475159000.0,93353672800.0,0.009358104526710837,14.024377484929811,2022-10-28,2022-09-30,13.102411076968789,3.265352362346349,13.746224871776587,2.7488687051978693,11.561277052156411
sh600989,2022-10-21,12.71,12.85,12.67,12.78,0.003927729772191579,13990887.0,178671375.0,27583074000.0,93720340800.0,0.006482364360839549,14.079461449913824,2022-10-28,2022-09-30,13.153873807043292,3.278177784036633,13.800216328460703,2.7596655186511208,11.606686624238721
sh600989,2022-10-24,12.95,12.97,12.46,12.52,-0.020344287949921713,19197567.0,243880707.0,27021916000.0,91813667200.0,0.008894763007922902,13.793024831996954,2022-10-28,2022-09-30,12.886267610655871,3.211485591247155,13.519460753703287,2.7035220886942124,11.370556849410704
sh600989,2022-10-25,12.58,12.61,12.28,12.52,0.0,16091676.0,200651019.0,27021916000.0,91813667200.0,0.0074557179261455775,13.793024831996954,2022-10-28,2022-09-30,12.886267610655871,3.211485591247155,13.519460753703287,2.7035220886942124,11.370556849410704
sh600989,2022-10-26,12.49,12.83,12.45,12.77,0.01996805111821076,17534439.0,222368442.0,27561491000.0,93647007200.0,0.00812418987165825,14.06844465691702,2022-10-28,2022-09-30,13.143581261028391,3.2756126996985757,13.78941803712388,2.7575061559604706,11.59760470982226
sh600989,2022-10-27,12.79,12.89,12.68,12.75,-0.001566170712607673,10565130.0,134954634.0,27518325000.0,93500340000.0,0.004895116526896168,14.046411070923416,2022-10-28,2022-09-30,13.12299616899859,3.2704825310224623,13.767821454450234,2.75318743057917,11.579440880989335
sh600989,2022-10-28,12.61,12.72,12.26,12.26,-0.03843137254901963,23351576.0,291009305.0,26460758000.0,89906993600.0,0.01081943010702868,13.506588214080084,2022-10-28,2022-09-30,12.618661414268448,3.1447933984576775,13.238705178945871,2.647378658737304,11.134427074582687
sh600989,2022-10-31,12.26,12.35,11.42,11.47,-0.06443719412724302,44323391.0,517776827.0,24755701000.0,84113639200.0,0.020536251216235,12.636261567332674,2023-04-21,2023-03-31,14.650280557722656,2.936074574138821,11.72719203705272,2.3983614881931254,10.416955835682172
sh600989,2022-11-01,11.59,12.21,11.39,12.2,0.06364428945074097,27711181.0,328208011.0,26331260000.0,89466992000.0,0.012839355511282027,13.44048745609927,2023-04-21,2023-03-31,15.582687254072919,3.1229389541842734,12.473560841503328,2.5510035009551983,11.079935588083915
sh600989,2022-11-02,12.2,12.77,12.1,12.6,0.032786885245901676,26481431.0,332749879.0,27194580000.0,92400336000.0,0.012269578371866747,13.881159175971378,2023-04-21,2023-03-31,16.09359503289498,3.225330395305069,12.88253004942147,2.63464296000291,11.443212164742405
sh600989,2022-11-03,12.5,12.92,12.48,12.89,0.023015873015873156,26416442.0,338005391.0,27820487000.0,94527010399.99998,0.012239467173238197,14.200646172878658,2023-04-21,2023-03-31,16.464003172540973,3.299564190117646,13.179032725162122,2.6952815678125,11.70658768281981
sh600989,2022-11-04,12.85,13.28,12.78,13.18,0.022498060512024853,26612355.0,348881432.0,28446394000.0,96653684800.0,0.012330239077051382,14.520133169785936,2023-04-21,2023-03-31,16.834411312186973,3.3737979849302233,13.475535400902777,2.7559201756220912,11.969963200897215
sh600989,2022-11-07,13.16,13.5,13.1,13.34,0.012139605462822445,21394506.0,285739672.0,28791722000.0,97827022400.0,0.009912665523791874,14.696401857734779,2023-04-21,2023-03-31,17.0387744237158,3.4147545613785417,13.639123084070034,2.789375959241176,12.11527383156061
sh600989,2022-11-08,13.35,13.52,13.25,13.41,0.005247376311844132,16049135.0,214647252.0,28942803000.0,98340357600.0,0.007436007505907427,14.7735194087124,2023-04-21,2023-03-31,17.12818328500966,3.432673063574681,13.710692695455709,2.8040128645745255,12.178847232475848
sh600989,2022-11-09,13.53,13.65,13.32,13.46,0.0037285607755406236,16385177.0,221219969.0,29050718000.0,98707025600.0,0.00759170504563777,14.828603373696412,2023-04-21,2023-03-31,17.19204675736242,3.4454719937147806,13.761813846445477,2.8144677969554897,12.224256804558157
sh600989,2022-11-10,13.35,13.35,13.11,13.15,-0.02303120356612187,16882366.0,222831663.0,28381645000.0,96433684000.0,0.007822066441180558,14.487082790795526,2023-04-21,2023-03-31,16.79609322877532,3.3661186268461636,13.444862710308916,2.7496472161935133,11.942717457647827
sh600989,2022-11-11,13.52,13.62,13.38,13.58,0.0326996197718632,24476639.0,330928890.0,29309714000.0,99587028800.00002,0.011340702867997961,14.960804889658043,2023-04-21,2023-03-31,17.34531909100904,3.4761894260510195,13.88450460882092,2.8395596346698033,12.333239777555704
sh600989,2022-11-14,13.58,13.83,13.25,13.37,-0.015463917525773252,24552758.0,332951666.0,28856471000.0,98047023200.0,0.011375970903025528,14.729452236725185,2023-04-21,2023-03-31,17.077092507127453,3.422433919462601,13.669795774663893,2.7956489186697544,12.142519574809997
sh600989,2022-11-15,13.41,13.78,13.21,13.75,0.02842183994016456,20946506.0,283274269.0,29676625000.0,100833700000.0,0.009705094750498078,15.148090370603688,2023-04-21,2023-03-31,17.562454897008415,3.5197057885273573,14.058316522186129,2.8751064047650803,12.48763232263556
sh600989,2022-11-16,13.72,13.84,13.6,13.69,-0.004363636363636347,12628958.0,173036291.0,29746864100.0,100393698400.0,0.005812055833475233,15.081989612622873,2023-04-21,2023-03-31,17.485818730185102,3.504347072359238,13.996971140998408,2.8625604859079234,12.43314083613679
sh600989,2022-11-17,13.62,13.62,13.29,13.43,-0.018991964937910888,16481300.0,221115243.0,29181912700.0,98487024800.0,0.00758496748569877,14.795552994706004,2023-04-21,2023-03-31,17.153728673950763,3.4377926356307205,13.731141155851615,2.8081948375269112,12.197011061308771
sh600989,2022-11-18,13.4,13.44,12.97,13.1,-0.024571854058078935,30888044.0,405186109.0,28464859000.0,96067016000.0,0.01421518990837088,14.431998825811515,2023-04-21,2023-03-31,16.732229756422562,3.353319696706064,13.393741559319148,2.739192283812549,11.897307885565517
sh600989,2022-11-21,13.13,13.13,12.72,12.96,-0.010687022900763288,19661800.0,253185036.0,28160654400.0,95040345600.0,0.009048686311778322,14.277763723856278,2023-04-21,2023-03-31,16.55341203383484,3.3174826923137855,13.250602336547798,2.7099184731458505,11.770161083735047
sh600989,2022-11-22,12.97,13.0,12.68,12.81,-0.01157407407407407,17834420.0,228082241.0,27834720900.0,93940341600.0,0.008207695741616004,14.112511828904237,2023-04-21,2023-03-31,16.361821616776567,3.2790859018934873,13.097238883578497,2.6785536760029585,11.633932367488114
sh600989,2022-11-23,12.82,13.12,12.82,12.99,0.014051522248243575,14601573.0,189768756.0,28225841100.0,95260346400.0,0.006719885958331991,14.310814102846686,2023-04-21,2023-03-31,16.591730117246495,3.325162050397845,13.281275027141659,2.7161914325744285,11.797406826984435
sh600989,2022-11-24,13.02,13.14,12.9,13.02,0.002309468822170757,8536513.0,110980187.0,28291027800.0,95480347200.0,0.0039286448002429945,14.343864481837093,2023-04-21,2023-03-31,16.63004820065815,3.332841408481905,13.311947717735519,2.722464392003007,11.82465257023382
sh600989,2022-11-25,13.51,14.3,13.51,13.99,0.07450076804915517,79436416.0,1107960743.0,30398731100.0,102593706400.0,0.03655795553387424,15.412493402526952,2023-04-21,2023-03-31,17.868999564301653,3.581140653199835,14.303698046937015,2.925290080193707,12.705598268630654
sh600989,2022-11-28,13.71,13.76,13.19,13.3,-0.04932094353109362,46335360.0,617328450.0,28899437000.0,97533688000.0,0.02132430081596399,14.652334685747567,2023-04-21,2023-03-31,16.987683645833595,3.4045154172664622,13.59822616327822,2.781012013336405,12.07894617389476
sh600989,2022-11-29,13.25,13.5,13.14,13.28,-0.0015037593984963404,31023199.0,413339015.0,28855979200.0,97387020800.0,0.01427739047995987,14.630301099753959,2023-04-21,2023-03-31,16.962138256892487,3.3993958452104223,13.577777702882312,2.776830040384019,12.060782345061835
sh600989,2022-11-30,13.28,13.36,13.11,13.22,-0.004518072289156572,23364072.0,308346701.0,28725605800.0,96947019200.0,0.010752533262153169,14.564200341773144,2023-04-21,2023-03-31,16.88550209006918,3.3840371290423032,13.516432321694591,2.7642841215268628,12.006290858563062
sh600989,2022-12-01,13.32,13.45,13.23,13.31,0.006807866868381307,19240978.0,256583441.0,28921165900.0,97607021600.0,0.008855017051024212,14.663351478744369,2023-04-21,2023-03-31,17.000456340304144,3.407075203294482,13.608450393476174,2.783102999812598,12.088028088311223
sh600989,2022-12-02,13.31,13.39,13.14,13.32,0.0007513148009015147,17929859.0,237627148.0,28942894800.0,97680355200.0,0.008251618351596261,14.674368271741171,2023-04-21,2023-03-31,17.013229034774696,3.4096349893225018,13.618674623674126,2.7851939862887907,12.097110002727685
sh600989,2022-12-05,13.37,13.75,13.3,13.56,0.018018018018018056,36847305.0,500936303.0,29464388400.0,99440361600.0,0.016957740612732353,14.938771303664435,2023-04-21,2023-03-31,17.319773702067934,3.4710698539949796,13.864056148425012,2.8353776617174176,12.315075948722779
sh600989,2022-12-06,13.5,14.44,13.41,14.22,0.04867256637168138,59385936.0,831539398.0,30898495800.0,104280379200.0,0.027330392242589364,15.665879641453412,2023-04-21,2023-03-31,18.16277153712434,3.6400157318442927,14.538855341489946,2.9733827691461414,12.914482300209285
sh600989,2022-12-07,14.21,14.43,14.0,14.19,-0.0021097046413502962,31582595.0,448010685.0,30833309100.0,104060378400.0,0.014534833792782883,15.632829262463002,2023-04-21,2023-03-31,18.124453453712682,3.6323363737602326,14.508182650896085,2.9671098097175626,12.887236556959897
sh600989,2022-12-08,14.1,14.16,13.84,14.0,-0.013389711064129672,19391719.0,270988452.0,30420460000.0,102667040000.0,0.008924390558196688,15.423510195523749,2023-04-21,2023-03-31,17.8817722587722,3.583700439227855,14.313922277134967,2.9273810666699,12.714680183047113
sh600989,2022-12-09,14.1,14.31,13.88,14.26,0.01857142857142846,23058160.0,326161297.0,30985411400.0,104573713600.0,0.010611747488368026,15.709946813440617,2023-04-21,2023-03-31,18.213862315006544,3.650254875956372,14.57975226228176,2.9817467150509125,12.950809957875128
sh600989,2022-12-12,14.21,14.39,13.77,13.84,-0.029453015427770013,22299554.0,312881770.0,30072797600.0,101493702400.0,0.010262624431057256,15.247241507574902,2023-04-21,2023-03-31,17.677409147243377,3.5427438627795365,14.150334593967711,2.893925283050815,12.569369552383714
sh600989,2022-12-13,13.91,13.91,13.64,13.85,0.0007225433526012459,14119014.0,194623585.0,30094526500.0,101567036000.0,0.006497804306706736,15.258258300571708,2023-04-21,2023-03-31,17.69018184171393,3.545303648807556,14.160558824165664,2.896016269527008,12.578451466800178
sh600989,2022-12-14,13.81,13.96,13.68,13.76,-0.006498194945848357,10497620.0,144500541.0,29898966400.0,100907033600.0,0.004831178752721031,15.159107163600483,2023-04-21,2023-03-31,17.575227591478964,3.522265574555377,14.068540752384083,2.877197391241273,12.496714237052018
sh600989,2022-12-15,13.76,13.76,13.35,13.71,-0.003633720930232509,17949921.0,243402788.0,29790321900.0,100540365600.0,0.008260851216582524,15.10402319861647,2023-04-21,2023-03-31,17.51136411912621,3.5094666444152782,14.017419601394316,2.866742458860309,12.451304664969706
sh600989,2022-12-16,13.55,13.74,13.38,13.59,-0.00875273522975939,12369855.0,167668779.0,29529575100.0,99660362400.0,0.005692812337486021,14.971821682654836,2023-04-21,2023-03-31,17.358091785479587,3.478749212079039,13.894728839018873,2.8416506211459955,12.342321691972158
sh600989,2022-12-19,13.61,13.65,13.16,13.19,-0.029433406916850702,19830930.0,264592937.0,28660419100.0,96727018400.0,0.009126522741602198,14.531149962782727,2023-04-21,2023-03-31,16.847184006657525,3.376357770958243,13.48575963110073,2.7580111620982843,11.979045115313667
sh600989,2022-12-20,13.23,13.31,12.91,12.98,-0.01592115238817282,21587968.0,281320759.0,28204112200.000004,95187012800.0,0.009935140757240358,14.299797309849872,2023-04-21,2023-03-31,16.578957422775943,3.3226022643698254,13.271050796943706,2.714100446098236,11.788324912567962
sh600989,2022-12-21,12.99,13.14,12.73,12.84,-0.01078582434514641,21297390.0,274376685.0,27899907600.0,94160342400.0,0.009801411944461063,14.145562207894635,2023-04-21,2023-03-31,16.40013970018822,3.286765259977547,13.127911574172355,2.684826635431537,11.661178110737492
sh600989,2022-12-22,12.93,12.97,12.46,12.55,-0.02258566978193144,20715366.0,262254205.0,27269769500.0,92033668000.0,0.00953355485091284,13.826075210987359,2023-04-21,2023-03-31,16.029731560542224,3.21253146516497,12.831408898431704,2.6241880276219463,11.397802592660089
sh600989,2022-12-23,12.5,12.63,12.2,12.39,-0.012749003984063756,23785718.0,295974525.0,26922107100.0,90860330399.99998,0.010946581741367487,13.649806523038517,2023-04-21,2023-03-31,15.825368449013396,3.171574888716651,12.667821215264444,2.590732244002861,11.252491961996693
sh600989,2022-12-26,12.49,12.49,12.06,12.39,0.0,25477654.0,312085439.0,26922107100.0,90860330399.99998,0.011725238737349796,13.649806523038517,2023-04-21,2023-03-31,15.825368449013396,3.171574888716651,12.667821215264444,2.590732244002861,11.252491961996693
sh600989,2022-12-27,12.36,12.55,12.19,12.24,-0.0008163265306122547,32210111.0,397558613.0,26596173600.0,89760326400.0,0.014823627058893915,13.638663823836037,2023-04-21,2023-03-31,15.633778031955126,3.1331780982963533,12.514457762295143,2.55936744685997,11.243306254272614
sh600989,2022-12-28,12.32,12.42,12.04,12.09,-0.012254901960784381,41357977.0,504182767.0,26270240100.0,88660322400.0,0.019033626644698997,13.47152333579883,2023-04-21,2023-03-31,15.442187614896852,3.0947813078760547,12.36109430932584,2.5280026497170778,11.10552063841143
sh600989,2022-12-29,12.03,12.12,11.84,11.99,-0.008271298593879206,34161942.0,408590673.0,26052951100.0,87926986400.0,0.01572189204239515,13.360096343774027,2023-04-21,2023-03-31,15.314460670191337,3.0691834475958557,12.258852007346304,2.50709278495515,11.013663561170642
sh600989,2022-12-30,12.02,12.49,11.98,12.07,0.006672226855713115,50080680.0,611836111.0,26226782300.0,88513655200.0,0.023047959169585207,13.449237937393871,2023-04-21,2023-03-31,15.41664222595575,3.0896617358200147,12.340645848929933,2.5238206767646925,11.087149222963275
sh600989,2023-01-03,12.08,12.39,11.94,12.3,0.0190555095277547,32371930.0,393334315.0,26726547000.0,90200328000.0,0.014898098845316605,13.70552001905092,2023-04-21,2023-03-31,15.710414198778436,3.1485368144644728,12.575803143482865,2.5719133657171267,11.29842050061709
sh600989,2023-01-04,12.3,12.6,12.1,12.15,-0.012195121951219523,31982127.0,391933036.0,26400613500.0,89100324000.0,0.014718705042593044,13.538379531013714,2023-04-21,2023-03-31,15.518823781720162,3.110140024044174,12.422439690513562,2.5405485685742346,11.160634884755906
sh600989,2023-01-05,12.18,12.36,12.09,12.29,0.011522633744855959,21289366.0,260611485.0,26704818100.0,90126994400.0,0.00979771916663982,13.69437731984844,2023-04-21,2023-03-31,15.697641504307885,3.1459770284364525,12.565578913284911,2.569822379240934,11.28923479289301
sh600989,2023-01-06,12.2,12.49,12.1,12.43,0.011391375101708734,32853780.0,407623870.0,27009022700.0,91153664800.0,0.015119854203388114,13.850375108683167,2023-04-21,2023-03-31,15.876459226895605,3.181814032828731,12.70871813605626,2.5990961899076326,11.417834701030117
sh600989,2023-01-09,12.45,12.8,12.44,12.72,0.023330651649235756,34700255.0,439846591.0,27639160800.0,93280339200.0,0.015969632609105847,14.1735133855551,2023-04-21,2023-03-31,16.2468673665416,3.256047827641308,13.005220811796914,2.6597347977172237,11.684220225028406
sh600989,2023-01-10,12.72,12.86,12.58,12.7,-0.0015723270440252124,23447875.0,298021270.0,27595703000.0,93133672000.0,0.01079110079203273,14.15122798715014,2023-04-21,2023-03-31,16.221321977600496,3.250928255585268,12.984772351401006,2.6555528247648374,11.665848809580249
sh600989,2023-01-11,12.7,12.8,12.63,12.72,0.0015748031496063408,15566609.0,198115154.0,27639160800.0,93280339200.0,0.007164011523823111,14.1735133855551,2023-04-21,2023-03-31,16.2468673665416,3.256047827641308,13.005220811796914,2.6597347977172237,11.684220225028406
sh600989,2023-01-12,12.72,13.02,12.62,12.66,-0.004716981132075526,19935680.0,255222344.0,92840337600.0,92840337600.0,0.002718491932756608,14.106657190340217,2023-04-21,2023-03-31,16.17023119971829,3.2406891114731886,12.943875430609193,2.647188878860067,11.629105978683931
sh600989,2023-01-13,12.64,12.75,12.49,12.67,0.0007898894154818592,16388610.0,206414727.0,92913671199.99998,92913671199.99998,0.0022348023279915347,14.117799889542697,2023-04-21,2023-03-31,16.18300389418884,3.2432488975012084,12.954099660807143,2.6492798653362595,11.63829168640801
sh600989,2023-01-16,12.7,13.16,12.62,12.99,0.02525651144435681,29112275.0,375828588.0,95260346400.0,95260346400.0,0.003969841246031833,14.474366264022072,2023-04-21,2023-03-31,16.591730117246495,3.325162050397845,13.281275027141659,2.7161914325744285,11.932234333578537
sh600989,2023-01-17,12.99,13.22,12.91,13.11,0.009237875288683473,17284823.0,226247779.0,96140349600.00002,96140349600.00002,0.002357012747226373,14.608078654451834,2023-04-21,2023-03-31,16.745002450893118,3.3558794827340845,13.403965789517104,2.741283270288743,12.042462826267483
sh600989,2023-01-18,13.11,13.25,13.09,13.15,0.0030511060259343914,13013578.0,171578852.0,96433684000.0,96433684000.0,0.0017745723651913993,14.652649451261755,2023-04-21,2023-03-31,16.79609322877532,3.3661186268461636,13.444862710308916,2.7496472161935133,12.079205657163799
sh600989,2023-01-19,13.16,13.21,13.01,13.2,0.0038022813688212143,12059173.0,158263489.0,96800352000.0,96800352000.0,0.0016444267020847196,14.708362947274157,2023-04-21,2023-03-31,16.859956701128077,3.378917556986263,13.495983861298683,2.760102148574477,12.125134195784193
sh600989,2023-01-20,13.21,13.37,13.17,13.3,0.007575757575757791,16384512.0,217922180.0,97533688000.0,97533688000.0,0.002234243511841775,14.819789939298966,2023-04-21,2023-03-31,16.987683645833595,3.4045154172664622,13.59822616327822,2.781012013336405,12.216991273024986
sh600989,2023-01-30,13.45,13.65,13.36,13.41,0.008270676691729317,25779659.0,348070580.0,98340357600.0,98340357600.0,0.0035153952621990465,14.942359630526251,2023-04-21,2023-03-31,17.12818328500966,3.432673063574681,13.710692695455709,2.8040128645745255,12.318034057989854
sh600989,2023-01-31,13.41,13.53,13.3,13.38,-0.0022371364653243075,17938307.0,240719567.0,98120356800.0,98120356800.0,0.002446123877731354,14.90893153291881,2023-04-21,2023-03-31,17.089865201598005,3.424993705490621,13.680020004861849,2.7977399051459475,12.290476934817617
sh600989,2023-02-01,13.45,13.75,13.45,13.74,0.02690582959641241,35961701.0,490186550.0,100760366400.0,100760366400.0,0.0049038504859982325,15.310068704208105,2023-04-21,2023-03-31,17.549682202537863,3.5171460024993375,14.048092291988176,2.8730154182888876,12.621162412884457
sh600989,2023-02-02,13.73,13.85,13.62,13.77,0.0021834061135370675,22188140.0,305208914.0,100980367200.0,100980367200.0,0.003025644452201992,15.343496801815544,2023-04-21,2023-03-31,17.588000285949516,3.5248253605833972,14.078764982582035,2.8792883777174656,12.648719536056694
sh600989,2023-02-03,13.76,13.85,13.52,13.73,-0.002904865649963617,19396951.0,265119899.0,100687032800.0,100687032800.0,0.0026450291544394384,15.298926005005624,2023-04-21,2023-03-31,17.53690950806731,3.5145862164713177,14.037868061790222,2.870924431812695,12.611976705160378
sh600989,2023-02-06,13.76,13.76,13.39,13.45,-0.02039329934450118,20832484.0,281399831.0,98633692000.0,98633692000.0,0.0028407829426074812,14.98693042733617,2023-04-21,2023-03-31,17.179274062891864,3.4429122076867604,13.751589616247522,2.8123768104792966,12.354776888886168
sh600989,2023-02-07,13.42,13.64,13.36,13.58,0.009665427509293778,21699784.0,294512762.0,99587028800.00002,99587028800.00002,0.002959050694361111,15.131785516968417,2023-04-21,2023-03-31,17.34531909100904,3.4761894260510195,13.88450460882092,2.8395596346698033,12.474191089299195
sh600989,2023-02-08,13.59,14.05,13.58,13.87,0.02135493372606767,24000697.0,333395572.0,101713703200.0,101713703200.0,0.003272810417053029,15.454923793840347,2023-04-21,2023-03-31,17.71572723065503,3.5504232208635957,14.18100728456157,2.9001982424793935,12.740576613297483
sh600989,2023-02-09,13.87,14.45,13.85,14.39,0.03749098774333093,36924522.0,526553126.0,105527050399.99998,105527050399.99998,0.0050351437812953415,16.034344152369332,2023-04-21,2023-03-31,18.379907343123712,3.6835320943206304,14.712667254855155,3.008929539241419,13.218233414949589
sh600989,2023-02-10,14.38,15.14,14.38,14.75,0.025017373175816537,57108023.0,845151926.0,108167060000.0,108167060000.0,0.007787429363893222,16.435481323658628,2023-04-21,2023-03-31,18.83972434406357,3.775684391329347,15.080739541981483,3.084205052384359,13.548918893016431
sh600989,2023-02-13,14.97,15.0,14.5,14.66,-0.006101694915254252,46587603.0,683143371.0,107507057600.0,107507057600.0,0.006352831853338715,16.3351970308363,2023-04-21,2023-03-31,18.724770093828607,3.752646317077168,14.988721470199902,3.0653861740986237,13.46624752349972
sh600989,2023-02-14,14.66,15.15,14.62,15.09,0.029331514324693053,51623457.0,776716343.0,110660402400.0,110660402400.0,0.007039536719866474,16.81433309654296,2023-04-21,2023-03-31,19.273995956062326,3.8627171162820235,15.428363368711905,3.1552985925749133,13.861232955635113
sh600989,2023-02-15,15.1,15.28,14.85,14.98,-0.0072895957587806315,41015689.0,617529249.0,109853732800.0,109853732800.0,0.005593028161715775,16.691763405315676,2023-04-21,2023-03-31,19.13349631688626,3.834559469973805,15.315896836534415,3.132297741336793,13.760190170670246
sh600989,2023-02-16,14.93,15.28,14.86,14.98,0.0,39963462.0,602999423.0,109853732800.0,109853732800.0,0.005449543183479333,16.691763405315676,2023-04-21,2023-03-31,19.13349631688626,3.834559469973805,15.315896836534415,3.132297741336793,13.760190170670246
sh600989,2023-02-17,14.92,15.27,14.86,15.09,0.007343124165553938,32488081.0,492306960.0,110660402400.0,110660402400.0,0.004430176753902713,16.81433309654296,2023-04-21,2023-03-31,19.273995956062326,3.8627171162820235,15.428363368711905,3.1552985925749133,13.861232955635113
sh600989,2023-02-20,15.08,16.23,15.08,15.89,0.0530152418820411,64551815.0,1018557791.0,116527090399.99998,116527090399.99998,0.008802488218224663,17.705749032741394,2023-04-21,2023-03-31,20.295811513706447,4.067499998523615,16.246301784548187,3.3225775106703366,14.596089573561427
sh600989,2023-02-21,15.96,16.43,15.81,15.97,0.005034612964128327,46997412.0,755446077.0,117113759200.0,117113759200.0,0.006408714695582925,17.794890626361234,2023-04-21,2023-03-31,20.397993069470864,4.0879782867477745,16.328095626131816,3.3393054024798787,14.669575235354058
sh600989,2023-02-22,15.86,16.0,15.52,15.71,-0.016280525986224204,37022064.0,582473581.0,115207085600.0,115207085600.0,0.005048444914745764,17.50518044709674,2023-04-21,2023-03-31,20.06590301323652,4.021423850019257,16.062265640985025,3.2849397540988665,14.430746834528005
sh600989,2023-02-23,15.63,15.71,15.39,15.54,-0.010821133036282737,33761741.0,524036308.0,113960414400.0,113960414400.0,0.004603857031428977,17.31575456065457,2023-04-21,2023-03-31,19.848767207237145,3.9779074875429186,15.888453727619813,3.2493929840035887,14.27458980321866
sh600989,2023-02-24,15.49,15.62,15.31,15.46,-0.005148005148005064,21035927.0,324601699.0,113373745600.0,113373745600.0,0.0028685250689997493,17.22661296703473,2023-04-21,2023-03-31,19.746585651472735,3.95742919931876,15.806659886036186,3.232665092194047,14.201104141426029
sh600989,2023-02-27,15.46,15.75,15.36,15.46,0.0,23849059.0,370433125.0,113373745600.0,113373745600.0,0.0032521325831542432,17.22661296703473,2023-04-21,2023-03-31,19.746585651472735,3.95742919931876,15.806659886036186,3.232665092194047,14.201104141426029
sh600989,2023-02-28,15.5,15.96,15.38,15.8,0.02199223803363526,42076772.0,663197899.0,115867088000.0,115867088000.0,0.005737720771924466,17.605464739919064,2023-04-21,2023-03-31,20.180857263471488,4.044461924271436,16.154283712766606,3.3037586323846013,14.513418204044713
sh600989,2023-03-01,15.75,16.35,15.7,16.24,0.02784810126582271,47812618.0,773644970.0,119093766400.0,119093766400.0,0.0065198787458954684,18.095743504828203,2023-04-21,2023-03-31,20.742855820175755,4.157092509504311,16.604149841476563,3.395762037337084,14.917589343904186
sh600989,2023-03-02,16.24,16.39,16.1,16.21,-0.001847290640393906,25135031.0,407806024.0,118873765600.0,118873765600.0,0.0034274917636663137,18.062315407220765,2023-04-21,2023-03-31,20.704537736764102,4.149413151420252,16.573477150882702,3.3894890779085056,14.890032220731952
sh600989,2023-03-03,16.2,16.3,15.95,16.16,-0.0030845157310303017,23250118.0,374372133.0,118507097600.0,118507097600.0,0.0031704591074214277,18.00660191120836,2023-04-21,2023-03-31,20.64067426441134,4.136614221280152,16.522355999892934,3.3790341455275414,14.844103682111555
sh600989,2023-03-06,16.16,16.16,15.63,15.94,-0.013613861386138626,32279465.0,511852808.0,116893758400.0,116893758400.0,0.004401729220984651,17.761462528753793,2023-04-21,2023-03-31,20.359674986059208,4.080298928663715,16.297422935537956,3.3330324430513003,14.64201811218182
sh600989,2023-03-07,16.0,16.39,15.81,15.92,-0.0012547051442910462,31785351.0,511980945.0,116747091199.99998,116747091199.99998,0.0043343502841807855,17.739177130348832,2023-04-21,2023-03-31,20.334129597118103,4.075179356607674,16.276974475142048,3.3288504700989145,14.623646696733662
sh600989,2023-03-08,15.9,15.97,15.68,15.94,0.0012562814070351536,19223945.0,303764336.0,116893758400.0,116893758400.0,0.0026214375129544982,17.761462528753793,2023-04-21,2023-03-31,20.359674986059208,4.080298928663715,16.297422935537956,3.3330324430513003,14.64201811218182
sh600989,2023-03-09,15.95,16.23,15.78,15.84,-0.006273525721455453,15177046.0,241473795.0,116160422400.0,116160422400.0,0.0020695896560376146,17.65003553672899,2023-04-21,2023-03-31,20.231948041353693,4.054701068383515,16.19518063355842,3.3121225782893724,14.55016103494103
sh600989,2023-03-10,15.4,15.66,15.08,15.41,-0.02714646464646464,42287792.0,651081206.0,113007077600.0,113007077600.0,0.005766496121832284,17.17089947102233,2023-04-21,2023-03-31,19.682722179119974,3.9446302691786603,15.755538735046418,3.222210159813083,14.155175602805638
sh600989,2023-03-13,15.31,15.85,15.31,15.75,0.022063595068137598,24182789.0,379903443.0,115500420000.0,115500420000.0,0.0032976410540325306,17.549751243906666,2023-04-21,2023-03-31,20.116993791118727,4.031662994131336,16.103162561776838,3.2933037000036376,14.467489665424322
sh600989,2023-03-14,15.76,15.83,15.2,15.31,-0.027936507936507926,29266397.0,451202031.0,112273741600.0,112273741600.0,0.0039908578059716145,17.059472478997527,2023-04-21,2023-03-31,19.55499523441446,3.9190324088984614,15.653296433066883,3.201300295051155,14.06331852556485
sh600989,2023-03-15,15.39,15.58,15.37,15.49,0.011757021554539504,17559492.0,271951166.0,113593746400.0,113593746400.0,0.0023944674746637284,17.260041064642177,2023-04-21,2023-03-31,19.784903734884388,3.9651085574028193,15.837332576630047,3.238938051622625,14.22866126459827
sh600989,2023-03-16,15.38,15.38,14.9,14.99,-0.032278889606197514,39955024.0,602282531.0,109927066400.0,109927066400.0,0.005448392551299814,16.702906104518156,2023-04-21,2023-03-31,19.146269011356807,3.8371192560018246,15.32612106673237,3.134388727812986,13.769375878394325
sh600989,2023-03-17,15.13,15.29,14.75,14.82,-0.011340893929286167,25513910.0,382843412.0,108680395200.0,108680395200.0,0.003479156893974931,16.513480218075987,2023-04-21,2023-03-31,18.92913320535743,3.7936028935254864,15.15230915336716,3.0988419577177084,13.613218847084982
sh600989,2023-03-20,14.81,15.22,14.76,15.01,0.012820512820512775,24180956.0,364400081.0,110073733600.0,110073733600.0,0.0032973911003959986,16.725191502923117,2023-04-21,2023-03-31,19.17181440029791,3.842238828057864,15.346569527128276,3.138570700765371,13.787747293842482
sh600989,2023-03-21,14.98,15.35,14.97,15.24,0.015323117921385743,18135911.0,274625559.0,111760406400.0,111760406400.0,0.0024730697797462555,16.981473584580165,2023-04-21,2023-03-31,19.465586373120598,3.901113906702322,15.581726821681208,3.1866633897178054,13.999018571496297
sh600989,2023-03-22,15.29,15.37,14.91,15.04,-0.013123359580052618,19459911.0,293133430.0,110293734400.0,110293734400.0,0.002653614577765172,16.758619600530555,2023-04-21,2023-03-31,19.210132483709565,3.849918186141924,15.377242217722136,3.1448436601939496,13.815304417014717
sh600989,2023-03-23,15.01,15.08,14.8,14.96,-0.005319148936170137,14962521.0,223162529.0,109707065600.0,109707065600.0,0.0020403363533223516,16.669478006910712,2023-04-21,2023-03-31,19.107950927945154,3.829439897917765,15.29544837613851,3.1281157683844074,13.741818755222086
sh600989,2023-03-24,14.98,15.2,14.53,14.73,-0.015374331550802145,52647595.0,779458642.0,108020392800.0,108020392800.0,0.007179191393849477,16.413195925253664,2023-04-21,2023-03-31,18.81417895512247,3.7705648192733072,15.060291081585577,3.080023079431973,13.530547477568271
sh600989,2023-03-27,14.73,14.73,13.88,14.29,-0.029871011541072745,70152954.0,992060835.0,104793714400.0,104793714400.0,0.009566277122628645,15.922917160344523,2023-04-21,2023-03-31,18.252180398418197,3.6579342340404315,14.61042495287562,2.9880196744794905,13.126376337708797
sh600989,2023-03-28,14.41,14.75,14.36,14.43,0.009797060881735487,37908815.0,550963009.0,105820384800.0,105820384800.0,0.005169365065945215,16.07891494917925,2023-04-21,2023-03-31,18.43099812100592,3.6937712384327104,14.75356417564697,3.0172934851461894,13.254976245845901
sh600989,2023-03-29,14.49,14.55,14.23,14.35,-0.005544005544005581,21965666.0,315947957.0,105233716000.0,105233716000.0,0.002995307198882913,15.989773355559404,2023-04-21,2023-03-31,18.328816565241507,3.673292950208551,14.671770334063341,3.0005655933366473,13.181490584053268
sh600989,2023-03-30,14.28,14.6,14.24,14.57,0.015331010452961813,16210959.0,233935980.0,106847055200.0,106847055200.0,0.002210577279718983,16.234912738013975,2023-04-21,2023-03-31,18.609815843593644,3.729608242824989,14.896703398418321,3.046567295812889,13.383576153983007
sh600989,2023-03-31,14.57,14.99,14.52,14.75,0.012354152367879179,23287228.0,344170819.0,108167060000.0,108167060000.0,0.003175519543565296,16.435481323658625,2023-04-21,2023-03-31,18.83972434406357,3.775684391329347,15.080739541981483,3.084205052384359,13.548918893016427
sh600989,2023-04-03,14.98,15.61,14.97,15.01,0.01762711864406774,34110961.0,516789038.0,110073733600.0,110073733600.0,0.004651477767353573,16.725191502923114,2023-04-21,2023-03-31,19.17181440029791,3.842238828057864,15.346569527128276,3.138570700765371,13.78774729384248
sh600989,2023-04-04,15.12,15.12,14.75,14.88,-0.008660892738174497,17689005.0,263179746.0,109120396800.0,109120396800.0,0.0024121282740790033,16.58033641329087,2023-04-21,2023-03-31,19.005769372180744,3.808961609693606,15.21365453455488,3.1113878765748653,13.668333093429455
sh600989,2023-04-06,14.88,14.9,14.41,14.68,-0.013440860215053863,21831600.0,318714266.0,107653724800.0,107653724800.0,0.002977025538088952,16.35748242924126,2023-04-21,2023-03-31,18.75031548276971,3.7577658891332075,15.009169930595808,3.0695681470510094,13.484618938947875
sh600989,2023-04-07,14.65,14.9,14.28,14.48,-0.013623978201634857,24310999.0,352776730.0,106187052800.0,106187052800.0,0.003315124172275737,16.13462844519165,2023-04-21,2023-03-31,18.494861593358678,3.70657016857281,14.804685326636738,3.0277484175271536,13.300904784466296
sh600989,2023-04-10,14.5,14.54,14.2,14.26,-0.015193370165745845,31645789.0,452020100.0,104573713600.0,104573713600.0,0.004315319171566649,15.889489062737082,2023-04-21,2023-03-31,18.213862315006544,3.650254875956372,14.57975226228176,2.9817467150509125,13.09881921453656
sh600989,2023-04-11,14.28,14.56,14.18,14.54,0.019635343618513268,28964195.0,416598093.0,106627054400.0,106627054400.0,0.0039496485921869376,16.201484640406534,2023-04-21,2023-03-31,18.571497760181988,3.721928884740929,14.866030707824459,3.04029433638431,13.356019030810769
sh600989,2023-04-12,14.54,14.54,14.13,14.19,-0.02407152682255842,24654010.0,351553278.0,104060378400.0,104060378400.0,0.003361898229460984,15.81149016831972,2023-04-21,2023-03-31,18.124453453712682,3.6323363737602326,14.508182650896085,2.9671098097175626,13.034519260468008
sh600989,2023-04-13,14.15,14.28,13.9,14.08,-0.007751937984496138,19885652.0,279810931.0,103253708800.00002,103253708800.00002,0.0027116699575637903,15.688920477092434,2023-04-21,2023-03-31,17.98395381453662,3.6041787274520143,14.395716118718598,2.944108958479443,12.933476475503138
sh600989,2023-04-14,14.06,14.41,13.95,14.09,0.0007102272727272929,26261868.0,370360742.0,103327042400.0,103327042400.0,0.0035811507958152878,15.700063176294915,2023-04-21,2023-03-31,17.996726509007168,3.6067385134800336,14.40594034891655,2.946199944955635,12.942662183227217
sh600989,2023-04-17,14.19,14.91,14.11,14.66,0.04045422285308731,38375791.0,560464988.0,107507057600.0,107507057600.0,0.0052330433798422555,16.335197030836298,2023-04-21,2023-03-31,18.724770093828607,3.752646317077168,14.988721470199902,3.0653861740986237,13.466247523499717
sh600989,2023-04-18,14.64,14.8,14.36,14.43,-0.01568894952251021,23409369.0,339788995.0,105820384800.0,105820384800.0,0.003192175073908822,16.07891494917925,2023-04-21,2023-03-31,18.43099812100592,3.6937712384327104,14.75356417564697,3.0172934851461894,13.254976245845901
sh600989,2023-04-19,14.44,14.52,14.16,14.22,-0.014553014553014498,14726163.0,210002171.0,104280379200.0,104280379200.0,0.002008105834160603,15.844918265927161,2023-04-21,2023-03-31,18.16277153712434,3.6400157318442927,14.538855341489946,2.9733827691461414,13.062076383640244
sh600989,2023-04-20,14.17,14.19,13.98,14.03,-0.013361462728551432,15520808.0,218015093.0,102887040800.0,102887040800.0,0.002116466121941375,15.63320698108003,2023-04-21,2023-03-31,17.920090342183858,3.591379797311914,14.344594967728828,2.9336540260984783,12.887547936882742
sh600989,2023-04-21,13.56,13.56,12.68,12.94,-0.0776906628652887,115682790.0,1499772472.0,94893678400.0,94893678400.0,0.01577486854593256,14.418652768009665,2023-04-21,2023-03-31,16.527866644893734,3.3123631202577455,13.23015387615189,2.7057365001934643,11.886305794958139
sh600989,2023-04-24,12.94,13.33,12.9,13.15,0.016228748068006338,38857393.0,509888624.0,96433684000.0,96433684000.0,0.005298716141032215,14.652649451261755,2024-04-26,2024-03-31,16.382637739367095,3.148409458006369,11.28463396790809,2.410494688699217,12.079205657163799
sh600989,2023-04-25,13.16,13.29,12.87,13.04,-0.00836501901140696,21302449.0,276828508.0,95627014400.0,95627014400.0,0.002904868845931469,14.53007976003447,2024-04-26,2024-03-31,16.245596663220297,3.1220729530344524,11.190237790229771,2.3903308548013533,11.97816287219893
sh600989,2023-04-26,13.0,13.4,12.95,13.27,0.017638036809815905,21141525.0,279953321.0,97313687200.0,97313687200.0,0.002882924743910022,14.78636184169152,2024-04-26,2024-03-31,16.5321370951636,3.1771401907030046,11.387611616284437,2.4324915984059783,12.189434149852744
sh600989,2023-04-27,13.31,13.4,13.11,13.31,0.0030143180105501877,20526575.0,272231489.0,97607021600.0,97607021600.0,0.0027990682306609795,14.830932638501443,2024-04-26,2024-03-31,16.581970213762435,3.1867171016018836,11.421937499076552,2.439823901641565,12.226176980749061
sh600989,2023-04-28,13.27,13.47,13.1,13.18,-0.00976709241172058,18052706.0,238067335.0,96653684800.0,96653684800.0,0.0024617236846411466,14.686077548869196,2024-04-26,2024-03-31,16.42001257831622,3.1555921411805277,11.310378380002176,2.4159939161259074,12.106762780336036
sh600989,2023-05-04,13.12,13.2,12.88,13.12,-0.004552352048558417,15349751.0,200791219.0,96213683200.0,96213683200.0,0.0020931402522172647,14.619221353654314,2024-04-26,2024-03-31,16.345262900417968,3.1412267748322096,11.258889555814001,2.404995461272527,12.051648533991562
sh600989,2023-05-05,13.08,13.12,12.86,13.01,-0.008384146341463339,14243400.0,184682923.0,95407013600.0,95407013600.0,0.001942274755364526,14.496651662427032,2024-04-26,2024-03-31,16.20822182427117,3.114890269860293,11.164493378135683,2.384831627374663,11.950605749026694
sh600989,2023-05-08,12.98,13.18,12.93,13.03,0.001537279016141424,17607517.0,229914618.0,95553680800.0,95553680800.0,0.002401016314486129,14.518937060831993,2024-04-26,2024-03-31,16.233138383570587,3.1196787253097322,11.181656319531742,2.3884977789924564,11.968977164474852
sh600989,2023-05-09,13.0,13.02,12.7,12.82,-0.016116653875671405,24319752.0,312568173.0,94013675200.0,94013675200.0,0.0033163177588445133,14.284940377579906,2024-04-26,2024-03-31,15.971514510926704,3.0693999430906196,11.001445434873133,2.350003187005625,11.776077302269197
sh600989,2023-05-10,12.84,12.88,12.7,12.81,-0.0007800312012480326,14691746.0,187556797.0,93940341600.0,93940341600.0,0.0020034126239540945,14.273797678377425,2024-04-26,2024-03-31,15.959056231276996,3.0670057153659,10.992863964175104,2.348170111196728,11.766891594545118
sh600989,2023-05-11,12.82,12.85,12.6,12.72,-0.007025761124121788,27185972.0,345503159.0,93280339200.0,93280339200.0,0.0037071645194017475,14.1735133855551,2024-04-26,2024-03-31,15.846931714429616,3.045457665843423,10.915630727892845,2.3316724289166575,11.684220225028406
sh600989,2023-05-12,12.77,12.84,12.6,12.76,0.0031446540880502027,20067523.0,255577898.0,93573673600.0,93573673600.0,0.0027364704582892425,14.218084182365022,2024-04-26,2024-03-31,15.89676483302845,3.0550345767423015,10.949956610684959,2.3390047321522442,11.720963055924722
sh600989,2023-05-15,12.77,13.1,12.66,13.09,0.02586206896551735,23754532.0,306868312.0,95993682400.0,95993682400.0,0.00323924258457242,14.585793256046877,2024-04-26,2024-03-31,16.30788806146884,3.1340440916580503,11.233145143719915,2.399496233845837,12.024091410819327
sh600989,2023-05-16,13.1,13.45,13.1,13.32,0.017570664629488197,24693262.0,328626114.0,97680355200.0,97680355200.0,0.0033672507554517984,14.842075337703927,2024-04-26,2024-03-31,16.594428493412146,3.189111329326603,11.430518969774582,2.441656977450462,12.235362688473144
sh600989,2023-05-17,13.36,13.42,13.04,13.34,0.0015015015015014122,17883169.0,237575200.0,97827022400.0,97827022400.0,0.002438605086890593,14.864360736108887,2024-04-26,2024-03-31,16.619345052711562,3.1938997847760424,11.447681911170639,2.4453231290682553,12.2537341039213
sh600989,2023-05-18,13.36,13.42,12.99,13.04,-0.022488755622188994,15620252.0,204745468.0,95627014400.0,95627014400.0,0.0021300266180850247,14.530079760034473,2024-04-26,2024-03-31,16.245596663220297,3.1220729530344524,11.190237790229771,2.3903308548013533,11.978162872198931
sh600989,2023-05-19,13.01,13.04,12.76,12.96,-0.006134969325153228,19715758.0,254428965.0,95040345600.0,95040345600.0,0.00268850267817208,14.44093816641463,2024-04-26,2024-03-31,16.145930426022627,3.1029191312366944,11.12158602464554,2.3756662483301794,11.9046772104063
sh600989,2023-05-22,12.94,13.13,12.83,13.06,0.007716049382715973,18829386.0,244183220.0,95773681600.0,95773681600.0,0.0025676342086028777,14.552365158439434,2024-04-26,2024-03-31,16.270513222519718,3.1268614084838915,11.207400731625828,2.3939970064191467,11.996534287647089
sh600989,2023-05-23,13.07,13.24,12.94,13.0,-0.004594180704441064,15693468.0,204878359.0,95333680000.0,95333680000.0,0.0021400105817797025,14.485508963224552,2024-04-26,2024-03-31,16.195763544621464,3.1124960421355734,11.155911907437655,2.382998551565766,11.941420041302615
sh600989,2023-05-24,12.96,13.1,12.85,12.85,-0.011538461538461608,14498685.0,187616029.0,94233676000.0,94233676000.0,0.0019770862196864737,14.318368475187345,2024-04-26,2024-03-31,16.00888934987583,3.0765826262647784,11.02718984696722,2.355502414432315,11.803634425441432
sh600989,2023-05-25,12.85,12.85,12.45,12.58,-0.021011673151750898,26151623.0,329443727.0,92253668800.00002,92253668800.00002,0.0035661174413911217,14.017515596720374,2024-04-26,2024-03-31,15.672515799333695,3.011938477697348,10.79549013812044,2.3060093675921034,11.555620316891302
sh600989,2023-05-26,12.58,12.62,12.21,12.49,-0.007154213036565937,28980068.0,358856023.0,91593666400.0,91593666400.0,0.003951813084316057,13.91723130389805,2024-04-26,2024-03-31,15.560391282486313,2.9903904281748703,10.718256901838178,2.289511685312032,11.472948947374592
sh600989,2023-05-29,12.49,12.65,12.35,12.45,-0.0032025620496397567,10356306.0,129117968.0,91300332000.0,91300332000.0,0.0014122184101148722,13.87266050708813,2024-04-26,2024-03-31,15.510558163887477,2.9808135172759913,10.68393101904606,2.2821793820764453,11.436206116478276
sh600989,2023-05-30,12.29,12.38,11.91,12.16,-0.012185215272136452,26961414.0,325611257.0,89173657600.0,89173657600.0,0.0036765430852978716,13.703619152411996,2024-04-26,2024-03-31,15.149268054045923,2.911380913259121,10.435068368803222,2.22902018361844,11.296853483052464
sh600989,2023-05-31,12.13,12.25,12.08,12.15,-0.000822368421052655,11660101.0,141977178.0,89100324000.0,89100324000.0,0.0015900079908800332,13.692349728766919,2024-04-26,2024-03-31,15.136809774396214,2.9089866855344013,10.426486898105193,2.227187107809543,11.287563307490744
sh600989,2023-06-01,12.15,12.18,12.0,12.05,-0.008230452674897082,13200431.0,159556289.0,88366988000.0,88366988000.0,0.0018000522270828106,13.579655492316164,2024-04-26,2024-03-31,15.012226977899125,2.8850444082872047,10.340672191124904,2.2088563497205755,11.194661551873537
sh600989,2023-06-02,12.1,12.54,11.95,12.5,0.03734439834024883,28510540.0,350177769.0,91667000000.0,91667000000.0,0.0038877867716844666,14.086779556344567,2024-04-26,2024-03-31,15.572849562136021,2.99278465589959,10.726838372536207,2.291344761120929,11.61271945215097
sh600989,2023-06-05,12.54,12.64,12.4,12.51,0.0007999999999999119,12804591.0,160177436.0,91740333600.0,91740333600.0,0.0017460742415482127,14.09804897998964,2024-04-26,2024-03-31,15.58530784178573,2.9951788836243094,10.735419843234235,2.2931778369298255,11.62200962771269
sh600989,2023-06-06,12.48,12.75,12.35,12.52,0.0007993605115907965,17267719.0,217481213.0,91813667200.0,91813667200.0,0.0023546803920713017,14.109318403634717,2024-04-26,2024-03-31,15.59776612143544,2.997573111349029,10.744001313932264,2.2950109127387224,11.63129980327441
sh600989,2023-06-07,12.56,12.62,12.31,12.38,-0.01118210862619795,16324566.0,202296685.0,90786996800.0,90786996800.0,0.0022260690870215018,13.951546472603658,2024-04-26,2024-03-31,15.423350206339517,2.964053923202954,10.62386072415986,2.2693478514141683,11.50123734541032
sh600989,2023-06-08,12.33,12.88,12.31,12.7,0.025848142164781818,20556147.0,259913899.0,93133672000.0,93133672000.0,0.0028031007614517764,14.31216802924608,2024-04-26,2024-03-31,15.822015155130197,3.040669210393983,10.898467786496784,2.3280062772988637,11.798522963385384
sh600989,2023-06-09,12.66,12.77,12.53,12.59,-0.008661417322834652,13414819.0,168989112.0,92327002400.0,92327002400.0,0.0018292868480478254,14.188204369150247,2024-04-26,2024-03-31,15.684974078983402,3.014332705422067,10.804071608818466,2.3078424434009994,11.696331032206457
sh600989,2023-06-12,12.6,12.83,12.43,12.73,0.011119936457506086,16255223.0,205912900.0,93353672800.0,93353672800.0,0.0022166132577699717,14.345976300181308,2024-04-26,2024-03-31,15.859389994079326,3.0478518935681422,10.924212198590872,2.333505504725554,11.826393490070549
sh600989,2023-06-13,12.74,12.88,12.6,12.84,0.008641005498821741,14433490.0,184432106.0,94160342400.0,94160342400.0,0.0019681960247417284,14.46993996027714,2024-04-26,2024-03-31,15.996431070226121,3.0741883985400587,11.01860837626919,2.353669338623418,11.928585421249476
sh600989,2023-06-14,12.8,13.27,12.77,13.13,0.02258566978193155,26551397.0,348611363.0,96287016800.0,96287016800.0,0.0036206318795204383,14.796753245984334,2024-04-26,2024-03-31,16.357721180067678,3.1436210025569293,11.267471026512032,2.4068285370814237,12.19800051253938
sh600989,2023-06-15,13.13,13.42,13.03,13.3,0.012947448591013044,22871293.0,302551391.0,97533688000.0,97533688000.0,0.0031188013407223974,14.988333447950621,2024-04-26,2024-03-31,16.56951193411273,3.184322873877164,11.413356028378525,2.4379908258326686,12.355933497088634
sh600989,2023-06-16,13.3,13.37,13.06,13.16,-0.010526315789473717,20982042.0,276301044.0,96507017600.0,96507017600.0,0.002861177141174032,14.83056151691956,2024-04-26,2024-03-31,16.395096019016805,3.150803685731088,11.293215438606119,2.412327764508114,12.225871039224542
sh600989,2023-06-19,13.15,13.24,12.72,12.85,-0.023556231003039496,26480343.0,339796234.0,94233676000.0,94233676000.0,0.0036109427329355168,14.481209383922215,2024-04-26,2024-03-31,16.00888934987583,3.0765826262647784,11.02718984696722,2.355502414432315,11.937875596811198
sh600989,2023-06-20,12.85,13.01,12.7,12.95,0.0077821011673151474,21157227.0,273694602.0,94967012000.0,94967012000.0,0.0028850659179421164,14.593903620372972,2024-04-26,2024-03-31,16.133472146372917,3.100524903511975,11.113004553947508,2.3738331725212825,12.030777352428405
sh600989,2023-06-21,12.91,13.07,12.72,12.75,-0.015444015444015413,14426100.0,185219360.0,93500340000.0,93500340000.0,0.0019671883011334506,14.36851514747146,2024-04-26,2024-03-31,15.884306553378742,3.0526403490175817,10.941375139986931,2.3371716563433473,11.84497384119399
sh600989,2023-06-26,12.68,12.69,12.39,12.51,-0.018823529411764683,15432828.0,193298655.0,91740333600.0,91740333600.0,0.0021044688928403897,14.098048979989645,2024-04-26,2024-03-31,15.58530784178573,2.9951788836243094,10.735419843234235,2.2931778369298255,11.622009627712693
sh600989,2023-06-27,12.51,12.91,12.5,12.77,0.02078337330135893,16670500.0,211976054.0,93647007200.0,93647007200.0,0.002273241733666423,14.391053994761611,2024-04-26,2024-03-31,15.90922311267816,3.057428804467021,10.958538081382988,2.340837807961141,11.863554192317434
sh600989,2023-06-28,12.74,12.93,12.62,12.88,0.008613938919342257,11921658.0,152300846.0,94453676800.0,94453676800.0,0.0016256747248191825,14.515017654857443,2024-04-26,2024-03-31,16.046264188824956,3.0837653094389377,11.052934259061308,2.3610016418590054,11.965746123496361
sh600989,2023-06-29,12.83,12.9,12.65,12.68,-0.015527950310559091,12145315.0,154511395.0,92987004800.0,92987004800.0,0.00165617329573347,14.28962918195593,2024-04-26,2024-03-31,15.79709859583078,3.035880754944544,10.881304845100727,2.3243401256810703,11.779942612261944
sh600989,2023-06-30,12.61,12.79,12.57,12.61,-0.0055205047318612754,12075600.0,152600439.0,92473669600.00002,92473669600.00002,0.0016466667393936745,14.210743216440399,2024-04-26,2024-03-31,15.709890638282822,3.019121160871507,10.821234550214529,2.3115085950187937,11.714911383329898
sh600989,2023-07-03,12.65,13.05,12.65,12.98,0.029341792228390284,32063469.0,414347624.0,95187012800.0,95187012800.0,0.004372275328089716,14.6277118913082,2024-04-26,2024-03-31,16.170846985322047,3.1077075866861343,11.138748966041597,2.3793323999479727,12.05864787911357
sh600989,2023-07-04,12.95,13.03,12.76,12.99,0.0007704160246533309,16155829.0,208904663.0,95260346400.0,95260346400.0,0.002203059579783346,14.638981314953275,2024-04-26,2024-03-31,16.183305264971754,3.1101018144108536,11.147330436739626,2.381165475756869,12.06793805467529
sh600989,2023-07-05,12.96,13.26,12.93,13.08,0.006928406466512715,15729193.0,205222694.0,95920348800.00002,95920348800.00002,0.0021448821549739814,14.740406127758956,2024-04-26,2024-03-31,16.295429781819134,3.1316498639333314,11.224563673021889,2.3976631580369405,12.151549634730777
sh600989,2023-07-06,13.01,13.04,12.7,12.75,-0.025229357798165153,18804732.0,240779050.0,93500340000.0,93500340000.0,0.0025642723117370483,14.36851514747146,2024-04-26,2024-03-31,15.884306553378742,3.0526403490175817,10.941375139986931,2.3371716563433473,11.84497384119399
sh600989,2023-07-07,12.76,12.87,12.59,12.75,0.0,11590241.0,147391729.0,93500340000.0,93500340000.0,0.0015804816618848658,14.36851514747146,2024-04-26,2024-03-31,15.884306553378742,3.0526403490175817,10.941375139986931,2.3371716563433473,11.84497384119399
sh600989,2023-07-10,12.8,13.18,12.8,13.1,0.027450980392156765,27589849.0,359458562.0,96067016000.0,96067016000.0,0.0037622384554965253,14.762944975049106,2024-04-26,2024-03-31,16.32034634111855,3.13643831938277,11.241726614417944,2.4013293096547335,12.170129985854217
sh600989,2023-07-11,13.13,13.27,13.0,13.23,0.00992366412213741,17473842.0,229887315.0,97020352800.0,97020352800.0,0.002382787971680103,14.909447482435091,2024-04-26,2024-03-31,16.482303976564765,3.167563279804126,11.35328573349232,2.425159295170391,12.290902268156588
sh600989,2023-07-12,13.25,13.55,13.13,13.32,0.006802721088435382,24866455.0,333358119.0,97680355200.0,97680355200.0,0.0033908678968440115,15.010872295240771,2024-04-26,2024-03-31,16.594428493412146,3.189111329326603,11.430518969774582,2.441656977450462,12.374513848212073
sh600989,2023-07-13,13.33,13.51,13.28,13.39,0.005255255255255387,16162160.0,216638119.0,98193690399.99998,98193690399.99998,0.0022039228948258376,15.089758260756302,2024-04-26,2024-03-31,16.681636450960102,3.2058709233996403,11.490589264660782,2.454488508112739,12.43954507714412
sh600989,2023-07-14,13.41,13.63,13.4,13.49,0.007468259895444307,19925545.0,269072715.0,98927026400.0,98927026400.0,0.002717109892327664,15.202452497207057,2024-04-26,2024-03-31,16.806219247457197,3.2298132006468374,11.576403971641074,2.472819266201707,12.532446832761329
sh600989,2023-07-17,13.49,13.49,13.27,13.42,-0.005189028910303928,10555345.0,141071748.0,98413691199.99998,98413691199.99998,0.0014393599932363884,15.123566531691527,2024-04-26,2024-03-31,16.71901128990923,3.213053606573799,11.51633367675487,2.4599877355394293,12.467415603829282
sh600989,2023-07-18,13.54,13.67,13.42,13.56,0.010432190760059745,14473692.0,196077814.0,99440361600.0,99440361600.0,0.0019736780957160154,15.281338462722587,2024-04-26,2024-03-31,16.893427205005157,3.2465727947198753,11.636474266527276,2.485650796863984,12.597478061693375
sh600989,2023-07-19,13.5,13.58,13.35,13.54,-0.001474926253687392,8854615.0,119320437.0,99293694400.0,99293694400.0,0.0012074431092977845,15.258799615432435,2024-04-26,2024-03-31,16.868510645705737,3.2417843392704357,11.619311325131218,2.48198464524619,12.578897710569931
sh600989,2023-07-20,13.53,13.7,13.46,13.49,-0.0036927621861151394,12651145.0,172157542.0,98927026400.0,98927026400.0,0.001725149863091407,15.202452497207057,2024-04-26,2024-03-31,16.806219247457197,3.2298132006468374,11.576403971641074,2.472819266201707,12.532446832761329
sh600989,2023-07-21,13.52,13.69,13.45,13.57,0.005930318754633124,10448772.0,141854430.0,99513695200.0,99513695200.0,0.00142482736426413,15.292607886367664,2024-04-26,2024-03-31,16.905885484654867,3.248967022444595,11.645055737225306,2.4874838726728807,12.606768237255094
sh600989,2023-07-24,13.53,13.57,13.33,13.39,-0.013264554163596176,12997018.0,174716567.0,98193690399.99998,98193690399.99998,0.0017723141915847584,15.089758260756302,2024-04-26,2024-03-31,16.681636450960102,3.2058709233996403,11.490589264660782,2.454488508112739,12.43954507714412
sh600989,2023-07-25,13.58,13.8,13.55,13.68,0.02165795369678869,21852536.0,298729782.0,100320364800.0,100320364800.0,0.0029798804367984115,15.416571546463496,2024-04-26,2024-03-31,17.04292656080166,3.275303527416511,11.739451914903624,2.5076477065707445,12.708960168434023
sh600989,2023-07-26,13.68,14.01,13.68,13.83,0.010964912280701844,20659822.0,287109116.0,101420368800.00002,101420368800.00002,0.002817238210042872,15.585612901139633,2024-04-26,2024-03-31,17.2298007555473,3.311216943287307,11.868173975374061,2.5351438437041964,12.848312801859837
sh600989,2023-07-27,13.81,14.37,13.73,14.21,0.02747650036153293,32249311.0,458098282.0,104207045600.0,104207045600.0,0.004397617326846084,16.013850999652508,2024-04-26,2024-03-31,17.70321538223623,3.402197596826654,12.19426986189916,2.6048007244422724,13.201339473205227
sh600989,2023-07-28,14.18,14.42,14.04,14.29,0.005629838142153343,22901303.0,327034485.0,104793714400.0,104793714400.0,0.0031228935985687326,16.10400638881311,2024-04-26,2024-03-31,17.802881619433897,3.421351418624411,12.26292162748339,2.619465330913446,13.275660877698991
sh600989,2023-07-31,14.3,14.6,14.09,14.16,-0.009097270818754333,22423233.0,320237750.0,103840377600.0,103840377600.0,0.0030577024719910108,15.95750388142713,2024-04-26,2024-03-31,17.640923983987687,3.3902264582030552,12.151362508409015,2.5956353453977883,13.154888595396622
sh600989,2023-08-01,14.18,14.33,13.99,14.09,-0.004943502824858781,15911863.0,224225321.0,103327042400.0,103327042400.0,0.0021697916098486914,15.8786179159116,2024-04-26,2024-03-31,17.553716026439723,3.373466864130018,12.091292213522811,2.5828038147355112,13.089857366464576
sh600989,2023-08-02,14.04,14.2,13.98,14.15,0.004258339247693366,12379350.0,174566652.0,103767044000.0,103767044000.0,0.0016880870433198425,15.946234457782053,2024-04-26,2024-03-31,17.628465704337977,3.387832230478336,12.142781037710986,2.593802269588892,13.1455984198349
sh600989,2023-08-03,14.13,14.17,13.94,14.08,-0.004946996466431153,15236993.0,213955441.0,103253708800.00002,103253708800.00002,0.0020777642172210282,15.867348492266522,2024-04-26,2024-03-31,17.541257746790016,3.371072636405299,12.082710742824785,2.5809707389266148,13.080567190902855
sh600989,2023-08-04,14.17,14.26,13.83,13.89,-0.013494318181818121,17929864.0,250206615.0,101860370399.99998,101860370399.99998,0.002444972563736132,15.653229443010087,2024-04-26,2024-03-31,17.304550433445545,3.3255823096356236,11.919662799562232,2.5461422985575766,12.904053855230162
sh600989,2023-08-07,13.94,13.95,13.72,13.81,-0.005759539236861011,13178266.0,181925717.0,101273701600.0,101273701600.0,0.0017970297380736798,15.563074053849483,2024-04-26,2024-03-31,17.20488419624788,3.306428487837867,11.851011033978,2.5314776920864026,12.829732450736397
sh600989,2023-08-08,13.82,13.82,13.6,13.75,-0.00434467776973213,13818400.0,189577211.0,100833700000.0,100833700000.0,0.0018843204206530158,15.495457511979028,2024-04-26,2024-03-31,17.130134518349625,3.292063121489549,11.799522209789828,2.520479237233022,12.773991397366071
sh600989,2023-08-09,13.77,13.79,13.5,13.73,-0.001454545454545375,19294994.0,262997529.0,100687032800.0,100687032800.0,0.0026311259777237173,15.472918664688878,2024-04-26,2024-03-31,17.105217959050208,3.2872746660401098,11.782359268393769,2.5168130856152287,12.755411046242632
sh600989,2023-08-10,13.72,14.06,13.67,14.03,0.021849963583393972,22623951.0,315478479.0,102887040800.0,102887040800.0,0.0030850730088254224,15.811001374041147,2024-04-26,2024-03-31,17.47896634854147,3.3591014977816998,12.039803389334637,2.5718053598821307,13.034116313094254
sh600989,2023-08-11,14.02,14.08,13.8,13.84,-0.013542409123307175,14308252.0,199264702.0,101493702400.0,101493702400.0,0.0019511181777520808,15.596882324784712,2024-04-26,2024-03-31,17.242259035197,3.3136111710120257,11.876755446072087,2.5369769195130925,12.85760297742156
sh600989,2023-08-14,13.74,13.89,13.58,13.83,-0.0007225433526011349,11677300.0,160112104.0,101420368800.00002,101420368800.00002,0.0015923533005334524,15.585612901139635,2024-04-26,2024-03-31,17.2298007555473,3.311216943287307,11.868173975374061,2.5351438437041964,12.848312801859839
sh600989,2023-08-15,13.84,13.97,13.66,13.84,0.000723065798987621,11755030.0,162063294.0,101493702400.0,101493702400.0,0.0016029528074443366,15.596882324784708,2024-04-26,2024-03-31,17.242259035197,3.3136111710120257,11.876755446072087,2.5369769195130925,12.857602977421559
sh600989,2023-08-16,13.84,13.96,13.68,13.72,-0.00867052023121384,9331232.0,128659954.0,100613699200.0,100613699200.0,0.0012724361002323628,15.4616492410438,2024-04-26,2024-03-31,17.092759679400498,3.28488043831539,11.773777797695741,2.5149800098063317,12.746120870680908
sh600989,2023-08-17,13.63,13.76,13.47,13.71,-0.0007288629737609575,12766323.0,173463275.0,100540365600.0,100540365600.0,0.0017408558968876476,15.450379817398725,2024-04-26,2024-03-31,17.08030139975079,3.2824862105906703,11.765196326997712,2.513146933997435,12.736830695119187
sh600989,2023-08-18,13.68,13.81,13.58,13.66,-0.003646973012399801,9937545.0,136131592.0,100173697600.0,100173697600.0,0.001355114845036927,15.394032699173344,2024-04-26,2024-03-31,17.018010001502244,3.270515071967072,11.722288973507567,2.503981554952951,12.690379817310582
sh600989,2023-08-21,13.62,13.78,13.57,13.58,-0.005856515373352855,8350043.0,114048101.0,99587028800.00002,99587028800.00002,0.0011386380867705935,15.303877310012737,2024-04-26,2024-03-31,16.918343764304577,3.251361250169315,11.653637207923337,2.4893169484817776,12.616058412816814
sh600989,2023-08-22,13.58,13.73,13.47,13.61,0.0022091310751104487,14145899.0,192012429.0,99807029600.00002,99807029600.00002,0.0019289792128028623,15.337685580947962,2024-04-26,2024-03-31,16.9557186032537,3.258543933343474,11.679381620017423,2.494816175908468,12.643928939501976
sh600989,2023-08-23,13.63,13.63,13.36,13.37,-0.01763409257898607,6262068.0,84356281.0,98047023200.0,98047023200.0,0.0008539152584899691,15.067219413466146,2024-04-26,2024-03-31,16.65671989166069,3.2010824679502012,11.473426323264725,2.4508223564949456,12.420964726020676
sh600989,2023-08-24,13.41,13.69,13.28,13.58,0.015706806282722585,14038483.0,190070815.0,99587028800.00002,99587028800.00002,0.0019143316297031644,15.303877310012737,2024-04-26,2024-03-31,16.918343764304577,3.251361250169315,11.653637207923337,2.4893169484817776,12.616058412816814
sh600989,2023-08-25,13.53,13.75,13.48,13.56,-0.0014727540500736325,10695521.0,145389058.0,99440361600.0,99440361600.0,0.0014584748328187898,15.281338462722585,2024-04-26,2024-03-31,16.893427205005157,3.2465727947198753,11.636474266527276,2.485650796863984,12.597478061693371
sh600989,2023-08-28,13.99,14.12,13.38,13.57,0.0007374631268437515,30439023.0,414830083.0,99513695200.0,99513695200.0,0.004150760769960836,15.29260788636766,2024-04-26,2024-03-31,16.905885484654867,3.248967022444595,11.645055737225306,2.4874838726728807,12.606768237255093
sh600989,2023-08-29,13.6,13.64,13.26,13.6,0.002210759027265974,20205485.0,272492302.0,99733696000.0,99733696000.0,0.0027552833898785824,15.326416157302887,2024-04-26,2024-03-31,16.94326032360399,3.256149705618754,11.670800149319392,2.4929831000995706,12.634638763940254
sh600989,2023-08-30,13.64,13.88,13.53,13.81,0.015441176470588402,20607117.0,282831459.0,101273701600.0,101273701600.0,0.0028100511907229427,15.563074053849478,2024-04-26,2024-03-31,17.20488419624788,3.306428487837867,11.851011033978,2.5314776920864026,12.829732450736392
sh600989,2023-08-31,13.82,13.92,13.64,13.71,-0.007241129616220143,22536070.0,310038056.0,100540365600.0,100540365600.0,0.0030730892796753465,15.450379817398721,2024-04-26,2024-03-31,17.08030139975079,3.2824862105906703,11.765196326997712,2.513146933997435,12.736830695119185
sh600989,2023-09-01,13.76,14.2,13.71,14.15,0.03209336250911732,34545453.0,486054259.0,103767044000.0,103767044000.0,0.004710726460994687,15.94623445778205,2024-04-26,2024-03-31,17.628465704337977,3.387832230478336,12.142781037710986,2.593802269588892,13.145598419834897
sh600989,2023-09-04,14.18,14.51,14.11,14.36,0.014840989399293125,33014645.0,472912627.0,105307049600.00002,105307049600.00002,0.004501980674615728,16.182892354328633,2024-04-26,2024-03-31,17.890089576981865,3.4381110126974495,12.322991922369596,2.6322968615757234,13.340692106631032
sh600989,2023-09-05,14.3,14.4,14.09,14.12,-0.01671309192200554,16697879.0,236590428.0,103547043200.0,103547043200.0,0.0022769752200901086,15.91242618684682,2024-04-26,2024-03-31,17.59109086538885,3.3806495473041767,12.117036625616898,2.588303042162201,13.117727893149734
sh600989,2023-09-06,14.13,14.35,14.1,14.26,0.009915014164306069,17584677.0,250903064.0,104573713600.0,104573713600.0,0.002397901780357162,16.07019811787788,2024-04-26,2024-03-31,17.765506780484774,3.414168735450252,12.237177215389304,2.6139661034867556,13.247790351013826
sh600989,2023-09-07,14.29,14.34,14.16,14.26,0.0,13293030.0,189465183.0,104573713600.0,104573713600.0,0.0018126793175297544,16.07019811787788,2024-04-26,2024-03-31,17.765506780484774,3.414168735450252,12.237177215389304,2.6139661034867556,13.247790351013826
sh600989,2023-09-08,14.21,14.37,14.15,14.33,0.004908835904628317,10459193.0,149473427.0,105087048800.00002,105087048800.00002,0.001426248404551256,16.14908408339341,2024-04-26,2024-03-31,17.852714738032738,3.4309283295232906,12.29724751027551,2.6267976341490336,13.312821579945872
sh600989,2023-09-11,14.33,14.53,14.3,14.5,0.011863224005582707,23575127.0,340946020.0,106333720000.0,106333720000.0,0.003214778355351435,16.340664285359697,2024-04-26,2024-03-31,18.064505492077785,3.4716302008435242,12.443132512141998,2.6579599229002775,13.470754564495126
sh600989,2023-09-12,14.47,14.6,14.43,14.46,-0.0027586206896551557,16248081.0,235668250.0,106040385600.0,106040385600.0,0.002215639352220537,16.295586590779397,2024-04-26,2024-03-31,18.014672373478952,3.4620532899446457,12.408806629349884,2.6506276196646907,13.433593862248243
sh600989,2023-09-13,14.44,14.72,14.4,14.5,0.0027662517289073207,21812364.0,317142330.0,106333720000.0,106333720000.0,0.002974402456718339,16.340664285359697,2024-04-26,2024-03-31,18.064505492077785,3.4716302008435242,12.443132512141998,2.6579599229002775,13.470754564495126
sh600989,2023-09-14,14.5,14.51,14.3,14.47,-0.002068965517241339,15285040.0,220310304.0,106113719200.0,106113719200.0,0.00208431605703252,16.306856014424472,2024-04-26,2024-03-31,18.02713065312866,3.4644475176693654,12.417388100047914,2.6524606954735876,13.442884037809964
sh600989,2023-09-15,14.5,14.57,14.3,14.36,-0.007601935038009766,14411294.0,207922999.0,105307049600.00002,105307049600.00002,0.0019651693084752416,16.182892354328636,2024-04-26,2024-03-31,17.890089576981865,3.4381110126974495,12.322991922369596,2.6322968615757234,13.340692106631034
sh600989,2023-09-18,14.33,14.5,14.21,14.36,0.0,11800233.0,169406802.0,105307049600.00002,105307049600.00002,0.0016091168304842526,16.182892354328636,2024-04-26,2024-03-31,17.890089576981865,3.4381110126974495,12.322991922369596,2.6322968615757234,13.340692106631034
sh600989,2023-09-19,14.37,14.44,14.19,14.28,-0.005571030640668551,10299913.0,146848754.0,104720380800.0,104720380800.0,0.001404528483532787,16.09273696516803,2024-04-26,2024-03-31,17.79042333978419,3.4189571908996914,12.25434015678536,2.617632255104549,13.266370702137266
sh600989,2023-09-20,14.25,14.41,14.13,14.19,-0.006302521008403339,13385761.0,190177311.0,104060378400.0,104060378400.0,0.001825324407911244,15.991312152362351,2024-04-26,2024-03-31,17.67829882293681,3.3974091413772145,12.177106920503102,2.6011345728244786,13.18275912208178
sh600989,2023-09-21,14.13,14.4,14.13,14.18,-0.0007047216349541641,14137025.0,201553913.0,103987044800.0,103987044800.0,0.0019277691262940863,15.980042728717274,2024-04-26,2024-03-31,17.665840543287104,3.3950149136524947,12.168525449805072,2.5993014970155817,13.173468946520059
sh600989,2023-09-22,14.12,14.42,13.93,14.09,-0.006346967559943573,17142737.0,241357311.0,103327042400.0,103327042400.0,0.0023376374540456215,15.878617915911594,2024-04-26,2024-03-31,17.553716026439723,3.373466864130018,12.091292213522811,2.5828038147355112,13.089857366464573
sh600989,2023-09-25,14.09,14.2,14.03,14.1,0.0007097232079489313,11334205.0,159908148.0,103400376000.0,103400376000.0,0.0015455677888444042,15.88988733955667,2024-04-26,2024-03-31,17.566174306089433,3.375861091854737,12.09987368422084,2.5846368905444077,13.099147542026294
sh600989,2023-09-26,14.05,14.2,14.0,14.0,-0.007092198581560294,8373818.0,117996303.0,102667040000.0,102667040000.0,0.0011418801204359256,15.777193103105914,2024-04-26,2024-03-31,17.441591509592346,3.3519188146075405,12.014058977240552,2.5663061324554404,13.006245786409087
sh600989,2023-09-27,14.05,14.3,13.96,14.24,0.017142857142857126,13844478.0,196239344.0,104427046400.0,104427046400.0,0.001887876498630914,16.04765927058773,2024-04-26,2024-03-31,17.740590221185357,3.409380280000813,12.220014273993247,2.6102999518689622,13.229209999890385
sh600989,2023-09-28,14.33,14.62,14.23,14.3,0.004213483146067398,14381711.0,206713006.0,104867048000.0,104867048000.0,0.0019611352776898994,16.115275812458183,2024-04-26,2024-03-31,17.81533989908361,3.423745646349131,12.271503098181421,2.621298406722343,13.28495105326071
sh600989,2023-10-09,14.25,14.28,13.93,14.13,-0.011888111888111896,12700965.0,179126908.0,103620376800.0,103620376800.0,0.001731943474751001,15.923695610491896,2024-04-26,2024-03-31,17.60354914503856,3.3830437750288964,12.125618096314929,2.5901361179710984,13.127018068711456
sh600989,2023-10-10,14.11,14.46,14.01,14.4,0.019108280254777066,17851923.0,255915898.0,105600384000.0,105600384000.0,0.002434344284202603,16.22797004890894,2024-04-26,2024-03-31,17.939922695580698,3.4476879235963276,12.35731780516171,2.63962916481131,13.377852808877917
sh600989,2023-10-11,14.44,14.54,14.05,14.07,-0.022916666666666696,26459861.0,376582036.0,103180375200.0,103180375200.0,0.0036081497430918434,15.856079068621442,2024-04-26,2024-03-31,17.528799467140306,3.3686784086805783,12.074129272126754,2.579137663117718,13.07127701534113
sh600989,2023-10-12,14.06,14.16,13.92,14.03,-0.002842928216062579,11425600.0,160134501.0,102887040800.0,102887040800.0,0.0015580306980701889,15.81100137404114,2024-04-26,2024-03-31,17.47896634854147,3.3591014977816998,12.039803389334637,2.5718053598821307,13.034116313094248
sh600989,2023-10-13,13.9,14.24,13.9,14.23,0.014255167498218091,11614032.0,163742511.0,104353712800.0,104353712800.0,0.001583725877360446,16.03638984694265,2024-04-26,2024-03-31,17.728131941535647,3.406986052276093,12.211432803295217,2.6084668760600658,13.219919824328663
sh600989,2023-10-16,14.26,14.5,14.15,14.44,0.014757554462403233,21895402.0,315571174.0,105893718400.0,105893718400.0,0.0029857257791789846,16.27304774348924,2024-04-26,2024-03-31,17.98975581417953,3.457264834495206,12.391643687953826,2.646961468046897,13.415013511124798
sh600989,2023-10-17,14.44,14.44,14.15,14.26,-0.012465373961218829,13871475.0,197285717.0,104573713600.0,104573713600.0,0.0018915578943349298,16.070198117877876,2024-04-26,2024-03-31,17.765506780484774,3.414168735450252,12.237177215389304,2.6139661034867556,13.247790351013823
sh600989,2023-10-18,14.23,14.37,14.17,14.29,0.0021037868162692153,10035631.0,143357688.0,104793714400.0,104793714400.0,0.0013684901600357817,16.1040063888131,2024-04-26,2024-03-31,17.802881619433897,3.421351418624411,12.26292162748339,2.619465330913446,13.275660877698984
sh600989,2023-10-19,14.19,14.19,13.84,13.85,-0.030790762771168656,14196363.0,198657823.0,101567036000.0,101567036000.0,0.001935860642324937,15.608151748429773,2024-04-26,2024-03-31,17.25471731484671,3.3160053987367455,11.885336916770116,2.5388099953219894,12.86689315298327
sh600989,2023-10-20,13.8,13.95,13.74,13.83,-0.0014440433212996595,10284228.0,142162068.0,101420368800.00002,101420368800.00002,0.001402389627674081,15.585612901139621,2024-04-26,2024-03-31,17.2298007555473,3.311216943287307,11.868173975374061,2.5351438437041964,12.848312801859826
sh600989,2023-10-23,13.78,13.83,13.38,13.45,-0.02747650036153293,10519011.0,142449556.0,98633692000.0,98633692000.0,0.0014344053748895458,15.157374802626745,2024-04-26,2024-03-31,16.75638612885836,3.2202362897479584,11.542078088848957,2.4654869629661196,12.495286130514437
sh600989,2023-10-24,13.49,13.59,13.36,13.5,0.003717472118959231,11275749.0,151916424.0,99000360000.0,99000360000.0,0.0015375965451034724,15.213721920852127,2024-04-26,2024-03-31,16.818677527106903,3.232207428371557,11.584985442339104,2.4746523420106032,12.541737008323043
sh600989,2023-10-25,13.6,14.15,13.55,14.1,0.04444444444444451,21961317.0,306462370.0,103400376000.0,103400376000.0,0.0029947141555848886,15.889887339556665,2024-04-26,2024-03-31,17.566174306089433,3.375861091854737,12.09987368422084,2.5846368905444077,13.099147542026289
sh600989,2023-10-26,14.11,14.18,13.83,14.08,-0.0014184397163120588,9603817.0,134508222.0,103253708800.00002,103253708800.00002,0.0013096066468849202,15.867348492266514,2024-04-26,2024-03-31,17.541257746790016,3.371072636405299,12.082710742824785,2.5809707389266148,13.080567190902848
sh600989,2023-10-27,14.03,14.33,13.95,14.29,0.014914772727272707,11278304.0,160522118.0,104793714400.0,104793714400.0,0.0015379449529274438,16.1040063888131,2024-04-26,2024-03-31,17.802881619433897,3.421351418624411,12.26292162748339,2.619465330913446,13.275660877698984
sh600989,2023-10-30,14.36,14.59,14.23,14.25,-0.002799160251924393,15966657.0,229410261.0,104500380000.0,104500380000.0,0.0021772634917691207,16.0589286942328,2024-04-26,2024-03-31,17.753048500835064,3.4117745077255326,12.228595744691276,2.612133027677859,13.238500175452101
sh600989,2023-10-31,14.32,14.49,14.27,14.42,0.011929824561403457,15829117.0,228016125.0,105747051199.99998,105747051199.99998,0.0021585081054250714,16.250508896199083,2024-04-26,2024-03-31,17.96483925488011,3.452476379045766,12.374480746557767,2.6432953164291035,13.396433160001353
sh600989,2023-11-01,14.44,14.5,14.27,14.37,-0.0034674063800277377,13228366.0,190319678.0,105380383200.0,105380383200.0,0.001803861531412613,16.194161777973704,2024-04-26,2024-03-31,17.902547856631568,3.4405052404221683,12.331573393067622,2.63412993738462,13.349982282192748
sh600989,2023-11-02,14.39,14.44,14.24,14.28,-0.006263048016701411,10678404.0,153087109.0,104720380800.0,104720380800.0,0.001456140704942891,16.092736965168026,2024-04-26,2024-03-31,17.79042333978419,3.4189571908996914,12.25434015678536,2.617632255104549,13.266370702137262
sh600989,2023-11-03,14.31,14.42,14.23,14.33,0.003501400560224077,10915354.0,156397009.0,105087048800.00002,105087048800.00002,0.0014884519510838141,16.149084083393404,2024-04-26,2024-03-31,17.852714738032738,3.4309283295232906,12.29724751027551,2.6267976341490336,13.312821579945867
sh600989,2023-11-06,14.37,14.44,14.25,14.39,0.004187020237264472,16522462.0,236883049.0,105527050399.99998,105527050399.99998,0.002253054807073429,16.216700625263858,2024-04-26,2024-03-31,17.927464415930988,3.4452936958716074,12.34873633446368,2.6377960890024137,13.368562633316191
sh600989,2023-11-07,14.37,14.71,14.33,14.65,0.018068102849200907,26787445.0,389090289.0,107433724000.0,107433724000.0,0.0036528201261086324,16.509705640035826,2024-04-26,2024-03-31,18.25137968682342,3.5075436167143192,12.571854572612434,2.685456060033729,13.610107197920932
sh600989,2023-11-08,14.58,14.6,14.02,14.26,-0.02662116040955631,27533584.0,392183909.0,104573713600.0,104573713600.0,0.003754565983396424,16.070198117877876,2024-04-26,2024-03-31,17.765506780484774,3.414168735450252,12.237177215389304,2.6139661034867556,13.247790351013823
sh600989,2023-11-09,14.24,14.54,14.23,14.45,0.0133239831697054,17571638.0,253642108.0,105967052000.0,105967052000.0,0.0023961237413682134,16.28431716713431,2024-04-26,2024-03-31,18.00221409382924,3.459659062219926,12.400225158651853,2.648794543855794,13.424303686686516
sh600989,2023-11-10,14.38,14.49,14.26,14.29,-0.01107266435986165,6843100.0,98031202.0,104793714400.0,104793714400.0,0.0009331466067396118,16.1040063888131,2024-04-26,2024-03-31,17.802881619433897,3.421351418624411,12.26292162748339,2.619465330913446,13.275660877698984
sh600989,2023-11-13,14.29,14.36,14.07,14.27,-0.0013995801259621965,10557161.0,149883027.0,104647047200.0,104647047200.0,0.001439607628699532,16.08146754152295,2024-04-26,2024-03-31,17.77796506013448,3.4165629631749717,12.245758686087333,2.6157991792956525,13.25708052657554
sh600989,2023-11-14,14.29,14.36,14.14,14.32,0.0035038542396637062,8480713.0,121052157.0,105013715200.0,105013715200.0,0.0011564566583394241,16.13781465974833,2024-04-26,2024-03-31,17.840256458383028,3.4285341017985704,12.288666039577478,2.624964558340136,13.303531404384147
sh600989,2023-11-15,14.4,14.45,14.29,14.42,0.006983240223463749,8275636.0,118936169.0,105747051199.99998,105747051199.99998,0.0011284917145755835,16.25050889619909,2024-04-26,2024-03-31,17.96483925488011,3.452476379045766,12.374480746557767,2.6432953164291035,13.396433160001356
sh600989,2023-11-16,14.38,14.64,14.29,14.53,0.007628294036061023,16831543.0,244210367.0,106553720800.0,106553720800.0,0.0022952020629015894,16.374472556294922,2024-04-26,2024-03-31,18.101880331026912,3.478812884017683,12.468876924236085,2.663459150326968,13.498625091180285
sh600989,2023-11-17,14.53,14.59,14.23,14.36,-0.0116999311768754,17111404.0,245877022.0,105307049600.00002,105307049600.00002,0.0023333647877644076,16.182892354328633,2024-04-26,2024-03-31,17.890089576981865,3.4381110126974495,12.322991922369596,2.6322968615757234,13.340692106631032
sh600989,2023-11-20,14.34,14.39,14.02,14.19,-0.011838440111420656,14541170.0,206175390.0,104060378400.0,104060378400.0,0.0019828796077105172,15.991312152362347,2024-04-26,2024-03-31,17.67829882293681,3.3974091413772145,12.177106920503102,2.6011345728244786,13.182759122081778
sh600989,2023-11-21,14.25,14.58,14.2,14.4,0.014799154334038223,21300503.0,307737715.0,105600384000.0,105600384000.0,0.002904603483260061,16.22797004890894,2024-04-26,2024-03-31,17.939922695580698,3.4476879235963276,12.35731780516171,2.63962916481131,13.377852808877917
sh600989,2023-11-22,14.46,14.65,14.36,14.39,-0.000694444444444442,14856404.0,215561860.0,105527050399.99998,105527050399.99998,0.0020258659059421607,16.21670062526386,2024-04-26,2024-03-31,17.927464415930988,3.4452936958716074,12.34873633446368,2.6377960890024137,13.368562633316195
sh600989,2023-11-23,14.4,14.62,14.29,14.6,0.01459346768589298,16085568.0,233653980.0,107067056000.0,107067056000.0,0.0021934785691688392,16.45335852181045,2024-04-26,2024-03-31,18.189088288574872,3.495572478090721,12.528947219122289,2.676290680989245,13.563656320112331
sh600989,2023-11-24,14.6,14.83,14.55,14.72,0.008219178082191858,17193252.0,253305682.0,107947059200.0,107947059200.0,0.0023445258380878613,16.58859160555136,2024-04-26,2024-03-31,18.33858764437138,3.524303210787357,12.631924867498638,2.698287590696006,13.675138426852982
sh600989,2023-11-27,14.72,14.75,14.53,14.73,0.0006793478260869179,11465489.0,168123405.0,108020392800.0,108020392800.0,0.0015634700873815004,16.599861029196436,2024-04-26,2024-03-31,18.35104592402109,3.526697438512077,12.640506338196666,2.700120666504903,13.684428602414702
sh600989,2023-11-28,14.72,14.88,14.6,14.85,0.008146639511201537,17049657.0,251845732.0,108900396000.0,108900396000.0,0.0023249447729280985,16.735094112937343,2024-04-26,2024-03-31,18.500545279817594,3.5554281712087126,12.743483986573013,2.7221175762116636,13.79591070915535
sh600989,2023-11-29,14.85,15.03,14.7,14.74,-0.007407407407407418,15934884.0,236933863.0,108093726400.0,108093726400.0,0.002172930825706088,16.61113045284151,2024-04-26,2024-03-31,18.363504203670796,3.5290916662367966,12.649087808894695,2.7019537423137994,13.693718777976422
sh600989,2023-11-30,14.85,14.85,14.57,14.67,-0.004748982360922693,19658079.0,288157607.0,107580391199.99998,107580391199.99998,0.0026806373885913145,16.53224448732598,2024-04-26,2024-03-31,18.276296246122833,3.512332072163758,12.589017514008491,2.6891222116515223,13.628687549044376
sh600989,2023-12-01,14.68,14.8,14.18,14.18,-0.03340149965916839,21984182.0,316107510.0,103987044800.0,103987044800.0,0.002997832098792368,15.980042728717272,2024-04-26,2024-03-31,17.665840543287104,3.3950149136524947,12.168525449805072,2.5993014970155817,13.173468946520057
sh600989,2023-12-04,14.3,14.54,14.16,14.22,0.0028208744710860323,19112500.0,273047914.0,104280379200.0,104280379200.0,0.0026062405227617355,16.025120423297572,2024-04-26,2024-03-31,17.71567366188594,3.4045918245513738,12.20285133259719,2.606633800251169,13.21062964876694
sh600989,2023-12-05,14.22,14.25,13.93,13.94,-0.0196905766526021,12615384.0,177390812.0,102227038400.0,102227038400.0,0.0017202733808240698,15.709576561235453,2024-04-26,2024-03-31,17.366841831694092,3.3375534482592224,11.962570153052377,2.55530767760206,12.950504733038755
sh600989,2023-12-06,13.94,14.3,13.94,14.2,0.01865136298421799,13682308.0,193773653.0,104133712000.0,104133712000.0,0.0018657624881364067,16.00258157600742,2024-04-26,2024-03-31,17.69075710258652,3.399803369101934,12.18568839120113,2.602967648633375,13.192049297643495
sh600989,2023-12-07,14.16,14.16,13.95,14.04,-0.011267605633802802,10326410.0,145144355.0,102960374400.0,102960374400.0,0.001408141697666554,15.822270797686208,2024-04-26,2024-03-31,17.49142462819118,3.361495725506419,12.048384860032666,2.573638435691027,13.043406488655963
sh600989,2023-12-08,14.08,14.16,13.9,13.94,-0.00712250712250706,12338570.0,172926593.0,102227038400.0,102227038400.0,0.0016825261544503474,15.709576561235453,2024-04-26,2024-03-31,17.366841831694092,3.3375534482592224,11.962570153052377,2.55530767760206,12.950504733038755
sh600989,2023-12-11,13.92,14.33,13.77,14.28,0.024390243902439046,15643114.0,220715221.0,104720380800.0,104720380800.0,0.002133144152203083,16.092736965168026,2024-04-26,2024-03-31,17.79042333978419,3.4189571908996914,12.25434015678536,2.617632255104549,13.266370702137262
sh600989,2023-12-12,14.3,14.72,14.24,14.67,0.027310924369748024,22170906.0,322711260.0,107580391199.99998,107580391199.99998,0.0030232943698386555,16.532244487325976,2024-04-26,2024-03-31,18.276296246122833,3.512332072163758,12.589017514008491,2.6891222116515223,13.628687549044374
sh600989,2023-12-13,14.69,14.72,14.35,14.35,-0.021813224267211995,13755578.0,199180004.0,105233716000.0,105233716000.0,0.0018757538154406711,16.171622930683554,2024-04-26,2024-03-31,17.87763129733215,3.4357167849727293,12.314410451671565,2.6304637857668265,13.331401931069308
sh600989,2023-12-14,14.44,14.44,14.16,14.19,-0.011149825783972167,8664766.0,123897947.0,104060378400.0,104060378400.0,0.001181554703437442,15.991312152362346,2024-04-26,2024-03-31,17.67829882293681,3.3974091413772145,12.177106920503102,2.6011345728244786,13.182759122081777
sh600989,2023-12-15,14.22,14.26,14.06,14.12,-0.0049330514446793705,11286148.0,159675224.0,103547043200.0,103547043200.0,0.0015390145854015077,15.912426186846815,2024-04-26,2024-03-31,17.59109086538885,3.3806495473041767,12.117036625616898,2.588303042162201,13.11772789314973
sh600989,2023-12-18,14.07,14.21,14.0,14.11,-0.0007082152974504652,9986537.0,141076311.0,103473709600.00002,103473709600.00002,0.001361795548016189,15.901156763201739,2024-04-26,2024-03-31,17.578632585739143,3.378255319579458,12.108455154918872,2.586469966353305,13.108437717588009
sh600989,2023-12-19,14.0,14.35,14.0,14.32,0.014883061658398367,12961944.0,184366820.0,105013715200.0,105013715200.0,0.0017675313907949426,16.137814659748326,2024-04-26,2024-03-31,17.840256458383028,3.4285341017985704,12.288666039577478,2.624964558340136,13.303531404384145
sh600989,2023-12-20,14.36,14.45,14.09,14.12,-0.013966480446927498,8026582.0,114511463.0,103547043200.0,103547043200.0,0.0010945299289820765,15.912426186846814,2024-04-26,2024-03-31,17.59109086538885,3.3806495473041767,12.117036625616898,2.588303042162201,13.117727893149729
sh600989,2023-12-21,14.09,14.41,14.09,14.37,0.01770538243626052,17976725.0,257057965.0,105380383200.0,105380383200.0,0.002451362676862993,16.194161777973704,2024-04-26,2024-03-31,17.902547856631568,3.4405052404221683,12.331573393067622,2.63412993738462,13.349982282192746
sh600989,2023-12-22,14.35,14.65,14.35,14.58,0.014613778705636848,16401821.0,238794920.0,106920388800.00002,106920388800.00002,0.002236603821440649,16.430819674520293,2024-04-26,2024-03-31,18.16417172927546,3.4907840226412823,12.511784277726234,2.672624529371452,13.545075968988884
sh600989,2023-12-25,14.57,14.66,14.38,14.44,-0.009602194787380003,9404026.0,136102925.0,105893718400.0,105893718400.0,0.0012823625186817503,16.273047743489233,2024-04-26,2024-03-31,17.98975581417953,3.457264834495206,12.391643687953826,2.646961468046897,13.415013511124792
sh600989,2023-12-26,14.49,14.54,14.35,14.41,-0.0020775623268697307,9333459.0,134763368.0,105673717600.0,105673717600.0,0.0012727397809462512,16.239239472554008,2024-04-26,2024-03-31,17.952380975230405,3.4500821513210473,12.36589927585974,2.641462240620207,13.387142984439631
sh600989,2023-12-27,14.41,14.51,14.34,14.48,0.004857737682165242,12117757.0,174684915.0,106187052800.0,106187052800.0,0.0016524154003076353,16.318125438069536,2024-04-26,2024-03-31,18.03958893277837,3.466841745394085,12.425969570745941,2.654293771282484,13.452174213371677
sh600989,2023-12-28,14.45,14.57,14.4,14.51,0.002071823204419898,14855863.0,215454413.0,106407053600.0,106407053600.0,0.002025792133483151,16.351933709004765,2024-04-26,2024-03-31,18.076963771727495,3.474024428568244,12.451713982840028,2.6597929987091744,13.480044740056838
sh600989,2023-12-29,14.51,14.84,14.5,14.77,0.01791867677463821,15182293.0,223727390.0,108313727200.0,108313727200.0,0.002070305153435806,16.64493872377673,2024-04-26,2024-03-31,18.400879042619923,3.5362743494109554,12.674832220988781,2.7074529697404897,13.72158930466158
sh600989,2024-01-02,14.8,15.0,14.72,14.83,0.004062288422478133,17274681.0,257254180.0,108753728800.00002,108753728800.00002,0.002355629752255446,16.712555265647186,2024-04-26,2024-03-31,18.475628720518177,3.5506397157592744,12.726321045176958,2.7184514245938707,13.777330358031906
sh600989,2024-01-03,14.83,15.05,14.8,14.99,0.010788941335131419,19604453.0,293450086.0,109927066400.0,109927066400.0,0.0026733247788189862,16.892866043968397,2024-04-26,2024-03-31,18.674961194913518,3.5889473593547883,12.86362457634542,2.747780637536218,13.925973167019437
sh600989,2024-01-04,15.0,15.0,14.65,14.73,-0.01734489659773175,16536489.0,243762357.0,108020392800.0,108020392800.0,0.0022549675728451898,16.599861029196433,2024-04-26,2024-03-31,18.35104592402109,3.526697438512077,12.640506338196666,2.700120666504903,13.684428602414698
sh600989,2024-01-05,14.72,14.81,14.5,14.6,-0.008825526137135165,14778897.0,216685645.0,107067056000.0,107067056000.0,0.002015296808011607,16.453358521810447,2024-04-26,2024-03-31,18.189088288574872,3.495572478090721,12.528947219122289,2.676290680989245,13.563656320112328
sh600989,2024-01-08,14.57,14.69,14.41,14.6,0.0,23687701.0,344632119.0,107067056000.0,107067056000.0,0.0032301292995298198,16.453358521810447,2024-04-26,2024-03-31,18.189088288574872,3.495572478090721,12.528947219122289,2.676290680989245,13.563656320112328
sh600989,2024-01-09,14.6,14.77,14.4,14.55,-0.003424657534246478,17136324.0,249335480.0,106700388000.0,106700388000.0,0.00233676295722561,16.397011403585072,2024-04-26,2024-03-31,18.12679689032633,3.4836013394671226,12.486039865632145,2.6671253019447616,13.517205442303725
sh600989,2024-01-10,14.52,14.72,14.46,14.57,0.0013745704467353903,14821629.0,215979437.0,106847055200.0,106847055200.0,0.002021123877731354,16.419550250875222,2024-04-26,2024-03-31,18.151713449625746,3.488389794916562,12.503202807028202,2.670791453562555,13.535785793427168
sh600989,2024-01-11,14.42,14.51,14.19,14.25,-0.021962937542896355,27498744.0,393516515.0,104500380000.0,104500380000.0,0.003749815091581485,16.0589286942328,2024-04-26,2024-03-31,17.753048500835064,3.4117745077255326,12.228595744691276,2.612133027677859,13.238500175452103
sh600989,2024-01-12,14.24,14.63,14.23,14.53,0.01964912280701747,14489097.0,210070612.0,106553720800.0,106553720800.0,0.0019757787698953823,16.37447255629492,2024-04-26,2024-03-31,18.101880331026912,3.478812884017683,12.468876924236085,2.663459150326968,13.498625091180283
sh600989,2024-01-15,14.52,14.58,14.36,14.41,-0.008258774948382563,9747043.0,140999258.0,105673717600.0,105673717600.0,0.0013291373940458398,16.23923947255401,2024-04-26,2024-03-31,17.952380975230405,3.4500821513210473,12.36589927585974,2.641462240620207,13.387142984439635
sh600989,2024-01-16,14.45,14.56,14.34,14.5,0.006245662734212232,11106279.0,160705766.0,106333720000.0,106333720000.0,0.001514487083683332,16.340664285359694,2024-04-26,2024-03-31,18.064505492077785,3.4716302008435242,12.443132512141998,2.6579599229002775,13.470754564495122
sh600989,2024-01-17,14.48,14.48,14.24,14.24,-0.017931034482758568,10404851.0,149510033.0,104427046400.0,104427046400.0,0.0014188381587703317,16.047659270587726,2024-04-26,2024-03-31,17.740590221185357,3.409380280000813,12.220014273993247,2.6102999518689622,13.229209999890381
sh600989,2024-01-18,14.22,14.26,13.6,14.11,-0.009129213483146104,26015040.0,361449379.0,103473709600.00002,103473709600.00002,0.0035474925545725283,15.901156763201742,2024-04-26,2024-03-31,17.578632585739143,3.378255319579458,12.108455154918872,2.586469966353305,13.10843771758801
sh600989,2024-01-19,14.15,14.28,14.01,14.1,-0.0007087172218285254,12472053.0,176482519.0,103400376000.0,103400376000.0,0.0017007283155333981,15.889887339556665,2024-04-26,2024-03-31,17.566174306089433,3.375861091854737,12.09987368422084,2.5846368905444077,13.099147542026289
sh600989,2024-01-22,14.1,14.15,13.5,13.6,-0.03546099290780147,17056427.0,235828674.0,99733696000.0,99733696000.0,0.002325867951389268,15.326416157302882,2024-04-26,2024-03-31,16.94326032360399,3.256149705618754,11.670800149319392,2.4929831000995706,12.63463876394025
sh600989,2024-01-23,13.58,13.82,13.4,13.74,0.010294117647058787,16690309.0,226768777.0,100760366400.0,100760366400.0,0.0022759429511165414,15.48418808833394,2024-04-26,2024-03-31,17.117676238699914,3.289668893764829,11.790940739091798,2.518646161424125,12.76470122180434
sh600989,2024-01-24,13.75,13.94,13.55,13.8,0.004366812227074357,16774329.0,231010641.0,101200368000.0,101200368000.0,0.0022874001821811558,15.551804630204396,2024-04-26,2024-03-31,17.192425916598168,3.3040342601131476,11.842429563279973,2.5296446162775057,12.820442275174667
sh600989,2024-01-25,13.79,14.17,13.75,14.16,0.02608695652173898,20931562.0,292166333.0,103840377600.0,103840377600.0,0.0028542935298417095,15.957503881427117,2024-04-26,2024-03-31,17.640923983987687,3.3902264582030552,12.151362508409015,2.5956353453977883,13.154888595396612
sh600989,2024-01-26,14.15,14.26,13.94,13.95,-0.014830508474576343,16179479.0,227450080.0,102300372000.0,102300372000.0,0.0022062845680561162,15.720845984880526,2024-04-26,2024-03-31,17.3793001113438,3.339947675983942,11.971151623750405,2.5571407534109567,12.959794908600474
sh600989,2024-01-29,13.95,14.05,13.75,13.75,-0.014336917562723928,14398941.0,199320519.0,100833700000.0,100833700000.0,0.0019634848146006744,15.495457511979014,2024-04-26,2024-03-31,17.130134518349625,3.292063121489549,11.799522209789828,2.520479237233022,12.773991397366059
sh600989,2024-01-30,13.73,13.8,13.4,13.45,-0.021818181818181848,15819545.0,214807562.0,98633692000.0,98633692000.0,0.0021572028374442277,15.157374802626743,2024-04-26,2024-03-31,16.75638612885836,3.2202362897479584,11.542078088848957,2.4654869629661196,12.495286130514435
sh600989,2024-01-31,13.42,13.5,13.13,13.34,-0.008178438661709975,16372494.0,218003887.0,97827022400.0,97827022400.0,0.002232604699619274,15.03341114253091,2024-04-26,2024-03-31,16.619345052711562,3.1938997847760424,11.447681911170639,2.4453231290682553,12.393094199335506
sh600989,2024-02-01,13.35,13.58,13.23,13.37,0.002248875562218755,20200217.0,270618077.0,98047023200.0,98047023200.0,0.0027545650288544406,15.067219413466136,2024-04-26,2024-03-31,16.65671989166069,3.2010824679502012,11.473426323264725,2.4508223564949456,12.420964726020667
sh600989,2024-02-02,13.43,13.58,12.88,13.26,-0.008227374719521285,23685644.0,314657064.0,97240353600.0,97240353600.0,0.003229848800549816,14.943255753370304,2024-04-26,2024-03-31,16.519678815513892,3.174745962978285,11.379030145586407,2.4306585225970814,12.318772794841738
sh600989,2024-02-05,13.13,13.38,12.84,13.16,-0.007541478129713397,29156462.0,382184656.0,96507017600.0,96507017600.0,0.003975866724121003,14.830561516919548,2024-04-26,2024-03-31,16.395096019016805,3.150803685731088,11.293215438606119,2.412327764508114,12.225871039224531
sh600989,2024-02-06,13.16,14.02,13.14,13.94,0.059270516717325084,29260683.0,400424662.0,102227038400.0,102227038400.0,0.003990078626986811,15.709576561235446,2024-04-26,2024-03-31,17.366841831694092,3.3375534482592224,11.962570153052377,2.55530767760206,12.950504733038748
sh600989,2024-02-07,13.95,14.15,13.71,13.96,0.0014347202295552641,31097349.0,433493626.0,102373705600.0,102373705600.0,0.004240532170792106,15.732115408525598,2024-04-26,2024-03-31,17.39175839099351,3.3423419037086624,11.979733094448436,2.5589738292198536,12.969085084162192
sh600989,2024-02-08,13.81,14.25,13.81,14.11,0.010744985673352359,25137521.0,354689464.0,103473709600.00002,103473709600.00002,0.003427831307886153,15.901156763201731,2024-04-26,2024-03-31,17.578632585739143,3.378255319579458,12.108455154918872,2.586469966353305,13.108437717588004
sh600989,2024-02-19,14.21,14.5,14.15,14.5,0.027639971651311157,23606202.0,339368800.0,106333720000.0,106333720000.0,0.0032190158399424003,16.340664285359683,2024-04-26,2024-03-31,18.064505492077785,3.4716302008435242,12.443132512141998,2.6579599229002775,13.470754564495113
sh600989,2024-02-20,14.5,14.6,14.35,14.58,0.0055172413793103114,13854458.0,201008573.0,106920388800.00002,106920388800.00002,0.0018892374027730805,16.430819674520286,2024-04-26,2024-03-31,18.16417172927546,3.4907840226412823,12.511784277726234,2.672624529371452,13.545075968988879
sh600989,2024-02-21,14.53,14.75,14.29,14.51,-0.004801097393690057,19659209.0,285855367.0,106407053600.0,106407053600.0,0.0026807914789400765,16.351933709004758,2024-04-26,2024-03-31,18.076963771727495,3.474024428568244,12.451713982840028,2.6597929987091744,13.480044740056833
sh600989,2024-02-22,14.56,14.85,14.5,14.73,0.015161957270847681,17308742.0,255009978.0,108020392800.0,108020392800.0,0.0023602744171839374,16.599861029196422,2024-04-26,2024-03-31,18.35104592402109,3.526697438512077,12.640506338196666,2.700120666504903,13.68442860241469
sh600989,2024-02-23,14.74,14.88,14.54,14.8,0.004752206381534396,13966006.0,206702385.0,108533728000.0,108533728000.0,0.001904448438369315,16.67874699471195,2024-04-26,2024-03-31,18.43825388156905,3.5434570325851147,12.70057663308287,2.71295219716718,13.749459831346735
sh600989,2024-02-26,14.8,15.03,14.75,14.84,0.002702702702702675,19441446.0,289983915.0,108827062400.0,108827062400.0,0.0026510966323758825,16.723824689292254,2024-04-26,2024-03-31,18.488087000167884,3.5530339434839933,12.734902515874984,2.7202845004027667,13.786620533593618
sh600989,2024-02-27,14.84,15.3,14.75,15.26,0.028301886792452935,25451047.0,384169252.0,111907073600.0,111907073600.0,0.003470584697873826,17.197140482385432,2024-04-26,2024-03-31,19.011334745455656,3.6535915079222194,13.0953242851922,2.79727368437643,14.176807907185893
sh600989,2024-02-28,15.25,15.4,15.05,15.07,-0.01245085190039319,18718541.0,284366638.0,110513735200.0,110513735200.0,0.0025525190362944133,16.983021433128997,2024-04-26,2024-03-31,18.77462743211119,3.608101181152546,12.93227634192965,2.762445244007392,14.0002945715132
sh600989,2024-02-29,15.01,15.29,14.97,15.27,0.013271400132713884,12741135.0,193313555.0,111980407200.0,111980407200.0,0.0017374211821047922,17.208409906030507,2024-04-26,2024-03-31,19.023793025105363,3.6559857356469387,13.10390575589023,2.799106760185327,14.186098082747613
sh600989,2024-03-01,15.29,15.49,15.24,15.26,-0.0006548788474132206,10808557.0,165761796.0,111907073600.0,111907073600.0,0.0014738887767680846,17.197140482385432,2024-04-26,2024-03-31,19.011334745455656,3.6535915079222194,13.0953242851922,2.79727368437643,14.176807907185891
sh600989,2024-03-04,15.26,15.43,15.2,15.28,0.001310615989515096,17559801.0,269094499.0,112053740800.0,112053740800.0,0.0023945096108741425,17.219679329675582,2024-04-26,2024-03-31,19.036251304755073,3.6583799633716585,13.112487226588257,2.8009398359942232,14.195388258309332
sh600989,2024-03-05,15.27,15.45,15.15,15.37,0.005890052356021025,17189970.0,263391008.0,112713743200.0,112713743200.0,0.002344078294260748,17.321104142481264,2024-04-26,2024-03-31,19.14837582160245,3.6799280128941354,13.189720462870518,2.817437518274294,14.278999838364822
sh600989,2024-03-06,15.37,15.43,15.3,15.32,-0.003253090435914041,9602762.0,147559109.0,112347075200.0,112347075200.0,0.0013094627837716953,17.264757024255886,2024-04-26,2024-03-31,19.08608442335391,3.6679568742705375,13.146813109380375,2.8082721392298104,14.232548960556217
sh600989,2024-03-07,15.38,15.54,15.32,15.37,0.0032637075718013886,13636072.0,210344199.0,112713743200.0,112713743200.0,0.0018594576019723564,17.321104142481264,2024-04-26,2024-03-31,19.14837582160245,3.6799280128941354,13.189720462870518,2.817437518274294,14.27899983836482
sh600989,2024-03-08,15.46,15.7,15.41,15.59,0.014313597918022225,20327384.0,316625735.0,114327082400.0,114327082400.0,0.002771905920342108,17.56903146267293,2024-04-26,2024-03-31,19.422457973896044,3.7326010228379687,13.378512818227156,2.8577651860700226,14.483383700722678
sh600989,2024-03-11,15.65,15.65,15.06,15.12,-0.030147530468248918,20709502.0,315469266.0,110880403200.0,110880403200.0,0.002824012730862797,17.039368551354375,2024-04-26,2024-03-31,18.836918830359732,3.6200723197761437,12.975183695419794,2.7716106230518753,14.046745449321802
sh600989,2024-03-12,15.25,15.3,15.05,15.25,0.008597883597883715,21055836.0,320031305.0,111833740000.0,111833740000.0,0.002871239922763917,17.18587105874036,2024-04-26,2024-03-31,18.998876465805946,3.6511972801974997,13.08674281449417,2.7954406085675334,14.167517731624173
sh600989,2024-03-13,15.3,15.3,15.06,15.25,0.0,13987239.0,212568846.0,111833740000.0,111833740000.0,0.0019073438369315021,17.18587105874036,2024-04-26,2024-03-31,18.998876465805946,3.6511972801974997,13.08674281449417,2.7954406085675334,14.167517731624173
sh600989,2024-03-14,15.39,15.51,15.07,15.2,-0.003278688524590234,16660940.0,254799780.0,111467072000.0,111467072000.0,0.002271938102043265,17.12952394051498,2024-04-26,2024-03-31,18.936585067557402,3.6392261415739013,13.043835461004026,2.7862752295230493,14.121066853815568
sh600989,2024-03-15,15.24,15.38,15.05,15.32,0.007894736842105399,15144898.0,230753879.0,112347075200.0,112347075200.0,0.0020652058537968952,17.26475702425589,2024-04-26,2024-03-31,19.08608442335391,3.6679568742705375,13.146813109380375,2.8082721392298104,14.232548960556219
sh600989,2024-03-18,15.31,15.45,15.24,15.41,0.005874673629242766,18127008.0,278669522.0,113007077600.0,113007077600.0,0.002471855738706405,17.36618183706157,2024-04-26,2024-03-31,19.198208940201287,3.6895049237930144,13.224046345662636,2.8247698215098813,14.316160540611707
sh600989,2024-03-19,15.36,15.88,15.36,15.6,0.012329656067488592,27989198.0,439323611.0,114400416000.0,114400416000.0,0.00381669493929113,17.580300886318007,2024-04-26,2024-03-31,19.434916253545754,3.734995250562688,13.387094288925185,2.859598261878919,14.4926738762844
sh600989,2024-03-20,15.49,15.85,15.49,15.84,0.01538461538461533,14015870.0,220171331.0,116160422400.0,116160422400.0,0.0019112480500070909,17.85076705379982,2024-04-26,2024-03-31,19.733914965138766,3.7924567159559603,13.59304958567788,2.903592081292441,14.715638089765697
sh600989,2024-03-21,15.88,15.94,15.51,15.6,-0.015151515151515138,15172922.0,237494158.0,114400416000.0,114400416000.0,0.002069027294446202,17.580300886318007,2024-04-26,2024-03-31,19.434916253545754,3.734995250562688,13.387094288925185,2.859598261878919,14.4926738762844
sh600989,2024-03-22,15.7,15.95,15.6,15.72,0.007692307692307665,19845177.0,313243679.0,115280419200.0,115280419200.0,0.0027061506594521475,17.715533970058914,2024-04-26,2024-03-31,19.584415609342262,3.7637259832593246,13.490071937301533,2.8815951715856802,14.60415598302505
sh600989,2024-03-25,15.72,15.92,15.56,15.74,0.0012722646310432406,18632945.0,293933746.0,115427086400.0,115427086400.0,0.002540846896920375,17.738072817349067,2024-04-26,2024-03-31,19.60933216864168,3.7685144387087637,13.507234878697592,2.8852613232034736,14.622736334148492
sh600989,2024-03-26,15.75,15.82,15.6,15.69,-0.0031766200762389785,17623889.0,276710056.0,115060418400.0,115060418400.0,0.002403248851822357,17.681725699123685,2024-04-26,2024-03-31,19.547040770393135,3.756543300085165,13.464327525207446,2.87609594415899,14.576285456339887
sh600989,2024-03-27,15.72,15.74,15.47,15.51,-0.01147227533460804,14607344.0,227752728.0,113740413600.0,113740413600.0,0.00199190330216981,17.478876073512325,2024-04-26,2024-03-31,19.322791736698374,3.713447201040211,13.309861052642924,2.8431005795988487,14.409062296228912
sh600989,2024-03-28,15.51,15.8,15.44,15.67,0.010315925209542165,13689574.0,213833477.0,114913751199.99998,114913751199.99998,0.001866753302715263,17.65918685183353,2024-04-26,2024-03-31,19.522124211093715,3.751754844635725,13.447164583811388,2.8724297925411966,14.557705105216442
sh600989,2024-03-29,15.64,16.4,15.63,16.35,0.04339502233567338,36931530.0,596885371.0,119900436000.0,119900436000.0,0.005036099414183949,18.425507659698678,2024-04-26,2024-03-31,20.369287227273915,3.914562329916663,14.03070459127736,2.9970789475461754,15.189437043413456
sh600989,2024-04-01,16.38,17.25,16.38,16.84,0.02996941896024463,44421841.0,753122468.0,123493782400.0,123493782400.0,0.006057501745448199,18.977709418307384,2024-04-26,2024-03-31,20.979742930109648,4.031879488427927,14.451196655480777,3.0868996621821156,15.644655645937775
sh600989,2024-04-02,16.87,17.24,16.71,16.89,0.002969121140142583,29401832.0,496741106.0,123860450399.99998,123860450399.99998,0.004009326147904917,19.034056536532766,2024-04-26,2024-03-31,21.04203432835819,4.043850627051525,14.494104008970922,3.0960650412265993,15.691106523746381
sh600989,2024-04-03,16.91,17.1,16.72,16.93,0.002368265245707546,19694345.0,331831617.0,124153784800.0,124153784800.0,0.0026855827342446028,19.079134231113066,2024-04-26,2024-03-31,21.09186744695703,4.053427537950404,14.528429891763038,3.103397344462186,15.728267225993262
sh600989,2024-04-08,16.8,17.13,16.77,16.88,-0.002953337271116352,19815421.0,335980756.0,123787116800.0,123787116800.0,0.0027020930378434988,19.022787112887688,2024-04-26,2024-03-31,21.02957604870848,4.041456399326806,14.485522538272892,3.0942319654177024,15.68181634818466
sh600989,2024-04-09,16.8,16.94,16.46,16.61,-0.015995260663507094,25436110.0,422850084.0,121807109600.00002,121807109600.00002,0.0034685478416442116,18.718512674470645,2024-04-26,2024-03-31,20.693202498166347,3.9768122507593757,14.253822829426113,3.0447389185774907,15.430981608018199
sh600989,2024-04-10,16.61,16.88,16.5,16.66,0.003010234798314304,23556200.0,392967813.0,122173777600.0,122173777600.0,0.0032121974101912355,18.774859792696024,2024-04-26,2024-03-31,20.75549389641489,3.9887833893829736,14.296730182916257,3.0539042976219744,15.477432485826801
sh600989,2024-04-11,16.55,16.95,16.53,16.84,0.010804321728691502,18341175.0,308217727.0,123493782400.0,123493782400.0,0.0025010602234173695,18.977709418307388,2024-04-26,2024-03-31,20.979742930109648,4.031879488427927,14.451196655480777,3.0868996621821156,15.644655645937776
sh600989,2024-04-12,16.81,17.02,16.73,16.9,0.0035629453681709222,16989711.0,286884258.0,123933784000.0,123933784000.0,0.002316770348107825,19.045325960177838,2024-04-26,2024-03-31,21.0544926080079,4.046244854776246,14.502685479668953,3.0978981170354962,15.700396699308099
sh600989,2024-04-15,16.83,17.33,16.8,17.17,0.015976331360946894,30780820.0,527274562.0,125913791199.99998,125913791199.99998,0.00419736928229352,19.349600398594884,2024-04-26,2024-03-31,21.390866158550036,4.110889003343676,14.734385188515732,3.147391163875708,15.951231439474562
sh600989,2024-04-16,17.09,17.28,16.86,16.89,-0.016307513104251714,19778956.0,337930914.0,123860450399.99998,123860450399.99998,0.0026971205559252515,19.034056536532763,2024-04-26,2024-03-31,21.04203432835819,4.043850627051525,14.494104008970922,3.0960650412265993,15.691106523746377
sh600989,2024-04-17,16.85,17.05,16.58,16.93,0.002368265245707546,24523152.0,411507458.0,124153784800.0,124153784800.0,0.0033440540216217395,19.079134231113066,2024-04-26,2024-03-31,21.09186744695703,4.053427537950404,14.528429891763038,3.103397344462186,15.72826722599326
sh600989,2024-04-18,16.8,17.06,16.1,16.53,-0.023626698168930815,49352753.0,817796760.0,121220440800.0,121220440800.0,0.006729896391285851,18.62835728531004,2024-04-26,2024-03-31,20.593536260968673,3.9576584289616172,14.18517106384188,3.0300743121063167,15.35666020352443
sh600989,2024-04-19,16.51,17.02,16.46,16.99,0.027828191167573957,33875725.0,571656941.0,124593786400.0,124593786400.0,0.0046194002476354626,19.146750772983516,2024-04-26,2024-03-31,21.166617124855282,4.067792904298723,14.579918715951212,3.1143957993155666,15.784008279363583
sh600989,2024-04-22,16.99,17.0,16.61,16.76,-0.013537374926427148,20840874.0,350408715.0,122907113600.0,122907113600.0,0.002841927029356257,18.88755402914678,2024-04-26,2024-03-31,20.880076692911977,4.012725666630169,14.382544889896547,3.0722350557109417,15.570334241444009
sh600989,2024-04-23,16.66,16.84,16.23,16.53,-0.013723150357995206,25596295.0,421681981.0,121220440800.0,121220440800.0,0.003490391171304832,18.62835728531004,2024-04-26,2024-03-31,20.593536260968673,3.9576584289616172,14.18517106384188,3.0300743121063167,15.356660203524433
sh600989,2024-04-24,16.5,16.68,16.36,16.51,-0.001209921355111887,14575570.0,240386900.0,121073773600.0,121073773600.0,0.0019875704997436377,18.60581843801989,2024-04-26,2024-03-31,20.568619701669256,3.9528699735121777,14.168008122445823,3.0264081604885233,15.338079852400993
sh600989,2024-04-25,16.46,16.65,16.43,16.47,-0.0024227740763175243,14329577.0,236755546.0,120780439200.0,120780439200.0,0.0019540261217231934,18.560740743439588,2024-04-26,2024-03-31,20.518786583070423,3.9432930626133,14.133682239653707,3.019075857252936,15.300919150154108
sh600989,2024-04-26,16.05,16.77,16.05,16.67,0.012143290831815534,33216087.0,547350049.0,122247111199.99998,122247111199.99998,0.004529449938363862,18.786129216341102,2024-04-26,2024-03-31,20.767952176064593,3.9911776171076925,14.305311653614284,3.055737373430871,15.486722661388525
sh600989,2024-04-29,16.66,16.75,16.44,16.56,-0.006598680263947387,23056402.0,383544271.0,121440441600.0,121440441600.0,0.00314404338529678,18.662165556245267,2024-08-13,2024-06-30,18.129335697166447,3.686403436348415,13.874921732930376,3.0325648589149536,15.384530730209594
sh600989,2024-04-30,16.51,16.96,16.51,16.59,0.0018115942028986698,22744843.0,381661760.0,121660442400.0,121660442400.0,0.003101558221606467,18.695973827180495,2024-08-13,2024-06-30,18.162178696617833,3.6930817034432484,13.900057460707426,3.0380586358332775,15.412401256894757
sh600989,2024-05-06,16.65,17.1,16.5,17.08,0.029535864978902815,30971504.0,521460857.0,125253788800.00002,125253788800.00002,0.004223371551376176,19.248175585789202,2024-08-13,2024-06-30,18.698614354323848,3.8021600659922057,14.310607681065875,3.1277903254992396,15.867619859419074
sh600989,2024-05-07,16.98,17.55,16.98,17.29,0.012295081967213184,34436908.0,599244796.0,126793794400.0,126793794400.0,0.004695924923909367,19.48483348233579,2024-08-13,2024-06-30,18.928515350483565,3.848907935656044,14.486557775505206,3.1662467639275085,16.06271354621521
sh600989,2024-05-08,17.2,17.6,17.2,17.28,-0.0005783689994215413,15285420.0,265732614.0,126720460800.0,126720460800.0,0.002084367875025909,19.47356405869072,2024-08-13,2024-06-30,18.917567683999767,3.846681846624432,14.478179199579523,3.1644155049547336,16.053423370653494
sh600989,2024-05-09,17.36,17.36,16.97,17.17,-0.0063657407407407,23711772.0,405423623.0,125913791199.99998,125913791199.99998,0.00323341169668474,19.349600398594887,2024-08-13,2024-06-30,18.79714335267801,3.822194867276707,14.386014864397012,3.1442716562542112,15.951231439474565
sh600989,2024-05-10,17.18,17.34,17.05,17.08,-0.005241700640652547,9475506.0,162582829.0,125253788800.00002,125253788800.00002,0.0012921097559645235,19.248175585789202,2024-08-13,2024-06-30,18.698614354323848,3.8021600659922057,14.310607681065875,3.1277903254992396,15.867619859419074
sh600989,2024-05-13,17.02,17.18,16.77,16.86,-0.012880562060889833,18196329.0,307729151.0,123640449600.00002,123640449600.00002,0.0024813085679688436,19.000248265597538,2024-08-13,2024-06-30,18.457765691680333,3.753186107296756,14.126279010700856,3.087502628098196,15.663235997061218
sh600989,2024-05-14,16.9,16.94,16.64,16.75,-0.006524317912218192,16905423.0,283723070.0,122833780000.0,122833780000.0,0.0023052765717215574,18.87628460550171,2024-08-13,2024-06-30,18.33734136035857,3.7286991279490302,14.034114675518348,3.0673587793976735,15.561044065882292
sh600989,2024-05-15,16.68,16.95,16.54,16.8,0.0029850746268658135,14067164.0,235893787.0,123200448000.0,123200448000.0,0.0019182426609357785,18.93263172372709,2024-08-13,2024-06-30,18.392079692777553,3.7398295731070874,14.076007555146761,3.0765150742615472,15.607494943690899
sh600989,2024-05-16,16.79,16.97,16.56,16.7,-0.005952380952381042,17161566.0,286582193.0,122467112000.0,122467112000.0,0.0023402050356180525,18.81993748727633,2024-08-13,2024-06-30,18.28260302793959,3.7175686827909735,13.992221795889934,3.0582024845337994,15.514593188073688
sh600989,2024-05-17,16.69,17.03,16.69,16.99,0.017365269461077748,13196702.0,222370930.0,124593786400.0,124593786400.0,0.0017995437289318945,19.146750772983523,2024-08-13,2024-06-30,18.600085355969682,3.7821252647077035,14.235200497734729,3.111308994744267,15.78400827936359
sh600989,2024-05-20,17.05,17.32,16.84,17.0,0.0005885815185404653,14234785.0,241692437.0,124667120000.0,124667120000.0,0.0019410999869091386,19.158020196628602,2024-08-13,2024-06-30,18.611033022453476,3.7843513537393143,14.243579073660412,3.1131402537170416,15.793298454925313
sh600989,2024-05-21,16.95,17.01,16.57,16.63,-0.02176470588235302,13986900.0,234262031.0,121953776800.0,121953776800.0,0.0019072976098268733,18.741051521760802,2024-08-13,2024-06-30,18.205969362553017,3.701986059569694,13.933571764410155,3.0453836717243763,15.449561959141642
sh600989,2024-05-22,16.66,16.89,16.65,16.69,0.0036079374624173877,12398613.0,207659714.0,122393778400.0,122393778400.0,0.0016907138064952494,18.808668063631256,2024-08-13,2024-06-30,18.271655361455796,3.715342593759362,13.98384321996425,3.056371225561025,15.505303012511968
sh600989,2024-05-23,16.59,16.7,16.46,16.51,-0.010784901138406244,10980916.0,182163774.0,121073773600.0,121073773600.0,0.0014973921913011227,18.60581843801989,2024-08-13,2024-06-30,18.074597364747465,3.6752729911903574,13.833028853301965,3.0234085640510795,15.338079852400993
sh600989,2024-05-24,16.51,16.75,16.47,16.62,0.0066626287098727754,11814755.0,196768550.0,121880443200.0,121880443200.0,0.0016110970960105599,18.729782098115724,2024-08-13,2024-06-30,18.195021696069222,3.699759970538083,13.925193188484474,3.0435524127516023,15.440271783579922
sh600989,2024-05-27,16.58,16.76,16.52,16.69,0.004211793020457266,11673846.0,194402700.0,122393778400.0,122393778400.0,0.0015918823022461738,18.808668063631256,2024-08-13,2024-06-30,18.271655361455796,3.715342593759362,13.98384321996425,3.056371225561025,15.505303012511968
sh600989,2024-05-28,16.63,16.99,16.63,16.81,0.0071899340922707555,16139609.0,272222512.0,123273781600.0,123273781600.0,0.0022008477696444737,18.943901147372163,2024-08-13,2024-06-30,18.40302735926135,3.742055662138699,14.084386131072442,3.078346333234322,15.616785119252615
sh600989,2024-05-29,16.8,16.83,16.56,16.63,-0.010707911957168359,14641178.0,243895169.0,121953776800.0,121953776800.0,0.0019965170126654084,18.7410515217608,2024-08-13,2024-06-30,18.205969362553017,3.701986059569694,13.933571764410155,3.0453836717243763,15.44956195914164
sh600989,2024-05-30,16.63,17.11,16.55,16.61,-0.0012026458208057589,21322971.0,359196180.0,121807109600.00002,121807109600.00002,0.0029076672903007622,18.718512674470645,2024-08-13,2024-06-30,18.184074029585428,3.6975338815064718,13.91681461255879,3.0417211537788273,15.430981608018199
sh600989,2024-05-31,16.65,16.83,16.42,16.42,-0.011438892233594067,15997000.0,265441133.0,120413771199.99998,120413771199.99998,0.002181401158541242,18.504393625214213,2024-08-13,2024-06-30,17.976068366393296,3.6552381899058553,13.757621669970819,3.0069272332961066,15.254468272345505
sh600989,2024-06-03,16.42,16.49,16.21,16.36,-0.0036540803897686658,19760560.0,322976718.0,119973769600.00002,119973769600.00002,0.0026946120195926555,18.436777083343756,2024-08-13,2024-06-30,17.910382367490524,3.6418816557161877,13.707350214416726,2.9959396794594593,15.19872721897518
sh600989,2024-06-04,16.35,16.46,16.17,16.33,-0.0018337408312959491,14248399.0,232365288.0,119753768800.00002,119753768800.00002,0.0019429564347038734,18.402968812408528,2024-08-13,2024-06-30,17.877539368039137,3.6352033886213535,13.68221448663968,2.990445902541135,15.170856692290016
sh600989,2024-06-05,16.3,16.51,16.22,16.32,-0.0006123698714022296,12497613.0,204323717.0,119680435200.0,119680435200.0,0.0017042137574045184,18.391699388763453,2024-08-13,2024-06-30,17.866591701555336,3.632977299589742,13.673835910713995,2.98861464356836,15.161566516728296
sh600989,2024-06-06,16.37,16.75,16.25,16.65,0.020220588235293935,16838687.0,279397648.0,122100444000.0,122100444000.0,0.0022961762411773047,18.763590369050945,2024-08-13,2024-06-30,18.227864695520612,3.7064382376329172,13.95032891626152,3.049046189669926,15.468142310265078
sh600989,2024-06-07,16.7,16.73,16.23,16.37,-0.016816816816816682,21994998.0,361098502.0,120047103200.0,120047103200.0,0.002999307002519991,18.44804650698883,2024-08-13,2024-06-30,17.921330033974318,3.644107744747799,13.71572879034241,2.9977709384322337,15.208017394536899
sh600989,2024-06-11,16.27,16.55,16.23,16.49,0.007330482590103715,14390039.0,235660958.0,120927106400.0,120927106400.0,0.0019622709099239638,18.583279590729735,2024-08-13,2024-06-30,18.052702031779873,3.6708208131271354,13.8162717014506,3.0197460461055305,15.319499501277546
sh600989,2024-06-12,16.59,16.59,16.2,16.29,-0.012128562765312267,15360100.0,250417518.0,119460434400.0,119460434400.0,0.002094551474358275,18.357891117828224,2024-08-13,2024-06-30,17.833748702103946,3.6262990324949076,13.648700182936947,2.9831208666500357,15.133695990043131
sh600989,2024-06-13,16.29,16.5,16.22,16.4,0.006752608962553586,12360300.0,202554642.0,120267104000.0,120267104000.0,0.0016854893254933615,18.481854777924053,2024-08-13,2024-06-30,17.954173033425707,3.650786011842633,13.740864518119455,3.003264715350558,15.235887921222059
sh600989,2024-06-14,16.31,16.58,16.28,16.54,0.008536585365853666,9008470.0,148184672.0,121293774400.0,121293774400.0,0.0012284232602790535,18.63962670895511,2024-08-13,2024-06-30,18.10744036419885,3.6819512582851917,13.858164581079013,3.028902340969404,15.365950379086147
sh600989,2024-06-17,16.36,16.61,16.28,16.3,-0.014510278113663788,10410012.0,170559313.0,119533768000.0,119533768000.0,0.0014195419289384401,18.369160541473295,2024-08-13,2024-06-30,17.844696368587748,3.6285251215265193,13.657078758862632,2.9849521256228106,15.14298616560485
sh600989,2024-06-18,16.33,16.66,16.26,16.53,0.01411042944785268,11868514.0,195229230.0,121220440800.0,121220440800.0,0.0016184278420805745,18.628357285310035,2024-08-13,2024-06-30,18.096492697715057,3.67972516925358,13.849786005153328,3.027071081996629,15.356660203524427
sh600989,2024-06-19,16.51,16.81,16.44,16.59,0.003629764065335772,14290288.0,237331604.0,121660442400.0,121660442400.0,0.0019486685502961808,18.695973827180488,2024-08-13,2024-06-30,18.162178696617833,3.6930817034432484,13.900057460707426,3.0380586358332775,15.412401256894752
sh600989,2024-06-20,16.59,17.02,16.51,17.0,0.02471368294153109,24758453.0,418907945.0,124667120000.0,124667120000.0,0.003376140404943982,19.15802019662859,2024-08-13,2024-06-30,18.611033022453476,3.7843513537393143,14.243579073660412,3.1131402537170416,15.793298454925305
sh600989,2024-06-21,17.0,17.01,16.3,16.33,-0.03941176470588248,28972828.0,479836184.0,119753768800.00002,119753768800.00002,0.003950825815178853,18.402968812408524,2024-08-13,2024-06-30,17.877539368039137,3.6352033886213535,13.68221448663968,2.990445902541135,15.170856692290013
sh600989,2024-06-24,16.27,16.92,16.25,16.83,0.030618493570116367,27128591.0,453445091.0,123420448800.00002,123420448800.00002,0.0036993398660368497,18.966439994662306,2024-08-13,2024-06-30,18.424922692228943,3.7465078402019216,14.10114328292381,3.0820088511798716,15.635365470376051
sh600989,2024-06-25,16.83,17.03,16.75,16.85,0.0011883541295307776,21883103.0,369485695.0,123567116000.0,123567116000.0,0.002984048648914004,18.98897884195246,2024-08-13,2024-06-30,18.446818025196535,3.7509600182651437,14.117900434775173,3.0856713691254205,15.653945821499496
sh600989,2024-06-26,16.83,16.99,16.75,16.94,0.005341246290801127,12986666.0,219064124.0,124227118400.0,124227118400.0,0.0017709025603543263,19.09040365475814,2024-08-13,2024-06-30,18.5453470235507,3.770994819549646,14.193307618106315,3.102152699880393,15.737557401554982
sh600989,2024-06-27,16.89,17.02,16.75,16.82,-0.007083825265643551,16141615.0,272546923.0,123347115200.0,123347115200.0,0.0022011213141043123,18.95517057101723,2024-08-13,2024-06-30,18.413975025745145,3.74428175117031,14.092764706998127,3.0801775922070966,15.62607529481433
sh600989,2024-06-28,16.92,17.53,16.85,17.33,0.030321046373364968,34011927.0,589127465.0,127087128800.00002,127087128800.00002,0.0046379731800975255,19.529911176916087,2024-08-13,2024-06-30,18.972306016418752,3.8578122917824897,14.520072079207939,3.173571799818608,16.09987424846209
sh600989,2024-07-01,17.33,17.58,17.17,17.57,0.013848817080207798,20556037.0,358312411.0,128847135200.0,128847135200.0,0.002803085761506322,19.800377344397905,2024-08-13,2024-06-30,19.23505001202986,3.911238428541162,14.72115790142432,3.2175220151652013,16.322838461943388
sh600989,2024-07-02,17.5,17.69,17.37,17.49,-0.004553215708594349,13309821.0,232733095.0,128260466400.0,128260466400.0,0.0018149689910218507,19.710221955237294,2024-08-13,2024-06-30,19.147468680159488,3.8934297162882716,14.654129294018858,3.2028719433830037,16.248517057449618
sh600989,2024-07-03,17.51,17.62,17.23,17.34,-0.00857632933104624,10727603.0,185934201.0,127160462400.0,127160462400.0,0.001462849635092236,19.541180600561162,2024-08-13,2024-06-30,18.983253682902546,3.8600383808141006,14.52845065513362,3.1754030587913826,16.109164424023806
sh600989,2024-07-04,17.34,17.51,17.25,17.32,-0.0011534025374855261,10497484.0,182189826.0,127013795200.0,127013795200.0,0.0014314698855640525,19.518641753271012,2024-08-13,2024-06-30,18.961358349934955,3.855586202750878,14.511693503282256,3.1717405408458332,16.090584072900366
sh600989,2024-07-05,17.32,17.42,17.07,17.36,0.002309468822170757,12653941.0,217731251.0,127307129600.00002,127307129600.00002,0.0017255311344322381,19.56371944785131,2024-08-13,2024-06-30,19.005149015870142,3.864490558877324,14.545207806984985,3.1790655767369325,16.12774477514725
sh600989,2024-07-08,17.4,17.59,17.25,17.32,-0.0023041474654377225,14961104.0,260666307.0,127013795200.0,127013795200.0,0.002040143126752266,19.51864175327101,2024-08-13,2024-06-30,18.961358349934955,3.855586202750878,14.511693503282256,3.1717405408458332,16.090584072900366
sh600989,2024-07-09,17.32,17.61,17.1,17.57,0.01443418013856812,15184426.0,264732673.0,128847135200.0,128847135200.0,0.002070596016014487,19.800377344397898,2024-08-13,2024-06-30,19.23505001202986,3.911238428541162,14.72115790142432,3.2175220151652013,16.322838461943384
sh600989,2024-07-10,17.53,17.65,17.12,17.24,-0.018782014797951163,12315124.0,213207767.0,126427126400.0,126427126400.0,0.0016793289842582388,19.428486364110398,2024-08-13,2024-06-30,18.873777018064587,3.8377774904979876,14.444664895876793,3.157090469063635,16.016262668406597
sh600989,2024-07-11,17.35,17.94,17.18,17.84,0.03480278422273786,20666493.0,364882745.0,130827142400.0,130827142400.0,0.0028181478885531326,20.10465178281494,2024-08-13,2024-06-30,19.530637007092356,3.9713428323946687,14.947379451417751,3.266966007430119,16.573673202109845
sh600989,2024-07-12,17.81,17.86,17.38,17.45,-0.021860986547085237,16980464.0,297391488.0,127967132000.0,127967132000.0,0.002315509398147643,19.665144260656987,2024-08-13,2024-06-30,19.103678014224304,3.8845253601618257,14.62061499031613,3.1955469074919045,16.21135635520273
sh600989,2024-07-15,17.45,17.63,17.35,17.51,0.0034383954154728613,12788362.0,223346408.0,128407133600.0,128407133600.0,0.001743861204141076,19.73276080252744,2024-08-13,2024-06-30,19.16936401312708,3.8978818943514932,14.670886445870224,3.2065344613285527,16.267097408573058
sh600989,2024-07-16,17.51,17.6,17.37,17.46,-0.002855511136493516,10150195.0,177214292.0,128040465600.0,128040465600.0,0.001384112466863757,19.676413684302062,2024-08-13,2024-06-30,19.1146256807081,3.8867514491934374,14.628993566241812,3.1973781664646794,16.22064653076445
sh600989,2024-07-17,17.38,17.43,16.9,17.17,-0.016609392898052633,17629345.0,301471715.0,125913791199.99998,125913791199.99998,0.002403992849116913,19.34960039859487,2024-08-13,2024-06-30,18.79714335267801,3.822194867276707,14.386014864397012,3.1442716562542112,15.951231439474551
sh600989,2024-07-18,17.19,17.44,16.91,17.42,0.014560279557367606,13030423.0,224481351.0,127747131199.99998,127747131199.99998,0.0017768694022930831,19.631335989721762,2024-08-13,2024-06-30,19.070835014772914,3.877847093066991,14.595479262539078,3.1900531305735798,16.183485828517572
sh600989,2024-07-19,17.45,17.68,17.16,17.6,0.010332950631458004,15612165.0,273313907.0,129067136000.0,129067136000.0,0.002128923849367821,19.834185615333123,2024-08-13,2024-06-30,19.267893011481245,3.917916695635996,14.746293629201366,3.223015792083525,16.350708988628543
sh600989,2024-07-22,17.57,17.63,17.17,17.29,-0.017613636363636442,18070578.0,312805680.0,126793794400.0,126793794400.0,0.002464160766688121,19.484833482335777,2024-08-13,2024-06-30,18.928515350483565,3.848907935656044,14.486557775505206,3.1662467639275085,16.062713546215196
sh600989,2024-07-23,17.2,17.29,16.28,16.29,-0.05783689994216312,29290633.0,486741618.0,119460434400.0,119460434400.0,0.003994162703044716,18.35789111782821,2024-08-13,2024-06-30,17.833748702103946,3.6262990324949076,13.648700182936947,2.9831208666500357,15.13369599004312
sh600989,2024-07-24,16.18,16.2,15.63,15.89,-0.007495315427857641,21966083.0,348706016.0,116527090399.99998,116527090399.99998,0.002995364062312501,18.22029293330982,2024-08-13,2024-06-30,17.3958420427521,3.537255471230453,13.313557145909643,2.909870507739046,15.020264165008443
sh600989,2024-07-25,15.81,15.86,14.85,15.05,-0.052863436123347984,41937875.0,636957307.0,110367068000.0,110367068000.0,0.0057187803407987604,17.257105641681107,2024-08-13,2024-06-30,16.476238058113225,3.350263992575099,12.609756768152307,2.7560447540259694,14.226241389765706
sh600989,2024-07-26,15.2,15.34,15.05,15.26,0.01395348837209287,18427040.0,279940957.0,111907073600.0,111907073600.0,0.002512769044476202,17.497902464588282,2024-08-13,2024-06-30,16.706139054272946,3.3970118622389376,12.78570686259164,2.7945011924542387,14.424747083576387
sh600989,2024-07-29,15.46,15.57,14.95,15.34,0.005242463958060384,25717528.0,393095238.0,112493742400.0,112493742400.0,0.0035069228839167857,17.589634587600546,2024-08-13,2024-06-30,16.793720386143313,3.4148205744918285,12.852735469997102,2.8091512642364362,14.500368300266175
sh600989,2024-07-30,15.38,15.38,14.51,14.61,-0.04758800521512385,28027112.0,413202050.0,107140389600.00002,107140389600.00002,0.003821865011399958,16.752578965113685,2024-08-13,2024-06-30,15.994540732826195,3.2523160751841997,12.241099427422272,2.6754693592238814,13.81032469797189
sh600989,2024-07-31,14.81,15.12,14.47,15.03,0.028747433264887157,29887242.0,444535262.0,110220400800.0,110220400800.0,0.004075518179933891,17.234172610928045,2024-08-13,2024-06-30,16.454342725145633,3.345811814511876,12.59299961630094,2.7523822360804195,14.20733608559326
sh600989,2024-08-01,15.17,15.44,14.88,14.91,-0.007984031936127733,22789500.0,343345189.0,109340397600.0,109340397600.0,0.003107647790371671,17.09657442640966,2024-08-13,2024-06-30,16.322970727340078,3.31909874613254,12.49245670519275,2.730407128407123,14.093904260558585
sh600989,2024-08-02,14.88,14.88,14.44,14.54,-0.02481556002682772,21097592.0,307613750.0,106627054400.0,106627054400.0,0.002876933902058538,16.67231335747796,2024-08-13,2024-06-30,15.91790706743962,3.236733451962919,12.182449395942493,2.662650546414458,13.74415613336833
sh600989,2024-08-05,14.49,14.69,14.28,14.42,-0.008253094910591452,24279749.0,350508744.0,105747051199.99998,105747051199.99998,0.0033108628241351854,16.534715172959576,2024-08-13,2024-06-30,15.786535069634064,3.2100203835835823,12.0819064848343,2.6406754387411606,13.630724308333654
sh600989,2024-08-06,14.52,14.88,14.52,14.85,0.029819694868238544,22135813.0,326093339.0,108900396000.0,108900396000.0,0.00301850897814917,17.027775334150466,2024-08-13,2024-06-30,16.257284728437302,3.3057422119428717,12.442185249638655,2.7194195745704746,14.037188348041246
sh600989,2024-08-07,14.85,15.28,14.73,15.18,0.022222222222222143,23995487.0,362404173.0,111320404800.0,111320404800.0,0.003272099965091036,17.40617034157603,2024-08-13,2024-06-30,16.618557722402574,3.3792031499860467,12.71867825518618,2.7798511206720407,14.349125866886604
sh600989,2024-08-08,15.14,15.16,14.58,14.64,-0.035573122529644174,24986787.0,369191321.0,107360390399.99998,107360390399.99998,0.0034072767462663776,16.786978511243284,2024-08-13,2024-06-30,16.02738373227758,3.2589943422790326,12.266235155199318,2.680963136142205,13.838682654230562
sh600989,2024-08-09,14.88,15.59,14.82,15.34,0.04781420765027322,33812307.0,520021266.0,112493742400.0,112493742400.0,0.004610752369991382,17.589634587600546,2024-08-13,2024-06-30,16.793720386143313,3.4148205744918285,12.852735469997102,2.8091512642364362,14.500368300266175
sh600989,2024-08-12,15.34,15.51,15.19,15.25,-0.005867014341590648,22223000.0,340563229.0,111833740000.0,111833740000.0,0.003030398071279741,17.486435949211753,2024-08-13,2024-06-30,16.695191387789148,3.3947857732073263,12.777328286665957,2.7926699334814638,14.415294431490167
sh600989,2024-08-13,15.25,15.46,14.99,15.35,0.006557377049180246,25335600.0,386324942.0,112567076000.0,112567076000.0,0.0034548419823927914,17.601101102977076,2024-08-13,2024-06-30,16.80466805262711,3.4170466635234398,12.861114045922784,2.810982523209211,14.509820952352397
sh600989,2024-08-14,15.3,15.35,15.02,15.09,-0.01693811074918561,16059797.0,242942136.0,110660402400.0,110660402400.0,0.002189964354675074,17.302971703187236,2024-10-31,2024-09-30,17.574601354527427,3.352392177995829,12.591838450116013,2.6749737240316493,14.264051998110597
sh600989,2024-08-15,15.16,15.77,15.03,15.52,0.028495692511597115,28270585.0,438780646.0,113813747200.0,113813747200.0,0.003855065754306348,17.796031864378126,2024-10-31,2024-09-30,18.07540179073994,3.4479209146782814,12.950651606746224,2.7511989527482568,14.670516037818189
sh600989,2024-08-16,15.58,15.59,15.25,15.4,-0.0077319587628865705,15400593.0,236908506.0,112933744000.0,112933744000.0,0.002100073227006447,17.65843367985974,2024-10-31,2024-09-30,17.93564352947133,3.421261732348295,12.850517702570352,2.7299267958971107,14.557084212783513
sh600989,2024-08-19,15.34,15.67,15.25,15.32,-0.0051948051948051965,19760980.0,304964884.0,112347075200.0,112347075200.0,0.002694669292111665,17.56670155684748,2024-10-31,2024-09-30,17.84247135529226,3.4034889441283034,12.783761766453104,2.7157453579963464,14.481462996093729
sh600989,2024-08-20,15.3,15.4,14.99,15.07,-0.01631853785900783,17569538.0,265024360.0,110513735200.0,110513735200.0,0.0023958373787731683,17.280038672434173,2024-10-31,2024-09-30,17.55130831098266,3.3479489809408314,12.575149466086701,2.6714283645564585,14.245146693938151
sh600989,2024-08-21,15.01,15.18,14.87,15.02,-0.0033178500331785266,10188587.0,153362468.0,110147067200.0,110147067200.0,0.0013893477205537434,17.222706095551512,2024-10-31,2024-09-30,17.49307570212074,3.3368409883033365,12.53342700601342,2.6625649658684805,14.197883433507036
sh600989,2024-08-22,15.0,15.16,14.66,15.09,0.0046604527296938425,15998860.0,239910203.0,110660402400.0,110660402400.0,0.0021816547939825675,17.30297170318724,2024-10-31,2024-09-30,17.574601354527427,3.352392177995829,12.591838450116013,2.6749737240316493,14.264051998110599
sh600989,2024-08-23,15.0,15.34,15.0,15.27,0.011928429423459175,12469740.0,189777663.0,111980407200.0,111980407200.0,0.001700412907589427,17.50936897996482,2024-10-31,2024-09-30,17.78423874643034,3.392380951490809,12.742039306379823,2.706881959308369,14.434199735662615
sh600989,2024-08-26,15.39,15.39,15.18,15.26,-0.0006548788474132206,12117964.0,184999920.0,111907073600.0,111907073600.0,0.0016524436274777182,17.49790246458829,2024-10-31,2024-09-30,17.772592224657956,3.3901593529633103,12.733694814365167,2.7051092795707734,14.424747083576392
sh600989,2024-08-27,15.2,15.49,15.18,15.31,0.00327653997378774,14819818.0,227613810.0,112273741600.0,112273741600.0,0.0020208769240839123,17.55523504147095,2024-10-31,2024-09-30,17.830824833519877,3.4012673456008047,12.775417274438448,2.713972678258751,14.472010344007508
sh600989,2024-08-28,15.19,15.37,15.06,15.14,-0.011103853690398457,11451629.0,173751984.0,111027070399.99998,111027070399.99998,0.0015615800942542029,17.3603042800699,2024-10-31,2024-09-30,17.632833963389345,3.3635001706333227,12.633560910189294,2.6838371227196265,14.311315258541716
sh600989,2024-08-29,15.04,15.31,14.89,15.23,0.005944517833553542,11063979.0,167318663.0,111687072800.0,111687072800.0,0.0015087189228402806,17.463502918458694,2024-10-31,2024-09-30,17.737652659340803,3.3834945573808137,12.7086613383212,2.6997912403579867,14.396389127317724
sh600989,2024-08-30,15.19,15.49,14.88,15.23,0.0,26631670.0,405468501.0,111687072800.0,111687072800.0,0.0036315781578976076,17.463502918458694,2024-10-31,2024-09-30,17.737652659340803,3.3834945573808137,12.7086613383212,2.6997912403579867,14.396389127317724
sh600989,2024-09-02,15.15,15.38,14.96,15.18,-0.0032829940906107247,19320422.0,293146574.0,111320404800.0,111320404800.0,0.002634593419660292,17.40617034157603,2024-10-31,2024-09-30,17.679420050478882,3.372386564743319,12.666938878247917,2.690927841670009,14.349125866886608
sh600989,2024-09-03,15.18,15.5,15.17,15.49,0.020421607378129147,17611194.0,271018557.0,113593746400.0,113593746400.0,0.002401517721753739,17.76163231824853,2024-10-31,2024-09-30,18.040462225422786,3.441256119095785,12.925618130702256,2.7458809135354705,14.642158081559522
sh600989,2024-09-04,15.29,15.39,15.0,15.05,-0.02840542285345382,20442518.0,308636057.0,110367068000.0,110367068000.0,0.0027876059541601665,17.25710564168111,2024-10-31,2024-09-30,17.528015267437894,3.3435057838858335,12.55846048205739,2.667883005081267,14.226241389765708
sh600989,2024-09-05,15.07,15.18,14.62,14.72,-0.021926910299003288,18373815.0,271762513.0,107947059200.0,107947059200.0,0.0025055111163232134,16.878710634255548,2024-10-31,2024-09-30,17.14368004894922,3.27019303247837,12.283092245573739,2.609384573740615,13.914303870920348
sh600989,2024-09-06,14.6,14.77,14.38,14.4,-0.021739130434782594,16476643.0,239387465.0,105600384000.0,105600384000.0,0.0022468067843389662,16.511782142206513,2024-10-31,2024-09-30,16.770991352232933,3.1991018795984054,12.016068501104744,2.552658822137558,13.611819004161209
sh600989,2024-09-09,14.36,14.52,14.1,14.35,-0.003472222222222321,18668382.0,267115432.0,105233716000.0,105233716000.0,0.002545679197530191,16.45444956532385,2024-10-31,2024-09-30,16.712758743371012,3.187993886960911,11.974346041031463,2.54379542344958,13.564555743730093
sh600989,2024-09-10,14.29,14.45,14.19,14.32,-0.002090592334494712,12862942.0,184439965.0,105013715200.0,105013715200.0,0.001754031167159392,16.420050019194253,2024-10-31,2024-09-30,16.677819178053863,3.1813290913784145,11.949312564987496,2.538477384236794,13.536197787471425
sh600989,2024-09-11,14.25,14.25,14.03,14.2,-0.008379888268156499,16924808.0,239264881.0,104133712000.0,104133712000.0,0.0023079199712001046,16.282451834675864,2024-10-31,2024-09-30,16.538060916785252,3.1546699090484274,11.849178660811623,2.5172052273856473,13.422765962436747
sh600989,2024-09-12,14.27,14.55,14.11,14.4,0.014084507042253502,18782683.0,269712117.0,105600384000.0,105600384000.0,0.002561265640852215,16.51178214220651,2024-10-31,2024-09-30,16.770991352232933,3.1991018795984054,12.016068501104744,2.552658822137558,13.611819004161207
sh600989,2024-09-13,14.43,14.59,14.18,14.45,0.003472222222222099,16071490.0,232182120.0,105967052000.0,105967052000.0,0.0021915588488769133,16.569114719089168,2024-10-31,2024-09-30,16.82922396109485,3.2102098722359,12.057790961178025,2.5615222208255357,13.659082264592321
sh600989,2024-09-18,14.46,14.69,14.46,14.63,0.012456747404844482,13512132.0,197456314.0,107287056800.0,107287056800.0,0.0018425567543390751,16.775511995866754,2024-10-31,2024-09-30,17.038861352997767,3.25019864573088,12.207991817441835,2.593430456102255,13.829230002144339
sh600989,2024-09-19,14.73,14.9,14.35,14.75,0.008202323991797655,18595895.0,273324379.0,108167060000.0,108167060000.0,0.0025357946425649362,16.91311018038514,2024-10-31,2024-09-30,17.178619614266374,3.2768578280608667,12.308125721617706,2.6147026129534012,13.942661827179014
sh600989,2024-09-20,14.76,14.78,14.33,14.72,-0.0020338983050847137,19423350.0,283672472.0,107947059200.0,107947059200.0,0.0026486290049854365,16.878710634255544,2024-10-31,2024-09-30,17.14368004894922,3.27019303247837,12.283092245573739,2.609384573740615,13.914303870920346
sh600989,2024-09-23,14.73,14.83,14.55,14.68,-0.0027173913043478937,12321521.0,181475666.0,107653724800.0,107653724800.0,0.0016802012992680026,16.832844572749412,2024-10-31,2024-09-30,17.097093961859684,3.2613066383683744,12.249714277515114,2.602293854790233,13.876493262575453
sh600989,2024-09-24,14.89,15.6,14.79,15.57,0.06062670299727535,30619698.0,466867838.0,114180415200.0,114180415200.0,0.004175398180370253,17.85336444126079,2024-10-31,2024-09-30,18.13363439960186,3.459028907315776,12.992374066819504,2.760062351436235,14.717779298249306
sh600989,2024-09-25,15.7,16.05,15.7,15.82,0.016056518946692355,25838729.0,409985712.0,116013755200.0,116013755200.0,0.003523450232908244,18.140027325674097,2024-10-31,2024-09-30,18.42479744391146,3.5145688705032483,13.200986367185907,2.8043793448761227,14.954095600404884
sh600989,2024-09-26,15.81,15.96,15.71,15.85,0.0018963337547408532,30712204.0,486089724.0,116233756000.0,116233756000.0,0.004188012589045131,18.174426871803696,2024-10-31,2024-09-30,18.45973700922861,3.521233666085745,13.226019843229874,2.8096973840889095,14.982453556663554
sh600989,2024-09-27,15.92,16.87,15.88,16.36,0.032176656151419625,24931008.0,405277093.0,119973769600.00002,119973769600.00002,0.003399670546652557,18.759219156006846,2024-10-31,2024-09-30,19.053709619620196,3.634535190988189,13.651588935977337,2.9001040507062816,15.464538813060932
sh600989,2024-09-30,17.17,17.5,16.65,17.35,0.06051344743276288,68659631.0,1170263470.0,127233796000.0,127233796000.0,0.009362642908571243,19.894404178283544,2024-10-31,2024-09-30,20.206715275086207,3.854473445210578,14.477693645428287,3.075599344728238,16.400351369597015
sh600989,2024-10-08,19.0,19.07,17.3,17.55,0.011527377521613813,105859384.0,1888527258.0,128700468000.0,128700468000.0,0.014435318053388897,20.12373448581419,2024-10-31,2024-09-30,20.43964571053389,3.8989054157605567,14.644583485721409,3.111052939480149,16.589404411321475
sh600989,2024-10-09,17.3,17.31,16.3,16.52,-0.05868945868945874,56240423.0,945921241.0,121147107200.0,121147107200.0,0.007669120703197443,18.94268340203136,2024-10-31,2024-09-30,19.240053967978337,3.6700807674281704,13.785100808211832,2.9284669265078094,15.615781246440498
sh600989,2024-10-10,16.47,17.61,16.47,17.24,0.04358353510895885,52974326.0,907363847.0,126427126400.0,126427126400.0,0.007223745459107421,19.768272509141685,2024-10-31,2024-09-30,20.078603535589984,3.830035861408091,14.38590423326707,3.0560998676146878,16.29637219664856
sh600989,2024-10-11,17.3,17.35,16.66,16.81,-0.02494199535962871,25905859.0,440372799.0,123273781600.0,123273781600.0,0.0035326042905298523,19.2752123479508,2024-10-31,2024-09-30,19.577803099377473,3.734507124725639,14.027091076636859,2.97987463889808,15.889908156940969
sh600989,2024-10-14,16.81,17.0,16.65,16.85,0.002379535990481907,36595145.0,615015912.0,123567116000.0,123567116000.0,0.00499022889916764,19.321078409456927,2024-10-31,2024-09-30,19.624389186467006,3.7433935188356338,14.060469044695484,2.9869653578484616,15.927718765285862
sh600989,2024-10-15,16.73,16.84,16.17,16.2,-0.03857566765578646,30077799.0,493933575.0,118800432000.0,118800432000.0,0.004101503130897706,18.575754909982326,2024-10-31,2024-09-30,18.86736527126205,3.5989896145482057,13.518077063742837,2.8717411749047526,15.313296379681361
sh600989,2024-10-16,16.08,16.15,15.56,15.67,-0.032716049382715995,35702432.0,562365027.0,114913751199.99998,114913751199.99998,0.004868495750924543,17.968029595026117,2024-10-31,2024-09-30,18.250099617325695,3.481244892590764,13.075818986966066,2.7777891488121895,14.81230581911154
sh600989,2024-10-17,15.85,15.95,15.4,15.44,-0.01467772814294832,24728820.0,385868628.0,113227078400.0,113227078400.0,0.0033720995560016145,17.704299741365872,2024-10-31,2024-09-30,17.98222961656087,3.43014812645829,12.883895670628975,2.7370175148474924,14.594894821128408
sh600989,2024-10-18,15.4,16.01,15.33,15.74,0.01943005181347157,35177636.0,551345875.0,115427086400.0,115427086400.0,0.0047969329202439265,18.04829520266184,2024-10-31,2024-09-30,18.33162526973239,3.496796082283257,13.134230431068659,2.7901979069753584,14.878474383715101
sh600989,2024-10-21,15.8,15.9,15.28,15.57,-0.010800508259212194,46618669.0,726180168.0,114180415200.0,114180415200.0,0.006357068110661415,17.853364441260794,2024-10-31,2024-09-30,18.13363439960186,3.459028907315776,12.992374066819504,2.760062351436235,14.71777929824931
sh600989,2024-10-22,15.7,16.29,15.55,16.27,0.04495825305073864,39250611.0,629802420.0,119313767200.0,119313767200.0,0.005352336582412427,18.656020517618057,2024-10-31,2024-09-30,18.94889092366874,3.6145408042406983,13.57648850784543,2.8841499330679214,15.379464944284924
sh600989,2024-10-23,16.32,16.45,16.09,16.29,0.0012292562999385304,18664469.0,303053606.0,119460434400.0,119460434400.0,0.0025451456085614234,18.67895354837112,2024-10-31,2024-09-30,18.972183967213503,3.6189840012956958,13.59317749187474,2.8876952925431123,15.39837024845737
sh600989,2024-10-24,16.1,16.21,15.85,16.17,-0.007366482504603922,21766290.0,348368666.0,118580431199.99998,118580431199.99998,0.0029681196613830503,18.541355363852734,2024-10-31,2024-09-30,18.832425705944896,3.592324818965709,13.493043587698867,2.8664231356919654,15.284938423422696
sh600989,2024-10-25,16.1,16.51,15.95,16.13,-0.0024737167594311993,18447700.0,298359490.0,118287096800.0,118287096800.0,0.002515586306958884,18.495489302346602,2024-10-31,2024-09-30,18.78583961885536,3.5834384248557134,13.459665619640244,2.859332416741584,15.247127815077802
sh600989,2024-10-28,16.1,16.47,15.85,16.42,0.017978921264724335,21903192.0,356178800.0,120413771199.99998,120413771199.99998,0.0029867880480434626,18.82801824826604,2024-10-31,2024-09-30,19.123588750254495,3.647864782153181,13.70165588806527,2.9107401291318538,15.521254725578272
sh600989,2024-10-29,16.5,16.55,16.0,16.22,-0.012180267965895442,23869000.0,387020221.0,118947099200.0,118947099200.0,0.003254851800538907,18.598687940735392,2024-10-31,2024-09-30,18.890658314806817,3.6034328116032044,13.534766047772152,2.875286534379944,15.332201683853809
sh600989,2024-10-30,16.11,16.31,15.88,16.03,-0.011713933415536282,19004037.0,304435995.0,117553760800.0,117553760800.0,0.002591450167453937,18.38082414858128,2024-10-31,2024-09-30,18.66937440113152,3.5612224395807246,13.376220699493686,2.8416056193656285,15.15260129421557
sh600989,2024-10-31,16.03,16.21,15.75,15.91,-0.007485963817841612,30836895.0,491925351.0,116673757600.0,116673757600.0,0.0042050158453969255,18.24322596406289,2024-10-31,2024-09-30,18.529616139862913,3.534563257250738,13.276086795317811,2.8203334625144825,15.039169469180893
sh600989,2024-11-01,15.85,16.43,15.75,16.11,0.012570710245128902,32739421.0,527155660.0,118140429600.00002,118140429600.00002,0.004464450265635397,18.47255627159354,2025-04-23,2025-03-31,16.065967607580003,3.3253918756969028,11.216309507980224,2.5981508234133326,15.228222510905356
sh600989,2024-11-04,16.2,16.22,15.8,16.1,-0.0006207324643077161,25197806.0,402364247.0,118067096000.0,118067096000.0,0.0034360519598110556,18.46108975621701,2025-04-23,2025-03-31,16.055994939915458,3.3233276970031116,11.209347180538895,2.5965380668500715,15.218769858819135
sh600989,2024-11-05,16.25,16.32,15.94,16.24,0.008695652173912771,32577861.0,525761360.0,119093766400.0,119093766400.0,0.004442419436656593,18.621620971488458,2025-04-23,2025-03-31,16.19561228721907,3.352226198716182,11.306819764717494,2.6191166587357246,15.351106988026254
sh600989,2024-11-06,16.26,16.74,16.14,16.53,0.017857142857143016,44864673.0,743210395.0,121220440800.0,121220440800.0,0.006117887707681064,18.954149917407896,2025-04-23,2025-03-31,16.484819649490838,3.412087380836114,11.508727260516022,2.6658865990702907,15.625233898526727
sh600989,2024-11-07,16.55,16.69,16.34,16.66,0.007864488808227321,30201902.0,499286040.0,122173777600.0,122173777600.0,0.004118426205722888,19.103214617302815,2025-04-23,2025-03-31,16.614464329129905,3.4389217038553936,11.599237517253293,2.6868524343926827,15.748118375647623
sh600989,2024-11-08,16.8,16.8,16.33,16.43,-0.013805522208883536,28900216.0,476035769.0,120487104800.0,120487104800.0,0.003940924214821037,18.83948476364257,2025-04-23,2025-03-31,16.3850929728454,3.391445593898206,11.439103986102737,2.6497590334376815,15.530707377664491
sh600989,2024-11-11,16.31,16.31,15.68,15.98,-0.027388922702373697,39566619.0,630580983.0,117187092800.0,117187092800.0,0.005395428425714816,18.323491571698618,2025-04-23,2025-03-31,15.936322927940932,3.2985575526776225,11.125799251242954,2.5771849880909405,15.105338033784454
sh600989,2024-11-12,15.96,16.15,15.53,15.57,-0.025657071339173942,44414640.0,703527457.0,114180415200.0,114180415200.0,0.006056519794473475,17.853364441260794,2025-04-23,2025-03-31,15.527443553694637,3.2139262262322017,10.840343826148485,2.511061968997243,14.71777929824931
sh600989,2024-11-13,15.5,15.82,15.47,15.71,0.008991650610147728,33331633.0,521198440.0,115207085600.0,115207085600.0,0.004545206153795805,18.013895656532245,2025-04-23,2025-03-31,15.66706090099825,3.242824727945272,10.937816410327086,2.533640560882896,14.850116427456433
sh600989,2024-11-14,15.65,15.99,15.42,15.46,-0.015913430935709738,33398100.0,527246788.0,113373745600.0,113373745600.0,0.004554269802655263,17.72723277211894,2025-04-23,2025-03-31,15.417744209384656,3.1912202606005033,10.763758224293872,2.4933216468013732,14.613800125300855
sh600989,2024-11-15,15.51,15.98,15.42,15.76,0.019404915912031084,31034130.0,490561857.0,115573753600.0,115573753600.0,0.004231911429412984,18.071228233414907,2025-04-23,2025-03-31,15.716924239320969,3.253145621414226,10.972628047533727,2.5417043436992004,14.897379687887549
sh600989,2024-11-18,15.79,16.52,15.72,15.91,0.009517766497461944,39609514.0,638971613.0,116673757600.0,116673757600.0,0.005401277722626463,18.243225964062894,2025-04-23,2025-03-31,15.866514254289125,3.284108301821087,11.077062959153654,2.565895692148114,15.039169469180894
sh600989,2024-11-19,15.97,16.25,15.93,16.21,0.018856065367693242,24795006.0,399078220.0,118873765600.0,118873765600.0,0.0033811248868185935,18.587221425358862,2025-04-23,2025-03-31,16.165694284225438,3.34603366263481,11.28593278239351,2.614278389045942,15.322749031767586
sh600989,2024-11-20,16.2,16.65,16.15,16.62,0.025293028994447964,38364869.0,632149652.0,121880443200.0,121880443200.0,0.005231554021621739,19.057348555796686,2025-04-23,2025-03-31,16.57457365847173,3.4306649890802308,11.57138820748798,2.6804014081396392,15.710307767302734
sh600989,2024-11-21,16.65,16.72,16.36,16.55,-0.004211793020457266,32491438.0,538605656.0,121367108000.0,121367108000.0,0.004430634524965364,18.977082948160962,2025-04-23,2025-03-31,16.504764984819925,3.4162157382236953,11.52265191539868,2.669112112196813,15.644139202699172
sh600989,2024-11-22,16.55,16.65,15.99,16.03,-0.03141993957703926,24156899.0,391969737.0,117553760800.0,117553760800.0,0.0032941106123250464,18.380824148581283,2025-04-23,2025-03-31,15.986186266263651,3.3088784461465766,11.160610888449595,2.585248770907245,15.152601294215573
sh600989,2024-11-25,16.0,16.38,15.9,15.91,-0.007485963817841612,19441473.0,313667598.0,116673757600.0,116673757600.0,0.002651100314180676,18.243225964062894,2025-04-23,2025-03-31,15.866514254289125,3.284108301821087,11.077062959153654,2.565895692148114,15.039169469180894
sh600989,2024-11-26,16.09,16.67,15.96,16.38,0.029541169076052753,38057503.0,623863849.0,120120436800.0,120120436800.0,0.005189640628579533,18.78215218675991,2025-04-23,2025-03-31,16.33522963452268,3.381124700429252,11.404292348896094,2.641695250621377,15.483444117233377
sh600989,2024-11-27,16.25,16.55,15.9,16.52,0.008547008547008517,22732460.0,369496016.0,121147107200.0,121147107200.0,0.003099869636837684,18.94268340203136,2025-04-23,2025-03-31,16.474846981826293,3.410023202142323,11.501764933074693,2.66427384250703,15.615781246440498
sh600989,2024-11-28,16.51,16.55,16.03,16.05,-0.028450363196125816,25431022.0,411713741.0,117700428000.0,117700428000.0,0.00346785402598536,18.403757179334345,2025-04-23,2025-03-31,16.006131601592738,3.313006803534158,11.174535543332254,2.588474284033767,15.171506598388016
sh600989,2024-11-29,16.05,16.4,16.0,16.15,0.006230529595015355,27198054.0,441490779.0,118433764000.0,118433764000.0,0.00370881205886524,18.518422333099664,2025-04-23,2025-03-31,16.105858278238177,3.3336485904720656,11.244158817745538,2.604601849666376,15.266033119250244
sh600989,2024-12-02,16.1,16.19,15.9,16.01,-0.00866873065015461,29027062.0,464426428.0,117407093600.0,117407093600.0,0.003958221333740605,18.357891117828217,2025-04-23,2025-03-31,15.966240930934564,3.304750088758995,11.146686233566939,2.5820232577807234,15.133695990043124
sh600989,2024-12-03,15.97,16.05,15.61,15.72,-0.018113678950655854,37935731.0,596940345.0,115280419200.0,115280419200.0,0.00517303541623485,18.025362171908778,2025-04-23,2025-03-31,15.677033568662795,3.244888906639063,10.944778737768413,2.535253317446157,14.859569079542656
sh600989,2024-12-04,15.7,15.9,15.56,15.8,0.0050890585241729624,22593622.0,355430987.0,115867088000.0,115867088000.0,0.0030809372511372687,18.117094294921035,2025-04-23,2025-03-31,15.756814909979145,3.261402336189389,11.000477357299042,2.5481553699522443,14.935190296232438
sh600989,2024-12-05,15.74,15.85,15.6,15.73,-0.004430379746835467,15887060.0,249599222.0,115353752800.0,115353752800.0,0.0021664093948749277,18.036828687285308,2025-04-23,2025-03-31,15.687006236327338,3.2469530853328537,10.951741065209742,2.536866074009418,14.869021731628877
sh600989,2024-12-06,15.8,15.94,15.56,15.88,0.009535918626827788,23804413.0,375871218.0,116453756800.0,116453756800.0,0.003246044514383584,18.20882641793329,2025-04-23,2025-03-31,15.836596251295495,3.277915765739715,11.05617597682967,2.5610574224583313,15.010811512922222
sh600989,2024-12-09,15.88,16.62,15.82,16.58,0.044080604534004975,49314683.0,809325684.0,121587108800.00002,121587108800.00002,0.006724705046527102,19.01148249429055,2025-04-23,2025-03-31,16.53468298781356,3.4224082743050683,11.543538897722666,2.6739503818865957,15.672497158957835
sh600989,2024-12-10,16.8,16.86,16.46,16.5,-0.004825090470446214,26827742.0,445279930.0,121000440000.0,121000440000.0,0.003658315151581267,18.919750371278298,2025-04-23,2025-03-31,16.454901646497206,3.4058948447547417,11.487840278192037,2.6610483293805083,15.596875942268053
sh600989,2024-12-11,16.56,16.6,16.11,16.15,-0.02121212121212135,29104904.0,473037916.0,118433764000.0,118433764000.0,0.003968836113323224,18.518422333099664,2025-04-23,2025-03-31,16.105858278238177,3.3336485904720656,11.244158817745538,2.604601849666376,15.266033119250244
sh600989,2024-12-12,16.1,16.34,16.1,16.27,0.007430340557275539,19975700.0,323772250.0,119313767200.0,119313767200.0,0.002723949185639325,18.65602051761805,2025-04-23,2025-03-31,16.2255302902127,3.3584187347975543,11.32770674704148,2.623954928425507,15.379464944284921
sh600989,2024-12-13,16.19,16.26,15.77,15.8,-0.028887523048555575,34447540.0,548146806.0,115867088000.0,115867088000.0,0.0046973747368191385,18.117094294921035,2025-04-23,2025-03-31,15.756814909979145,3.261402336189389,11.000477357299042,2.5481553699522443,14.935190296232438
sh600989,2024-12-16,15.77,15.91,15.6,15.83,0.0018987341772152,23737337.0,374678865.0,116087088800.00002,116087088800.00002,0.0032368978203715618,18.15149384105063,2025-04-23,2025-03-31,15.786732912972779,3.2675948722707617,11.021364339623027,2.552993639642027,14.963548252491107
sh600989,2024-12-17,15.73,16.01,15.64,15.66,-0.010739102969046121,20283911.0,319993525.0,114840417600.0,114840417600.0,0.0027659778055352524,17.95656307964958,2025-04-23,2025-03-31,15.61719756267553,3.232503834476318,10.903004773120442,2.525576778066591,14.802853167025315
sh600989,2024-12-18,15.72,15.87,15.4,15.5,-0.010217113665389577,26755965.0,417975326.0,113667080000.0,113667080000.0,0.003648527414445766,17.773098833625063,2025-04-23,2025-03-31,15.45763488004283,3.199476975375666,10.791607534059185,2.4997726730544167,14.651610733645745
sh600989,2024-12-19,15.37,15.65,15.22,15.58,0.005161290322580614,17415792.0,270115734.0,114253748800.00002,114253748800.00002,0.002374872091374213,17.864830956637324,2025-04-23,2025-03-31,15.537416221359184,3.215990404925993,10.847306153589814,2.512674725560504,14.72723195033553
sh600989,2024-12-20,15.55,15.57,15.26,15.4,-0.011553273427471145,20034455.0,308819253.0,112933744000.0,112933744000.0,0.0027319612019592655,17.65843367985974,2025-04-23,2025-03-31,15.357908203397393,3.178835188437759,10.7219842596459,2.4836451074218076,14.557084212783515
sh600989,2024-12-23,15.41,15.73,15.38,15.64,0.01558441558441559,27754386.0,433241870.0,114693750399.99998,114693750399.99998,0.003784675237544591,17.933630048896518,2025-04-23,2025-03-31,15.597252227346443,3.228375477088737,10.889080118237784,2.522351264940069,14.78394786285287
sh600989,2024-12-24,15.63,16.23,15.57,16.17,0.03388746803069065,39024923.0,623572721.0,118580431199.99998,118580431199.99998,0.0053215610579597904,18.54135536385273,2025-04-23,2025-03-31,16.12580361356726,3.3377769478596466,11.258083472628194,2.6078273627928974,15.284938423422693
sh600989,2024-12-25,16.16,16.37,16.08,16.31,0.008658008658008365,22402100.0,364012867.0,119607101600.0,119607101600.0,0.003054820709742873,18.701886579124178,2025-04-23,2025-03-31,16.265420960870877,3.3666754495727176,11.355556056806794,2.630405954678551,15.417275552629812
sh600989,2024-12-26,16.36,16.51,16.18,16.47,0.009809932556713585,23296673.0,383208794.0,120780439200.0,120780439200.0,0.0031768074934272962,18.88535082514869,2025-04-23,2025-03-31,16.424983643503577,3.3997023086733695,11.46695329586805,2.6562100596907254,15.568517986009379
sh600989,2024-12-27,16.49,16.64,15.97,16.28,-0.011536126290224491,31825272.0,515589958.0,119387100800.0,119387100800.0,0.004339794037112593,18.667487032994583,2025-04-23,2025-03-31,16.235502957877245,3.3604829134913454,11.33466907448281,2.6255676849887677,15.388917596371144
sh600989,2024-12-30,16.23,16.88,16.22,16.85,0.03501228501228493,34554417.0,576493873.0,123567116000.0,123567116000.0,0.004711948820186109,19.32107840945692,2025-04-23,2025-03-31,16.80394501475624,3.478141099037418,11.731521738638534,2.71749480909464,15.927718765285857
sh600989,2024-12-31,16.91,17.05,16.75,16.84,-0.0005934718100890635,26057270.0,440687025.0,123493782400.0,123493782400.0,0.0035532511699957457,19.30961189408039,2025-04-23,2025-03-31,16.793972347091696,3.476076920343627,11.724559411197205,2.715882052531379,15.918266113199634
sh600989,2025-01-02,16.73,16.85,16.41,16.54,-0.017814726840855166,26272433.0,436814741.0,121293774400.0,121293774400.0,0.003582591472394646,18.96561643278442,2025-04-23,2025-03-31,16.49479231715538,3.4141515595299046,11.51568958795735,2.667499355633552,15.63468655061294
sh600989,2025-01-03,16.65,16.83,16.41,16.48,-0.0036275695284159193,22542500.0,374384061.0,120853772800.0,120853772800.0,0.003073966094668747,18.896817340525228,2025-04-23,2025-03-31,16.43495631116812,3.4017664873671603,11.473915623309379,2.6578228162539865,15.577970638095604
sh600989,2025-01-06,16.48,16.82,16.41,16.66,0.010922330097087318,21879689.0,364120175.0,122173777600.0,122173777600.0,0.002983583105152345,19.103214617302807,2025-04-23,2025-03-31,16.614464329129905,3.4389217038553936,11.599237517253293,2.6868524343926827,15.748118375647618
sh600989,2025-01-07,16.73,16.91,16.35,16.56,-0.006002400960384291,18072448.0,299452082.0,121440441600.0,121440441600.0,0.0024644157657608516,18.988549463537485,2025-04-23,2025-03-31,16.51473765248447,3.4182799169174864,11.529614242840006,2.6707248687600735,15.653591854785386
sh600989,2025-01-08,16.49,16.74,16.32,16.68,0.007246376811594235,25197295.0,415888986.0,122320444800.0,122320444800.0,0.003435982278246261,19.126147648055873,2025-04-23,2025-03-31,16.634409664458992,3.443050061242975,11.613162172135949,2.6900779475192045,15.767023679820063
sh600989,2025-01-09,16.8,16.88,16.47,16.56,-0.007194244604316613,18712132.0,312106142.0,121440441600.0,121440441600.0,0.0025516450849269634,18.988549463537485,2025-04-23,2025-03-31,16.51473765248447,3.4182799169174864,11.529614242840006,2.6707248687600735,15.653591854785386
sh600989,2025-01-10,16.5,16.72,16.3,16.55,-0.0006038647342994086,21779417.0,361356597.0,121367108000.0,121367108000.0,0.0029699097003283623,18.977082948160955,2025-04-23,2025-03-31,16.504764984819925,3.4162157382236953,11.52265191539868,2.669112112196813,15.644139202699165
sh600989,2025-01-13,16.6,17.38,16.55,16.72,0.010271903323262777,40218716.0,682504167.0,122613779200.0,122613779200.0,0.005484350420543924,19.172013709562002,2025-04-23,2025-03-31,16.674300335117174,3.4513067760181384,11.641011481901263,2.6965289737722484,15.804834288164956
sh600989,2025-01-14,16.63,16.97,16.6,16.9,0.010765550239234534,25870697.0,434390388.0,123933784000.0,123933784000.0,0.003527809489783673,19.378410986339585,2025-04-23,2025-03-31,16.85380835307896,3.488461992506372,11.766333375845177,2.7255585919109446,15.974982025716974
sh600989,2025-01-15,16.83,17.02,16.62,16.68,-0.013017751479289852,16996083.0,285909615.0,122320444800.0,122320444800.0,0.002317639254039076,19.126147648055877,2025-04-23,2025-03-31,16.634409664458992,3.443050061242975,11.613162172135949,2.6900779475192045,15.767023679820069
sh600989,2025-01-16,16.81,17.23,16.73,17.05,0.02218225419664277,31275100.0,532653422.0,125033788000.0,125033788000.0,0.004264770855378707,19.550408716987572,2025-04-23,2025-03-31,17.003398368047115,3.519424672913233,11.870768287465104,2.7497499403598584,16.116771807010323
sh600989,2025-01-17,17.01,17.22,16.71,17.06,0.0005865102639295294,18396619.0,313297925.0,125107121600.0,125107121600.0,0.0025086207413791218,19.561875232364102,2025-04-23,2025-03-31,17.01337103571166,3.521488851607024,11.877730614906431,2.7513626969231195,16.126224459096544
sh600989,2025-01-20,17.03,17.16,16.53,16.57,-0.028722157092614164,36615498.0,614851765.0,121513775200.0,121513775200.0,0.0049930042981661885,19.00001597891402,2025-04-23,2025-03-31,16.524710320149012,3.4203440956112767,11.536576570281337,2.6723376253233346,15.663044506871614
sh600989,2025-01-21,16.65,16.71,16.38,16.68,0.006638503319251532,16505300.0,273494311.0,122320444800.0,122320444800.0,0.002250714542856208,19.126147648055873,2025-04-23,2025-03-31,16.634409664458992,3.443050061242975,11.613162172135949,2.6900779475192045,15.767023679820065
sh600989,2025-01-22,16.67,16.72,16.43,16.67,-0.0005995203836929308,13849273.0,229788171.0,122247111199.99998,122247111199.99998,0.0018885303598896008,19.114681132679344,2025-04-23,2025-03-31,16.624436996794447,3.440985882549184,11.606199844694618,2.688465190955943,15.757571027733846
sh600989,2025-01-23,16.68,16.78,16.45,16.49,-0.010797840431913786,10493685.0,173823358.0,120927106400.0,120927106400.0,0.0014309518419933017,18.90828385590176,2025-04-23,2025-03-31,16.444928978832664,3.403830666060951,11.480877950750706,2.659435572817247,15.587423290181828
sh600989,2025-01-24,16.42,16.55,16.19,16.32,-0.010309278350515316,13903186.0,227514644.0,119680435200.0,119680435200.0,0.0018958821058832514,18.713353094500714,2025-04-23,2025-03-31,16.27539362853542,3.368739628266508,11.362518384248123,2.6320187112418116,15.426728204716039
sh600989,2025-01-27,16.28,17.64,16.28,17.53,0.07414215686274517,41973627.0,725212679.0,128553800800.0,128553800800.0,0.005723655595797833,20.100801455061124,2025-04-23,2025-03-31,17.482086415945215,3.6185052502151893,12.204960004648873,2.827162255396382,16.57049910714903
sh600989,2025-02-05,17.51,17.51,16.82,16.85,-0.03879064460924131,26990940.0,460959867.0,123567116000.0,123567116000.0,0.0036805693433842063,19.321078409456927,2025-04-23,2025-03-31,16.80394501475624,3.478141099037418,11.731521738638534,2.71749480909464,15.927718765285862
sh600989,2025-02-06,16.81,16.97,16.38,16.47,-0.02255192878338297,26174150.0,432374539.0,120780439200.0,120780439200.0,0.0035691892938571126,18.8853508251487,2025-04-23,2025-03-31,16.424983643503577,3.3997023086733695,11.46695329586805,2.6562100596907254,15.568517986009383
sh600989,2025-02-07,16.42,16.55,16.2,16.48,0.0006071645415908211,30946212.0,507318458.0,120853772800.0,120853772800.0,0.004219922654826709,18.89681734052523,2025-04-23,2025-03-31,16.43495631116812,3.4017664873671603,11.473915623309379,2.6578228162539865,15.577970638095607
sh600989,2025-02-10,16.52,16.79,16.32,16.52,0.0024271844660193054,24074431.0,398040689.0,121147107200.0,121147107200.0,0.003282865016854484,18.94268340203136,2025-04-23,2025-03-31,16.474846981826293,3.410023202142323,11.501764933074693,2.66427384250703,15.615781246440498
sh600989,2025-02-11,16.52,16.82,16.43,16.81,0.017554479418886215,25703040.0,428284302.0,123273781600.0,123273781600.0,0.003504947254737255,19.2752123479508,2025-04-23,2025-03-31,16.764054344098067,3.4698843842622553,11.703672428873219,2.7110437828415965,15.889908156940969
sh600989,2025-02-12,16.75,17.0,16.66,17.0,0.011302795954788891,21173766.0,357056086.0,124667120000.0,124667120000.0,0.0028873212279228073,19.493076140104915,2025-04-23,2025-03-31,16.953535029724396,3.509103779444279,11.835956650258462,2.741686157543554,16.069508546579208
sh600989,2025-02-13,16.84,17.07,16.52,16.54,-0.027058823529411802,21472314.0,360165058.0,121293774400.0,121293774400.0,0.0029280321707921063,18.965616432784426,2025-04-23,2025-03-31,16.49479231715538,3.4141515595299046,11.51568958795735,2.667499355633552,15.634686550612946
sh600989,2025-02-14,16.54,16.69,16.4,16.61,0.004232164449818665,12525500.0,207400626.0,121807109600.00002,121807109600.00002,0.0017080165163035768,19.045882040420153,2025-04-23,2025-03-31,16.56460099080719,3.4286008103864405,11.564425880046649,2.6787886515763786,15.700855115216509
sh600989,2025-02-17,16.6,16.65,15.96,16.14,-0.028296207104154036,37341938.0,602435129.0,118360430399.99998,118360430399.99998,0.005092063937949317,18.506955817723135,2025-04-23,2025-03-31,16.09588561057363,3.3315844117782745,11.237196490304209,2.602989093103115,15.256580467164026
sh600989,2025-02-18,16.14,16.45,16.1,16.26,0.0074349442379182396,23504161.0,383656557.0,119240433600.0,119240433600.0,0.0032051012087228777,18.644554002241527,2025-04-23,2025-03-31,16.215557622548157,3.356354556103764,11.320744419600151,2.622342171862246,15.370012292198703
sh600989,2025-02-19,16.27,16.35,15.95,16.03,-0.014145141451414545,29720540.0,476910956.0,117553760800.0,117553760800.0,0.004052786171686649,18.380824148581283,2025-04-23,2025-03-31,15.986186266263651,3.3088784461465766,11.160610888449595,2.585248770907245,15.152601294215573
sh600989,2025-02-20,15.98,16.1,15.8,15.9,-0.008109794135995108,23822934.0,379942797.0,116600424000.0,116600424000.0,0.0032485700961087413,18.23175944868636,2025-04-23,2025-03-31,15.856541586624582,3.2820441231272963,11.070100631712327,2.564282935584853,15.029716817094672
sh600989,2025-02-21,15.98,16.01,15.65,15.7,-0.012578616352201366,29035925.0,458366871.0,115133752000.0,115133752000.0,0.003959429920254835,18.002429141155712,2025-04-23,2025-03-31,15.657088233333704,3.240760549251481,10.930854082885755,2.5320278043196347,14.84066377537021
sh600989,2025-02-24,15.64,15.94,15.62,15.8,0.006369426751592355,24900314.0,393523112.0,115867088000.0,115867088000.0,0.0033954850164181222,18.117094294921035,2025-04-23,2025-03-31,15.756814909979145,3.261402336189389,11.000477357299042,2.5481553699522443,14.93519029623244
sh600989,2025-02-25,15.72,15.87,15.54,15.8,0.0,27811080.0,437085324.0,115867088000.0,115867088000.0,0.0037924062094319656,18.117094294921035,2025-04-23,2025-03-31,15.756814909979145,3.261402336189389,11.000477357299042,2.5481553699522443,14.93519029623244
sh600989,2025-02-26,15.85,16.55,15.8,16.2,0.025316455696202445,33213670.0,540253022.0,118800432000.0,118800432000.0,0.0045291203486532775,18.575754909982326,2025-04-23,2025-03-31,16.155721616560893,3.343969483941019,11.27897045495218,2.6126656324826807,15.313296379681361
sh600989,2025-02-27,16.21,16.62,16.21,16.57,0.022839506172839474,27849839.0,459904735.0,121513775200.0,121513775200.0,0.003797691508394515,19.00001597891402,2025-04-23,2025-03-31,16.524710320149012,3.4203440956112767,11.536576570281337,2.6723376253233346,15.663044506871612
sh600989,2025-02-28,16.57,16.94,16.48,16.55,-0.001207000603500319,25892561.0,431462958.0,121367108000.0,121367108000.0,0.0035307909334875145,18.977082948160955,2025-04-23,2025-03-31,16.504764984819925,3.4162157382236953,11.52265191539868,2.669112112196813,15.644139202699167
sh600989,2025-03-03,16.63,17.05,16.63,16.98,0.02598187311178246,45559539.0,772212904.0,124520452800.0,124520452800.0,0.006212641817666118,19.470143109351845,2025-04-23,2025-03-31,16.93358969439531,3.5049754220566975,11.822031995375806,2.738460644417032,16.05060324240676
sh600989,2025-03-04,16.95,16.95,16.65,16.78,-0.011778563015312105,17378998.0,292035015.0,123053780800.0,123053780800.0,0.0023698547459827424,19.2408128018212,2025-04-23,2025-03-31,16.734136341104435,3.4636918481808827,11.682785446549234,2.7062055131518137,15.861550200682299
sh600989,2025-03-05,16.88,17.05,16.73,16.97,0.011323003575685275,22257397.0,377119698.0,124447119200.0,124447119200.0,0.003035088554223439,19.458676593975312,2025-04-23,2025-03-31,16.923617026730767,3.5029112433629073,11.815069667934475,2.7368478878537714,16.041150590320537
sh600989,2025-03-06,16.96,17.04,16.65,16.82,-0.008839127872716457,32289473.0,542425512.0,123347115200.0,123347115200.0,0.004403093943294752,19.28667886332733,2025-04-23,2025-03-31,16.77402701176261,3.4719485629560456,11.71063475631455,2.712656539404857,15.899360809027192
sh600989,2025-03-07,16.87,17.25,16.77,16.99,0.010107015457788249,25765946.0,438932252.0,124593786400.0,124593786400.0,0.0035135253144534017,19.481609624728378,2025-04-23,2025-03-31,16.943562362059854,3.5070396007504887,11.828994322817133,2.740073400980293,16.060055894492983
sh600989,2025-03-10,17.03,17.41,16.92,17.36,0.021777516185991885,28946380.0,498516188.0,127307129600.00002,127307129600.00002,0.003947219282838971,19.905870693660074,2025-04-23,2025-03-31,17.312551065647973,3.5834142124207466,12.086600438146288,2.799745393820947,16.409804021683236
sh600989,2025-03-11,17.3,17.5,17.18,17.43,0.0040322580645162365,18380254.0,318539040.0,127820464800.0,127820464800.0,0.002506389158584878,19.9861363012958,2025-04-23,2025-03-31,17.382359739299776,3.5978634632772817,12.135336730235588,2.811034689763773,16.4759725862868
sh600989,2025-03-12,17.5,17.52,16.95,17.0,-0.024670109007458363,43924011.0,753446209.0,124667120000.0,124667120000.0,0.0059896160832142425,19.493076140104915,2025-04-23,2025-03-31,16.953535029724396,3.509103779444279,11.835956650258462,2.741686157543554,16.069508546579208
sh600989,2025-03-13,17.01,17.72,17.01,17.49,0.028823529411764692,42587924.0,745304686.0,128260466400.0,128260466400.0,0.00580742306391613,20.054935393554995,2025-04-23,2025-03-31,17.44219574528704,3.6102485354400264,12.177110694883558,2.8207112291433387,16.532688498804138
sh600989,2025-03-14,17.53,17.67,17.27,17.5,0.0005717552887365418,29258865.0,510850452.0,128333800000.0,128333800000.0,0.003989830718797386,20.06640190893153,2025-04-23,2025-03-31,17.452168412951583,3.6123127141338167,12.184073022324887,2.8223239857065994,16.542141150890362
sh600989,2025-03-17,17.61,17.75,17.3,17.36,-0.008000000000000007,23409350.0,409314124.0,127307129600.00002,127307129600.00002,0.0031921724830091523,19.905870693660077,2025-04-23,2025-03-31,17.312551065647973,3.5834142124207466,12.086600438146288,2.799745393820947,16.40980402168324
sh600989,2025-03-18,17.37,17.79,17.32,17.71,0.02016129032258074,21995005.0,387515977.0,129873805600.0,129873805600.0,0.0029993079570619745,20.30719873183871,2025-04-23,2025-03-31,17.661594433907002,3.6556604667034227,12.330281898592787,2.856191873535079,16.740646844701047
sh600989,2025-03-19,17.7,17.98,17.64,17.74,0.0016939582156971777,13684745.0,243510191.0,130093806400.0,130093806400.0,0.0018660948051097994,20.341598277968302,2025-04-23,2025-03-31,17.691512436900634,3.6618530027847953,12.35116888091677,2.8610301432248617,16.769004800959713
sh600989,2025-03-20,17.69,17.79,17.46,17.48,-0.01465614430665152,12083098.0,212513832.0,128187132800.0,128187132800.0,0.0016476891902211265,20.043468878178466,2025-04-23,2025-03-31,17.432223077622496,3.6081843567462353,12.17014836744223,2.8190984725800776,16.523235846717917
sh600989,2025-03-21,17.52,17.72,17.4,17.48,0.0,13401683.0,234845359.0,128187132800.0,128187132800.0,0.0018274955818342478,20.043468878178466,2025-04-23,2025-03-31,17.432223077622496,3.6081843567462353,12.17014836744223,2.8190984725800776,16.523235846717917
sh600989,2025-03-24,17.52,17.7,17.41,17.51,0.0017162471395881784,17369400.0,304529950.0,128407133600.0,128407133600.0,0.0023685459325602457,20.077868424308065,2025-04-23,2025-03-31,17.462141080616128,3.614376892827608,12.191035349766215,2.8239367422698605,16.551593802976587
sh600989,2025-03-25,17.53,17.88,17.41,17.83,0.01827527127355788,22887699.0,403780383.0,130753808800.00002,130753808800.00002,0.0031210385144054015,20.444796916357095,2025-04-23,2025-03-31,17.781266445881535,3.6804306110289127,12.413829827888728,2.8755449522942103,16.854078669735724
sh600989,2025-03-26,17.78,18.07,17.52,17.62,-0.011777902411665542,19667024.0,349336943.0,129213803200.0,129213803200.0,0.0026818571568830657,20.20400009344992,2025-04-23,2025-03-31,17.57184042492611,3.6370828584593062,12.26762095162083,2.8416770644657308,16.655572975925043
sh600989,2025-03-27,16.48,16.6,15.86,15.86,-0.09988649262202054,78054033.0,1240690005.0,116307089600.00002,116307089600.00002,0.01064369306838884,18.185893387180233,2025-04-23,2025-03-31,15.81665091596641,3.273787408352134,11.042251321947012,2.55783190933181,14.99190620874978
sh600989,2025-03-28,15.0,15.68,14.69,15.3,-0.03530895334174011,224174692.0,3359485142.0,112200408000.0,112200408000.0,0.030569165021218106,17.543768526094425,2025-04-23,2025-03-31,15.258181526751956,3.1581934014998514,10.652360985232615,2.4675175417891984,14.46255769192129
sh600989,2025-03-31,15.2,15.26,14.46,14.53,-0.05032679738562096,97123508.0,1429406058.0,106553720800.0,106553720800.0,0.013244066567030666,16.66084684210144,2025-04-23,2025-03-31,14.490286116582086,2.9992516420779634,10.11626177225032,2.343335286418108,13.734703481282114
sh600989,2025-04-01,14.64,15.08,14.4,15.0,0.032346868547832086,77176824.0,1149345391.0,110000400000.0,110000400000.0,0.01052407409427602,17.199773064798457,2025-04-23,2025-03-31,14.959001496815642,3.0962680406861285,10.44349116199276,2.419134844891371,14.178978129334599
sh600989,2025-04-02,15.07,15.78,14.8,15.75,0.050000000000000044,89555662.0,1366707051.0,115500420000.0,115500420000.0,0.012212091319667929,18.05976171803838,2025-04-23,2025-03-31,15.706951571656425,3.251081442720435,10.965665720092398,2.5400915871359397,14.88792703580133
sh600989,2025-04-03,15.58,15.73,15.24,15.39,-0.022857142857142798,55244448.0,854076037.0,112860410399.99998,112860410399.99998,0.0075333064243402765,17.64696716448322,2025-04-23,2025-03-31,15.34793553573285,3.1767710097439683,10.715021932204571,2.4820323508585465,14.547631560697301
sh600989,2025-04-07,14.32,14.76,13.85,14.3,-0.07082521117608831,70541404.0,1005371910.0,104867048000.0,104867048000.0,0.009619247384554965,16.397116988441198,2025-04-23,2025-03-31,14.26091476029758,2.9517755321207764,9.956128241099766,2.3062418854631073,13.517292483298988
sh600989,2025-04-08,14.44,15.0,14.12,15.0,0.04895104895104896,68908845.0,1010229362.0,110000400000.0,110000400000.0,0.009396626512267229,17.19977306479846,2025-04-23,2025-03-31,14.959001496815642,3.0962680406861285,10.44349116199276,2.419134844891371,14.178978129334602
sh600989,2025-04-09,14.84,14.84,14.02,14.71,-0.019333333333333313,60918516.0,876149729.0,107873725600.0,107873725600.0,0.008307040156217613,16.867244118879025,2025-04-23,2025-03-31,14.669794134543874,3.036406858566197,10.241583666194234,2.3723649045568047,13.904851218834136
sh600989,2025-04-10,15.16,15.64,14.45,15.48,0.05234534330387497,72319602.0,1096644762.0,113520412800.0,113520412800.0,0.009861728048261643,17.750165802872015,2025-04-23,2025-03-31,15.437689544713743,3.195348617988085,10.77768287917653,2.496547159927895,14.632705429473312
sh600989,2025-04-11,15.49,15.49,15.12,15.4,-0.0051679586563307955,34755841.0,532047867.0,112933744000.0,112933744000.0,0.004739415629397711,17.658433679859755,2025-04-23,2025-03-31,15.357908203397393,3.178835188437759,10.7219842596459,2.4836451074218076,14.557084212783527
sh600989,2025-04-14,15.4,15.56,15.16,15.3,-0.00649350649350644,27538752.0,422630838.0,112200408000.0,112200408000.0,0.003755270708106516,17.543768526094436,2025-04-23,2025-03-31,15.258181526751956,3.1581934014998514,10.652360985232615,2.4675175417891984,14.462557691921297
sh600989,2025-04-15,15.3,15.31,14.98,15.09,-0.013725490196078494,25528351.0,384937345.0,110660402400.0,110660402400.0,0.0034811261140868578,17.302971703187254,2025-04-23,2025-03-31,15.048755505796537,3.1148456489302454,10.506152108964717,2.4336496539607193,14.264051998110611
sh600989,2025-04-16,15.09,15.13,14.68,15.13,0.002650762094102088,28009360.0,416508063.0,110953736800.0,110953736800.0,0.003819444292929844,17.348837764693386,2025-04-23,2025-03-31,15.088646176454713,3.1231023637054087,10.534001418730032,2.440100680213763,14.301862606455504
sh600989,2025-04-17,15.13,15.2,14.83,15.01,-0.00793126239259756,23470823.0,351096190.0,110073733600.0,110073733600.0,0.003200555134344966,17.211239580174997,2025-04-23,2025-03-31,14.968974164480185,3.098332219379919,10.45045348943409,2.420747601454632,14.188430781420827
sh600989,2025-04-18,15.03,15.35,14.89,15.29,0.01865423051299131,20206804.0,305803045.0,112127074400.0,112127074400.0,0.0027554632528608985,17.5323020107179,2025-04-23,2025-03-31,15.248208859087411,3.1561292228060602,10.645398657791286,2.4659047852259373,14.453105039835073
sh600989,2025-04-21,15.15,15.53,15.15,15.46,0.011118378024852937,17113862.0,264327261.0,113373745600.0,113373745600.0,0.0023336999683637514,17.72723277211895,2025-04-23,2025-03-31,15.417744209384656,3.1912202606005033,10.763758224293872,2.4933216468013732,14.613800125300866
sh600989,2025-04-22,15.45,15.75,15.41,15.64,0.011642949547218562,17953276.0,280746613.0,114693750399.99998,114693750399.99998,0.0024481650975814637,17.933630048896532,2025-04-23,2025-03-31,15.597252227346443,3.228375477088737,10.889080118237784,2.522351264940069,14.78394786285288
sh600989,2025-04-23,15.81,16.32,15.79,16.0,0.023017902813299296,39634166.0,635873506.0,117333760000.0,117333760000.0,0.005404639346766012,18.346424602451695,2025-04-23,2025-03-31,15.956268263270019,3.302685910065204,11.139723906125612,2.5804105012174623,15.124243337956912
sh600989,2025-04-24,15.94,15.95,15.52,15.55,-0.028124999999999956,29663593.0,464541009.0,114033748000.0,114033748000.0,0.004045020699924727,17.830431410507742,2025-08-22,2025-06-30,13.031514821560013,2.931059850355832,8.949376186628932,2.5507508751446824,14.698873994076875
sh600989,2025-04-25,15.6,15.68,15.49,15.65,0.006430868167202508,15658662.0,244085594.0,114767084000.0,114767084000.0,0.0021352643263115407,17.945096564273065,2025-08-22,2025-06-30,13.11531877539641,2.9499091098436505,9.006928445063844,2.5671544177501144,14.793400514939107
sh600989,2025-04-28,15.7,15.96,15.51,15.95,0.019169329073482455,34838841.0,549052746.0,116967092000.0,116967092000.0,0.004750733770059018,18.289092025569037,2025-08-22,2025-06-30,13.366730636905606,3.006456888307107,9.179585220368581,2.6163650455664103,15.076980077525798
sh600989,2025-04-29,15.88,16.31,15.88,16.06,0.006896551724137945,28514729.0,460136449.0,117773761600.0,117773761600.0,0.0038883579968800107,18.41522369471089,2025-08-22,2025-06-30,13.458914986125645,3.027191073743708,9.242892704646987,2.6344089424323855,15.18095925047425
sh600989,2025-04-30,16.09,16.19,15.87,16.03,-0.0018679950186798466,25423207.0,408207069.0,117553760800.0,117553760800.0,0.003466788348042371,18.380824148581294,2025-08-22,2025-06-30,13.433773799974723,3.021536295897362,9.225627027116511,2.629487879650756,15.152601294215582
sh600989,2025-05-06,15.96,16.0,15.45,15.78,-0.01559575795383672,40867116.0,639752722.0,115720420800.0,115720420800.0,0.005572768280842615,18.094161264167983,2025-08-22,2025-06-30,13.224263915383728,2.974413147177815,9.08174638102923,2.5884790231371757,14.916284992060005
sh600989,2025-05-07,15.95,16.02,15.68,15.79,0.0006337135614702394,23961646.0,378944294.0,115793754400.0,115793754400.0,0.0032674853000534544,18.105627779544516,2025-08-22,2025-06-30,13.232644310767368,2.9762980731265967,9.08750160687272,2.590119377397719,14.925737644146228
sh600989,2025-05-08,15.71,15.79,15.46,15.61,-0.011399620012666256,37463574.0,584802049.0,114473749600.00002,114473749600.00002,0.00510865060490689,17.899230502766937,2025-08-22,2025-06-30,13.081797193861851,2.9423694060485235,8.983907541689879,2.5605930007079416,14.755589906594212
sh600989,2025-05-09,15.62,15.68,15.52,15.65,0.002562459961563235,14163491.0,221271227.0,114767084000.0,114767084000.0,0.0019313781131704976,17.945096564273065,2025-08-22,2025-06-30,13.11531877539641,2.9499091098436505,9.006928445063844,2.5671544177501144,14.793400514939107
sh600989,2025-05-12,15.68,15.8,15.55,15.8,0.009584664536741228,20936327.0,329039024.0,115867088000.0,115867088000.0,0.002854943300206181,18.117094294921053,2025-08-22,2025-06-30,13.24102470615101,2.9781829990753788,9.093256832716213,2.5917597316582626,14.935190296232452
sh600989,2025-05-13,15.43,15.7,15.33,15.53,0.009096816114359862,24239007.0,375845539.0,113887080800.0,113887080800.0,0.003305307117065029,18.281902170248465,2025-08-22,2025-06-30,13.014754030792732,2.9272899984582677,8.937865734941948,2.5474701666235955,15.07105297599025
sh600989,2025-05-14,15.6,15.7,15.37,15.62,0.0057952350289762755,20684105.0,322063488.0,114547083200.0,114547083200.0,0.0028205495161835775,18.387850090101807,2025-08-22,2025-06-30,13.09017758924549,2.9442543319973047,8.98966276753337,2.5622333549684844,15.158393270120266
sh600989,2025-05-15,15.96,16.08,15.64,15.99,0.023687580025608224,37199996.0,593409739.0,117260426400.0,117260426400.0,0.005072708281060796,18.82341376060998,2025-08-22,2025-06-30,13.400252218440166,3.0139965921022345,9.202606123742548,2.622926462608583,15.517458923765881
sh600989,2025-05-16,16.05,16.51,16.01,16.3,0.019387116948092586,37283451.0,606934436.0,119533768000.0,119533768000.0,0.0050840884669510296,19.18834548454926,2025-08-22,2025-06-30,13.660044475333002,3.072429296514473,9.381018124890778,2.6737774446854226,15.818297714658152
sh600989,2025-05-19,16.29,16.52,16.13,16.3,0.0,26392780.0,431313295.0,119533768000.0,119533768000.0,0.003599002367264119,19.18834548454926,2025-08-22,2025-06-30,13.660044475333002,3.072429296514473,9.381018124890778,2.6737774446854226,15.818297714658152
sh600989,2025-05-20,16.29,16.8,16.18,16.7,0.024539877300613355,29492119.0,484510572.0,122467112000.0,122467112000.0,0.00402163796677103,19.659225128341877,2025-08-22,2025-06-30,13.995260290678598,3.147826334465748,9.611227158630427,2.7393916151071505,16.206476799680438
sh600989,2025-05-21,16.63,16.81,16.38,16.7,0.0,29056000.0,481257410.0,122467112000.0,122467112000.0,0.003962167410300326,19.659225128341877,2025-08-22,2025-06-30,13.995260290678598,3.147826334465748,9.611227158630427,2.7393916151071505,16.206476799680438
sh600989,2025-05-22,16.68,16.68,16.3,16.35,-0.020958083832335217,22698395.0,372920070.0,119900436000.0,119900436000.0,0.0030952244264566314,19.24720544002334,2025-08-22,2025-06-30,13.701946452251201,3.081853926258382,9.409794254108233,2.681979215988138,15.866820100285938
sh600989,2025-05-23,16.35,16.56,16.25,16.39,0.0024464831804280607,19925934.0,327080446.0,120193770399.99998,120193770399.99998,0.002717162937589318,19.294293404402598,2025-08-22,2025-06-30,13.735468033785759,3.0893936300535096,9.432815157482198,2.688540633030311,15.905638008788165
sh600989,2025-05-26,16.39,16.49,16.17,16.22,-0.010372178157413203,14786874.0,240496089.0,118947099200.0,118947099200.0,0.0020163845767833567,19.09416955579073,2025-08-22,2025-06-30,13.593001312263883,3.057349888924218,9.334976318142846,2.660654610601077,15.740661897653691
sh600989,2025-05-27,16.19,16.32,16.07,16.22,0.0,15834605.0,256603813.0,118947099200.0,118947099200.0,0.002159256466340122,19.09416955579073,2025-08-22,2025-06-30,13.593001312263883,3.057349888924218,9.334976318142846,2.660654610601077,15.740661897653691
sh600989,2025-05-28,16.25,16.42,16.1,16.12,-0.006165228113440113,15994200.0,259263634.0,118213763200.0,118213763200.0,0.002181019341747848,18.976449644842578,2025-08-22,2025-06-30,13.509197358427485,3.0385006294363994,9.277424059707934,2.644251067995645,15.643617126398121
sh600989,2025-05-29,16.1,16.22,16.02,16.13,0.0006203473945407545,18768686.0,302735992.0,118287096800.0,118287096800.0,0.0025593569659746692,18.98822163593739,2025-08-22,2025-06-30,13.517577753811123,3.0403855553851806,9.283179285551425,2.645891422256188,15.653321603523674
sh600989,2025-05-30,16.06,16.14,15.82,16.0,-0.008059516429014146,18009122.0,288372511.0,117333760000.0,117333760000.0,0.002455780433525696,18.835185751704792,2025-08-22,2025-06-30,13.408632613823807,3.0158815180510166,9.208361349586038,2.6245668168691263,15.527163400891434
sh600989,2025-06-03,15.98,16.27,15.8,16.11,0.0068749999999999645,29998943.0,480759336.0,118140429600.00002,118140429600.00002,0.004090750079090621,18.964677653747763,2025-08-22,2025-06-30,13.500816963043844,3.036615703487618,9.271668833864444,2.642610713735102,15.633912649272563
sh600989,2025-06-04,16.12,16.28,15.94,16.0,-0.006828057107386654,20589354.0,331109828.0,117333760000.0,117333760000.0,0.0028076289722582825,18.835185751704795,2025-08-22,2025-06-30,13.408632613823807,3.0158815180510166,9.208361349586038,2.6245668168691263,15.527163400891437
sh600989,2025-06-05,16.02,17.44,15.91,16.27,0.016874999999999973,80295870.0,1316539602.0,119313767200.0,119313767200.0,0.01094939700219272,19.153029511264812,2025-08-22,2025-06-30,13.634903289182082,3.0667745186681272,9.363752447360303,2.668856381903793,15.789184283281479
sh600989,2025-06-06,16.25,16.6,16.2,16.46,0.01167793484941626,38960261.0,639570262.0,120707105600.0,120707105600.0,0.005312743544568929,19.37669734206631,2025-08-22,2025-06-30,13.79413080147124,3.1025881116949834,9.473101738386637,2.700023112854114,15.973569348667068
sh600989,2025-06-09,16.47,16.58,16.11,16.27,-0.011543134872418093,34817598.0,565980264.0,119313767200.0,119313767200.0,0.004747837007865426,19.153029511264812,2025-08-22,2025-06-30,13.634903289182082,3.0667745186681272,9.363752447360303,2.668856381903793,15.789184283281479
sh600989,2025-06-10,16.26,16.45,16.0,16.09,-0.011063306699446773,26812097.0,433981529.0,117993762400.0,117993762400.0,0.003656181750248181,18.941133671558134,2025-08-22,2025-06-30,13.484056172276565,3.0328458515900536,9.26015838217746,2.639330005214015,15.614503695021451
sh600989,2025-06-11,16.1,16.21,15.99,16.0,-0.005593536357986317,28009421.0,450022312.0,117333760000.0,117333760000.0,0.0038194526110814143,18.835185751704795,2025-08-22,2025-06-30,13.408632613823807,3.0158815180510166,9.208361349586038,2.6245668168691263,15.527163400891439
sh600989,2025-06-12,16.04,16.15,15.99,16.08,0.004999999999999893,16416152.0,263541075.0,117920428800.00002,117920428800.00002,0.002238558041607121,18.92936168046332,2025-08-22,2025-06-30,13.475675776892926,3.0309609256412724,9.25440315633397,2.6376896509534724,15.604799217895895
sh600989,2025-06-13,16.39,16.87,16.33,16.61,0.032960199004975266,70043160.0,1166016234.0,121807109600.00002,121807109600.00002,0.009551305267980842,19.55327720848854,2025-08-22,2025-06-30,13.919836732225837,3.130862000926712,9.559430126039008,2.724628426762262,16.119136505550426
sh600989,2025-06-16,16.85,17.03,16.4,16.51,-0.006020469596628386,46369134.0,772449990.0,121073773600.0,121073773600.0,0.0063230407343973305,19.43555729754039,2025-08-22,2025-06-30,13.83603277838944,3.1120127414388925,9.501877867604094,2.7082248841568295,16.022091734294857
sh600989,2025-06-17,16.48,16.59,16.25,16.43,-0.0048455481526348265,27453898.0,450408491.0,120487104800.0,120487104800.0,0.0037436997501827268,19.341381368781867,2025-08-22,2025-06-30,13.76898961532032,3.0969333338486376,9.455836060856162,2.695102050072484,15.944455917290398
sh600989,2025-06-18,16.66,16.91,16.45,16.68,0.015216068167985375,36786544.0,614583382.0,122320444800.0,122320444800.0,0.005016328667895753,19.635681146152255,2025-08-22,2025-06-30,13.978499499911317,3.1440564825681845,9.599716706943445,2.736110906586064,16.187067845429326
sh600989,2025-06-19,16.6,16.74,16.48,16.7,0.0011990407673860837,27965243.0,465090982.0,122467112000.0,122467112000.0,0.0038134283602605083,19.659225128341884,2025-08-22,2025-06-30,13.995260290678598,3.147826334465748,9.611227158630427,2.7393916151071505,16.20647679968044
sh600989,2025-06-20,16.75,17.02,16.5,16.5,-0.0119760479041916,44744238.0,748235196.0,121000440000.0,121000440000.0,0.006101464812855226,19.423785306445573,2025-08-22,2025-06-30,13.8276523830058,3.110127815490111,9.496122641760602,2.7065845298962867,16.012387257169298
sh600989,2025-06-23,16.77,16.98,16.5,16.58,0.004848484848484658,45854418.0,765805600.0,121587108800.00002,121587108800.00002,0.006252852444172929,19.517961235204094,2025-08-22,2025-06-30,13.89469554607492,3.1252072230803667,9.542164448508533,2.719707363980633,16.09002307417375
sh600989,2025-06-24,16.36,16.58,16.3,16.33,-0.015078407720144793,41339413.0,677796576.0,119753768800.00002,119753768800.00002,0.005637172183010242,19.223661457833707,2025-08-22,2025-06-30,13.685185661483922,3.0780840743608193,9.398283802421252,2.6786985074670526,15.847411146034823
sh600989,2025-06-25,16.36,16.36,16.01,16.17,-0.009797917942437007,32750814.0,528390057.0,118580431199.99998,118580431199.99998,0.004466003850895088,19.035309600316662,2025-08-22,2025-06-30,13.55109933534568,3.0479252591803077,9.30620018892539,2.6524528392983604,15.692139512025912
sh600989,2025-06-26,16.13,16.22,16.0,16.02,-0.009276437847866581,28914255.0,465287254.0,117480427200.0,117480427200.0,0.0039428386169504835,18.858729733894428,2025-08-22,2025-06-30,13.425393404591086,3.0196513699485803,9.21987180127302,2.6278475253902127,15.546572355142551
sh600989,2025-06-27,16.08,16.38,15.99,16.25,0.014357053682896304,35743567.0,579224565.0,119167100000.0,119167100000.0,0.004874105048708914,19.129485529075183,2025-08-22,2025-06-30,13.618142498414803,3.0630046667705635,9.352241995673321,2.6655756733827065,15.769775329030365
sh600989,2025-06-30,16.26,16.29,16.05,16.14,-0.00676923076923075,26645771.0,430437645.0,118360430399.99998,118360430399.99998,0.0036335010145417657,18.99999362703221,2025-08-22,2025-06-30,13.525958149194762,3.0422704813339623,9.288934511394915,2.6475317765167308,15.663026080649237
sh600989,2025-07-01,16.15,16.23,16.06,16.19,0.0030978934324659146,18350200.0,296270566.0,118727098400.0,118727098400.0,0.002502290900760361,19.05885358250629,2025-08-22,2025-06-30,13.567860126112963,3.051695111077872,9.317710640612372,2.655733547819447,15.711548466277023
sh600989,2025-07-02,16.27,16.5,16.17,16.38,0.011735639283508181,29084588.0,476398941.0,120120436800.0,120120436800.0,0.0039660657597608735,19.28252141330778,2025-08-22,2025-06-30,13.727087638402121,3.087508704104728,9.427059931638706,2.686900278769768,15.895933531662605
sh600989,2025-07-03,16.39,16.4,16.18,16.2,-0.01098901098901095,22396869.0,363704893.0,118800432000.0,118800432000.0,0.0030541073941549304,19.070625573601102,2025-08-22,2025-06-30,13.576240521496603,3.053580037026654,9.323465866455864,2.6573739020799905,15.721252943402577
sh600989,2025-07-04,16.19,16.19,16.0,16.01,-0.011728395061728292,29390959.0,472199845.0,117407093600.0,117407093600.0,0.004007843471478286,18.846957742799606,2025-08-22,2025-06-30,13.417013009207444,3.017766443999798,9.21411657542953,2.6262071711296695,15.536867878016992
sh600989,2025-07-07,16.03,16.06,15.96,16.03,0.0012492192379762734,14098864.0,225708379.0,117553760800.0,117553760800.0,0.0019225653724895548,18.87050172498924,2025-08-22,2025-06-30,13.433773799974723,3.021536295897362,9.225627027116511,2.629487879650756,15.556276832268107
sh600989,2025-07-08,16.02,16.13,15.9,15.93,-0.006238303181534732,32925853.0,527212182.0,116820424800.0,116820424800.0,0.004489872718644659,18.752781814041082,2025-08-22,2025-06-30,13.349969846138327,3.0026870364095433,9.168074768681599,2.613084337045324,15.459232061012534
sh600989,2025-07-09,16.08,16.22,15.93,15.94,0.0006277463904582614,35889721.0,577506566.0,116893758400.0,116893758400.0,0.00489403506714521,18.7645538051359,2025-08-22,2025-06-30,13.358350241521967,3.004571962358325,9.173829994525091,2.614724691305867,15.468936538138092
sh600989,2025-07-10,15.95,16.0,15.6,15.61,-0.02070263488080304,56587618.0,888710181.0,114473749600.00002,114473749600.00002,0.00771646530376253,18.37607809900699,2025-08-22,2025-06-30,13.081797193861851,2.9423694060485235,8.983907541689879,2.5605930007079416,15.148688792994706
sh600989,2025-07-11,15.62,16.0,15.6,15.6,-0.0006406149903908087,47212390.0,744161645.0,114400416000.0,114400416000.0,0.006438029770800833,18.36430610791217,2025-08-22,2025-06-30,13.073416798478211,2.940484480099741,8.978152315846387,2.558952646447398,15.138984315869148
sh600989,2025-07-14,15.68,15.92,15.64,15.84,0.01538461538461533,31637600.0,500839026.0,116160422400.0,116160422400.0,0.004314202493809113,18.646833894187743,2025-08-22,2025-06-30,13.274546287685569,2.9857227028705062,9.116277736090177,2.598321148700435,15.371891766882518
sh600989,2025-07-15,16.2,16.24,15.66,15.66,-0.011363636363636354,56558877.0,898906193.0,114840417600.0,114840417600.0,0.007712546090741488,18.434938054481062,2025-08-22,2025-06-30,13.12369917078005,2.9517940357924326,9.012683670907336,2.568794772010657,15.19721117862249
sh600989,2025-07-16,15.65,15.91,15.61,15.89,0.014687100893997496,26748707.0,422395696.0,116527090399.99998,116527090399.99998,0.003647537690772034,18.70569384966182,2025-08-22,2025-06-30,13.316448264603766,2.9951473326144153,9.145053865307634,2.606522920003151,15.420414152510306
sh600989,2025-07-17,15.83,15.89,15.54,15.61,-0.017621145374449365,43252445.0,676364949.0,114473749600.00002,114473749600.00002,0.0058980392344027835,18.37607809900699,2025-08-22,2025-06-30,13.081797193861851,2.9423694060485235,8.983907541689879,2.5605930007079416,15.148688792994706
sh600989,2025-07-18,15.62,15.82,15.61,15.75,0.008968609865470878,35796564.0,562966068.0,115500420000.0,115500420000.0,0.004881331886065869,18.540885974334405,2025-08-22,2025-06-30,13.199122729232808,2.968758369331469,9.064480703498758,2.583557960355546,15.284551472752506
sh600989,2025-07-21,15.82,16.49,15.78,16.41,0.04190476190476189,102083604.0,1657669730.0,120340437600.0,120340437600.0,0.0139204408347606,19.317837386592227,2025-08-22,2025-06-30,13.752228824553042,3.093163481951074,9.44432560916918,2.691821341551398,15.925046963039277
sh600989,2025-07-22,16.36,16.67,16.32,16.65,0.014625228519195455,56389307.0,931445030.0,122100444000.0,122100444000.0,0.0076894229930072975,19.600365172867797,2025-08-22,2025-06-30,13.953358313760397,3.138401704721839,9.582451029412972,2.731189843804435,16.157954414052647
sh600989,2025-07-23,16.68,16.88,16.41,16.45,-0.012012012012011963,43499922.0,719908198.0,120633772000.0,120633772000.0,0.0059317859753237265,19.364925350971486,2025-08-22,2025-06-30,13.7857504060876,3.1007031857462013,9.467346512543145,2.6983827585935702,15.963864871541503
sh600989,2025-07-24,16.35,16.4,16.01,16.17,-0.017021276595744483,57512945.0,928301622.0,118580431199.99998,118580431199.99998,0.007842645799469822,19.035309600316655,2025-08-22,2025-06-30,13.55109933534568,3.0479252591803077,9.30620018892539,2.6524528392983604,15.692139512025905
sh600989,2025-07-25,16.16,16.33,16.08,16.09,-0.0049474335188621765,34454043.0,557748839.0,117993762400.0,117993762400.0,0.004698261506321795,18.94113367155813,2025-08-22,2025-06-30,13.484056172276565,3.0328458515900536,9.26015838217746,2.639330005214015,15.614503695021448
sh600989,2025-07-28,16.13,16.17,15.89,15.9,-0.011808576755748867,38773432.0,619129294.0,116600424000.0,116600424000.0,0.0052872669553928895,18.71746584075664,2025-08-22,2025-06-30,13.324828659987407,2.997032258563198,9.150809091151126,2.608163274263694,15.430118629635864
sh600989,2025-07-29,15.87,16.02,15.83,15.97,0.00440251572327055,26781993.0,426542404.0,117113759200.0,117113759200.0,0.0036520766742666392,18.799869778420348,2025-08-22,2025-06-30,13.383491427672887,3.0102267402046707,9.191095672055566,2.6196457540874967,15.498049969514765
sh600989,2025-07-30,16.06,16.45,15.97,16.3,0.020663744520976746,56619161.0,918797331.0,119533768000.0,119533768000.0,0.00772076660630325,19.18834548454926,2025-08-22,2025-06-30,13.660044475333002,3.072429296514473,9.381018124890778,2.6737774446854226,15.818297714658149
sh600989,2025-07-31,16.22,16.23,15.51,15.54,-0.04662576687116571,77935075.0,1225993365.0,113960414400.0,113960414400.0,0.01062747158192152,18.29367416134328,2025-08-22,2025-06-30,13.023134426176371,2.9291749244070497,8.94362096078544,2.5491105208841387,15.080757453115806
sh600989,2025-08-01,15.55,15.78,15.53,15.59,0.003217503217503248,34253257.0,535790545.0,114327082400.0,114327082400.0,0.00467088169679383,18.352534116817356,2025-08-22,2025-06-30,13.06503640309457,2.9385995541509593,8.972397090002897,2.5573122921868547,15.129279838743592
sh600989,2025-08-04,15.54,15.62,15.45,15.54,-0.003207184092366977,31865363.0,494699153.0,113960414400.0,113960414400.0,0.004345260971778285,18.29367416134328,2025-08-22,2025-06-30,13.023134426176371,2.9291749244070497,8.94362096078544,2.5491105208841387,15.080757453115806
sh600989,2025-08-05,15.55,15.64,15.53,15.62,0.005148005148005064,21782716.0,339571585.0,114547083200.0,114547083200.0,0.002970359562328864,18.3878500901018,2025-08-22,2025-06-30,13.09017758924549,2.9442543319973047,8.98966276753337,2.5622333549684844,15.15839327012026
sh600989,2025-08-06,15.64,15.79,15.59,15.74,0.00768245838668391,26414511.0,414557367.0,115427086400.0,115427086400.0,0.003601965674670274,18.52911398323959,2025-08-22,2025-06-30,13.190742333849169,2.9668734433826875,9.058725477655265,2.581917606095003,15.27484699562695
sh600989,2025-08-07,15.71,15.71,15.53,15.57,-0.010800508259212194,25664630.0,400421054.0,114180415200.0,114180415200.0,0.00349970954651074,18.328990134627727,2025-08-22,2025-06-30,13.048275612327291,2.9348297022533956,8.960886638315914,2.5540315836657688,15.109870884492478
sh600989,2025-08-08,15.58,15.6,15.46,15.49,-0.005138086062941527,32665832.0,506300412.0,113593746400.0,113593746400.0,0.004454415438489315,18.234814205869203,2025-08-22,2025-06-30,12.981232449258172,2.91975029466314,8.914844831567983,2.540908749581423,15.03223506748802
sh600989,2025-08-11,15.5,15.55,15.42,15.47,-0.0012911555842478606,24330986.0,376914839.0,113447079200.0,113447079200.0,0.0033178496623648642,18.211270223679573,2025-08-22,2025-06-30,12.964471658490893,2.915980442765577,8.903334379881002,2.5376280410603367,15.012826113236908
sh600989,2025-08-12,15.5,15.62,15.46,15.48,0.0006464124111182912,26993268.0,419038901.0,113520412800.0,113520412800.0,0.0036808867967752846,18.223042214774388,2025-08-22,2025-06-30,12.972852053874533,2.9178653687143585,8.909089605724493,2.53926839532088,15.022530590362466
sh600989,2025-08-13,15.48,15.51,15.36,15.43,-0.003229974160206761,39029233.0,602266713.0,113153744800.0,113153744800.0,0.005322148783095334,18.16418225930031,2025-08-22,2025-06-30,12.930950076956332,2.908440738970449,8.880313476507036,2.531066624018164,14.974008204734679
sh600989,2025-08-14,15.48,15.62,15.35,15.39,-0.0025923525599480524,45167582.0,699057459.0,112860410399.99998,112860410399.99998,0.006159193330206073,18.117094294921053,2025-08-22,2025-06-30,12.89742849542177,2.900901035175321,8.85729257313307,2.5245052069759906,14.935190296232452
sh600989,2025-08-15,15.39,15.59,15.33,15.53,0.009096816114359862,41192503.0,637602415.0,113887080800.0,113887080800.0,0.005617139074039731,18.281902170248465,2025-08-22,2025-06-30,13.014754030792732,2.9272899984582677,8.937865734941948,2.5474701666235955,15.07105297599025
sh600989,2025-08-18,15.56,15.59,15.4,15.45,-0.005151320025756578,55966046.0,865598970.0,113300412000.0,113300412000.0,0.007631705793797114,18.18772624148994,2025-08-22,2025-06-30,12.947710867723613,2.9122105908680127,8.891823928194018,2.53434733253925,14.993417158985793
sh600989,2025-08-19,15.46,15.57,15.37,15.53,0.005177993527508029,38799761.0,600641529.0,113887080800.0,113887080800.0,0.005290857260519053,18.281902170248465,2025-08-22,2025-06-30,13.014754030792732,2.9272899984582677,8.937865734941948,2.5474701666235955,15.071052975990249
sh600989,2025-08-20,15.48,15.99,15.46,15.97,0.028332260141661347,73131314.0,1151248872.0,117113759200.0,117113759200.0,0.009972415645761288,18.799869778420344,2025-08-22,2025-06-30,13.383491427672887,3.0102267402046707,9.191095672055566,2.6196457540874967,15.498049969514764
sh600989,2025-08-21,16.01,16.3,16.01,16.24,0.016906700062617297,67128827.0,1087326762.0,119093766400.0,119093766400.0,0.009153897667644843,19.117713537980364,2025-08-22,2025-06-30,13.609762103031162,3.061119740821782,9.346486769829829,2.6639353191221633,15.760070851904805
sh600989,2025-08-22,16.4,16.53,16.13,16.27,0.001847290640394128,83195505.0,1356193952.0,119313767200.0,119313767200.0,0.011344800337089683,19.15302951126481,2025-08-22,2025-06-30,13.634903289182082,3.0667745186681272,9.363752447360303,2.668856381903793,15.789184283281477
sh600989,2025-08-25,16.34,16.6,16.33,16.6,0.020282728948985973,67683929.0,1115806482.0,121733776000.0,121733776000.0,0.009229593119661384,19.541505217393723,2025-10-24,2025-09-30,11.323258030574868,2.750846562820244,7.289500435311086,2.648974829920363,16.109432028424866
sh600989,2025-08-26,16.58,17.35,16.46,17.24,0.03855421686746974,92657711.0,1585726745.0,126427126400.0,126427126400.0,0.012635096463285587,20.294912647461913,2025-10-24,2025-09-30,11.759817376331972,2.85690329777235,7.570541415949586,2.751103979989582,16.73051856446052
sh600989,2025-08-27,17.26,17.54,17.05,17.09,-0.008700696055684354,69434055.0,1202555543.0,125327122400.0,125327122400.0,0.00946824579728801,20.118332781039683,2025-10-24,2025-09-30,11.657498779670151,2.83204625051795,7.504672436112438,2.727167460442109,16.584951407577165
sh600989,2025-08-28,17.09,17.36,16.86,17.2,0.0064365125804564105,62625908.0,1072842092.0,126133792000.0,126133792000.0,0.008539865491398213,20.247824683082655,2025-10-24,2025-09-30,11.732532417222153,2.8502747518378433,7.55297635465968,2.744720908110256,16.691700655958293
sh600989,2025-08-29,17.17,17.61,17.12,17.35,0.008720930232558155,47245043.0,820998766.0,127233796000.0,127233796000.0,0.006442482436427505,20.424404549504885,2025-10-24,2025-09-30,11.834851013883974,2.8751317990922427,7.618845334496828,2.768657427657729,16.837267812841652
sh600989,2025-09-01,17.63,17.76,17.42,17.57,0.012680115273775217,46278451.0,812396754.0,128847135200.0,128847135200.0,0.006310674915727579,20.68338835359083,2025-10-24,2025-09-30,11.984918288987979,2.9115888017320293,7.715453171591314,2.8037643229940232,17.050766309603908
sh600989,2025-09-02,17.57,17.61,17.22,17.35,-0.01252134319863396,37860380.0,658598873.0,127233796000.0,127233796000.0,0.005162760317235211,20.42440454950489,2025-10-24,2025-09-30,11.834851013883974,2.8751317990922427,7.618845334496828,2.768657427657729,16.837267812841652
sh600989,2025-09-03,17.49,17.86,17.23,17.58,0.013256484149855696,47641715.0,831045813.0,128920468800.00002,128920468800.00002,0.006496573876094995,20.695160344685643,2025-10-24,2025-09-30,11.991739528765434,2.9132459382156566,7.719844436913791,2.805360090963855,17.060470786729464
sh600989,2025-09-04,17.48,17.53,17.0,17.23,-0.019908987485779184,49203004.0,847092589.0,126353792800.0,126353792800.0,0.006709476147359464,20.283140656367102,2025-10-24,2025-09-30,11.752996136554518,2.8552461612887234,7.56615015062711,2.7495082120197507,16.72081408733497
sh600989,2025-09-05,17.3,17.73,17.19,17.71,0.02785838653511319,46886548.0,821903219.0,129873805600.0,129873805600.0,0.006393596932374792,20.848196228918248,2025-10-24,2025-09-30,12.080415645872346,2.9347887125028027,7.776930886105985,2.826105074571665,17.18662898936171
sh600989,2025-09-08,17.43,17.99,17.3,17.93,0.028686173264486525,60489509.0,1074800147.0,131487144800.0,131487144800.0,0.00824853941440213,21.44625119819301,2025-10-24,2025-09-30,12.23048292097635,2.971245715142589,7.873538723200469,2.8612119699079583,17.67964760638299
sh600989,2025-09-09,17.94,18.18,17.57,17.76,-0.009481316229782433,41531670.0,740556615.0,130240473600.0,130240473600.0,0.005663388951312905,21.24291250863959,2025-10-24,2025-09-30,12.114521844759619,2.9430743949209357,7.798887212718367,2.8340839144208223,17.512021276595753
sh600989,2025-09-10,17.72,17.72,17.24,17.4,-0.020270270270270396,33847016.0,589419558.0,127600464000.0,127600464000.0,0.0046154853982349146,20.81231293076176,2025-10-24,2025-09-30,11.868957212771248,2.8834174815103766,7.640801661109211,2.7766362675068867,17.15704787234043
sh600989,2025-09-11,17.39,17.62,17.32,17.57,0.009770114942528885,30887066.0,539992283.0,128847135200.0,128847135200.0,0.004211857320518835,21.015651620315182,2025-10-24,2025-09-30,11.984918288987979,2.9115888017320293,7.715453171591314,2.8037643229940232,17.324674202127667
sh600989,2025-09-12,17.45,17.56,17.16,17.31,-0.014797951052931246,42494803.0,734708700.0,126940461600.0,126940461600.0,0.005794724791909847,20.7046630362923,2025-10-24,2025-09-30,11.807566054774155,2.8685032531577366,7.601280273206922,2.762274355778403,17.068304521276602
sh600989,2025-09-15,17.34,17.47,17.27,17.3,-0.0005777007510108234,28929435.0,502037217.0,126867128000.0,126867128000.0,0.003944908609423239,20.692701936906808,2025-10-24,2025-09-30,11.800744814996701,2.8668461166741097,7.596889007884447,2.7606785878085716,17.05844414893618
sh600989,2025-09-16,17.34,17.4,16.8,16.96,-0.01965317919075149,36713557.0,623627552.0,124373785600.0,124373785600.0,0.00500637593136025,20.28602455779997,2025-10-24,2025-09-30,11.56882266256324,2.810503476230804,7.447585986920243,2.706422476834299,16.72319148936171
sh600989,2025-09-17,16.94,17.07,16.73,16.8,-0.009433962264150941,27610938.0,465231399.0,123200448000.0,123200448000.0,0.003765114217766481,20.094646967632045,2025-10-24,2025-09-30,11.459682826123965,2.783989292492777,7.377325741760618,2.6808901893169943,16.5654255319149
sh600989,2025-09-18,16.8,16.83,16.45,16.74,-0.0035714285714286698,47477118.0,791066312.0,122760446400.0,122760446400.0,0.0064741289122585,20.02288037131907,2025-10-24,2025-09-30,11.418755387459235,2.7740464735910173,7.3509781498257585,2.6713155814980047,16.506263297872344
sh600989,2025-09-19,16.69,16.78,16.56,16.65,-0.005376344086021501,25078683.0,417896195.0,122100444000.0,122100444000.0,0.0034198079734255506,19.91523047684961,2025-10-24,2025-09-30,11.357364229462142,2.7591322452383773,7.311456761923469,2.6569536697695213,16.417519946808515
sh600989,2025-09-22,16.65,16.66,16.31,16.43,-0.013213213213213115,27377784.0,449977443.0,120487104800.0,120487104800.0,0.003733320606106887,19.652086290368718,2025-10-24,2025-09-30,11.207296954358139,2.7226752425985907,7.214848924828986,2.621846774433227,16.200591755319152
sh600989,2025-09-23,16.45,16.87,16.4,16.66,0.013998782714546687,43902455.0,731617550.0,122173777600.0,122173777600.0,0.005986676639357675,19.92719157623511,2025-10-24,2025-09-30,11.364185469239597,2.760789381722004,7.315848027245947,2.6585494377393526,16.427380319148945
sh600989,2025-09-24,16.67,16.81,16.5,16.78,0.007202881152461149,26764994.0,445601917.0,123053780800.0,123053780800.0,0.0036497586372413195,20.07072476886106,2025-10-24,2025-09-30,11.446040346569054,2.7806750195255234,7.368543211115664,2.677698653377331,16.545704787234055
sh600989,2025-09-25,16.83,16.87,16.53,16.6,-0.010727056019070313,24350929.0,405766645.0,121733776000.0,121733776000.0,0.0033205691524758095,19.855424979922145,2025-10-24,2025-09-30,11.323258030574868,2.750846562820244,7.289500435311086,2.648974829920363,16.368218085106395
sh600989,2025-09-26,16.54,16.85,16.53,16.68,0.004819277108433662,33355201.0,557666832.0,122320444800.0,122320444800.0,0.004548419960291054,19.951113775006103,2025-10-24,2025-09-30,11.377827948794508,2.7641036546892574,7.3246305578909,2.6617409736790156,16.4471010638298
sh600989,2025-09-29,16.75,17.28,16.69,17.25,0.03417266187050361,50522263.0,859490232.0,126500460000.0,126500460000.0,0.006889374447729281,20.632896439979337,2025-10-24,2025-09-30,11.766638616109427,2.8585604342559767,7.574932681272063,2.7526997479594137,17.009142287234052
sh600989,2025-09-30,17.2,17.85,17.09,17.8,0.03188405797101446,53038805.0,934665301.0,130533808000.0,130533808000.0,0.007232538018043571,21.290756906181574,2025-10-24,2025-09-30,12.14180680386944,2.9497029408554427,7.816452274008275,2.840466986300149,17.55146276595746
sh600989,2025-10-09,17.84,18.11,17.5,18.05,0.014044943820224809,50833353.0,906972387.0,132367148000.0,132367148000.0,0.006931795657106702,21.58978439081896,2025-10-24,2025-09-30,12.312337798305807,2.991131352946109,7.926233907070189,2.880361185545937,17.7979720744681
sh600989,2025-10-10,18.0,18.55,17.78,18.22,0.00941828254847632,54675356.0,1001599687.0,133613819200.0,133613819200.0,0.007455703251988174,21.793123080372375,2025-10-24,2025-09-30,12.428298874522536,3.0193026731677617,8.00088541755229,2.907489241033073,17.96559840425533
sh600989,2025-10-13,17.62,17.98,17.38,17.6,-0.034028540065861534,67546130.0,1190747799.0,129067136000.0,129067136000.0,0.009210802415263945,21.05153491847167,2025-10-24,2025-09-30,12.005382008320343,2.916560211182909,7.728626967558742,2.8085516269035176,17.35425531914895
sh600989,2025-10-14,17.82,17.86,17.31,17.4,-0.011363636363636576,44640739.0,781357833.0,127600464000.0,127600464000.0,0.006087351364176857,20.81231293076176,2025-10-24,2025-09-30,11.868957212771248,2.8834174815103766,7.640801661109211,2.7766362675068867,17.157047872340435
sh600989,2025-10-15,17.45,17.55,17.09,17.35,-0.002873563218390607,34490113.0,597697615.0,127233796000.0,127233796000.0,0.004703180124799547,20.75250743383429,2025-10-24,2025-09-30,11.834851013883974,2.8751317990922427,7.618845334496828,2.768657427657729,17.10774601063831
sh600989,2025-10-16,17.28,17.35,17.09,17.13,-0.012680115273775328,29828100.0,512381027.0,125620456800.0,125620456800.0,0.004067453391078578,20.489363247353392,2025-10-24,2025-09-30,11.68478373877997,2.8386747964524566,7.522237497402344,2.733550532321435,16.890817819148946
sh600989,2025-10-17,17.09,17.23,16.88,16.92,-0.012259194395796702,29435632.0,500058611.0,124080451199.99998,124080451199.99998,0.004013935222053739,20.238180160257993,2025-10-24,2025-09-30,11.541537703453418,2.8038749302962964,7.430020925630335,2.700039404954972,16.683750000000014
sh600989,2025-10-20,16.99,17.05,16.63,16.72,-0.011820330969267268,31101074.0,520965608.0,122613779200.0,122613779200.0,0.00424104012349046,19.998958172548086,2025-10-24,2025-09-30,11.405112907904325,2.770732200623764,7.3421956191808055,2.668124045558342,16.486542553191498
sh600989,2025-10-21,16.75,16.89,16.68,16.8,0.004784688995215447,32052583.0,538570743.0,123200448000.0,123200448000.0,0.004370790878942259,20.09464696763205,2025-10-24,2025-09-30,11.459682826123965,2.783989292492777,7.377325741760618,2.6808901893169943,16.565425531914904
sh600989,2025-10-22,16.8,17.0,16.68,16.95,0.008928571428571397,29978290.0,505817408.0,124300452000.0,124300452000.0,0.004087933771149923,20.274063458414478,2025-10-24,2025-09-30,11.562001422785785,2.808846339747177,7.4431947215977665,2.7048267088644673,16.713331117021287
sh600989,2025-10-23,16.9,17.33,16.77,17.3,0.0206489675516226,43104459.0,736342682.0,126867128000.0,126867128000.0,0.005877859398693096,20.692701936906815,2025-10-24,2025-09-30,11.800744814996701,2.8668461166741097,7.596889007884447,2.7606785878085716,17.058444148936186
sh600989,2025-10-24,18.0,18.58,17.68,18.1,0.046242774566473965,159566808.0,2898631156.0,132733816000.0,132733816000.0,0.02175903105806888,21.649589887746437,2025-10-24,2025-09-30,12.346443997193079,2.999417035364242,7.94819023368257,2.888340025395095,17.847273936170225
sh600989,2025-10-27,18.08,18.53,17.8,18.48,0.02099447513812147,98056016.0,1789141750.0,135520492800.0,135520492800.0,0.013371226286449867,22.104111664395255,2026-04-24,2026-03-31,10.777618007272054,2.6833812695746193,7.133712459223951,2.6003264353292,18.221968085106397
sh600989,2025-10-28,18.47,18.66,17.98,18.03,-0.024350649350649345,67423269.0,1231938321.0,132220480800.0,132220480800.0,0.00919404870345926,21.56586219204797,2026-04-24,2026-03-31,10.515176010341728,2.6180391932051075,6.960001928561031,2.5370067981052746,17.77825132978725
sh600989,2025-10-29,18.03,18.22,17.86,18.2,0.00942872989462007,41033527.0,741470975.0,133467152000.0,133467152000.0,0.0055954606074159734,21.76920088160139,2026-04-24,2026-03-31,10.614320764737627,2.642723977611367,7.0256259068114675,2.560927549945424,17.94587765957448
sh600989,2025-10-30,18.26,18.94,18.24,18.66,0.025274725274725407,69798711.0,1300874602.0,136840497600.0,136840497600.0,0.009517971434649329,22.319411453334176,2026-04-24,2026-03-31,10.882594806044183,2.709518100122424,7.20319667148912,2.62565429021877,18.39945478723406
sh600989,2025-10-31,18.68,18.86,18.31,18.44,-0.011789924973204635,42638291.0,791496793.0,135227158400.0,135227158400.0,0.005814291266213578,22.05626726685328,2026-04-24,2026-03-31,10.754289829767135,2.67757308500844,7.118271523165026,2.5946980231315173,18.1825265957447
sh600989,2025-11-03,18.5,19.01,18.42,18.9,0.0249457700650757,76709643.0,1443661640.0,138600504000.0,138600504000.0,0.010460367825935178,22.60647783858606,2026-04-24,2026-03-31,11.022563871073691,2.7443672075194967,7.295842287842678,2.659424763404864,18.636103723404272
sh600989,2025-11-04,18.9,18.97,18.23,18.37,-0.02804232804232787,43370014.0,805058323.0,134713823200.0,134713823200.0,0.005914071312467955,21.97253957115481,2026-04-24,2026-03-31,10.713465519133528,2.667408762017627,7.091249885061905,2.584848301785574,18.11350398936172
sh600989,2025-11-05,18.1,18.41,18.0,18.29,-0.004354926510615198,38756956.0,706784722.0,134127154400.0,134127154400.0,0.00528502023629005,21.87685077607085,2026-04-24,2026-03-31,10.666809164123693,2.6557923928852696,7.060368012944052,2.573591477390209,18.034621010638315
sh600989,2025-11-06,18.59,18.95,18.32,18.71,0.02296336796063425,59236449.0,1106005103.0,137207165600.0,137207165600.0,0.008077668217570118,22.379216950261654,2026-04-24,2026-03-31,10.91175502792533,2.7167783308301474,7.222497841562778,2.6326898054658727,18.44875664893619
sh600989,2025-11-07,18.71,19.51,18.61,19.34,0.03367183324425427,77450364.0,1481949264.0,141827182400.0,141827182400.0,0.010561374867727754,23.132766211547853,2026-04-24,2026-03-31,11.279173823627787,2.8082572377474637,7.465692584490867,2.7213372975793684,19.069960106382997
sh600989,2025-11-10,19.54,20.04,19.22,19.4,0.0031023784901758056,81595432.0,1598484431.0,142267184000.0,142267184000.0,0.011126609357784152,23.204532807860826,2026-04-24,2026-03-31,11.314166089885164,2.816969514596732,7.488853988579257,2.7297799158758917,19.12912234042555
sh600989,2025-11-11,19.39,19.93,19.1,19.79,0.020103092783505083,80414529.0,1578917267.0,145127194400.0,145127194400.0,0.010965577716081032,23.67101568389514,2026-04-24,2026-03-31,11.541615820558112,2.8735993141169756,7.639403115153788,2.7846569348032935,19.513676861702145
sh600989,2025-11-12,19.8,20.27,19.57,19.88,0.004547751389590626,84921394.0,1695311756.0,145787196800.0,145787196800.0,0.011580147981280068,23.778665578364592,2026-04-24,2026-03-31,11.594104219944178,2.886667729390878,7.674145221286372,2.7973208622480787,19.602420212765974
sh600989,2025-11-13,19.85,19.88,19.46,19.77,-0.005533199195171035,47628763.0,938118025.0,144980527200.0,144980527200.0,0.00649480770069927,23.64709348512414,2026-04-24,2026-03-31,11.529951731805653,2.8706952218338864,7.631682647124324,2.7818427287044525,19.49395611702129
sh600989,2025-11-14,19.63,19.9,19.33,19.38,-0.019726858877086473,48205170.0,941774190.0,142120516800.0,142120516800.0,0.006573408369424111,23.180610609089825,2026-04-24,2026-03-31,11.302502001132703,2.8140654223136425,7.481133520549793,2.7269657097770503,19.109401595744693
sh600989,2025-11-17,19.32,19.49,18.95,19.26,-0.006191950464396134,38992240.0,749037194.0,141240513600.0,141240513600.0,0.005317104301438905,23.037077416463887,2026-04-24,2026-03-31,11.232517468617951,2.796640868615106,7.434810712373015,2.7100804731840036,18.99107712765959
sh600989,2025-11-18,19.1,19.17,18.38,18.46,-0.04153686396677059,63497202.0,1185423341.0,135373825600.0,135373825600.0,0.008658677877534991,22.080189465624265,2026-04-24,2026-03-31,10.765953918519594,2.6804771772915297,7.125991991194489,2.5975122292303587,18.202247340425544
sh600989,2025-11-19,18.53,18.73,18.52,18.68,0.011917659804983716,29351108.0,547014259.0,136987164800.0,136987164800.0,0.0040024092639663125,22.34333365210516,2026-04-24,2026-03-31,10.894258894796641,2.712422192405513,7.210917139518583,2.6284684963176113,18.419175531914906
sh600989,2025-11-20,18.61,18.84,18.32,18.36,-0.017130620985010725,27285427.0,506792064.0,134640489600.00002,134640489600.00002,0.003720726515539943,21.96057847176931,2026-04-24,2026-03-31,10.7076334747573,2.665956715876083,7.0873896510471734,2.5834411987361534,18.103643617021287
sh600989,2025-11-21,18.09,18.32,17.84,17.95,-0.022331154684095855,46143250.0,834812329.0,131633812000.0,131633812000.0,0.006292238482769154,21.470173396964004,2026-04-24,2026-03-31,10.46851965533189,2.6064228240727494,6.929120056443177,2.52574997370991,17.69936835106384
sh600989,2025-11-24,18.06,18.09,17.74,17.83,-0.006685236768802283,35452482.0,633148975.0,130753808800.00002,130753808800.00002,0.004834411783957148,21.32664020433806,2026-04-24,2026-03-31,10.398535122817139,2.5889982703742134,6.882797248266401,2.5088647371168635,17.581043882978733
sh600989,2025-11-25,17.91,18.12,17.86,17.92,0.0050476724621426605,36781520.0,661336517.0,131413811199.99998,131413811199.99998,0.005015643579477894,21.43429009880752,2026-04-24,2026-03-31,10.4510235222032,2.602066685648115,6.917539354398983,2.521528664561648,17.669787234042566
sh600989,2025-11-26,17.93,18.05,17.71,17.87,-0.002790178571428603,26205770.0,468225386.0,131047143200.0,131047143200.0,0.0035735010963596496,21.37448460188004,2026-04-24,2026-03-31,10.421863300322055,2.594806454940392,6.898238184325326,2.5144931493145455,17.620485372340436
sh600989,2025-11-27,17.87,18.18,17.84,18.05,0.010072747621712397,28225115.0,508949343.0,132367148000.0,132367148000.0,0.003848865322307919,21.58978439081896,2026-04-24,2026-03-31,10.526840099094185,2.6209432854881967,6.967722396590494,2.5398210042041156,17.7979720744681
sh600989,2025-11-28,18.04,18.18,17.89,18.0,-0.0027700831024931594,23639109.0,425333416.0,132000480000.0,132000480000.0,0.0032235031418067573,21.52997889389148,2026-04-24,2026-03-31,10.497679877213038,2.613683054780473,6.948421226516836,2.5327854889570127,17.74867021276597
sh600989,2025-12-01,18.03,18.58,18.02,18.5,0.02777777777777768,50493569.0,928531995.0,135667160000.0,135667160000.0,0.006885461643775841,22.12803386316624,2026-04-24,2026-03-31,10.789282096024511,2.6862853618577085,7.1414329272534145,2.603140641428041,18.241688829787243
sh600989,2025-12-02,18.5,18.66,18.31,18.46,-0.00216216216216214,26005344.0,480803188.0,135373825600.0,135373825600.0,0.0035461703775622635,22.08018946562426,2026-04-24,2026-03-31,10.765953918519594,2.6804771772915297,7.125991991194489,2.5975122292303587,18.202247340425544
sh600989,2025-12-03,18.46,18.62,18.35,18.51,0.002708559046587178,22596306.0,417850111.0,135740493600.0,135740493600.0,0.003081303249806365,22.139994962551736,2026-04-24,2026-03-31,10.79511414040074,2.687737407999253,7.145293161268147,2.6045477444774616,18.25154920212767
sh600989,2025-12-04,18.51,18.61,18.41,18.5,-0.0005402485143166658,22144076.0,409597493.0,135667160000.0,135667160000.0,0.0030196357467791026,22.12803386316624,2026-04-24,2026-03-31,10.789282096024511,2.6862853618577085,7.1414329272534145,2.603140641428041,18.241688829787243
sh600989,2025-12-05,18.58,18.85,18.47,18.71,0.011351351351351457,27374954.0,511010939.0,137207165600.0,137207165600.0,0.0037329346984192784,22.379216950261643,2026-04-24,2026-03-31,10.91175502792533,2.7167783308301474,7.222497841562778,2.6326898054658727,18.448756648936183
sh600989,2025-12-08,18.8,18.8,18.3,18.52,-0.010154997327632365,33613871.0,619889053.0,135813827200.0,135813827200.0,0.004583693013843586,22.15195606193723,2026-04-24,2026-03-31,10.80094618477697,2.6891894541407977,7.149153395282878,2.605954847526882,18.261409574468097
sh600989,2025-12-09,18.44,18.55,18.04,18.07,-0.024298056155507508,26991541.0,491483516.0,132513815200.0,132513815200.0,0.003680651297631645,21.613706589589945,2026-04-24,2026-03-31,10.538504187846645,2.6238473777712863,6.975442864619957,2.542635210302957,17.817692819148945
sh600989,2025-12-10,18.03,18.15,17.98,18.1,0.0016602102933038765,17916408.0,323542530.0,132733816000.0,132733816000.0,0.0024431376613175955,21.64958988774643,2026-04-24,2026-03-31,10.556000320975333,2.62820351619592,6.987023566664153,2.5468565194512185,17.84727393617022
sh600989,2025-12-11,18.18,18.29,17.65,17.73,-0.02044198895027627,41693064.0,745430901.0,130020472800.0,130020472800.0,0.005685397144010385,21.207029210483107,2026-04-24,2026-03-31,10.340214679054842,2.574477808958766,6.844194908119084,2.4947937066226578,17.482440159574477
sh600989,2025-12-12,17.75,17.83,17.55,17.74,0.0005640157924420297,28380995.0,501057032.0,130093806400.0,130093806400.0,0.0038701216086486955,21.218990309868598,2026-04-24,2026-03-31,10.346046723431073,2.575929855100311,6.848055142133815,2.4962008096720782,17.4923005319149
sh600989,2025-12-15,17.6,18.06,17.6,17.8,0.0033821871476888976,20712840.0,370020950.0,130533808000.0,130533808000.0,0.002824467911025778,21.29075690618157,2026-04-24,2026-03-31,10.381038989688449,2.584642131949579,6.871216546222205,2.5046434279686016,17.551462765957453
sh600989,2025-12-16,17.77,17.79,17.42,17.6,-0.011235955056179692,18851910.0,331290904.0,129067136000.0,129067136000.0,0.002570705651979448,21.051534918471667,2026-04-24,2026-03-31,10.26439810216386,2.555601209118685,6.7940118659275734,2.47650136698019,17.354255319148944
sh600989,2025-12-17,17.59,17.96,17.53,17.86,0.01477272727272716,21661303.0,385473023.0,130973809600.00002,130973809600.00002,0.0029538033043516204,21.362523502494543,2026-04-24,2026-03-31,10.416031255945827,2.5933544087988474,6.894377950310595,2.5130860462651254,17.61062500000001
sh600989,2025-12-18,17.85,18.23,17.75,18.05,0.010638297872340496,24898199.0,449728137.0,132367148000.0,132367148000.0,0.0033951966083759695,21.589784390818952,2026-04-24,2026-03-31,10.526840099094185,2.6209432854881967,6.967722396590494,2.5398210042041156,17.797972074468095
sh600989,2025-12-19,18.08,18.36,17.96,18.31,0.01440443213296394,31983365.0,582920714.0,134273821600.0,134273821600.0,0.00436135209508329,21.90077297484183,2026-04-24,2026-03-31,10.678473252876152,2.658696485168359,7.068088480973516,2.5764056834890505,18.054341755319157
sh600989,2025-12-22,18.3,18.38,18.19,18.3,-0.0005461496450026582,21157924.0,386536693.0,134200488000.0,134200488000.0,0.0028851609630510433,21.888811875456334,2026-04-24,2026-03-31,10.672641208499924,2.6572444390268144,7.064228246958783,2.57499858043963,18.04448138297873
sh600989,2025-12-23,18.34,18.38,18.17,18.32,0.0010928961748633004,19697199.0,360426235.0,134347155200.0,134347155200.0,0.002685971914647583,21.912734074227323,2026-04-24,2026-03-31,10.684305297252381,2.6601485313099036,7.071948714988246,2.577812786538471,18.06420212765958
sh600989,2025-12-24,18.35,18.72,18.11,18.67,0.019104803493449785,37951183.0,699766647.0,136913831199.99998,136913831199.99998,0.005175142499481821,22.33137255271966,2026-04-24,2026-03-31,10.88842685042041,2.710970146263968,7.207056905503851,2.6270613932681903,18.409315159574476
sh600989,2025-12-25,18.7,18.79,18.58,18.66,-0.0005356186395287788,21111794.0,394598696.0,136840497600.0,136840497600.0,0.002878870531379886,22.31941145333416,2026-04-24,2026-03-31,10.882594806044183,2.709518100122424,7.20319667148912,2.62565429021877,18.39945478723405
sh600989,2025-12-26,18.66,18.94,18.59,18.88,0.011789924973204746,28972330.0,544368850.0,138453836800.0,138453836800.0,0.003950757906334886,22.582555639815055,2026-04-24,2026-03-31,11.01089978232123,2.741463115236407,7.288121819813214,2.6566105573060224,18.616382978723408
sh600989,2025-12-29,18.9,19.29,18.7,19.01,0.0068855932203391035,36970112.0,704407755.0,139407173600.0,139407173600.0,0.00504136057687063,22.738049931826495,2026-04-24,2026-03-31,11.086716359212215,2.7603397150764883,7.338304862004725,2.6749028969484896,18.74456781914894
sh600989,2025-12-30,18.99,19.66,18.9,19.48,0.02472382956338759,43414235.0,841140843.0,142853852800.0,142853852800.0,0.0059201014269039025,23.300221602944767,2026-04-24,2026-03-31,11.360822444895,2.82858588372909,7.519735860697109,2.741036740271256,19.20800531914894
sh600989,2025-12-31,19.48,19.68,19.33,19.63,0.007700205338808885,30513865.0,596387390.0,143953856800.0,143953856800.0,0.004160966460121963,23.47963809372719,2026-04-24,2026-03-31,11.44830311053844,2.8503665758522603,7.5776393709180825,2.7621432860125643,19.355910904255317
sh600989,2026-01-05,19.7,19.78,19.3,19.5,-0.0066225165562913135,39313813.0,767928296.0,143000520000.0,143000520000.0,0.005360955005618161,23.324143801715753,2026-04-24,2026-03-31,11.372486533647459,2.831489976012179,7.527456328726572,2.743850946370097,19.227726063829785
sh600989,2026-01-06,19.41,20.59,19.4,20.38,0.045128205128205146,83982610.0,1690517503.0,149453876800.0,149453876800.0,0.011452132446791103,24.376720547639334,2026-04-24,2026-03-31,11.885706438755651,2.9592700364681135,7.867156922022951,2.8676760147191067,20.09543882978723
sh600989,2026-01-07,20.39,20.86,20.34,20.54,0.007850834151128527,56467932.0,1161202620.0,150627214400.0,150627214400.0,0.007700144544928927,24.568098137807258,2026-04-24,2026-03-31,11.979019148775322,2.9825027747328288,7.928920666258656,2.890189663509836,20.25320478723404
sh600989,2026-01-08,20.5,20.5,20.0,20.24,-0.014605647517039966,46075361.0,933483998.0,148427206400.0,148427206400.0,0.006282980925523906,24.209265156242395,2026-04-24,2026-03-31,11.80405781748844,2.938941390486488,7.81311364581671,2.847976572027219,19.95739361702127
sh600989,2026-01-09,20.33,20.48,19.7,19.83,-0.02025691699604748,75162534.0,1497540032.0,145420528800.0,145420528800.0,0.010249399184002967,23.71886008143709,2026-04-24,2026-03-31,11.56494399806303,2.879407498683155,7.654844051212715,2.790285347000976,19.553118351063823
sh600989,2026-01-12,19.81,19.87,19.3,19.37,-0.023197175995965602,52782579.0,1027894199.0,142047183200.0,142047183200.0,0.007197598236006414,23.168649509704313,2026-04-24,2026-03-31,11.296669956756476,2.812613376172098,7.477273286535062,2.7255586067276303,19.099541223404252
sh600989,2026-01-13,19.5,19.81,19.32,19.39,0.0010325245224573898,48874622.0,953465379.0,142193850400.0,142193850400.0,0.006664696946556558,23.192571708475302,2026-04-24,2026-03-31,11.308334045508934,2.8155174684551874,7.484993754564525,2.7283728128264713,19.1192619680851
sh600989,2026-01-14,19.6,21.03,19.55,20.74,0.06962351727694682,116129323.0,2376867860.0,152093886400.0,152093886400.0,0.015835759188148404,24.80732012551716,2026-04-24,2026-03-31,12.095660036299913,3.011543697563723,8.006125346553288,2.9183317244982474,20.450412234042545
sh600989,2026-01-15,20.83,21.36,20.7,21.07,0.015911282545805205,72349792.0,1521937418.0,154513895200.0,154513895200.0,0.009865844851473267,25.202036405238502,2026-04-24,2026-03-31,12.288117500715485,3.0594612202346982,8.133513069039429,2.9647661251291257,20.77580452127659
sh600989,2026-01-16,21.28,21.39,20.53,20.86,-0.009966777408637939,80332519.0,1675950188.0,152973889600.0,152973889600.0,0.010954394574928819,24.950853318143103,2026-04-24,2026-03-31,12.165644568814665,3.0289682512622593,8.052448154730067,2.9352169610912937,20.568736702127655
sh600989,2026-01-19,20.8,21.53,20.61,21.23,0.01773729626078624,70479989.0,1488753942.0,155687232800.0,155687232800.0,0.0096108726422813,25.39341399540643,2026-04-24,2026-03-31,12.381430210735155,3.0826939584994135,8.195276813275134,2.987279773919855,20.9335704787234
sh600989,2026-01-20,21.6,22.17,21.18,21.89,0.031088082901554515,94416329.0,2045060782.0,160527250400.0,160527250400.0,0.012874907136701322,26.18284655484912,2026-04-24,2026-03-31,12.766345139566301,3.1785290038413643,8.45005225824742,3.080148575181612,21.584355053191487
sh600989,2026-01-21,22.0,22.08,21.42,21.65,-0.010963910461397997,60375669.0,1308011354.0,158767244000.0,158767244000.0,0.008233015834487873,25.89578016959723,2026-04-24,2026-03-31,12.626376074536795,3.1436798964442914,8.357406641893862,3.0463781019955185,21.34770611702127
sh600989,2026-01-22,21.66,22.26,21.64,22.15,0.023094688221708903,73086903.0,1609365836.0,162433924000.0,162433924000.0,0.009966359622328646,26.493835138871994,2026-04-24,2026-03-31,12.917978293348266,3.2162822035215264,8.55041834263044,3.116733254466546,21.84072473404255
sh600989,2026-01-23,22.3,22.98,22.3,22.46,0.013995485327313872,86496233.0,1950905761.0,164707265600.0,164707265600.0,0.01179489797309828,26.864629219822348,2026-04-24,2026-03-31,13.09877166901138,3.2612956339094126,8.67008559708712,3.160353448998584,22.14639627659574
sh600989,2026-01-26,22.47,22.93,22.25,22.79,0.014692787177203792,70178622.0,1592141624.0,167127274400.0,167127274400.0,0.009569777291718939,27.259345499543688,2026-04-24,2026-03-31,13.291229133426953,3.309213156580388,8.79747331957326,3.206787849629462,22.47178856382978
sh600989,2026-01-27,22.8,23.48,22.48,22.6,-0.008336989907854253,93243658.0,2133812048.0,165733936000.0,165733936000.0,0.012714998036370776,27.032084611219283,2026-04-24,2026-03-31,13.180420290278594,3.2816242798910387,8.724128873293362,3.180052891690472,22.2844414893617
sh600989,2026-01-28,22.77,24.13,22.77,23.82,0.05398230088495559,112174611.0,2661292577.0,174680635200.0,174680635200.0,0.015296482240064581,28.4913387362497,2026-04-24,2026-03-31,13.891929704178587,3.458773909159493,9.195077423090613,3.3517194637197805,23.48740691489361
sh600989,2026-01-29,24.3,24.65,23.49,23.6,-0.009235936188077165,112579120.0,2682555664.0,173067296000.0,173067296000.0,0.015351642357664154,28.228194549768805,2026-04-24,2026-03-31,13.76362472790154,3.4268288940455096,9.110152274766518,3.3207631966325284,23.27047872340425
sh600989,2026-01-30,23.6,24.49,23.16,23.76,0.006779661016949268,108101672.0,2566313189.0,174240633600.0,174240633600.0,0.01474108348696914,28.419572139936733,2026-04-24,2026-03-31,13.856937437921209,3.4500616323102244,9.171916019002223,3.3432768454232566,23.428244680851062
sh600989,2026-02-02,23.19,23.2,21.6,21.66,-0.08838383838383845,137980923.0,3071706062.0,158840577600.0,158840577600.0,0.018815511989047313,25.907741268982726,2026-04-24,2026-03-31,12.632208118913024,3.145131942585836,8.361266875908592,3.047785205044939,21.357566489361698
sh600989,2026-02-03,22.09,22.53,21.65,22.47,0.037396121883656486,81908793.0,1810162661.0,164780599200.0,164780599200.0,0.011169340247853644,26.876590319207843,2026-04-24,2026-03-31,13.10460371338761,3.262747680050957,8.67394583110185,3.1617605520480043,22.156256648936168
sh600989,2026-02-04,22.55,22.66,22.1,22.54,0.0031152647975078995,58768224.0,1318325844.0,165293934400.0,165293934400.0,0.008013819586110596,26.960318014906314,2026-04-24,2026-03-31,13.145428024021216,3.27291200304177,8.70096746920497,3.171610273393948,22.225279255319148
sh600989,2026-02-05,22.45,22.89,22.01,22.2,-0.015084294587400127,54320538.0,1215929902.0,162800592000.0,162800592000.0,0.007407319155203072,26.553640635799475,2026-04-24,2026-03-31,12.947138515229414,3.22354243422925,8.569719512704097,3.123768769713649,21.890026595744683
sh600989,2026-02-06,21.7,22.93,21.65,22.61,0.01846846846846839,60301708.0,1355343682.0,165807269600.0,165807269600.0,0.008222930280253527,27.04404571060478,2026-04-24,2026-03-31,13.186252334654823,3.283076326032583,8.727989107308092,3.181459994739892,22.294301861702127
sh600989,2026-02-09,22.89,23.09,22.58,23.0,0.017249004865103945,55865142.0,1276445980.0,168667280000.0,168667280000.0,0.007617946207468336,27.510528586639097,2026-04-24,2026-03-31,13.41370206532777,3.339706125552827,8.878538233882624,3.236337013667294,22.678856382978726
sh600989,2026-02-10,23.09,23.35,22.75,23.23,0.010000000000000009,49982930.0,1153592113.0,170353952800.0,170353952800.0,0.006815829306075251,27.785633872505485,2026-04-24,2026-03-31,13.54783908598105,3.373103186808355,8.96732361622145,3.268700383803967,22.90564494680851
sh600989,2026-02-11,23.23,23.92,23.07,23.83,0.025828669823503958,49176494.0,1163347074.0,174753968800.0,174753968800.0,0.00670586116050487,28.5032998356352,2026-04-24,2026-03-31,13.897761748554817,3.4602259553010377,9.198937657105345,3.353126566769201,23.497267287234042
sh600989,2026-02-12,23.83,24.25,23.65,23.99,0.006714225765841464,49117228.0,1176234757.0,175927306400.0,175927306400.0,0.006697779462620135,28.69467742580313,2026-04-24,2026-03-31,13.99107445857449,3.483458693565753,9.26070140134105,3.37564021555993,23.65503324468085
sh600989,2026-02-13,23.64,23.69,22.81,23.03,-0.04001667361400574,63158593.0,1461946871.0,168887280799.99997,168887280799.99997,0.008612504090894217,27.546411884795585,2026-04-24,2026-03-31,13.431198198456457,3.34406226397746,8.890118935926818,3.2405583228155552,22.708437500000006
sh600989,2026-02-24,23.45,23.95,23.34,23.75,0.031263569257490076,47763254.0,1130044615.0,174167300000.0,174167300000.0,0.006513147315827942,28.40761104055124,2026-04-24,2026-03-31,13.851105393544982,3.4486095861686796,9.168055784987493,3.3418697423738366,23.41838430851064
sh600989,2026-02-25,23.8,24.16,23.44,23.47,-0.011789473684210572,73805184.0,1753977370.0,172113959200.00003,172113959200.00003,0.010064306675248451,28.072700257757376,2026-04-24,2026-03-31,13.68780815101056,3.407952294205429,9.05996923257501,3.302470856990061,23.142293882978727
sh600989,2026-02-26,23.47,23.84,23.29,23.55,0.003408606731998276,45716650.0,1074514120.0,172700628000.0,172700628000.0,0.0062340659670328475,28.168389052841338,2026-04-24,2026-03-31,13.734464506020393,3.419568663337786,9.090851104692861,3.313727681385425,23.22117686170213
sh600989,2026-02-27,23.38,23.95,23.31,23.93,0.016135881104033967,51832237.0,1226704878.0,175487304800.0,175487304800.0,0.0070680066163395765,28.622910829490156,2026-04-24,2026-03-31,13.956082192317112,3.4747464167164845,9.23753999725266,3.3671975972634067,23.595871010638298
sh600989,2026-03-02,26.31,26.32,25.23,26.32,0.09987463435018817,233926472.0,6077224935.0,193014035200.0,193014035200.0,0.03189894836746048,31.481613582623524,2026-04-24,2026-03-31,15.349940798235954,3.82178544454567,10.160135926773506,3.703495226074921,25.9525
sh600989,2026-03-03,27.04,28.92,26.5,28.51,0.08320668693009114,324512231.0,9010959716.0,209074093600.0,209074093600.0,0.04425150694906564,34.101094348046985,2026-04-24,2026-03-31,16.627158516630207,4.139783549543961,11.005527175999722,4.011650793898024,28.111921542553194
sh600989,2026-03-04,27.78,27.8,25.66,26.95,-0.05471764293230452,220052133.0,5868552286.0,197634052000.0,197634052000.0,0.030006999929091168,32.23516284390973,2026-04-24,2026-03-31,15.71735959393841,3.913264351462986,10.403330669701596,3.7921427181884164,26.573703457446808
sh600989,2026-03-05,25.98,28.3,25.26,27.19,0.008905380333951829,222532106.0,5921105225.0,199394058400.0,199394058400.0,0.0303451768357206,32.52222922916161,2026-04-24,2026-03-31,15.857328658967917,3.9481134588600595,10.495976286055154,3.8259131913745104,26.810352393617023
sh600989,2026-03-06,26.85,29.18,26.46,28.63,0.05296064729680028,217479733.0,6085005955.0,209954096800.0,209954096800.0,0.029656219386474957,34.24462754067293,2026-04-24,2026-03-31,16.69714304914496,4.157208103242497,11.051849984176501,4.028536030491071,28.2302460106383
sh600989,2026-03-09,31.49,31.49,30.07,30.64,0.07020607754104091,316806474.0,9873710135.0,224694150400.0,224694150400.0,0.04320072572463373,36.648808517157484,2026-04-24,2026-03-31,17.86938396876708,4.449069377692983,11.827757021137547,4.311363743424605,30.212180851063838
sh600989,2026-03-10,27.58,29.88,27.58,28.95,-0.05515665796344649,246527995.0,7083562980.0,212300772000.0,212300772000.0,0.03361733161879411,34.62738272100878,2026-04-24,2026-03-31,16.883768469184304,4.203673579771928,11.175377472647911,4.073563328072529,28.54577792553192
sh600989,2026-03-11,28.35,31.85,28.35,31.85,0.10017271157167529,219548593.0,6627817113.0,233567516000.0,233567516000.0,0.02993833563332497,38.09610154280241,2026-04-24,2026-03-31,18.575061338290848,4.624766960819893,12.29484533692007,4.481623212404492,31.405285904255322
sh600989,2026-03-12,33.3,34.6,32.2,33.73,0.05902668759811602,251968203.0,8435356335.0,247354232800.0,247354232800.0,0.03435917546663466,40.34478822727551,2026-04-24,2026-03-31,19.671485681021988,4.897751635430298,13.020569331689606,4.746158585695558,33.25903590425532
sh600989,2026-03-13,34.41,35.4,33.31,34.7,0.02875778238956439,257159503.0,8820847885.0,254467592000.0,254467592000.0,0.03506707743790023,41.50501486766856,2026-04-24,2026-03-31,20.237193985516246,5.038600111160134,13.395012031118569,4.882647581489352,34.2154920212766
sh600989,2026-03-16,34.72,36.49,33.16,34.13,-0.016426512968299667,243371124.0,8407686594.0,250287576800.0,250287576800.0,0.033186850775088095,40.82323220269533,2026-04-24,2026-03-31,19.904767456071166,4.955833481092085,13.174978692278868,4.80244270767238,33.653450797872345
sh600989,2026-03-17,33.05,34.55,31.91,32.96,-0.03428069147377677,261441761.0,8580585376.0,241707545600.0,241707545600.0,0.0356510195872015,39.423783574592385,2026-04-24,2026-03-31,19.22241826405232,4.785944082531356,12.723331312555274,4.637811650890175,32.499787234042564
sh600989,2026-03-18,32.54,32.66,31.18,31.96,-0.03033980582524276,179799428.0,5735265358.0,234374185600.0,234374185600.0,0.024518014661764866,38.22767363604285,2026-04-24,2026-03-31,18.639213826429373,4.640739468376885,12.337307911082116,4.497101345948119,31.513750000000005
sh600989,2026-03-19,33.7,33.98,32.02,32.73,0.02409261576971211,231475879.0,7609082933.0,240020872800.0,240020872800.0,0.03156477780989887,39.14867828872599,2026-04-24,2026-03-31,19.08828124339904,4.752547021275827,12.634545930216447,4.605448280753502,32.27299867021277
sh600989,2026-03-20,31.28,32.45,30.97,31.87,-0.026275588145432183,167850764.0,5286547414.0,233714183200.0,233714183200.0,0.022888657313973403,38.120023741573405,2026-04-24,2026-03-31,18.58672542704331,4.627671053102982,12.302565804949532,4.484437418503333,31.425006648936183
sh600989,2026-03-23,31.57,33.48,30.92,32.11,0.007530593034201338,186612950.0,5975228631.0,235474189600.0,235474189600.0,0.025447127919534837,38.40709012682529,2026-04-24,2026-03-31,18.726694492072813,4.662520160500055,12.395211421303088,4.518207891689427,31.66165558510639
sh600989,2026-03-24,31.11,31.65,30.59,31.36,-0.02335720959202736,126920160.0,3958053826.0,229974169600.0,229974169600.0,0.01730723161006687,37.51000767291314,2026-04-24,2026-03-31,18.289291163855605,4.553616699884202,12.105693870198222,4.412675162982884,30.92212765957448
sh600989,2026-03-25,29.9,30.56,29.67,30.35,-0.03220663265306112,171420209.0,5162770817.0,222567476000.0,222567476000.0,0.023375398044007113,36.30193663497813,2026-04-24,2026-03-31,17.70025468185643,4.406960039588187,11.715810234710332,4.270557754991408,29.9262300531915
sh600989,2026-03-26,30.35,30.87,29.69,29.8,-0.018121911037891292,114345255.0,3451182557.0,218534128000.0,218534128000.0,0.015592478072807009,35.64407616877588,2026-04-24,2026-03-31,17.37949224116381,4.327097501803228,11.503497363900095,4.193167087273277,29.383909574468095
sh600989,2026-03-27,29.83,30.5,29.17,30.1,0.010067114093959662,128363240.0,3840055835.0,220734136000.0,220734136000.0,0.017504014530856253,36.00290915034074,2026-04-24,2026-03-31,17.554453572450694,4.370658886049569,11.619304384342042,4.235380178755894,29.67972074468086
sh600989,2026-03-30,31.21,31.5,30.07,30.15,0.0016611295681061566,121571736.0,3740454705.0,221100804000.0,221100804000.0,0.016577903716713756,36.062714647268216,2026-04-24,2026-03-31,17.58361379433184,4.377919116757292,11.6386055544157,4.242415694002997,29.729022606382987
sh600989,2026-03-31,29.99,30.75,28.9,29.06,-0.03615257048092868,117851821.0,3483543029.0,213107441600.0,213107441600.0,0.016070644424929365,34.75895481424923,2026-04-24,2026-03-31,16.947920957322825,4.219646087328919,11.217840046809957,4.089041461616155,28.654242021276602
sh600989,2026-04-01,29.06,29.48,28.63,28.75,-0.010667584308327593,107096884.0,3101908669.0,210834100000.0,210834100000.0,0.014604067439754764,34.38816073329888,2026-04-24,2026-03-31,16.767127581659715,4.174632656941033,11.09817279235328,4.045421267084118,28.348570478723413
sh600989,2026-04-02,28.91,29.79,28.9,29.36,0.021217391304347855,98416325.0,2889281209.0,215307449600.0,215307449600.0,0.013420359153239443,35.11778779581409,2026-04-24,2026-03-31,17.122882288609713,4.26320747157526,11.333647067251906,4.131254553098772,28.95005319148937
sh600989,2026-04-03,29.36,29.45,28.33,28.61,-0.025544959128065425,77856011.0,2231430210.0,209807429600.0,209807429600.0,0.010616690166581212,34.22070534190195,2026-04-24,2026-03-31,16.6854789603925,4.154304010959407,11.044129516147038,4.02572182439223,28.210525265957454
sh600989,2026-04-07,29.07,31.0,28.92,30.76,0.07514854945823157,126248569.0,3826143825.0,225574153600.0,225574153600.0,0.0172156513521769,36.792341709783436,2026-04-24,2026-03-31,17.939368501281837,4.46649393139152,11.874079829314327,4.328248980017651,30.33050531914895
sh600989,2026-04-08,28.24,29.07,27.69,28.58,-0.0708712613784136,177895423.0,5085837520.0,209587428800.0,209587428800.0,0.0242583785604416,34.18482204374547,2026-04-24,2026-03-31,16.667982827263813,4.149947872534773,11.032548814102842,4.021500515243968,28.180944148936184
sh600989,2026-04-09,29.0,29.99,28.7,29.63,0.036738978306508185,126008833.0,3698574092.0,217287456800.0,217287456800.0,0.01718296019832655,35.44073747922247,2026-04-24,2026-03-31,17.280347486767905,4.302412717396968,11.437873385649658,4.169246335433127,29.21628324468087
sh600989,2026-04-10,29.27,29.97,29.24,29.89,0.008774890313871131,76970091.0,2280883389.0,219194130400.0,219194130400.0,0.010495883333151516,35.75172606324535,2026-04-24,2026-03-31,17.431980640549874,4.3401659170771305,11.53823947003268,4.205831014718062,29.472652925531932
sh600989,2026-04-13,30.32,30.83,29.21,30.17,0.00936768149882905,131603072.0,3952418590.0,221247471200.0,221247471200.0,0.0179458081970611,36.08663684603922,2026-04-24,2026-03-31,17.5952778830843,4.380823209040382,11.646326022445164,4.245229900101838,29.748743351063847
sh600989,2026-04-14,29.5,29.74,28.88,29.5,-0.022207490884985193,93315646.0,2734935140.0,216334120000.0,216334120000.0,0.012724814546128923,35.28524318721103,2026-04-24,2026-03-31,17.204530909876922,4.283536117556887,11.387690343458148,4.15095399579066,29.088098404255334
sh600989,2026-04-15,28.93,29.1,28.04,28.43,-0.03627118644067795,130861274.0,3720403750.0,208487424800.0,208487424800.0,0.01784465429216621,34.00540555296303,2026-04-24,2026-03-31,16.58050216162037,4.1281671804116025,10.97464530388187,4.000393969502659,28.0330385638298
sh600989,2026-04-16,28.18,28.49,28.04,28.16,-0.009497010200492428,79501515.0,2241191193.0,206507417600.00003,206507417600.00003,0.010841076259722691,33.68245586955466,2026-04-24,2026-03-31,16.423036963462177,4.088961934589896,10.870418985484118,3.9624021871683053,27.76680851063831
sh600989,2026-04-17,28.3,28.36,27.67,27.75,-0.01455965909090906,81444627.0,2267732485.0,203500740000.0,203500740000.0,0.011106045114381402,33.192050794749356,2026-04-24,2026-03-31,16.18392314403677,4.029428042786563,10.712149390880121,3.9047109621420617,27.36253324468086
sh600989,2026-04-20,27.6,27.92,27.16,27.36,-0.014054054054054022,95456318.0,2623799945.0,200640729600.0,200640729600.0,0.013016723302824353,32.72556791871504,2026-04-24,2026-03-31,15.956473413363819,3.972798243266319,10.561600264305591,3.8498339432146595,26.97797872340427
sh600989,2026-04-21,27.35,27.85,26.6,27.66,0.010964912280701844,83722351.0,2290704755.0,202840737600.00003,202840737600.00003,0.011416642712208318,33.0844009002799,2026-04-24,2026-03-31,16.131434744650704,4.016359627512661,10.67740728474754,3.892047034697277,27.273789893617035
sh600989,2026-04-22,28.1,28.33,27.75,28.16,0.018076644974692746,91609655.0,2567904461.0,206507417600.00003,206507417600.00003,0.01249218025570816,33.68245586955467,2026-04-24,2026-03-31,16.423036963462177,4.088961934589896,10.870418985484118,3.9624021871683053,27.766808510638317
sh600989,2026-04-23,28.2,29.08,27.7,28.78,0.022017045454545414,131684991.0,3763402042.0,211054100800.0,211054100800.0,0.01795697892916753,34.42404403145538,2026-04-24,2026-03-31,16.784623714788403,4.178988795365668,11.109753494397475,4.0496425762323796,28.3781515957447
sh600989,2026-04-24,28.8,30.46,28.51,29.89,0.03856845031271705,166746780.0,4947814266.0,219194130400.0,219194130400.0,0.022738114588674224,35.75172606324534,2026-04-24,2026-03-31,17.431980640549874,4.3401659170771305,11.53823947003268,4.205831014718062,29.47265292553193
sh600989,2026-04-27,30.21,30.95,29.75,30.08,0.00635664101706257,126012782.0,3830245011.0,220587468800.0,220587468800.0,0.017183498696368378,35.97898695156976,2026-04-24,2026-03-31,17.542789483698233,4.367754793766479,11.61158391631258,4.232565972657053,29.660000000000014
sh600989,2026-04-28,29.79,31.3,29.57,30.96,0.04383007417397167,126906813.0,3869295540.0,227040825600.0,227040825600.0,0.01730541157123065,37.55594861836142,2026-04-24,2026-03-31,18.056009388806427,4.495534854222414,11.951284509608959,4.356391041006062,30.96000000000002
sh600989,2026-04-29,31.1,31.3,30.39,31.13,0.005490956072351283,113412782.0,3493500114.0,228287496800.0,228287496800.0,0.015465323126097724,37.76216668248033,2026-04-24,2026-03-31,18.155154143202328,4.5202196386286735,12.016908487859395,4.380311792846212,31.130000000000013
sh600989,2026-04-30,31.5,31.61,30.62,30.7,-0.013813042081593285,100060274.0,3098243875.0,225134152000.0,225134152000.0,0.013644533201697449,37.24055628500308,2026-04-24,2026-03-31,17.904376235024458,4.457781654542251,11.850918425225936,4.3198063617211275,30.700000000000014
sh600989,2026-05-06,29.78,30.23,28.86,30.16,-0.017589576547231256,136634459.0,4052942418.0,221174137600.00003,221174137600.00003,0.018631903929440256,36.585510669566546,2026-04-24,2026-03-31,17.58944583870807,4.379371162898837,11.642465788430433,4.243822797052418,30.16000000000001
sh600989,2026-05-07,29.0,29.1,27.91,28.1,-0.0683023872679045,158342665.0,4482321062.0,206067416000.0,206067416000.0,0.02159210307417064,34.08663295141976,2026-04-24,2026-03-31,16.3880446972048,4.0802496577406275,10.847257581395727,3.9539595688717815,28.100000000000012
sh600989,2026-05-08,28.3,28.49,27.56,27.62,-0.01708185053380784,93930294.0,2608634170.0,202547403200.0,202547403200.0,0.012808629877709535,33.504370182142836,2026-04-24,2026-03-31,16.108106567145786,4.010551442946482,10.661966348688612,3.8864186224995945,27.62000000000001
sh600989,2026-05-11,27.75,28.66,27.7,28.34,0.026068066618392338,92446598.0,2601917470.0,207827422400.0,207827422400.0,0.012606308431605703,34.37776433605821,2026-04-24,2026-03-31,16.528013762234306,4.1150987651377005,10.939903197749285,3.9877300420578745,28.340000000000007
sh600989,2026-05-12,28.33,28.97,28.0,28.13,-0.007410021171489145,80696728.0,2292786832.0,206287416800.0,206287416800.0,0.011004059257966334,34.12302437449956,2026-04-24,2026-03-31,16.405540830333486,4.0846057961652615,10.85883828343992,3.958180878020043,28.130000000000003
sh600989,2026-05-13,28.28,28.86,28.19,28.47,0.012086740135087037,79303253.0,2265232461.0,208780759200.00003,208780759200.00003,0.010814040630761341,34.53546050273737,2026-04-24,2026-03-31,16.60383033912529,4.133975364977782,10.990086239940798,4.006022381700342,28.470000000000002
sh600989,2026-05-14,28.2,28.83,28.07,28.32,-0.005268703898840821,74452001.0,2115323873.0,207680755200.0,207680755200.0,0.010152508672695735,34.35350338733834,2026-04-24,2026-03-31,16.516349673481848,4.112194672854611,10.932182729719822,3.9849158359590335,28.320000000000004
sh600989,2026-05-15,28.34,29.16,27.81,28.48,0.005649717514124353,101734764.0,2906640096.0,208854092800.0,208854092800.0,0.013872871916829394,34.547590977097315,2026-04-24,2026-03-31,16.60966238350152,4.135427411119326,10.993946473955527,4.007429484749762,28.480000000000008
sh600989,2026-05-18,29.01,29.8,28.31,29.23,0.026334269662921406,101890218.0,2965806280.0,214354112800.0,214354112800.0,0.013894070112472318,35.457376554092505,2026-04-24,2026-03-31,17.04706571171873,4.24433087173518,11.283464025060395,4.112962213456305,29.230000000000008
sh600989,2026-05-19,29.03,29.07,27.88,28.09,-0.03900102634279856,79033803.0,2225734503.0,205994082400.0,205994082400.0,0.010777297582554246,34.074502477059816,2026-04-24,2026-03-31,16.38221265282857,4.078797611599083,10.843397347380996,3.9525524658223605,28.090000000000003
sh600989,2026-05-20,27.8,28.25,27.49,27.59,-0.017799928800284803,67326595.0,1867178903.0,202327402400.0,202327402400.0,0.009180865933214788,33.46797875906302,2026-04-24,2026-03-31,16.090610434017098,4.006195304521848,10.650385646644416,3.8821973133513326,27.590000000000003
sh600989,2026-05-21,26.77,27.39,26.51,26.55,-0.03769481696266763,83882126.0,2258175587.0,194700708000.0,194700708000.0,0.011438430132981335,32.206409425629694,2026-04-24,2026-03-31,15.484077818889231,3.855182505801198,10.248921309112333,3.735858596211594,26.55
sh600989,2026-05-22,26.5,26.76,26.19,26.54,-0.00037664783427504567,59775750.0,1578169099.0,194627374400.0,194627374400.0,0.008151208995603652,32.19427895126975,2026-04-24,2026-03-31,15.478245774513002,3.853730459659653,10.2450610750976,3.7344514931621733,26.540000000000003
