code,statDate,pubDate,quality_score,predicted_future_quality_score,predicted_quality_trend,score,trend_score,rank,rating
sh688506,2025-03-31,2025-05-15,12.616267474183827,67.52777944654984,54.91151197236602,100.0,100.0,1,强
sh688062,2025-03-31,2025-05-15,16.58139567597376,52.38061862544963,35.79922294947587,99.93946731234867,99.93946731234867,2,强
sh600185,2024-12-31,2025-04-30,10.75709056765716,44.08016335826181,33.32307279060465,99.87893462469734,99.87893462469734,3,强
sh688276,2025-03-31,2025-05-15,24.51093965671055,55.3189673115225,30.808027654811944,99.818401937046,99.818401937046,4,强
sh688525,2025-03-31,2025-05-15,7.339770565614388,36.67799556216462,29.338224996550228,99.75786924939467,99.75786924939467,5,强
sh603392,2025-03-31,2025-05-15,23.451888114642642,51.20703867640252,27.75515056175988,99.69733656174334,99.69733656174334,6,强
sh688223,2025-03-31,2025-05-15,4.7777147311062365,32.50913393033023,27.731419199223993,99.63680387409201,99.63680387409201,7,强
sz301153,2025-03-31,2025-05-15,18.827701158142983,45.676691250846176,26.84899009270319,99.57627118644068,99.57627118644068,8,强
sz300459,2025-03-31,2025-05-15,25.375262649330754,52.10791783280231,26.732655183471554,99.51573849878935,99.51573849878935,9,强
sh688068,2025-03-31,2025-05-15,25.18314393105804,51.90073411501163,26.717590183953586,99.45520581113801,99.45520581113801,10,强
sh601949,2025-03-31,2025-05-15,20.122901735780736,46.75480083571684,26.631899099936106,99.39467312348668,99.39467312348668,11,强
sh688599,2025-03-31,2025-05-15,5.7552171279552535,32.29438411438206,26.53916698642681,99.33414043583535,99.33414043583535,12,强
sz300841,2025-03-31,2025-05-15,33.04273225240851,59.54502153451209,26.50228928210358,99.27360774818402,99.27360774818402,13,强
sz300229,2025-03-31,2025-05-15,25.866388534092472,52.29694500718338,26.43055647309091,99.21307506053269,99.21307506053269,14,强
sh600399,2025-03-31,2025-05-15,9.574626758127746,35.99659904676331,26.421972288635565,99.15254237288136,99.15254237288136,15,强
sz000762,2025-03-31,2025-05-15,16.083311414421605,42.44967174329818,26.366360328876578,99.09200968523002,99.09200968523002,16,强
sh688165,2025-03-31,2025-05-15,8.992146285941365,35.2422422227348,26.25009593679344,99.0314769975787,99.0314769975787,17,强
sz300757,2025-03-31,2025-05-15,8.164105850392936,34.317359924269866,26.153254073876933,98.97094430992736,98.97094430992736,18,强
sh603516,2025-03-31,2025-05-15,21.184732074975205,47.33374672579691,26.1490146508217,98.91041162227603,98.91041162227603,19,强
sh600438,2025-03-31,2025-05-15,6.10944450152858,32.21792027260137,26.108475771072786,98.8498789346247,98.8498789346247,20,强
sz300045,2025-03-31,2025-05-15,18.535615826072487,44.48773292236069,25.9521170962882,98.78934624697337,98.78934624697337,21,强
sh600158,2025-03-31,2025-05-15,12.710924339443208,38.638930652158706,25.9280063127155,98.72881355932203,98.72881355932203,22,强
sz000519,2025-03-31,2025-05-15,14.180148983457173,40.10062494343705,25.920475959979875,98.6682808716707,98.6682808716707,23,强
sz300782,2025-03-31,2025-05-15,22.368567107157833,48.167954577082455,25.799387469924625,98.60774818401937,98.60774818401937,24,强
sz300957,2025-03-31,2025-05-15,30.125476573116103,55.793934057548725,25.668457484432622,98.54721549636804,98.54721549636804,25,强
sz000002,2025-03-31,2025-05-15,4.277810646748869,29.9411071047463,25.663296457997433,98.48668280871671,98.48668280871671,26,强
sh600776,2025-03-31,2025-05-15,17.303437078304956,42.6451395794778,25.341702501172847,98.42615012106538,98.42615012106538,27,强
sh688172,2025-03-31,2025-05-15,14.752198726244403,39.86433506490566,25.11213633866126,98.36561743341404,98.36561743341404,28,强
sz300142,2025-03-31,2025-05-15,25.621514333815586,50.72381477271405,25.10230043889846,98.30508474576271,98.30508474576271,29,强
sz300036,2025-03-31,2025-05-15,18.448858273655173,43.54025169903095,25.09139342537577,98.24455205811138,98.24455205811138,30,强
sz002389,2025-03-31,2025-05-15,14.660664266073514,39.7430607046843,25.08239643861078,98.18401937046005,98.18401937046005,31,强
sz000629,2025-03-31,2025-05-15,15.627931393096842,40.68488187475546,25.05695048165862,98.12348668280872,98.12348668280872,32,强
sh603496,2025-03-31,2025-05-15,22.07762053722098,46.7531362133671,24.675515676146116,98.06295399515739,98.06295399515739,33,强
sh600588,2025-03-31,2025-05-15,15.449819883791003,40.074343058945864,24.62452317515486,98.00242130750605,98.00242130750605,34,强
sz000727,2025-03-31,2025-05-15,11.532387223249838,35.97019347100315,24.43780624775331,97.94188861985472,97.94188861985472,35,强
sz300676,2025-03-31,2025-05-15,19.217699593722223,43.65492513546825,24.43722554174602,97.88135593220339,97.88135593220339,36,强
sz002421,2025-03-31,2025-05-15,12.487505631819003,36.834530195330004,24.347024563511,97.82082324455206,97.82082324455206,37,强
sh688658,2025-03-31,2025-05-15,22.126453363206842,46.297963487684655,24.171510124477816,97.76029055690073,97.76029055690073,38,强
sz300633,2025-03-31,2025-05-15,26.967813299126213,50.94988982856245,23.982076529436235,97.6997578692494,97.6997578692494,39,强
sz300779,2025-03-31,2025-05-15,15.742131970449401,39.49917257108518,23.75704060063578,97.63922518159806,97.63922518159806,40,强
sh600516,2025-03-31,2025-05-15,19.34373441928365,42.971509852796366,23.627775433512717,97.57869249394673,97.57869249394673,41,强
sh688295,2025-03-31,2025-05-15,13.876220542056956,37.38305693726359,23.506836395206633,97.5181598062954,97.5181598062954,42,强
sh688559,2025-03-31,2025-05-15,11.696205253175565,35.10468396856647,23.408478715390903,97.45762711864407,97.45762711864407,43,强
sh688776,2025-03-31,2025-05-15,21.651920376138715,44.994550518693416,23.342630142554704,97.39709443099274,97.39709443099274,44,强
sh603690,2025-03-31,2025-05-15,17.155518126167316,40.42822018356941,23.272702057402093,97.3365617433414,97.3365617433414,45,强
sh600606,2025-03-31,2025-05-15,8.061360219108026,31.27264074845312,23.211280529345093,97.27602905569007,97.27602905569007,46,强
sz300122,2025-03-31,2025-05-15,19.953397336842706,43.026855213124385,23.07345787628168,97.21549636803874,97.21549636803874,47,强
sz000012,2025-03-31,2025-05-15,15.762670363222727,38.80023826145456,23.03756789823183,97.15496368038741,97.15496368038741,48,强
sz000552,2025-03-31,2025-05-15,18.831972715584246,41.803318177060106,22.97134546147586,97.09443099273608,97.09443099273608,49,强
sz002459,2025-03-31,2025-05-15,9.450577255534073,32.33370790257959,22.883130647045515,97.03389830508475,97.03389830508475,50,强
sz002544,2025-03-31,2025-05-15,11.012914902800784,33.76886273986912,22.755947837068334,96.97336561743342,96.97336561743342,51,强
sh688083,2025-03-31,2025-05-15,33.51076691566752,56.26660970741029,22.755842791742772,96.91283292978208,96.91283292978208,52,强
sh603927,2025-03-31,2025-05-15,14.148076689153111,36.869005978141026,22.720929288987914,96.85230024213075,96.85230024213075,53,强
sz300474,2025-03-31,2025-05-15,24.63203162738951,47.226375207748845,22.594343580359332,96.79176755447942,96.79176755447942,54,强
sz300390,2025-03-31,2025-05-15,19.69550650209701,42.27497254593567,22.579466043838654,96.73123486682809,96.73123486682809,55,强
sz002458,2025-03-31,2025-05-15,19.11590972261303,41.58568035892779,22.469770636314756,96.67070217917676,96.67070217917676,56,强
sh600971,2025-03-31,2025-05-15,21.848500401173315,44.18181176402531,22.333311362852,96.61016949152543,96.61016949152543,57,强
sh688047,2025-03-31,2025-05-15,27.010639829137872,49.28755755151905,22.276917722381178,96.5496368038741,96.5496368038741,58,强
sh603108,2025-03-31,2025-05-15,15.812195895257874,38.03391269060847,22.221716795350595,96.48910411622276,96.48910411622276,59,强
sh688439,2025-03-31,2025-05-15,29.6924509992604,51.74695856081807,22.054507561557674,96.42857142857143,96.42857142857143,60,强
sh600879,2025-03-31,2025-05-15,16.105730554192828,38.13404808516412,22.02831753097129,96.3680387409201,96.3680387409201,61,强
sh600586,2025-03-31,2025-05-15,17.86918865465442,39.87994257265307,22.010753917998652,96.30750605326877,96.30750605326877,62,强
sh688107,2025-03-31,2025-05-15,29.505989892809495,51.48964107122835,21.98365117841885,96.24697336561744,96.24697336561744,63,强
sh603057,2025-03-31,2025-05-15,21.924872690253327,43.873822897095195,21.948950206841864,96.1864406779661,96.1864406779661,64,强
sz300166,2025-03-31,2025-05-15,23.059318389150192,44.92996827988723,21.870649890737035,96.12590799031477,96.12590799031477,65,强
sz000539,2025-03-31,2025-05-15,12.367726972763466,34.22071858369501,21.852991610931543,96.06537530266344,96.06537530266344,66,强
sh601238,2025-03-31,2025-05-15,12.60067513223144,34.41596091933563,21.815285787104195,96.00484261501211,96.00484261501211,67,强
sh600655,2025-03-31,2025-05-15,14.88203873167863,36.586221794460386,21.70418306278176,95.94430992736078,95.94430992736078,68,强
sz300244,2025-03-31,2025-05-15,17.01297111010966,38.70268947083456,21.689718360724893,95.88377723970945,95.88377723970945,69,强
sh600126,2025-03-31,2025-05-15,14.051263763886976,35.71692073775024,21.665656973863264,95.8232445520581,95.8232445520581,70,强
sh603077,2025-03-31,2025-05-15,20.134291588388802,41.78591213388897,21.65162054550017,95.76271186440678,95.76271186440678,71,强
sz000813,2025-03-31,2025-05-15,31.846885501067277,53.06141302359019,21.214527522522918,95.70217917675545,95.70217917675545,72,强
sh600894,2025-03-31,2025-05-15,18.262344396963876,39.36515843873195,21.102814041768077,95.64164648910412,95.64164648910412,73,强
sh600252,2025-03-31,2025-05-15,25.45347557698439,46.514586037951744,21.061110460967356,95.58111380145279,95.58111380145279,74,强
sz300856,2025-03-31,2025-05-15,32.974021200317324,53.98544429703459,21.011423096717262,95.52058111380146,95.52058111380146,75,强
sz300457,2025-03-31,2025-05-15,18.227703888818773,39.23765297566736,21.009949086848586,95.46004842615012,95.46004842615012,76,强
sh601865,2025-03-31,2025-05-15,19.288354789031533,40.29170215225595,21.003347363224417,95.39951573849879,95.39951573849879,77,强
sz002302,2025-03-31,2025-05-15,8.822737593453441,29.759055502524866,20.936317909071423,95.33898305084746,95.33898305084746,78,强
sz000032,2025-03-31,2025-05-15,6.968567960542066,27.83619334088162,20.867625380339557,95.27845036319611,95.27845036319611,79,强
sz000966,2025-03-31,2025-05-15,14.260645627891886,35.07477189400844,20.814126266116556,95.2179176755448,95.2179176755448,80,强
sh688166,2025-03-31,2025-05-15,25.598388252897454,46.22311535200065,20.624727099103197,95.15738498789347,95.15738498789347,81,强
sz301071,2025-03-31,2025-05-15,26.960662160025024,47.575099673863946,20.61443751383892,95.09685230024213,95.09685230024213,82,强
sh601666,2025-03-31,2025-05-15,20.139609810292903,40.64986737199149,20.51025756169859,95.0363196125908,95.0363196125908,83,强
sz300678,2025-03-31,2025-05-15,26.213416680476836,46.72081088254819,20.507394202071357,94.97578692493947,94.97578692493947,84,强
sz000810,2025-03-31,2025-05-15,18.954484440290265,39.40655179575394,20.452067355463672,94.91525423728814,94.91525423728814,85,强
sz002068,2025-03-31,2025-05-15,9.877496206943745,30.312991543040596,20.435495336096853,94.8547215496368,94.8547215496368,86,强
sz300075,2025-03-31,2025-05-15,25.58068677619656,45.99698825683468,20.416301480638122,94.79418886198548,94.79418886198548,87,强
sz000628,2025-03-31,2025-05-15,9.799527742363445,30.21197241433438,20.412444671970935,94.73365617433413,94.73365617433413,88,强
sh603567,2025-03-31,2025-05-15,30.781556888165593,51.15945643250514,20.37789954433955,94.67312348668281,94.67312348668281,89,强
sh600157,2025-03-31,2025-05-15,19.236905087287802,39.518144395818496,20.281239308530697,94.61259079903148,94.61259079903148,90,强
sh600409,2025-03-31,2025-05-15,17.667279881162983,37.94399751056096,20.276717629397975,94.55205811138015,94.55205811138015,91,强
sz300463,2025-03-31,2025-05-15,32.00670564768834,52.18441143679558,20.177705789107236,94.49152542372882,94.49152542372882,92,强
sz300607,2025-03-31,2025-05-15,17.94932479873259,38.12097883055765,20.171654031825053,94.43099273607749,94.43099273607749,93,强
sz000858,2025-03-31,2025-05-15,49.400324515014674,69.48850100791837,20.088176492903703,94.37046004842615,94.37046004842615,94,强
sh600170,2025-03-31,2025-05-15,5.303732302045507,25.368729157132556,20.06499685508705,94.30992736077482,94.30992736077482,95,强
sh600997,2025-03-31,2025-05-15,17.839612865194468,37.73780526216217,19.898192396967705,94.24939467312349,94.24939467312349,96,强
sh603533,2024-09-30,2024-11-14,33.44466107733592,53.28794244250601,19.843281365170085,94.18886198547214,94.18886198547214,97,强
sz000703,2025-03-31,2025-05-15,10.589330358658355,30.337230660675743,19.74790030201739,94.12832929782083,94.12832929782083,98,强
sz300253,2025-03-31,2025-05-15,23.80974249160695,43.49153264025177,19.68179014864482,94.0677966101695,94.0677966101695,99,强
sz002506,2025-03-31,2025-05-15,15.811839924446936,35.42737182377656,19.615531899329625,94.00726392251816,94.00726392251816,100,强
sz002583,2025-03-31,2025-05-15,24.226238412367742,43.83326141714875,19.607023004781002,93.94673123486683,93.94673123486683,101,强
sh688363,2025-03-31,2025-05-15,37.0764999049881,56.66033763710942,19.583837732121328,93.8861985472155,93.8861985472155,102,强
sh688575,2025-03-31,2025-05-15,32.01912278863404,51.58716145461239,19.56803866597835,93.82566585956417,93.82566585956417,103,强
sh600916,2025-03-31,2025-05-15,20.593735234374297,40.14435938499119,19.550624150616898,93.76513317191282,93.76513317191282,104,强
sh600737,2025-03-31,2025-05-15,20.208102093370034,39.624137959486134,19.4160358661161,93.7046004842615,93.7046004842615,105,强
sz300861,2025-03-31,2025-05-15,27.804509222658975,47.215744458499444,19.41123523584047,93.64406779661016,93.64406779661016,106,强
sz002195,2025-03-31,2025-05-15,30.277288810122204,49.64511054772544,19.367821737603236,93.58353510895884,93.58353510895884,107,强
sh603358,2025-03-31,2025-05-15,23.314110550784154,42.667757784614395,19.353647233830237,93.52300242130751,93.52300242130751,108,强
sh600977,2025-03-31,2025-05-15,20.694685938907938,40.01415319552244,19.319467256614498,93.46246973365618,93.46246973365618,109,强
sh600596,2025-03-31,2025-05-15,19.10073978530391,38.41312773245177,19.312387947147858,93.40193704600485,93.40193704600485,110,强
sh600929,2025-03-31,2025-05-15,24.581093289231134,43.833174004912756,19.252080715681622,93.34140435835351,93.34140435835351,111,强
sh600508,2025-03-31,2025-05-15,22.849809793371456,42.05291231544605,19.203102522074598,93.28087167070218,93.28087167070218,112,强
sh601606,2025-03-31,2025-05-15,20.06733312803904,39.24081398703516,19.173480858996122,93.22033898305084,93.22033898305084,113,强
sh688433,2025-03-31,2025-05-15,30.782087490638272,49.89799379023338,19.115906299595107,93.15980629539952,93.15980629539952,114,强
sz300315,2025-03-31,2025-05-15,36.11925419433843,55.20625104584356,19.086996851505123,93.09927360774817,93.09927360774817,115,强
sh688032,2025-03-31,2025-05-15,25.61176421275319,44.63274694566719,19.020982732914,93.03874092009686,93.03874092009686,116,强
sh600116,2025-03-31,2025-05-15,16.793238086222743,35.804331111785885,19.011093025563138,92.97820823244552,92.97820823244552,117,强
sz002271,2025-03-31,2025-05-15,22.806373531942445,41.72301903468029,18.916645502737847,92.91767554479419,92.91767554479419,118,强
sh600123,2025-03-31,2025-05-15,22.02691295291967,40.94022961800388,18.913316665084213,92.85714285714286,92.85714285714286,119,强
sz300276,2025-03-31,2025-05-15,18.886305028582555,37.687657047305066,18.80135201872251,92.79661016949152,92.79661016949152,120,强
sz300438,2025-03-31,2025-05-15,16.553754695973517,35.33620021551144,18.78244551953792,92.7360774818402,92.7360774818402,121,强
sz002572,2025-03-31,2025-05-15,24.73728939495385,43.36706796003748,18.62977856508363,92.67554479418885,92.67554479418885,122,强
sh600657,2025-03-31,2025-05-15,20.121434483942082,38.73562864858468,18.614194164642598,92.61501210653753,92.61501210653753,123,强
sh600029,2025-03-31,2025-05-15,16.416981465666364,34.997361574294864,18.5803801086285,92.55447941888619,92.55447941888619,124,强
sh688333,2025-03-31,2025-05-15,26.247788466533894,44.8096527124955,18.561864245961605,92.49394673123487,92.49394673123487,125,强
sh600718,2025-03-31,2025-05-15,20.943951808425904,39.49751202090917,18.553560212483262,92.43341404358354,92.43341404358354,126,强
sz002038,2025-03-31,2025-05-15,38.29990895546469,56.83117544920748,18.53126649374279,92.37288135593221,92.37288135593221,127,强
sz003012,2025-03-31,2025-05-15,23.710667758439662,42.2329413546194,18.52227359617974,92.31234866828088,92.31234866828088,128,强
sz002025,2025-03-31,2025-05-15,25.003960488880264,43.520819808546634,18.516859319666374,92.25181598062953,92.25181598062953,129,强
sh600688,2025-03-31,2025-05-15,21.738537685117407,40.20882089576925,18.470283210651843,92.19128329297821,92.19128329297821,130,强
sz002127,2025-03-31,2025-05-15,24.46892662756881,42.92557457771154,18.456647950142727,92.13075060532687,92.13075060532687,131,强
sh688709,2024-12-31,2025-04-30,36.19656323167287,54.63064088084155,18.434077649168678,92.07021791767555,92.07021791767555,132,强
sh600612,2025-03-31,2025-05-15,41.20426282621242,59.63569032626814,18.43142750005572,92.00968523002422,92.00968523002422,133,强
sz000829,2025-03-31,2025-05-15,13.396087714350283,31.804877599665122,18.40878988531484,91.94915254237289,91.94915254237289,134,强
sh600072,2025-03-31,2025-05-15,14.946906142935172,33.32168138716315,18.37477524422798,91.88861985472155,91.88861985472155,135,强
sz300525,2025-03-31,2025-05-15,32.20487726684344,50.54215821294628,18.337280946102844,91.82808716707022,91.82808716707022,136,强
sh600403,2025-03-31,2025-05-15,15.239302956762572,33.49769447475709,18.258391517994518,91.76755447941889,91.76755447941889,137,强
sz002368,2025-03-31,2025-05-15,14.414216690531793,32.6366579593085,18.22244126877671,91.70702179176754,91.70702179176754,138,强
sh600372,2025-03-31,2025-05-15,22.943449870030456,41.140647954483015,18.197198084452562,91.64648910411623,91.64648910411623,139,强
sh688472,2025-03-31,2025-05-15,19.015641190588337,37.08931517493454,18.073673984346208,91.58595641646488,91.58595641646488,140,强
sh600740,2025-03-31,2025-05-15,15.556533871760507,33.62990347230567,18.073369600545163,91.52542372881356,91.52542372881356,141,强
sz300657,2025-03-31,2025-05-15,15.802416409133553,33.83936850128583,18.03695209215228,91.46489104116223,91.46489104116223,142,强
sh688036,2025-03-31,2025-05-15,25.364917943119544,43.36522548806332,18.000307544943773,91.4043583535109,91.4043583535109,143,强
sz301308,2025-03-31,2025-05-15,18.69858028915702,36.66321212653936,17.964631837382335,91.34382566585957,91.34382566585957,144,强
sz301268,2025-03-31,2025-05-15,18.82324352785649,36.77640724640602,17.95316371854953,91.28329297820824,91.28329297820824,145,强
sh603688,2025-03-31,2025-05-15,34.10557373932527,52.05739614525879,17.951822405933523,91.2227602905569,91.2227602905569,146,强
sh603220,2025-03-31,2025-05-15,18.393081037176618,36.28911647989145,17.896035442714826,91.16222760290556,91.16222760290556,147,强
sz302132,2025-03-31,2025-05-15,28.043435304015535,45.89642428839424,17.85298898437871,91.10169491525424,91.10169491525424,148,强
sh688234,2025-03-31,2025-05-15,29.768528560202665,47.49199868333764,17.72347012313498,91.0411622276029,91.0411622276029,149,强
sh600331,2025-03-31,2025-05-15,17.06321212205256,34.774657826889694,17.71144570483714,90.98062953995158,90.98062953995158,150,强
sh688361,2025-03-31,2025-05-15,32.93454095183364,50.59730798558474,17.662767033751102,90.92009685230025,90.92009685230025,151,强
sz300455,2025-03-31,2025-05-15,24.47780197071967,42.1387892768691,17.660987306149426,90.85956416464892,90.85956416464892,152,强
sh600129,2025-03-31,2025-05-15,23.801778219945916,41.42507260875945,17.623294388813534,90.79903147699758,90.79903147699758,153,强
sh688409,2025-03-31,2025-05-15,26.570089296872876,44.14706123897327,17.576971942100396,90.73849878934624,90.73849878934624,154,强
sh688063,2025-03-31,2025-05-15,27.98652773262057,45.48288761500365,17.496359882383082,90.67796610169492,90.67796610169492,155,强
sh600639,2025-03-31,2025-05-15,33.9560405311519,51.432078951351144,17.47603842019924,90.61743341404357,90.61743341404357,156,强
sz300747,2025-03-31,2025-05-15,25.013915293571742,42.44854368720391,17.43462839363217,90.55690072639226,90.55690072639226,157,强
sh600859,2025-03-31,2025-05-15,27.789281076349777,45.22210930438011,17.43282822803033,90.49636803874091,90.49636803874091,158,强
sh688007,2025-03-31,2025-05-15,27.536655294639885,44.967921515391524,17.43126622075164,90.4358353510896,90.4358353510896,159,强
sh600446,2025-03-31,2025-05-15,24.43028111687573,41.84538243665577,17.415101319780035,90.37530266343826,90.37530266343826,160,强
sh600810,2024-12-31,2025-04-30,18.350672769609847,35.54467044041504,17.193997670805192,90.31476997578693,90.31476997578693,161,强
sz002099,2025-03-31,2025-05-15,25.3352916978271,42.41637533055055,17.081083632723455,90.2542372881356,90.2542372881356,162,强
sz300613,2025-03-31,2025-05-15,33.261548361466964,50.28900125435784,17.027452892890874,90.19370460048425,90.19370460048425,163,强
sh600010,2025-03-31,2025-05-15,19.06100539795401,36.03584538170073,16.974839983746723,90.13317191283294,90.13317191283294,164,强
sh688772,2025-03-31,2025-05-15,22.742846333352194,39.688953010166685,16.946106676814495,90.07263922518159,90.07263922518159,165,强
sh688586,2025-03-31,2025-05-15,29.161420104191507,46.0684188712737,16.906998767082193,90.01210653753027,90.01210653753027,166,强
sz001309,2025-03-31,2025-05-15,21.738474641908414,38.640019509083245,16.90154486717483,89.95157384987893,89.95157384987893,167,强
sh600754,2025-03-31,2025-05-15,26.439270047150668,43.334268476084816,16.894998428934148,89.89104116222761,89.89104116222761,168,强
sz002456,2025-03-31,2025-05-15,17.295968264851915,34.17039298025928,16.874424715407365,89.83050847457628,89.83050847457628,169,强
sh688348,2025-03-31,2025-05-15,32.20333280455131,49.02313934888095,16.819806544329644,89.76997578692493,89.76997578692493,170,强
sh688037,2025-03-31,2025-05-15,27.551115918467335,44.351215692723045,16.800099774255706,89.70944309927361,89.70944309927361,171,强
sz002049,2025-03-31,2025-05-15,34.23581964423167,50.96141395295529,16.725594308723622,89.64891041162227,89.64891041162227,172,强
sh600557,2025-03-31,2025-05-15,40.14004622074248,56.84308680935382,16.703040588611348,89.58837772397095,89.58837772397095,173,强
sz002737,2025-03-31,2025-05-15,34.343378104577866,50.98794342902289,16.644565324445026,89.5278450363196,89.5278450363196,174,强
sz002531,2025-03-31,2025-05-15,23.793504610743753,40.431685706286814,16.638181095543057,89.46731234866829,89.46731234866829,175,强
sz000733,2025-03-31,2025-05-15,32.90818585698623,49.480591372004326,16.572405515018094,89.40677966101694,89.40677966101694,176,强
sz000901,2025-03-31,2025-05-15,24.243527617604556,40.8058757862005,16.562348168595946,89.34624697336562,89.34624697336562,177,强
sz301371,2025-03-31,2025-05-15,42.02045125394845,58.57783751074497,16.557386256796516,89.28571428571429,89.28571428571429,178,强
sh601360,2025-03-31,2025-05-15,37.332520672822824,53.82184003952375,16.489319366700926,89.22518159806295,89.22518159806295,179,强
sh601222,2025-03-31,2025-05-15,28.201896335294542,44.67790538911157,16.47600905381703,89.16464891041163,89.16464891041163,180,强
sh688091,2025-03-31,2025-05-15,45.36716555194239,61.82259186460057,16.455426312658176,89.10411622276028,89.10411622276028,181,强
sz300735,2025-03-31,2025-05-15,28.596841100339052,44.76245169129928,16.16561059096023,89.04358353510897,89.04358353510897,182,强
sz002557,2025-03-31,2025-05-15,31.182093212523636,47.14772572887037,15.965632516346737,88.98305084745762,88.98305084745762,183,强
sz000661,2025-03-31,2025-05-15,51.43211454288416,67.30282008884134,15.870705545957179,88.9225181598063,88.9225181598063,184,强
sz300024,2025-03-31,2025-05-15,20.43787572005809,36.296354582487055,15.858478862428967,88.86198547215496,88.86198547215496,185,强
sz300070,2025-03-31,2025-05-15,23.481021883571206,39.315828601926896,15.834806718355694,88.80145278450364,88.80145278450364,186,强
sh600328,2025-03-31,2025-05-15,24.551867825314172,40.378306037227055,15.826438211912883,88.7409200968523,88.7409200968523,187,强
sh688387,2025-03-31,2025-05-15,23.9706494619551,39.75010620495773,15.779456743002633,88.68038740920096,88.68038740920096,188,强
sh688717,2024-12-31,2025-04-30,46.122976090672644,61.88134599348856,15.758369902815915,88.61985472154964,88.61985472154964,189,强
sh600963,2025-03-31,2025-05-15,23.650643513831415,39.383823861626325,15.733180347794907,88.5593220338983,88.5593220338983,190,强
sz002635,2025-03-31,2025-05-15,30.110845763290772,45.83816011193163,15.727314348640853,88.49878934624698,88.49878934624698,191,强
sz301047,2025-03-31,2025-05-15,44.625052391945495,60.33286431817001,15.707811926224519,88.43825665859563,88.43825665859563,192,强
sh600651,2025-03-31,2025-05-15,25.161270285504692,40.59743868221793,15.436168396713239,88.37772397094432,88.37772397094432,193,强
sh600996,2025-03-31,2025-05-15,12.646470708310353,28.01391767007947,15.367446961769115,88.31719128329297,88.31719128329297,194,强
sz002460,2025-03-31,2025-05-15,23.904595779674104,39.23367166356802,15.329075883893914,88.25665859564165,88.25665859564165,195,强
sz000917,2025-03-31,2025-05-15,29.248262233573623,44.54085325172542,15.292591018151796,88.19612590799032,88.19612590799032,196,强
sz300171,2025-03-31,2025-05-15,28.827860938533707,44.10597130818243,15.27811036964873,88.13559322033898,88.13559322033898,197,强
sz300663,2025-03-31,2025-05-15,23.924425713647455,39.17733025851541,15.25290454486796,88.07506053268766,88.07506053268766,198,强
sh603099,2025-03-31,2025-05-15,32.00168836975992,47.25037504718977,15.248686677429852,88.01452784503631,88.01452784503631,199,强
sz300383,2025-03-31,2025-05-15,28.70107948972394,43.93595811033126,15.234878620607322,87.953995157385,87.953995157385,200,强
sh600645,2025-03-31,2025-05-15,38.12431253873078,53.34530192270938,15.220989383978601,87.89346246973365,87.89346246973365,201,强
sz000801,2025-03-31,2025-05-15,25.62609712955691,40.717680031438846,15.091582901881932,87.83292978208233,87.83292978208233,202,强
sh601618,2025-03-31,2025-05-15,17.303303771771716,32.31131736217119,15.00801359039947,87.77239709443099,87.77239709443099,203,强
sh688728,2025-03-31,2025-05-15,26.36684455623606,41.3699482792454,15.00310372300934,87.71186440677965,87.71186440677965,204,强
sz002408,2025-03-31,2025-05-15,22.56502109477722,37.52895669864763,14.96393560387041,87.65133171912834,87.65133171912834,205,强
sh600985,2025-03-31,2025-05-15,28.73620374380948,43.693190835994834,14.956987092185352,87.59079903147699,87.59079903147699,206,强
sh600373,2025-03-31,2025-05-15,28.727705669274233,43.638065734136184,14.910360064861953,87.53026634382567,87.53026634382567,207,强
sh688072,2025-03-31,2025-05-15,26.976821394297858,41.861587218939846,14.884765824641985,87.46973365617433,87.46973365617433,208,强
sh600515,2025-03-31,2025-05-15,30.63243748340874,45.43915896248447,14.806721479075733,87.40920096852301,87.40920096852301,209,强
sz002254,2025-03-31,2025-05-15,26.16352500164711,40.87386884987126,14.710343848224147,87.34866828087166,87.34866828087166,210,强
sh688779,2025-03-31,2025-05-15,24.52391049637946,39.16172218282349,14.63781168644403,87.28813559322035,87.28813559322035,211,强
sh601699,2025-03-31,2025-05-15,29.747978117590346,44.353391201462074,14.605413083871726,87.22760290556901,87.22760290556901,212,强
sh688153,2025-03-31,2025-05-15,36.5784133809178,51.145553083491784,14.567139702573982,87.16707021791767,87.16707021791767,213,强
sz301238,2025-03-31,2025-05-15,27.572890020640646,42.103855985984886,14.53096596534424,87.10653753026635,87.10653753026635,214,强
sh601880,2025-03-31,2025-05-15,30.830528472194803,45.325983987288865,14.495455515094061,87.046004842615,87.046004842615,215,强
sh600629,2025-03-31,2025-05-15,23.2498007539631,37.68533446738902,14.435533713425919,86.98547215496369,86.98547215496369,216,强
sz000923,2025-03-31,2025-05-15,40.32786941808427,54.66297692678607,14.3351075087018,86.92493946731234,86.92493946731234,217,强
sh600546,2025-03-31,2025-05-15,28.406707185298327,42.71377844928345,14.307071263985124,86.86440677966102,86.86440677966102,218,强
sh688375,2025-03-31,2025-05-15,32.365111477247005,46.65311528069354,14.288003803446538,86.80387409200968,86.80387409200968,219,强
sh600820,2025-03-31,2025-05-15,18.432546889595532,32.59870277087779,14.16615588128226,86.74334140435835,86.74334140435835,220,强
sh600456,2025-03-31,2025-05-15,28.59910161439461,42.74353543149152,14.144433817096914,86.68280871670703,86.68280871670703,221,强
sz000937,2025-03-31,2025-05-15,30.534371383753413,44.639945988976315,14.105574605222902,86.62227602905568,86.62227602905568,222,强
sz300327,2025-03-31,2025-05-15,36.27310374883438,50.373974050226536,14.100870301392158,86.56174334140437,86.56174334140437,223,强
sz002065,2025-03-31,2025-05-15,26.803956636185237,40.761661630006145,13.95770499382091,86.50121065375302,86.50121065375302,224,强
sh600893,2025-03-31,2025-05-15,23.711731770213508,37.6588615706617,13.947129800448188,86.4406779661017,86.4406779661017,225,强
sz300188,2025-03-31,2025-05-15,32.08252312594798,45.992044941146126,13.909521815198145,86.38014527845036,86.38014527845036,226,强
sh600395,2025-03-31,2025-05-15,25.34596071867236,39.20385805657411,13.857897337901752,86.31961259079904,86.31961259079904,227,强
sz002756,2025-03-31,2025-05-15,30.629785795857835,44.472661676562495,13.842875880704664,86.2590799031477,86.2590799031477,228,强
sh688318,2025-03-31,2025-05-15,47.5351294296031,61.29840610772358,13.763276678120477,86.19854721549636,86.19854721549636,229,强
sh688327,2025-03-31,2025-05-15,32.71508435528717,46.47687815478346,13.761793799496298,86.13801452784504,86.13801452784504,230,强
sh600602,2025-03-31,2025-05-15,29.668008286984904,43.42596757193856,13.757959284953655,86.0774818401937,86.0774818401937,231,强
sz000589,2025-03-31,2025-05-15,27.00475179381687,40.67902793989447,13.674276146077597,86.01694915254238,86.01694915254238,232,强
sh603317,2025-03-31,2025-05-15,37.69174172057049,51.33479087979068,13.643049159220192,85.95641646489103,85.95641646489103,233,强
sh600986,2023-09-30,2023-11-14,26.021217578198808,39.64748043348758,13.626262855288774,85.89588377723972,85.89588377723972,234,强
sh688766,2025-03-31,2025-05-15,32.44468826481662,46.0646998111051,13.620011546288483,85.83535108958837,85.83535108958837,235,强
sh688349,2025-03-31,2025-05-15,25.40902854698186,38.98294998806489,13.573921441083025,85.77481840193705,85.77481840193705,236,强
sh600765,2025-03-31,2025-05-15,30.698567824859683,44.260312246083586,13.561744421223901,85.71428571428571,85.71428571428571,237,强
sz002390,2025-03-31,2025-05-15,30.61293531400584,44.1673538651197,13.554418551113862,85.65375302663438,85.65375302663438,238,强
sz000883,2025-03-31,2025-05-15,28.498946994697043,42.021190341101615,13.52224334640457,85.59322033898306,85.59322033898306,239,强
sz300468,2025-03-31,2025-05-15,37.22575343807478,50.690205911151565,13.464452473076786,85.53268765133171,85.53268765133171,240,强
sz300872,2025-03-31,2025-05-15,29.490890648106063,42.89433507455186,13.4034444264458,85.4721549636804,85.4721549636804,241,强
sh600528,2025-03-31,2025-05-15,24.174709148727867,37.55438970231441,13.379680553586542,85.41162227602905,85.41162227602905,242,强
sz002063,2025-03-31,2025-05-15,39.1870125562821,52.560133648012275,13.373121091730175,85.35108958837773,85.35108958837773,243,强
sh688114,2025-03-31,2025-05-15,38.98214566749246,52.349792881837544,13.36764721434508,85.29055690072639,85.29055690072639,244,强
sh600720,2025-03-31,2025-05-15,27.136813924438215,40.49427980591344,13.35746588147523,85.23002421307507,85.23002421307507,245,强
sh688516,2025-03-31,2025-05-15,32.58312164622962,45.75127864841064,13.168157002181017,85.16949152542372,85.16949152542372,246,强
sz002892,2025-03-31,2025-05-15,30.812276700363988,43.98022354856735,13.167946848203366,85.10895883777239,85.10895883777239,247,强
sh601163,2025-03-31,2025-05-15,31.67351257634144,44.81537996050225,13.141867384160806,85.04842615012107,85.04842615012107,248,强
sz002654,2025-03-31,2025-05-15,24.32958981782826,37.449904878756556,13.120315060928299,84.98789346246973,84.98789346246973,249,强
sh600848,2025-03-31,2025-05-15,33.27573800480458,46.38870701270958,13.112969007905003,84.92736077481841,84.92736077481841,250,强
sh688321,2025-03-31,2025-05-15,42.380221032229066,55.43543540977647,13.055214377547399,84.86682808716706,84.86682808716706,251,强
sz301316,2025-03-31,2025-05-15,33.39190283504949,46.43833938449444,13.046436549444952,84.80629539951575,84.80629539951575,252,强
sh600422,2025-03-31,2025-05-15,33.21658944903772,46.22557971961936,13.008990270581643,84.7457627118644,84.7457627118644,253,强
sz002041,2025-03-31,2025-05-15,34.17632200796553,47.18083272394543,13.004510715979894,84.68523002421307,84.68523002421307,254,强
sh600787,2025-03-31,2025-05-15,25.994457252907978,38.98552614424915,12.991068891341168,84.62469733656174,84.62469733656174,255,强
sh600133,2025-03-31,2025-05-15,28.013520444437116,40.87711116592515,12.863590721488034,84.5641646489104,84.5641646489104,256,强
sh688262,2025-03-31,2025-05-15,35.1899846794938,48.053138359759764,12.863153680265965,84.50363196125909,84.50363196125909,257,强
sz002212,2025-03-31,2025-05-15,40.120082365051985,52.94684864051818,12.826766275466202,84.44309927360774,84.44309927360774,258,强
sz000761,2025-03-31,2025-05-15,22.944213952732067,35.73299059574746,12.788776643015392,84.38256658595643,84.38256658595643,259,强
sz002436,2025-03-31,2025-05-15,27.434432936509037,40.22268429458582,12.788251358076778,84.32203389830508,84.32203389830508,260,强
sz002044,2025-03-31,2025-05-15,28.847140769706872,41.61965792321189,12.77251715350502,84.26150121065376,84.26150121065376,261,强
sh600877,2025-03-31,2025-05-15,35.6208746678245,48.3315718129648,12.710697145140301,84.20096852300242,84.20096852300242,262,强
sz300284,2025-03-31,2025-05-15,28.617088354084956,41.28928010066955,12.672191746584595,84.14043583535108,84.14043583535108,263,强
sh688110,2025-03-31,2025-05-15,35.66731244246542,48.33332061765457,12.666008175189146,84.07990314769975,84.07990314769975,264,强
sz000555,2025-03-31,2025-05-15,23.076202825276873,35.68471278227379,12.608509956996919,84.01937046004842,84.01937046004842,265,强
sz300183,2025-03-31,2025-05-15,36.16685559346196,48.73331304696235,12.566457453500393,83.9588377723971,83.9588377723971,266,强
sh600032,2025-03-31,2025-05-15,31.45020017119057,43.97752523172813,12.52732506053756,83.89830508474576,83.89830508474576,267,强
sh600562,2025-03-31,2025-05-15,35.23925401256522,47.69308748422724,12.453833471662024,83.83777239709444,83.83777239709444,268,强
sz300406,2025-03-31,2025-05-15,46.7627573062089,59.20052725417156,12.437769947962666,83.7772397094431,83.7772397094431,269,强
sz300723,2025-03-31,2025-05-15,38.96331328990004,51.38776383416071,12.424450544260665,83.71670702179176,83.71670702179176,270,强
sz002675,2025-03-31,2025-05-15,37.16385014805534,49.58390533092175,12.420055182866417,83.65617433414043,83.65617433414043,271,强
sz300624,2021-03-31,2021-05-15,47.92712628553547,60.33576378054377,12.408637495008296,83.5956416464891,83.5956416464891,272,强
sz000403,2025-03-31,2025-05-15,41.02441314560122,53.32412085424923,12.299707708648008,83.53510895883777,83.53510895883777,273,强
sh688097,2025-03-31,2025-05-15,31.505591512032353,43.78642577667431,12.28083426464195,83.47457627118644,83.47457627118644,274,强
sh603327,2025-03-31,2025-05-15,32.79517691254371,44.90836663042258,12.113189717878864,83.41404358353512,83.41404358353512,275,强
sz300136,2025-03-31,2025-05-15,32.998101666131056,45.08067042159124,12.082568755460187,83.35351089588377,83.35351089588377,276,强
sh603033,2025-03-31,2025-05-15,25.007552966439768,37.053716604599856,12.046163638160088,83.29297820823246,83.29297820823246,277,强
sh603026,2025-03-31,2025-05-15,28.01276184306446,39.98997378105464,11.977211937990177,83.23244552058111,83.23244552058111,278,强
sh688337,2025-03-31,2025-05-15,40.97202668101052,52.90304616130894,11.931019480298426,83.17191283292978,83.17191283292978,279,强
sz002537,2025-03-31,2025-05-15,27.539889746132232,39.463239551613086,11.92334980548085,83.11138014527845,83.11138014527845,280,强
sz000597,2025-03-31,2025-05-15,30.203886124761997,42.12235353477522,11.918467410013227,83.05084745762711,83.05084745762711,281,强
sz000723,2025-03-31,2025-05-15,23.556859027847523,35.459467886766255,11.90260885891873,82.99031476997578,82.99031476997578,282,强
sh688631,2025-03-31,2025-05-15,26.144741209454743,38.02974395119966,11.885002741744916,82.92978208232445,82.92978208232445,283,强
sh688561,2025-03-31,2025-05-15,35.61927441890382,47.498609000308505,11.879334581404684,82.86924939467313,82.86924939467313,284,强
sh600416,2025-03-31,2025-05-15,27.85778933955977,39.728980470092374,11.871191130532607,82.80871670702179,82.80871670702179,285,强
sh600827,2025-03-31,2025-05-15,29.208342895479912,41.041858467689146,11.833515572209233,82.74818401937047,82.74818401937047,286,强
sh601952,2025-03-31,2025-05-15,31.34121862048947,43.168689951284186,11.827471330794713,82.68765133171912,82.68765133171912,287,强
sh688739,2025-03-31,2025-05-15,49.96134588832803,61.766537605908,11.805191717579968,82.62711864406779,82.62711864406779,288,强
sh688001,2025-03-31,2025-05-15,38.83639430443856,50.63626804677893,11.799873742340369,82.56658595641646,82.56658595641646,289,强
sh603039,2025-03-31,2025-05-15,43.72538082696036,55.497654558529334,11.772273731568976,82.50605326876513,82.50605326876513,290,强
sh601068,2025-03-31,2025-05-15,21.933126106320692,33.593032168175576,11.659906061854882,82.44552058111381,82.44552058111381,291,强
sh603260,2025-03-31,2025-05-15,29.71288043850744,41.33726603794646,11.624385599439027,82.38498789346247,82.38498789346247,292,强
sz301091,2025-03-31,2025-05-15,29.744346548500697,41.30548132069437,11.561134772193668,82.32445520581115,82.32445520581115,293,强
sh601633,2025-03-31,2025-05-15,28.287083148897235,39.79052796384061,11.503444814943373,82.2639225181598,82.2639225181598,294,强
sh688521,2025-03-31,2025-05-15,34.692232097999984,46.15781496618212,11.465582868182139,82.20338983050848,82.20338983050848,295,强
sh688515,2025-03-31,2025-05-15,37.893012529663444,49.29121161572854,11.398199086065095,82.14285714285714,82.14285714285714,296,强
sz300337,2025-03-31,2025-05-15,28.977215914978185,40.32920250197594,11.35198658699776,82.08232445520581,82.08232445520581,297,强
sz000913,2025-03-31,2025-05-15,33.12253025989377,44.46335225875919,11.340821998865419,82.02179176755448,82.02179176755448,298,强
sz301207,2025-03-31,2025-05-15,44.63689075710275,55.97618402881791,11.339293271715164,81.96125907990314,81.96125907990314,299,强
sh603663,2025-03-31,2025-05-15,32.97853127470405,44.27005117831365,11.291519903609597,81.90072639225183,81.90072639225183,300,强
sh605358,2025-03-31,2025-05-15,30.9171624703755,42.187554492487955,11.270392022112453,81.84019370460048,81.84019370460048,301,强
sz002182,2025-03-31,2025-05-15,30.277751729815865,41.539455705379865,11.261703975564002,81.77966101694916,81.77966101694916,302,强
sh600155,2021-09-30,2021-11-14,42.65478499844515,53.86691734141194,11.212132342966788,81.71912832929782,81.71912832929782,303,强
sh688347,2025-03-31,2025-05-15,34.00521528605334,45.15224175792084,11.147026471867498,81.65859564164649,81.65859564164649,304,强
sz000065,2025-03-31,2025-05-15,30.004388370961593,41.14846287943018,11.144074508468584,81.59806295399515,81.59806295399515,305,强
sz300593,2025-03-31,2025-05-15,37.80484446205594,48.94056927879222,11.13572481673628,81.53753026634382,81.53753026634382,306,强
sh688232,2025-03-31,2025-05-15,41.76623473457702,52.887988473307715,11.1217537387307,81.47699757869249,81.47699757869249,307,强
sz300579,2025-03-31,2025-05-15,36.46031224373149,47.5575723191216,11.09726007539011,81.41646489104116,81.41646489104116,308,强
sz300855,2025-03-31,2025-05-15,40.77136846089688,51.86799850899378,11.096630048096898,81.35593220338984,81.35593220338984,309,强
sz002432,2025-03-31,2025-05-15,48.3711470848572,59.45704508424246,11.085897999385258,81.2953995157385,81.2953995157385,310,强
sh600566,2025-03-31,2025-05-15,50.99179315440065,62.07551965237148,11.083726497970831,81.23486682808718,81.23486682808718,311,强
sz000811,2025-03-31,2025-05-15,32.079740098021425,43.08890861985826,11.009168521836834,81.17433414043583,81.17433414043583,312,强
sh600641,2025-03-31,2025-05-15,39.58491640492497,50.58008463987329,10.995168234948322,81.1138014527845,81.1138014527845,313,强
sh688777,2025-03-31,2025-05-15,32.55307009202064,43.54267810909859,10.989608017077945,81.05326876513317,81.05326876513317,314,强
sz300347,2025-03-31,2025-05-15,38.21317518168581,49.19832113223693,10.985145950551118,80.99273607748184,80.99273607748184,315,强
sh688126,2025-03-31,2025-05-15,29.31720489455463,40.30195108655874,10.984746192004106,80.9322033898305,80.9322033898305,316,强
sh603305,2025-03-31,2025-05-15,34.60362818716023,45.54617791335063,10.9425497261904,80.87167070217917,80.87167070217917,317,强
sz000035,2025-03-31,2025-05-15,33.7477540960912,44.63413783463424,10.886383738543037,80.81113801452786,80.81113801452786,318,强
sz002006,2025-03-31,2025-05-15,33.618705187765734,44.50136377894227,10.882658591176535,80.75060532687651,80.75060532687651,319,强
sz300296,2025-03-31,2025-05-15,33.58539014650782,44.458900712874595,10.873510566366777,80.69007263922518,80.69007263922518,320,强
sz301039,2025-03-31,2025-05-15,33.03112022983513,43.89159201790486,10.860471788069729,80.62953995157385,80.62953995157385,321,强
sz301177,2025-03-31,2025-05-15,45.543728033596075,56.39905112506676,10.855323091470687,80.56900726392251,80.56900726392251,322,强
sh600023,2025-03-31,2025-05-15,30.994902205444443,41.79681779219253,10.801915586748088,80.50847457627118,80.50847457627118,323,强
sh600330,2025-03-31,2025-05-15,33.578344918723765,44.35382705458592,10.775482135862154,80.44794188861985,80.44794188861985,324,强
sh601111,2025-03-31,2025-05-15,22.652102005429064,33.379907041766785,10.727805036337724,80.38740920096852,80.38740920096852,325,强
sz002219,2025-03-31,2025-05-15,30.328179607350197,41.05320671621183,10.725027108861637,80.32687651331719,80.32687651331719,326,强
sz002354,2025-03-31,2025-05-15,36.645797989202514,47.36288158749828,10.717083598295767,80.26634382566587,80.26634382566587,327,强
sh603707,2025-03-31,2025-05-15,36.75703867924853,47.40999509258255,10.652956413334014,80.20581113801452,80.20581113801452,328,强
sz301263,2025-03-31,2025-05-15,46.119306475792534,56.74090132555233,10.621594849759791,80.1452784503632,80.1452784503632,329,强
sh600028,2025-03-31,2025-05-15,31.122171500076423,41.7416908699282,10.619519369851776,80.08474576271186,80.08474576271186,330,强
sh601106,2025-03-31,2025-05-15,22.982524208757205,33.545029428608025,10.56250521985082,80.02421307506053,80.02421307506053,331,强
sz300031,2025-03-31,2025-05-15,39.18773285767851,49.69519739120483,10.507464533526313,79.9636803874092,79.9636803874092,332,偏强
sh688306,2025-03-31,2025-05-15,29.22057311738034,39.688192674172626,10.467619556792283,79.90314769975787,79.90314769975787,333,偏强
sz300773,2025-03-31,2025-05-15,33.46211085957586,43.852197092128286,10.390086232552425,79.84261501210653,79.84261501210653,334,偏强
sh600643,2025-03-31,2025-05-15,35.45469704245607,45.8225661342253,10.367869091769233,79.7820823244552,79.7820823244552,335,偏强
sz002439,2025-03-31,2025-05-15,42.07011371610034,52.41396684722391,10.343853131123574,79.72154963680389,79.72154963680389,336,偏强
sh600475,2025-03-31,2025-05-15,32.317491756903905,42.654770526198256,10.337278769294352,79.66101694915254,79.66101694915254,337,偏强
sz002465,2025-03-31,2025-05-15,36.08678641982781,46.38563553256948,10.298849112741674,79.60048426150121,79.60048426150121,338,偏强
sz301325,2025-03-31,2025-05-15,36.310422489957425,46.608353639695586,10.297931149738163,79.53995157384988,79.53995157384988,339,偏强
sz000778,2025-03-31,2025-05-15,27.70938775618512,37.955804838800134,10.246417082615014,79.47941888619854,79.47941888619854,340,偏强
sh688700,2025-03-31,2025-05-15,38.17177206445323,48.40787795827171,10.236105893818479,79.41888619854721,79.41888619854721,341,偏强
sz300085,2025-03-31,2025-05-15,31.899498807422457,42.11756714194319,10.218068334520732,79.35835351089588,79.35835351089588,342,偏强
sz002185,2025-03-31,2025-05-15,30.667454113529537,40.858571946767725,10.19111783323819,79.29782082324455,79.29782082324455,343,偏强
sh688352,2025-03-31,2025-05-15,37.69305053216822,47.8751997066314,10.182149174463177,79.23728813559322,79.23728813559322,344,偏强
sh603866,2025-03-31,2025-05-15,37.03939629750773,47.2136149123903,10.174218614882568,79.1767554479419,79.1767554479419,345,偏强
sh603169,2025-03-31,2025-05-15,26.969005663251725,37.128254190978346,10.15924852772662,79.11622276029055,79.11622276029055,346,偏强
sh688220,2025-03-31,2025-05-15,36.72400798343507,46.872478670945114,10.148470687510038,79.05569007263922,79.05569007263922,347,偏强
sh600867,2025-03-31,2025-05-15,51.67799689151343,61.81572156386656,10.137724672353132,78.99515738498789,78.99515738498789,348,偏强
sh600667,2025-03-31,2025-05-15,26.40179396518753,36.515359018489335,10.113565053301807,78.93462469733656,78.93462469733656,349,偏强
sz300755,2025-03-31,2025-05-15,34.46835782535706,44.56637831321642,10.098020487859356,78.87409200968523,78.87409200968523,350,偏强
sz300638,2025-03-31,2025-05-15,34.10398031947603,44.18290007771755,10.078919758241518,78.8135593220339,78.8135593220339,351,偏强
sh600248,2025-03-31,2025-05-15,20.489880731281144,30.561501752952488,10.071621021671346,78.75302663438256,78.75302663438256,352,偏强
sz300134,2025-03-31,2025-05-15,34.39501146230982,44.43546829820446,10.040456835894647,78.69249394673123,78.69249394673123,353,偏强
sz000155,2025-03-31,2025-05-15,42.18812274497549,52.14116986712571,9.953047122150224,78.6319612590799,78.6319612590799,354,偏强
sh603556,2025-03-31,2025-05-15,42.876537206339314,52.82016961036854,9.94363240402922,78.57142857142857,78.57142857142857,355,偏强
sz002338,2025-03-31,2025-05-15,38.46143131335843,48.37946967205071,9.918038358692279,78.51089588377724,78.51089588377724,356,偏强
sz002488,2025-03-31,2025-05-15,30.089249956731987,39.96692358439097,9.877673627658979,78.4503631961259,78.4503631961259,357,偏强
sz002563,2025-03-31,2025-05-15,41.78618250938289,51.649668978958964,9.863486469576076,78.38983050847457,78.38983050847457,358,偏强
sz300896,2025-03-31,2025-05-15,62.356804919041934,72.0659159471031,9.70911102806116,78.32929782082324,78.32929782082324,359,偏强
sh600821,2025-03-31,2025-05-15,36.604992336184644,46.284852990491444,9.679860654306797,78.26876513317191,78.26876513317191,360,偏强
sz002960,2025-03-31,2025-05-15,40.12649020080521,49.73933342133438,9.612843220529173,78.20823244552058,78.20823244552058,361,偏强
sh605011,2025-03-31,2025-05-15,34.37411500652033,43.985370828137604,9.611255821617279,78.14769975786925,78.14769975786925,362,偏强
sh603915,2025-03-31,2025-05-15,36.53082241751108,46.07830021259451,9.547477795083434,78.08716707021792,78.08716707021792,363,偏强
sh603227,2025-03-31,2025-05-15,36.06700372222935,45.586417972530235,9.519414250300883,78.02663438256658,78.02663438256658,364,偏强
sz002123,2021-09-30,2021-11-14,32.33385361656981,41.76428683935328,9.430433222783472,77.96610169491525,77.96610169491525,365,偏强
sh600570,2025-03-31,2025-05-15,42.60058298369959,51.98200694752885,9.381423963829263,77.90556900726392,77.90556900726392,366,偏强
sh601975,2025-03-31,2025-05-15,42.3520206344196,51.72313749870848,9.371116864288883,77.84503631961259,77.84503631961259,367,偏强
sz002304,2025-03-31,2025-05-15,56.74528263963952,66.07824482266422,9.332962183024701,77.78450363196126,77.78450363196126,368,偏强
sh603000,2025-03-31,2025-05-15,38.2062944729309,47.489882842540055,9.283588369609156,77.72397094430993,77.72397094430993,369,偏强
sh688567,2025-03-31,2025-05-15,27.78682487925761,37.062903363471975,9.276078484214363,77.6634382566586,77.6634382566586,370,偏强
sz002791,2025-03-31,2025-05-15,32.268301705311,41.42348253256996,9.155180827258961,77.60290556900726,77.60290556900726,371,偏强
sz002422,2025-03-31,2025-05-15,44.921158823729854,54.075667494561216,9.154508670831362,77.54237288135593,77.54237288135593,372,偏强
sh600059,2025-03-31,2025-05-15,43.10565330797953,52.24457687922882,9.138923571249295,77.4818401937046,77.4818401937046,373,偏强
sz300413,2025-03-31,2025-05-15,37.70026976588159,46.837465648244915,9.13719588236332,77.42130750605327,77.42130750605327,374,偏强
sh601598,2025-03-31,2025-05-15,30.7938365856026,39.920837806974575,9.12700122137197,77.36077481840194,77.36077481840194,375,偏强
sh688281,2025-03-31,2025-05-15,46.339940565826105,55.45144864396157,9.111508078135463,77.3002421307506,77.3002421307506,376,偏强
sh600115,2025-03-31,2025-05-15,21.680132212601958,30.7914507605501,9.111318547948141,77.23970944309927,77.23970944309927,377,偏强
sz000420,2025-03-31,2025-05-15,30.930878688521705,39.98713995517948,9.056261266657772,77.17917675544794,77.17917675544794,378,偏强
sz300146,2025-03-31,2025-05-15,51.86571457909983,60.911197066558735,9.045482487458907,77.11864406779661,77.11864406779661,379,偏强
sz301219,2025-03-31,2025-05-15,39.861350261299506,48.87754916701253,9.016198905713026,77.05811138014528,77.05811138014528,380,偏强
sz001213,2025-03-31,2025-05-15,37.46448798012774,46.47436868601335,9.009880705885605,76.99757869249395,76.99757869249395,381,偏强
sh688205,2025-03-31,2025-05-15,41.90212948995611,50.90632115014843,9.004191660192319,76.93704600484261,76.93704600484261,382,偏强
sz300568,2025-03-31,2025-05-15,37.62320058917084,46.61332123066715,8.990120641496302,76.87651331719128,76.87651331719128,383,偏强
sz301487,2025-03-31,2025-05-15,28.06362673781845,37.0166441077483,8.953017369929848,76.81598062953995,76.81598062953995,384,偏强
sz002101,2025-03-31,2025-05-15,32.44292810150026,41.37265388490535,8.929725783405086,76.75544794188862,76.75544794188862,385,偏强
sh600587,2025-03-31,2025-05-15,34.662141249531224,43.57001082411021,8.907869574578989,76.69491525423729,76.69491525423729,386,偏强
sh603128,2025-03-31,2025-05-15,34.760710243938085,43.6312109850543,8.870500741116217,76.63438256658596,76.63438256658596,387,偏强
sz000503,2025-03-31,2025-05-15,27.655311027380662,36.523606172353006,8.868295144972342,76.57384987893462,76.57384987893462,388,偏强
sz000785,2025-03-31,2025-05-15,34.91334528616608,43.7018177922851,8.788472506119021,76.51331719128329,76.51331719128329,389,偏强
sh688106,2025-03-31,2025-05-15,38.66832357605051,47.456505255481744,8.788181679431235,76.45278450363196,76.45278450363196,390,偏强
sz300598,2025-03-31,2025-05-15,33.98250137070807,42.76529018681179,8.782788816103718,76.39225181598063,76.39225181598063,391,偏强
sh603283,2025-03-31,2025-05-15,39.188296282750066,47.95639006107747,8.768093778327403,76.3317191283293,76.3317191283293,392,偏强
sz002643,2025-03-31,2025-05-15,42.71831051776103,51.47980629057959,8.761495772818552,76.27118644067797,76.27118644067797,393,偏强
sh600017,2025-03-31,2025-05-15,33.567268022578446,42.31494819358796,8.747680171009511,76.21065375302663,76.21065375302663,394,偏强
sz000983,2025-03-31,2025-05-15,38.306274179879544,47.03730194347189,8.731027763592344,76.1501210653753,76.1501210653753,395,偏强
sh600751,2025-03-31,2025-05-15,32.51695099490662,41.23817513234934,8.721224137442716,76.08958837772397,76.08958837772397,396,偏强
sh601698,2025-03-31,2025-05-15,39.38592755366302,48.051971292906266,8.66604373924325,76.02905569007264,76.02905569007264,397,偏强
sz002745,2025-03-31,2025-05-15,37.627508870241336,46.280721948934826,8.653213078693488,75.9685230024213,75.9685230024213,398,偏强
sh600760,2025-03-31,2025-05-15,30.15621914727701,38.78615544805432,8.629936300777313,75.90799031476998,75.90799031476998,399,偏强
sz000738,2025-03-31,2025-05-15,40.39462598702908,48.99570661029588,8.601080623266801,75.84745762711864,75.84745762711864,400,偏强
sz002727,2025-03-31,2025-05-15,39.52424631983166,48.0963580583953,8.572111738563644,75.78692493946731,75.78692493946731,401,偏强
sz300049,2025-03-31,2025-05-15,50.04908224269126,58.56604717732998,8.516964934638713,75.72639225181598,75.72639225181598,402,偏强
sz300751,2025-03-31,2025-05-15,33.53598692833228,41.98681959461494,8.450832666282661,75.66585956416465,75.66585956416465,403,偏强
sz002416,2025-03-31,2025-05-15,30.982195211048374,39.42975516921049,8.447559958162115,75.60532687651332,75.60532687651332,404,偏强
sz000990,2025-03-31,2025-05-15,37.0542223895393,45.490401936867485,8.436179547328187,75.54479418886199,75.54479418886199,405,偏强
sh688006,2025-03-31,2025-05-15,36.9973959707912,45.40555007884359,8.408154108052388,75.48426150121065,75.48426150121065,406,偏强
sh600536,2025-03-31,2025-05-15,33.86619057970152,42.257736445617155,8.391545865915637,75.42372881355932,75.42372881355932,407,偏强
sh601012,2025-03-31,2025-05-15,25.900542263676233,34.271540130851136,8.370997867174903,75.36319612590799,75.36319612590799,408,偏强
sh603043,2025-03-31,2025-05-15,38.2109474842968,46.51743499094538,8.30648750664858,75.30266343825666,75.30266343825666,409,偏强
sh603806,2025-03-31,2025-05-15,35.91422235863609,44.21178275361395,8.297560394977866,75.24213075060533,75.24213075060533,410,偏强
sz300131,2025-03-31,2025-05-15,32.2981873138798,40.585410631816146,8.287223317936343,75.181598062954,75.181598062954,411,偏强
sh603599,2025-03-31,2025-05-15,39.46047645419641,47.71786455316606,8.257388098969647,75.12106537530266,75.12106537530266,412,偏强
sz300378,2025-03-31,2025-05-15,44.15227587268768,52.37787964684255,8.22560377415487,75.06053268765133,75.06053268765133,413,偏强
sh600361,2025-03-31,2025-05-15,30.877730588269696,39.0147868767286,8.137056288458906,75.0,75.0,414,偏强
sz000581,2025-03-31,2025-05-15,37.32790454271727,45.41870387116176,8.09079932844449,74.93946731234867,74.93946731234867,415,偏强
sz300820,2025-03-31,2025-05-15,43.27136616783168,51.33960495751188,8.068238789680203,74.87893462469734,74.87893462469734,416,偏强
sh600556,2025-03-31,2025-05-15,35.338544707908056,43.40351338841783,8.064968680509773,74.818401937046,74.818401937046,417,偏强
sh688549,2024-12-31,2025-04-30,35.39305915297114,43.44311580876103,8.050056655789886,74.75786924939467,74.75786924939467,418,偏强
sz002176,2025-03-31,2025-05-15,32.83566605470794,40.84563433485985,8.009968280151908,74.69733656174334,74.69733656174334,419,偏强
sh600640,2025-03-31,2025-05-15,36.51112121666815,44.50932946179024,7.998208245122088,74.63680387409201,74.63680387409201,420,偏强
sh601000,2025-03-31,2025-05-15,45.97728888324707,53.91946180281497,7.9421729195679,74.57627118644068,74.57627118644068,421,偏强
sh600637,2025-03-31,2025-05-15,40.35507469193817,48.28044602974378,7.925371337805609,74.51573849878935,74.51573849878935,422,偏强
sh688332,2025-03-31,2025-05-15,39.625664139802296,47.54974620190838,7.924082062106079,74.45520581113801,74.45520581113801,423,偏强
sz002738,2025-03-31,2025-05-15,40.44371573344148,48.32653115313007,7.8828154196885905,74.39467312348668,74.39467312348668,424,偏强
sz002326,2025-03-31,2025-05-15,30.71037543041599,38.50720572914797,7.796830298731983,74.33414043583535,74.33414043583535,425,偏强
sh688206,2025-03-31,2025-05-15,57.69423587891118,65.48686282790794,7.792626948996759,74.27360774818402,74.27360774818402,426,偏强
sh688003,2025-03-31,2025-05-15,37.571272632851226,45.324625969650725,7.753353336799496,74.21307506053269,74.21307506053269,427,偏强
sh600872,2025-03-31,2025-05-15,47.473164370680976,55.21352098401809,7.740356613337115,74.15254237288136,74.15254237288136,428,偏强
sh600026,2025-03-31,2025-05-15,38.9345607564762,46.65825195133901,7.723691194862809,74.09200968523002,74.09200968523002,429,偏强
sh600141,2025-03-31,2025-05-15,32.816322662964,40.52877589448654,7.712453231522542,74.0314769975787,74.0314769975787,430,偏强
sz300768,2025-03-31,2025-05-15,49.034698888045256,56.695814786066215,7.661115898020961,73.97094430992736,73.97094430992736,431,偏强
sz300026,2025-03-31,2025-05-15,44.33240818601684,51.983237311940385,7.6508291259235435,73.91041162227603,73.91041162227603,432,偏强
sh600597,2025-03-31,2025-05-15,34.545633896416334,42.186342459000564,7.64070856258423,73.8498789346247,73.8498789346247,433,偏强
sz300529,2025-03-31,2025-05-15,53.39713717252105,60.99941503644423,7.602277863923181,73.78934624697337,73.78934624697337,434,偏强
sh601872,2025-03-31,2025-05-15,40.27740992208796,47.86276200988199,7.585352087794032,73.72881355932203,73.72881355932203,435,偏强
sz301358,2025-03-31,2025-05-15,30.891623767482226,38.469610232647035,7.577986465164807,73.6682808716707,73.6682808716707,436,偏强
sh600095,2025-03-31,2025-05-15,28.837047569786613,36.40965856571462,7.5726109959280095,73.60774818401937,73.60774818401937,437,偏强
sh688266,2025-03-31,2025-05-15,47.96310717329277,55.492837599886016,7.529730426593243,73.54721549636804,73.54721549636804,438,偏强
sz002859,2025-03-31,2025-05-15,41.56649147396203,49.07126300539315,7.504771531431119,73.48668280871671,73.48668280871671,439,偏强
sz002498,2025-03-31,2025-05-15,39.43923171801043,46.90420989002381,7.4649781720133745,73.42615012106538,73.42615012106538,440,偏强
sh603613,2025-03-31,2025-05-15,34.45234812318831,41.893653468159116,7.4413053449708055,73.36561743341404,73.36561743341404,441,偏强
sh600217,2025-03-31,2025-05-15,30.266677249893203,37.69020999846704,7.423532748573841,73.30508474576271,73.30508474576271,442,偏强
sz000058,2025-03-31,2025-05-15,35.61156659214725,43.028726365410876,7.417159773263631,73.24455205811138,73.24455205811138,443,偏强
sh601001,2025-03-31,2025-05-15,42.990909164933676,50.40297653354189,7.412067368608216,73.18401937046005,73.18401937046005,444,偏强
sh600223,2025-03-31,2025-05-15,43.6531625537889,51.058291577762255,7.405129023973354,73.12348668280872,73.12348668280872,445,偏强
sz301589,2025-03-31,2025-05-15,46.94035760380259,54.33900714376926,7.398649539966668,73.06295399515739,73.06295399515739,446,偏强
sz300226,2025-03-31,2025-05-15,28.439828754305505,35.78693829765107,7.347109543345564,73.00242130750605,73.00242130750605,447,偏强
sz002372,2025-03-31,2025-05-15,46.25776468480288,53.57723652294331,7.319471838140432,72.94188861985472,72.94188861985472,448,偏强
sz002060,2025-03-31,2025-05-15,25.884367830328372,33.19758516292915,7.3132173326007806,72.88135593220339,72.88135593220339,449,偏强
sh600201,2025-03-31,2025-05-15,48.10400365765868,55.399624865658595,7.295621207999918,72.82082324455206,72.82082324455206,450,偏强
sh600348,2025-03-31,2025-05-15,38.957080041832725,46.23242210828221,7.275342066449483,72.76029055690073,72.76029055690073,451,偏强
sz002149,2025-03-31,2025-05-15,35.608448735703476,42.869362024917294,7.260913289213821,72.6997578692494,72.6997578692494,452,偏强
sz002651,2025-03-31,2025-05-15,44.90746106228263,52.08261203789374,7.1751509756111105,72.63922518159806,72.63922518159806,453,偏强
sz001979,2025-03-31,2025-05-15,30.780873555366078,37.95549991599368,7.174626360627597,72.57869249394673,72.57869249394673,454,偏强
sz002008,2025-03-31,2025-05-15,40.7907144311045,47.96089526804912,7.170180836944622,72.5181598062954,72.5181598062954,455,偏强
sh600006,2025-03-31,2025-05-15,31.57203332723947,38.72935018482854,7.157316857589068,72.45762711864407,72.45762711864407,456,偏强
sh603171,2025-03-31,2025-05-15,44.75653513896474,51.905169301241926,7.148634162277185,72.39709443099274,72.39709443099274,457,偏强
sz300726,2025-03-31,2025-05-15,50.56871988402957,57.6937219727561,7.125002088726532,72.3365617433414,72.3365617433414,458,偏强
sz000591,2025-03-31,2025-05-15,40.26235007450236,47.375480067770894,7.113129993268535,72.27602905569007,72.27602905569007,459,偏强
sz000930,2025-03-31,2025-05-15,33.1726400810275,40.24957443364957,7.07693435262207,72.21549636803874,72.21549636803874,460,偏强
sh601155,2025-03-31,2025-05-15,34.58020057546894,41.645186860592524,7.064986285123579,72.15496368038741,72.15496368038741,461,偏强
sz300772,2025-03-31,2025-05-15,30.183936553304843,37.230164094405325,7.0462275411004835,72.09443099273608,72.09443099273608,462,偏强
sh688016,2025-03-31,2025-05-15,57.11753457734894,64.15093697709759,7.03340239974864,72.03389830508475,72.03389830508475,463,偏强
sz300223,2025-03-31,2025-05-15,47.590891856963054,54.610905714609714,7.020013857646662,71.97336561743342,71.97336561743342,464,偏强
sz002064,2025-03-31,2025-05-15,38.24221674411776,45.19192762067612,6.949710876558356,71.91283292978208,71.91283292978208,465,偏强
sz000756,2025-03-31,2025-05-15,38.95402677382925,45.89026465111865,6.936237877289402,71.85230024213075,71.85230024213075,466,偏强
sh688543,2025-03-31,2025-05-15,44.20363098319244,51.13656319352236,6.932932210329925,71.79176755447942,71.79176755447942,467,偏强
sz301015,2025-03-31,2025-05-15,45.079099922904575,51.977611315650485,6.89851139274591,71.73123486682809,71.73123486682809,468,偏强
sz000400,2025-03-31,2025-05-15,38.809793656429946,45.70278379869906,6.892990142269113,71.67070217917676,71.67070217917676,469,偏强
sh600519,2025-03-31,2025-05-15,79.75653638280087,86.62389486255024,6.8673584797493685,71.61016949152543,71.61016949152543,470,偏强
sz300482,2025-03-31,2025-05-15,52.62052043924438,59.47921166562026,6.858691226375882,71.5496368038741,71.5496368038741,471,偏强
sh688169,2025-03-31,2025-05-15,53.49464595145189,60.339505922733125,6.844859971281229,71.48910411622276,71.48910411622276,472,偏强
sh603162,2025-03-31,2025-05-15,41.478078554032024,48.270119505151094,6.79204095111907,71.42857142857143,71.42857142857143,473,偏强
sh600100,2025-03-31,2025-05-15,34.15377473085345,40.92676004156144,6.772985310707986,71.3680387409201,71.3680387409201,474,偏强
sh603693,2025-03-31,2025-05-15,45.00659271432979,51.77120231433537,6.764609600005578,71.30750605326877,71.30750605326877,475,偏强
sz301381,2025-03-31,2025-05-15,46.424303024041656,53.17724172358297,6.752938699541318,71.24697336561744,71.24697336561744,476,偏强
sz002237,2025-03-31,2025-05-15,30.48705545798672,37.180053255789105,6.692997797802384,71.1864406779661,71.1864406779661,477,偏强
sz300058,2025-03-31,2025-05-15,30.446271282927764,37.123126340679555,6.676855057751792,71.12590799031477,71.12590799031477,478,偏强
sh601966,2025-03-31,2025-05-15,36.84445233953529,43.502286662574676,6.657834323039387,71.06537530266344,71.06537530266344,479,偏强
sh600118,2025-03-31,2025-05-15,36.672794347174325,43.267949811321046,6.595155464146719,71.00484261501211,71.00484261501211,480,偏强
sh688385,2025-03-31,2025-05-15,50.32044944938138,56.86363758941129,6.543188140029912,70.94430992736078,70.94430992736078,481,偏强
sh603100,2025-03-31,2025-05-15,40.44006295280025,46.97914205279959,6.539079099999338,70.88377723970945,70.88377723970945,482,偏强
sz000028,2025-03-31,2025-05-15,28.25747250035877,34.78094162742334,6.523469127064567,70.8232445520581,70.8232445520581,483,偏强
sz300170,2025-03-31,2025-05-15,41.59365619293505,48.11618688121233,6.522530688277275,70.76271186440678,70.76271186440678,484,偏强
sz000557,2025-03-31,2025-05-15,44.33908024204007,50.83959238998077,6.5005121479407055,70.70217917675545,70.70217917675545,485,偏强
sh600426,2025-03-31,2025-05-15,43.5847960866524,50.07540757168953,6.490611485037126,70.64164648910412,70.64164648910412,486,偏强
sz301050,2025-03-31,2025-05-15,49.156683447444486,55.64510015406209,6.488416706617603,70.58111380145279,70.58111380145279,487,偏强
sz002183,2025-03-31,2025-05-15,29.634149487878336,36.12017613117406,6.48602664329573,70.52058111380146,70.52058111380146,488,偏强
sh600864,2025-03-31,2025-05-15,32.84993417232001,39.324240349890516,6.474306177570501,70.46004842615012,70.46004842615012,489,偏强
sh603728,2025-03-31,2025-05-15,44.170569585221195,50.64095070859345,6.470381123372258,70.39951573849879,70.39951573849879,490,偏强
sz300002,2025-03-31,2025-05-15,53.599772440998116,60.03553064718558,6.435758206187465,70.33898305084746,70.33898305084746,491,偏强
sh688484,2025-03-31,2025-05-15,47.81039989987832,54.2375464814252,6.4271465815468805,70.27845036319611,70.27845036319611,492,偏强
sz000683,2025-03-31,2025-05-15,42.67751611197066,49.080162726451775,6.40264661448111,70.2179176755448,70.2179176755448,493,偏强
sh688005,2025-03-31,2025-05-15,29.601042323034026,35.95727467610205,6.356232353068025,70.15738498789347,70.15738498789347,494,偏强
sh600498,2025-03-31,2025-05-15,34.94115564364801,41.24420016436077,6.303044520712758,70.09685230024213,70.09685230024213,495,偏强
sz300003,2025-03-31,2025-05-15,50.58649892729711,56.889076153765615,6.302577226468504,70.0363196125908,70.0363196125908,496,偏强
sz000898,2025-03-31,2025-05-15,35.990753537680575,42.255941035165286,6.265187497484709,69.97578692493947,69.97578692493947,497,偏强
sh688331,2025-03-31,2025-05-15,47.50330091384733,53.76339844794672,6.260097534099389,69.91525423728814,69.91525423728814,498,偏强
sz300775,2025-03-31,2025-05-15,44.228366426634594,50.464163162635955,6.2357967360013635,69.8547215496368,69.8547215496368,499,偏强
sz000059,2025-03-31,2025-05-15,30.102282387443132,36.307025138584834,6.204742751141698,69.79418886198548,69.79418886198548,500,偏强
sh600388,2025-03-31,2025-05-15,35.99680677841114,42.193883531618965,6.197076753207828,69.73365617433413,69.73365617433413,501,偏强
sz002841,2025-03-31,2025-05-15,38.34429616526756,44.5193771604251,6.175080995157543,69.67312348668281,69.67312348668281,502,偏强
sh600309,2025-03-31,2025-05-15,39.2305751000005,45.404265000095066,6.173689900094562,69.61259079903148,69.61259079903148,503,偏强
sz002541,2025-03-31,2025-05-15,35.126961523079096,41.269825074723315,6.14286355164422,69.55205811138015,69.55205811138015,504,偏强
sh601858,2025-03-31,2025-05-15,42.598881672769814,48.73822398152056,6.139342308750745,69.49152542372882,69.49152542372882,505,偏强
sh601607,2025-03-31,2025-05-15,31.45787698803791,37.57732586473482,6.119448876696907,69.43099273607749,69.43099273607749,506,偏强
sh600809,2025-03-31,2025-05-15,74.38593851875274,80.49811835878256,6.112179840029819,69.37046004842615,69.37046004842615,507,偏强
sz002897,2025-03-31,2025-05-15,38.976061386003124,45.08059937326254,6.104537987259414,69.30992736077482,69.30992736077482,508,偏强
sh601390,2025-03-31,2025-05-15,24.914778335426437,30.985495287078642,6.070716951652203,69.24939467312349,69.24939467312349,509,偏强
sh688180,2025-03-31,2025-05-15,49.11335211380479,55.18303891816922,6.069686804364432,69.18886198547214,69.18886198547214,510,偏强
sz300151,2025-03-31,2025-05-15,40.94204264702453,46.9455097557438,6.003467108719274,69.12832929782083,69.12832929782083,511,偏强
sz002405,2025-03-31,2025-05-15,43.71438948960317,49.7022647569273,5.987875267324126,69.0677966101695,69.0677966101695,512,偏强
sz300001,2025-03-31,2025-05-15,33.69465502022826,39.66402153956216,5.969366519333892,69.00726392251816,69.00726392251816,513,偏强
sz002077,2025-03-31,2025-05-15,38.9412092099521,44.90204119270365,5.960831982751554,68.94673123486683,68.94673123486683,514,偏强
sz000969,2025-03-31,2025-05-15,38.1211376208738,44.05968804437596,5.938550423502154,68.8861985472155,68.8861985472155,515,偏强
sh601898,2025-03-31,2025-05-15,40.480633871666186,46.37592110796484,5.89528723629866,68.82566585956417,68.82566585956417,516,偏强
sz300316,2025-03-31,2025-05-15,43.62670020211754,49.488023690374035,5.861323488256497,68.76513317191282,68.76513317191282,517,偏强
sh600835,2025-03-31,2025-05-15,35.793829248171846,41.63481992627099,5.840990678099143,68.7046004842615,68.7046004842615,518,偏强
sh601139,2025-03-31,2025-05-15,35.13779443755585,40.97788656338166,5.840092125825812,68.64406779661016,68.64406779661016,519,偏强
sh600171,2025-03-31,2025-05-15,44.36360329829523,50.16599785365398,5.802394555358747,68.58353510895884,68.58353510895884,520,偏强
sz300687,2025-03-31,2025-05-15,42.943670610777524,48.736907161867066,5.793236551089539,68.52300242130751,68.52300242130751,521,偏强
sz000860,2025-03-31,2025-05-15,38.181326340627066,43.95806015606588,5.776733815438821,68.46246973365618,68.46246973365618,522,偏强
sz002429,2025-03-31,2025-05-15,39.424478669284476,45.198914522136604,5.774435852852127,68.40193704600485,68.40193704600485,523,偏强
sz002508,2025-03-31,2025-05-15,49.11280658304943,54.85255405080608,5.739747467756654,68.34140435835351,68.34140435835351,524,偏强
sz300034,2025-03-31,2025-05-15,39.82963677029074,45.56614509329266,5.736508323001917,68.28087167070218,68.28087167070218,525,偏强
sz300416,2025-03-31,2025-05-15,43.61296776296828,49.346609970836774,5.733642207868494,68.22033898305084,68.22033898305084,526,偏强
sh601069,2025-03-31,2025-05-15,37.94138475321679,43.66674628857385,5.725361535357058,68.15980629539952,68.15980629539952,527,偏强
sz000498,2025-03-31,2025-05-15,31.072255570520188,36.75920594924348,5.686950378723294,68.09927360774817,68.09927360774817,528,偏强
sz300098,2025-03-31,2025-05-15,41.49756927348877,47.15640754922806,5.658838275739287,68.03874092009686,68.03874092009686,529,偏强
sz002511,2025-03-31,2025-05-15,41.458005662356015,47.10776738052756,5.649761718171545,67.97820823244552,67.97820823244552,530,偏强
sh601800,2025-03-31,2025-05-15,25.981655587821955,31.602977883997433,5.62132229617548,67.91767554479419,67.91767554479419,531,偏强
sz002051,2025-03-31,2025-05-15,37.59664030104271,43.19761103966579,5.600970738623079,67.85714285714286,67.85714285714286,532,偏强
sz002984,2025-03-31,2025-05-15,46.272239365235265,51.82738151730052,5.555142152065255,67.79661016949152,67.79661016949152,533,偏强
sh600339,2025-03-31,2025-05-15,27.700878846284358,33.24944934259737,5.548570496313019,67.7360774818402,67.7360774818402,534,偏强
sz301087,2025-03-31,2025-05-15,50.171598226850826,55.70574718009124,5.534148953240409,67.67554479418885,67.67554479418885,535,偏强
sz300428,2025-03-31,2025-05-15,35.079414216223874,40.57833048699696,5.498916270773083,67.61501210653753,67.61501210653753,536,偏强
sz002867,2025-03-31,2025-05-15,46.06079367565554,51.52294092200061,5.462147246345067,67.55447941888619,67.55447941888619,537,偏强
sh600125,2025-03-31,2025-05-15,42.25513439462309,47.71358740817452,5.4584530135514235,67.49394673123487,67.49394673123487,538,偏强
sh603299,2025-03-31,2025-05-15,43.76620158300306,49.183202265422096,5.417000682419037,67.43341404358354,67.43341404358354,539,偏强
sz002010,2025-03-31,2025-05-15,35.23839025441741,40.6453872692236,5.406997014806187,67.37288135593221,67.37288135593221,540,偏强
sz002911,2025-03-31,2025-05-15,35.74836911600497,41.11993594489349,5.3715668288885166,67.31234866828088,67.31234866828088,541,偏强
sz300760,2025-03-31,2025-05-15,60.85754392503672,66.21608966951057,5.358545744473844,67.25181598062953,67.25181598062953,542,偏强
sh688009,2025-03-31,2025-05-15,37.730636061005974,43.07854702942599,5.347910968420019,67.19128329297821,67.19128329297821,543,偏强
sh600335,2025-03-31,2025-05-15,36.21705282928533,41.562176953999774,5.345124124714447,67.13075060532687,67.13075060532687,544,偏强
sh601186,2025-03-31,2025-05-15,24.73358356458639,30.03190130767878,5.298317743092392,67.07021791767555,67.07021791767555,545,偏强
sh600682,2025-03-31,2025-05-15,45.728931157607335,51.0082011040754,5.279269946468061,67.00968523002422,67.00968523002422,546,偏强
sh600850,2025-03-31,2025-05-15,33.65052901408006,38.89531010112036,5.2447810870403,66.94915254237289,66.94915254237289,547,偏强
sh601608,2025-03-31,2025-05-15,37.40564030613178,42.53393138977288,5.1282910836411,66.88861985472155,66.88861985472155,548,偏强
sz002534,2025-03-31,2025-05-15,36.32551669539719,41.44696956315429,5.121452867757101,66.82808716707022,66.82808716707022,549,偏强
sz002120,2025-03-31,2025-05-15,37.64777773187267,42.76204183927301,5.114264107400341,66.76755447941889,66.76755447941889,550,偏强
sz000550,2025-03-31,2025-05-15,30.204116752018805,35.280071288999345,5.0759545369805394,66.70702179176754,66.70702179176754,551,偏强
sh688702,2024-12-31,2025-04-30,43.232427571431046,48.303652758555316,5.071225187124272,66.64648910411623,66.64648910411623,552,偏强
sz000060,2025-03-31,2025-05-15,35.252118726105294,40.28212059267858,5.030001866573286,66.58595641646488,66.58595641646488,553,偏强
sz300821,2025-03-31,2025-05-15,29.49310315701839,34.523088910653534,5.029985753635147,66.52542372881356,66.52542372881356,554,偏强
sh600177,2025-03-31,2025-05-15,45.39982466515009,50.42178070143811,5.021956036288016,66.46489104116223,66.46489104116223,555,偏强
sz002987,2025-03-31,2025-05-15,41.39830746734675,46.317665237179135,4.919357769832386,66.4043583535109,66.4043583535109,556,偏强
sz000422,2025-03-31,2025-05-15,36.503804174953764,41.41562018622286,4.911816011269096,66.34382566585957,66.34382566585957,557,偏强
sz300919,2025-03-31,2025-05-15,39.59917475664691,44.4462004288022,4.8470256721552865,66.28329297820824,66.28329297820824,558,偏强
sz002192,2025-03-31,2025-05-15,49.45477947304,54.29785822532888,4.8430787522888785,66.2227602905569,66.2227602905569,559,偏强
sh603267,2025-03-31,2025-05-15,47.989059904948434,52.80102621357817,4.811966308629733,66.16222760290556,66.16222760290556,560,偏强
sh600208,2025-03-31,2025-05-15,38.45560854975759,43.253335267070554,4.79772671731296,66.10169491525424,66.10169491525424,561,偏强
sh603658,2025-03-31,2025-05-15,55.81181942398052,60.586266200091295,4.774446776110773,66.0411622276029,66.0411622276029,562,偏强
sz300101,2025-03-31,2025-05-15,50.82713030485154,55.588971468688264,4.761841163836719,65.98062953995158,65.98062953995158,563,偏强
sz002153,2025-03-31,2025-05-15,49.63802215139795,54.38645865274064,4.7484365013426935,65.92009685230025,65.92009685230025,564,偏强
sh601888,2025-03-31,2025-05-15,53.67719333847638,58.37225217339165,4.695058834915272,65.85956416464892,65.85956416464892,565,偏强
sh600390,2024-09-30,2024-11-14,31.310049783732495,36.0034037944285,4.693354010696005,65.79903147699758,65.79903147699758,566,偏强
sh601088,2025-03-31,2025-05-15,50.55874604756162,55.21578492855972,4.657038880998099,65.73849878934624,65.73849878934624,567,偏强
sz300925,2025-03-31,2025-05-15,39.5188155274563,44.17377243271627,4.654956905259974,65.67796610169492,65.67796610169492,568,偏强
sh600188,2025-03-31,2025-05-15,43.487751180403855,48.09025661537653,4.602505434972679,65.61743341404357,65.61743341404357,569,偏强
sz002252,2025-03-31,2025-05-15,51.72137688431075,56.31311700273795,4.591740118427198,65.55690072639226,65.55690072639226,570,偏强
sz000766,2025-03-31,2025-05-15,50.26062987585903,54.84502837595768,4.584398500098654,65.49636803874091,65.49636803874091,571,偏强
sh688390,2025-03-31,2025-05-15,33.913748021930246,38.49239452436061,4.578646502430368,65.4358353510896,65.4358353510896,572,偏强
sz002023,2025-03-31,2025-05-15,43.37158765265879,47.91801875239859,4.5464310997398005,65.37530266343826,65.37530266343826,573,偏强
sh600089,2025-03-31,2025-05-15,41.598873439559014,46.140430431706655,4.54155699214764,65.31476997578693,65.31476997578693,574,偏强
sh601212,2025-03-31,2025-05-15,35.15535025712577,39.67414942720474,4.518799170078971,65.2542372881356,65.2542372881356,575,偏强
sz300130,2025-03-31,2025-05-15,47.8070627641202,52.32297702484891,4.515914260728712,65.19370460048425,65.19370460048425,576,偏强
sh600037,2025-03-31,2025-05-15,40.90820375224633,45.38506397887268,4.4768602266263535,65.13317191283294,65.13317191283294,577,偏强
sz002410,2025-03-31,2025-05-15,53.72475289057688,58.200741190415506,4.475988299838624,65.07263922518159,65.07263922518159,578,偏强
sz002400,2025-03-31,2025-05-15,36.431327965285696,40.894770478291846,4.46344251300615,65.01210653753027,65.01210653753027,579,偏强
sz000030,2025-03-31,2025-05-15,38.38260929409882,42.83615448793542,4.453545193836593,64.95157384987893,64.95157384987893,580,偏强
sh600845,2025-03-31,2025-05-15,46.69284912633885,51.14591864342879,4.453069517089945,64.89104116222761,64.89104116222761,581,偏强
sz002837,2025-03-31,2025-05-15,43.4039597620485,47.840022653361714,4.436062891313217,64.83050847457628,64.83050847457628,582,偏强
sh601908,2025-03-31,2025-05-15,34.75622775635305,39.07090922281314,4.31468146646009,64.76997578692493,64.76997578692493,583,偏强
sh600572,2025-03-31,2025-05-15,49.79543987442625,54.100669406392356,4.305229531966106,64.70944309927361,64.70944309927361,584,偏强
sh600325,2025-03-31,2025-05-15,39.748692041450944,44.0484474633066,4.299755421855661,64.64891041162227,64.64891041162227,585,偏强
sz002601,2025-03-31,2025-05-15,41.230404432378,45.48908749788346,4.258683065505457,64.58837772397095,64.58837772397095,586,偏强
sh601006,2025-03-31,2025-05-15,42.58167674421163,46.78278350463236,4.201106760420734,64.5278450363196,64.5278450363196,587,偏强
sh601228,2025-03-31,2025-05-15,40.55600661888865,44.74514010670524,4.1891334878165924,64.46731234866829,64.46731234866829,588,偏强
sz300260,2025-03-31,2025-05-15,42.332378033968226,46.51319833547436,4.1808203015061345,64.40677966101694,64.40677966101694,589,偏强
sz002163,2025-03-31,2025-05-15,29.652502445232894,33.80181932960261,4.149316884369714,64.34624697336562,64.34624697336562,590,偏强
sz002233,2025-03-31,2025-05-15,46.07659248536016,50.194505839629464,4.117913354269307,64.28571428571429,64.28571428571429,591,偏强
sz002294,2025-03-31,2025-05-15,57.16712891068517,61.21974599707312,4.052617086387947,64.22518159806295,64.22518159806295,592,偏强
sz002104,2025-03-31,2025-05-15,48.070664802468734,52.01966206043541,3.9489972579666754,64.16464891041163,64.16464891041163,593,偏强
sh603345,2025-03-31,2025-05-15,53.28245587580052,57.22198935870811,3.939533482907582,64.10411622276028,64.10411622276028,594,偏强
sh688177,2025-03-31,2025-05-15,48.40485362031779,52.31361652526321,3.908762904945418,64.04358353510897,64.04358353510897,595,偏强
sz300493,2025-03-31,2025-05-15,40.880739009643655,44.78488314393147,3.904144134287813,63.983050847457626,63.983050847457626,596,偏强
sh601777,2024-12-31,2025-04-30,38.804736894792,42.68036169264751,3.875624797855506,63.922518159806295,63.922518159806295,597,偏强
sz002965,2025-03-31,2025-05-15,41.5997935076304,45.47529922161493,3.8755057139845337,63.861985472154956,63.861985472154956,598,偏强
sh603290,2025-03-31,2025-05-15,50.25758571092074,54.05884273148747,3.801257020566729,63.80145278450363,63.80145278450363,599,偏强
sh600315,2025-03-31,2025-05-15,53.092941451538245,56.86671190548053,3.773770453942286,63.74092009685231,63.74092009685231,600,偏强
sz301363,2025-03-31,2025-05-15,51.48458059442691,55.19474832498045,3.710167730553541,63.68038740920097,63.68038740920097,601,偏强
sh688408,2025-03-31,2025-05-15,30.05279522432053,33.61519890118258,3.5624036768620484,63.61985472154964,63.61985472154964,602,偏强
sz002079,2025-03-31,2025-05-15,41.46388972389919,45.01830963262449,3.554419908725294,63.559322033898304,63.559322033898304,603,偏强
sh601669,2025-03-31,2025-05-15,29.123831921373096,32.65664272688866,3.5328108055155636,63.49878934624697,63.49878934624697,604,偏强
sh600452,2025-03-31,2025-05-15,42.741301953893434,46.26889858982833,3.5275966359349007,63.438256658595634,63.438256658595634,605,偏强
sz000967,2025-03-31,2025-05-15,42.6777369115521,46.20309563000871,3.5253587184566118,63.37772397094431,63.37772397094431,606,偏强
sz000049,2025-03-31,2025-05-15,41.38531663855233,44.86008926291574,3.4747726243634127,63.31719128329297,63.31719128329297,607,偏强
sz000932,2025-03-31,2025-05-15,38.77902184521963,42.252589527388075,3.4735676821684422,63.256658595641646,63.256658595641646,608,偏强
sz300127,2025-03-31,2025-05-15,54.3492034925302,57.76346362044785,3.4142601279176517,63.19612590799032,63.19612590799032,609,偏强
sh605123,2025-03-31,2025-05-15,43.44107407041017,46.85218107248163,3.4111070020714576,63.13559322033898,63.13559322033898,610,偏强
sz002203,2025-03-31,2025-05-15,33.67089678982426,37.08158735726251,3.4106905674382477,63.07506053268766,63.07506053268766,611,偏强
sh688778,2025-03-31,2025-05-15,42.91763435497217,46.235255716834565,3.3176213618623946,63.01452784503632,63.01452784503632,612,偏强
sz002053,2025-03-31,2025-05-15,48.50290097307164,51.81911854073787,3.31621756766623,62.95399515738499,62.95399515738499,613,偏强
sh600197,2025-03-31,2025-05-15,53.72426017457669,57.04024697979461,3.3159868052179164,62.89346246973365,62.89346246973365,614,偏强
sh688548,2025-03-31,2025-05-15,47.9323540642805,51.24193573645201,3.3095816721715035,62.832929782082324,62.832929782082324,615,偏强
sz002332,2025-03-31,2025-05-15,53.82470199459903,57.07365747105111,3.2489554764520796,62.772397094430985,62.772397094430985,616,偏强
sh600623,2025-03-31,2025-05-15,34.73437010889563,37.96600338780734,3.2316332789117115,62.71186440677966,62.71186440677966,617,偏强
sz000636,2025-03-31,2025-05-15,43.628276174322885,46.83757206370116,3.2092958893782773,62.651331719128336,62.651331719128336,618,偏强
sh600161,2025-03-31,2025-05-15,53.97779927123614,57.18368279823069,3.205883526994557,62.590799031477,62.590799031477,619,偏强
sz000301,2025-03-31,2025-05-15,33.90305058842778,37.08143275132753,3.1783821628997493,62.530266343825666,62.530266343825666,620,偏强
sh601969,2025-03-31,2025-05-15,46.48598038554306,49.65289091122315,3.166910525680095,62.469733656174334,62.469733656174334,621,偏强
sz002242,2025-03-31,2025-05-15,43.914578750334265,47.07331222814905,3.158733477814786,62.409200968523,62.409200968523,622,偏强
sz002158,2025-03-31,2025-05-15,47.8918315756659,51.032928653117345,3.141097077451447,62.348668280871664,62.348668280871664,623,偏强
sh601636,2025-03-31,2025-05-15,41.39878269941177,44.50824658604618,3.1094638866344053,62.28813559322034,62.28813559322034,624,偏强
sh601233,2025-03-31,2025-05-15,31.07545493289234,34.15324537036531,3.0777904374729665,62.227602905569015,62.227602905569015,625,偏强
sh603279,2025-03-31,2025-05-15,46.47970533182762,49.53353206913597,3.0538267373083556,62.167070217917676,62.167070217917676,626,偏强
sz300450,2025-03-31,2025-05-15,44.21816547997824,47.25976820542592,3.0416027254476785,62.10653753026635,62.10653753026635,627,偏强
sz300661,2025-03-31,2025-05-15,54.25022440888052,57.257776603548685,3.0075521946681665,62.04600484261501,62.04600484261501,628,偏强
sz000582,2025-03-31,2025-05-15,45.54534746709306,48.46621241484369,2.920864947750632,61.98547215496368,61.98547215496368,629,偏强
sz002268,2025-03-31,2025-05-15,49.64758461137851,52.542045481080194,2.894460869701679,61.92493946731234,61.92493946731234,630,偏强
sz300348,2025-03-31,2025-05-15,44.587891297142995,47.474545240961675,2.8866539438186765,61.86440677966102,61.86440677966102,631,偏强
sh600782,2025-03-31,2025-05-15,36.934187320909636,39.803388058909,2.8692007379993654,61.80387409200968,61.80387409200968,632,偏强
sz300079,2025-03-31,2025-05-15,54.45850830235301,57.32507849564256,2.866570193289548,61.743341404358354,61.743341404358354,633,偏强
sz001286,2025-03-31,2025-05-15,46.90807554955463,49.767083618272025,2.8590080687173907,61.68280871670703,61.68280871670703,634,偏强
sh603156,2025-03-31,2025-05-15,51.67362518831316,54.502062042407275,2.8284368540941123,61.62227602905569,61.62227602905569,635,偏强
sh688563,2025-03-31,2025-05-15,49.38075536121057,52.18282500284949,2.8020696416389246,61.561743341404366,61.561743341404366,636,偏强
sz300595,2025-03-31,2025-05-15,62.71686147859975,65.49552810693852,2.7786666283387706,61.50121065375303,61.50121065375303,637,偏强
sh600282,2025-03-31,2025-05-15,39.388665474296296,42.12776414881886,2.7390986745225647,61.440677966101696,61.440677966101696,638,偏强
sz002292,2025-03-31,2025-05-15,48.98982257742136,51.69583022586948,2.706007648448123,61.38014527845036,61.38014527845036,639,偏强
sz002493,2025-03-31,2025-05-15,39.33377488458046,42.028498617768456,2.6947237331879994,61.31961259079903,61.31961259079903,640,偏强
sh603308,2025-03-31,2025-05-15,44.79005306194153,47.47299935999574,2.682946298054214,61.25907990314769,61.25907990314769,641,偏强
sh601231,2025-03-31,2025-05-15,41.158094283105555,43.83554117706105,2.6774468939555005,61.19854721549637,61.19854721549637,642,偏强
sh603360,2025-03-31,2025-05-15,54.77005990993594,57.409040875042635,2.6389809651066995,61.138014527845044,61.138014527845044,643,偏强
sh601333,2025-03-31,2025-05-15,43.01596430939981,45.61604553289839,2.6000812234985755,61.077481840193705,61.077481840193705,644,偏强
sh600903,2025-03-31,2025-05-15,39.93480334107739,42.53268189264323,2.5978785515658425,61.016949152542374,61.016949152542374,645,偏强
sh603899,2025-03-31,2025-05-15,45.913574741671304,48.48095572045662,2.567380978785314,60.95641646489104,60.95641646489104,646,偏强
sh601101,2025-03-31,2025-05-15,48.66873729451902,51.226895004542854,2.5581577100238335,60.89588377723971,60.89588377723971,647,偏强
sh600654,2025-03-31,2025-05-15,39.521544747982105,42.07090585676278,2.549361108780673,60.83535108958837,60.83535108958837,648,偏强
sz300323,2025-03-31,2025-05-15,38.607318361278374,41.130249885825904,2.522931524547534,60.77481840193705,60.77481840193705,649,偏强
sz300725,2025-03-31,2025-05-15,49.99071434569793,52.51243344227555,2.5217190965776206,60.71428571428571,60.71428571428571,650,偏强
sz002241,2025-03-31,2025-05-15,40.109770575658835,42.631280406530614,2.52150983087178,60.653753026634384,60.653753026634384,651,偏强
sz002243,2025-03-31,2025-05-15,42.96565665116771,45.468722065485736,2.5030654143180198,60.59322033898306,60.59322033898306,652,偏强
sz000848,2025-03-31,2025-05-15,54.389452755093224,56.861598460639016,2.472145705545793,60.53268765133172,60.53268765133172,653,偏强
sh600888,2025-03-31,2025-05-15,43.995137267938226,46.46501891532642,2.4698816473881933,60.47215496368039,60.47215496368039,654,偏强
sz300682,2025-03-31,2025-05-15,50.58636465285681,52.9320337571688,2.345669104311992,60.41162227602905,60.41162227602905,655,偏强
sh600055,2025-03-31,2025-05-15,51.080653372277624,53.42584659665179,2.3451932243741616,60.351089588377725,60.351089588377725,656,偏强
sz000828,2025-03-31,2025-05-15,50.39036163419257,52.73370713062702,2.3433454964344422,60.290556900726386,60.290556900726386,657,偏强
sh600056,2025-03-31,2025-05-15,35.939331409855804,38.27443894281062,2.3351075329548134,60.23002421307506,60.23002421307506,658,偏强
sh600153,2025-03-31,2025-05-15,25.78778592603444,28.09275603962751,2.3049701135930674,60.16949152542372,60.16949152542372,659,偏强
sh688139,2025-03-31,2025-05-15,53.30199113867268,55.606741233610315,2.30475009493763,60.1089588377724,60.1089588377724,660,偏强
sz300298,2025-03-31,2025-05-15,52.10103673097183,54.38148623201439,2.2804495010425625,60.048426150121074,60.048426150121074,661,偏强
sz002697,2025-03-31,2025-05-15,46.22951806378602,48.5039445318383,2.2744264680522868,59.987893462469735,59.987893462469735,662,中性
sz002221,2025-03-31,2025-05-15,36.170484664009564,38.41786140150865,2.247376737499086,59.9273607748184,59.9273607748184,663,中性
sh600151,2025-03-31,2025-05-15,37.6076183155867,39.832496488247216,2.2248781726605187,59.866828087167065,59.866828087167065,664,中性
sz002335,2025-03-31,2025-05-15,42.73635404052297,44.95526052926763,2.2189064887446626,59.80629539951574,59.80629539951574,665,中性
sz301095,2025-03-31,2025-05-15,57.5545168271112,59.77179997241179,2.21728314530059,59.7457627118644,59.7457627118644,666,中性
sh600346,2025-03-31,2025-05-15,41.616846737859504,43.81396173184568,2.197114993986174,59.68523002421308,59.68523002421308,667,中性
sh600585,2025-03-31,2025-05-15,47.31571847956475,49.467427294825946,2.1517088152611916,59.62469733656174,59.62469733656174,668,中性
sh688486,2025-03-31,2025-05-15,58.74872959343225,60.89849918615941,2.1497695927271625,59.56416464891041,59.56416464891041,669,中性
sh603883,2025-03-31,2025-05-15,47.83312489271598,49.95307321399113,2.1199483212751495,59.50363196125908,59.50363196125908,670,中性
sz002929,2025-03-31,2025-05-15,27.30494358826295,29.406019245143334,2.1010756568803814,59.44309927360775,59.44309927360775,671,中性
sh688425,2025-03-31,2025-05-15,46.673203898609245,48.76567810187292,2.0924742032636763,59.38256658595642,59.38256658595642,672,中性
sh601882,2025-03-31,2025-05-15,47.242404955676896,49.31147568314116,2.069070727464267,59.32203389830508,59.32203389830508,673,中性
sz300475,2025-03-31,2025-05-15,39.887332494011254,41.924725658835975,2.0373931648247203,59.261501210653755,59.261501210653755,674,中性
sz000830,2025-03-31,2025-05-15,44.2106170879355,46.24653189240369,2.0359148044681867,59.200968523002416,59.200968523002416,675,中性
sh600618,2025-03-31,2025-05-15,45.162323614796584,47.179583933113534,2.0172603183169513,59.14043583535109,59.14043583535109,676,中性
sh600480,2025-03-31,2025-05-15,43.01138521669921,44.99579484078873,1.9844096240895204,59.07990314769975,59.07990314769975,677,中性
sh600048,2025-03-31,2025-05-15,38.17371678072811,40.14816607893532,1.9744492982072153,59.01937046004843,59.01937046004843,678,中性
sz000927,2025-03-31,2025-05-15,38.536850752292146,40.4382701891385,1.9014194368463517,58.958837772397096,58.958837772397096,679,中性
sh601868,2025-03-31,2025-05-15,36.82797906152489,38.72612366203852,1.8981446005136249,58.89830508474576,58.89830508474576,680,中性
sz301269,2025-03-31,2025-05-15,61.912804308388125,63.79964287050216,1.8868385621140336,58.83777239709443,58.83777239709443,681,中性
sz002265,2025-03-31,2025-05-15,40.10676630752658,41.98955166069823,1.8827853531716534,58.777239709443094,58.777239709443094,682,中性
sh600098,2025-03-31,2025-05-15,41.10839105844514,42.97857484854409,1.8701837900989489,58.71670702179177,58.71670702179177,683,中性
sz003816,2025-03-31,2025-05-15,46.60688992139069,48.45774673369162,1.8508568123009352,58.65617433414043,58.65617433414043,684,中性
sz000650,2025-03-31,2025-05-15,51.46141292769637,53.31210046355608,1.8506875358597057,58.595641646489106,58.595641646489106,685,中性
sz000034,2025-03-31,2025-05-15,43.51178932449296,45.34324706139414,1.8314577369011809,58.53510895883777,58.53510895883777,686,中性
sz002152,2025-03-31,2025-05-15,46.476729561961164,48.2975244349099,1.8207948729487367,58.47457627118644,58.47457627118644,687,中性
sz002896,2025-03-31,2025-05-15,47.962482294222056,49.7620549473432,1.7995726531211447,58.41404358353511,58.41404358353511,688,中性
sh600535,2025-03-31,2025-05-15,55.50740571206429,57.25345701476734,1.7460513027030502,58.35351089588377,58.35351089588377,689,中性
sz000568,2025-03-31,2025-05-15,70.78362149526687,72.51725981565296,1.7336383203860901,58.29297820823245,58.29297820823245,690,中性
sh600795,2025-03-31,2025-05-15,43.201941203707634,44.92030173021621,1.7183605265085795,58.23244552058111,58.23244552058111,691,中性
sz002078,2025-03-31,2025-05-15,44.63996737860819,46.35047422794949,1.7105068493412965,58.171912832929785,58.171912832929785,692,中性
sz000928,2025-03-31,2025-05-15,35.43996587727133,37.14094745559074,1.7009815783194133,58.111380145278446,58.111380145278446,693,中性
sz000708,2025-03-31,2025-05-15,40.785751182492994,42.47957648134342,1.6938252988504305,58.05084745762712,58.05084745762712,694,中性
sz301301,2025-03-31,2025-05-15,50.830406121585106,52.520076654638714,1.6896705330536075,57.99031476997578,57.99031476997578,695,中性
sh600549,2025-03-31,2025-05-15,43.75921474237463,45.44450424941592,1.6852895070412903,57.92978208232446,57.92978208232446,696,中性
sz300809,2025-03-31,2025-05-15,51.079880678951916,52.760679591911284,1.6807989129593683,57.869249394673126,57.869249394673126,697,中性
sh688158,2025-03-31,2025-05-15,43.966602946230026,45.63153351713594,1.6649305709059137,57.80871670702179,57.80871670702179,698,中性
sz002777,2025-03-31,2025-05-15,50.4354724979753,52.07883196576295,1.6433594677876546,57.74818401937046,57.74818401937046,699,中性
sz300087,2025-03-31,2025-05-15,39.51693754307853,41.153739065691276,1.6368015226127528,57.687651331719124,57.687651331719124,700,中性
sz002019,2025-03-31,2025-05-15,51.86484887365752,53.48721289346525,1.6223640198077258,57.6271186440678,57.6271186440678,701,中性
sz002081,2025-03-31,2025-05-15,38.75845693303111,40.29523126536614,1.5367743323350247,57.56658595641646,57.56658595641646,702,中性
sz000739,2025-03-31,2025-05-15,45.148519198621024,46.6687994343499,1.520280235728877,57.506053268765136,57.506053268765136,703,中性
sz002020,2025-03-31,2025-05-15,53.477846372709294,54.975850077319805,1.4980037046105128,57.445520581113804,57.445520581113804,704,中性
sh688639,2025-03-31,2025-05-15,47.02728885785998,48.51322281316198,1.4859339553019995,57.384987893462466,57.384987893462466,705,中性
sz000625,2025-03-31,2025-05-15,41.228655864196085,42.70454636699535,1.47589050279927,57.32445520581114,57.32445520581114,706,中性
sh600353,2025-03-31,2025-05-15,46.48558144315702,47.938529497681486,1.4529480545244668,57.2639225181598,57.2639225181598,707,中性
sh600196,2025-03-31,2025-05-15,50.28541199312381,51.695262444723554,1.409850451599746,57.20338983050848,57.20338983050848,708,中性
sz000768,2025-03-31,2025-05-15,32.68493168958155,34.071468198244304,1.3865365086627506,57.14285714285714,57.14285714285714,709,中性
sh601728,2025-03-31,2025-05-15,46.6418767103487,48.027100903525294,1.3852241931765992,57.082324455205814,57.082324455205814,710,中性
sh688819,2025-03-31,2025-05-15,42.03631830722499,43.420458147743105,1.3841398405181158,57.021791767554475,57.021791767554475,711,中性
sh603444,2020-09-30,2020-11-14,80.10266112777079,81.47150183957099,1.3688407118002033,56.96125907990315,56.96125907990315,712,中性
sh603667,2025-03-31,2025-05-15,44.37558798635703,45.7239413295147,1.3483533431576675,56.90072639225182,56.90072639225182,713,中性
sz300080,2025-03-31,2025-05-15,40.30490490935822,41.62875413251902,1.3238492231607997,56.84019370460048,56.84019370460048,714,中性
sh688380,2025-03-31,2025-05-15,58.397110228829725,59.71988473614407,1.3227745073143433,56.779661016949156,56.779661016949156,715,中性
sz002287,2025-03-31,2025-05-15,59.12184351940739,60.440778577835786,1.3189350584283908,56.71912832929782,56.71912832929782,716,中性
sz300456,2025-03-31,2025-05-15,52.0236544307618,53.34208564307608,1.318431212314279,56.65859564164649,56.65859564164649,717,中性
sz002216,2025-03-31,2025-05-15,47.713700737690196,49.006516891430934,1.292816153740734,56.598062953995154,56.598062953995154,718,中性
sz300224,2025-03-31,2025-05-15,42.04613750004249,43.29114305263734,1.2450055525948462,56.53753026634383,56.53753026634383,719,中性
sh600008,2025-03-31,2025-05-15,45.29047025140647,46.52625814606629,1.235787894659821,56.47699757869249,56.47699757869249,720,中性
sh600970,2025-03-31,2025-05-15,41.19574587685707,42.39433521960924,1.1985893427521739,56.416464891041166,56.416464891041166,721,中性
sh600211,2025-03-31,2025-05-15,68.8618861449976,70.03864845531405,1.176762310316453,56.355932203389834,56.355932203389834,722,中性
sz002612,2025-03-31,2025-05-15,54.09554391882655,55.26023703003684,1.1646931112102878,56.295399515738495,56.295399515738495,723,中性
sz000758,2025-03-31,2025-05-15,44.95624507921264,46.1146161303582,1.1583710511455587,56.23486682808717,56.23486682808717,724,中性
sh600131,2025-03-31,2025-05-15,41.36104843285618,42.50571044191113,1.14466200905495,56.17433414043583,56.17433414043583,725,中性
sz002312,2025-03-31,2025-05-15,42.084153306307364,43.21647310993944,1.1323198036320794,56.11380145278451,56.11380145278451,726,中性
sz002097,2025-03-31,2025-05-15,39.12526818056048,40.19622587686843,1.0709576963079506,56.05326876513317,56.05326876513317,727,中性
sz300007,2025-03-31,2025-05-15,44.15923716311532,45.19358250978534,1.034345346670018,55.992736077481844,55.992736077481844,728,中性
sz000938,2025-03-31,2025-05-15,43.46813887128777,44.468324829205734,1.000185957917966,55.932203389830505,55.932203389830505,729,中性
sh601016,2025-03-31,2025-05-15,49.92937855371126,50.899686698079265,0.9703081443680068,55.87167070217917,55.87167070217917,730,中性
sh600808,2025-03-31,2025-05-15,35.77949006080635,36.710141794840325,0.9306517340339711,55.81113801452785,55.81113801452785,731,中性
sz300009,2025-03-31,2025-05-15,62.74814898310164,63.658783991654914,0.9106350085532686,55.75060532687651,55.75060532687651,732,中性
sh601399,2025-03-31,2025-05-15,41.88634129219048,42.79145098927821,0.9051096970877326,55.690072639225185,55.690072639225185,733,中性
sz000970,2025-03-31,2025-05-15,44.917078735269634,45.7798523920561,0.8627736567864692,55.62953995157385,55.62953995157385,734,中性
sz002276,2025-03-31,2025-05-15,39.84874712061735,40.640193707548434,0.791446586931084,55.56900726392252,55.56900726392252,735,中性
sh600104,2025-03-31,2025-05-15,41.115775464822136,41.90233629443055,0.7865608296084139,55.50847457627118,55.50847457627118,736,中性
sh603355,2025-03-31,2025-05-15,47.54244719284737,48.316122036368995,0.7736748435216241,55.44794188861986,55.44794188861986,737,中性
sh600096,2025-03-31,2025-05-15,50.78504287549515,51.553283873502735,0.7682409980075828,55.38740920096852,55.38740920096852,738,中性
sh600458,2025-03-31,2025-05-15,39.99439207780062,40.74018978758672,0.7457977097861037,55.32687651331719,55.32687651331719,739,中性
sz002985,2025-03-31,2025-05-15,55.90371886166033,56.61501808946442,0.7112992278040919,55.266343825665864,55.266343825665864,740,中性
sh600521,2025-03-31,2025-05-15,54.44528225954666,55.15172385229194,0.7064415927452783,55.205811138014525,55.205811138014525,741,中性
sh600789,2025-03-31,2025-05-15,45.06811463654745,45.704904032714694,0.6367893961672424,55.1452784503632,55.1452784503632,742,中性
sz300339,2025-03-31,2025-05-15,46.8529174380096,47.47539620762876,0.6224787696191634,55.08474576271186,55.08474576271186,743,中性
sz300357,2025-03-31,2025-05-15,65.87566668623413,66.47519776544951,0.5995310792153876,55.02421307506054,55.02421307506054,744,中性
sh600329,2025-03-31,2025-05-15,58.58303581126654,59.16601908409794,0.5829832728313984,54.9636803874092,54.9636803874092,745,中性
sz000837,2025-03-31,2025-05-15,43.95924264382811,44.49262072425346,0.5333780804253483,54.903147699757874,54.903147699757874,746,中性
sz002882,2025-03-31,2025-05-15,44.774694531205284,45.3036549452175,0.5289604140122208,54.842615012106535,54.842615012106535,747,中性
sz000338,2025-03-31,2025-05-15,43.84238757208855,44.36932560809159,0.5269380360030482,54.7820823244552,54.7820823244552,748,中性
sh600941,2025-03-31,2025-05-15,55.58061596314881,56.08512449702095,0.5045085338721418,54.72154963680388,54.72154963680388,749,中性
sz000795,2025-03-31,2025-05-15,47.27154768350866,47.76703878681373,0.4954911033050702,54.66101694915254,54.66101694915254,750,中性
sh688271,2025-03-31,2025-05-15,53.96916338489457,54.45489245220941,0.4857290673148391,54.600484261501215,54.600484261501215,751,中性
sh601615,2025-03-31,2025-05-15,40.2674825349508,40.752635488484394,0.4851529535335952,54.539951573849876,54.539951573849876,752,中性
sz000676,2025-03-31,2025-05-15,50.1772919062576,50.660125224428185,0.4828333181705877,54.47941888619855,54.47941888619855,753,中性
sz002017,2025-03-31,2025-05-15,48.500603453851106,48.97098999585461,0.4703865420035025,54.41888619854721,54.41888619854721,754,中性
sh600642,2025-03-31,2025-05-15,46.222255601275464,46.68098696049756,0.45873135922209807,54.35835351089588,54.35835351089588,755,中性
sz300294,2025-03-31,2025-05-15,58.812595144730956,59.2648856764845,0.45229053175354283,54.29782082324455,54.29782082324455,756,中性
sh688612,2025-03-31,2025-05-15,45.62042165426856,46.07103008083719,0.450608426568631,54.23728813559322,54.23728813559322,757,中性
sh688052,2025-03-31,2025-05-15,55.930538141713754,56.37222067950832,0.44168253779456257,54.17675544794189,54.17675544794189,758,中性
sz000156,2025-03-31,2025-05-15,46.61280248143926,47.02792166274548,0.4151191813062167,54.116222760290555,54.116222760290555,759,中性
sz301155,2025-03-31,2025-05-15,44.98963384993305,45.40163480371725,0.4120009537841982,54.05569007263923,54.05569007263923,760,中性
sh603225,2025-03-31,2025-05-15,35.07665563556127,35.43507124362972,0.35841560806844575,53.99515738498789,53.99515738498789,761,中性
sz002275,2025-03-31,2025-05-15,61.71357412066952,62.06963214116912,0.3560580204996062,53.93462469733657,53.93462469733657,762,中性
sz002036,2025-03-31,2025-05-15,36.48349313589494,36.83431979891605,0.35082666302110965,53.87409200968523,53.87409200968523,763,中性
sz002156,2025-03-31,2025-05-15,44.152723536297,44.47511808985622,0.3223945535592121,53.813559322033896,53.813559322033896,764,中性
sh603383,2025-03-31,2025-05-15,59.77428545787223,60.09539668459354,0.32111122672130565,53.753026634382564,53.753026634382564,765,中性
sz300319,2025-03-31,2025-05-15,48.34729626305288,48.665612504308235,0.31831624125535174,53.69249394673123,53.69249394673123,766,中性
sz002670,2017-12-31,2018-04-30,35.17263057415236,35.48865771544917,0.3160271412968141,53.63196125907991,53.63196125907991,767,中性
sz002351,2025-03-31,2025-05-15,56.528005095978955,56.84252582482395,0.31452072884500004,53.57142857142857,53.57142857142857,768,中性
sh600502,2025-03-31,2025-05-15,34.92093719030339,35.21900243898046,0.29806524867706985,53.510895883777245,53.510895883777245,769,中性
sz002507,2025-03-31,2025-05-15,59.276183098814165,59.54164161374075,0.2654585149265827,53.450363196125906,53.450363196125906,770,中性
sz300257,2025-03-31,2025-05-15,47.67767486594485,47.900739111509836,0.2230642455649816,53.38983050847458,53.38983050847458,771,中性
sz000895,2025-03-31,2025-05-15,49.83463230115465,50.017712172611176,0.18307987145652782,53.32929782082324,53.32929782082324,772,中性
sh600717,2025-03-31,2025-05-15,50.24718902690359,50.41513034505597,0.16794131815238345,53.26876513317191,53.26876513317191,773,中性
sz002605,2025-03-31,2025-05-15,53.424703803194596,53.585601604382965,0.16089780118836816,53.20823244552058,53.20823244552058,774,中性
sh600801,2025-03-31,2025-05-15,46.27940688278847,46.43149450624271,0.15208762345423876,53.14769975786925,53.14769975786925,775,中性
sz000543,2025-03-31,2025-05-15,44.946596092818695,45.09486026276829,0.14826416994960123,53.08716707021792,53.08716707021792,776,中性
sh601038,2025-03-31,2025-05-15,49.3598106159963,49.50801603169539,0.14820541569908663,53.026634382566584,53.026634382566584,777,中性
sh601326,2025-03-31,2025-05-15,51.882930002827145,52.01125206331237,0.1283220604852231,52.96610169491526,52.96610169491526,778,中性
sh688538,2025-03-31,2025-05-15,33.28320282997742,33.40088246073815,0.1176796307607304,52.90556900726392,52.90556900726392,779,中性
sz300073,2025-03-31,2025-05-15,48.95782858588259,49.07286822500782,0.11503963912523085,52.84503631961259,52.84503631961259,780,中性
sh600019,2025-03-31,2025-05-15,44.22663272240788,44.32248601725703,0.09585329484914651,52.78450363196126,52.78450363196126,781,中性
sh603826,2025-03-31,2025-05-15,46.799817376854044,46.88318105208236,0.08336367522831023,52.723970944309926,52.723970944309926,782,中性
sz300255,2025-03-31,2025-05-15,42.193673857306564,42.25951959794054,0.06584574063397552,52.66343825665859,52.66343825665859,783,中性
sz300917,2025-03-31,2025-05-15,44.4811639639039,44.49423742673272,0.013073462828814275,52.60290556900726,52.60290556900726,784,中性
sh688235,2024-12-31,2025-04-30,52.45410688447516,52.35034138891402,-0.10376549556113901,52.54237288135594,52.54237288135594,785,中性
sz301236,2025-03-31,2025-05-15,39.71382470068413,39.55580293032056,-0.15802177036357057,52.4818401937046,52.4818401937046,786,中性
sh600267,2025-03-31,2025-05-15,49.807001602420954,49.64231254064091,-0.16468906178004417,52.421307506053274,52.421307506053274,787,中性
sz000899,2025-03-31,2025-05-15,44.946274091718834,44.726433581061464,-0.21984051065736832,52.360774818401936,52.360774818401936,788,中性
sz300783,2025-03-31,2025-05-15,52.36232684031143,52.09511931386582,-0.2672075264456095,52.300242130750604,52.300242130750604,789,中性
sz002110,2025-03-31,2025-05-15,38.53058268864603,38.25670426513041,-0.2738784235156192,52.23970944309927,52.23970944309927,790,中性
sh688289,2025-03-31,2025-05-15,63.09787010110083,62.81059012846261,-0.2872799726382207,52.17917675544794,52.17917675544794,791,中性
sh600258,2025-03-31,2025-05-15,50.03676984971783,49.72458558002514,-0.3121842696926884,52.118644067796616,52.118644067796616,792,中性
sh601918,2025-03-31,2025-05-15,51.82839773391103,51.47328630011184,-0.35511143379919485,52.05811138014528,52.05811138014528,793,中性
sz002941,2025-03-31,2025-05-15,37.06409611084114,36.69469985114448,-0.369396259696664,51.99757869249395,51.99757869249395,794,中性
sh603885,2025-03-31,2025-05-15,44.525065784773595,44.12804226553556,-0.39702351923803303,51.937046004842614,51.937046004842614,795,中性
sh600050,2025-03-31,2025-05-15,48.463423718287146,48.058467392696805,-0.4049563255903431,51.87651331719129,51.87651331719129,796,中性
sh601118,2025-03-31,2025-05-15,39.48037459428309,39.05334258354004,-0.42703201074305464,51.81598062953995,51.81598062953995,797,中性
sh688432,2025-03-31,2025-05-15,55.01000005628062,54.553132827798855,-0.4568672284817658,51.75544794188862,51.75544794188862,798,中性
sz300496,2025-03-31,2025-05-15,56.11739010047481,55.65021616942757,-0.46717393104723454,51.69491525423729,51.69491525423729,799,中性
sz002061,2025-03-31,2025-05-15,37.87392765884771,37.40412691297367,-0.469800745874039,51.634382566585955,51.634382566585955,800,中性
sz002320,2025-03-31,2025-05-15,57.474300860573024,56.97571384110376,-0.49858701946926315,51.57384987893463,51.57384987893463,801,中性
sh601857,2025-03-31,2025-05-15,50.81580757155908,50.31117930169027,-0.5046282698688116,51.51331719128329,51.51331719128329,802,中性
sz002236,2025-03-31,2025-05-15,52.80730930181721,52.28567083060724,-0.5216384712099762,51.45278450363197,51.45278450363197,803,中性
sz002399,2025-03-31,2025-05-15,51.58755133706769,51.04812148721806,-0.5394298498496252,51.39225181598063,51.39225181598063,804,中性
sz002091,2025-03-31,2025-05-15,44.14954593010548,43.608897212278656,-0.5406487178268264,51.3317191283293,51.3317191283293,805,中性
sh601225,2025-03-31,2025-05-15,55.75981236034975,55.21194620319001,-0.5478661571597403,51.271186440677965,51.271186440677965,806,中性
sh600120,2025-03-31,2025-05-15,41.222032237469165,40.65473505868151,-0.5672971787876535,51.210653753026634,51.210653753026634,807,中性
sz002967,2025-03-31,2025-05-15,50.98903082602263,50.39573225100026,-0.5932985750223648,51.150121065375295,51.150121065375295,808,中性
sh603589,2025-03-31,2025-05-15,63.606259323161446,62.9796821374691,-0.6265771856923514,51.08958837772397,51.08958837772397,809,中性
sz002497,2025-03-31,2025-05-15,47.71445813935647,47.07896368519424,-0.6354944541622374,51.029055690072646,51.029055690072646,810,中性
sh600380,2025-03-31,2025-05-15,58.47940845984174,57.81984044975132,-0.6595680100904272,50.96852300242131,50.96852300242131,811,中性
sh600022,2025-03-31,2025-05-15,37.258195456536676,36.597649851480334,-0.660545605056341,50.90799031476998,50.90799031476998,812,中性
sz002075,2025-03-31,2025-05-15,44.1856759398153,43.524221500536726,-0.6614544392785707,50.847457627118644,50.847457627118644,813,中性
sh601500,2025-03-31,2025-05-15,41.71552550438614,40.9801608642298,-0.7353646401563396,50.78692493946731,50.78692493946731,814,中性
sz002043,2025-03-31,2025-05-15,46.288096787814325,45.53688621087825,-0.7512105769360735,50.72639225181598,50.72639225181598,815,中性
sh600033,2025-03-31,2025-05-15,59.297786715147026,58.44561708872432,-0.8521696264227043,50.66585956416465,50.66585956416465,816,中性
sh688503,2025-03-31,2025-05-15,40.94482257131658,40.085479103443035,-0.8593434678735424,50.60532687651331,50.60532687651331,817,中性
sh600378,2025-03-31,2025-05-15,48.30965854213448,47.4460857164507,-0.8635728256837717,50.544794188861985,50.544794188861985,818,中性
sz000999,2025-03-31,2025-05-15,59.96994359296664,59.099775747796635,-0.8701678451700026,50.48426150121066,50.48426150121066,819,中性
sz002151,2025-03-31,2025-05-15,52.99117187567978,52.11939019506028,-0.8717816806195063,50.42372881355932,50.42372881355932,820,中性
sz001203,2025-03-31,2025-05-15,55.440820054247496,54.54531157771394,-0.8955084765335563,50.363196125908,50.363196125908,821,中性
sz002230,2025-03-31,2025-05-15,48.41689665492058,47.51337549691253,-0.9035211580080478,50.30266343825666,50.30266343825666,822,中性
sz000950,2025-03-31,2025-05-15,36.29344179846101,35.370212388683605,-0.9232294097774078,50.24213075060533,50.24213075060533,823,中性
sz300679,2025-03-31,2025-05-15,55.37075958674532,54.424453607284626,-0.9463059794606948,50.181598062953995,50.181598062953995,824,中性
sz300012,2025-03-31,2025-05-15,56.092421041299765,55.13395126582919,-0.9584697754705792,50.12106537530266,50.12106537530266,825,中性
sh601921,2025-03-31,2025-05-15,48.20177476778137,47.18597735380564,-1.015797413975732,50.060532687651325,50.060532687651325,826,中性
sz000009,2025-03-31,2025-05-15,46.89029580967406,45.85970087074107,-1.0305949389329825,50.0,50.0,827,中性
sz002518,2025-03-31,2025-05-15,51.23380863459436,50.19945500670375,-1.0343536278906091,49.93946731234867,49.93946731234867,828,中性
sh600773,2025-03-31,2025-05-15,43.57903187778107,42.527736336738386,-1.0512955410426863,49.87893462469734,49.87893462469734,829,中性
sz000063,2025-03-31,2025-05-15,51.68554108339844,50.59935363018515,-1.0861874532132945,49.818401937046005,49.818401937046005,830,中性
sz300999,2025-03-31,2025-05-15,46.959301037001524,45.86095208785225,-1.0983489491492753,49.75786924939467,49.75786924939467,831,中性
sh601689,2025-03-31,2025-05-15,49.47000611312587,48.360621389824495,-1.1093847233013738,49.69733656174334,49.69733656174334,832,中性
sz002266,2025-03-31,2025-05-15,45.47281956008774,44.35020942740009,-1.1226101326876567,49.63680387409201,49.63680387409201,833,中性
sz002046,2025-03-31,2025-05-15,50.39008408170075,49.256712889327346,-1.133371192373403,49.57627118644068,49.57627118644068,834,中性
sh601965,2025-03-31,2025-05-15,55.74689213706733,54.583268952919504,-1.1636231841478233,49.51573849878935,49.51573849878935,835,中性
sh688190,2025-03-31,2025-05-15,52.74544403299724,51.58024611407176,-1.1651979189254764,49.455205811138015,49.455205811138015,836,中性
sh601021,2025-03-31,2025-05-15,49.51643628960285,48.34217983089441,-1.1742564587084419,49.39467312348668,49.39467312348668,837,中性
sz002226,2025-03-31,2025-05-15,50.399377482362894,49.22470332244029,-1.174674159922601,49.33414043583535,49.33414043583535,838,中性
sh601877,2025-03-31,2025-05-15,49.86020113885659,48.68008800999135,-1.1801131288652336,49.27360774818402,49.27360774818402,839,中性
sz002004,2025-03-31,2025-05-15,50.902663852389445,49.707655517233164,-1.1950083351562784,49.21307506053269,49.21307506053269,840,中性
sh600511,2025-03-31,2025-05-15,39.73252834570326,38.50420336208588,-1.2283249836173737,49.152542372881356,49.152542372881356,841,中性
sh600233,2025-03-31,2025-05-15,49.830229664208815,48.55555347426573,-1.2746761899430838,49.092009685230025,49.092009685230025,842,中性
sh603083,2025-03-31,2025-05-15,45.65242710516083,44.37642940312284,-1.2759977020379911,49.03147699757869,49.03147699757869,843,中性
sh600905,2025-03-31,2025-05-15,51.705591350722216,50.31659070651608,-1.3890006442061384,48.97094430992736,48.97094430992736,844,中性
sh600803,2025-03-31,2025-05-15,46.87589571483079,45.48644251812718,-1.3894531967036112,48.91041162227603,48.91041162227603,845,中性
sh600007,2025-03-31,2025-05-15,60.62382710953904,59.185192668912535,-1.4386344406265108,48.8498789346247,48.8498789346247,846,中性
sh601668,2025-03-31,2025-05-15,36.821133171890466,35.36814835704898,-1.4529848148414852,48.789346246973366,48.789346246973366,847,中性
sh605333,2025-03-31,2025-05-15,45.45401060313101,43.9798918123744,-1.4741187907566144,48.728813559322035,48.728813559322035,848,中性
sz001965,2025-03-31,2025-05-15,51.88324831818158,50.387097900214876,-1.496150417966701,48.6682808716707,48.6682808716707,849,中性
sz000959,2025-03-31,2025-05-15,41.74707437424857,40.21674173304211,-1.5303326412064544,48.60774818401937,48.60774818401937,850,中性
sz002938,2025-03-31,2025-05-15,53.7391246390148,52.19704266762386,-1.5420819713909353,48.54721549636804,48.54721549636804,851,中性
sh605555,2025-03-31,2025-05-15,50.0810130892944,48.53105733329817,-1.549955755996232,48.48668280871671,48.48668280871671,852,中性
sz002131,2025-03-31,2025-05-15,43.369953155930766,41.79568117687997,-1.5742719790508026,48.426150121065376,48.426150121065376,853,中性
sz002125,2025-03-31,2025-05-15,50.142156664707265,48.55903727894963,-1.5831193857576356,48.365617433414045,48.365617433414045,854,中性
sz002568,2025-03-31,2025-05-15,61.48824485439538,59.899287487060185,-1.5889573673351949,48.30508474576271,48.30508474576271,855,中性
sh603013,2025-03-31,2025-05-15,50.347006036617536,48.74827935724003,-1.5987266793775088,48.24455205811138,48.24455205811138,856,中性
sh688301,2025-03-31,2025-05-15,58.07037801753348,56.46509679148096,-1.60528122605252,48.18401937046005,48.18401937046005,857,中性
sh688568,2025-03-31,2025-05-15,53.44046949822855,51.822288852405094,-1.618180645823456,48.12348668280872,48.12348668280872,858,中性
sh603341,2024-12-31,2025-04-30,44.62181086008876,42.995631551265426,-1.6261793088233314,48.062953995157386,48.062953995157386,859,中性
sh600552,2025-03-31,2025-05-15,45.97649557880396,44.34215536751562,-1.6343402112883383,48.002421307506054,48.002421307506054,860,中性
sz003021,2025-03-31,2025-05-15,56.86539236408651,55.2226457774263,-1.6427465866602078,47.94188861985472,47.94188861985472,861,中性
sh600316,2025-03-31,2025-05-15,41.66658273117158,40.02336738854586,-1.6432153426257217,47.88135593220339,47.88135593220339,862,中性
sz002608,2025-03-31,2025-05-15,46.72116336213776,45.028325067793865,-1.6928382943438929,47.82082324455206,47.82082324455206,863,中性
sh601089,2025-03-31,2025-05-15,62.84209794565954,61.11003237885894,-1.7320655668005984,47.76029055690073,47.76029055690073,864,中性
sh600741,2025-03-31,2025-05-15,46.55879168020665,44.795766106682954,-1.7630255735237004,47.699757869249396,47.699757869249396,865,中性
sz300750,2025-03-31,2025-05-15,67.363335561385,65.58836300381779,-1.774972557567217,47.63922518159806,47.63922518159806,866,中性
sz002832,2025-03-31,2025-05-15,65.6274787413772,63.8334471073851,-1.7940316339921085,47.57869249394673,47.57869249394673,867,中性
sh601018,2025-03-31,2025-05-15,53.903535969119005,52.107054823153284,-1.7964811459657188,47.5181598062954,47.5181598062954,868,中性
sh600529,2025-03-31,2025-05-15,55.41733858155761,53.6107229891854,-1.8066155923722125,47.45762711864407,47.45762711864407,869,中性
sh601098,2025-03-31,2025-05-15,56.30734891929956,54.50030390789603,-1.8070450114035221,47.39709443099274,47.39709443099274,870,中性
sz002179,2025-03-31,2025-05-15,52.061841033046974,50.24321291185376,-1.818628121193213,47.336561743341406,47.336561743341406,871,中性
sh601519,2025-03-31,2025-05-15,54.68655476061142,52.82458497758103,-1.8619697830303905,47.276029055690074,47.276029055690074,872,中性
sh600522,2025-03-31,2025-05-15,47.84742236471638,45.98458006254647,-1.862842302169911,47.21549636803874,47.21549636803874,873,中性
sz000933,2025-03-31,2025-05-15,50.96869948740038,49.100856782897104,-1.8678427045032764,47.15496368038741,47.15496368038741,874,中性
sh600362,2025-03-31,2025-05-15,43.09753861343782,41.1871359114646,-1.910402701973218,47.09443099273607,47.09443099273607,875,中性
sh600938,2025-03-31,2025-05-15,62.74562115542977,60.795154781763614,-1.9504663736661538,47.03389830508475,47.03389830508475,876,中性
sh600486,2025-03-31,2025-05-15,59.25148319087503,57.29685576890528,-1.9546274219697481,46.973365617433416,46.973365617433416,877,中性
sz002851,2025-03-31,2025-05-15,49.650464038072805,47.69011100903515,-1.9603530290376534,46.912832929782084,46.912832929782084,878,中性
sh688111,2025-03-31,2025-05-15,68.01786340513095,66.05524802854521,-1.9626153765857424,46.85230024213075,46.85230024213075,879,中性
sh601611,2025-03-31,2025-05-15,32.64979562642827,30.68233002835175,-1.967465598076521,46.79176755447942,46.79176755447942,880,中性
sh600075,2025-03-31,2025-05-15,43.70030062777107,41.73051912005823,-1.96978150771284,46.73123486682809,46.73123486682809,881,中性
sz300144,2025-03-31,2025-05-15,62.59300442446213,60.59176405592513,-2.001240368537,46.67070217917676,46.67070217917676,882,中性
sz000951,2025-03-31,2025-05-15,42.523916456234886,40.51962062892139,-2.0042958273134968,46.61016949152542,46.61016949152542,883,中性
sh600332,2025-03-31,2025-05-15,43.6428902964053,41.59991680327192,-2.0429734931333825,46.54963680387409,46.54963680387409,884,中性
sz000596,2025-03-31,2025-05-15,75.8728952665757,73.82044400200444,-2.0524512645712623,46.48910411622276,46.48910411622276,885,中性
sz300207,2025-03-31,2025-05-15,48.541300978528355,46.40429511994061,-2.13700585858774,46.42857142857143,46.42857142857143,886,中性
sh600461,2025-03-31,2025-05-15,50.14315243886518,47.99352261155563,-2.1496298273095436,46.3680387409201,46.3680387409201,887,中性
sh600583,2025-03-31,2025-05-15,49.91018825377726,47.7536390322164,-2.1565492215608604,46.30750605326877,46.30750605326877,888,中性
sh600039,2025-03-31,2025-05-15,43.55209039445246,41.394059032646126,-2.1580313618063363,46.246973365617436,46.246973365617436,889,中性
sh603160,2025-03-31,2025-05-15,57.97591869897117,55.79205661005581,-2.1838620889153617,46.186440677966104,46.186440677966104,890,中性
sz000061,2025-03-31,2025-05-15,48.057004606360216,45.78919559662883,-2.2678090097313897,46.125907990314765,46.125907990314765,891,中性
sh600704,2025-03-31,2025-05-15,37.996625373224106,35.673809443724785,-2.322815929499318,46.06537530266343,46.06537530266343,892,中性
sz300618,2025-03-31,2025-05-15,49.78554318586319,47.45986099268113,-2.3256821931820584,46.00484261501211,46.00484261501211,893,中性
sz300674,2025-03-31,2025-05-15,51.67298496209328,49.31500976959012,-2.35797519250316,45.94430992736078,45.94430992736078,894,中性
sh688343,2025-03-31,2025-05-15,51.5522378638783,49.167947827351256,-2.3842900365270383,45.883777239709445,45.883777239709445,895,中性
sz002415,2025-03-31,2025-05-15,55.90226929649213,53.50001336229758,-2.4022559341945495,45.823244552058114,45.823244552058114,896,中性
sh600406,2025-03-31,2025-05-15,51.80596965438424,49.39173248313772,-2.414237171246519,45.76271186440678,45.76271186440678,897,中性
sh600783,2025-03-31,2025-05-15,54.88764499712056,52.45005161546523,-2.4375933816553292,45.70217917675545,45.70217917675545,898,中性
sh688017,2025-03-31,2025-05-15,55.665261993540405,53.215747015525295,-2.449514978015106,45.64164648910412,45.64164648910412,899,中性
sh688660,2025-03-31,2025-05-15,41.13765352805915,38.64234358062985,-2.4953099474292983,45.58111380145278,45.58111380145278,900,中性
sh600509,2025-03-31,2025-05-15,46.81666021768817,44.29407683077715,-2.5225833869110152,45.52058111380145,45.52058111380145,901,中性
sh603055,2025-03-31,2025-05-15,50.02608236023712,47.45886049538753,-2.567221864849583,45.460048426150124,45.460048426150124,902,中性
sz002145,2025-03-31,2025-05-15,49.65368647704083,47.08527667701599,-2.5684098000248383,45.39951573849879,45.39951573849879,903,中性
sz002831,2025-03-31,2025-05-15,53.5961610587718,51.01195026088343,-2.5842107978883693,45.33898305084746,45.33898305084746,904,中性
sz300580,2025-03-31,2025-05-15,56.33797956780788,53.74843633339376,-2.589543234414113,45.27845036319613,45.27845036319613,905,中性
sz002536,2025-03-31,2025-05-15,53.26386579586827,50.630037427412496,-2.6338283684557755,45.2179176755448,45.2179176755448,906,中性
sh600420,2025-03-31,2025-05-15,56.11925615148807,53.47347397044633,-2.645782181041738,45.157384987893465,45.157384987893465,907,中性
sh688596,2025-03-31,2025-05-15,49.018120397145864,46.358713461426746,-2.6594069357191223,45.096852300242126,45.096852300242126,908,中性
sh601890,2025-03-31,2025-05-15,55.27914677632163,52.61111034794411,-2.6680364283775164,45.036319612590795,45.036319612590795,909,中性
sh688686,2025-03-31,2025-05-15,63.99009634423994,61.307624447314026,-2.68247189692591,44.97578692493946,44.97578692493946,910,中性
sh605090,2025-03-31,2025-05-15,52.77445327541138,50.08781372669167,-2.686639548719711,44.91525423728814,44.91525423728814,911,中性
sz000963,2025-03-31,2025-05-15,53.999381053021835,51.248181320705115,-2.7511997323167194,44.85472154963681,44.85472154963681,912,中性
sh600729,2025-03-31,2025-05-15,55.372453684342766,52.5778675391668,-2.794586145175966,44.794188861985475,44.794188861985475,913,中性
sz301339,2025-03-31,2025-05-15,55.58056595009034,52.77441491582187,-2.8061510342684652,44.73365617433414,44.73365617433414,914,中性
sh600750,2025-03-31,2025-05-15,64.4728100463513,61.64995598076505,-2.822854065586248,44.67312348668281,44.67312348668281,915,中性
sh601200,2025-03-31,2025-05-15,49.53426530263366,46.7044943878877,-2.829770914745966,44.61259079903147,44.61259079903147,916,中性
sh603888,2025-03-31,2025-05-15,53.113709710818945,50.226637374764664,-2.8870723360542847,44.55205811138014,44.55205811138014,917,中性
sz002993,2025-03-31,2025-05-15,54.477446353157916,51.586967283534456,-2.8904790696234577,44.49152542372881,44.49152542372881,918,中性
sh603733,2025-03-31,2025-05-15,47.78166686194084,44.83700481548119,-2.944662046459653,44.43099273607748,44.43099273607748,919,中性
sz003022,2025-03-31,2025-05-15,48.551895603929715,45.59207787071467,-2.9598177332150457,44.37046004842615,44.37046004842615,920,中性
sh688326,2025-03-31,2025-05-15,43.82664865397687,40.80654754155691,-3.0201011124199555,44.30992736077482,44.30992736077482,921,中性
sh600761,2025-03-31,2025-05-15,51.41083506144748,48.354796822154576,-3.0560382392928997,44.24939467312349,44.24939467312349,922,中性
sz300454,2025-03-31,2025-05-15,50.61861519983716,47.50352414406447,-3.1150910557726887,44.18886198547216,44.18886198547216,923,中性
sz002261,2025-03-31,2025-05-15,46.98076203410124,43.82787657791655,-3.152885456184694,44.12832929782083,44.12832929782083,924,中性
sh600295,2025-03-31,2025-05-15,51.258502949507736,48.08511603074747,-3.173386918760265,44.06779661016949,44.06779661016949,925,中性
sh688050,2025-03-31,2025-05-15,67.13589687485202,63.95856118763319,-3.177335687218833,44.007263922518156,44.007263922518156,926,中性
sh601117,2025-03-31,2025-05-15,39.74061145435937,36.52135439896082,-3.219257055398552,43.946731234866824,43.946731234866824,927,中性
sh600886,2025-03-31,2025-05-15,55.99942450796425,52.772544025677334,-3.2268804822869157,43.88619854721549,43.88619854721549,928,中性
sh603730,2025-03-31,2025-05-15,57.94877242721959,54.7025122737373,-3.2462601534822872,43.82566585956417,43.82566585956417,929,中性
sh603118,2025-03-31,2025-05-15,47.7873473667672,44.5099182299144,-3.2774291368528,43.76513317191284,43.76513317191284,930,中性
sh601609,2025-03-31,2025-05-15,39.49316256755504,36.20874320920875,-3.2844193583462893,43.704600484261505,43.704600484261505,931,中性
sh600062,2025-03-31,2025-05-15,63.44995305298433,60.16381392630584,-3.286139126678486,43.64406779661017,43.64406779661017,932,中性
sz300341,2025-03-31,2025-05-15,58.89751550296533,55.52499616712638,-3.3725193358389456,43.583535108958834,43.583535108958834,933,中性
sh601717,2025-03-31,2025-05-15,52.146019698840135,48.77209599220702,-3.373923706633113,43.5230024213075,43.5230024213075,934,中性
sh600959,2025-03-31,2025-05-15,51.481951036892276,48.09282152814,-3.3891295087522795,43.46246973365617,43.46246973365617,935,中性
sz002073,2025-03-31,2025-05-15,48.98751947240337,45.58795177923627,-3.3995676931671013,43.40193704600484,43.40193704600484,936,中性
sz000786,2025-03-31,2025-05-15,56.03374191702903,52.6271279719914,-3.4066139450376367,43.341404358353515,43.341404358353515,937,中性
sh603127,2025-03-31,2025-05-15,55.9105145791855,52.48619331514902,-3.4243212640364757,43.28087167070218,43.28087167070218,938,中性
sz002815,2025-03-31,2025-05-15,51.76248994690605,48.296990739318645,-3.465499207587408,43.22033898305085,43.22033898305085,939,中性
sh603027,2025-03-31,2025-05-15,59.97551998080342,56.47870745908036,-3.4968125217230557,43.15980629539952,43.15980629539952,940,中性
sh600246,2025-03-31,2025-05-15,52.263247650568466,48.69492953097877,-3.568318119589701,43.09927360774818,43.09927360774818,941,中性
sz300558,2025-03-31,2025-05-15,66.7259657048552,63.151688002020336,-3.5742777028348627,43.03874092009685,43.03874092009685,942,中性
sz002128,2025-03-31,2025-05-15,60.70025809084766,57.098263609882814,-3.6019944809648465,42.97820823244552,42.97820823244552,943,中性
sh600058,2025-03-31,2025-05-15,35.20000729478362,31.577379672548442,-3.6226276222351754,42.917675544794186,42.917675544794186,944,中性
sz300832,2025-03-31,2025-05-15,69.95110446676762,66.29933269631746,-3.6517717704501584,42.857142857142854,42.857142857142854,945,中性
sh688116,2025-03-31,2025-05-15,53.76457587386228,50.07352045069011,-3.6910554231721693,42.79661016949153,42.79661016949153,946,中性
sh688141,2025-03-31,2025-05-15,51.75730043885751,48.06209486681227,-3.695205572045249,42.7360774818402,42.7360774818402,947,中性
sz300718,2025-03-31,2025-05-15,59.50594684767373,55.8008717696845,-3.705075077989228,42.675544794188866,42.675544794188866,948,中性
sh600352,2025-03-31,2025-05-15,53.5397733499642,49.82533462229757,-3.7144387276666317,42.615012106537534,42.615012106537534,949,中性
sz301267,2025-03-31,2025-05-15,60.71061067678527,56.98688185904322,-3.723728817742048,42.554479418886196,42.554479418886196,950,中性
sz000630,2025-03-31,2025-05-15,49.005130746196436,45.25829629158117,-3.746834454615271,42.493946731234864,42.493946731234864,951,中性
sh600436,2025-03-31,2025-05-15,68.61973907170345,64.84834470100854,-3.7713943706949054,42.43341404358353,42.43341404358353,952,中性
sz300672,2025-03-31,2025-05-15,51.472699841371075,47.69630088582671,-3.7763989555443644,42.3728813559322,42.3728813559322,953,中性
sz300693,2025-03-31,2025-05-15,55.982514437059585,52.197814063033604,-3.7847003740259777,42.31234866828087,42.31234866828087,954,中性
sh600487,2025-03-31,2025-05-15,49.656839376865314,45.85009606894224,-3.806743307923069,42.251815980629544,42.251815980629544,955,中性
sz300628,2025-03-31,2025-05-15,70.252150619346,66.35986089480289,-3.892289724543109,42.19128329297821,42.19128329297821,956,中性
sz002979,2025-03-31,2025-05-15,56.832899702503504,52.92534079218477,-3.9075589103187345,42.13075060532688,42.13075060532688,957,中性
sh600559,2025-03-31,2025-05-15,61.874477536055565,57.96626176775732,-3.908215768298247,42.07021791767554,42.07021791767554,958,中性
sh605507,2025-03-31,2025-05-15,54.806104151199285,50.89606645442721,-3.9100376967720716,42.00968523002421,42.00968523002421,959,中性
sh603786,2025-03-31,2025-05-15,60.007613575389,56.09108814803527,-3.9165254273537355,41.94915254237288,41.94915254237288,960,中性
sz301018,2025-03-31,2025-05-15,51.84711078485004,47.90566525467574,-3.9414455301742968,41.88861985472155,41.88861985472155,961,中性
sh600259,2025-03-31,2025-05-15,42.11939029816838,38.14955804804979,-3.9698322501185945,41.828087167070215,41.828087167070215,962,中性
sh600863,2025-03-31,2025-05-15,55.21296373411881,51.2422676195599,-3.9706961145589084,41.767554479418884,41.767554479418884,963,中性
sz003035,2025-03-31,2025-05-15,52.009849571203944,48.03462372101706,-3.9752258501868836,41.70702179176756,41.70702179176756,964,中性
sz300576,2025-03-31,2025-05-15,57.915749153503086,53.91841393019097,-3.997335223312116,41.64648910411623,41.64648910411623,965,中性
sh688798,2025-03-31,2025-05-15,58.45221609544146,54.44596830940916,-4.006247786032299,41.58595641646489,41.58595641646489,966,中性
sh688676,2025-03-31,2025-05-15,51.95006898958298,47.92390257532057,-4.026166414262413,41.52542372881356,41.52542372881356,967,中性
sh600305,2025-03-31,2025-05-15,58.08831726679518,54.02737877315931,-4.06093849363587,41.464891041162225,41.464891041162225,968,中性
sz300184,2025-03-31,2025-05-15,50.69431066780778,46.61193822128103,-4.082372446526746,41.404358353510894,41.404358353510894,969,中性
sh688146,2025-03-31,2025-05-15,59.65419376517291,55.53559724876679,-4.1185965164061225,41.34382566585956,41.34382566585956,970,中性
sh600210,2025-03-31,2025-05-15,51.26227304130082,47.141677937050005,-4.120595104250817,41.28329297820823,41.28329297820823,971,中性
sh603193,2024-12-31,2025-04-30,77.06041308538107,72.93969300792133,-4.1207200774597315,41.222760290556906,41.222760290556906,972,中性
sh688048,2025-03-31,2025-05-15,57.54418893189913,53.42056840033037,-4.123620531568761,41.162227602905574,41.162227602905574,973,中性
sh688336,2025-03-31,2025-05-15,68.93865484780832,64.75096202278971,-4.187692825018615,41.10169491525424,41.10169491525424,974,中性
sh601811,2025-03-31,2025-05-15,56.30700457981371,52.051229999518355,-4.255774580295348,41.041162227602904,41.041162227602904,975,中性
sh603009,2025-03-31,2025-05-15,51.00528923690001,46.728636919097724,-4.27665231780229,40.98062953995157,40.98062953995157,976,中性
sz000709,2025-03-31,2025-05-15,45.99051953627862,41.71201483875866,-4.2785046975199545,40.92009685230024,40.92009685230024,977,中性
sh601096,2024-12-31,2025-04-30,46.16378753841082,41.87483097744261,-4.288956560968209,40.85956416464891,40.85956416464891,978,中性
sh603871,2025-03-31,2025-05-15,58.40862378472875,54.11781625302577,-4.29080753170298,40.79903147699758,40.79903147699758,979,中性
sz000682,2025-03-31,2025-05-15,53.448874809392734,49.145374366647395,-4.3035004427453405,40.738498789346245,40.738498789346245,980,中性
sh600699,2025-03-31,2025-05-15,50.906062651041786,46.57712689725969,-4.328935753782099,40.67796610169492,40.67796610169492,981,中性
sz002239,2025-03-31,2025-05-15,47.83788023293584,43.494898700022894,-4.342981532912942,40.61743341404359,40.61743341404359,982,中性
sz301101,2025-03-31,2025-05-15,65.73901364282904,61.39512370458856,-4.343889938240473,40.55690072639225,40.55690072639225,983,中性
sh600038,2025-03-31,2025-05-15,36.845693892859565,32.452017343776205,-4.393676549083363,40.49636803874092,40.49636803874092,984,中性
sh600113,2025-03-31,2025-05-15,56.24764485517715,51.78837615091962,-4.459268704257536,40.43583535108959,40.43583535108959,985,中性
sz000513,2025-03-31,2025-05-15,65.10676316271925,60.60880480708267,-4.4979583556365785,40.375302663438255,40.375302663438255,986,中性
sz002373,2025-03-31,2025-05-15,54.79430013829487,50.280770336096204,-4.513529802198667,40.31476997578692,40.31476997578692,987,中性
sh600871,2025-03-31,2025-05-15,44.13288173985966,39.612862160090415,-4.520019579769249,40.25423728813559,40.25423728813559,988,中性
sh688469,2025-03-31,2025-05-15,43.859304421597855,39.31684649385176,-4.542457927746092,40.19370460048426,40.19370460048426,989,中性
sz300857,2025-03-31,2025-05-15,50.60803126535447,46.051926257334465,-4.556105008020003,40.133171912832935,40.133171912832935,990,中性
sz300088,2025-03-31,2025-05-15,50.95396491722431,46.3930363452677,-4.56092857195661,40.0726392251816,40.0726392251816,991,中性
sz002603,2025-03-31,2025-05-15,60.19613960054775,55.62470774335841,-4.5714318571893475,40.012106537530265,40.012106537530265,992,中性
sz002317,2025-03-31,2025-05-15,61.04310867047248,56.432311781084245,-4.610796889388235,39.95157384987893,39.95157384987893,993,偏弱
sh601369,2025-03-31,2025-05-15,50.427486125199515,45.78402876923327,-4.643457355966246,39.8910411622276,39.8910411622276,994,偏弱
sh688248,2025-03-31,2025-05-15,55.48263355792427,50.778090372457,-4.704543185467267,39.83050847457627,39.83050847457627,995,偏弱
sz002045,2025-03-31,2025-05-15,52.56463094758208,47.82422424522804,-4.740406702354045,39.76997578692494,39.76997578692494,996,偏弱
sz300185,2025-03-31,2025-05-15,49.05017030648418,44.268739142160875,-4.78143116432331,39.70944309927361,39.70944309927361,997,偏弱
sz000767,2025-03-31,2025-05-15,37.74604921792988,32.902648473030254,-4.843400744899625,39.648910411622275,39.648910411622275,998,偏弱
sz000719,2025-03-31,2025-05-15,54.76643363814376,49.92153364049987,-4.844899997643893,39.58837772397095,39.58837772397095,999,偏弱
sh600435,2025-03-31,2025-05-15,52.52919759482115,47.667100779388335,-4.86209681543281,39.52784503631961,39.52784503631961,1000,偏弱
sh600875,2025-03-31,2025-05-15,48.50946362337043,43.63811239396351,-4.871351229406921,39.46731234866828,39.46731234866828,1001,偏弱
sh600011,2025-03-31,2025-05-15,53.57322607540023,48.69845652563313,-4.8747695497671035,39.40677966101695,39.40677966101695,1002,偏弱
sh600459,2025-03-31,2025-05-15,47.5717658059738,42.68378244210849,-4.887983363865309,39.346246973365616,39.346246973365616,1003,偏弱
sz002434,2025-03-31,2025-05-15,52.0483468684201,47.15793138625456,-4.890415482165539,39.285714285714285,39.285714285714285,1004,偏弱
sh603833,2025-03-31,2025-05-15,58.24818213177287,53.34570655466845,-4.902475577104417,39.22518159806295,39.22518159806295,1005,偏弱
sz301217,2025-03-31,2025-05-15,52.802881574441024,47.891336797313166,-4.911544777127856,39.16464891041162,39.16464891041162,1006,偏弱
sz300182,2025-03-31,2025-05-15,57.49434379218541,52.56249911049204,-4.9318446816933665,39.10411622276029,39.10411622276029,1007,偏弱
sh600707,2025-03-31,2025-05-15,51.85911062246807,46.91647078545045,-4.942639837017623,39.04358353510896,39.04358353510896,1008,偏弱
sz300008,2025-03-31,2025-05-15,51.34906748103278,46.402710935298806,-4.946356545733979,38.983050847457626,38.983050847457626,1009,偏弱
sh688396,2025-03-31,2025-05-15,57.09693979269276,52.148419751753416,-4.948520040939341,38.922518159806295,38.922518159806295,1010,偏弱
sh600085,2025-03-31,2025-05-15,62.289675106267104,57.33846596046722,-4.951209145799885,38.86198547215496,38.86198547215496,1011,偏弱
sz300180,2025-03-31,2025-05-15,51.96730485661972,46.94107716819619,-5.026227688423528,38.80145278450363,38.80145278450363,1012,偏弱
sh600269,2025-03-31,2025-05-15,59.70587874343633,54.645130859941034,-5.060747883495296,38.7409200968523,38.7409200968523,1013,偏弱
sh600887,2025-03-31,2025-05-15,57.58886772661747,52.52345142269839,-5.065416303919081,38.68038740920097,38.68038740920097,1014,偏弱
sh601801,2025-03-31,2025-05-15,55.15844497305059,50.09234769947001,-5.066097273580578,38.619854721549636,38.619854721549636,1015,偏弱
sh688475,2025-03-31,2025-05-15,59.530695155514465,54.41769347359515,-5.113001681919316,38.559322033898304,38.559322033898304,1016,偏弱
sh600968,2025-03-31,2025-05-15,52.354282447142765,47.214075936888314,-5.140206510254453,38.49878934624697,38.49878934624697,1017,偏弱
sz301510,2025-03-31,2025-05-15,66.11697323637189,60.95129472015178,-5.165678516220115,38.43825665859564,38.43825665859564,1018,偏弱
sh600478,2025-03-31,2025-05-15,49.19516237498901,43.97984850256185,-5.215313872427158,38.37772397094431,38.37772397094431,1019,偏弱
sh600490,2025-03-31,2025-05-15,53.72526567042406,48.49312982633159,-5.232135844092467,38.31719128329298,38.31719128329298,1020,偏弱
sz300303,2025-03-31,2025-05-15,54.36595348155975,49.128695847844426,-5.237257633715325,38.256658595641646,38.256658595641646,1021,偏弱
sz300409,2025-03-31,2025-05-15,50.48633978568698,45.24176712715597,-5.244572658531016,38.196125907990314,38.196125907990314,1022,偏弱
sz300699,2025-03-31,2025-05-15,63.60718437537515,58.34889829293037,-5.258286082444778,38.13559322033898,38.13559322033898,1023,偏弱
sz002074,2025-03-31,2025-05-15,48.213719656704185,42.94635367192821,-5.267365984775978,38.07506053268765,38.07506053268765,1024,偏弱
sz300738,2025-03-31,2025-05-15,53.58190498390859,48.252998406781046,-5.328906577127546,38.01452784503632,38.01452784503632,1025,偏弱
sz002048,2025-03-31,2025-05-15,53.12306327841365,47.78754902929695,-5.335514249116708,37.95399515738499,37.95399515738499,1026,偏弱
sz000088,2025-03-31,2025-05-15,52.906525433509906,47.5379362072798,-5.368589226230103,37.893462469733656,37.893462469733656,1027,偏弱
sz000099,2025-03-31,2025-05-15,58.727055610277375,53.31288620567408,-5.414169404603291,37.832929782082324,37.832929782082324,1028,偏弱
sh600601,2025-03-31,2025-05-15,56.097229634329445,50.67458624760474,-5.422643386724699,37.77239709443099,37.77239709443099,1029,偏弱
sz300285,2025-03-31,2025-05-15,60.74514102578158,55.31513250968396,-5.430008516097617,37.71186440677966,37.71186440677966,1030,偏弱
sh600869,2025-03-31,2025-05-15,45.96857647073831,40.53505137787643,-5.433525092861883,37.65133171912833,37.65133171912833,1031,偏弱
sh688698,2025-03-31,2025-05-15,59.70464966688399,54.26096896868664,-5.443680698197348,37.590799031477,37.590799031477,1032,偏弱
sh601058,2025-03-31,2025-05-15,56.53897979474375,51.0847394327443,-5.454240361999457,37.530266343825666,37.530266343825666,1033,偏弱
sh601156,2025-03-31,2025-05-15,55.066429613226816,49.60070724567174,-5.46572236755507,37.469733656174334,37.469733656174334,1034,偏弱
sz300433,2025-03-31,2025-05-15,53.84264827360153,48.3632252122827,-5.47942306131883,37.409200968523,37.409200968523,1035,偏弱
sz002430,2025-03-31,2025-05-15,54.28799037078281,48.803145365766376,-5.484845005016432,37.34866828087167,37.34866828087167,1036,偏弱
sh603881,2025-03-31,2025-05-15,54.17858701049047,48.679829345260984,-5.498757665229483,37.28813559322034,37.28813559322034,1037,偏弱
sh601866,2025-03-31,2025-05-15,49.28830652395361,43.7843760630371,-5.503930460916505,37.22760290556901,37.22760290556901,1038,偏弱
sz002773,2025-03-31,2025-05-15,74.48935967873167,68.95916427297021,-5.5301954057614555,37.167070217917676,37.167070217917676,1039,偏弱
sz300979,2025-03-31,2025-05-15,63.732969066249126,58.17940485514447,-5.553564211104655,37.106537530266344,37.106537530266344,1040,偏弱
sz300634,2025-03-31,2025-05-15,61.88232178500907,56.30912418128196,-5.57319760372711,37.04600484261501,37.04600484261501,1041,偏弱
sz301293,2025-03-31,2025-05-15,58.23097409667964,52.65463511847336,-5.576338978206278,36.98547215496368,36.98547215496368,1042,偏弱
sh601020,2025-03-31,2025-05-15,59.6150962303072,54.038372242135864,-5.57672398817134,36.92493946731235,36.92493946731235,1043,偏弱
sz002755,2025-03-31,2025-05-15,71.313785814925,65.71314312762975,-5.6006426872952435,36.86440677966102,36.86440677966102,1044,偏弱
sh603939,2025-03-31,2025-05-15,59.65705989096603,54.02720773514608,-5.629852155819952,36.803874092009686,36.803874092009686,1045,偏弱
sz003039,2025-03-31,2025-05-15,59.02762251944395,53.367474476495644,-5.660148042948306,36.743341404358354,36.743341404358354,1046,偏弱
sz002267,2025-03-31,2025-05-15,55.334268778032985,49.59793588231724,-5.736332895715748,36.68280871670702,36.68280871670702,1047,偏弱
sz002352,2025-03-31,2025-05-15,54.10991661653896,48.36306815016738,-5.746848466371578,36.62227602905569,36.62227602905569,1048,偏弱
sh603229,2025-03-31,2025-05-15,65.52713494218148,59.773955833347856,-5.753179108833622,36.56174334140436,36.56174334140436,1049,偏弱
sh688187,2025-03-31,2025-05-15,59.647288666060106,53.886707958282585,-5.760580707777519,36.50121065375303,36.50121065375303,1050,偏弱
sz000680,2025-03-31,2025-05-15,53.21631165993012,47.42494706099819,-5.791364598931931,36.440677966101696,36.440677966101696,1051,偏弱
sh600398,2025-03-31,2025-05-15,62.1019444227257,56.23641017543794,-5.8655342472877585,36.380145278450364,36.380145278450364,1052,偏弱
sh603919,2025-03-31,2025-05-15,69.57261955524737,63.70252011270242,-5.87009944254495,36.31961259079903,36.31961259079903,1053,偏弱
sh603568,2025-03-31,2025-05-15,62.203802578584096,56.30575051407733,-5.898052064506764,36.2590799031477,36.2590799031477,1054,偏弱
sh603986,2025-03-31,2025-05-15,65.36548398923765,59.449407046956125,-5.916076942281517,36.19854721549637,36.19854721549637,1055,偏弱
sz000807,2025-03-31,2025-05-15,58.37721580772168,52.44250491134577,-5.934710896375913,36.13801452784504,36.13801452784504,1056,偏弱
sz300232,2025-03-31,2025-05-15,53.893860432724686,47.95813808509455,-5.935722347630142,36.077481840193705,36.077481840193705,1057,偏弱
sh688027,2025-03-31,2025-05-15,55.91038279918964,49.96940016763181,-5.94098263155783,36.016949152542374,36.016949152542374,1058,偏弱
sh600206,2025-03-31,2025-05-15,47.64222789454621,41.69035776784064,-5.951870126705574,35.95641646489104,35.95641646489104,1059,偏弱
sz000875,2025-03-31,2025-05-15,54.26860553932795,48.251878433561416,-6.016727105766538,35.89588377723971,35.89588377723971,1060,偏弱
sz002222,2025-03-31,2025-05-15,67.70233276303806,61.65227659974694,-6.050056163291117,35.83535108958838,35.83535108958838,1061,偏弱
sh600664,2025-03-31,2025-05-15,53.25218181944715,47.2000089188262,-6.052172900620953,35.77481840193705,35.77481840193705,1062,偏弱
sh603179,2025-03-31,2025-05-15,54.81437329743446,48.760637321538276,-6.053735975896181,35.714285714285715,35.714285714285715,1063,偏弱
sh601702,2025-03-31,2025-05-15,57.371831399177196,51.29159086126499,-6.080240537912202,35.653753026634384,35.653753026634384,1064,偏弱
sh688088,2025-03-31,2025-05-15,72.09575639072091,66.00728406922522,-6.088472321495683,35.59322033898305,35.59322033898305,1065,偏弱
sh601179,2025-03-31,2025-05-15,53.57764369521385,47.477194201129905,-6.10044949408395,35.53268765133172,35.53268765133172,1066,偏弱
sz002906,2025-03-31,2025-05-15,56.191443819531905,50.08864101013372,-6.102802809398186,35.47215496368039,35.47215496368039,1067,偏弱
sh688279,2025-03-31,2025-05-15,70.36400829806279,64.25670318330245,-6.1073051147603366,35.41162227602905,35.41162227602905,1068,偏弱
sh600633,2025-03-31,2025-05-15,65.03497369122809,58.90445114001025,-6.130522551217833,35.351089588377725,35.351089588377725,1069,偏弱
sz002204,2025-03-31,2025-05-15,50.26271881413807,44.13181917622759,-6.130899637910479,35.29055690072639,35.29055690072639,1070,偏弱
sh601137,2025-03-31,2025-05-15,53.112634177113165,46.94006590863543,-6.172568268477729,35.23002421307506,35.23002421307506,1071,偏弱
sz002913,2025-03-31,2025-05-15,57.21437290664957,51.007465219133394,-6.206907687516182,35.16949152542373,35.16949152542373,1072,偏弱
sh688400,2025-03-31,2025-05-15,61.299029073819675,55.06647897251122,-6.232550101308455,35.1089588377724,35.1089588377724,1073,偏弱
sz002364,2025-03-31,2025-05-15,57.282716635773085,51.04228378700452,-6.240432848768567,35.04842615012107,35.04842615012107,1074,偏弱
sh600662,2025-03-31,2025-05-15,49.84237002005033,43.55423454959133,-6.288135470459006,34.987893462469735,34.987893462469735,1075,偏弱
sz300077,2025-03-31,2025-05-15,45.910434965815405,39.62193318582995,-6.288501779985452,34.9273607748184,34.9273607748184,1076,偏弱
sh603393,2025-03-31,2025-05-15,63.65557199786413,57.35770306626961,-6.2978689315945235,34.866828087167065,34.866828087167065,1077,偏弱
sz002978,2025-03-31,2025-05-15,70.5171014022921,64.17704842721508,-6.340052975077022,34.80629539951574,34.80629539951574,1078,偏弱
sz300620,2025-03-31,2025-05-15,59.740335117278306,53.358557401864516,-6.38177771541379,34.74576271186441,34.74576271186441,1079,偏弱
sh600323,2025-03-31,2025-05-15,56.6600890790098,50.276040764947886,-6.384048314061912,34.68523002421308,34.68523002421308,1080,偏弱
sz000825,2025-03-31,2025-05-15,48.12598115572103,41.73378986445886,-6.392191291262163,34.624697336561745,34.624697336561745,1081,偏弱
sh600746,2025-03-31,2025-05-15,54.98341826926003,48.572268383846804,-6.411149885413222,34.56416464891041,34.56416464891041,1082,偏弱
sh600933,2025-03-31,2025-05-15,60.0051316806163,53.573875551182695,-6.431256129433603,34.50363196125908,34.50363196125908,1083,偏弱
sh600066,2025-03-31,2025-05-15,58.379659054335136,51.93276115560663,-6.446897898728507,34.44309927360775,34.44309927360775,1084,偏弱
sh601808,2025-03-31,2025-05-15,52.83787835259439,46.38998189027767,-6.4478964623167165,34.38256658595641,34.38256658595641,1085,偏弱
sz300770,2025-03-31,2025-05-15,70.12475985974812,63.66557980947662,-6.459180050271506,34.32203389830508,34.32203389830508,1086,偏弱
sh600649,2025-03-31,2025-05-15,53.872160004298216,47.347000425225346,-6.52515957907287,34.261501210653755,34.261501210653755,1087,偏弱
sh603588,2025-03-31,2025-05-15,53.05542481321258,46.52634106979176,-6.529083743420818,34.20096852300242,34.20096852300242,1088,偏弱
sh600497,2025-03-31,2025-05-15,57.512974095155364,50.97943281211806,-6.533541283037302,34.14043583535109,34.14043583535109,1089,偏弱
sz002032,2025-03-31,2025-05-15,61.68379464000395,55.132664942900966,-6.551129697102986,34.07990314769976,34.07990314769976,1090,偏弱
sz301262,2025-03-31,2025-05-15,66.87440602517646,60.30543309719432,-6.568972927982138,34.01937046004843,34.01937046004843,1091,偏弱
sh600595,2025-03-31,2025-05-15,52.892995408279425,46.31344944123439,-6.579545967045034,33.958837772397096,33.958837772397096,1092,偏弱
sz001914,2025-03-31,2025-05-15,49.705997158840766,43.12283482739629,-6.583162331444477,33.89830508474576,33.89830508474576,1093,偏弱
sz300363,2025-03-31,2025-05-15,55.841801588840546,49.25768538171853,-6.584116207122012,33.837772397094426,33.837772397094426,1094,偏弱
sz002085,2025-03-31,2025-05-15,54.839227264791504,48.24709905883452,-6.5921282059569855,33.777239709443094,33.777239709443094,1095,偏弱
sz300705,2025-03-31,2025-05-15,71.99288394541794,65.3867812326509,-6.606102712767045,33.71670702179177,33.71670702179177,1096,偏弱
sz002484,2025-03-31,2025-05-15,60.20826895987698,53.59489974551428,-6.613369214362695,33.65617433414044,33.65617433414044,1097,偏弱
sh600060,2025-03-31,2025-05-15,57.35562848277869,50.72821592275322,-6.627412560025466,33.595641646489106,33.595641646489106,1098,偏弱
sh600507,2025-03-31,2025-05-15,51.825124468245605,45.18684932336488,-6.638275144880726,33.535108958837775,33.535108958837775,1099,偏弱
sz301376,2025-03-31,2025-05-15,64.38957389550464,57.73885794659678,-6.650715948907857,33.47457627118644,33.47457627118644,1100,偏弱
sz300401,2025-03-31,2025-05-15,63.347165270966386,56.68249324816312,-6.6646720228032645,33.41404358353511,33.41404358353511,1101,偏弱
sz001287,2025-03-31,2025-05-15,42.257233924216735,35.530687854007944,-6.7265460702087925,33.35351089588377,33.35351089588377,1102,偏弱
sz000887,2025-03-31,2025-05-15,57.34492414285976,50.617845959530996,-6.7270781833287625,33.29297820823244,33.29297820823244,1103,偏弱
sz002340,2025-03-31,2025-05-15,52.54408775421944,45.80117411061069,-6.74291364360875,33.232445520581116,33.232445520581116,1104,偏弱
sz301500,2025-03-31,2025-05-15,49.63024896691545,42.8506701317785,-6.779578835136954,33.171912832929785,33.171912832929785,1105,偏弱
sh600298,2025-03-31,2025-05-15,56.33177707839677,49.5110361230418,-6.820740955354973,33.11138014527845,33.11138014527845,1106,偏弱
sz002709,2025-03-31,2025-05-15,55.200231672221655,48.346146058813844,-6.854085613407809,33.05084745762712,33.05084745762712,1107,偏弱
sh600998,2025-03-31,2025-05-15,47.590894582182344,40.71085597360924,-6.880038608573106,32.99031476997579,32.99031476997579,1108,偏弱
sh688498,2025-03-31,2025-05-15,66.79115245882322,59.90507675619096,-6.886075702632263,32.92978208232446,32.92978208232446,1109,偏弱
sz000050,2025-03-31,2025-05-15,51.38518328868087,44.49447452394411,-6.8907087647367575,32.86924939467312,32.86924939467312,1110,偏弱
sz301175,2025-03-31,2025-05-15,59.175448938822676,52.265848638712434,-6.909600300110242,32.80871670702179,32.80871670702179,1111,偏弱
sh601100,2025-03-31,2025-05-15,63.68385191481943,56.774077247471325,-6.909774667348103,32.748184019370456,32.748184019370456,1112,偏弱
sh600884,2025-03-31,2025-05-15,52.904143196945554,45.98591529968148,-6.918227897264078,32.68765133171913,32.68765133171913,1113,偏弱
sz000729,2025-03-31,2025-05-15,62.043101325230175,55.11260763103824,-6.93049369419194,32.6271186440678,32.6271186440678,1114,偏弱
sz002461,2025-03-31,2025-05-15,62.219287969240916,55.28640410715982,-6.9328838620811,32.56658595641647,32.56658595641647,1115,偏弱
sh600993,2025-03-31,2025-05-15,66.33081849998956,59.38994172051271,-6.940876779476852,32.506053268765136,32.506053268765136,1116,偏弱
sh603456,2025-03-31,2025-05-15,61.793049505519065,54.84831395657497,-6.944735548944099,32.445520581113804,32.445520581113804,1117,偏弱
sh601107,2025-03-31,2025-05-15,58.0551791717165,51.10287087460458,-6.9523082971119265,32.384987893462466,32.384987893462466,1118,偏弱
sh600320,2025-03-31,2025-05-15,49.89173962648954,42.92950479452047,-6.962234831969068,32.324455205811134,32.324455205811134,1119,偏弱
sz002516,2025-03-31,2025-05-15,60.67656615500426,53.69914285018051,-6.9774233048237555,32.2639225181598,32.2639225181598,1120,偏弱
sh600812,2025-03-31,2025-05-15,52.7946971147614,45.80145399681444,-6.99324311794696,32.20338983050847,32.20338983050847,1121,偏弱
sz300047,2025-03-31,2025-05-15,55.44343562967935,48.42529964285998,-7.0181359868193685,32.142857142857146,32.142857142857146,1122,偏弱
sz002517,2025-03-31,2025-05-15,75.1570820672156,68.13420464988519,-7.02287741733041,32.082324455205814,32.082324455205814,1123,偏弱
sh600057,2025-03-31,2025-05-15,38.901953807668946,31.86474792125413,-7.037205886414817,32.02179176755448,32.02179176755448,1124,偏弱
sz000612,2025-03-31,2025-05-15,55.567874517467345,48.52299346525218,-7.0448810522151675,31.961259079903147,31.961259079903147,1125,偏弱
sh603195,2025-03-31,2025-05-15,68.86149021578184,61.8053435743757,-7.0561466414061425,31.900726392251816,31.900726392251816,1126,偏弱
sz002171,2025-03-31,2025-05-15,47.57568956893625,40.483857843575876,-7.091831725360372,31.840193704600484,31.840193704600484,1127,偏弱
sz002126,2025-03-31,2025-05-15,53.737718549346305,46.620685427351695,-7.117033121994611,31.779661016949152,31.779661016949152,1128,偏弱
sz002649,2025-03-31,2025-05-15,56.605717786159815,49.48048256231563,-7.125235223844186,31.719128329297817,31.719128329297817,1129,偏弱
sz000617,2016-09-30,2016-11-14,38.92392475025841,31.78101726560775,-7.142907484650655,31.658595641646485,31.658595641646485,1130,偏弱
sh603228,2025-03-31,2025-05-15,58.66824667440858,51.50399208484941,-7.164254589559173,31.59806295399516,31.59806295399516,1131,偏弱
sz300487,2025-03-31,2025-05-15,65.30738552091107,58.11618970027335,-7.19119582063772,31.53753026634383,31.53753026634383,1132,偏弱
sh600600,2025-03-31,2025-05-15,66.54723415545176,59.3535411645914,-7.193692990860361,31.476997578692494,31.476997578692494,1133,偏弱
sz002139,2025-03-31,2025-05-15,57.34175611564012,50.13625279872892,-7.205503316911207,31.416464891041162,31.416464891041162,1134,偏弱
sh603369,2025-03-31,2025-05-15,74.01253051862903,66.80697694118416,-7.205553577444876,31.35593220338983,31.35593220338983,1135,偏弱
sh603713,2025-03-31,2025-05-15,59.361859466750886,52.154660430480384,-7.207199036270504,31.2953995157385,31.2953995157385,1136,偏弱
sz002475,2025-03-31,2025-05-15,53.060735970955925,45.847718872131495,-7.213017098824428,31.234866828087167,31.234866828087167,1137,偏弱
sz000681,2018-09-30,2018-11-14,64.54210100789268,57.318950980406306,-7.2231500274863745,31.174334140435832,31.174334140435832,1138,偏弱
sz002324,2025-03-31,2025-05-15,52.84467623991667,45.61223913128112,-7.232437108635551,31.113801452784507,31.113801452784507,1139,偏弱
sz002617,2025-03-31,2025-05-15,56.25519294770375,49.01258260163136,-7.242610346072389,31.053268765133176,31.053268765133176,1140,偏弱
sz000880,2025-03-31,2025-05-15,53.856790543626445,46.6115467832044,-7.245243760422044,30.99273607748184,30.99273607748184,1141,偏弱
sz002625,2025-03-31,2025-05-15,67.04844902106858,59.7863570764318,-7.262091944636779,30.93220338983051,30.93220338983051,1142,偏弱
sh600132,2025-03-31,2025-05-15,63.60451049435722,56.334074216252446,-7.270436278104778,30.871670702179177,30.871670702179177,1143,偏弱
sh600226,2025-03-31,2025-05-15,58.669528134704414,51.325863152890335,-7.343664981814079,30.811138014527845,30.811138014527845,1144,偏弱
sh601778,2025-03-31,2025-05-15,55.802131456679106,48.410616664904126,-7.391514791774977,30.750605326876514,30.750605326876514,1145,偏弱
sz002600,2025-03-31,2025-05-15,55.441830321806385,48.02892670508447,-7.412903616721913,30.69007263922518,30.69007263922518,1146,偏弱
sz002223,2025-03-31,2025-05-15,68.0098707057086,60.595148749539085,-7.41472195616951,30.629539951573847,30.629539951573847,1147,偏弱
sh600167,2025-03-31,2025-05-15,63.05581037149416,55.63507715013989,-7.42073322135427,30.569007263922522,30.569007263922522,1148,偏弱
sz301171,2025-03-31,2025-05-15,57.01019076137459,49.5698707094924,-7.440320051882191,30.508474576271187,30.508474576271187,1149,偏弱
sz000878,2025-03-31,2025-05-15,47.446409670384895,39.98707798005827,-7.459331690326627,30.447941888619855,30.447941888619855,1150,偏弱
sz002821,2025-03-31,2025-05-15,68.65581787860037,61.19326370372799,-7.462554174872377,30.387409200968523,30.387409200968523,1151,偏弱
sz002262,2025-03-31,2025-05-15,73.72433231743777,66.2613745361366,-7.462957781301176,30.326876513317192,30.326876513317192,1152,偏弱
sz000657,2025-03-31,2025-05-15,53.732750366024064,46.230820559334276,-7.5019298066897875,30.26634382566586,30.26634382566586,1153,偏弱
sh600598,2024-12-31,2025-04-30,61.65527545053021,54.090245937266204,-7.565029513264012,30.205811138014525,30.205811138014525,1154,偏弱
sz002027,2025-03-31,2025-05-15,69.99580491771388,62.411313450341545,-7.584491467372336,30.145278450363193,30.145278450363193,1155,偏弱
sz002011,2025-03-31,2025-05-15,55.82396341294998,48.2393043292744,-7.5846590836755805,30.08474576271186,30.08474576271186,1156,偏弱
sz002396,2025-03-31,2025-05-15,55.24796188878984,47.650878122421815,-7.597083766368026,30.024213075060537,30.024213075060537,1157,偏弱
sh600967,2025-03-31,2025-05-15,54.231184183876536,46.587908713313446,-7.643275470563092,29.9636803874092,29.9636803874092,1158,偏弱
sz002096,2025-03-31,2025-05-15,58.461819905953234,50.8099420197818,-7.651877886171432,29.90314769975787,29.90314769975787,1159,偏弱
sh601985,2025-03-31,2025-05-15,60.39692914488553,52.72811002739605,-7.668819117489484,29.84261501210654,29.84261501210654,1160,偏弱
sz000921,2025-03-31,2025-05-15,56.59927819424636,48.929605331638044,-7.669672862608312,29.782082324455207,29.782082324455207,1161,偏弱
sh600862,2025-03-31,2025-05-15,64.50449392319939,56.825712500488905,-7.678781422710484,29.721549636803875,29.721549636803875,1162,偏弱
sz300602,2025-03-31,2025-05-15,54.174897497876756,46.48827515551638,-7.686622342360378,29.66101694915254,29.66101694915254,1163,偏弱
sh600577,2025-03-31,2025-05-15,52.70638516004339,44.99871386635062,-7.707671293692771,29.600484261501208,29.600484261501208,1164,偏弱
sz000048,2025-03-31,2025-05-15,54.338841198559905,46.54078792453274,-7.79805327402717,29.539951573849876,29.539951573849876,1165,偏弱
sh688185,2025-03-31,2025-05-15,57.0544271737182,49.239213826808005,-7.815213346910198,29.479418886198548,29.479418886198548,1166,偏弱
sz002093,2025-03-31,2025-05-15,69.13669468203346,61.3146274943856,-7.822067187647869,29.418886198547217,29.418886198547217,1167,偏弱
sh688029,2025-03-31,2025-05-15,74.61337743230156,66.78290704227639,-7.830470390025171,29.358353510895885,29.358353510895885,1168,偏弱
sz000423,2025-03-31,2025-05-15,71.75956902813722,63.920949109898494,-7.838619918238729,29.297820823244553,29.297820823244553,1169,偏弱
sh601019,2025-03-31,2025-05-15,62.103716483064325,54.241258946402645,-7.862457536661681,29.23728813559322,29.23728813559322,1170,偏弱
sz000623,2025-03-31,2025-05-15,64.54968957260972,56.6620476760917,-7.8876418965180175,29.176755447941886,29.176755447941886,1171,偏弱
sh600580,2025-03-31,2025-05-15,56.62858146910599,48.72129905092,-7.907282418185984,29.116222760290555,29.116222760290555,1172,偏弱
sz002468,2025-03-31,2025-05-15,53.38718021452541,45.47042695180295,-7.916753262722455,29.055690072639223,29.055690072639223,1173,偏弱
sz000598,2025-03-31,2025-05-15,60.378800384834406,52.44797691750576,-7.9308234673286435,28.99515738498789,28.99515738498789,1174,偏弱
sh601958,2025-03-31,2025-05-15,66.10345420997028,58.145002141300836,-7.958452068669445,28.934624697336563,28.934624697336563,1175,偏弱
sh603508,2025-03-31,2025-05-15,70.3510025690573,62.37368728561994,-7.9773152834373615,28.87409200968523,28.87409200968523,1176,偏弱
sz002706,2025-03-31,2025-05-15,62.36338826449972,54.371284685326415,-7.9921035791733,28.8135593220339,28.8135593220339,1177,偏弱
sz002472,2025-03-31,2025-05-15,60.45943376444318,52.45413204398297,-8.005301720460208,28.753026634382568,28.753026634382568,1178,偏弱
sh600584,2025-03-31,2025-05-15,58.60800972110497,50.57901496184731,-8.02899475925766,28.692493946731233,28.692493946731233,1179,偏弱
sh603530,2025-03-31,2025-05-15,67.18603020009635,59.1388607629759,-8.047169437120454,28.6319612590799,28.6319612590799,1180,偏弱
sz002409,2025-03-31,2025-05-15,61.32492821424329,53.24696603124405,-8.077962182999245,28.57142857142857,28.57142857142857,1181,偏弱
sh603328,2025-03-31,2025-05-15,61.81886074563668,53.71645011976125,-8.102410625875427,28.510895883777238,28.510895883777238,1182,偏弱
sz002385,2025-03-31,2025-05-15,49.72467394456903,41.610763384399874,-8.113910560169156,28.45036319612591,28.45036319612591,1183,偏弱
sh603659,2025-03-31,2025-05-15,58.40099000114861,50.2437266178368,-8.157263383311808,28.389830508474578,28.389830508474578,1184,偏弱
sz000021,2025-03-31,2025-05-15,54.919864739125906,46.75949112513982,-8.160373613986092,28.329297820823246,28.329297820823246,1185,偏弱
sz000987,2025-03-31,2025-05-15,52.683467153522585,44.49879665446555,-8.184670499057038,28.268765133171915,28.268765133171915,1186,偏弱
sh603019,2020-12-31,2021-04-30,55.912984855099474,47.717702264509334,-8.19528259059014,28.208232445520583,28.208232445520583,1187,偏弱
sh600663,2025-03-31,2025-05-15,62.54495800307728,54.33155194401613,-8.213406059061148,28.147699757869248,28.147699757869248,1188,偏弱
sh688065,2025-03-31,2025-05-15,62.71471166287194,54.48324328512825,-8.231468377743687,28.087167070217916,28.087167070217916,1189,偏弱
sz002761,2025-03-31,2025-05-15,39.75595132347894,31.52197452937611,-8.23397679410283,28.026634382566584,28.026634382566584,1190,偏弱
sz002466,2025-03-31,2025-05-15,63.24369185552097,54.99954703067162,-8.244144824849354,27.966101694915253,27.966101694915253,1191,偏弱
sh688690,2025-03-31,2025-05-15,72.55008985794403,64.29825981178458,-8.251830046159455,27.905569007263924,27.905569007263924,1192,偏弱
sh601677,2025-03-31,2025-05-15,60.89762291875682,52.639330024746926,-8.258292894009887,27.845036319612593,27.845036319612593,1193,偏弱
sh603233,2025-03-31,2025-05-15,62.19910366908932,53.91557393618546,-8.28352973290386,27.78450363196126,27.78450363196126,1194,偏弱
sh603298,2025-03-31,2025-05-15,61.74483640820403,53.451676992003456,-8.293159416200577,27.72397094430993,27.72397094430993,1195,偏弱
sh605589,2025-03-31,2025-05-15,59.39387554722473,51.092536858210245,-8.301338689014486,27.663438256658594,27.663438256658594,1196,偏弱
sh600619,2025-03-31,2025-05-15,52.79702763177552,44.46997037182592,-8.327057259949596,27.602905569007262,27.602905569007262,1197,偏弱
sz300115,2025-03-31,2025-05-15,45.165680287356004,36.835722684835744,-8.32995760252026,27.54237288135593,27.54237288135593,1198,偏弱
sh688519,2025-03-31,2025-05-15,53.14125739697019,44.775615046087864,-8.365642350882323,27.4818401937046,27.4818401937046,1199,偏弱
sh600575,2025-03-31,2025-05-15,55.54528257916006,47.16097651663526,-8.384306062524796,27.421307506053267,27.421307506053267,1200,偏弱
sz002683,2025-03-31,2025-05-15,53.9438606081558,45.554789868583235,-8.389070739572569,27.36077481840194,27.36077481840194,1201,偏弱
sh688002,2025-03-31,2025-05-15,65.62474347927733,57.17178827524151,-8.452955204035815,27.300242130750608,27.300242130750608,1202,偏弱
sz000157,2025-03-31,2025-05-15,58.24149987320638,49.777221623845634,-8.46427824936075,27.239709443099276,27.239709443099276,1203,偏弱
sh688209,2025-03-31,2025-05-15,67.25314937164318,58.758436071049104,-8.49471330059407,27.17917675544794,27.17917675544794,1204,偏弱
sh601928,2025-03-31,2025-05-15,62.44204410720619,53.89895233965785,-8.543091767548342,27.11864406779661,27.11864406779661,1205,偏弱
sh600285,2025-03-31,2025-05-15,72.72592455442451,64.1567937025722,-8.569130851852304,27.058111380145277,27.058111380145277,1206,偏弱
sh601022,2025-03-31,2025-05-15,61.00092584955912,52.429116920908506,-8.571808928650613,26.997578692493946,26.997578692493946,1207,偏弱
sh600363,2025-03-31,2025-05-15,58.59641842026144,50.02383544630112,-8.572582973960326,26.937046004842614,26.937046004842614,1208,偏弱
sh600027,2025-03-31,2025-05-15,55.809409158965394,47.210377489847794,-8.599031669117602,26.876513317191282,26.876513317191282,1209,偏弱
sh603306,2025-03-31,2025-05-15,69.12997764980132,60.52580281031485,-8.604174839486467,26.815980629539954,26.815980629539954,1210,偏弱
sh688696,2025-03-31,2025-05-15,57.752708570436305,49.13831335383893,-8.614395216597371,26.755447941888622,26.755447941888622,1211,偏弱
sh600018,2025-03-31,2025-05-15,64.17330213647936,55.53424192892473,-8.639060207554634,26.69491525423729,26.69491525423729,1212,偏弱
sh600582,2025-03-31,2025-05-15,57.40216357453239,48.762478149212875,-8.639685425319513,26.634382566585955,26.634382566585955,1213,偏弱
sz301000,2025-03-31,2025-05-15,66.27672773549104,57.60614512671596,-8.670582608775076,26.573849878934624,26.573849878934624,1214,偏弱
sh603218,2025-03-31,2025-05-15,59.80308130933392,51.103524894422755,-8.699556414911164,26.513317191283292,26.513317191283292,1215,偏弱
sz000559,2025-03-31,2025-05-15,56.68947217144642,47.95388159432359,-8.73559057712283,26.45278450363196,26.45278450363196,1216,偏弱
sz301078,2025-03-31,2025-05-15,56.99948254314473,48.25438700836493,-8.745095534779797,26.39225181598063,26.39225181598063,1217,偏弱
sh600710,2025-03-31,2025-05-15,53.14234627538413,44.395130624257575,-8.747215651126549,26.331719128329294,26.331719128329294,1218,偏弱
sz000603,2025-03-31,2025-05-15,57.836372898249714,49.086736468334166,-8.749636429915544,26.27118644067797,26.27118644067797,1219,偏弱
sh603887,2025-03-31,2025-05-15,54.98001336141776,46.1817036749939,-8.798309686423865,26.210653753026637,26.210653753026637,1220,偏弱
sz002299,2025-03-31,2025-05-15,54.87665152876775,46.06335448500171,-8.81329704376604,26.150121065375302,26.150121065375302,1221,偏弱
sz300442,2025-03-31,2025-05-15,64.7240164282804,55.8956873019497,-8.828329126330692,26.08958837772397,26.08958837772397,1222,偏弱
sh600885,2025-03-31,2025-05-15,62.85893633006954,53.991337684528744,-8.867598645540793,26.02905569007264,26.02905569007264,1223,偏弱
sh688403,2025-03-31,2025-05-15,63.5835988948804,54.68376987214889,-8.89982902273151,25.968523002421307,25.968523002421307,1224,偏弱
sz002007,2025-03-31,2025-05-15,69.86303963618916,60.92703879318081,-8.936000843008342,25.907990314769975,25.907990314769975,1225,偏弱
sh600094,2025-03-31,2025-05-15,56.34170062845431,47.391027123016926,-8.950673505437386,25.847457627118644,25.847457627118644,1226,偏弱
sz301550,2025-03-31,2025-05-15,65.05441883200216,56.060299946226394,-8.994118885775766,25.786924939467315,25.786924939467315,1227,偏弱
sz300811,2025-03-31,2025-05-15,66.39261616469405,57.38645905780633,-9.00615710688772,25.726392251815984,25.726392251815984,1228,偏弱
sz002444,2025-03-31,2025-05-15,64.8008304921949,55.77306019126571,-9.027770300929197,25.66585956416465,25.66585956416465,1229,偏弱
sz000100,2025-03-31,2025-05-15,55.60690094113738,46.56102604119735,-9.045874899940033,25.605326876513317,25.605326876513317,1230,偏弱
sh603997,2025-03-31,2025-05-15,50.461424925154375,41.400184111889615,-9.06124081326476,25.544794188861985,25.544794188861985,1231,偏弱
sh603678,2025-03-31,2025-05-15,64.76586648853774,55.700997189779585,-9.064869298758154,25.484261501210653,25.484261501210653,1232,偏弱
sz000690,2025-03-31,2025-05-15,58.02880859741908,48.96272671800017,-9.066081879418912,25.423728813559322,25.423728813559322,1233,偏弱
sh600366,2025-03-31,2025-05-15,54.27211244234022,45.098575460788894,-9.173536981551328,25.36319612590799,25.36319612590799,1234,偏弱
sz002194,2025-03-31,2025-05-15,62.47967547300767,53.28296123069148,-9.196714242316189,25.302663438256655,25.302663438256655,1235,偏弱
sz000725,2025-03-31,2025-05-15,56.462762939548945,47.22599484509554,-9.236768094453405,25.24213075060533,25.24213075060533,1236,偏弱
sh601311,2025-03-31,2025-05-15,58.78546350929847,49.53895205749137,-9.246511451807095,25.181598062954,25.181598062954,1237,偏弱
sz002716,2025-03-31,2025-05-15,53.826121140910296,44.52288306319433,-9.303238077715964,25.121065375302663,25.121065375302663,1238,偏弱
sh603297,2025-03-31,2025-05-15,68.2623668618392,58.93832206732036,-9.32404479451884,25.06053268765133,25.06053268765133,1239,偏弱
sh601298,2025-03-31,2025-05-15,65.88328648318888,56.5013148700088,-9.381971613180086,25.0,25.0,1240,偏弱
sz002273,2025-03-31,2025-05-15,65.163513957549,55.68095828213342,-9.482555675415579,24.93946731234867,24.93946731234867,1241,偏弱
sh600021,2025-03-31,2025-05-15,59.373919774146174,49.85136570794272,-9.522554066203455,24.878934624697337,24.878934624697337,1242,偏弱
sz300360,2025-03-31,2025-05-15,66.8646388373037,57.33807714782896,-9.526561689474738,24.818401937046005,24.818401937046005,1243,偏弱
sz000672,2025-03-31,2025-05-15,58.6968722152169,49.12282461939481,-9.574047595822089,24.757869249394673,24.757869249394673,1244,偏弱
sh603983,2025-03-31,2025-05-15,73.97782691198901,64.40141108563802,-9.576415826350994,24.69733656174334,24.69733656174334,1245,偏弱
sh600690,2025-03-31,2025-05-15,61.024860304971405,51.44347998412488,-9.581380320846531,24.63680387409201,24.63680387409201,1246,偏弱
sz300567,2025-03-31,2025-05-15,61.91104975369794,52.318516933659055,-9.592532820038882,24.576271186440678,24.576271186440678,1247,偏弱
sh605009,2025-03-31,2025-05-15,65.83320102362016,56.230949474900655,-9.602251548719506,24.515738498789347,24.515738498789347,1248,偏弱
sz000685,2025-03-31,2025-05-15,59.02170671575452,49.415353238222465,-9.606353477532057,24.455205811138015,24.455205811138015,1249,偏弱
sh600482,2025-03-31,2025-05-15,59.631499364342964,50.007627534045795,-9.623871830297166,24.394673123486683,24.394673123486683,1250,偏弱
sh600763,2025-03-31,2025-05-15,67.7673188031198,58.126221515680605,-9.6410972874392,24.33414043583535,24.33414043583535,1251,偏弱
sh601138,2025-03-31,2025-05-15,58.31523461432425,48.648048631347415,-9.667185982976832,24.27360774818402,24.27360774818402,1252,偏弱
sh600726,2025-03-31,2025-05-15,54.99681766814489,45.30590662489876,-9.690911043246132,24.213075060532688,24.213075060532688,1253,偏弱
sh600882,2025-03-31,2025-05-15,63.3878813544631,53.673772685707405,-9.714108668755692,24.152542372881356,24.152542372881356,1254,偏弱
sh688102,2025-03-31,2025-05-15,61.422903770289444,51.69107748520909,-9.731826285080354,24.092009685230025,24.092009685230025,1255,偏弱
sz002543,2025-03-31,2025-05-15,63.579074714088954,53.84222617666415,-9.736848537424805,24.031476997578693,24.031476997578693,1256,偏弱
sz000408,2025-03-31,2025-05-15,70.79977026999705,61.03876556061812,-9.761004709378938,23.97094430992736,23.97094430992736,1257,偏弱
sz301511,2025-03-31,2025-05-15,50.25360646177333,40.484487561670456,-9.769118900102873,23.91041162227603,23.91041162227603,1258,偏弱
sz002747,2025-03-31,2025-05-15,54.67267560900206,44.86546291894479,-9.807212690057272,23.849878934624698,23.849878934624698,1259,偏弱
sz300415,2025-03-31,2025-05-15,62.46102055296042,52.643615876767,-9.817404676193421,23.789346246973366,23.789346246973366,1260,偏弱
sz002690,2025-03-31,2025-05-15,71.43172603982457,61.60258496837955,-9.829141071445017,23.728813559322035,23.728813559322035,1261,偏弱
sh601127,2025-03-31,2025-05-15,50.89800901226832,41.06648765923685,-9.831521353031468,23.668280871670703,23.668280871670703,1262,偏弱
sz002423,2024-09-30,2024-11-14,52.19928875871276,42.34924822927586,-9.850040529436901,23.60774818401937,23.60774818401937,1263,偏弱
sh603605,2025-03-31,2025-05-15,77.52097871562931,67.66988812115474,-9.851090594474575,23.547215496368036,23.547215496368036,1264,偏弱
sh600273,2025-03-31,2025-05-15,62.9195141472419,53.056383704986956,-9.863130442254942,23.486682808716708,23.486682808716708,1265,偏弱
sz002925,2025-03-31,2025-05-15,63.50301593071394,53.627590710179405,-9.875425220534542,23.426150121065376,23.426150121065376,1266,偏弱
sh600266,2025-03-31,2025-05-15,58.78453342950633,48.8825395810906,-9.901993848415737,23.365617433414045,23.365617433414045,1267,偏弱
sh603876,2025-03-31,2025-05-15,52.057532341755284,42.07976178119663,-9.977770560558653,23.30508474576271,23.30508474576271,1268,偏弱
sh600428,2025-03-31,2025-05-15,58.72990587555417,48.74577230374299,-9.984133571811176,23.24455205811138,23.24455205811138,1269,偏弱
sh688249,2025-03-31,2025-05-15,58.25885723407157,48.26586746123984,-9.992989772831725,23.18401937046005,23.18401937046005,1270,偏弱
sh600063,2025-03-31,2025-05-15,58.0609908209376,48.04904896710597,-10.011941853831631,23.123486682808718,23.123486682808718,1271,偏弱
sz000019,2025-03-31,2025-05-15,62.07618453314523,52.05255142927368,-10.023633103871552,23.062953995157383,23.062953995157383,1272,偏弱
sz000062,2025-03-31,2025-05-15,58.35790643798639,48.31865895223826,-10.03924748574813,23.002421307506054,23.002421307506054,1273,偏弱
sz000027,2025-03-31,2025-05-15,60.17258093747918,50.094744629205124,-10.077836308274058,22.941888619854723,22.941888619854723,1274,偏弱
sh601061,2025-03-31,2025-05-15,51.91075723282759,41.82881031549198,-10.081946917335614,22.88135593220339,22.88135593220339,1275,偏弱
sz002545,2025-03-31,2025-05-15,66.20061533775146,56.09518647950587,-10.105428858245586,22.82082324455206,22.82082324455206,1276,偏弱
sh600739,2025-03-31,2025-05-15,58.04435245393384,47.9236226805621,-10.120729773371743,22.760290556900724,22.760290556900724,1277,偏弱
sh600531,2025-03-31,2025-05-15,52.91417497985899,42.777460170242726,-10.136714809616265,22.699757869249396,22.699757869249396,1278,偏弱
sh688297,2025-03-31,2025-05-15,61.43470229556831,51.23923600293682,-10.195466292631489,22.639225181598064,22.639225181598064,1279,偏弱
sz301035,2025-03-31,2025-05-15,57.76739140447724,47.55151189839224,-10.215879506084995,22.578692493946733,22.578692493946733,1280,偏弱
sz300748,2025-03-31,2025-05-15,59.47692257352023,49.19999192928802,-10.276930644232209,22.518159806295397,22.518159806295397,1281,偏弱
sz300119,2025-03-31,2025-05-15,68.31158422310833,58.00212956604094,-10.309454657067386,22.45762711864407,22.45762711864407,1282,偏弱
sz001308,2025-03-31,2025-05-15,59.12391058508974,48.78150802790728,-10.342402557182464,22.397094430992738,22.397094430992738,1283,偏弱
sh605599,2025-03-31,2025-05-15,65.7676722454829,55.41627078952754,-10.351401455955362,22.336561743341406,22.336561743341406,1284,偏弱
sz300017,2025-03-31,2025-05-15,65.93305351741431,55.558627450333894,-10.374426067080412,22.27602905569007,22.27602905569007,1285,偏弱
sz000538,2025-03-31,2025-05-15,66.04771955979595,55.66519785394864,-10.382521705847306,22.21549636803874,22.21549636803874,1286,偏弱
sh600377,2025-03-31,2025-05-15,65.88124894692366,55.45702078494046,-10.4242281619832,22.15496368038741,22.15496368038741,1287,偏弱
sz301526,2025-03-31,2025-05-15,55.75222424955434,45.29967730892989,-10.452546940624451,22.09443099273608,22.09443099273608,1288,偏弱
sh603219,2025-03-31,2025-05-15,62.650257138298564,52.17352017574435,-10.476736962554213,22.033898305084744,22.033898305084744,1289,偏弱
sz002539,2025-03-31,2025-05-15,57.94362461653298,47.45852655512442,-10.485098061408554,21.973365617433412,21.973365617433412,1290,偏弱
sh688012,2025-03-31,2025-05-15,69.09617612537609,58.59056232794744,-10.505613797428648,21.912832929782084,21.912832929782084,1291,偏弱
sh600995,2025-03-31,2025-05-15,66.81992750856142,56.258092217193564,-10.561835291367858,21.852300242130752,21.852300242130752,1292,偏弱
sh688536,2025-03-31,2025-05-15,70.08078378494248,59.49325568002,-10.587528104922482,21.791767554479417,21.791767554479417,1293,偏弱
sz002202,2025-03-31,2025-05-15,55.92333849522492,45.334532362712956,-10.588806132511964,21.731234866828085,21.731234866828085,1294,偏弱
sz002028,2025-03-31,2025-05-15,63.562460690214124,52.973088143169406,-10.589372547044716,21.670702179176757,21.670702179176757,1295,偏弱
sz002003,2025-03-31,2025-05-15,66.69747398424387,56.067014483634544,-10.630459500609328,21.610169491525426,21.610169491525426,1296,偏弱
sh600764,2025-03-31,2025-05-15,64.86863627894414,54.22900396080363,-10.639632318140507,21.54963680387409,21.54963680387409,1297,偏弱
sz300762,2025-03-31,2025-05-15,65.30706341566612,54.66494214004336,-10.642121275622761,21.48910411622276,21.48910411622276,1298,偏弱
sz300888,2025-03-31,2025-05-15,67.230787772272,56.58317167048451,-10.647616101787483,21.428571428571427,21.428571428571427,1299,偏弱
sz002428,2025-03-31,2025-05-15,59.371227825434175,48.7185765939425,-10.652651231491678,21.3680387409201,21.3680387409201,1300,偏弱
sz002946,2025-03-31,2025-05-15,60.3765652210918,49.69895090353353,-10.677614317558271,21.307506053268767,21.307506053268767,1301,偏弱
sz002550,2025-03-31,2025-05-15,72.01316990129872,61.32905997034697,-10.684109930951758,21.246973365617432,21.246973365617432,1302,偏弱
sz002705,2025-03-31,2025-05-15,62.2021191000608,51.468964538148136,-10.733154561912665,21.1864406779661,21.1864406779661,1303,偏弱
sz300395,2025-03-31,2025-05-15,69.41099041673341,58.648962064769535,-10.762028351963876,21.125907990314772,21.125907990314772,1304,偏弱
sz002681,2025-03-31,2025-05-15,60.43475776287933,49.639331542489906,-10.795426220389423,21.06537530266344,21.06537530266344,1305,偏弱
sh600489,2025-03-31,2025-05-15,61.00683192250138,50.18792814154445,-10.818903780956934,21.004842615012105,21.004842615012105,1306,偏弱
sz301291,2025-03-31,2025-05-15,56.71269607622094,45.88527400279757,-10.827422073423362,20.944309927360774,20.944309927360774,1307,偏弱
sz002847,2025-03-31,2025-05-15,69.34526566910178,58.50123466263224,-10.844031006469535,20.883777239709442,20.883777239709442,1308,偏弱
sz002668,2025-03-31,2025-05-15,66.2170814737078,55.36385588879744,-10.853225584910357,20.823244552058114,20.823244552058114,1309,偏弱
sh603129,2025-03-31,2025-05-15,76.87266443846907,65.9993141443133,-10.873350294155767,20.76271186440678,20.76271186440678,1310,偏弱
sz300470,2025-03-31,2025-05-15,71.04596878971402,60.11378860107731,-10.932180188636714,20.702179176755447,20.702179176755447,1311,偏弱
sh603638,2025-03-31,2025-05-15,62.94755387423558,51.99975706157167,-10.947796812663906,20.641646489104115,20.641646489104115,1312,偏弱
sh600009,2025-03-31,2025-05-15,59.309210558569774,48.35139475962109,-10.957815798948689,20.581113801452787,20.581113801452787,1313,偏弱
sh600460,2025-03-31,2025-05-15,60.348613186610244,49.34617033392891,-11.00244285268133,20.520581113801452,20.520581113801452,1314,偏弱
sh600276,2025-03-31,2025-05-15,79.61014263608848,68.60632131106465,-11.003821325023837,20.46004842615012,20.46004842615012,1315,偏弱
sh688351,2025-03-31,2025-05-15,73.76717511605314,62.70172033613827,-11.065454779914864,20.39951573849879,20.39951573849879,1316,偏弱
sz000039,2025-03-31,2025-05-15,57.348499425695444,46.27480747975319,-11.073691945942254,20.33898305084746,20.33898305084746,1317,偏弱
sh603288,2025-03-31,2025-05-15,69.75873059920731,58.66024616142296,-11.098484437784347,20.278450363196125,20.278450363196125,1318,偏弱
sz300014,2025-03-31,2025-05-15,59.51210905648893,48.324659215974044,-11.187449840514889,20.217917675544793,20.217917675544793,1319,偏弱
sz300140,2025-03-31,2025-05-15,60.037164561961234,48.74039323180621,-11.296771330155021,20.15738498789346,20.15738498789346,1320,偏弱
sh600292,2025-03-31,2025-05-15,59.8542266149904,48.531792650987214,-11.32243396400319,20.09685230024213,20.09685230024213,1321,偏弱
sh688362,2025-03-31,2025-05-15,57.42737344978357,46.08298062238171,-11.34439282740186,20.0363196125908,20.0363196125908,1322,偏弱
sh688630,2025-03-31,2025-05-15,68.5591282589103,57.19628331038003,-11.362844948530276,19.975786924939467,19.975786924939467,1323,弱
sh603809,2025-03-31,2025-05-15,63.17329175348432,51.80053258547427,-11.372759168010047,19.915254237288135,19.915254237288135,1324,弱
sz000425,2025-03-31,2025-05-15,59.710607167081314,48.335640237437396,-11.374966929643916,19.854721549636803,19.854721549636803,1325,弱
sh600499,2025-03-31,2025-05-15,65.13605042944788,53.71752662085857,-11.418523808589304,19.794188861985475,19.794188861985475,1326,弱
sh603816,2025-03-31,2025-05-15,66.53412207836168,55.07205366046102,-11.462068417900653,19.73365617433414,19.73365617433414,1327,弱
sh603300,2025-03-31,2025-05-15,64.43322174040965,52.96963891031687,-11.463582830092781,19.673123486682808,19.673123486682808,1328,弱
sh603650,2025-03-31,2025-05-15,62.88526214940491,51.39690625611109,-11.488355893293823,19.612590799031477,19.612590799031477,1329,弱
sz002850,2025-03-31,2025-05-15,69.344493148985,57.85034867483883,-11.494144474146166,19.552058111380145,19.552058111380145,1330,弱
sh600338,2024-09-30,2024-11-14,67.10866402519488,55.581564562628216,-11.52709946256667,19.491525423728813,19.491525423728813,1331,弱
sh600900,2025-03-31,2025-05-15,66.86504814802407,55.26388255474161,-11.601165593282461,19.43099273607748,19.43099273607748,1332,弱
sz002315,2025-03-31,2025-05-15,76.03423737445006,64.36939104338022,-11.664846331069842,19.37046004842615,19.37046004842615,1333,弱
sz002384,2025-03-31,2025-05-15,60.51919893167728,48.85062339584713,-11.668575535830149,19.309927360774818,19.309927360774818,1334,弱
sh603025,2025-03-31,2025-05-15,69.5497512040434,57.86557624877683,-11.684174955266574,19.249394673123486,19.249394673123486,1335,弱
sh600163,2025-03-31,2025-05-15,70.75526262532148,59.0702385275139,-11.68502409780758,19.188861985472155,19.188861985472155,1336,弱
sh603005,2025-03-31,2025-05-15,69.7622757951514,58.04426925971896,-11.71800653543244,19.128329297820823,19.128329297820823,1337,弱
sz301200,2025-03-31,2025-05-15,66.18674201346342,54.452211766154946,-11.734530247308466,19.06779661016949,19.06779661016949,1338,弱
sz300037,2025-03-31,2025-05-15,62.071198900835945,50.314140208035965,-11.757058692799982,19.00726392251816,19.00726392251816,1339,弱
sh688278,2025-03-31,2025-05-15,85.17179279184728,73.3680104754753,-11.803782316371978,18.946731234866828,18.946731234866828,1340,弱
sh601567,2025-03-31,2025-05-15,65.72033687004057,53.91090811901381,-11.80942875102676,18.886198547215496,18.886198547215496,1341,弱
sz002378,2025-03-31,2025-05-15,58.788917644693214,46.94584070363639,-11.84307694105682,18.825665859564165,18.825665859564165,1342,弱
sh688523,2025-03-31,2025-05-15,67.84701268534626,56.00067361153032,-11.846339073815942,18.765133171912833,18.765133171912833,1343,弱
sz301215,2025-03-31,2025-05-15,73.7239574290391,61.83418228272768,-11.889775146311418,18.7046004842615,18.7046004842615,1344,弱
sz000528,2025-03-31,2025-05-15,59.76254709999844,47.861618194854316,-11.900928905144127,18.64406779661017,18.64406779661017,1345,弱
sh603296,2025-03-31,2025-05-15,57.579931529915775,45.65417775395238,-11.925753775963392,18.583535108958838,18.583535108958838,1346,弱
sz300408,2025-03-31,2025-05-15,71.455139418255,59.457237992108546,-11.997901426146454,18.523002421307506,18.523002421307506,1347,弱
sz000977,2025-03-31,2025-05-15,62.438916981729285,50.434807302577426,-12.004109679151858,18.462469733656174,18.462469733656174,1348,弱
sh605111,2025-03-31,2025-05-15,69.83698188196571,57.78454161912999,-12.052440262835724,18.401937046004843,18.401937046004843,1349,弱
sz002414,2025-03-31,2025-05-15,73.9158379065844,61.859854308395484,-12.055983598188915,18.34140435835351,18.34140435835351,1350,弱
sh600166,2025-03-31,2025-05-15,56.806167378562876,44.748969150875915,-12.057198227686962,18.28087167070218,18.28087167070218,1351,弱
sh688617,2025-03-31,2025-05-15,85.42804653351452,73.36712969334295,-12.060916840171569,18.220338983050848,18.220338983050848,1352,弱
sz300181,2025-03-31,2025-05-15,75.02557704885,62.94488067226304,-12.080696376586953,18.159806295399516,18.159806295399516,1353,弱
sz301127,2025-03-31,2025-05-15,64.97411767849125,52.885606883616596,-12.088510794874658,18.099273607748184,18.099273607748184,1354,弱
sz002080,2025-03-31,2025-05-15,59.91736757265198,47.823098297888436,-12.094269274763548,18.038740920096853,18.038740920096853,1355,弱
sh688502,2025-03-31,2025-05-15,70.98372460264905,58.88663533067842,-12.097089271970626,17.97820823244552,17.97820823244552,1356,弱
sh601003,2025-03-31,2025-05-15,52.755744502486664,40.653370831778886,-12.102373670707777,17.91767554479419,17.91767554479419,1357,弱
sh688522,2025-03-31,2025-05-15,77.78047811637217,65.67234168454932,-12.108136431822839,17.857142857142858,17.857142857142858,1358,弱
sh603565,2025-03-31,2025-05-15,62.50217305621864,50.367980068078936,-12.134192988139699,17.796610169491526,17.796610169491526,1359,弱
sh601033,2024-12-31,2025-04-30,65.08771638606306,52.94244221857205,-12.145274167491019,17.736077481840194,17.736077481840194,1360,弱
sz002318,2025-03-31,2025-05-15,66.99454473551212,54.8285089231111,-12.166035812401024,17.675544794188863,17.675544794188863,1361,弱
sh601208,2025-03-31,2025-05-15,59.38413905156039,47.199961643776525,-12.184177407783862,17.61501210653753,17.61501210653753,1362,弱
sz300759,2025-03-31,2025-05-15,66.7856605219655,54.595280938432865,-12.190379583532632,17.5544794188862,17.5544794188862,1363,弱
sh600301,2025-03-31,2025-05-15,67.34923930885566,55.12997471294517,-12.219264595910486,17.493946731234868,17.493946731234868,1364,弱
sh688099,2025-03-31,2025-05-15,73.71880735741361,61.48396623167763,-12.234841125735981,17.433414043583532,17.433414043583532,1365,弱
sh600415,2025-03-31,2025-05-15,66.07077634972224,53.81096441842612,-12.25981193129612,17.372881355932204,17.372881355932204,1366,弱
sh688578,2025-03-31,2025-05-15,88.43985032550212,76.16505585692285,-12.274794468579271,17.312348668280872,17.312348668280872,1367,弱
sh601869,2025-03-31,2025-05-15,64.4556049633503,52.14342872632828,-12.312176237022012,17.25181598062954,17.25181598062954,1368,弱
sh601678,2025-03-31,2025-05-15,61.93009873444151,49.57205612985359,-12.358042604587911,17.191283292978206,17.191283292978206,1369,弱
sh603606,2025-03-31,2025-05-15,63.065257439262446,50.679215727066854,-12.386041712195592,17.130750605326877,17.130750605326877,1370,弱
sz300866,2025-03-31,2025-05-15,71.62236632183527,59.23047338414548,-12.391892937689786,17.070217917675546,17.070217917675546,1371,弱
sh600004,2025-03-31,2025-05-15,65.52103228987541,53.11597691520591,-12.405055374669496,17.009685230024214,17.009685230024214,1372,弱
sz300677,2025-03-31,2025-05-15,65.21353181226415,52.79823858391966,-12.41529322834449,16.94915254237288,16.94915254237288,1373,弱
sh600873,2025-03-31,2025-05-15,65.47634852579031,53.02702055179546,-12.449327973994855,16.888619854721547,16.888619854721547,1374,弱
sh688981,2025-03-31,2025-05-15,63.652353533622765,51.20227256587893,-12.450080967743837,16.82808716707022,16.82808716707022,1375,弱
sh600020,2025-03-31,2025-05-15,66.78160943738659,54.32372048634771,-12.457888951038878,16.767554479418887,16.767554479418887,1376,弱
sh688120,2025-03-31,2025-05-15,72.02199359099579,59.55677036466256,-12.46522322633323,16.707021791767556,16.707021791767556,1377,弱
sh600635,2025-03-31,2025-05-15,58.33406976761051,45.86743142572678,-12.46663834188373,16.64648910411622,16.64648910411622,1378,弱
sh603197,2025-03-31,2025-05-15,63.15947812002983,50.67859871818481,-12.480879401845025,16.585956416464892,16.585956416464892,1379,弱
sz300443,2025-03-31,2025-05-15,64.73516626883395,52.22355547423611,-12.511610794597846,16.52542372881356,16.52542372881356,1380,弱
sz300660,2025-03-31,2025-05-15,67.10536756637823,54.536476393034214,-12.568891173344019,16.46489104116223,16.46489104116223,1381,弱
sz300685,2025-03-31,2025-05-15,82.7016937615493,70.078772716466,-12.62292104508329,16.404358353510894,16.404358353510894,1382,弱
sz002353,2025-03-31,2025-05-15,69.65823633432272,57.031920782290875,-12.626315552031848,16.343825665859566,16.343825665859566,1383,弱
sh688131,2025-03-31,2025-05-15,69.08978150500437,56.42185813053419,-12.667923374470174,16.283292978208234,16.283292978208234,1384,弱
sh600061,2025-03-31,2025-05-15,50.457034578619805,37.749116060317846,-12.70791851830196,16.222760290556902,16.222760290556902,1385,弱
sz002281,2025-03-31,2025-05-15,65.67456883908756,52.94538309746004,-12.72918574162752,16.162227602905567,16.162227602905567,1386,弱
sh688591,2024-12-31,2025-04-30,73.3700776759387,60.6108082668493,-12.759269409089404,16.101694915254235,16.101694915254235,1387,弱
sh688188,2025-03-31,2025-05-15,85.88709722444104,73.00662064096568,-12.880476583475359,16.041162227602907,16.041162227602907,1388,弱
sz002100,2025-03-31,2025-05-15,59.479564665205004,46.59887824333945,-12.880686421865557,15.980629539951574,15.980629539951574,1389,弱
sz300398,2025-03-31,2025-05-15,66.70455612331394,53.818551675253296,-12.886004448060639,15.920096852300242,15.920096852300242,1390,弱
sz301029,2025-03-31,2025-05-15,72.06731655408352,59.0879670210102,-12.979349533073314,15.859564164648909,15.859564164648909,1391,弱
sh600861,2025-03-31,2025-05-15,60.97751286010193,47.98619492035316,-12.991317939748775,15.79903147699758,15.79903147699758,1392,弱
sh601900,2025-03-31,2025-05-15,65.78557881632193,52.78932136626166,-12.99625745006027,15.738498789346247,15.738498789346247,1393,弱
sz000876,2025-03-31,2025-05-15,51.59527650148826,38.593293633090866,-13.001982868397393,15.677966101694915,15.677966101694915,1394,弱
sz300702,2025-03-31,2025-05-15,66.77624479268492,53.76780574705595,-13.008439045628966,15.617433414043584,15.617433414043584,1395,弱
sz002249,2025-03-31,2025-05-15,64.2592598808108,51.24940079551206,-13.009859085298746,15.556900726392254,15.556900726392254,1396,弱
sz300870,2025-03-31,2025-05-15,65.64333219018754,52.53443366163334,-13.108898528554198,15.49636803874092,15.49636803874092,1397,弱
sz002827,2025-03-31,2025-05-15,63.31000083496512,50.1849764778231,-13.125024357142028,15.435835351089588,15.435835351089588,1398,弱
sz000651,2025-03-31,2025-05-15,67.86457912858636,54.7258259690117,-13.138753159574655,15.375302663438257,15.375302663438257,1399,弱
sz000960,2025-03-31,2025-05-15,62.82146591358867,49.67902786906412,-13.142438044524544,15.314769975786923,15.314769975786923,1400,弱
sz300776,2025-03-31,2025-05-15,69.01347573161918,55.85005279098856,-13.163422940630618,15.254237288135593,15.254237288135593,1401,弱
sz002345,2025-03-31,2025-05-15,67.30671095758747,54.12235116902062,-13.184359788566853,15.193704600484262,15.193704600484262,1402,弱
sh688182,2025-03-31,2025-05-15,69.71865094431617,56.52574783679803,-13.19290310751813,15.13317191283293,15.13317191283293,1403,弱
sh601619,2021-09-30,2021-11-14,66.15941520026882,52.96212934840656,-13.19728585186226,15.072639225181597,15.072639225181597,1404,弱
sz002698,2025-03-31,2025-05-15,68.06074294642428,54.8334866172656,-13.227256329158687,15.012106537530268,15.012106537530268,1405,弱
sh603505,2025-03-31,2025-05-15,64.29074859914789,50.990333238169505,-13.300415360978384,14.951573849878935,14.951573849878935,1406,弱
sz300446,2025-03-31,2025-05-15,60.53660802321883,47.22810614917133,-13.3085018740475,14.891041162227603,14.891041162227603,1407,弱
sh600025,2025-03-31,2025-05-15,68.88088390825203,55.56398549587834,-13.316898412373686,14.83050847457627,14.83050847457627,1408,弱
sz301345,2025-03-31,2025-05-15,77.1727192311468,63.8302363001447,-13.3424829310021,14.769975786924938,14.769975786924938,1409,弱
sh600143,2025-03-31,2025-05-15,58.35263906709695,44.97623239423521,-13.376406672861737,14.709443099273608,14.709443099273608,1410,弱
sz002311,2025-03-31,2025-05-15,59.27504635061391,45.86950251457702,-13.405543836036895,14.648910411622277,14.648910411622277,1411,弱
sh600686,2025-03-31,2025-05-15,57.6585960335127,44.24617734714941,-13.41241868636329,14.588377723970943,14.588377723970943,1412,弱
sz300102,2025-03-31,2025-05-15,62.46104814575755,49.0430077697966,-13.41804037596095,14.527845036319611,14.527845036319611,1413,弱
sz002916,2025-03-31,2025-05-15,70.28636932943446,56.86528802083543,-13.421081308599035,14.467312348668282,14.467312348668282,1414,弱
sz000885,2025-03-31,2025-05-15,66.54367173783506,53.11705504941028,-13.42661668842477,14.40677966101695,14.40677966101695,1415,弱
sz000333,2025-03-31,2025-05-15,71.04931021426198,57.6119209774113,-13.437389236850679,14.346246973365616,14.346246973365616,1416,弱
sz300015,2025-03-31,2025-05-15,73.30362032336102,59.862021630454294,-13.441598692906725,14.285714285714285,14.285714285714285,1417,弱
sh603858,2025-03-31,2025-05-15,72.99818807085711,59.46024775881639,-13.537940312040726,14.225181598062955,14.225181598062955,1418,弱
sh600517,2025-03-31,2025-05-15,60.58336207997695,47.00264106463837,-13.580721015338579,14.164648910411623,14.164648910411623,1419,弱
sz000537,2025-03-31,2025-05-15,66.04143891822721,52.451752521106,-13.589686397121215,14.104116222760291,14.104116222760291,1420,弱
sh601991,2025-03-31,2025-05-15,60.197408180498726,46.57430075995207,-13.623107420546663,14.043583535108958,14.043583535108958,1421,弱
sz002779,2025-03-31,2025-05-15,69.87147148032354,56.22967053898358,-13.641800941339957,13.983050847457626,13.983050847457626,1422,弱
sz300627,2025-03-31,2025-05-15,74.8483927946881,61.13355290843303,-13.714839886255064,13.922518159806296,13.922518159806296,1423,弱
sz000089,2025-03-31,2025-05-15,62.54925352959702,48.822986062597835,-13.72626746699918,13.861985472154965,13.861985472154965,1424,弱
sz301327,2025-03-31,2025-05-15,68.37600824249695,54.60572659520155,-13.7702816472954,13.801452784503631,13.801452784503631,1425,弱
sh601168,2025-03-31,2025-05-15,65.97628873002688,52.08385476458593,-13.892433965440953,13.7409200968523,13.7409200968523,1426,弱
sh688322,2025-03-31,2025-05-15,72.83501870273865,58.934162692096784,-13.900856010641867,13.68038740920097,13.68038740920097,1427,弱
sh688150,2025-03-31,2025-05-15,80.51215742110318,66.57608352786791,-13.936073893235275,13.619854721549638,13.619854721549638,1428,弱
sh603698,2025-03-31,2025-05-15,64.96617555278334,51.01625076712355,-13.949924785659789,13.559322033898304,13.559322033898304,1429,弱
sh605099,2025-03-31,2025-05-15,74.64869931326497,60.60964399516497,-14.0390553181,13.498789346246973,13.498789346246973,1430,弱
sh688200,2025-03-31,2025-05-15,80.97647580379541,66.93020576699811,-14.046270036797294,13.438256658595641,13.438256658595641,1431,弱
sz300083,2025-03-31,2025-05-15,64.87578145885378,50.77994644371888,-14.095835015134904,13.377723970944311,13.377723970944311,1432,弱
sz002270,2025-03-31,2025-05-15,76.09755465846386,61.98047576780807,-14.117078890655787,13.317191283292978,13.317191283292978,1433,弱
sz300394,2025-03-31,2025-05-15,82.82851912787264,68.63284345393699,-14.195675673935654,13.256658595641646,13.256658595641646,1434,弱
sh605116,2025-03-31,2025-05-15,77.51754926773002,63.28042877446276,-14.237120493267257,13.196125907990314,13.196125907990314,1435,弱
sh601766,2025-03-31,2025-05-15,64.20485152739742,49.95607669777684,-14.248774829620588,13.135593220338984,13.135593220338984,1436,弱
sh600483,2025-03-31,2025-05-15,67.74815525658136,53.47956129773938,-14.268593958841977,13.075060532687651,13.075060532687651,1437,弱
sz300236,2025-03-31,2025-05-15,70.77759010779346,56.48716775193814,-14.29042235585532,13.01452784503632,13.01452784503632,1438,弱
sz000958,2025-03-31,2025-05-15,68.44888512773981,54.147425923513865,-14.301459204225946,12.953995157384988,12.953995157384988,1439,弱
sz300492,2025-03-31,2025-05-15,78.24646834389398,63.94161925189165,-14.304849092002332,12.893462469733658,12.893462469733658,1440,弱
sz301205,2025-03-31,2025-05-15,68.88310012636143,54.51748877307962,-14.365611353281803,12.832929782082324,12.832929782082324,1441,弱
sz002626,2025-03-31,2025-05-15,72.35373283164125,57.98158203741353,-14.372150794227725,12.772397094430993,12.772397094430993,1442,弱
sz002594,2025-03-31,2025-05-15,72.46202134166877,58.08275827696336,-14.37926306470541,12.711864406779661,12.711864406779661,1443,弱
sz002015,2025-03-31,2025-05-15,63.084130420034896,48.687292637104136,-14.39683778293076,12.651331719128327,12.651331719128327,1444,弱
sz003006,2025-03-31,2025-05-15,76.53777535526608,62.09070985619834,-14.44706549906774,12.590799031477,12.590799031477,1445,弱
sh603737,2025-03-31,2025-05-15,63.31457615079435,48.862893920674914,-14.45168223011944,12.530266343825666,12.530266343825666,1446,弱
sz000997,2025-03-31,2025-05-15,70.40978737519825,55.933133510664916,-14.476653864533336,12.469733656174334,12.469733656174334,1447,弱
sh688123,2025-03-31,2025-05-15,80.3290762399977,65.80389965211708,-14.525176587880615,12.409200968523002,12.409200968523002,1448,弱
sh603338,2025-03-31,2025-05-15,71.2036739007454,56.62185826588737,-14.58181563485803,12.34866828087167,12.34866828087167,1449,弱
sh600392,2025-03-31,2025-05-15,56.48568192659759,41.84585349832489,-14.639828428272702,12.288135593220339,12.288135593220339,1450,弱
sz002588,2025-03-31,2025-05-15,67.68114416306031,53.03366379601515,-14.647480367045162,12.227602905569007,12.227602905569007,1451,弱
sh600866,2025-03-31,2025-05-15,65.66232372318017,50.985293297425514,-14.677030425754651,12.167070217917676,12.167070217917676,1452,弱
sh600728,2025-03-31,2025-05-15,61.287153686858304,46.60548172306349,-14.681671963794809,12.106537530266344,12.106537530266344,1453,弱
sh601799,2025-03-31,2025-05-15,70.6495341213602,55.918433890596575,-14.731100230763634,12.046004842615012,12.046004842615012,1454,弱
sz300346,2025-03-31,2025-05-15,70.39606213111239,55.64493309171139,-14.751129039400999,11.98547215496368,11.98547215496368,1455,弱
sz300910,2025-03-31,2025-05-15,75.57220261638103,60.75931222274294,-14.812890393638092,11.924939467312349,11.924939467312349,1456,弱
sh688300,2025-03-31,2025-05-15,74.64517580972598,59.80846652415099,-14.836709285575,11.864406779661017,11.864406779661017,1457,弱
sz001339,2025-03-31,2025-05-15,67.5594022713769,52.709733613699946,-14.849668657676952,11.803874092009686,11.803874092009686,1458,弱
sz002701,2025-03-31,2025-05-15,66.17569939410679,51.3219153458874,-14.85378404821939,11.743341404358354,11.743341404358354,1459,弱
sh605198,2025-03-31,2025-05-15,81.1930389349534,66.33881240817466,-14.85422652677874,11.682808716707022,11.682808716707022,1460,弱
sh600389,2025-03-31,2025-05-15,62.51063009277561,47.57513247785782,-14.935497614917784,11.62227602905569,11.62227602905569,1461,弱
sz300655,2025-03-31,2025-05-15,68.64913561573404,53.66876060052749,-14.980375015206551,11.561743341404359,11.561743341404359,1462,弱
sh601126,2025-03-31,2025-05-15,69.7423160174883,54.698183135646296,-15.044132881842009,11.501210653753027,11.501210653753027,1463,弱
sz000600,2025-03-31,2025-05-15,61.304762340624144,46.218780165545006,-15.085982175079138,11.440677966101696,11.440677966101696,1464,弱
sh603063,2025-03-31,2025-05-15,69.64798113067224,54.552482615068705,-15.095498515603529,11.380145278450362,11.380145278450362,1465,弱
sz003031,2025-03-31,2025-05-15,72.5813900758286,57.470349855528355,-15.111040220300236,11.319612590799032,11.319612590799032,1466,弱
sz002597,2025-03-31,2025-05-15,68.97738767761525,53.79873411707322,-15.17865356054204,11.259079903147699,11.259079903147699,1467,弱
sz002251,2025-03-31,2025-05-15,67.11218752961324,51.919183660104295,-15.193003869508939,11.198547215496369,11.198547215496369,1468,弱
sz002840,2025-03-31,2025-05-15,50.897691712799976,35.61351337113837,-15.284178341661608,11.138014527845035,11.138014527845035,1469,弱
sh688372,2025-03-31,2025-05-15,72.3888191975666,57.01535128710372,-15.373467910462884,11.077481840193705,11.077481840193705,1470,弱
sh688100,2025-03-31,2025-05-15,74.87467520697639,59.486905243637395,-15.387769963338998,11.016949152542372,11.016949152542372,1471,弱
sh688122,2025-03-31,2025-05-15,70.02923345046031,54.62619831060412,-15.403035139856192,10.956416464891042,10.956416464891042,1472,弱
sh600312,2025-03-31,2025-05-15,67.19972080370154,51.782715657393936,-15.417005146307606,10.895883777239709,10.895883777239709,1473,弱
sh603529,2025-03-31,2025-05-15,70.0040966799228,54.58663257654425,-15.417464103378546,10.835351089588379,10.835351089588379,1474,弱
sh688582,2025-03-31,2025-05-15,86.51482721610354,71.08720331709836,-15.427623899005182,10.774818401937045,10.774818401937045,1475,弱
sz300913,2025-03-31,2025-05-15,71.09713279240165,55.65132857999075,-15.445804212410904,10.714285714285714,10.714285714285714,1476,弱
sz300623,2025-03-31,2025-05-15,71.24220137934938,55.66534510967429,-15.576856269675089,10.653753026634384,10.653753026634384,1477,弱
sz002050,2025-03-31,2025-05-15,69.52288989538546,53.92938261714279,-15.593507278242672,10.59322033898305,10.59322033898305,1478,弱
sh605499,2025-03-31,2025-05-15,80.64765063143867,65.01079584262197,-15.636854788816686,10.53268765133172,10.53268765133172,1479,弱
sh688041,2025-03-31,2025-05-15,83.14725434852042,67.49422542754222,-15.653028920978205,10.472154963680387,10.472154963680387,1480,弱
sz002056,2025-03-31,2025-05-15,66.15063179638011,50.449360273994174,-15.701271522385937,10.411622276029057,10.411622276029057,1481,弱
sz000833,2025-03-31,2025-05-15,70.08135640083907,54.36236091949583,-15.718995481343246,10.351089588377723,10.351089588377723,1482,弱
sh603119,2025-03-31,2025-05-15,74.36458511151199,58.6411815840806,-15.723403527431383,10.290556900726394,10.290556900726394,1483,弱
sz000791,2025-03-31,2025-05-15,69.19218482410318,53.46649695221659,-15.725687871886594,10.23002421307506,10.23002421307506,1484,弱
sh603486,2025-03-31,2025-05-15,75.51300728364548,59.78031558222989,-15.73269170141559,10.16949152542373,10.16949152542373,1485,弱
sh600961,2025-03-31,2025-05-15,67.67816511249586,51.90504602752448,-15.77311908497138,10.108958837772397,10.108958837772397,1486,弱
sh603596,2025-03-31,2025-05-15,68.5272960080913,52.72369081067776,-15.803605197413537,10.048426150121065,10.048426150121065,1487,弱
sz002901,2025-03-31,2025-05-15,80.14897404125465,64.34089358606376,-15.808080455190893,9.987893462469733,9.987893462469733,1488,弱
sh688443,2025-03-31,2025-05-15,51.84802937963025,36.039789538881415,-15.808239840748833,9.927360774818402,9.927360774818402,1489,弱
sh600547,2025-03-31,2025-05-15,65.90269894813665,50.04406570261858,-15.858633245518064,9.86682808716707,9.86682808716707,1490,弱
sz300113,2025-03-31,2025-05-15,74.59735093494666,58.69173262947717,-15.905618305469487,9.806295399515738,9.806295399515738,1491,弱
sz301004,2025-03-31,2025-05-15,83.90793280782266,67.99159216757876,-15.916340640243897,9.745762711864407,9.745762711864407,1492,弱
sz300059,2019-09-30,2019-11-14,74.18488860442154,58.25694555849672,-15.92794304592483,9.685230024213075,9.685230024213075,1493,弱
sz002244,2025-03-31,2025-05-15,58.37277287998709,42.38863309846313,-15.984139781523954,9.624697336561743,9.624697336561743,1494,弱
sz002258,2025-03-31,2025-05-15,67.07520443120428,51.08308170577654,-15.99212272542774,9.564164648910412,9.564164648910412,1495,弱
sh603993,2025-03-31,2025-05-15,64.15210886347982,48.07702170834931,-16.07508715513052,9.50363196125908,9.50363196125908,1496,弱
sh600757,2025-03-31,2025-05-15,72.70356568355473,56.62053361518358,-16.083032068371146,9.443099273607748,9.443099273607748,1497,弱
sz002138,2025-03-31,2025-05-15,72.50894248632103,56.412489205654325,-16.096453280666708,9.382566585956416,9.382566585956416,1498,弱
sz300926,2025-03-31,2025-05-15,68.61570879461031,52.43185963540415,-16.183849159206158,9.322033898305085,9.322033898305085,1499,弱
sh600771,2025-03-31,2025-05-15,78.53380966523656,62.304787863700604,-16.229021801535957,9.261501210653753,9.261501210653753,1500,弱
sz002245,2025-03-31,2025-05-15,69.12791941663254,52.88124727838046,-16.24667213825208,9.200968523002421,9.200968523002421,1501,弱
sh603699,2025-03-31,2025-05-15,73.11070499977434,56.857249175333834,-16.253455824440504,9.14043583535109,9.14043583535109,1502,弱
sz301297,2025-03-31,2025-05-15,76.27913286777888,60.000013419899524,-16.27911944787936,9.079903147699758,9.079903147699758,1503,弱
sz300133,2025-03-31,2025-05-15,72.07078832232436,55.784145909100616,-16.286642413223742,9.019370460048426,9.019370460048426,1504,弱
sh603337,2025-03-31,2025-05-15,71.72568111894766,55.37298079727255,-16.352700321675115,8.958837772397095,8.958837772397095,1505,弱
sz300827,2025-03-31,2025-05-15,61.938236502887094,45.56857587203655,-16.369660630850547,8.898305084745763,8.898305084745763,1506,弱
sz002895,2025-03-31,2025-05-15,68.43229269123763,52.05816809976789,-16.374124591469744,8.837772397094431,8.837772397094431,1507,弱
sh603619,2025-03-31,2025-05-15,73.95640107357083,57.55845382834403,-16.397947245226806,8.7772397094431,8.7772397094431,1508,弱
sh603920,2025-03-31,2025-05-15,70.59238489458114,54.19223046315647,-16.400154431424674,8.716707021791766,8.716707021791766,1509,弱
sz300761,2025-03-31,2025-05-15,65.39893034869574,48.965171376867204,-16.433758971828542,8.656174334140436,8.656174334140436,1510,弱
sh601216,2025-03-31,2025-05-15,70.29137451799227,53.82272964121847,-16.468644876773798,8.595641646489103,8.595641646489103,1511,弱
sz300953,2025-03-31,2025-05-15,56.713755494180965,40.19846210497688,-16.515293389204086,8.535108958837773,8.535108958837773,1512,弱
sh605118,2025-03-31,2025-05-15,80.06501784966272,63.53776051357062,-16.527257336092106,8.47457627118644,8.47457627118644,1513,弱
sz002920,2025-03-31,2025-05-15,71.43158823302642,54.87570290627088,-16.555885326755536,8.41404358353511,8.41404358353511,1514,弱
sz002130,2025-03-31,2025-05-15,73.19586564161824,56.51644642628814,-16.679419215330103,8.353510895883778,8.353510895883778,1515,弱
sh600975,2025-03-31,2025-05-15,54.55431786348451,37.83460458109822,-16.719713282386298,8.292978208232446,8.292978208232446,1516,弱
sz002489,2025-03-31,2025-05-15,68.35205748504866,51.593106735412874,-16.758950749635783,8.232445520581114,8.232445520581114,1517,弱
sz301377,2025-03-31,2025-05-15,74.84047677252228,58.0692667716181,-16.771210000904176,8.171912832929783,8.171912832929783,1518,弱
sh600660,2025-03-31,2025-05-15,75.42532673460165,58.625543196173915,-16.79978353842774,8.111380145278451,8.111380145278451,1519,弱
sz000831,2025-03-31,2025-05-15,68.08797530493604,51.287313309108725,-16.80066199582731,8.050847457627118,8.050847457627118,1520,弱
sh600183,2025-03-31,2025-05-15,71.1257013344584,54.31557556833386,-16.810125766124536,7.990314769975787,7.990314769975787,1521,弱
sh688629,2025-03-31,2025-05-15,68.76289285288189,51.8764985929558,-16.886394259926092,7.929782082324454,7.929782082324454,1522,弱
sh601899,2025-03-31,2025-05-15,70.06949209698377,53.178823539700815,-16.890668557282954,7.8692493946731235,7.8692493946731235,1523,弱
sz300724,2025-03-31,2025-05-15,73.73692290463265,56.81452794367408,-16.922394960958567,7.808716707021792,7.808716707021792,1524,弱
sz000737,2025-03-31,2025-05-15,66.41661122562252,49.49275935049074,-16.923851875131774,7.74818401937046,7.74818401937046,1525,弱
sz002595,2025-03-31,2025-05-15,79.15417288764219,62.12085852659321,-17.03331436104898,7.687651331719128,7.687651331719128,1526,弱
sz002928,2025-03-31,2025-05-15,58.39996627610406,41.305631470786494,-17.094334805317562,7.627118644067797,7.627118644067797,1527,弱
sz300373,2025-03-31,2025-05-15,74.15325079312244,56.99924592681296,-17.15400486630948,7.566585956416465,7.566585956416465,1528,弱
sh600111,2025-03-31,2025-05-15,69.5846734473669,52.41666972017253,-17.168003727194368,7.506053268765134,7.506053268765134,1529,弱
sh600114,2025-03-31,2025-05-15,68.34570984629053,51.17324142061073,-17.172468425679803,7.445520581113802,7.445520581113802,1530,弱
sz300432,2025-03-31,2025-05-15,65.63360576306995,48.36889846284541,-17.264707300224547,7.384987893462469,7.384987893462469,1531,弱
sz301498,2025-03-31,2025-05-15,80.82837650325008,63.481877241461646,-17.34649926178844,7.324455205811138,7.324455205811138,1532,弱
sz000415,2025-03-31,2025-05-15,67.64714952887734,50.283169591554824,-17.36397993732251,7.263922518159806,7.263922518159806,1533,弱
sz002402,2025-03-31,2025-05-15,68.74053135862665,51.294696067746706,-17.44583529087995,7.203389830508475,7.203389830508475,1534,弱
sz300054,2025-03-31,2025-05-15,77.96716032330903,60.51919875814336,-17.44796156516567,7.142857142857142,7.142857142857142,1535,弱
sh603662,2025-03-31,2025-05-15,76.25575274580804,58.79368593560553,-17.462066810202508,7.0823244552058116,7.0823244552058116,1536,弱
sz002532,2025-03-31,2025-05-15,68.14336472693435,50.670214172852184,-17.473150554082164,7.021791767554479,7.021791767554479,1537,弱
sh601600,2025-03-31,2025-05-15,69.15046610971284,51.65731017493882,-17.493155934774016,6.961259079903148,6.961259079903148,1538,弱
sz002881,2025-03-31,2025-05-15,68.25038363269756,50.731159781903784,-17.51922385079378,6.900726392251816,6.900726392251816,1539,弱
sh688128,2025-03-31,2025-05-15,70.32072064025779,52.56816757380808,-17.75255306644971,6.840193704600485,6.840193704600485,1540,弱
sh600563,2025-03-31,2025-05-15,76.77041992638918,59.0158022496275,-17.754617676761683,6.779661016949152,6.779661016949152,1541,弱
sh688208,2025-03-31,2025-05-15,80.94249326847368,63.14841648830857,-17.794076780165113,6.719128329297821,6.719128329297821,1542,弱
sh603501,2025-03-31,2025-05-15,73.79522858811042,55.99831991257564,-17.79690867553478,6.658595641646489,6.658595641646489,1543,弱
sh600685,2025-03-31,2025-05-15,61.833019925166155,44.023612574959316,-17.809407350206843,6.598062953995157,6.598062953995157,1544,弱
sh600150,2025-03-31,2025-05-15,62.22185971625404,44.39961935129331,-17.82224036496073,6.5375302663438255,6.5375302663438255,1545,弱
sh600216,2025-03-31,2025-05-15,76.79971254007535,58.846671118113605,-17.953041421961743,6.476997578692494,6.476997578692494,1546,弱
sz002371,2025-03-31,2025-05-15,70.84409481894396,52.83889824199938,-18.005196576944577,6.416464891041162,6.416464891041162,1547,弱
sz300666,2025-03-31,2025-05-15,75.20276481143581,57.189937718128476,-18.012827093307337,6.3559322033898304,6.3559322033898304,1548,弱
sz301109,2025-03-31,2025-05-15,77.22673704621906,59.16150946040298,-18.06522758581608,6.2953995157385,6.2953995157385,1549,弱
sh600031,2025-03-31,2025-05-15,71.50993590304962,53.43254605965029,-18.077389843399327,6.234866828087167,6.234866828087167,1550,弱
sh600673,2025-03-31,2025-05-15,66.59725196331918,48.51696218695141,-18.08028977636777,6.174334140435835,6.174334140435835,1551,弱
sz002891,2025-03-31,2025-05-15,75.54799883243163,57.45987024515418,-18.088128587277456,6.113801452784504,6.113801452784504,1552,弱
sh601595,2025-03-31,2025-05-15,73.44055873464482,55.33996478456854,-18.100593950076284,6.053268765133172,6.053268765133172,1553,弱
sz000792,2025-03-31,2025-05-15,78.41845848967961,60.30636279493913,-18.112095694740475,5.99273607748184,5.99273607748184,1554,弱
sh605020,2025-03-31,2025-05-15,66.50740960918843,48.33053408490676,-18.17687552428167,5.932203389830509,5.932203389830509,1555,弱
sz002215,2025-03-31,2025-05-15,74.88316926981553,56.3657640083279,-18.517405261487625,5.871670702179177,5.871670702179177,1556,弱
sh688127,2025-03-31,2025-05-15,77.01481961794553,58.36061304571517,-18.65420657223036,5.811138014527845,5.811138014527845,1557,弱
sh603583,2025-03-31,2025-05-15,74.37300162327095,55.65933887165842,-18.713662751612528,5.750605326876514,5.750605326876514,1558,弱
sh600674,2025-03-31,2025-05-15,74.99908850956616,56.2853134689396,-18.713775040626565,5.690072639225181,5.690072639225181,1559,弱
sh688252,2025-03-31,2025-05-15,77.13662945508548,58.417683756179315,-18.718945698906165,5.629539951573849,5.629539951573849,1560,弱
sz300763,2025-03-31,2025-05-15,70.27061526052967,51.417018243618244,-18.853597016911426,5.569007263922518,5.569007263922518,1561,弱
sh600578,2025-03-31,2025-05-15,67.39872525904605,48.53453212060426,-18.864193138441784,5.508474576271186,5.508474576271186,1562,弱
sh600176,2025-03-31,2025-05-15,72.48424288006481,53.362487920305774,-19.121754959759038,5.447941888619854,5.447941888619854,1563,弱
sz000935,2025-03-31,2025-05-15,80.24412156622648,61.104812499486755,-19.13930906673973,5.387409200968523,5.387409200968523,1564,弱
sh688019,2025-03-31,2025-05-15,87.10323272319661,67.94422204988162,-19.159010673314995,5.326876513317192,5.326876513317192,1565,弱
sz300308,2025-03-31,2025-05-15,85.16707050943494,65.95123656429443,-19.215833945140503,5.26634382566586,5.26634382566586,1566,弱
sh600160,2025-03-31,2025-05-15,74.19829839712882,54.9573362507815,-19.24096214634732,5.205811138014528,5.205811138014528,1567,弱
sh603799,2025-03-31,2025-05-15,69.19409514532623,49.86974157430089,-19.32435357102534,5.145278450363197,5.145278450363197,1568,弱
sh688018,2025-03-31,2025-05-15,84.74135674114474,65.38204240067037,-19.35931434047437,5.084745762711865,5.084745762711865,1569,弱
sz300124,2025-03-31,2025-05-15,75.40784226895356,55.978922533691886,-19.42891973526167,5.0242130750605325,5.0242130750605325,1570,弱
sh603087,2025-03-31,2025-05-15,88.77088369666555,69.24228907229792,-19.528594624367624,4.963680387409201,4.963680387409201,1571,弱
sh600621,2024-12-31,2025-04-30,63.142916078921054,43.59876187602834,-19.544154202892713,4.903147699757869,4.903147699757869,1572,弱
sz300777,2025-03-31,2025-05-15,86.42780490879278,66.83341979811557,-19.59438511067721,4.842615012106537,4.842615012106537,1573,弱
sz301031,2025-03-31,2025-05-15,75.61736987053617,55.80760698010722,-19.80976289042895,4.782082324455206,4.782082324455206,1574,弱
sh601083,2024-12-31,2025-04-30,76.93199876186033,57.04736796465025,-19.884630797210075,4.721549636803874,4.721549636803874,1575,弱
sh603979,2025-03-31,2025-05-15,78.68505248258509,58.563010102490594,-20.1220423800945,4.661016949152542,4.661016949152542,1576,弱
sz000975,2025-03-31,2025-05-15,80.7313481220305,60.606058996856845,-20.12528912517365,4.600484261501211,4.600484261501211,1577,弱
sz300035,2025-03-31,2025-05-15,68.62602764164677,48.4527123545229,-20.173315287123867,4.539951573849879,4.539951573849879,1578,弱
sh688800,2025-03-31,2025-05-15,74.72412669668948,54.54548177850687,-20.178644918182616,4.479418886198547,4.479418886198547,1579,弱
sh600299,2025-03-31,2025-05-15,72.64096967805636,52.45465471461455,-20.18631496344182,4.418886198547216,4.418886198547216,1580,弱
sh600186,2025-03-31,2025-05-15,73.8522401008167,53.598189475497165,-20.254050625319532,4.358353510895883,4.358353510895883,1581,弱
sz001301,2025-03-31,2025-05-15,70.99994950194566,50.70334996785974,-20.29659953408593,4.297820823244551,4.297820823244551,1582,弱
sh600179,2025-03-31,2025-05-15,73.51243176884124,53.052097258904,-20.46033450993724,4.23728813559322,4.23728813559322,1583,弱
sz001696,2025-03-31,2025-05-15,71.61940835056137,51.13542902590527,-20.483979324656104,4.176755447941889,4.176755447941889,1584,弱
sz301061,2025-03-31,2025-05-15,85.4741459734635,64.98951336978769,-20.484632603675802,4.116222760290557,4.116222760290557,1585,弱
sh605117,2025-03-31,2025-05-15,83.15283592812806,62.65511263274955,-20.49772329537851,4.0556900726392255,4.0556900726392255,1586,弱
sz000426,2025-03-31,2025-05-15,84.50474250814217,63.994971900838884,-20.509770607303288,3.9951573849878934,3.9951573849878934,1587,弱
sz300065,2025-03-31,2025-05-15,74.48051672414346,53.97001866537566,-20.510498058767794,3.9346246973365617,3.9346246973365617,1588,弱
sz002155,2025-03-31,2025-05-15,74.72661841434834,54.147095873353656,-20.57952254099468,3.87409200968523,3.87409200968523,1589,弱
sz001337,2024-06-30,2024-09-13,83.12592708823635,62.329666081000575,-20.796261007235778,3.8135593220338984,3.8135593220338984,1590,弱
sz002463,2025-03-31,2025-05-15,80.95704515255319,60.15729397009789,-20.799751182455303,3.753026634382567,3.753026634382567,1591,弱
sh600064,2025-03-31,2025-05-15,72.77888987004627,51.91501421383039,-20.86387565621588,3.6924939467312345,3.6924939467312345,1592,弱
sz000902,2025-03-31,2025-05-15,75.66738530203556,54.802324772633355,-20.865060529402196,3.631961259079903,3.631961259079903,1593,弱
sz002487,2025-03-31,2025-05-15,76.79280066982291,55.815794314167846,-20.97700635565506,3.571428571428571,3.571428571428571,1594,弱
sz300458,2025-03-31,2025-05-15,80.27890149138986,59.26219381790506,-21.016707673484802,3.5108958837772395,3.5108958837772395,1595,弱
sh605376,2025-03-31,2025-05-15,78.220718257038,57.17438791711665,-21.046330339921358,3.450363196125908,3.450363196125908,1596,弱
sh600744,2025-03-31,2025-05-15,64.51911476399663,43.46936988055424,-21.049744883442383,3.389830508474576,3.389830508474576,1597,弱
sh688082,2025-03-31,2025-05-15,82.58034344258255,61.36828262726489,-21.21206081531766,3.3292978208232444,3.3292978208232444,1598,弱
sz000893,2025-03-31,2025-05-15,87.44063016440192,66.1726309709004,-21.267999193501517,3.2687651331719128,3.2687651331719128,1599,弱
sz002648,2025-03-31,2025-05-15,74.60784875560469,53.30256267195966,-21.305286083645033,3.208232445520581,3.208232445520581,1600,弱
sh603256,2025-03-31,2025-05-15,72.25449856417816,50.914070670279514,-21.34042789389865,3.14769975786925,3.14769975786925,1601,弱
sz000029,2025-03-31,2025-05-15,76.3842024386763,54.98841868158519,-21.39578375709111,3.0871670702179177,3.0871670702179177,1602,弱
sz300803,2025-03-31,2025-05-15,86.97108283309787,65.17538790069037,-21.795694932407496,3.026634382566586,3.026634382566586,1603,弱
sh601919,2025-03-31,2025-05-15,78.568426322832,56.71456947384877,-21.853856848983227,2.9661016949152543,2.9661016949152543,1604,弱
sz002611,2025-03-31,2025-05-15,77.02912400623124,55.097264087073754,-21.931859919157485,2.9055690072639226,2.9055690072639226,1605,弱
sz000429,2021-12-31,2022-04-30,70.67616966637154,48.68354356356997,-21.992626102801566,2.8450363196125905,2.8450363196125905,1606,弱
sz300573,2025-03-31,2025-05-15,93.34268778966212,71.2447815068665,-22.097906282795627,2.784503631961259,2.784503631961259,1607,弱
sh600550,2025-03-31,2025-05-15,66.1186616853572,43.98325000924014,-22.135411676117062,2.723970944309927,2.723970944309927,1608,弱
sz300274,2025-03-31,2025-05-15,81.31083273718072,59.08859534128522,-22.222237395895498,2.663438256658596,2.663438256658596,1609,弱
sh688608,2025-03-31,2025-05-15,83.82496788243434,61.553452985924324,-22.27151489651001,2.602905569007264,2.602905569007264,1610,弱
sh603766,2025-03-31,2025-05-15,77.52241618061046,55.23554889019637,-22.286867290414094,2.5423728813559325,2.5423728813559325,1611,弱
sz300100,2025-03-31,2025-05-15,74.17438046675687,51.75684920543657,-22.4175312613203,2.4818401937046004,2.4818401937046004,1612,弱
sh600219,2025-03-31,2025-05-15,80.62391871079943,58.07119753205326,-22.552721178746165,2.4213075060532687,2.4213075060532687,1613,弱
sh603236,2025-03-31,2025-05-15,65.3957346874469,42.68234119123167,-22.71339349621523,2.360774818401937,2.360774818401937,1614,弱
sh600989,2025-03-31,2025-05-15,80.16770224984127,57.41407503243009,-22.753627217411182,2.3002421307506054,2.3002421307506054,1615,弱
sh688147,2025-03-31,2025-05-15,74.64951908809184,51.59721516898399,-23.05230391910784,2.2397094430992737,2.2397094430992737,1616,弱
sz002947,2024-12-31,2025-04-30,79.76844161134669,56.52940818914015,-23.23903342220654,2.1791767554479415,2.1791767554479415,1617,弱
sz300972,2025-03-31,2025-05-15,77.14942793834787,52.90991612675615,-24.23951181159172,2.11864406779661,2.11864406779661,1618,弱
sh688213,2025-03-31,2025-05-15,74.55599228834654,50.295395254263966,-24.26059703408258,2.0581113801452786,2.0581113801452786,1619,弱
sz002001,2025-03-31,2025-05-15,85.91708877520067,61.525407369869484,-24.391681405331187,1.9975786924939467,1.9975786924939467,1620,弱
sz300570,2025-03-31,2025-05-15,88.12547799656407,63.25383676500715,-24.871641231556918,1.937046004842615,1.937046004842615,1621,弱
sh603893,2025-03-31,2025-05-15,90.81391083017542,65.90281361726935,-24.91109721290607,1.8765133171912836,1.8765133171912836,1622,弱
sh600675,2025-03-31,2025-05-15,75.11550928160156,50.000439303896314,-25.115069977705243,1.8159806295399514,1.8159806295399514,1623,弱
sh603612,2025-03-31,2025-05-15,66.07783509335786,40.73115655273983,-25.34667854061803,1.7554479418886197,1.7554479418886197,1624,弱
sh600988,2025-03-31,2025-05-15,83.37458103775636,57.97645249727942,-25.39812854047694,1.694915254237288,1.694915254237288,1625,弱
sz002624,2025-03-31,2025-05-15,84.71128267794889,59.122563993237826,-25.58871868471106,1.6343825665859564,1.6343825665859564,1626,弱
sh688313,2025-03-31,2025-05-15,85.24195380209899,59.63119084380357,-25.610762958295417,1.573849878934625,1.573849878934625,1627,弱
sh603379,2025-03-31,2025-05-15,89.48417369803427,63.867275114147304,-25.616898583886968,1.513317191283293,1.513317191283293,1628,弱
sz300251,2025-03-31,2025-05-15,95.54214892152578,69.54371293361305,-25.99843598791273,1.4527845036319613,1.4527845036319613,1629,弱
sz300502,2025-03-31,2025-05-15,91.53168652791005,65.46551763261003,-26.066168895300024,1.3922518159806294,1.3922518159806294,1630,弱
sh688552,2025-03-31,2025-05-15,81.06747845587302,54.97084097252936,-26.09663748334366,1.331719128329298,1.331719128329298,1631,弱
sh689009,2025-03-31,2025-05-15,81.90285999536002,55.546764227774815,-26.356095767585206,1.2711864406779663,1.2711864406779663,1632,弱
sz300850,2025-03-31,2025-05-15,80.66420592557526,53.98139871320797,-26.682807212367287,1.2106537530266344,1.2106537530266344,1633,弱
sz300604,2025-03-31,2025-05-15,81.47624129083654,54.7282130582045,-26.748028232632034,1.1501210653753027,1.1501210653753027,1634,弱
sz002739,2025-03-31,2025-05-15,79.7099595347627,52.894688137711455,-26.815271397051248,1.0895883777239708,1.0895883777239708,1635,弱
sh600105,2025-03-31,2025-05-15,74.20370435497259,47.23047933725762,-26.973225017714963,1.0290556900726393,1.0290556900726393,1636,弱
sh688183,2025-03-31,2025-05-15,82.13158353413944,55.020347887448324,-27.11123564669111,0.9685230024213075,0.9685230024213075,1637,弱
sh688008,2025-03-31,2025-05-15,89.93637741330402,62.29923108816482,-27.637146325139195,0.9079903147699757,0.9079903147699757,1638,弱
sz002170,2025-03-31,2025-05-15,82.71855687899208,55.03664360205086,-27.681913276941216,0.847457627118644,0.847457627118644,1639,弱
sz002607,2019-03-31,2019-05-15,76.89721055028721,49.00385877797392,-27.89335177231329,0.7869249394673125,0.7869249394673125,1640,弱
sz002121,2025-03-31,2025-05-15,69.26722370641635,41.15730309503476,-28.109920611381582,0.7263922518159807,0.7263922518159807,1641,弱
sh603103,2025-03-31,2025-05-15,81.15880473885125,52.71185949660595,-28.446945242245295,0.665859564164649,0.665859564164649,1642,弱
sh605296,2025-03-31,2025-05-15,84.46709688543794,55.63955417910825,-28.827542706329687,0.6053268765133172,0.6053268765133172,1643,弱
sz002714,2025-03-31,2025-05-15,79.07371740771625,50.08478735640669,-28.988930051309556,0.5447941888619854,0.5447941888619854,1644,弱
sz300498,2025-03-31,2025-05-15,71.75246858030503,42.52152503993398,-29.230943540371058,0.48426150121065376,0.48426150121065376,1645,弱
sz300476,2025-03-31,2025-05-15,85.69679535012907,55.80731771259737,-29.889477637531698,0.423728813559322,0.423728813559322,1646,弱
sh688256,2025-03-31,2025-05-15,85.75565489143354,55.82344951407086,-29.93220537736268,0.36319612590799033,0.36319612590799033,1647,弱
sz300199,2025-03-31,2025-05-15,83.30317297653185,52.38917513531383,-30.913997841218027,0.3026634382566586,0.3026634382566586,1648,弱
sh603477,2025-03-31,2025-05-15,74.85918208823257,43.53978874407027,-31.3193933441623,0.24213075060532688,0.24213075060532688,1649,弱
sz000688,2025-03-31,2025-05-15,71.20883227453785,38.16615864293198,-33.04267363160587,0.18159806295399517,0.18159806295399517,1650,弱
sz300641,2025-03-31,2025-05-15,96.00978121661278,60.51234341929868,-35.4974377973141,0.12106537530266344,0.12106537530266344,1651,弱
sz300548,2025-03-31,2025-05-15,90.31061959001887,54.24207313764253,-36.068546452376346,0.06053268765133172,0.06053268765133172,1652,弱
