index_code,date,open,close,low,high,volume,money,change
sh000300,2026-05-22,4818.84,4845.1,4785.35,4851.35,28694043500.0,771823300900.0,0.0129623047814178
sh000300,2026-05-21,4886.24,4783.1,4780.71,4937.93,28734250700.0,891936348000.0,-0.013936132929267875
sh000300,2026-05-20,4829.61,4850.7,4825.64,4866.21,22002320600.0,729653332800.0,-0.00044921778407880364
sh000300,2026-05-19,4818.71,4852.88,4773.53,4854.52,23228085200.0,712401050000.0,0.00400536255151529
sh000300,2026-05-18,4836.33,4833.52,4806.15,4868.60,23907758700.0,733452822600.0,-0.00536465010422682
sh000300,2026-05-15,4911.62,4859.59,4832.69,4935.62,27696776900.0,887687427000.0,-0.011193179505961881
sh000300,2026-05-14,5027.64,4914.6,4913.60,5030.52,28069537900.0,857446326200.0,-0.016753562182644566
sh000300,2026-05-13,4919.42,4998.34,4919.42,5001.12,26845453700.0,823173197900.0001,0.010163599801942258
sh000300,2026-05-12,4965.02,4948.05,4926.79,4971.30,27381200100.0,819351442700.0,-0.0007653720637177397
sh000300,2026-05-11,4902.28,4951.84,4889.57,4960.40,30573480100.0,904479321900.0,0.016406296503835405
sh000300,2026-05-08,4871.12,4871.91,4849.99,4887.21,25172099600.0,716546104100.0,-0.005836127260223978
sh000300,2026-05-07,4895.80,4900.51,4866.87,4901.86,25783397200.0,787236200000.0,0.0048020438417171185
sh000300,2026-05-06,4857.65,4877.09,4834.28,4892.80,27444388000.0,881744311600.0,0.014515394264151826
sh000300,2026-04-30,4820.97,4807.31,4797.54,4829.27,25063337000.0,726665374500.0,-0.0006319706466265673
sh000300,2026-04-29,4737.58,4810.35,4737.11,4813.61,23329811000.0,681020507300.0,0.010957902236345296
sh000300,2026-04-28,4757.08,4758.21,4743.44,4778.19,21672423300.0,631521664900.0,-0.002670327712510079
sh000300,2026-04-27,4776.34,4770.95,4762.64,4795.17,19279655000.0,648904815000.0,0.0003312806513229294
sh000300,2026-04-24,4771.73,4769.37,4735.61,4786.44,19379831400.0,680097832500.0,-0.003543424711626608
sh000300,2026-04-23,4816.03,4786.33,4759.86,4823.47,23286573600.0,693853776000.0,-0.00277104693486796
sh000300,2026-04-22,4751.28,4799.63,4750.35,4801.45,20448183000.0,619505670200.0,0.006633808724832324
sh000300,2026-04-21,4750.51,4768.0,4722.01,4776.83,20561405800.0,580407995600.0,0.0022196811730679222
sh000300,2026-04-20,4727.17,4757.44,4720.69,4763.04,22163349400.0,626568410300.0,0.006084163200223314
sh000300,2026-04-17,4729.00,4728.67,4714.47,4738.32,18291533600.0,587622682300.0,-0.0016763043611358608
sh000300,2026-04-16,4694.43,4736.61,4689.41,4739.22,19205760000.0,567611323600.0,0.010962061789658861
sh000300,2026-04-15,4726.64,4685.25,4672.56,4731.27,20168850000.0,604550556800.0,-0.0034097096960826745
sh000300,2026-04-14,4676.12,4701.28,4654.85,4701.28,20470033200.0,605717793600.0,0.011865738299452255
sh000300,2026-04-13,4615.13,4646.15,4615.13,4653.40,19671227700.0,556620945200.0,0.0020661825444239224
sh000300,2026-04-10,4594.95,4636.57,4590.11,4655.10,20867860500.0,625717995600.0,0.015406616413575991
sh000300,2026-04-09,4562.67,4566.22,4552.42,4579.20,18493978300.0,500445676700.0,-0.006384423225896385
sh000300,2026-04-08,4517.34,4595.56,4513.77,4595.56,25333921300.0,641779181000.0,0.034891524156536846
sh000300,2026-04-07,4445.86,4440.62,4420.69,4458.93,16263878700.0,378261695000.0,-3.828147694440176e-05
sh000300,2026-04-03,4492.85,4440.79,4437.60,4494.46,16832170500.0,373234910200.00006,-0.00851099932796151
sh000300,2026-04-02,4514.44,4478.91,4459.61,4519.69,19099216100.0,429949131700.0,-0.010419635577885389
sh000300,2026-04-01,4517.27,4526.07,4492.05,4532.11,21648319600.0,503744057000.0,0.017082954124110872
sh000300,2026-03-31,4491.92,4450.05,4450.05,4523.17,22454158500.0,484558113000.0,-0.009327797504424473
sh000300,2026-03-30,4461.74,4491.95,4447.14,4496.41,20929309200.0,444629519700.0,-0.002358652947094586
sh000300,2026-03-27,4431.50,4502.57,4431.42,4519.89,19240038800.0,440517561599.99994,0.0055923690070194265
sh000300,2026-03-26,4525.33,4477.53,4468.96,4541.05,21373678800.0,471127498400.00006,-0.013210004694246047
sh000300,2026-03-25,4506.62,4537.47,4502.03,4542.18,26263927900.0,550428161200.0,0.014023223799477957
sh000300,2026-03-24,4458.91,4474.72,4394.29,4474.83,25553251700.0,530149390300.0,0.012838388411045676
sh000300,2026-03-23,4499.10,4418.0,4397.57,4514.72,32808194500.0,671719761100.0,-0.032629592162942256
sh000300,2026-03-20,4602.82,4567.02,4563.07,4628.71,25787370300.0,615463088600.0,-0.0035411552937325563
sh000300,2026-03-19,4611.44,4583.25,4570.39,4634.55,25413044900.0,547850295800.0,-0.01611736394802432
sh000300,2026-03-18,4648.75,4658.33,4604.52,4662.29,23469070500.0,524173911500.0,0.0045046404913056115
sh000300,2026-03-17,4685.57,4637.44,4637.37,4720.86,26302191300.0,578501505800.0,-0.007303770046836799
sh000300,2026-03-16,4669.22,4671.56,4621.81,4673.69,29621507000.0,598799098400.0,0.000518296731303769
sh000300,2026-03-13,4669.06,4669.14,4659.50,4707.42,31077200900.0,580305608200.0,-0.003929549701763846
sh000300,2026-03-12,4700.72,4687.56,4654.31,4704.38,30298681600.0,572105482500.0,-0.003600807737272782
sh000300,2026-03-11,4681.03,4704.5,4674.71,4711.87,27017544300.0,579564397600.0,0.006361823922511389
sh000300,2026-03-10,4648.79,4674.76,4648.79,4677.60,26390374800.0,557607876100.0,0.012848123480649898
sh000300,2026-03-09,4600.25,4615.46,4548.97,4625.98,32278761700.0,665821508000.0,-0.009651449219386876
sh000300,2026-03-06,4621.49,4660.44,4612.79,4671.71,23852792600.0,487807080200.00006,0.0027432982836634867
sh000300,2026-03-05,4651.94,4647.69,4630.30,4671.53,25931782500.0,570443777100.0,0.00979224876266116
sh000300,2026-03-04,4609.19,4602.62,4575.82,4639.42,30303566600.0,608923128600.0,-0.011443544749672352
sh000300,2026-03-03,4737.32,4655.9,4651.40,4744.60,37062427200.0,801659243800.0,-0.01538910518179537
sh000300,2026-03-02,4681.01,4728.67,4667.28,4735.41,34926075200.0,752681937800.0,0.0038253744175433813
sh000300,2026-02-27,4698.30,4710.65,4692.89,4721.01,26142086500.0,578820992500.0,-0.003431446178972619
sh000300,2026-02-26,4741.39,4726.87,4706.69,4742.15,23484764400.0,599848915400.0,-0.0019046050478369603
sh000300,2026-02-25,4713.58,4735.89,4713.34,4766.56,28426835400.0,596903872600.0,0.006022253661147836
sh000300,2026-02-24,4727.30,4707.54,4698.35,4727.37,21848889000.0,526084235600.0,0.010112844148905342
sh000300,2026-02-13,4693.41,4660.41,4658.40,4703.63,18916775600.0,452878594099.99994,-0.012537132541454943
sh000300,2026-02-12,4720.01,4719.58,4707.74,4726.04,19784143900.0,490473852299.99994,0.001221938894569563
sh000300,2026-02-11,4715.67,4713.82,4703.69,4723.70,17339168100.0,433428613400.00006,-0.0022183180577017847
sh000300,2026-02-10,4718.26,4724.3,4713.87,4732.09,18700095800.0,450339579000.0,0.001110390628642044
sh000300,2026-02-09,4693.67,4719.06,4679.90,4719.96,20725193800.0,522757267200.0,0.0162503230252391
sh000300,2026-02-06,4622.97,4643.6,4606.64,4678.26,20271647700.0,505759806200.0,-0.005742524226943102
sh000300,2026-02-05,4664.75,4670.42,4639.43,4687.02,23785635100.0,550433167200.0,-0.0060144551235666865
sh000300,2026-02-04,4647.97,4698.68,4641.84,4701.48,26488103200.0,636018589900.0,0.008276628663272056
sh000300,2026-02-03,4648.36,4660.11,4578.21,4662.13,26554940500.0,666626842800.0,0.011752113556724009
sh000300,2026-02-02,4674.28,4605.98,4601.76,4716.61,30477350000.0,725920381300.0,-0.021324426199552216
sh000300,2026-01-30,4723.08,4706.34,4645.47,4738.87,31978653100.0,750564885200.0,-0.00999816991209257
sh000300,2026-01-29,4733.09,4753.87,4696.05,4770.96,41551305500.0,917966160300.0,0.007604933456832219
sh000300,2026-01-28,4725.60,4717.99,4697.91,4739.63,38225560200.0,829414067099.9999,0.0026138568413984764
sh000300,2026-01-27,4705.17,4705.69,4675.64,4736.99,30147569700.0,715267914800.0,-0.00026981321277441683
sh000300,2026-01-26,4715.38,4706.96,4693.16,4754.18,36300448100.0,796832970300.0,0.0009484316852736985
sh000300,2026-01-23,4729.59,4702.5,4684.62,4734.79,31463544500.0,755617735500.0,-0.004490114761490416
sh000300,2026-01-22,4741.75,4723.71,4700.45,4757.76,27419993200.0,690235248199.9999,0.00013550508461657174
sh000300,2026-01-21,4714.55,4723.07,4714.24,4758.28,26635333200.0,665330511200.0,0.0008879225578950489
sh000300,2026-01-20,4736.91,4718.88,4684.97,4748.23,28271957900.0,671960685400.0001,-0.00329076600076883
sh000300,2026-01-19,4720.19,4734.46,4715.09,4761.63,26761249200.0,655149256200.0,0.0005473523152581539
sh000300,2026-01-16,4778.43,4731.87,4715.36,4792.55,32527892900.0,785624166100.0,-0.0041166554068986505
sh000300,2026-01-15,4721.80,4751.43,4720.94,4769.55,25400363600.0,674058683600.0,0.002003403677405702
sh000300,2026-01-14,4767.70,4741.93,4720.25,4818.10,36495102300.0,891334219200.0,-0.004011736956078704
sh000300,2026-01-13,4798.05,4761.03,4745.52,4836.95,30144949700.0,801054979599.9999,-0.006031415973544507
sh000300,2026-01-12,4769.65,4789.92,4737.57,4795.93,29483316500.0,799954082400.0,0.006514083027241435
sh000300,2026-01-09,4725.96,4758.92,4719.13,4771.43,25468803800.0,668788811100.0,0.004489567612635081
sh000300,2026-01-08,4761.01,4737.65,4717.01,4765.49,23880495700.0,630655638000.0,-0.008168870782365167
sh000300,2026-01-07,4796.93,4776.67,4751.07,4802.60,25909556400.0,664897929400.0,-0.0029265095424666487
sh000300,2026-01-06,4719.21,4790.69,4718.01,4790.69,29697068600.0,725414566900.0,0.015460759896136933
sh000300,2026-01-05,4661.62,4717.75,4661.62,4721.64,23414483900.0,630577351300.0,0.018965688540240278
sh000300,2025-12-31,4656.48,4629.94,4622.10,4667.05,17076022400.0,444491545700.0,-0.0045879843827936195
sh000300,2025-12-30,4617.32,4651.28,4616.63,4664.33,18037497400.0,457185489000.0,0.0025671589030407116
sh000300,2025-12-29,4658.27,4639.37,4629.06,4672.04,20039713300.0,482613536500.0,-0.003837036528072435
sh000300,2025-12-26,4639.79,4657.24,4635.11,4676.13,17539656500.0,460426934300.0,0.003166370133590668
sh000300,2025-12-25,4629.32,4642.54,4621.92,4651.15,13943418600.0,385356060800.0,0.001829928831305505
sh000300,2025-12-24,4623.68,4634.06,4602.14,4639.43,15371124100.0,406375640700.0,0.0028848255578666215
sh000300,2025-12-23,4616.03,4620.73,4607.80,4644.53,16925641200.0,433141326000.0,0.0019754446376760715
sh000300,2025-12-22,4587.67,4611.62,4587.67,4615.87,16525285600.0,448240599500.0,0.009509257516122416
sh000300,2025-12-19,4561.37,4568.18,4546.85,4591.09,15487622000.0,371577144300.0,0.003380344799562618
sh000300,2025-12-18,4553.98,4552.79,4544.14,4571.97,15168132800.0,382102395700.0,-0.005915002139794123
sh000300,2025-12-17,4499.77,4579.88,4498.93,4594.66,17842483000.0,452504741100.0,0.01830552189525414
sh000300,2025-12-16,4542.42,4497.55,4484.27,4553.08,16516520100.0,390500134300.0,-0.011974798223222116
sh000300,2025-12-15,4550.00,4552.06,4548.44,4595.05,16758996700.0,424383389799.99994,-0.00630655213438247
sh000300,2025-12-12,4558.74,4580.95,4530.78,4583.68,21282652000.0,523863221700.0,0.006320048855712912
sh000300,2025-12-11,4597.19,4552.18,4547.14,4610.28,16841940500.0,432431093500.0,-0.008634901553411067
sh000300,2025-12-10,4586.25,4591.83,4549.08,4598.54,16911110600.0,401452781500.0,-0.0013896681759464347
sh000300,2025-12-09,4611.38,4598.22,4584.25,4628.70,18416034400.0,452113884600.0,-0.005091145129009544
sh000300,2025-12-08,4593.14,4621.75,4592.74,4640.63,19962099000.0,496716196100.0,0.008116408625510996
sh000300,2025-12-05,4547.91,4584.54,4535.02,4593.83,19679996800.0,412146806500.0,0.008351350578568173
sh000300,2025-12-04,4533.60,4546.57,4514.19,4557.42,14719811000.0,348767399200.0,0.0034252546319284427
sh000300,2025-12-03,4554.59,4531.05,4523.50,4569.82,16976279000.0,374486168900.0,-0.005111619052637795
sh000300,2025-12-02,4571.91,4554.33,4539.43,4575.49,14849313200.0,364366426500.0,-0.004842138844398214
sh000300,2025-12-01,4539.19,4576.49,4531.29,4576.97,20038231700.0,463861587299.99994,0.011008116359523257
sh000300,2025-11-28,4511.50,4526.66,4492.43,4531.72,14290209600.0,341832318000.0,0.002493688266820282
sh000300,2025-11-27,4520.01,4515.4,4509.86,4559.22,15031177200.0,417789843600.0,-0.0004936216556027384
sh000300,2025-11-26,4490.20,4517.63,4485.70,4538.14,15620036800.0,427361377700.00006,0.006064047746303425
sh000300,2025-11-25,4475.84,4490.4,4467.35,4510.77,16957192900.0,411523797000.0,0.009521026067602634
sh000300,2025-11-24,4473.16,4448.05,4421.81,4478.81,18583372900.0,425807469500.0,-0.0012484254346473156
sh000300,2025-11-21,4513.39,4453.61,4453.18,4527.04,22285101300.0,481295814500.0,-0.024390190473061124
sh000300,2025-11-20,4619.54,4564.95,4560.18,4620.65,19456259300.0,415064817700.00006,-0.005086862425871086
sh000300,2025-11-19,4568.04,4588.29,4568.04,4607.86,17292497400.0,385230482000.0,0.0043999921194171066
sh000300,2025-11-18,4584.79,4568.19,4552.80,4606.62,17771318500.0,420150126500.0,-0.00649405726340524
sh000300,2025-11-17,4616.81,4598.05,4580.26,4624.90,18895546600.0,438940097500.0,-0.006501531932914806
sh000300,2025-11-14,4663.32,4628.14,4628.02,4684.26,19209267600.0,444720433600.0,-0.015722862483969702
sh000300,2025-11-13,4643.79,4702.07,4643.79,4703.49,20736747400.0,510060678200.0,0.012088051641120812
sh000300,2025-11-12,4643.56,4645.91,4620.99,4669.61,20946059200.0,492308866400.0,-0.001345608608455895
sh000300,2025-11-11,4706.34,4652.17,4648.49,4707.13,18663885800.0,477629076400.0,-0.009133023077496527
sh000300,2025-11-10,4688.12,4695.05,4654.21,4695.18,23602676400.0,593977127600.0,0.0034752574917873424
sh000300,2025-11-07,4673.76,4678.79,4666.04,4701.37,21249737700.0,507573849500.0,-0.003112881919290822
sh000300,2025-11-06,4642.01,4693.4,4642.01,4698.09,22424100800.0,553641780900.0,0.014293556013709852
sh000300,2025-11-05,4562.11,4627.26,4558.76,4642.61,20304587100.0,468361161400.0,0.0018533353541041464
sh000300,2025-11-04,4649.35,4618.7,4595.07,4665.32,23322403200.0,505177701000.0,-0.007456913224738848
sh000300,2025-11-03,4636.73,4653.4,4595.73,4653.40,23986980900.0,557602941100.0,0.002743138383035193
sh000300,2025-10-31,4702.49,4640.67,4640.67,4706.14,28146474000.0,680712251500.0,-0.014700917851933393
sh000300,2025-10-30,4735.98,4709.91,4706.45,4761.83,27328911800.0,719956285400.0001,-0.007988896003235268
sh000300,2025-10-29,4701.04,4747.84,4697.27,4747.84,24621132400.0,645898688800.0,0.011907578266698193
sh000300,2025-10-28,4697.73,4691.97,4679.23,4734.32,22090664500.0,571563257100.0,-0.005099639102463582
sh000300,2025-10-27,4699.38,4716.02,4687.69,4720.43,26220067400.0,672670372500.0,0.011873803822618267
sh000300,2025-10-24,4622.79,4660.68,4622.79,4660.68,20881448300.0,551986648600.0,0.011796784431891805
sh000300,2025-10-23,4578.70,4606.34,4541.69,4611.34,20046391700.0,420800208800.0,0.002998321201418852
sh000300,2025-10-22,4576.03,4592.57,4567.24,4603.49,18533396000.0,440935302700.00006,-0.0033204061746534563
sh000300,2025-10-21,4556.12,4607.87,4547.93,4615.46,21571117500.0,551390253200.0,0.015347426964757105
sh000300,2025-10-20,4558.24,4538.22,4520.50,4570.44,21842040500.0,505798833700.0,0.0053143060942841824
sh000300,2025-10-17,4610.70,4514.23,4509.33,4618.56,25690561700.0,559085965200.0,-0.02255966326146186
sh000300,2025-10-16,4588.92,4618.42,4586.28,4645.10,24823551800.0,560567191700.0,0.0026333556940618674
sh000300,2025-10-15,4544.24,4606.29,4526.83,4608.82,28477185500.0,607326345300.0,0.014811436729190497
sh000300,2025-10-14,4634.05,4539.06,4520.93,4641.45,37295403000.0,808959003199.9999,-0.011954775597629808
sh000300,2025-10-13,4490.87,4593.98,4490.87,4601.81,31501035400.0,714001634400.0,-0.004949283382754022
sh000300,2025-10-10,4679.50,4616.83,4600.96,4692.59,31902089900.0,792743047300.0,-0.019673084926573603
sh000300,2025-10-09,4662.11,4709.48,4651.99,4726.34,34767869600.0,862208005900.0,0.014823226718440496
sh000300,2025-09-30,4629.90,4640.69,4616.22,4647.50,24798035900.0,664624101900.0,0.004467484118137133
sh000300,2025-09-29,4555.03,4620.05,4541.43,4647.57,27435887700.0,693395231200.0,0.015384446324765655
sh000300,2025-09-26,4576.91,4550.05,4550.05,4597.85,20848211400.0,598723903200.0,-0.00945686177612226
sh000300,2025-09-25,4563.98,4593.49,4558.84,4613.95,22982333300.0,669866986600.0,0.006005164178385369
sh000300,2025-09-24,4495.27,4566.07,4494.11,4567.49,22048260800.0,629161495500.0,0.010241648929815161
sh000300,2025-09-23,4536.76,4519.78,4459.73,4560.73,25282706200.0,680513630699.9999,-0.0006257448685603739
sh000300,2025-09-22,4512.03,4522.61,4487.13,4523.87,19645995600.0,563149164300.0,0.004595816895902161
sh000300,2025-09-19,4499.09,4501.92,4491.84,4533.09,22504400000.0,603887059800.0,0.0008470224160814777
sh000300,2025-09-18,4546.03,4498.11,4454.99,4573.83,30985982600.0,839987127400.0,-0.011625965168248209
sh000300,2025-09-17,4517.29,4551.02,4503.80,4556.03,23571647200.0,608454200500.0,0.006119371968501319
sh000300,2025-09-16,4539.92,4523.34,4494.79,4552.42,24926920600.0,613728334800.0,-0.002144246932535676
sh000300,2025-09-15,4534.89,4533.06,4522.50,4566.91,23188567800.0,613314652400.0,0.002445820433436552
sh000300,2025-09-12,4544.59,4522.0,4517.79,4564.67,26644200300.0,689576075699.9999,-0.005723357145841157
sh000300,2025-09-11,4438.84,4548.03,4427.92,4548.03,25326405100.0,693156671400.0,0.023095992225601547
sh000300,2025-09-10,4438.30,4445.36,4414.59,4466.63,20359764600.0,535539349500.0,0.0020512774273824252
sh000300,2025-09-09,4448.74,4436.26,4412.69,4472.09,22137546000.0,562861104000.0,-0.007008284145519683
sh000300,2025-09-08,4467.17,4467.57,4438.07,4482.76,26763838200.0,683630879800.0,0.0016254439143379429
sh000300,2025-09-05,4365.61,4460.32,4350.30,4466.56,24962565700.0,664166970900.0,0.02178818430270235
sh000300,2025-09-04,4461.25,4365.21,4327.51,4465.50,30793460900.0,773124597000.0,-0.02121605532049431
sh000300,2025-09-03,4501.34,4459.83,4427.52,4510.73,25432021700.0,655697116700.0,-0.006818915698872052
sh000300,2025-09-02,4521.98,4490.45,4454.42,4548.89,30393256600.0,777999298000.0,-0.0073523722785059364
sh000300,2025-09-01,4516.88,4523.71,4487.53,4528.13,32036670800.0,770378288100.0,0.00599320399576575
sh000300,2025-08-29,4455.80,4496.76,4452.36,4516.84,35193894700.0,831194066200.0,0.007388356953075714
sh000300,2025-08-28,4378.04,4463.78,4364.17,4464.80,29683453600.0,739423602200.0,0.017703533638993685
sh000300,2025-08-27,4458.84,4386.13,4386.13,4494.91,33313389800.0,785098483000.0,-0.014926144109383532
sh000300,2025-08-26,4453.35,4452.59,4435.53,4476.80,27062139500.0,627950450200.0,-0.003721007245112151
sh000300,2025-08-25,4416.29,4469.22,4404.78,4472.65,35809000600.0,823681964500.0,0.020835998172681558
sh000300,2025-08-22,4287.36,4378.0,4287.36,4378.39,29043489700.0,675935075400.0001,0.020972138980940302
sh000300,2025-08-21,4284.37,4288.07,4273.65,4308.45,25903001400.0,558521269000.0,0.0039027016903123712
sh000300,2025-08-20,4208.40,4271.4,4190.56,4272.15,24648177300.0,538815306100.0,0.01137243480916883
sh000300,2025-08-19,4241.77,4223.37,4215.21,4264.23,25081877100.0,553536203300.0,-0.0037835453518295648
sh000300,2025-08-18,4218.25,4239.41,4203.42,4272.96,30147910200.0,635365867200.0,0.00881887515318791
sh000300,2025-08-15,4162.42,4202.35,4157.50,4214.73,26132756600.0,518686873500.0,0.006958505359055511
sh000300,2025-08-14,4179.97,4173.31,4165.94,4220.31,22110359500.0,485075642600.0,-0.0007829372357286424
sh000300,2025-08-13,4150.50,4176.58,4147.20,4186.75,21393499900.0,462776745500.0,0.007903316497057
sh000300,2025-08-12,4123.58,4143.83,4121.22,4153.29,17728782300.0,383088423300.0,0.005171606618298075
sh000300,2025-08-11,4110.29,4122.51,4103.60,4134.25,19044371600.0,360685826200.0,0.004272869229251297
sh000300,2025-08-08,4109.27,4104.97,4097.42,4122.21,17317120100.0,308507687600.0,-0.002357418699433955
sh000300,2025-08-07,4120.28,4114.67,4094.82,4129.74,19864190200.0,358108367000.0,0.0002868610352766421
sh000300,2025-08-06,4100.43,4113.49,4098.35,4116.71,17667615500.0,307674626100.0,0.002446721661041318
sh000300,2025-08-05,4080.39,4103.45,4075.58,4106.30,17885199900.0,306934255800.0,0.008045299334266787
sh000300,2025-08-04,4037.94,4070.7,4037.94,4070.70,16227590200.0,295976826600.0,0.0038890930299659843
sh000300,2025-08-01,4069.93,4054.93,4040.46,4085.35,19622182600.0,359685164200.0,-0.005069204704104213
sh000300,2025-07-31,4141.56,4075.59,4063.67,4141.82,26708740600.0,492142571700.0,-0.018223470577465872
sh000300,2025-07-30,4148.94,4151.24,4127.43,4185.21,24985304800.0,445168467700.00006,-0.0001878603667614387
sh000300,2025-07-29,4132.68,4152.02,4117.58,4153.33,23080788000.0,428764311000.0,0.0039169983219773385
sh000300,2025-07-28,4128.20,4135.82,4112.97,4146.12,22275981500.0,406792874000.0,0.002098295195727795
sh000300,2025-07-25,4145.32,4127.16,4117.80,4150.50,27359496300.0,430445513500.0,-0.005273509052696523
sh000300,2025-07-24,4116.83,4149.04,4111.88,4152.43,31963239200.0,487000043900.0,0.007104765557300441
sh000300,2025-07-23,4129.15,4119.77,4113.91,4155.68,30050615400.0,470330899400.0,0.00019665158195292243
sh000300,2025-07-22,4087.34,4118.96,4068.34,4119.20,25759698500.0,450874014500.0,0.008162795763668074
sh000300,2025-07-21,4069.77,4085.61,4063.44,4086.12,22326847600.0,377938564900.0,0.00666740584691583
sh000300,2025-07-18,4039.87,4058.55,4039.32,4064.64,18621106300.0,354244444600.0,0.005963579039730105
sh000300,2025-07-17,4005.07,4034.49,4005.07,4034.59,16124904100.0,325516865700.0,0.006810241565182729
sh000300,2025-07-16,4019.39,4007.2,3993.92,4027.86,15102730800.0,300656795700.0,-0.0029509387767289175
sh000300,2025-07-15,4023.99,4019.06,3994.26,4042.66,19104293100.0,353524574400.0,0.00034597167014704944
sh000300,2025-07-14,4021.21,4017.67,4017.67,4034.92,20791717500.0,321415945200.0,0.0007123624779254989
sh000300,2025-07-11,4011.47,4014.81,4010.11,4065.94,26205277300.0,443780794900.0,0.0011945077580659547
sh000300,2025-07-10,3993.42,4010.02,3992.52,4032.98,20977890400.0,347836703600.0,0.004665029814100219
sh000300,2025-07-09,3997.50,3991.4,3987.43,4016.74,17329379600.0,305398796600.0,-0.0017631832335028852
sh000300,2025-07-08,3965.43,3998.45,3965.43,4002.27,15640289500.0,292089834200.0,0.008393082768204163
sh000300,2025-07-07,3977.29,3965.17,3956.57,3979.75,13113527300.0,225106992900.0,-0.004276530560996417
sh000300,2025-07-04,3967.46,3982.2,3958.38,4013.85,15719713300.0,290512992200.0,0.003560925084486799
sh000300,2025-07-03,3949.40,3968.07,3945.14,3971.62,14100400600.0,269609569500.0,0.006184578870496615
sh000300,2025-07-02,3943.32,3943.68,3929.70,3952.14,14706306200.0,246637847500.0,0.0002333390822670811
sh000300,2025-07-01,3935.91,3942.76,3924.72,3946.25,12895936200.0,236070338400.0,0.0016971199772362056
sh000300,2025-06-30,3920.31,3936.08,3911.60,3940.36,14517023600.0,288821434900.0,0.003651421810615618
sh000300,2025-06-27,3949.79,3921.76,3918.20,3969.26,19455791300.0,343468229799.99994,-0.0061479668121295905
sh000300,2025-06-26,3953.16,3946.02,3945.26,3964.48,16531626300.0,328102847500.0,-0.003547917082273866
sh000300,2025-06-25,3907.07,3960.07,3902.18,3963.04,18721367100.0,361727254600.0,0.014354397891409576
sh000300,2025-06-24,3862.39,3904.03,3862.39,3914.16,16365618800.0,294228720600.0,0.011957282459369223
sh000300,2025-06-23,3831.17,3857.9,3827.08,3867.59,13380089200.0,232482215900.0,0.0029272299981282224
sh000300,2025-06-20,3839.78,3846.64,3839.78,3856.48,11815102000.0,213522822900.0,0.0009237358479763369
sh000300,2025-06-19,3870.05,3843.09,3834.95,3872.94,13028065800.0,234840180799.99997,-0.008227160468339045
sh000300,2025-06-18,3871.65,3874.97,3854.66,3881.35,12752862100.0,230553858299.99997,0.0011859300637147019
sh000300,2025-06-17,3875.18,3870.38,3860.41,3880.42,12234252600.0,220399818900.0,-0.000882854045123671
sh000300,2025-06-16,3853.62,3873.8,3853.62,3876.17,13734183500.0,246860982900.0,0.0024895320611360017
sh000300,2025-06-13,3881.49,3864.18,3853.82,3889.16,17253953600.0,309172346200.0,-0.007199013411438249
sh000300,2025-06-12,3885.52,3892.2,3870.38,3900.04,13399869700.0,260239581500.0,-0.0006239360350021039
sh000300,2025-06-11,3870.67,3894.63,3870.67,3911.61,14241477200.0,257217704400.0,0.007543713959751397
sh000300,2025-06-10,3887.55,3865.47,3850.47,3897.46,14556385900.0,263647551800.0,-0.005091049482015331
sh000300,2025-06-09,3877.80,3885.25,3871.99,3894.65,13630629300.0,262023668500.0,0.0029091528608820028
sh000300,2025-06-06,3878.10,3873.98,3869.39,3889.46,11098797100.0,202034736300.0,-0.0009232610198165458
sh000300,2025-06-05,3872.64,3877.56,3861.27,3883.13,12287818400.0,231749275300.0,0.0022798120318243686
sh000300,2025-06-04,3855.49,3868.74,3855.49,3875.86,11680387300.0,211736178200.0,0.0043431870633772185
sh000300,2025-06-03,3833.46,3852.01,3832.72,3863.30,13140309000.0,226782772100.0,0.0030675246013911472
sh000300,2025-05-30,3850.49,3840.23,3829.25,3858.61,11167222800.0,199389751100.0,-0.004786586155959172
sh000300,2025-05-29,3838.01,3858.7,3831.46,3869.79,10847188600.0,209459602500.0,0.0058546910516548145
sh000300,2025-05-28,3843.07,3836.24,3833.96,3849.74,8903102600.0,162496372700.0,-0.0008230452674897748
sh000300,2025-05-27,3857.63,3839.4,3834.85,3865.43,9857242500.0,178466763500.0,-0.0053651320817282855
sh000300,2025-05-26,3875.79,3860.11,3849.04,3884.54,10960120700.0,208876792100.0,-0.005708000731530771
sh000300,2025-05-23,3910.37,3882.27,3882.27,3931.55,12027741900.0,232945378299.99997,-0.00807385017897888
sh000300,2025-05-22,3912.60,3913.87,3903.09,3923.02,10759705200.0,197511410300.0,-0.0006408979721069796
sh000300,2025-05-21,3899.44,3916.38,3899.44,3928.63,10979134300.0,217037739400.0,0.004671422744518594
sh000300,2025-05-20,3883.10,3898.17,3881.74,3911.47,10488523400.0,201636702500.0,0.005421508066492109
sh000300,2025-05-19,3882.57,3877.15,3866.57,3885.59,9864341400.0,184888170600.0,-0.003070126944863749
sh000300,2025-05-16,3898.67,3889.09,3874.86,3903.85,11840534500.0,208835664000.0,-0.004635032760032631
sh000300,2025-05-15,3934.03,3907.2,3904.91,3936.47,13808174900.0,241464943600.0,-0.00913215375290699
sh000300,2025-05-14,3894.84,3943.21,3890.65,3960.52,17203377900.0,319465226900.0,0.012050017195977647
sh000300,2025-05-13,3915.59,3896.26,3890.69,3915.59,14732029900.0,267586397700.0,0.0014522144342403731
sh000300,2025-05-12,3866.53,3890.61,3859.03,3890.73,15333246000.0,296122947800.0,0.011556981508829667
sh000300,2025-05-09,3848.62,3846.16,3836.53,3853.66,11938952600.0,216697939700.0,-0.00174933167224689
sh000300,2025-05-08,3820.55,3852.9,3816.26,3867.33,12495983300.0,246987280600.0,0.00555116229907382
sh000300,2025-05-07,3861.58,3831.63,3814.99,3863.68,16117229900.0,286010735500.0,0.006062690689870642
sh000300,2025-05-06,3794.38,3808.54,3782.78,3809.09,15852045900.0,267937090799.99997,0.010070095502801912
sh000300,2025-04-30,3775.83,3770.57,3768.76,3787.56,14368165800.0,244820462200.0,-0.001194676669103667
sh000300,2025-04-29,3776.00,3775.08,3768.03,3785.32,11151469400.0,197462744400.0,-0.0017294175512082566
sh000300,2025-04-28,3786.39,3781.62,3772.80,3792.01,12514509100.0,210635318500.0,-0.0014180127225051908
sh000300,2025-04-25,3792.08,3786.99,3780.78,3801.58,12459113300.0,220535052600.00003,0.0006949655952392941
sh000300,2025-04-24,3787.46,3784.36,3775.21,3807.26,11716456000.0,205483051400.0,-0.000665455467297571
sh000300,2025-04-23,3803.43,3786.88,3780.52,3807.95,13198687000.0,247117386100.0,0.0007743231279484508
sh000300,2025-04-22,3780.11,3783.95,3778.08,3799.23,12568825700.0,210200698800.0,-0.00024571452727706333
sh000300,2025-04-21,3768.14,3784.88,3763.14,3790.18,12135573000.0,208085677399.99997,0.0032763245787961193
sh000300,2025-04-18,3760.04,3772.52,3754.41,3782.04,10294850900.0,173109384100.0,7.952876555461508e-05
sh000300,2025-04-17,3755.09,3772.22,3749.50,3779.13,12237100200.0,209012323100.0,-0.00015903223583435544
sh000300,2025-04-16,3757.88,3772.82,3721.60,3775.17,15635900600.0,261711094800.0,0.0030814387846529456
sh000300,2025-04-15,3756.48,3761.23,3737.85,3764.49,13400604000.0,228604621400.0,0.0005559782290631698
sh000300,2025-04-14,3772.04,3759.14,3754.03,3776.63,16446240300.0,292571297000.0,0.002298347962415903
sh000300,2025-04-11,3730.31,3750.52,3708.46,3762.37,16875969100.0,318535141900.0,0.004123026837156596
sh000300,2025-04-10,3749.13,3735.12,3708.82,3756.14,22725222700.0,403842564900.0,0.013108964709137139
sh000300,2025-04-09,3606.10,3686.79,3587.34,3686.79,26230570800.0,455031069300.0,0.009869177924596517
sh000300,2025-04-08,3597.99,3650.76,3583.87,3650.76,28019731200.0,464021087800.0,0.01708344477132928
sh000300,2025-04-07,3675.20,3589.44,3514.12,3707.78,31257858600.0,512971787700.00006,-0.07045448659847209
sh000300,2025-04-03,3843.42,3861.5,3843.42,3883.70,14259978900.0,263684681500.0,-0.005892817147608698
sh000300,2025-04-02,3884.42,3884.39,3877.16,3900.49,11304317500.0,198267515300.0,-0.0008462630669190396
sh000300,2025-04-01,3892.78,3887.68,3882.40,3905.26,14038027400.0,246041674700.0,9.518150083209775e-05
sh000300,2025-03-31,3905.98,3887.31,3872.40,3928.45,16679852300.0,268480316600.0,-0.00711591067565398
sh000300,2025-03-28,3930.78,3915.17,3907.38,3934.23,12635621400.0,213379194300.0,-0.004384079991659018
sh000300,2025-03-27,3911.38,3932.41,3903.65,3952.99,12679373800.0,232173613800.0,0.0033296252449379615
sh000300,2025-03-26,3930.21,3919.36,3916.86,3942.03,13116418700.0,220943164500.0,-0.003290695013096645
sh000300,2025-03-25,3937.90,3932.3,3921.53,3946.36,14047539900.0,239246311000.0,-0.0006480551990545314
sh000300,2025-03-24,3916.11,3934.85,3907.20,3938.18,15223467400.0,266051442600.00003,0.005147265435410109
sh000300,2025-03-21,3966.51,3914.7,3904.77,3983.15,16590529400.0,309348613900.0,-0.015167333754298795
sh000300,2025-03-20,4011.06,3974.99,3969.93,4012.04,13375467000.0,260020676800.0,-0.008772695421889964
sh000300,2025-03-19,4004.83,4010.17,3989.51,4025.30,14441942800.0,286075300800.0,0.0006113201521065204
sh000300,2025-03-18,4011.78,4007.72,3995.96,4016.87,14020849600.0,292739319500.0,0.0027346945924102695
sh000300,2025-03-17,4020.64,3996.79,3992.26,4021.73,16220291100.0,318904417400.0,-0.0024385008585918744
sh000300,2025-03-14,3919.62,4006.56,3919.62,4014.16,21613900300.0,450895278800.0,0.024281748040433815
sh000300,2025-03-13,3925.74,3911.58,3897.38,3939.29,15653644300.0,295173112600.0,-0.003984997058995798
sh000300,2025-03-12,3946.86,3927.23,3921.47,3953.61,15673219000.0,309627267400.0,-0.003600225299511317
sh000300,2025-03-11,3890.43,3941.42,3889.43,3941.42,14475440200.0,287480453100.0,0.0032121767460802086
sh000300,2025-03-10,3945.58,3928.8,3905.13,3949.14,15276523200.0,292574987500.0,-0.0038564810941148497
sh000300,2025-03-07,3944.91,3944.01,3935.05,3967.07,16673237500.0,340626700300.0,-0.0030913190301902205
sh000300,2025-03-06,3923.38,3956.24,3917.08,3964.49,19396091500.0,397419427600.0,0.013752475932526487
sh000300,2025-03-05,3887.80,3902.57,3877.02,3906.42,15865275100.0,290860484500.0,0.004465641585289948
sh000300,2025-03-04,3865.99,3885.22,3855.73,3890.42,14985096700.0,297739246800.0,-0.0008358043137789428
sh000300,2025-03-03,3899.70,3888.47,3872.59,3930.00,17762316600.0,356057735000.0,-0.00040616444518715156
sh000300,2025-02-28,3950.19,3890.05,3886.40,3972.48,19810414700.0,420308043500.0,-0.019674304204509885
sh000300,2025-02-27,3961.06,3968.12,3933.46,3973.93,20288796300.0,428272792700.00006,0.002065687863957555
sh000300,2025-02-26,3931.84,3959.94,3925.37,3960.33,19106250100.0,386458193800.0,0.008734859195292488
sh000300,2025-02-25,3933.64,3925.65,3915.65,3955.43,17810858000.0,377981451300.0,-0.011101538647562026
sh000300,2025-02-24,3972.48,3969.72,3949.23,3995.95,22081061800.0,455088749700.0,-0.0021918138767960116
sh000300,2025-02-21,3938.05,3978.44,3927.79,3981.05,22740033000.0,504645493600.0,0.012609127236631101
sh000300,2025-02-20,3934.65,3928.9,3916.18,3940.68,16389523600.0,325972429400.0,-0.0028577519694631404
sh000300,2025-02-19,3906.22,3940.16,3904.15,3943.67,18282951700.0,363680372600.0,0.00699758228165126
sh000300,2025-02-18,3942.58,3912.78,3901.87,3965.42,20942510100.0,400186229900.0,-0.008770329837361257
sh000300,2025-02-17,3954.41,3947.4,3921.70,3955.90,21358824600.0,430929575600.0,0.0021299768215872206
sh000300,2025-02-14,3900.83,3939.01,3900.83,3942.04,17297645200.0,360974236900.0,0.008673184572128179
sh000300,2025-02-13,3913.90,3905.14,3904.98,3939.20,17248587400.0,376473453300.0,-0.0037552361563933934
sh000300,2025-02-12,3875.96,3919.86,3867.35,3920.72,16422854000.0,354830596300.0,0.009456264775413725
sh000300,2025-02-11,3905.16,3883.14,3872.91,3905.16,16657490900.0,337866056100.0,-0.004593623271623604
sh000300,2025-02-10,3898.10,3901.06,3878.83,3906.37,18890304000.0,384968342900.0,0.002147609628278646
sh000300,2025-02-07,3844.06,3892.7,3833.87,3919.35,22185770700.0,487381557100.0,0.01297741508211403
sh000300,2025-02-06,3789.61,3842.83,3788.32,3843.49,16728817600.0,371891971100.0,0.012582079956153791
sh000300,2025-02-05,3844.70,3795.08,3785.16,3844.70,15716830800.0,346016202000.0,-0.005763567962945526
sh000300,2025-01-27,3836.96,3817.08,3817.08,3852.00,14667077200.0,282940127500.0,-0.004117030102847585
sh000300,2025-01-24,3793.85,3832.86,3793.48,3847.60,14897172200.0,296474375500.0,0.007655623149847246
sh000300,2025-01-23,3829.05,3803.74,3801.85,3864.26,18056955100.0,345198071100.0,0.0017698089554438745
sh000300,2025-01-22,3823.94,3797.02,3783.14,3823.94,13725506200.0,298745637600.0,-0.0092861000727964
sh000300,2025-01-21,3850.36,3832.61,3817.12,3850.91,14121840600.0,285073351700.0,0.0007650769777109989
sh000300,2025-01-20,3835.30,3829.68,3821.98,3858.67,13958127700.0,292175449100.0,0.004548387604463411
sh000300,2025-01-17,3788.37,3812.34,3780.21,3831.64,12662196100.0,265437489600.0,0.003147053715681025
sh000300,2025-01-16,3812.19,3800.38,3776.29,3842.95,14450587100.0,305734630800.0,0.0011459340416171138
sh000300,2025-01-15,3810.04,3796.03,3790.17,3816.83,14147552000.0,278850595500.0,-0.006415323488302649
sh000300,2025-01-14,3728.56,3820.54,3718.88,3826.64,17066465700.0,345461480100.0,0.026334381908980742
sh000300,2025-01-13,3704.44,3722.51,3704.11,3737.89,13644619900.0,247861953200.0,-0.0026711462620027104
sh000300,2025-01-10,3778.89,3732.48,3732.48,3786.81,13752317100.0,275354209100.0,-0.012540080637480577
sh000300,2025-01-09,3780.73,3779.88,3768.68,3795.26,12979400200.0,251486002800.0,-0.00246488723272853
sh000300,2025-01-08,3781.26,3789.22,3731.19,3810.74,16916696800.0,300965725400.0,-0.0018150158978533781
sh000300,2025-01-07,3760.87,3796.11,3749.06,3797.60,14645577900.0,266855795300.0,0.007200906348418856
sh000300,2025-01-06,3775.99,3768.97,3743.07,3788.85,15094667000.0,262803541100.0,-0.0016396656035770896
sh000300,2025-01-03,3825.24,3775.16,3767.67,3835.94,17534267600.0,304322755400.0,-0.011841691969427304
sh000300,2025-01-02,3931.82,3820.4,3796.34,3934.20,21789872400.0,388636586599.99994,-0.02910104678378911
sh000300,2024-12-31,3995.87,3934.91,3934.91,4004.35,18392839700.0,347880439500.0,-0.016038809217189143
sh000300,2024-12-30,3976.70,3999.05,3976.70,4005.78,16461248500.0,322699390200.0,0.004526466768650428
sh000300,2024-12-27,3987.02,3981.03,3970.94,4007.13,16926866600.0,345011075200.00006,-0.001617562972102582
sh000300,2024-12-26,3981.73,3987.48,3965.55,3991.53,14342528600.0,305769929400.0,0.0004641675218222119
sh000300,2024-12-25,3987.96,3985.63,3969.48,4007.76,15939074700.0,299295145800.0,0.00048698568412697263
sh000300,2024-12-24,3934.94,3983.69,3934.73,3985.86,16149458900.0,310384873300.0,0.012741606225388002
sh000300,2024-12-23,3928.15,3933.57,3928.15,3965.85,19006736200.0,354063425200.00006,0.0014843141348461764
sh000300,2024-12-20,3937.47,3927.74,3923.26,3958.63,15498649600.0,332143276400.0,-0.004491238030546518
sh000300,2024-12-19,3911.89,3945.46,3899.75,3954.35,16108104000.0,321771606900.0,0.0009056569310661455
sh000300,2024-12-18,3934.54,3941.89,3933.97,3956.14,15773832100.0,276825381200.0,0.005063704255194201
sh000300,2024-12-17,3908.13,3922.03,3908.13,3955.95,16093909000.0,306037370800.0,0.00260491226635029
sh000300,2024-12-16,3930.78,3911.84,3901.65,3938.76,17851125100.0,327619081600.0,-0.005425635236627757
sh000300,2024-12-13,4000.99,3933.18,3931.74,4000.99,23035307900.0,421478609300.0,-0.02366141243639075
sh000300,2024-12-12,3987.15,4028.5,3981.35,4031.74,18162177700.0,333667518400.0,0.00994527217254193
sh000300,2024-12-11,3988.02,3988.83,3977.35,4005.33,17725284600.0,310713317900.0,-0.0017043577499474827
sh000300,2024-12-10,4094.05,3995.64,3988.97,4098.38,25346379500.0,487278042800.0,0.007328750028361863
sh000300,2024-12-09,3970.66,3966.57,3948.42,3995.51,17595995800.0,308227216700.0,-0.0016536039505277156
sh000300,2024-12-06,3923.90,3973.14,3923.90,3995.12,19205790700.0,351751735400.0,0.013145178358777931
sh000300,2024-12-05,3916.56,3921.59,3910.08,3936.34,13853403800.0,257716298000.0,-0.0022821175608563893
sh000300,2024-12-04,3948.13,3930.56,3917.75,3957.37,17462631800.0,312040419100.0,-0.0053974174382384055
sh000300,2024-12-03,3946.70,3951.89,3922.84,3963.95,18249686700.0,327295048700.0,0.0010791284897520015
sh000300,2024-12-02,3909.70,3947.63,3902.17,3955.13,19728978400.0,368591236000.0,0.007927834998902039
sh000300,2024-11-29,3869.89,3916.58,3869.89,3962.70,18765671300.0,375262017900.0,0.011369769273475994
sh000300,2024-11-28,3904.25,3872.55,3866.01,3908.39,15011729100.0,286432871200.0,-0.008827654695114373
sh000300,2024-11-27,3829.34,3907.04,3817.91,3907.16,17413609600.0,320632355500.0,0.017410642209479743
sh000300,2024-11-26,3836.26,3840.18,3833.28,3875.23,14989244100.0,264403254800.0,-0.0020555652284640624
sh000300,2024-11-25,3875.61,3848.09,3812.32,3889.71,19070295300.0,349006773200.0,-0.004555449207129247
sh000300,2024-11-22,3984.24,3865.7,3865.70,3990.26,21628580900.0,397566831800.0,-0.030982879201865043
sh000300,2024-11-21,3979.46,3989.3,3966.07,3999.57,16612592700.0,324235010800.0,0.0008856507023737858
sh000300,2024-11-20,3966.12,3985.77,3958.34,4001.08,18459937200.0,347577693100.0,0.0022329005831189797
sh000300,2024-11-19,3954.60,3976.89,3896.75,3979.15,24294646500.0,402610970300.0,0.0067107468142304505
sh000300,2024-11-18,3982.10,3950.38,3931.19,4034.06,30677794600.0,472408054799.99994,-0.004648725191051195
sh000300,2024-11-15,4025.65,3968.83,3968.83,4049.07,24739946300.0,474079686599.99994,-0.01752392551774673
sh000300,2024-11-14,4101.22,4039.62,4034.94,4118.17,23015278400.0,464157560800.0,-0.017336878388864774
sh000300,2024-11-13,4059.59,4110.89,4059.59,4121.07,24048409900.0,512734303100.0,0.006155555664335122
sh000300,2024-11-12,4133.35,4085.74,4060.79,4181.71,29777808600.0,660380524800.0,-0.010987308557222963
sh000300,2024-11-11,4066.93,4131.13,4048.04,4132.51,28959422700.0,625605935900.0,0.0065983601564307826
sh000300,2024-11-08,4192.08,4104.05,4094.16,4200.91,33235038500.0,688446559800.0,-0.010046554261041507
sh000300,2024-11-07,3987.27,4145.7,3984.67,4146.15,34143641400.0,658145920900.0,0.03017185682904766
sh000300,2024-11-06,4051.29,4024.28,4002.50,4091.70,33580793800.0,639124093900.0,-0.005016602506570544
sh000300,2024-11-05,3937.62,4044.57,3925.41,4046.70,31686279400.0,580971852700.0,0.025301919508411208
sh000300,2024-11-04,3897.71,3944.76,3891.21,3944.76,22923906000.0,381048606100.0,0.014071907085310587
sh000300,2024-11-01,3882.46,3890.02,3879.96,3933.22,30798648100.0,476472952000.0,-0.00026214071302277375
sh000300,2024-10-31,3888.42,3891.04,3859.11,3923.90,30063671800.0,515533818900.0,0.0004087981591227585
sh000300,2024-10-30,3904.16,3889.45,3864.31,3926.06,21943662600.0,385010582200.0,-0.008968952645458939
sh000300,2024-10-29,3970.01,3924.65,3921.58,3991.31,21729398400.0,429625020400.0,-0.00996680255085558
sh000300,2024-10-28,3953.11,3964.16,3917.20,3964.16,21616041500.0,390450182299.99994,0.001956314041481999
sh000300,2024-10-25,3931.32,3956.42,3921.94,3992.89,21069488500.0,412231378400.00006,0.0070224468862232214
sh000300,2024-10-24,3950.90,3928.83,3914.09,3957.98,17472406200.0,340486884500.0,-0.011169809801143238
sh000300,2024-10-23,3955.32,3973.21,3939.10,4012.18,24587394900.0,469120806300.0,0.00389865025342484
sh000300,2024-10-22,3923.74,3957.78,3917.52,3965.91,22343339600.0,442881846800.0,0.00573795486887585
sh000300,2024-10-21,3946.90,3935.2,3896.17,3979.26,29118563400.0,600109598900.0,0.002539978549027655
sh000300,2024-10-18,3780.31,3925.23,3765.16,3998.21,31295883400.0,620673701900.0,0.03616738204222569
sh000300,2024-10-17,3853.84,3788.22,3787.75,3882.07,21231382000.0,369170521599.99994,-0.011319060755456745
sh000300,2024-10-16,3806.14,3831.59,3805.09,3877.75,21886640700.0,377301324400.0,-0.006327817240189826
sh000300,2024-10-15,3942.53,3855.99,3855.99,3967.87,24248644800.0,434410916700.0,-0.02659453619229868
sh000300,2024-10-14,3915.22,3961.34,3868.78,3979.54,30757899300.0,534076602200.0,0.019080719392257084
sh000300,2024-10-11,3969.76,3887.17,3847.12,3978.24,27409650500.0,484998267299.99994,-0.02767028783402825
sh000300,2024-10-10,3979.61,3997.79,3912.77,4098.50,39505309900.0,717952217500.0,0.010568809751313246
sh000300,2024-10-09,4168.84,3955.98,3942.51,4197.60,48226929500.0,1029032062200.0,-0.07051526044970757
sh000300,2024-10-08,4450.37,4256.1,4094.35,4450.37,58986789400.0,1130387437100.0,0.05929788319623697
sh000300,2024-09-30,3846.65,4017.85,3796.50,4038.70,51021770700.0,862528807400.0,0.08482644288923447
sh000300,2024-09-27,3617.92,3703.68,3596.58,3708.50,26548777400.0,466692757500.0,0.04466733609377993
sh000300,2024-09-26,3399.32,3545.32,3391.68,3545.32,24313401000.0,373983643000.0,0.04227215400128759
sh000300,2024-09-25,3403.70,3401.53,3393.44,3465.49,24156425500.0,356862584900.0,0.014803500093976352
sh000300,2024-09-24,3244.65,3351.91,3222.49,3351.97,20407221700.0,307879526800.0,0.04331166971700329
sh000300,2024-09-23,3200.87,3212.76,3198.02,3230.16,9534485500.0,143876166900.0,0.0036581746614392507
sh000300,2024-09-20,3192.43,3201.05,3173.22,3207.99,11806409800.0,163985055000.0,0.001567564861516102
sh000300,2024-09-19,3178.40,3196.04,3149.79,3213.84,12543927200.0,181785109700.0,0.007893384126823833
sh000300,2024-09-18,3158.82,3171.01,3145.79,3179.90,8472281400.0,123452148000.0,0.0037224024689404
sh000300,2024-09-13,3174.03,3159.25,3159.25,3188.91,8833667700.0,137448911400.0,-0.0041671000829006655
sh000300,2024-09-12,3189.43,3172.47,3171.88,3201.55,9286865700.0,136387244600.00002,-0.004287332908575747
sh000300,2024-09-11,3187.05,3186.13,3174.03,3197.34,10248211000.0,141513837100.0,-0.0030133677122187175
sh000300,2024-09-10,3193.46,3195.76,3171.79,3205.10,9729007800.0,133610476100.0,0.0008800638907595637
sh000300,2024-09-09,3214.80,3192.95,3180.93,3222.93,10867306900.0,146516054500.0,-0.011883578071084866
sh000300,2024-09-06,3261.15,3231.35,3231.07,3274.81,8840041700.0,121541545900.0,-0.008106797308580216
sh000300,2024-09-05,3252.96,3257.76,3247.17,3266.88,9710945000.0,134618198900.0,0.0017219325002459929
sh000300,2024-09-04,3253.90,3252.16,3249.98,3272.99,10483248200.0,140070063100.0,-0.006497771450741263
sh000300,2024-09-03,3261.74,3273.43,3261.19,3281.59,12289730600.0,155089488500.0,0.002578858870263767
sh000300,2024-09-02,3307.54,3265.01,3264.76,3307.76,14761235300.0,194409996300.0,-0.016986659360576528
sh000300,2024-08-30,3273.75,3321.43,3273.65,3351.63,18869544300.0,268376041200.0,0.013347855800444286
sh000300,2024-08-29,3273.54,3277.68,3269.53,3290.79,13070233300.0,174340106400.0,-0.0026837060702875615
sh000300,2024-08-28,3298.91,3286.5,3274.59,3305.35,9269665000.0,135982311000.0,-0.0056968593151062175
sh000300,2024-08-27,3315.69,3305.33,3299.56,3320.57,9580815700.0,129755962899.99998,-0.005682536053570386
sh000300,2024-08-26,3330.72,3324.22,3311.57,3336.53,9399077200.0,139070604000.0,-0.0008926451450023132
sh000300,2024-08-23,3305.93,3327.19,3305.64,3336.24,8952577400.0,132680886500.0,0.004240690100629774
sh000300,2024-08-22,3322.87,3313.14,3305.25,3327.70,10036650400.0,147702791600.0,-0.0025589768909334287
sh000300,2024-08-21,3322.91,3321.64,3307.99,3339.44,8995475100.0,130005992600.0,-0.003318630539802525
sh000300,2024-08-20,3361.64,3332.7,3321.64,3362.33,10166833100.0,137910585100.0,-0.007229733956514384
sh000300,2024-08-19,3344.26,3356.97,3343.71,3375.96,10557111000.0,143421671300.0,0.003389496148707316
sh000300,2024-08-16,3342.03,3345.63,3335.62,3356.91,9651908300.0,135885323100.0,0.001101153518155762
sh000300,2024-08-15,3301.45,3341.95,3297.97,3356.76,10476639900.0,149249335400.0,0.009884444766774303
sh000300,2024-08-14,3332.79,3309.24,3309.10,3332.79,7874240700.0,118181952000.0,-0.007542608992949229
sh000300,2024-08-13,3328.01,3334.39,3310.19,3335.01,8448967900.0,125259155300.0,0.0025647501698808917
sh000300,2024-08-12,3327.56,3325.86,3319.89,3338.08,7993875400.0,117544892700.0,-0.001731884993231514
sh000300,2024-08-09,3358.13,3331.63,3331.63,3366.67,9151162600.0,142852166600.0,-0.003383249475013006
sh000300,2024-08-08,3332.43,3342.94,3320.84,3364.79,9249569500.0,149482926200.0,0.0004339381533389197
sh000300,2024-08-07,3338.59,3341.49,3329.97,3362.38,9508437700.0,145078975300.0,-0.0004457101149274445
sh000300,2024-08-06,3367.35,3342.98,3318.63,3376.80,11934027900.0,181724693800.0,-0.0001016953208188287
sh000300,2024-08-05,3362.11,3343.32,3343.32,3409.03,14281251600.0,223631266600.0,-0.012135126270908403
sh000300,2024-08-02,3393.92,3384.39,3380.96,3419.10,11661525500.0,179671192399.99997,-0.010201007817458141
sh000300,2024-08-01,3443.14,3419.27,3419.19,3448.34,13632346400.0,206038002500.0,-0.006626807046901884
sh000300,2024-07-31,3364.03,3442.08,3364.03,3445.00,17195917700.0,258249147300.0,0.02157666989179008
sh000300,2024-07-30,3380.69,3369.38,3352.80,3380.69,10495216400.0,165442824500.0,-0.006299509841509399
sh000300,2024-07-29,3404.37,3390.74,3388.84,3408.50,10978778600.0,166697103800.0,-0.005441015578023678
sh000300,2024-07-26,3403.71,3409.29,3388.66,3420.82,12419555800.0,187853329500.0,0.002947691710278866
sh000300,2024-07-25,3404.61,3399.27,3383.80,3415.86,13102224200.0,190131464800.0,-0.00552927443632123
sh000300,2024-07-24,3432.35,3418.17,3408.41,3451.42,12703626300.0,184884499800.0,-0.006311266672093252
sh000300,2024-07-23,3509.79,3439.88,3439.88,3509.79,12889766000.0,202857560200.0,-0.02134899229569942
sh000300,2024-07-22,3538.40,3514.92,3494.01,3540.19,13212633700.0,217457320400.0,-0.006809794801950764
sh000300,2024-07-19,3500.81,3539.02,3493.07,3545.34,13244797500.0,228065104100.0,0.00513784710289622
sh000300,2024-07-18,3483.30,3520.93,3475.72,3522.80,12376819900.0,215783795700.0,0.005526076799616142
sh000300,2024-07-17,3494.21,3501.58,3486.22,3514.48,13180206200.0,222830802500.0,0.0009433207176097191
sh000300,2024-07-16,3466.85,3498.28,3464.37,3500.29,12065901700.0,200456285100.00003,0.006337288745055902
sh000300,2024-07-15,3462.61,3476.25,3460.79,3481.46,11851708300.0,171584915400.0,0.001108743232346443
sh000300,2024-07-12,3459.96,3472.4,3457.36,3479.10,13087458900.0,205055553900.0,0.0012196633959695724
sh000300,2024-07-11,3451.04,3468.17,3438.12,3473.98,14589246600.0,237551298500.0,0.011432004362826209
sh000300,2024-07-10,3425.88,3428.97,3423.65,3447.51,12720345600.0,198149476800.0,-0.0031513368470933445
sh000300,2024-07-09,3396.80,3439.81,3384.81,3448.93,13162944300.0,215048837800.0,0.011185386388222529
sh000300,2024-07-08,3420.80,3401.76,3395.91,3428.04,11552821800.0,177559765799.99997,-0.008539634981609145
sh000300,2024-07-05,3443.36,3431.06,3399.67,3451.04,11660965900.0,181416567399.99997,-0.004280561029191943
sh000300,2024-07-04,3468.30,3445.81,3444.93,3483.31,10442990900.0,159477153600.0,-0.005081696940298697
sh000300,2024-07-03,3471.56,3463.41,3454.99,3478.70,10385710800.0,163035359400.0,-0.002413740462412828
sh000300,2024-07-02,3472.45,3471.79,3464.52,3488.32,12165012100.0,186104752399.99997,-0.0018371677141493237
sh000300,2024-07-01,3458.26,3478.18,3443.81,3479.95,12182977000.0,188018227800.0,0.004772276884500437
sh000300,2024-06-28,3443.67,3461.66,3443.67,3484.68,13540915300.0,205118806800.0,0.002182900420367506
sh000300,2024-06-27,3467.29,3454.12,3452.58,3471.14,11491810100.0,174112508800.0,-0.007510933091205874
sh000300,2024-06-26,3451.54,3480.26,3442.30,3487.40,10589886100.0,171538111700.00003,0.006466352410422482
sh000300,2024-06-25,3475.16,3457.9,3440.65,3483.22,11844811800.0,190886336800.0,-0.005438893698534009
sh000300,2024-06-24,3473.64,3476.81,3471.22,3505.78,11799018400.0,195787549300.0,-0.005381019676051757
sh000300,2024-06-21,3496.34,3495.62,3473.83,3505.51,10918661500.0,182736735100.00003,-0.0021865223447741222
sh000300,2024-06-20,3525.17,3503.28,3500.13,3533.99,11161739600.0,186515776600.0,-0.0072178533475025786
sh000300,2024-06-19,3543.36,3528.75,3524.84,3543.36,10664279700.0,184790298700.0,-0.004749562132113416
sh000300,2024-06-18,3533.49,3545.59,3532.78,3551.71,12367183800.0,208824124200.00003,0.002655392794525202
sh000300,2024-06-17,3521.44,3536.2,3520.74,3540.79,13743343800.0,232293851900.0,-0.0015049992517359723
sh000300,2024-06-14,3514.80,3541.53,3503.52,3547.15,17151694200.0,283768816800.0,0.004367394282116743
sh000300,2024-06-13,3548.22,3526.13,3520.18,3551.08,12324546200.0,214792338400.0,-0.00507601322754303
sh000300,2024-06-12,3539.09,3544.12,3531.57,3551.17,12281372900.0,200722600600.0,0.0003499977419498812
sh000300,2024-06-11,3555.82,3542.88,3525.89,3565.31,13452230600.0,219282337200.0,-0.00873783963000585
sh000300,2024-06-07,3594.63,3574.11,3552.09,3603.07,13110302600.0,213001530100.00003,-0.005049759899784179
sh000300,2024-06-06,3602.16,3592.25,3584.17,3625.01,13789351700.0,226764072600.00003,-0.0007065781311286212
sh000300,2024-06-05,3610.36,3594.79,3594.11,3623.32,11090676600.0,182639598900.0,-0.005774863303343536
sh000300,2024-06-04,3583.81,3615.67,3580.28,3622.50,12454509600.0,195790966200.0,0.007501219087425959
sh000300,2024-06-03,3577.38,3588.75,3567.87,3600.60,14105459100.0,222756928200.0,0.0024665355650406173
sh000300,2024-05-31,3599.82,3579.92,3579.92,3614.64,11246201900.0,180707602900.0,-0.004003550055504346
sh000300,2024-05-30,3607.05,3594.31,3586.75,3624.04,12260299500.0,193069647100.0,-0.005316146029356372
sh000300,2024-05-29,3609.07,3613.52,3602.82,3633.20,11590632100.0,179072813299.99997,0.0012052632599739432
sh000300,2024-05-28,3633.25,3609.17,3605.92,3638.97,12353223800.0,184381268000.0,-0.007299812141232431
sh000300,2024-05-27,3606.65,3635.71,3603.71,3638.15,13127264400.0,206143742500.0,0.0095044259582171
sh000300,2024-05-24,3630.83,3601.48,3599.67,3650.87,12479117700.0,195344742200.0,-0.011068732683652827
sh000300,2024-05-23,3672.84,3641.79,3633.51,3674.37,14257299000.0,214205039000.0,-0.011578390261775762
sh000300,2024-05-22,3675.65,3684.45,3667.09,3691.88,15191460500.0,230839373500.0,0.0022550705083566047
sh000300,2024-05-21,3682.29,3676.16,3665.15,3684.61,13067828300.0,196575354899.99997,-0.004009796909205221
sh000300,2024-05-20,3682.06,3690.96,3677.44,3703.03,18460942300.0,279971341500.0,0.003531839574548057
sh000300,2024-05-17,3638.56,3677.97,3627.45,3677.97,16457041700.0,247729525200.0,0.010331395796020049
sh000300,2024-05-16,3636.60,3640.36,3626.33,3657.48,15463050300.0,240288953500.0,0.003943674401416519
sh000300,2024-05-15,3651.05,3626.06,3624.00,3656.53,12352276400.0,191480969400.0,-0.00847404328625534
sh000300,2024-05-14,3668.23,3657.05,3646.71,3675.78,13340649000.0,214643548200.0,-0.0020847602389287845
sh000300,2024-05-13,3646.35,3664.69,3634.60,3673.62,15726745500.0,249688465100.00003,-0.0004336820973848132
sh000300,2024-05-10,3669.09,3666.28,3641.76,3674.61,15072053600.0,233730562100.0,0.00046936057807767106
sh000300,2024-05-09,3630.41,3664.56,3630.41,3669.76,14655901700.0,232694927900.0,0.009459481794491742
sh000300,2024-05-08,3650.75,3630.22,3628.70,3650.94,13003533600.0,199923460400.0,-0.007868248515308873
sh000300,2024-05-07,3657.00,3659.01,3648.38,3665.68,16483428600.0,247368348000.0,0.000308922107887577
sh000300,2024-05-06,3654.05,3657.88,3645.74,3668.26,20801800700.0,333270472100.0,0.014840236489392256
sh000300,2024-04-30,3619.26,3604.39,3604.39,3630.71,19129689900.0,286674161800.0,-0.005386447235168679
sh000300,2024-04-29,3584.54,3623.91,3578.76,3645.82,22272138100.0,358709708800.0,0.011059434696604864
sh000300,2024-04-26,3531.96,3584.27,3531.96,3588.40,19721613300.0,308045062300.0,0.015293404489162166
sh000300,2024-04-25,3510.64,3530.28,3505.20,3543.97,11518772200.0,184524622000.0,0.002459095529898203
sh000300,2024-04-24,3514.01,3521.62,3495.65,3524.54,12173985100.0,195299919700.0,0.004392194443018527
sh000300,2024-04-23,3525.67,3506.22,3499.98,3533.76,14311350400.0,213257232200.0,-0.0069897193350138
sh000300,2024-04-22,3536.18,3530.9,3528.02,3558.16,15057904200.0,229511183100.0,-0.003038123365879164
sh000300,2024-04-19,3550.61,3541.66,3529.32,3560.95,14728150500.0,226229520100.00003,-0.007882794554316841
sh000300,2024-04-18,3550.56,3569.8,3547.60,3602.79,17857410500.0,261329927300.0,0.0012340831323274237
sh000300,2024-04-17,3509.13,3565.4,3498.03,3565.94,16846639800.0,244987812800.0,0.015462346665299664
sh000300,2024-04-16,3533.36,3511.11,3503.62,3545.50,17615306500.0,253315972300.0,-0.010698547229140987
sh000300,2024-04-15,3473.50,3549.08,3473.50,3552.41,18394125000.0,267472484500.0,0.02107116553120969
sh000300,2024-04-12,3505.75,3475.84,3470.06,3516.70,12892111600.0,208566204700.0,-0.008104467730520648
sh000300,2024-04-11,3485.03,3504.24,3484.93,3520.59,12653439500.0,200293481900.0,-0.0001341052469392423
sh000300,2024-04-10,3528.97,3504.71,3490.05,3531.23,12879027400.0,199754768600.0,-0.008144921876105382
sh000300,2024-04-09,3533.38,3533.49,3518.86,3543.71,12967094200.0,195893525600.0,-0.0008256961155522768
sh000300,2024-04-08,3553.56,3536.41,3535.77,3567.82,15530428300.0,243249251700.00003,-0.008798138909131725
sh000300,2024-04-03,3578.68,3567.8,3558.87,3582.43,13559233100.0,214222897600.00003,-0.0035970821184801993
sh000300,2024-04-02,3593.22,3580.68,3568.75,3596.19,14127297200.0,220207515500.0,-0.004163364064911801
sh000300,2024-04-01,3551.58,3595.65,3551.58,3600.92,16277656100.0,251637272800.0,0.01644390922351513
sh000300,2024-03-29,3516.88,3537.48,3516.88,3538.24,12864329000.0,201749384400.0,0.004691902208488585
sh000300,2024-03-28,3498.48,3520.96,3489.39,3551.21,14333471700.0,232530806300.0,0.005187293557421313
sh000300,2024-03-27,3538.72,3502.79,3502.79,3542.96,12862676300.0,216404726600.0,-0.011558377425044064
sh000300,2024-03-26,3526.68,3543.75,3518.60,3547.65,12620953500.0,226730734800.0,0.005102445997458682
sh000300,2024-03-25,3536.71,3525.76,3525.76,3564.96,13701572400.0,233747256200.0,-0.005427362482369524
sh000300,2024-03-22,3571.27,3545.0,3522.84,3575.72,13922735800.0,248850931000.0,-0.010077937164382988
sh000300,2024-03-21,3593.07,3581.09,3575.03,3601.11,13074337700.0,233162492600.00003,-0.0011965258912584043
sh000300,2024-03-20,3568.72,3585.38,3568.43,3589.55,12952896600.0,223752103900.0,0.002166238543393151
sh000300,2024-03-19,3593.34,3577.63,3577.19,3610.74,14557178600.0,259553448400.0,-0.0071873968025797375
sh000300,2024-03-18,3577.06,3603.53,3573.40,3604.05,16037943800.0,295314840600.0,0.009394984299676112
sh000300,2024-03-15,3554.91,3569.99,3533.68,3572.81,13831604400.0,243991558400.0,0.0021812240681373662
sh000300,2024-03-14,3571.79,3562.22,3545.61,3597.46,14096272200.0,263803609300.0,-0.002838459729702536
sh000300,2024-03-13,3594.42,3572.36,3563.37,3594.42,14459059000.0,266898756400.0,-0.006985425949759372
sh000300,2024-03-12,3592.58,3597.49,3574.21,3605.70,18068556000.0,339997042299.99994,0.0022929517504999275
sh000300,2024-03-11,3545.94,3589.26,3542.28,3589.26,14820282500.0,286418582200.0,0.01251089590426857
sh000300,2024-03-08,3529.55,3544.91,3511.58,3548.51,12579266400.0,225379101000.0,0.004303457498045171
sh000300,2024-03-07,3548.10,3529.72,3522.90,3569.92,14811051000.0,251839533000.0,-0.006006674082313812
sh000300,2024-03-06,3556.53,3551.05,3545.10,3577.39,14307661300.0,248294165700.0,-0.004055520809084778
sh000300,2024-03-05,3524.96,3565.51,3519.08,3570.69,16642238900.0,299895929700.0,0.006958741778150701
sh000300,2024-03-04,3538.37,3540.87,3519.76,3548.69,16324461300.0,297719931800.0,0.0008677709310871418
sh000300,2024-03-01,3515.06,3537.8,3503.46,3544.36,16270957000.0,288575619200.0,0.006177333849059163
sh000300,2024-02-29,3437.90,3516.08,3437.90,3516.08,15594453200.0,281971899300.0,0.019076823195933068
sh000300,2024-02-28,3499.83,3450.26,3450.26,3521.66,18983754800.0,328300591300.0,-0.012741824258395984
sh000300,2024-02-27,3440.05,3494.79,3437.44,3494.79,13952824600.0,244488721300.0,0.011997011606087904
sh000300,2024-02-26,3485.54,3453.36,3445.39,3492.61,15124833100.0,238951637700.0,-0.010424845403955496
sh000300,2024-02-23,3491.34,3489.74,3472.97,3507.56,14482127300.0,232926057100.0,0.0008804962901565183
sh000300,2024-02-22,3450.35,3486.67,3448.41,3486.68,14102078400.0,225098128900.0,0.008620515090240755
sh000300,2024-02-21,3390.36,3456.87,3383.69,3500.13,18887936200.0,291823544600.0,0.013492238005189394
sh000300,2024-02-20,3395.19,3410.85,3380.10,3415.89,14073458100.0,218459281900.0,0.002068270555642071
sh000300,2024-02-19,3393.19,3403.81,3364.14,3403.81,18331980000.0,267674145100.00003,0.011554475130240549
sh000300,2024-02-08,3351.41,3364.93,3336.98,3367.21,18997757800.0,270239765200.0,0.006370322075109902
sh000300,2024-02-07,3314.03,3343.63,3289.67,3343.63,21664793300.0,297997664600.0,0.009644622534114022
sh000300,2024-02-06,3185.25,3311.69,3182.82,3314.51,20271309900.0,285042020900.0,0.03476731179032755
sh000300,2024-02-05,3164.25,3200.42,3111.52,3233.85,20304297000.0,279713141500.0,0.006538496617531031
sh000300,2024-02-02,3219.87,3179.63,3108.35,3235.41,17375808900.0,234495151600.0,-0.011834503420134146
sh000300,2024-02-01,3202.26,3217.71,3191.90,3251.76,14551679200.0,203815063200.0,0.0007339791935558893
sh000300,2024-01-31,3231.54,3215.35,3201.93,3252.15,15314346900.0,215333349899.99997,-0.009149347927914664
sh000300,2024-01-30,3283.90,3245.04,3244.97,3300.20,14364935000.0,199592929899.99997,-0.017833145679729823
sh000300,2024-01-29,3335.39,3303.96,3303.96,3351.37,18416479500.0,244698013600.0,-0.008956692322920845
sh000300,2024-01-26,3326.65,3333.82,3315.13,3351.97,18066400500.0,238144899500.0,-0.002722171036100174
sh000300,2024-01-25,3274.34,3342.92,3269.79,3344.24,19683361400.0,265521115000.0,0.020081718343296417
sh000300,2024-01-24,3245.96,3277.11,3190.47,3281.49,15437195400.0,219036341600.0,0.013979263164734412
sh000300,2024-01-23,3208.43,3231.93,3188.13,3249.53,12201200000.0,193791168600.0,0.004047966696697491
sh000300,2024-01-22,3262.47,3218.9,3193.18,3281.42,14870562800.0,225510031800.0,-0.015560679923419918
sh000300,2024-01-19,3261.24,3269.78,3251.81,3286.94,11850140800.0,191261807100.0,-0.0015115750000762596
sh000300,2024-01-18,3214.28,3274.73,3171.63,3279.25,17490916800.0,256784536800.0,0.014137153616510023
sh000300,2024-01-17,3291.14,3229.08,3229.08,3291.14,10876972800.0,173516385200.0,-0.02175177528416672
sh000300,2024-01-16,3272.57,3300.88,3260.44,3300.88,11327666500.0,175650587500.0,0.006083659461370683
sh000300,2024-01-15,3270.10,3280.92,3261.27,3306.92,8885153000.0,144331722400.0,-0.0009895955446885818
sh000300,2024-01-12,3284.36,3284.17,3279.70,3310.47,9685355500.0,156536022300.0,-0.0034894270360806834
sh000300,2024-01-11,3275.31,3295.67,3266.79,3311.11,10878973500.0,180978533600.0,0.0056573892399751635
sh000300,2024-01-10,3281.67,3277.13,3268.25,3312.92,9419936600.0,159777649800.0,-0.004668185269551928
sh000300,2024-01-09,3286.71,3292.5,3273.84,3304.60,10933046500.0,172276323000.0,0.001959793795609288
sh000300,2024-01-08,3322.61,3286.06,3283.34,3333.52,11742948500.0,170761644899.99997,-0.012931384063608609
sh000300,2024-01-05,3341.31,3329.11,3313.55,3372.54,12640057400.0,182251664899.99997,-0.005359943831134917
sh000300,2024-01-04,3375.02,3347.05,3323.86,3375.02,10672101300.0,165512262700.0,-0.00925021460497888
sh000300,2024-01-03,3379.75,3378.3,3362.66,3392.85,10561385100.0,165099018600.0,-0.00237719078063392
sh000300,2024-01-02,3426.27,3386.35,3386.35,3426.27,11618072600.0,184096097399.99997,-0.013045341012092315
sh000300,2023-12-29,3411.11,3431.11,3409.58,3432.54,11492893200.0,193573180500.0,0.004852776655127844
sh000300,2023-12-28,3335.56,3414.54,3331.21,3423.40,14806485100.0,245855634500.0,0.02343272308743649
sh000300,2023-12-27,3326.93,3336.36,3309.67,3341.27,9440392800.0,140924923700.0,0.0034799190324803497
sh000300,2023-12-26,3345.40,3324.79,3315.94,3345.42,7473293500.0,121689997400.0,-0.006769331879490359
sh000300,2023-12-25,3330.33,3347.45,3330.33,3348.88,7454269300.0,121838327100.00002,0.00306242003098367
sh000300,2023-12-22,3329.47,3337.23,3315.90,3359.06,10522013300.0,167336342300.0,0.0019094110547694942
sh000300,2023-12-21,3285.60,3330.87,3283.99,3339.36,10254619800.0,171120780600.0,0.010119787717968176
sh000300,2023-12-20,3334.33,3297.5,3297.37,3338.54,9241286800.0,141290542800.0,-0.010959676548571662
sh000300,2023-12-19,3325.66,3334.04,3313.19,3345.78,8380811800.0,135293655399.99998,0.0014026677719809477
sh000300,2023-12-18,3329.19,3329.37,3314.91,3352.35,9052682600.0,142303319400.0,-0.003645015037931576
sh000300,2023-12-15,3365.94,3341.55,3339.52,3388.50,9778778300.0,164907019400.0,-0.003105645652096034
sh000300,2023-12-14,3387.38,3351.96,3350.76,3399.14,8365513500.0,150245775700.0,-0.005237994901487131
sh000300,2023-12-13,3418.64,3369.61,3369.61,3418.64,9528536700.0,165455928400.0,-0.01668903933699084
sh000300,2023-12-12,3410.00,3426.8,3406.10,3427.55,10559001300.0,166979964800.0,0.002149468481773553
sh000300,2023-12-11,3378.05,3419.45,3346.89,3426.61,13962624900.0,219761181400.0,0.0058803457019642735
sh000300,2023-12-08,3391.86,3399.46,3383.45,3409.38,12952205400.0,203034222600.00003,0.0024120685994668545
sh000300,2023-12-07,3394.31,3391.28,3369.77,3404.41,9771324800.0,160949948200.0,-0.0024473467466760157
sh000300,2023-12-06,3387.88,3399.6,3382.95,3420.28,10580551900.0,172142987700.0,0.0015732442417493164
sh000300,2023-12-05,3450.09,3394.26,3393.81,3450.09,10047200700.0,164840691100.0,-0.019039692035582312
sh000300,2023-12-04,3481.04,3460.14,3459.61,3488.13,9715682600.0,164664395300.0,-0.006529079382579961
sh000300,2023-12-01,3494.22,3482.88,3452.17,3494.22,10853094100.0,176078323500.0,-0.003809850695040251
sh000300,2023-11-30,3485.52,3496.2,3481.45,3505.13,10135082000.0,153790180700.0,0.002261840260756598
sh000300,2023-11-29,3518.88,3488.31,3482.24,3519.20,9884141200.0,155948236000.0,-0.008585996384843586
sh000300,2023-11-28,3510.66,3518.52,3501.11,3521.05,8933578900.0,147740535900.0,0.001873608319048703
sh000300,2023-11-27,3534.44,3511.94,3492.86,3534.44,9910231400.0,155975437000.0,-0.007368548986577239
sh000300,2023-11-24,3560.65,3538.01,3534.00,3560.65,8501840300.0,140101998600.0,-0.006601114131045138
sh000300,2023-11-23,3541.44,3561.52,3529.94,3562.07,8480016700.0,141499811500.0,0.004824484682966368
sh000300,2023-11-22,3569.44,3544.42,3544.42,3574.38,8478438100.0,136041195500.0,-0.010234371291262145
sh000300,2023-11-21,3587.88,3581.07,3575.68,3615.06,10859431400.0,175922105900.0,0.0013281809234073627
sh000300,2023-11-20,3569.73,3576.32,3545.10,3586.97,9108044500.0,157449634700.0,0.0023121743687763985
sh000300,2023-11-17,3561.31,3568.07,3547.03,3573.68,8731920700.0,139621898700.0,-0.001200886808720325
sh000300,2023-11-16,3600.98,3572.36,3572.36,3605.29,8746478000.0,146629217200.0,-0.009672187954813172
sh000300,2023-11-15,3616.88,3607.25,3596.92,3620.60,10492921800.0,188932150500.0,0.007032266349530802
sh000300,2023-11-14,3581.10,3582.06,3568.88,3600.15,10088415800.0,165935163400.0,0.0007403454759304928
sh000300,2023-11-13,3593.91,3579.41,3562.77,3599.39,9670764900.0,164821249600.0,-0.001974074931200165
sh000300,2023-11-10,3596.07,3586.49,3576.10,3599.45,10210703400.0,166924677300.0,-0.007290683480817073
sh000300,2023-11-09,3603.11,3612.83,3601.37,3624.41,11187205700.0,189355228600.0,0.00048739016413401615
sh000300,2023-11-08,3610.64,3611.07,3591.82,3627.05,11059423000.0,192594372399.99997,-0.0024007116493911518
sh000300,2023-11-07,3623.78,3619.76,3606.30,3628.46,11028859100.0,190433605300.0,-0.0035374014826804467
sh000300,2023-11-06,3608.32,3632.61,3600.63,3635.79,15298246300.0,254465948100.0,0.013523467275273982
sh000300,2023-11-03,3558.53,3584.14,3558.53,3596.10,9754210100.0,165865989200.0,0.008426673869432966
sh000300,2023-11-02,3580.07,3554.19,3553.74,3597.17,9035964300.0,149465055400.0,-0.004715726275052345
sh000300,2023-11-01,3605.76,3571.03,3564.64,3606.41,9764553800.0,182943566400.0,-0.0004142745576639628
sh000300,2023-10-31,3581.68,3572.51,3554.58,3581.68,11258726700.0,196317658299.99997,-0.0031419427027961078
sh000300,2023-10-30,3554.11,3583.77,3554.02,3592.72,14401042600.0,242973328100.0,0.006001588820988113
sh000300,2023-10-27,3501.17,3562.39,3494.55,3576.59,12022510800.0,224301960400.0,0.013730244099552147
sh000300,2023-10-26,3484.78,3514.14,3478.05,3515.57,10514356600.0,176088467200.0,0.002762194460772749
sh000300,2023-10-25,3524.30,3504.46,3500.92,3531.83,12800961700.0,203691741100.0,0.004969702878871773
sh000300,2023-10-24,3481.76,3487.13,3453.10,3495.00,11554728900.0,186529203400.0,0.0037101639495258354
sh000300,2023-10-23,3500.20,3474.24,3450.65,3505.35,9656165200.0,152054894200.0,-0.010354384875476907
sh000300,2023-10-20,3518.35,3510.59,3501.73,3535.66,9851860500.0,169591289100.0,-0.006494903128307583
sh000300,2023-10-19,3588.52,3533.54,3532.31,3588.52,11173752000.0,189194781800.0,-0.021337292069418146
sh000300,2023-10-18,3631.07,3610.58,3608.98,3632.06,9454587900.0,158982356700.0,-0.007918887728746493
sh000300,2023-10-17,3635.30,3639.4,3619.13,3645.57,9074518800.0,147056233300.0,0.0035294766447913073
sh000300,2023-10-16,3664.04,3626.6,3615.77,3664.04,9185311800.0,159537973600.0,-0.010048015373654628
sh000300,2023-10-13,3677.96,3663.41,3652.31,3678.19,9828798700.0,170152309000.0,-0.010525661871553016
sh000300,2023-10-12,3697.93,3702.38,3682.84,3711.50,11436322500.0,194598219800.0,0.009496803042903235
sh000300,2023-10-11,3674.75,3667.55,3658.36,3689.53,10209158700.0,187667554100.0,0.0028492287668198113
sh000300,2023-10-10,3696.25,3657.13,3655.59,3701.26,9916373000.0,161938958900.0,-0.007490372428916037
sh000300,2023-10-09,3678.93,3684.73,3642.00,3694.17,10214805800.0,178072374700.0,-0.0012982718619224398
sh000300,2023-09-28,3711.21,3689.52,3685.30,3716.06,8522171900.0,153500421300.0,-0.0029671665991082286
sh000300,2023-09-27,3694.96,3700.5,3694.39,3731.14,9162921000.0,164790435300.0,0.0020607166744746053
sh000300,2023-09-26,3711.71,3692.89,3692.62,3723.85,7804452500.0,137808437800.0,-0.005844505464922212
sh000300,2023-09-25,3738.06,3714.6,3711.20,3738.06,9259647900.0,155793827400.0,-0.0065072092817998195
sh000300,2023-09-22,3672.64,3738.93,3664.77,3740.42,11023116600.0,192236467399.99997,0.0181051290150418
sh000300,2023-09-21,3698.31,3672.44,3672.44,3708.46,8303100500.0,135011796600.0,-0.008972687947453761
sh000300,2023-09-20,3715.96,3705.69,3705.13,3718.52,7544820900.0,117691806000.0,-0.003980647762397482
sh000300,2023-09-19,3723.42,3720.5,3702.69,3724.07,8319903800.0,135216895200.0,-0.0019341633335211439
sh000300,2023-09-18,3698.93,3727.71,3691.11,3737.53,8672774100.0,156966973900.0,0.005104104314626268
sh000300,2023-09-15,3740.79,3708.78,3699.38,3749.02,10939568900.0,180398970900.0,-0.006623793695476943
sh000300,2023-09-14,3736.94,3733.51,3717.31,3748.82,10038607500.0,151578100500.0,-0.0008403248899414573
sh000300,2023-09-13,3759.61,3736.65,3719.11,3768.82,8157690100.0,138238089900.0,-0.006368664574801897
sh000300,2023-09-12,3764.33,3760.6,3755.42,3775.09,7938537800.0,140117510200.0,-0.0018420507811462983
sh000300,2023-09-11,3740.58,3767.54,3734.72,3788.32,10535801600.0,186871759400.0,0.007366329856496989
sh000300,2023-09-08,3747.65,3739.99,3724.99,3753.26,7163816600.0,129197657300.0,-0.004916894374572656
sh000300,2023-09-07,3802.23,3758.47,3756.85,3802.23,9510390300.0,164405748800.0,-0.014050256687381912
sh000300,2023-09-06,3808.10,3812.03,3790.89,3817.52,9344239300.0,166081524000.0,-0.002169975290028048
sh000300,2023-09-05,3839.58,3820.32,3814.33,3839.58,10405233300.0,181377878000.0,-0.0074383922888059395
sh000300,2023-09-04,3812.99,3848.95,3804.59,3854.26,14238520100.0,237934727900.0,0.015154991836982212
sh000300,2023-09-01,3778.91,3791.49,3778.91,3808.53,10531904500.0,172219141600.0,0.006963644041463102
sh000300,2023-08-31,3786.93,3765.27,3762.00,3794.00,11896164600.0,193577001300.0,-0.006134337773953447
sh000300,2023-08-30,3803.12,3788.51,3780.24,3813.70,12967166100.0,226727480799.99997,-0.0004221513359770057
sh000300,2023-08-29,3743.05,3790.11,3742.08,3810.38,15248614600.0,262134936800.0,0.009990353406420072
sh000300,2023-08-28,3911.55,3752.62,3740.53,3911.55,19799037900.0,335047671000.0,0.011719666230807446
sh000300,2023-08-25,3703.51,3709.15,3695.84,3734.22,10518261000.0,175601437200.0,-0.00383517348251472
sh000300,2023-08-24,3711.54,3723.43,3701.57,3748.86,11961452100.0,196257391100.0,0.007249846481795608
sh000300,2023-08-23,3751.77,3696.63,3695.03,3756.17,9708163800.0,160476231600.0,-0.016390694555681762
sh000300,2023-08-22,3748.07,3758.23,3704.68,3770.06,12031832700.0,203463879700.0,0.007687233882817335
sh000300,2023-08-21,3773.23,3729.56,3729.56,3782.11,9870836900.0,173379942900.0,-0.014386892177589816
sh000300,2023-08-18,3832.46,3784.0,3784.00,3844.20,9554963800.0,168445687000.0,-0.012294119182480245
sh000300,2023-08-17,3801.20,3831.1,3782.50,3836.15,9841549300.0,174093848200.0,0.003344394015184715
sh000300,2023-08-16,3830.83,3818.33,3817.63,3852.42,9461694600.0,169323869000.0,-0.007333863680086483
sh000300,2023-08-15,3858.37,3846.54,3811.68,3865.28,10309711100.0,177437071700.00003,-0.0024300359707565278
sh000300,2023-08-14,3840.89,3855.91,3814.07,3859.47,11596633600.0,197623765200.0,-0.007296131814378604
sh000300,2023-08-11,3977.98,3884.25,3884.25,3977.98,12608293100.0,203546314600.0,-0.023007153421267024
sh000300,2023-08-10,3962.86,3975.72,3945.39,3976.46,9717684900.0,175646730200.0,0.002054154053992674
sh000300,2023-08-09,3967.36,3967.57,3961.84,3982.11,9464026900.0,174394242800.0,-0.003055483663464531
sh000300,2023-08-08,3980.04,3979.73,3963.46,4002.29,10987169900.0,202611335300.0,-0.0026114306479706473
sh000300,2023-08-07,4002.97,3990.15,3977.02,4002.97,12131066200.0,227090572800.0,-0.0075685597600345655
sh000300,2023-08-04,4033.72,4020.58,4011.62,4058.24,17826718900.0,316529733800.0,0.003895150537580605
sh000300,2023-08-03,3962.13,4004.98,3962.13,4005.00,12900664000.0,224809824800.0,0.008836494622030733
sh000300,2023-08-02,3985.70,3969.9,3958.51,4008.33,12585569000.0,204875690900.0,-0.007028514257128582
sh000300,2023-08-01,4009.18,3998.0,3983.03,4031.70,14228685900.0,255620773600.0,-0.004142349357226016
sh000300,2023-07-31,4018.89,4014.63,4002.08,4064.36,19960683000.0,366544120000.0,0.005482450647926074
sh000300,2023-07-28,3889.79,3992.74,3886.55,4000.92,17973548100.0,310092467400.0,0.02316296590515976
sh000300,2023-07-27,3914.23,3902.35,3894.69,3935.36,11066710900.0,196845425500.0,-0.0011927279428515236
sh000300,2023-07-26,3908.17,3907.01,3893.40,3912.98,10788171700.0,192912604800.0,-0.00207145630274419
sh000300,2023-07-25,3866.64,3915.12,3866.64,3915.81,16306632000.0,299853562200.0,0.02888137873762897
sh000300,2023-07-24,3803.35,3805.22,3798.80,3828.79,7548354500.0,151448369600.0,-0.004366926484401845
sh000300,2023-07-21,3816.98,3821.91,3808.80,3849.51,7950756300.0,157144211200.0,-0.0004655189097443335
sh000300,2023-07-20,3857.77,3823.69,3818.71,3875.62,9204207600.0,174320872100.0,-0.0070581453022303675
sh000300,2023-07-19,3848.48,3850.87,3830.41,3860.01,7958570000.0,151311481000.0,-0.001055788157532933
sh000300,2023-07-18,3871.04,3854.94,3844.51,3871.04,9143861500.0,167104315100.0,-0.003162519361703753
sh000300,2023-07-17,3881.62,3867.17,3852.26,3881.62,9834014400.0,174623552800.0,-0.008189069272396154
sh000300,2023-07-14,3904.60,3899.1,3893.79,3908.49,12236484600.0,220230466500.0,0.0001744296407262258
sh000300,2023-07-13,3855.66,3898.42,3855.66,3901.10,12030023200.0,235278706800.0,0.014304893532876894
sh000300,2023-07-12,3864.60,3843.44,3838.56,3874.04,11152202400.0,214046519100.0,-0.0067321533328681404
sh000300,2023-07-11,3853.80,3869.49,3844.52,3870.65,8651071600.0,177585694400.0,0.006544703498398974
sh000300,2023-07-10,3841.56,3844.33,3831.92,3865.46,9203344100.0,185360813100.0,0.004869697048906163
sh000300,2023-07-07,3831.60,3825.7,3819.08,3844.84,10090692000.0,173918560700.0,-0.0044369266801119744
sh000300,2023-07-06,3857.03,3842.75,3836.46,3876.89,10012184200.0,184742420900.0,-0.006735921381510024
sh000300,2023-07-05,3895.19,3868.81,3864.13,3899.52,9763638400.0,188400265100.00003,-0.0077455559231702775
sh000300,2023-07-04,3888.03,3899.01,3878.40,3899.98,10949452700.0,216335611400.0,0.0015746696533158744
sh000300,2023-07-03,3853.29,3892.88,3853.29,3897.33,13315805100.0,256876520200.0,0.013124438834597685
sh000300,2023-06-30,3816.33,3842.45,3813.55,3860.03,10126842900.0,208146272900.0,0.005392690431833769
sh000300,2023-06-29,3836.73,3821.84,3817.38,3840.71,9828927400.0,204110031400.0,-0.004936471568423251
sh000300,2023-06-28,3836.61,3840.8,3808.16,3846.85,10702154100.0,206187959899.99997,-0.0012040265978056075
sh000300,2023-06-27,3811.69,3845.43,3806.32,3851.90,11699268100.0,210097713700.0,0.009378691235530257
sh000300,2023-06-26,3833.44,3809.7,3801.05,3841.29,13399041900.0,247713845799.99997,-0.014060449841228007
sh000300,2023-06-21,3909.10,3864.03,3864.03,3920.13,11834657500.0,243630705600.0,-0.015343098281450529
sh000300,2023-06-20,3926.09,3924.24,3918.47,3937.49,12252031800.0,266274081300.0,-0.0016968081182220374
sh000300,2023-06-19,3957.03,3930.91,3922.47,3957.03,13490584800.0,268213068600.0,-0.008184995016841778
sh000300,2023-06-16,3932.21,3963.35,3928.54,3968.01,13976007600.0,280374762800.0,0.009642083810979418
sh000300,2023-06-15,3871.77,3925.5,3871.77,3925.50,12836993800.0,282635910900.0,0.015910890730379323
sh000300,2023-06-14,3872.72,3864.02,3862.06,3891.67,12495575900.0,243932581200.0,-0.00023027703103040142
sh000300,2023-06-13,3838.13,3864.91,3833.46,3867.30,11092494600.0,225435215300.0,0.005327187645502773
sh000300,2023-06-12,3827.33,3844.43,3813.86,3859.72,12675854300.0,240791270500.0,0.0020147522610576285
sh000300,2023-06-09,3822.41,3836.7,3811.22,3836.70,13431986300.0,247296087100.0,0.004321774571421688
sh000300,2023-06-08,3791.08,3820.19,3777.78,3834.39,11870093400.0,199119300700.0,0.008141259427763226
sh000300,2023-06-07,3815.48,3789.34,3780.10,3823.11,9886243200.0,189879792200.0,-0.00494201924288884
sh000300,2023-06-06,3840.46,3808.16,3802.84,3867.85,12578125800.0,222091722600.00003,-0.009388047083306317
sh000300,2023-06-05,3860.56,3844.25,3832.46,3860.56,11616398900.0,211144360100.00003,-0.004552245955932843
sh000300,2023-06-02,3821.62,3861.83,3821.62,3865.28,12501511000.0,232696547100.0,0.01443705721498234
sh000300,2023-06-01,3788.59,3806.87,3786.73,3832.21,13456188100.0,241829546400.0,0.0021929478167928007
sh000300,2023-05-31,3827.16,3798.54,3781.40,3827.16,12638736800.0,235606123900.0,-0.010216923978893844
sh000300,2023-05-30,3827.79,3837.75,3789.27,3844.01,13761962900.0,244566265500.0,0.0009937557708257216
sh000300,2023-05-29,3862.08,3833.94,3819.18,3866.72,13185996700.0,230095604800.0,-0.00441709188641759
sh000300,2023-05-26,3848.42,3850.95,3815.57,3859.63,10032643900.0,191537814899.99997,0.0001168679392287153
sh000300,2023-05-25,3851.41,3850.5,3817.84,3861.38,12415077000.0,213313620100.00003,-0.0022259133629949357
sh000300,2023-05-24,3903.78,3859.09,3859.09,3903.78,13725826500.0,211768410500.0,-0.01382503788469247
sh000300,2023-05-23,3968.23,3913.19,3913.19,3971.94,11868507700.0,189955815300.0,-0.01414344486349084
sh000300,2023-05-22,3941.00,3969.33,3935.80,3985.40,10911660500.0,202185550200.0,0.006284636484862549
sh000300,2023-05-19,3946.22,3944.54,3928.32,3967.28,12021247900.0,207094944800.0,-0.0029145085905962764
sh000300,2023-05-18,3965.52,3956.07,3939.55,3982.72,13653394700.0,229134184400.0,-0.0010353090902662787
sh000300,2023-05-17,3971.70,3960.17,3945.71,3982.60,11844818500.0,205195686000.0,-0.00453470279346746
sh000300,2023-05-16,4002.52,3978.21,3966.99,4005.02,13683327100.0,234840652700.0,-0.005171435073232811
sh000300,2023-05-15,3938.83,3998.89,3923.03,3998.89,17625736200.0,279531163500.0,0.015524054284669297
sh000300,2023-05-12,3987.77,3937.76,3937.53,3999.38,14442172800.0,228992923400.0,-0.013255952649436353
sh000300,2023-05-11,4005.78,3990.66,3988.48,4018.06,14480461900.0,241052071400.0,-0.0015537157825998849
sh000300,2023-05-10,4017.94,3996.87,3984.63,4019.06,20755270900.0,309484851700.0,-0.007698839091532128
sh000300,2023-05-09,4065.44,4027.88,4026.39,4092.85,27930604800.0,396422120400.0,-0.008560893601728847
sh000300,2023-05-08,4028.11,4062.66,4018.96,4070.77,25558308500.0,359539954200.0,0.011396905060643947
sh000300,2023-05-05,4031.09,4016.88,3998.39,4047.60,20662692400.0,307694489900.0,-0.0033174120712113897
sh000300,2023-05-04,4013.47,4030.25,4001.13,4035.78,22758284600.0,345492506000.0,0.00028790620214480533
sh000300,2023-04-28,3993.26,4029.09,3993.26,4030.45,17950848800.0,328936294000.0,0.010197020373982735
sh000300,2023-04-27,3948.03,3988.42,3942.82,3999.13,15382819500.0,304804002600.0,0.007372645691207547
sh000300,2023-04-26,3950.26,3959.23,3934.66,3975.66,16270200600.0,322062811300.0,-0.000868101557788048
sh000300,2023-04-25,3985.11,3962.67,3925.44,3991.69,17255540900.0,331110619800.0,-0.005014261896631345
sh000300,2023-04-24,4031.30,3982.64,3967.91,4033.64,17009921700.0,328375614700.0,-0.012381682153068674
sh000300,2023-04-21,4114.26,4032.57,4031.91,4114.26,18080243500.0,347852011599.99994,-0.019559836810907894
sh000300,2023-04-20,4122.95,4113.02,4094.00,4125.82,16270667700.0,332172409500.0,-0.0027978741974901133
sh000300,2023-04-19,4159.39,4124.56,4118.63,4159.39,16255459200.0,312219504500.0,-0.00900281833624439
sh000300,2023-04-18,4139.31,4162.03,4138.46,4169.67,17018413000.0,331545662300.0,0.003048648231783968
sh000300,2023-04-17,4090.07,4149.38,4089.51,4149.38,18877309500.0,341831272800.0,0.01402248289345076
sh000300,2023-04-14,4078.97,4092.0,4075.20,4098.22,15069568200.0,306201501400.0,0.005657437490476758
sh000300,2023-04-13,4081.39,4068.98,4059.57,4088.88,15644429500.0,300291020800.0,-0.006909445023417948
sh000300,2023-04-12,4102.40,4097.29,4090.28,4108.25,16596527800.0,325425226400.0,-0.0006975354560198044
sh000300,2023-04-11,4108.51,4100.15,4083.49,4116.12,15390133300.0,324192952000.0,-0.0011352535196514912
sh000300,2023-04-10,4132.01,4104.81,4099.05,4132.30,15245300200.0,340822557200.0,-0.004479443549795126
sh000300,2023-04-07,4096.90,4123.28,4092.18,4131.31,12867673800.0,286567771900.0,0.006502890173410325
sh000300,2023-04-06,4084.13,4096.64,4078.40,4098.83,15070337400.0,328981851600.0,-0.0015768526800401528
sh000300,2023-04-04,4089.29,4103.11,4080.07,4103.16,19714663100.0,394443175100.0,0.0030655874364695634
sh000300,2023-04-03,4059.62,4090.57,4059.06,4094.94,18212431300.0,382895558400.00006,0.009785407301533322
sh000300,2023-03-31,4045.45,4050.93,4039.96,4063.57,13884254600.0,279863685800.0,0.0030704241394763354
sh000300,2023-03-30,4009.56,4038.53,3983.90,4040.50,14990103700.0,280004716000.0,0.008085089387789735
sh000300,2023-03-29,4013.59,4006.14,3992.67,4017.76,13374351000.0,263866922700.0,0.001657703068625782
sh000300,2023-03-28,4015.70,3999.51,3994.60,4023.78,13189511700.0,248736921000.0,-0.003232414865619204
sh000300,2023-03-27,4023.30,4012.48,3987.03,4023.30,16848227900.0,315474696900.0,-0.0036180330514893333
sh000300,2023-03-24,4035.16,4027.05,4017.00,4037.84,15944233000.0,295785588900.0,-0.0029808694532679203
sh000300,2023-03-23,3985.99,4039.09,3984.00,4039.09,15888742100.0,296479529500.0,0.009913887944312139
sh000300,2023-03-22,3993.78,3999.44,3986.71,4016.45,14922897000.0,265180992100.0,0.004283870449329319
sh000300,2023-03-21,3948.16,3982.38,3948.16,3982.70,14509067900.0,251631985000.0,0.010992414472414946
sh000300,2023-03-20,3962.66,3939.08,3935.02,3979.55,20526497000.0,319760032600.0,-0.004986334311739449
sh000300,2023-03-17,3971.16,3958.82,3945.25,4004.22,17743381800.0,305541015600.0,0.0049934630567507465
sh000300,2023-03-16,3958.20,3939.15,3936.48,3981.32,15251564400.0,246264286400.0,-0.011976723770347864
sh000300,2023-03-15,4011.84,3986.9,3986.90,4018.75,14202600700.0,232101094000.0,0.0005521118277411752
sh000300,2023-03-14,3999.88,3984.7,3946.94,4001.94,15054417400.0,267224848800.0,-0.005984498676625094
sh000300,2023-03-13,3962.64,4008.69,3962.64,4008.69,14356137000.0,242865516800.0,0.010473540132186043
sh000300,2023-03-10,3991.80,3967.14,3966.43,4004.36,12385540900.0,218286956100.0,-0.013112429568267525
sh000300,2023-03-09,4035.84,4019.85,4000.89,4043.85,11653962900.0,201737990700.0,-0.003534856511101636
sh000300,2023-03-08,4030.74,4034.11,4011.52,4037.29,11793649300.0,191659655200.0,-0.0036405399063931254
sh000300,2023-03-07,4103.64,4048.85,4046.57,4124.96,19591206800.0,272491994000.0,-0.01464099624970494
sh000300,2023-03-06,4131.15,4109.01,4088.45,4132.84,16297180700.0,283079862000.0,-0.0052148019028942505
sh000300,2023-03-03,4126.02,4130.55,4100.38,4135.21,16033174100.0,226914545600.0,0.003110929781870775
sh000300,2023-03-02,4119.99,4117.74,4113.83,4137.25,14821763700.0,235953765000.0,-0.002229254605106923
sh000300,2023-03-01,4068.73,4126.94,4061.22,4135.48,15601579400.0,255374791000.0,0.014124724164876756
sh000300,2023-02-28,4058.13,4069.46,4026.45,4074.26,11032359100.0,198799712399.99997,0.006335562237872905
sh000300,2023-02-27,4040.46,4043.84,4034.52,4067.03,9378763000.0,187959491100.0,-0.004237820268157222
sh000300,2023-02-24,4100.99,4061.05,4048.24,4102.61,10098942500.0,191210465100.00003,-0.010381002278459284
sh000300,2023-02-23,4106.21,4103.65,4088.21,4132.39,10356490600.0,197193582399.99997,-0.000803515991185666
sh000300,2023-02-22,4118.97,4106.95,4101.86,4134.88,10429029500.0,191586159000.0,-0.009024334334696738
sh000300,2023-02-21,4130.06,4144.35,4116.27,4151.80,14577617300.0,249674201000.0,0.0026273197709443252
sh000300,2023-02-20,4039.96,4133.49,4035.48,4134.86,16179448100.0,280122962200.0,0.024533338621046896
sh000300,2023-02-17,4086.22,4034.51,4032.93,4104.64,11614258900.0,225737747000.0,-0.014408243332706183
sh000300,2023-02-16,4125.41,4093.49,4068.86,4167.90,15931058500.0,281315625600.0,-0.007323537899308619
sh000300,2023-02-15,4146.85,4123.69,4115.97,4153.72,12166450800.0,219855529000.0,-0.0052107331453288275
sh000300,2023-02-14,4151.25,4145.29,4125.26,4152.05,10249989000.0,204915435799.99997,0.00041510098779551363
sh000300,2023-02-13,4098.88,4143.57,4092.27,4146.45,12889257700.0,251990181600.0,0.009073840016949442
sh000300,2023-02-10,4124.10,4106.31,4092.35,4125.29,9671673300.0,195348320600.0,-0.005943072386863535
sh000300,2023-02-09,4067.56,4130.86,4064.75,4130.86,10228996100.0,211722604899.99997,0.013424465302958044
sh000300,2023-02-08,4099.86,4076.14,4072.65,4111.47,8478609900.0,170591751800.0,-0.0044184132303266566
sh000300,2023-02-07,4098.31,4094.23,4077.96,4107.34,9136007200.0,183537351600.0,0.0017984379281994478
sh000300,2023-02-06,4103.83,4086.88,4065.22,4105.94,11019271700.0,226345114000.0,-0.013219432928581298
sh000300,2023-02-03,4162.03,4141.63,4103.17,4162.03,11704122100.0,226914770000.0,-0.009451945039044118
sh000300,2023-02-02,4207.41,4181.15,4170.56,4207.41,13382373600.0,262497434800.0,-0.003522461051542969
sh000300,2023-02-01,4170.13,4195.93,4137.77,4195.93,14100895400.0,265553944700.0,0.0093989213011747
sh000300,2023-01-31,4200.58,4156.86,4153.05,4212.73,12455083500.0,249365321600.0,-0.010589453389981962
sh000300,2023-01-30,4267.62,4201.35,4197.86,4268.15,16460706400.0,330193322100.0,0.004739891857765022
sh000300,2023-01-20,4166.84,4181.53,4161.67,4189.83,12355380900.0,222342455100.00003,0.006140504955473913
sh000300,2023-01-19,4125.58,4156.01,4105.98,4156.01,9460839800.0,192699589800.0,0.006222293241911592
sh000300,2023-01-18,4140.10,4130.31,4125.77,4151.46,8420064500.0,172126171800.0,-0.0016750297299648054
sh000300,2023-01-17,4138.84,4137.24,4118.16,4148.58,9547904000.0,204381576500.0,-0.00017399878200863306
sh000300,2023-01-16,4077.88,4137.96,4076.64,4177.10,15139545500.0,319007749400.0,0.0156048282192629
sh000300,2023-01-13,4032.29,4074.38,4027.89,4074.38,9587189600.0,212173997500.0,0.014064666104179668
sh000300,2023-01-12,4021.75,4017.87,4003.51,4030.29,9055262700.0,183686268100.0,0.0019550975927860037
sh000300,2023-01-11,4019.88,4010.03,4008.02,4043.40,9999788900.0,203000263000.0,-0.00185191177532118
sh000300,2023-01-10,4014.71,4017.47,4002.23,4030.46,10175114100.0,214871166200.0,0.0010839446615102943
sh000300,2023-01-09,3998.53,4013.12,3990.71,4023.09,11705442500.0,233212426500.0,0.008096179497549594
sh000300,2023-01-06,3969.55,3980.89,3966.47,4000.41,11095303800.0,235744305600.0,0.0031018651507592754
sh000300,2023-01-05,3913.49,3968.58,3912.26,3974.88,11650239500.0,256312608299.99997,0.01942742650175311
sh000300,2023-01-04,3886.25,3892.95,3873.65,3905.90,11066074300.0,198997711700.00003,0.0012989017207232223
sh000300,2023-01-03,3864.84,3887.9,3831.25,3893.99,11505187500.0,207540166000.0,0.004202364378827594
sh000300,2022-12-30,3873.94,3871.63,3868.76,3887.55,7877327200.0,148295049400.0,0.003871185210153838
sh000300,2022-12-29,3854.24,3856.7,3838.48,3868.29,7939481500.0,149011372400.0,-0.003761049374105707
sh000300,2022-12-28,3874.91,3871.26,3854.94,3884.72,8442465600.0,160671122000.0,-0.004267139935954289
sh000300,2022-12-27,3860.91,3887.85,3856.58,3891.85,7751535000.0,152032206600.0,0.011541593707802056
sh000300,2022-12-26,3830.57,3843.49,3827.52,3856.81,7300571200.0,148692832400.0,0.003988798971845897
sh000300,2022-12-23,3811.62,3828.22,3805.95,3848.34,6527814800.0,130559415600.0,-0.0020359590514152925
sh000300,2022-12-22,3859.20,3836.03,3821.34,3882.13,8370517300.0,163970307000.0,0.0014332182929821524
sh000300,2022-12-21,3839.00,3830.54,3821.40,3853.73,6483921500.0,123450040399.99998,0.0003969684148945607
sh000300,2022-12-20,3881.23,3829.02,3811.48,3881.27,8309682200.0,164046440900.0,-0.01649020605051854
sh000300,2022-12-19,3952.77,3893.22,3878.44,3966.57,10691907500.0,180801387700.0,-0.015429046868796203
sh000300,2022-12-16,3931.23,3954.23,3929.49,3960.47,9317856700.0,167488442600.0,0.0005668030536514213
sh000300,2022-12-15,3954.67,3951.99,3926.50,3963.50,8886472500.0,181994889100.0,-0.0007332694461793521
sh000300,2022-12-14,3952.79,3954.89,3935.77,3972.74,9852800600.0,196175108600.0,0.002334198414468469
sh000300,2022-12-13,3953.55,3945.68,3939.98,3964.40,10099410000.0,184020700100.00003,-0.0019628475454288585
sh000300,2022-12-12,3976.17,3953.44,3950.32,3983.43,12593536800.0,227606300900.0,-0.011204930169274374
sh000300,2022-12-09,3961.99,3998.24,3944.44,4003.32,15377495400.0,268166789700.0,0.009865679256815696
sh000300,2022-12-08,3953.20,3959.18,3941.30,3971.49,11519998600.0,198037690500.0,0.0001869423308171747
sh000300,2022-12-07,3956.67,3958.44,3944.18,3999.59,14300135600.0,255490829000.0,-0.0024595534499268767
sh000300,2022-12-06,3929.01,3968.2,3923.00,3988.90,15510832300.0,275583430800.0,0.005401735041349109
sh000300,2022-12-05,3907.64,3946.88,3900.67,3947.48,20174722100.0,296615512300.0,0.019615339903641393
sh000300,2022-12-02,3886.40,3870.95,3865.88,3898.11,11678635000.0,201253166400.0,-0.006115893878200773
sh000300,2022-12-01,3921.30,3894.77,3893.87,3944.56,16996458500.0,306678195700.0,0.010830409235305094
sh000300,2022-11-30,3836.56,3853.04,3833.83,3867.66,15751140000.0,250051468100.0,0.001200492669718889
sh000300,2022-11-29,3766.57,3848.42,3766.57,3854.77,17870139200.0,289062336400.0,0.030852557028211436
sh000300,2022-11-28,3701.90,3733.24,3672.13,3736.08,12782574800.0,196305561700.00003,-0.011266546250046416
sh000300,2022-11-25,3751.28,3775.78,3743.41,3790.57,14292971100.0,191711040700.0,0.005049496780513252
sh000300,2022-11-24,3791.54,3756.81,3751.38,3804.90,10107344700.0,160698921500.0,-0.004430864469078144
sh000300,2022-11-23,3760.22,3773.53,3753.21,3791.18,14452791100.0,201070601200.0,0.001050517698305109
sh000300,2022-11-22,3766.08,3769.57,3751.04,3809.86,14448633400.0,203490828400.0,0.0001167378148272391
sh000300,2022-11-21,3769.63,3769.13,3734.00,3769.87,9586696600.0,188230373700.0,-0.008533316498183674
sh000300,2022-11-18,3823.82,3801.57,3801.57,3840.30,11507877700.0,224276131000.0,-0.004475391891396341
sh000300,2022-11-17,3821.27,3818.66,3776.57,3821.74,10594063200.0,219540811300.0,-0.004102347439879583
sh000300,2022-11-16,3860.81,3834.39,3829.31,3877.68,12061096400.0,235844588200.0,-0.008168713156077256
sh000300,2022-11-15,3788.93,3865.97,3775.50,3871.64,15151565000.0,296268142800.0,0.018964053958598015
sh000300,2022-11-14,3818.14,3794.02,3781.78,3848.41,16966504800.0,315536856100.0,0.0014729017748729145
sh000300,2022-11-11,3787.76,3788.44,3747.09,3828.90,18968558600.0,344471326300.0,0.027878090669589684
sh000300,2022-11-10,3685.83,3685.69,3665.06,3701.53,10350930200.0,183155308700.0,-0.007694647938895072
sh000300,2022-11-09,3750.78,3714.27,3711.27,3760.41,8943452500.0,172029529899.99997,-0.009351004046056266
sh000300,2022-11-08,3773.66,3749.33,3723.34,3779.12,9901645100.0,193351324899.99997,-0.006878923529256009
sh000300,2022-11-07,3754.52,3775.3,3746.37,3792.79,12982637100.0,251195699899.99997,0.002158118693873723
sh000300,2022-11-04,3646.77,3767.17,3646.77,3782.88,14973494900.0,311145477600.0,0.032695523451848896
sh000300,2022-11-03,3645.06,3647.9,3628.50,3670.16,11056603500.0,215379298000.0,-0.008132557146780295
sh000300,2022-11-02,3620.37,3677.81,3610.80,3703.47,14159291900.0,291648245700.0,0.012008243973176791
sh000300,2022-11-01,3519.82,3634.17,3517.62,3634.17,14928669800.0,295089928400.0,0.03575968307350319
sh000300,2022-10-31,3504.51,3508.7,3495.95,3553.39,13846565500.0,256574822100.0,-0.009214052347564339
sh000300,2022-10-28,3605.16,3541.33,3533.50,3618.86,11877216200.0,245816452000.0,-0.024733279355794613
sh000300,2022-10-27,3667.66,3631.14,3631.06,3685.08,11799867500.0,257473315700.0,-0.007044217780087014
sh000300,2022-10-26,3633.31,3656.9,3633.31,3700.88,12130154800.0,242453810600.0,0.008118650842878772
sh000300,2022-10-25,3621.94,3627.45,3594.70,3670.73,11095388200.0,219302759600.0,-0.0016293413552707081
sh000300,2022-10-24,3727.92,3633.37,3619.99,3762.16,13005686400.0,259450743100.0,-0.0292608118325679
sh000300,2022-10-21,3753.89,3742.89,3724.69,3768.69,9875003800.0,180686357700.0,-0.0032064512520872945
sh000300,2022-10-20,3746.58,3754.93,3726.79,3804.25,9029089500.0,203781618900.0,-0.005719536187982155
sh000300,2022-10-19,3827.47,3776.53,3776.53,3840.49,8157484400.0,186736408200.0,-0.016085371795105496
sh000300,2022-10-18,3865.83,3838.27,3831.17,3870.22,8834690700.0,186556295799.99997,-0.002116259057146741
sh000300,2022-10-17,3822.24,3846.41,3809.12,3849.62,10419201900.0,220488874400.0,0.0010253821109860173
sh000300,2022-10-14,3783.32,3842.47,3780.84,3863.23,11624229300.0,256551272000.0,0.023929628770981592
sh000300,2022-10-13,3756.42,3752.67,3749.64,3783.60,9901891500.0,198368891500.0,-0.008360837246420005
sh000300,2022-10-12,3722.87,3784.31,3661.53,3784.31,10808931900.0,210931362300.0,0.015189031276742426
sh000300,2022-10-11,3732.02,3727.69,3706.06,3739.81,8394462500.0,166800394900.0,0.0018140577380985068
sh000300,2022-10-10,3806.56,3720.94,3715.71,3807.46,10264759500.0,194635904100.0,-0.022063712748594533
sh000300,2022-09-30,3833.35,3804.89,3801.28,3848.60,7855996600.0,158692748800.0,-0.005813740809063717
sh000300,2022-09-29,3864.32,3827.14,3808.65,3873.18,8565414200.0,171635940000.0,-0.00041005978514963015
sh000300,2022-09-28,3879.44,3828.71,3828.05,3879.44,8659221300.0,172438042800.0,-0.0163373840659764
sh000300,2022-09-27,3844.07,3892.3,3827.93,3893.03,8886016000.0,185955247399.99997,0.014496908785721185
sh000300,2022-09-26,3829.60,3836.68,3827.95,3893.32,10452603100.0,192906200300.0,-0.005015534151793899
sh000300,2022-09-23,3865.10,3856.02,3829.69,3888.40,9434246200.0,172904807399.99997,-0.0034424475491944273
sh000300,2022-09-22,3875.18,3869.34,3860.23,3900.27,8094691900.0,161134102800.0,-0.008809523199606484
sh000300,2022-09-21,3921.32,3903.73,3884.23,3924.39,8645839100.0,168939074300.0,-0.007401775815949807
sh000300,2022-09-20,3945.65,3932.84,3921.69,3957.55,8482413400.0,179248153500.0,0.0012321792260692188
sh000300,2022-09-19,3928.42,3928.0,3910.31,3953.65,9771957500.0,183574440600.0,-0.0011900281741712426
sh000300,2022-09-16,4013.58,3932.68,3932.68,4019.41,13719365500.0,241251840100.00003,-0.02345100220504981
sh000300,2022-09-15,4078.65,4027.12,3998.86,4088.81,12395119600.0,254367492800.0,-0.009406301040990273
sh000300,2022-09-14,4058.04,4065.36,4047.92,4089.06,9079368100.0,185484965100.00003,-0.01112838138604888
sh000300,2022-09-13,4112.01,4111.11,4097.14,4128.11,11178973700.0,218521062100.0,0.004230798355558063
sh000300,2022-09-09,4050.59,4093.79,4042.25,4099.01,11842711400.0,221442547200.0,0.013896594083731229
sh000300,2022-09-08,4059.17,4037.68,4036.02,4067.76,10088604900.0,186889048000.0,-0.004266358896961364
sh000300,2022-09-07,4032.72,4054.98,4028.37,4067.54,10767805900.0,215147152200.0,0.0006662915691906246
sh000300,2022-09-06,4024.47,4052.28,4009.58,4054.00,11350626500.0,235921838100.0,0.009177099339298778
sh000300,2022-09-05,4010.41,4015.43,3982.74,4017.00,9376710900.0,201118696600.0,-0.002033000216223768
sh000300,2022-09-02,4054.84,4023.61,4004.91,4056.18,8678927800.0,184468327000.0,-0.004978064860747589
sh000300,2022-09-01,4066.19,4043.74,4041.13,4090.89,9738707100.0,210898503500.0,-0.008605387806337239
sh000300,2022-08-31,4057.14,4078.84,4046.62,4112.85,13244976500.0,292974665500.0,0.0007483211843593018
sh000300,2022-08-30,4088.53,4075.79,4048.52,4093.14,9330166200.0,192649001300.0,-0.0033573622332205844
sh000300,2022-08-29,4063.88,4089.52,4059.60,4092.95,9435443200.0,203086114700.0,-0.00438947791262434
sh000300,2022-08-26,4127.81,4107.55,4102.68,4139.79,9900049300.0,225519196800.0,-0.0021111499815364976
sh000300,2022-08-25,4093.29,4116.24,4058.75,4119.62,11132074500.0,242149581500.0,0.008284301958152218
sh000300,2022-08-24,4168.58,4082.42,4079.09,4174.16,11906967900.0,262844309300.0,-0.018903746142828304
sh000300,2022-08-23,4175.53,4161.08,4147.41,4187.39,10315351200.0,239101330799.99997,-0.004859616396422184
sh000300,2022-08-22,4135.16,4181.4,4134.20,4183.65,11244272000.0,259747163700.0,0.007306549877501345
sh000300,2022-08-19,4174.55,4151.07,4151.07,4185.66,11740297800.0,262494128200.0,-0.0069448099327769075
sh000300,2022-08-18,4205.79,4180.1,4173.54,4211.91,10105265000.0,233115491400.0,-0.008740893914099157
sh000300,2022-08-17,4182.57,4216.96,4155.17,4222.79,11286465900.0,252044325100.00003,0.009363690328016316
sh000300,2022-08-16,4190.53,4177.84,4170.52,4208.80,9390613900.0,233818584700.0,-0.0018730528850748884
sh000300,2022-08-15,4180.00,4185.68,4174.30,4219.92,10589849500.0,245539801000.0,-0.0013051310499503366
sh000300,2022-08-12,4185.42,4191.15,4175.05,4202.47,10680829500.0,219208055300.0,-0.0005699242167716001
sh000300,2022-08-11,4130.74,4193.54,4116.06,4193.81,12138505100.0,269630998400.0,0.02039058431920271
sh000300,2022-08-10,4149.21,4109.74,4092.55,4160.79,8556583900.0,217447368500.0,-0.0111998922115637
sh000300,2022-08-09,4143.67,4156.29,4131.43,4161.81,8413695900.0,214223692300.0,0.0019816444756237672
sh000300,2022-08-08,4142.11,4148.07,4135.08,4155.73,9020813800.0,224080812100.0,-0.0021265795987885916
sh000300,2022-08-05,4109.63,4156.91,4097.86,4159.49,10257100400.0,247325902000.0,0.013499807389419471
sh000300,2022-08-04,4089.44,4101.54,4064.66,4108.16,8953264400.0,216898674899.99997,0.008497705914462417
sh000300,2022-08-03,4114.83,4066.98,4058.18,4150.98,11666612400.0,268695834800.0,-0.009749161192300071
sh000300,2022-08-02,4144.38,4107.02,4071.43,4144.38,14222442500.0,281013555300.0,-0.019495401892720365
sh000300,2022-08-01,4160.65,4188.68,4129.45,4196.57,10774902900.0,251125308600.0,0.004455528644397022
sh000300,2022-07-29,4226.42,4170.1,4160.87,4243.51,11417928600.0,253198574600.0,-0.013150577304900657
sh000300,2022-07-28,4242.27,4225.67,4223.03,4267.92,10753193000.0,243871486500.0,0.00014911101433368046
sh000300,2022-07-27,4236.15,4225.04,4217.28,4242.10,7890494000.0,194245303800.0,-0.004931723653903153
sh000300,2022-07-26,4220.09,4245.98,4214.53,4259.99,8582327400.0,197601406400.0,0.00791427703292924
sh000300,2022-07-25,4233.93,4212.64,4201.92,4234.84,8363666400.0,188136426700.00003,-0.006037897896055466
sh000300,2022-07-22,4251.79,4238.23,4207.31,4275.47,10384062400.0,224295333500.0,0.000512268475894917
sh000300,2022-07-21,4270.36,4236.06,4236.05,4283.15,11715634400.0,239228146800.0,-0.011144311125636075
sh000300,2022-07-20,4291.28,4283.8,4269.97,4303.37,9449014400.0,212301881400.0,0.003386940370174285
sh000300,2022-07-19,4288.44,4269.34,4238.82,4288.44,10380573000.0,231117731800.0,-0.0054163104326292455
sh000300,2022-07-18,4262.15,4292.59,4217.51,4300.78,12260119200.0,281055128600.0,0.010370645846916604
sh000300,2022-07-15,4299.47,4248.53,4248.53,4344.86,15021445300.0,316793192700.0,-0.017014995129648547
sh000300,2022-07-14,4308.82,4322.07,4292.76,4352.10,14525092600.0,301569861000.0,0.00014115599820430091
sh000300,2022-07-13,4313.36,4321.46,4284.94,4341.47,13111317900.0,286075545400.0,0.0018174989915662465
sh000300,2022-07-12,4352.65,4313.62,4296.62,4370.34,13018783800.0,291072311900.0,-0.009415287671484585
sh000300,2022-07-11,4406.15,4354.62,4330.58,4406.15,13444857800.0,299195233400.0,-0.01674501781528992
sh000300,2022-07-08,4468.06,4428.78,4426.89,4479.49,12319573900.0,304031107300.0,-0.003305974834982739
sh000300,2022-07-07,4425.28,4443.47,4391.19,4457.34,13266090600.0,328133133700.0,0.0044078056587182335
sh000300,2022-07-06,4475.48,4423.97,4393.42,4484.36,14980023500.0,344672707700.00006,-0.014605059761133576
sh000300,2022-07-05,4505.46,4489.54,4439.45,4530.32,15496241500.0,361891850800.0,-0.001443495706211828
sh000300,2022-07-04,4447.22,4496.03,4427.82,4496.03,14634565100.0,356968521300.0,0.006561861947916858
sh000300,2022-07-01,4489.52,4466.72,4449.29,4500.99,14477959900.0,318492130200.0,-0.004078028811529966
sh000300,2022-06-30,4418.07,4485.01,4418.07,4515.00,15666628900.0,354343886800.0,0.014396022943166997
sh000300,2022-06-29,4472.73,4421.36,4414.00,4503.13,18727668800.0,395926107700.00006,-0.015401334366621389
sh000300,2022-06-28,4442.58,4490.52,4407.35,4497.89,17475648900.0,361685970700.0,0.010408931970676827
sh000300,2022-06-27,4414.33,4444.26,4414.33,4472.69,17738567600.0,381432966300.0,0.01126111264070695
sh000300,2022-06-24,4354.55,4394.77,4346.12,4400.69,16897219900.0,356054750500.0,0.01171533283608217
sh000300,2022-06-23,4277.96,4343.88,4260.90,4343.88,17088236000.0,327144780500.0,0.017154417859701843
sh000300,2022-06-22,4331.90,4270.62,4269.25,4333.18,15856585400.0,298656263300.0,-0.012703528089939575
sh000300,2022-06-21,4327.92,4325.57,4287.14,4357.34,16466761500.0,317163317700.0,-0.0011222903961040087
sh000300,2022-06-20,4322.83,4330.43,4297.89,4368.36,16566638200.0,359569296900.0,0.004963982696842173
sh000300,2022-06-17,4219.23,4309.04,4218.68,4318.77,15864909800.0,346675726800.0,0.013877451141866226
sh000300,2022-06-16,4282.08,4250.06,4241.08,4302.92,18407441600.0,337235911500.0,-0.00658217669965544
sh000300,2022-06-15,4228.29,4278.22,4228.29,4348.42,25704659000.0,459766820700.0,0.013241566820058281
sh000300,2022-06-14,4143.22,4222.31,4102.93,4224.09,17138590400.0,335418557900.0,0.007867568954611048
sh000300,2022-06-13,4194.46,4189.35,4156.71,4218.23,16847562200.0,336585670500.0,-0.011710336660383569
sh000300,2022-06-10,4145.65,4238.99,4140.22,4241.35,18479621400.0,324091440700.0,0.015164033556291479
sh000300,2022-06-09,4211.72,4175.67,4160.88,4227.45,16844915400.0,285172804200.0,-0.010460186596079057
sh000300,2022-06-08,4187.15,4219.81,4158.03,4224.81,15737405700.0,319480252800.0,0.009734083409705052
sh000300,2022-06-07,4165.69,4179.13,4155.17,4198.09,14299288100.0,285733722300.0,0.0031300331965944395
sh000300,2022-06-06,4090.53,4166.09,4063.91,4166.62,16787101100.0,324075626900.0,0.018711013627349615
sh000300,2022-06-02,4064.00,4089.57,4057.91,4091.15,11389363800.0,222657537900.0,0.0015649567249056417
sh000300,2022-06-01,4086.62,4083.18,4058.85,4094.90,11485087900.0,225416237900.0,-0.0020383622712342175
sh000300,2022-05-31,4031.76,4091.52,4020.38,4096.20,13541551300.0,267770088700.0,0.015512457123568524
sh000300,2022-05-30,4020.86,4029.02,4003.38,4040.82,11115224100.0,211144721600.0,0.006927748481743379
sh000300,2022-05-27,4022.71,4001.3,3983.38,4051.14,11276933700.0,206944426200.0,0.002068599362891499
sh000300,2022-05-26,3987.68,3993.04,3938.24,4015.75,12626368900.0,216987025400.0,0.002475409095245462
sh000300,2022-05-25,3959.77,3983.18,3946.81,3983.62,10773401500.0,188700537399.99997,0.006069484611595843
sh000300,2022-05-24,4052.87,3959.15,3959.15,4055.78,14555433600.0,247713039700.0,-0.023391827290711875
sh000300,2022-05-23,4080.97,4053.98,4029.08,4080.97,13047781000.0,225981540900.0,-0.00579262311163431
sh000300,2022-05-20,4020.82,4077.6,4020.82,4077.60,14706917300.0,265609089899.99997,0.019501950195019546
sh000300,2022-05-19,3938.30,3999.6,3933.75,3999.60,11629342000.0,210206681600.0,0.0019263961361855042
sh000300,2022-05-18,4015.01,3991.91,3964.75,4017.34,10807423300.0,201800666100.0,-0.0034898611794133005
sh000300,2022-05-17,3961.76,4005.89,3955.10,4005.89,10966145400.0,210117539700.0,0.012473019355295323
sh000300,2022-05-16,4015.00,3956.54,3947.75,4018.03,11242529400.0,199717909500.0,-0.008037908037908048
sh000300,2022-05-13,3983.82,3988.6,3957.14,4003.85,10996835700.0,195727044899.99997,0.007542804023502381
sh000300,2022-05-12,3949.95,3958.74,3935.59,3985.93,11337606600.0,202029156400.0,-0.004446210410369189
sh000300,2022-05-11,3917.93,3976.42,3916.52,4033.30,16563225600.0,309294912800.0,0.014426498837971646
sh000300,2022-05-10,3820.63,3919.87,3808.57,3932.68,13641691800.0,239060211900.0,0.01094278699348017
sh000300,2022-05-09,3883.95,3877.44,3854.94,3914.11,9293669400.0,171756502900.0,-0.00802799821941147
sh000300,2022-05-06,3928.85,3908.82,3902.05,3947.24,12300555100.0,214825174000.0,-0.02528296523124718
sh000300,2022-05-05,3995.35,4010.21,3988.93,4039.70,15417071600.0,290538230700.0,-0.001501404298547837
sh000300,2022-04-29,3939.62,4016.24,3898.57,4017.43,17945837700.0,321414877400.0,0.024260987322467287
sh000300,2022-04-28,3883.42,3921.11,3873.58,3943.43,15305658600.0,268502242500.0,0.006563916684208193
sh000300,2022-04-27,3758.08,3895.54,3757.09,3895.73,17273404600.0,296924102900.0,0.02944409796729497
sh000300,2022-04-26,3822.49,3784.12,3773.90,3871.85,15757761100.0,259626354200.00003,-0.008070963666246378
sh000300,2022-04-25,3933.45,3814.91,3814.91,3958.21,16836450200.0,272889272300.0,-0.04942129197034828
sh000300,2022-04-22,3967.20,4013.25,3953.72,4037.08,12210181100.0,206371766700.00003,0.00435954482548051
sh000300,2022-04-21,4048.73,3995.83,3978.37,4086.44,13278382800.0,227026679700.0,-0.018414116178923523
sh000300,2022-04-20,4130.54,4070.79,4060.50,4136.17,11733165800.0,216536635700.0,-0.015504607124718794
sh000300,2022-04-19,4161.93,4134.9,4115.42,4186.94,11021747100.0,208570579100.0,-0.0075557198335246545
sh000300,2022-04-18,4152.93,4166.38,4119.99,4171.74,11750461000.0,212855328200.0,-0.005340495374515086
sh000300,2022-04-15,4162.37,4188.75,4152.97,4211.32,12476226300.0,226229740300.0,-0.0006727789348620616
sh000300,2022-04-14,4172.64,4191.57,4155.55,4217.06,12479131600.0,245993822000.0,0.012520109958596315
sh000300,2022-04-13,4154.41,4139.74,4139.74,4194.04,12509748900.0,221281029600.0,-0.009624470989026301
sh000300,2022-04-12,4102.97,4179.97,4075.80,4179.97,14428568400.0,252830412800.0,0.019487472165109487
sh000300,2022-04-11,4203.79,4100.07,4089.09,4203.79,14819707100.0,265224932500.0,-0.030892721655868982
sh000300,2022-04-08,4213.21,4230.77,4175.53,4237.81,14284379300.0,229081764800.0,0.005148369010002263
sh000300,2022-04-07,4240.02,4209.1,4205.74,4278.11,13488035300.0,216996185500.0,-0.012838192802731796
sh000300,2022-04-06,4258.83,4263.84,4236.73,4277.52,15906219500.0,253690929899.99997,-0.002881089575693996
sh000300,2022-04-01,4198.82,4276.16,4190.08,4290.67,13380305300.0,244758870799.99997,0.012684128262208105
sh000300,2022-03-31,4234.72,4222.6,4214.54,4247.36,13402918500.0,238877216800.0,-0.0074046214240379715
sh000300,2022-03-30,4162.17,4254.1,4160.73,4254.10,13834602400.0,268869181200.0,0.029016917666068398
sh000300,2022-03-29,4155.42,4134.14,4124.72,4177.21,10026697200.0,199463853700.0,-0.003454285555879566
sh000300,2022-03-28,4128.84,4148.47,4091.30,4174.12,11844902100.0,213468974000.0,-0.006252140939066675
sh000300,2022-03-25,4249.07,4174.57,4173.93,4254.84,10880804600.0,217013187300.0,-0.018050906661711497
sh000300,2022-03-24,4249.53,4251.31,4216.85,4273.96,10891827200.0,219594430500.0,-0.0058949800304920474
sh000300,2022-03-23,4269.61,4276.52,4241.96,4287.58,11708907800.0,226390778400.0,0.004989084175226699
sh000300,2022-03-22,4252.57,4255.29,4236.69,4283.33,12638247000.0,226213534000.0,-0.0008124449662459954
sh000300,2022-03-21,4280.14,4258.75,4223.02,4287.82,12703636000.0,251214543299.99997,-0.0016760824210599878
sh000300,2022-03-18,4218.47,4265.9,4194.94,4283.37,14945830500.0,275791291100.0,0.006654553177431133
sh000300,2022-03-17,4237.67,4237.7,4217.80,4302.74,17940734400.0,385039197299.99994,0.01963869800388829
sh000300,2022-03-16,4053.10,4156.08,3942.86,4168.59,19602198200.0,378883588300.0,0.04324252411636098
sh000300,2022-03-15,4125.49,3983.81,3983.81,4163.42,20252469900.0,346988947400.0,-0.04573915626287506
sh000300,2022-03-14,4248.15,4174.76,4174.76,4280.36,13018723600.0,260691659500.0,-0.030595469195545455
sh000300,2022-03-11,4231.20,4306.52,4176.45,4316.04,15239992100.0,295008832400.0,0.0031867015775104424
sh000300,2022-03-10,4326.20,4292.84,4288.51,4335.67,14526638300.0,301636182200.0,0.01573225123333377
sh000300,2022-03-09,4280.98,4226.35,4068.19,4304.48,19423290000.0,341009391900.0,-0.009152738671024174
sh000300,2022-03-08,4361.64,4265.39,4252.54,4383.65,16786327700.0,315176698400.0,-0.02007682446620307
sh000300,2022-03-07,4462.52,4352.78,4338.30,4462.52,16219770600.0,306898527700.0,-0.031947567292274215
sh000300,2022-03-04,4513.36,4496.43,4481.49,4539.39,12726680600.0,249970282300.0,-0.0121275235465097
sh000300,2022-03-03,4595.02,4551.63,4544.43,4599.40,13828587700.0,242701772000.0,-0.005890446861486098
sh000300,2022-03-02,4594.02,4578.6,4558.44,4594.02,11329832500.0,215299655400.0,-0.008894536213468696
sh000300,2022-03-01,4597.86,4619.69,4583.92,4623.43,12313922000.0,260431185100.00003,0.008302685713662106
sh000300,2022-02-28,4563.74,4581.65,4530.68,4581.65,13540697800.0,248363727500.0,0.001799528580362031
sh000300,2022-02-25,4564.63,4573.42,4561.90,4611.86,14972258300.0,271727599700.0,0.0097365608965585
sh000300,2022-02-24,4592.07,4529.32,4488.48,4610.88,18440305800.0,342346666900.0,-0.02027449411103066
sh000300,2022-02-23,4582.01,4623.05,4579.29,4625.30,12295291600.0,259050146200.0,0.01069051080528638
sh000300,2022-02-22,4601.92,4574.15,4550.80,4602.07,12331723700.0,246872960700.0,-0.0129814362871713
sh000300,2022-02-21,4646.05,4634.31,4613.30,4646.67,11251651200.0,215039182300.0,-0.0036398895778329
sh000300,2022-02-18,4604.57,4651.24,4598.10,4651.34,10455022800.0,195825700500.0,0.00476759332666532
sh000300,2022-02-17,4616.90,4629.17,4606.95,4650.16,11001464300.0,227946249300.0,0.002420966697632476
sh000300,2022-02-16,4619.85,4617.99,4607.22,4643.10,10725895500.0,210190931000.0,0.003889045890306697
sh000300,2022-02-15,4553.81,4600.1,4550.54,4601.45,11502560000.0,249977008700.0,0.010635610070105939
sh000300,2022-02-14,4579.42,4551.69,4530.06,4593.63,14367389400.0,275737553500.0,-0.010803233798409195
sh000300,2022-02-11,4617.87,4601.4,4595.88,4662.60,15597458400.0,307938016700.0,-0.00828904320388979
sh000300,2022-02-10,4657.21,4639.86,4608.09,4657.21,15157666600.0,287224388100.0,-0.0026224941208842223
sh000300,2022-02-09,4608.15,4652.06,4595.28,4659.46,14833554700.0,273771960500.0,0.00939296167958048
sh000300,2022-02-08,4626.44,4608.77,4522.47,4626.44,15583070800.0,281364873800.0,-0.005463855902669068
sh000300,2022-02-07,4638.58,4634.09,4615.01,4672.65,14484972000.0,266031794000.0,0.015408313740613577
sh000300,2022-01-28,4641.81,4563.77,4559.83,4660.52,12648011200.0,263967891800.0,-0.012145337108323107
sh000300,2022-01-27,4708.10,4619.88,4616.03,4708.44,12126380400.0,250535654800.0,-0.019614583930174456
sh000300,2022-01-26,4697.10,4712.31,4648.13,4718.99,10707084200.0,226553448400.0,0.007237439750344743
sh000300,2022-01-25,4761.95,4678.45,4678.25,4781.39,13366758600.0,250555769200.00003,-0.022622912462343936
sh000300,2022-01-24,4753.94,4786.74,4746.45,4801.10,11446388000.0,246261594899.99997,0.0015546177167833353
sh000300,2022-01-21,4808.77,4779.31,4762.56,4818.31,13895258500.0,274699155300.0,-0.009163451511451148
sh000300,2022-01-20,4778.26,4823.51,4777.57,4845.00,16497131500.0,304344268000.0,0.009022295298700023
sh000300,2022-01-19,4815.81,4780.38,4755.93,4828.75,13392736000.0,275534557500.0,-0.006849699273894561
sh000300,2022-01-18,4766.78,4813.35,4747.92,4826.30,15087080200.0,282749393100.0,0.00966379151214114
sh000300,2022-01-17,4728.76,4767.28,4726.71,4775.24,11529569100.0,263788241700.00003,0.00857886953559861
sh000300,2022-01-14,4743.91,4726.73,4723.94,4764.05,14686312600.0,281828448500.0,-0.008222966394736075
sh000300,2022-01-13,4853.03,4765.92,4765.24,4853.06,14251965300.0,288799117000.0,-0.016439724449911042
sh000300,2022-01-12,4818.89,4845.58,4810.92,4852.73,14320020400.0,293153042800.0,0.009965046261075416
sh000300,2022-01-11,4840.01,4797.77,4791.89,4850.88,14692800400.0,286445756000.0,-0.009551944244886368
sh000300,2022-01-10,4812.23,4844.04,4780.82,4844.39,15621169600.0,305033816800.0,0.004493641093487266
sh000300,2022-01-07,4824.32,4822.37,4818.19,4856.65,18713941300.0,332218950700.0,0.000859236690652132
sh000300,2022-01-06,4842.16,4818.23,4786.43,4857.56,15766582600.0,321750076500.0,-0.010248309408971035
sh000300,2022-01-05,4907.93,4868.12,4851.98,4916.28,17881610000.0,363944528800.0,-0.010096039465042228
sh000300,2022-01-04,4957.98,4917.77,4874.53,4961.45,15153477600.0,336516961599.99994,-0.004574556156724974
sh000300,2021-12-31,4937.46,4940.37,4923.14,4950.36,12131373700.0,266975388700.0,0.003832157203784936
sh000300,2021-12-30,4882.16,4921.51,4878.65,4940.18,12161717800.0,268022477300.0,0.007787479420413357
sh000300,2021-12-29,4958.65,4883.48,4883.48,4958.65,11358700200.0,273225467100.0,-0.01462481537381266
sh000300,2021-12-28,4923.69,4955.96,4913.60,4959.15,13045775700.0,276316732200.0,0.007448183895335303
sh000300,2021-12-27,4918.15,4919.32,4894.16,4939.69,12410095200.0,254421525200.0,-0.00041045731447131306
sh000300,2021-12-24,4953.06,4921.34,4905.98,4964.91,14267332300.0,290483663500.0,-0.0055367628931808355
sh000300,2021-12-23,4924.29,4948.74,4906.75,4948.74,13955540600.0,263359754800.0,0.0069773830235326795
sh000300,2021-12-22,4924.58,4914.45,4903.17,4936.67,13325674000.0,244642450500.0,0.0001953804729428743
sh000300,2021-12-21,4876.51,4913.49,4872.95,4917.80,14333989800.0,259023177300.0,0.00677605615910104
sh000300,2021-12-20,4934.97,4880.42,4872.68,4971.67,16967569000.0,317536919400.0,-0.015003753965883382
sh000300,2021-12-17,5021.34,4954.76,4954.76,5022.11,14900539900.0,297943311200.0,-0.015883672014189276
sh000300,2021-12-16,5006.61,5034.73,4987.22,5034.73,14405386700.0,291474766900.0,0.005759204139115903
sh000300,2021-12-15,5036.28,5005.9,5003.78,5060.37,15052975200.0,291072568800.0,-0.008673782600946645
sh000300,2021-12-14,5066.35,5049.7,5038.86,5075.21,15910779000.0,318685538100.0,-0.006707580943388858
sh000300,2021-12-13,5090.02,5083.8,5079.73,5143.84,21180159600.0,426376532500.0,0.005673455823007156
sh000300,2021-12-10,5046.27,5055.12,5035.81,5060.06,19369515400.0,356917625400.0,-0.00464096056266472
sh000300,2021-12-09,5000.69,5078.69,4999.41,5114.50,22056877600.0,425680958800.0,0.016565484304223554
sh000300,2021-12-08,4934.41,4995.93,4915.79,4995.93,15749055900.0,329064831200.0,0.014999695252026601
sh000300,2021-12-07,4930.83,4922.1,4895.22,4934.10,17905346000.0,340617766200.0,0.006025401523110485
sh000300,2021-12-06,4909.43,4892.62,4888.69,4943.90,17361568300.0,333405791000.0,-0.0017139289372417599
sh000300,2021-12-03,4856.98,4901.02,4853.35,4901.02,14405962600.0,300052698300.0,0.0092377516391553
sh000300,2021-12-02,4839.91,4856.16,4830.32,4866.85,14808852100.0,278051726200.0,0.002541366887909291
sh000300,2021-12-01,4831.89,4843.85,4823.93,4844.52,12308678900.0,255968912399.99997,0.0024461768656238725
sh000300,2021-11-30,4857.18,4832.03,4810.22,4871.25,12963059600.0,279268234000.0,-0.003996767956598313
sh000300,2021-11-29,4820.01,4851.42,4818.71,4858.53,13362686200.0,285995221700.0,-0.001792133132241358
sh000300,2021-11-26,4886.95,4860.13,4850.81,4886.95,12036897400.0,243041335600.0,-0.007415591736036675
sh000300,2021-11-25,4917.61,4896.44,4891.73,4921.33,11598403100.0,255450994400.0,-0.00411254794921756
sh000300,2021-11-24,4914.03,4916.66,4899.61,4935.49,13715067300.0,289707337700.0,0.0006736747840068169
sh000300,2021-11-23,4905.76,4913.35,4896.88,4927.52,15430441100.0,301022146100.0,0.00019338816057334896
sh000300,2021-11-22,4895.39,4912.4,4893.27,4919.00,13809283600.0,316148811500.0,0.0045684511028492025
sh000300,2021-11-19,4832.06,4890.06,4829.57,4892.81,12719831200.0,266280681900.0,0.01084004117727333
sh000300,2021-11-18,4871.42,4837.62,4830.41,4871.42,11448056500.0,244484713800.0,-0.009851097579696044
sh000300,2021-11-17,4883.25,4885.75,4864.52,4891.52,10845922300.0,246177916900.0,0.00049761228017009
sh000300,2021-11-16,4880.90,4883.32,4876.50,4915.37,12725440600.0,284094590900.0,0.00019252905345346072
sh000300,2021-11-15,4894.41,4882.38,4863.40,4906.33,12182314900.0,272997748900.0,-0.001227400488505448
sh000300,2021-11-12,4902.93,4888.38,4875.35,4909.08,13266296900.0,271773244500.0,-0.0020964959733803523
sh000300,2021-11-11,4814.77,4898.65,4809.11,4898.65,16048486300.0,323624626100.0,0.016066572775601085
sh000300,2021-11-10,4832.80,4821.19,4754.00,4832.80,13511817900.0,301058966300.0,-0.0052715846115121145
sh000300,2021-11-09,4858.25,4846.74,4818.54,4870.79,11837552600.0,261645065400.0,-0.0002970186750492765
sh000300,2021-11-08,4841.15,4848.18,4827.69,4866.08,13739826400.0,295893824000.0,0.0012039608867595586
sh000300,2021-11-05,4858.90,4842.35,4841.74,4889.68,14778935900.0,312070841500.0,-0.005420293546174015
sh000300,2021-11-04,4841.09,4868.74,4834.74,4873.94,13259297000.0,308688054600.0,0.009879467591488389
sh000300,2021-11-03,4835.81,4821.11,4804.37,4858.71,14276382000.0,302269934700.0,-0.0038720208270919265
sh000300,2021-11-02,4886.19,4839.85,4797.90,4911.23,18543768800.0,385731879799.99994,-0.01039526120036216
sh000300,2021-11-01,4878.13,4890.69,4858.25,4908.21,17158397400.0,379730767600.0,-0.003683203735355467
sh000300,2021-10-29,4861.27,4908.77,4855.76,4908.77,15988735300.0,368731987299.99994,0.009175311565867705
sh000300,2021-10-28,4882.59,4864.14,4846.28,4898.66,15664947200.0,316631709600.0,-0.006945465235925208
sh000300,2021-10-27,4949.23,4898.16,4884.94,4949.23,14711159300.0,299460469400.0,-0.013084564082932126
sh000300,2021-10-26,4983.24,4963.1,4953.48,5002.57,14088894300.0,301786229700.0,-0.003297506586980248
sh000300,2021-10-25,4940.90,4979.52,4930.11,4981.65,14186149000.0,299408232200.0,0.003990136559853141
sh000300,2021-10-22,4934.87,4959.73,4934.87,4989.89,14392622800.0,289252612200.0,0.006434632976326959
sh000300,2021-10-21,4914.74,4928.02,4893.85,4946.18,14889815400.0,274802962500.0,0.003633268026834058
sh000300,2021-10-20,4926.77,4910.18,4898.37,4944.02,14153318300.0,279747732500.0,-0.0025473721844834207
sh000300,2021-10-19,4869.39,4922.72,4868.81,4928.14,13526649300.0,282928243800.0,0.009834289957700859
sh000300,2021-10-18,4922.51,4874.78,4844.94,4922.51,14124519900.0,302539444400.0,-0.011623828341217002
sh000300,2021-10-15,4896.56,4932.11,4881.01,4939.82,14282200100.0,300728491200.0,0.0037650525784505007
sh000300,2021-10-14,4934.26,4913.61,4903.25,4953.92,11955701300.0,249151666600.0,-0.005364253022705934
sh000300,2021-10-13,4880.14,4940.11,4869.83,4953.38,13114281300.0,280044666600.0,0.011521671471628858
sh000300,2021-10-12,4920.66,4883.84,4840.77,4925.49,16807933700.0,299424238600.0,-0.01060534541822733
sh000300,2021-10-11,4941.29,4936.19,4930.71,4983.73,16351162400.0,315186321400.0,0.0012677639078770842
sh000300,2021-10-08,4915.73,4929.94,4891.63,4937.09,16896807700.0,343635835300.0,0.013061043321729748
sh000300,2021-09-30,4843.95,4866.38,4843.95,4876.07,14611389600.0,283254685200.0,0.006712964399567145
sh000300,2021-09-29,4846.02,4833.93,4799.88,4868.07,18817136600.0,331841767700.0,-0.01021739085922313
sh000300,2021-09-28,4869.08,4883.83,4846.63,4901.31,17689088000.0,321272191500.0,0.0013244843019906138
sh000300,2021-09-27,4870.85,4877.37,4852.20,4922.56,21596703000.0,426083025400.0,0.005761501867229679
sh000300,2021-09-24,4845.64,4849.43,4838.54,4897.06,20769329000.0,361849453200.0,-0.0007768070551388284
sh000300,2021-09-23,4848.22,4853.2,4837.56,4877.34,22815106400.0,362140919600.0,0.006518353218838646
sh000300,2021-09-22,4770.73,4821.77,4765.23,4830.85,19122037600.0,311952989400.0,-0.007036742628615533
sh000300,2021-09-17,4797.11,4855.94,4786.09,4857.96,20195812700.0,360397420100.0,0.010033903945753542
sh000300,2021-09-16,4866.79,4807.7,4806.14,4879.53,21675209900.0,393517267200.0,-0.012249040539763167
sh000300,2021-09-15,4903.85,4867.32,4843.12,4903.85,18798473000.0,363256653900.0,-0.010135932123420899
sh000300,2021-09-14,4989.84,4917.16,4907.32,5000.98,24559040200.0,417245830800.0,-0.014924894724400284
sh000300,2021-09-13,5006.77,4991.66,4964.96,5029.72,24991529800.0,433329627400.0,-0.00436020999218123
sh000300,2021-09-10,4967.98,5013.52,4962.37,5042.80,28830435200.0,472762533200.0,0.008754509548270617
sh000300,2021-09-09,4952.49,4970.01,4929.95,4970.15,25653021700.0,401675689300.0,-0.00042637662329825243
sh000300,2021-09-08,4986.80,4972.13,4955.89,5013.98,26461531500.0,428591077700.00006,-0.004145945285539465
sh000300,2021-09-07,4932.98,4992.83,4915.61,5005.96,24417851900.0,417759639099.99994,0.011978766572147359
sh000300,2021-09-06,4841.06,4933.73,4837.79,4944.45,24050724500.0,452756275300.0,0.018721634668990017
sh000300,2021-09-03,4875.07,4843.06,4828.70,4886.55,26809189600.0,466430119700.0,-0.005411333200531332
sh000300,2021-09-02,4865.82,4869.41,4845.62,4892.71,26785801300.0,465954132800.0,-1.026807900672555e-05
sh000300,2021-09-01,4804.69,4869.46,4763.30,4906.40,32672108000.0,568819748400.0,0.013286554672559792
sh000300,2021-08-31,4803.09,4805.61,4740.75,4821.76,23511865800.0,460805654000.0,-0.0015914336822993036
sh000300,2021-08-30,4847.03,4813.27,4787.20,4849.16,21963575700.0,477182071700.0,-0.0028526799032118078
sh000300,2021-08-27,4794.97,4827.04,4793.59,4863.47,18331021100.0,368421410300.0,0.005296140252956771
sh000300,2021-08-26,4892.20,4801.61,4798.70,4892.20,19761738700.0,368987718500.0,-0.019711483495843396
sh000300,2021-08-25,4890.52,4898.16,4865.76,4899.77,18944801600.0,371868197500.0,0.0019986130402851465
sh000300,2021-08-24,4844.59,4888.39,4842.75,4906.20,19788316300.0,417481426200.0,0.01085841666873466
sh000300,2021-08-23,4777.73,4835.88,4764.01,4843.82,16757909300.0,389599126300.0,0.01396649801751626
sh000300,2021-08-20,4817.49,4769.27,4720.83,4835.15,17763581000.0,404938035700.0,-0.019100642926777045
sh000300,2021-08-19,4886.56,4862.14,4839.57,4893.47,20171171900.0,397424964799.99994,-0.006558730262512524
sh000300,2021-08-18,4838.47,4894.24,4818.90,4909.54,19747437800.0,395792165800.0,0.011750113697440723
sh000300,2021-08-17,4935.00,4837.4,4823.39,4967.56,18757347200.0,388457131500.0,-0.020981285430078933
sh000300,2021-08-16,4935.92,4941.07,4931.37,4973.38,16195337300.0,340735120200.00006,-0.000992725405278616
sh000300,2021-08-13,4958.76,4945.98,4921.28,4993.74,15831432100.0,352459069000.0,-0.005503332763630353
sh000300,2021-08-12,4998.07,4973.35,4962.98,5016.26,16822373300.0,361828382000.0,-0.008372313741441206
sh000300,2021-08-11,5037.08,5015.34,5009.98,5059.79,18226607400.0,373386347200.0,-0.005514410636209388
sh000300,2021-08-10,4977.82,5043.15,4941.24,5043.76,16705190200.0,410098755600.0,0.011551360328629023
sh000300,2021-08-09,4890.26,4985.56,4884.04,5002.89,18243687100.0,408897062900.0,0.01300400685961356
sh000300,2021-08-06,4943.04,4921.56,4891.80,4944.35,15417968800.0,371773603800.0,-0.005478239607813795
sh000300,2021-08-05,4946.17,4948.67,4921.94,4997.14,16738182900.0,398772206800.0,-0.006061640740331664
sh000300,2021-08-04,4927.74,4978.85,4919.66,4979.29,17546646100.0,425801406599.99994,0.008995918499693945
sh000300,2021-08-03,4909.23,4934.46,4890.85,4957.03,20353336000.0,471194128400.00006,0.00014593391625838947
sh000300,2021-08-02,4794.82,4933.74,4761.46,4938.82,22719491800.0,524659449300.0,0.025476131585456363
sh000300,2021-07-30,4825.70,4811.17,4761.04,4825.70,18234977600.0,420943935100.0,-0.008061406890750522
sh000300,2021-07-29,4845.76,4850.27,4800.01,4857.97,17332205400.0,415676120900.00006,0.018861543373777545
sh000300,2021-07-28,4714.29,4760.48,4663.90,4785.66,19263439300.0,419706155200.00006,0.0019299940437478291
sh000300,2021-07-27,4924.28,4751.31,4749.03,4940.86,23663122500.0,521146117000.0,-0.035325766958357874
sh000300,2021-07-26,5067.31,4925.3,4859.60,5067.31,22811171000.0,495153655100.0,-0.03221115964497567
sh000300,2021-07-23,5145.43,5089.23,5080.00,5145.43,21653684700.0,435521169700.0,-0.012135682049788987
sh000300,2021-07-22,5150.39,5151.75,5137.88,5171.21,18555686400.0,418221654799.99994,0.0014988219376210754
sh000300,2021-07-21,5122.78,5144.04,5122.30,5160.54,16797646900.0,390275519300.0,0.006860455784802877
sh000300,2021-07-20,5080.22,5108.99,5067.86,5114.00,12930004400.0,283543130800.0,-0.0008800251882764565
sh000300,2021-07-19,5083.73,5113.49,5047.62,5120.82,15319958900.0,340322623800.0,0.003674356251606836
sh000300,2021-07-16,5140.90,5094.77,5090.63,5140.90,16995598200.0,362594258100.0,-0.011004647226223185
sh000300,2021-07-15,5073.26,5151.46,5067.68,5153.81,18107710300.0,372484081100.0,0.01345047992461268
sh000300,2021-07-14,5130.75,5083.09,5075.13,5130.75,18835272000.0,372568110300.0,-0.011475856167713627
sh000300,2021-07-13,5128.61,5142.1,5114.94,5154.05,16648220900.0,361328491700.0,0.001829442925861846
sh000300,2021-07-12,5108.38,5132.71,5070.32,5159.41,20621203900.0,437203145900.00006,0.012480668476202661
sh000300,2021-07-09,5063.15,5069.44,5006.41,5081.41,16065322600.0,352845583800.0,-0.0036987103646434205
sh000300,2021-07-08,5149.31,5088.26,5078.93,5151.22,17390100800.0,397879869900.0,-0.010160509990292721
sh000300,2021-07-07,5052.42,5140.49,5045.41,5152.77,14854906000.0,336731403400.00006,0.011290354311345396
sh000300,2021-07-06,5089.78,5083.1,5028.51,5092.21,14065522000.0,362828901800.0,-0.000528924709828682
sh000300,2021-07-05,5073.78,5085.79,5048.00,5098.23,13121158900.0,335197786600.0,0.0009190887048524665
sh000300,2021-07-02,5186.66,5081.12,5074.36,5186.66,13042642400.0,342578961200.0,-0.028403376127702384
sh000300,2021-07-01,5241.20,5229.66,5190.88,5252.26,12724062000.0,324097400300.0,0.0010757957442897315
sh000300,2021-06-30,5189.38,5224.04,5186.63,5231.43,10375267100.0,281015504900.0,0.006454049097011083
sh000300,2021-06-29,5248.52,5190.54,5182.68,5248.52,12516299700.0,314896843000.0,-0.011657044495559599
sh000300,2021-06-28,5253.61,5251.76,5226.22,5260.64,13319378300.0,337452771700.0,0.002250012881753083
sh000300,2021-06-25,5159.80,5239.97,5157.48,5251.61,15493106100.0,368265641200.0,0.016291793784680708
sh000300,2021-06-24,5156.56,5155.97,5120.58,5160.43,12668562500.0,312607422600.0,0.001666864177767735
sh000300,2021-06-23,5127.19,5147.39,5109.76,5171.03,13635605800.0,358765666300.0,0.004925656363721664
sh000300,2021-06-22,5106.07,5122.16,5086.28,5125.82,13041675300.0,313690367100.0,0.006241172090939884
sh000300,2021-06-21,5088.09,5090.39,5058.57,5123.78,13218451600.0,331527114600.0,-0.0023674808475110387
sh000300,2021-06-18,5104.93,5102.47,5064.92,5128.03,14858580500.0,356697096100.0,0.00011368336048023231
sh000300,2021-06-17,5074.38,5101.89,5073.82,5123.37,12045251800.0,281927280700.0,0.004212192131074044
sh000300,2021-06-16,5163.25,5080.49,5076.02,5164.52,12514798500.0,298286772900.0,-0.01665905360626807
sh000300,2021-06-15,5218.56,5166.56,5137.41,5225.50,14288005800.0,330616618600.0,-0.01112791165042959
sh000300,2021-06-11,5275.75,5224.7,5213.60,5276.10,18080717300.0,365363494500.0,-0.008872287995568717
sh000300,2021-06-10,5236.47,5271.47,5229.52,5299.53,13899196700.0,301454334600.0,0.00668773692100566
sh000300,2021-06-09,5224.95,5236.45,5215.35,5253.36,12182032100.0,255075448700.0,0.0008275804071771198
sh000300,2021-06-08,5276.97,5232.12,5201.14,5319.04,13055953200.0,304042218300.0,-0.00862318881770796
sh000300,2021-06-07,5284.89,5277.63,5242.95,5286.84,12770497100.0,280463260600.0,-0.0008803016879074255
sh000300,2021-06-04,5228.28,5282.28,5221.23,5334.49,14473208700.0,292326048800.0,0.005135777473745495
sh000300,2021-06-03,5285.71,5255.29,5255.07,5314.37,14196887800.0,285448632500.0,-0.006555802773928865
sh000300,2021-06-02,5348.34,5289.97,5266.79,5352.64,13775431900.0,296176177200.0,-0.009680475056536575
sh000300,2021-06-01,5320.47,5341.68,5269.26,5343.75,14383147400.0,321845842200.0,0.0018962519483005646
sh000300,2021-05-31,5318.08,5331.57,5281.69,5331.63,14460326900.0,321450798200.0,0.0019695212822936625
sh000300,2021-05-28,5338.73,5321.09,5288.65,5360.28,16460580600.0,330711896300.0,-0.003210802082338038
sh000300,2021-05-27,5311.37,5338.23,5286.05,5378.48,14846285500.0,311893705900.0,0.0033154217859296953
sh000300,2021-05-26,5326.12,5320.59,5308.74,5344.28,16960709600.0,346444644799.99994,0.0003967298927514129
sh000300,2021-05-25,5165.04,5318.48,5161.52,5324.36,18299683900.0,404683305600.0,0.03159483201728608
sh000300,2021-05-24,5138.81,5155.59,5092.39,5155.59,12674233600.0,278513133200.0,0.004175959019506736
sh000300,2021-05-21,5199.13,5134.15,5123.12,5216.16,12476848500.0,268053627500.0,-0.010076334111649543
sh000300,2021-05-20,5167.05,5186.41,5152.04,5201.59,13845477500.0,277088462000.0,0.0027338093332327507
sh000300,2021-05-19,5173.17,5172.27,5151.64,5193.56,11872998300.0,250736278200.0,-0.002955123756650413
sh000300,2021-05-18,5190.93,5187.6,5156.79,5201.67,11840426100.0,238182265900.0,0.0005033760913715213
sh000300,2021-05-17,5115.31,5184.99,5115.31,5206.69,15388963400.0,335439913400.0,0.014558006022787895
sh000300,2021-05-14,5007.63,5110.59,4981.29,5112.98,15942618000.0,318802786800.0,0.023557121312565377
sh000300,2021-05-13,4992.35,4992.97,4975.45,5022.08,13227940600.0,237821404300.0,-0.010224896175080045
sh000300,2021-05-12,5003.82,5044.55,4995.40,5051.17,12661908600.0,228344006500.0,0.004278268625101056
sh000300,2021-05-11,4956.08,5023.06,4925.92,5033.49,15152649700.0,270931616500.0,0.0061373041530961014
sh000300,2021-05-10,5001.44,4992.42,4953.70,5019.39,17082058500.0,282656808900.0,-0.000726573993454882
sh000300,2021-05-07,5073.46,4996.05,4996.04,5093.75,17225832100.0,304638402200.0,-0.012856838012139549
sh000300,2021-05-06,5098.80,5061.12,5037.41,5132.90,15882263000.0,323258264600.0,-0.012173342780019025
sh000300,2021-04-30,5156.36,5123.49,5094.93,5163.25,16012162100.0,315075102900.0,-0.007877354928284785
sh000300,2021-04-29,5128.28,5164.17,5113.65,5170.59,14009248000.0,294112454400.0,0.008776693415428971
sh000300,2021-04-28,5073.97,5119.24,5059.26,5119.45,12062031800.0,272182521900.0,0.005641859770710855
sh000300,2021-04-27,5076.64,5090.52,5042.61,5095.98,12396183700.0,254738009800.0,0.002615594299265167
sh000300,2021-04-26,5156.59,5077.24,5072.96,5181.11,15138196700.0,325760384300.0,-0.011334936568363041
sh000300,2021-04-23,5088.83,5135.45,5086.49,5149.98,12205699100.0,264345183100.0,0.00907994120929656
sh000300,2021-04-22,5114.28,5089.24,5067.14,5119.22,12116764500.0,241488845799.99997,-0.001865163030154493
sh000300,2021-04-21,5055.24,5098.75,5047.99,5110.56,12463727700.0,242574995300.0,0.0030255519468385117
sh000300,2021-04-20,5065.78,5083.37,5058.92,5119.86,13654170000.0,276640588200.0,-0.0007175124139477962
sh000300,2021-04-19,4966.41,5087.02,4940.75,5088.21,15476982400.0,307899776700.0,0.02433258560905971
sh000300,2021-04-16,4966.90,4966.18,4917.96,4979.17,11123992400.0,213389173700.0,0.00347749127596253
sh000300,2021-04-15,4969.91,4948.97,4900.30,4969.91,10882938400.0,213820884100.0,-0.006356625567448315
sh000300,2021-04-14,4945.69,4980.63,4940.27,4987.12,12086083800.0,221036276100.0,0.008298175575548017
sh000300,2021-04-13,4949.81,4939.64,4924.20,4994.54,13291935800.0,225753230600.0,-0.0016391288969732631
sh000300,2021-04-12,5026.98,4947.75,4933.01,5045.60,15264431400.0,267218195799.99997,-0.017395051774060977
sh000300,2021-04-09,5100.04,5035.34,5022.09,5100.04,12841650900.0,221519791700.00003,-0.015036549750499284
sh000300,2021-04-08,5078.26,5112.21,5062.07,5129.13,14177104700.0,228422004700.0,0.0016595672977073317
sh000300,2021-04-07,5141.66,5103.74,5065.19,5141.66,14576374800.0,246271190300.0,-0.007120151585303769
sh000300,2021-04-06,5178.64,5140.34,5125.33,5181.15,10983421000.0,213852444100.0,-0.00411116019188007
sh000300,2021-04-02,5129.85,5161.56,5116.35,5169.83,12700225400.0,248060376200.0,0.009935861062303708
sh000300,2021-04-01,5059.94,5110.78,5056.87,5115.43,12032489000.0,211493324400.0,0.01236441141281519
sh000300,2021-03-31,5085.95,5048.36,5015.61,5085.95,14133574300.0,241058485600.0,-0.0091015618099487
sh000300,2021-03-30,5043.10,5094.73,5032.79,5106.04,13861856000.0,254928014500.0,0.009481105158038128
sh000300,2021-03-29,5052.26,5046.88,5010.39,5086.65,14338821500.0,266176600000.0,0.001764592625233652
sh000300,2021-03-26,4953.95,5037.99,4953.95,5050.83,14592669700.0,273901922399.99997,0.022661808438295905
sh000300,2021-03-25,4904.07,4926.35,4883.66,4950.76,13294518900.0,219782049500.0,-0.00047477118666405804
sh000300,2021-03-24,4985.40,4928.69,4919.89,5024.33,15938598200.0,265970020200.0,-0.01608224784149337
sh000300,2021-03-23,5057.06,5009.25,4966.53,5064.02,15801396700.0,255755377700.0,-0.009471738034268262
sh000300,2021-03-22,5008.40,5057.15,4996.54,5071.34,16740263200.0,264209098900.0,0.0099978230868627
sh000300,2021-03-19,5068.53,5007.09,4980.76,5089.92,16417484900.0,282974489200.0,-0.026193314753479857
sh000300,2021-03-18,5114.59,5141.77,5111.13,5160.46,14290151800.0,260930046800.0,0.008020216198837193
sh000300,2021-03-17,5062.77,5100.86,5020.13,5123.55,14916237600.0,263492417700.0,0.004232816732816724
sh000300,2021-03-16,5054.41,5079.36,5009.95,5084.31,16139005400.0,271755048600.0,0.008702145152257756
sh000300,2021-03-15,5116.12,5035.54,4992.40,5120.88,20415308400.0,330740513800.0,-0.021537469055918912
sh000300,2021-03-12,5153.67,5146.38,5086.82,5153.67,20102058900.0,323237751400.0,0.003541189730549732
sh000300,2021-03-11,5024.56,5128.22,5020.58,5138.41,18960076600.0,333859199700.0,0.02490401929806696
sh000300,2021-03-10,5047.06,5003.61,4981.62,5055.28,16992849000.0,309577408700.0,0.0065600482800241
sh000300,2021-03-09,5066.15,4971.0,4917.91,5094.31,23071100400.0,414415213800.0,-0.021460545430923572
sh000300,2021-03-08,5299.79,5080.02,5079.80,5326.26,23023163500.0,407133802100.0,-0.034730561678194105
sh000300,2021-03-05,5191.97,5262.8,5174.25,5307.82,20262795600.0,352539774300.0,-0.0033915893885481108
sh000300,2021-03-04,5388.48,5280.71,5254.78,5392.37,21277521100.0,384382457000.0,-0.03145513470684369
sh000300,2021-03-03,5327.35,5452.21,5316.48,5452.40,19470905400.0,337610313600.0,0.01917515790811697
sh000300,2021-03-02,5453.28,5349.63,5305.05,5454.97,19651111500.0,376444604700.0,-0.012761175024636473
sh000300,2021-03-01,5389.25,5418.78,5345.94,5421.56,17746352300.0,358146546000.0,0.015368875497492773
sh000300,2021-02-26,5343.90,5336.76,5318.86,5416.32,21226454300.0,405717700100.0,-0.024279832381398192
sh000300,2021-02-25,5494.47,5469.56,5444.16,5527.63,23073602800.0,412206157100.0,0.005883142653795748
sh000300,2021-02-24,5591.48,5437.57,5379.73,5598.83,22542861000.0,472369211000.0,-0.025467455960657248
sh000300,2021-02-23,5542.68,5579.67,5541.11,5644.75,23380772700.0,424904470800.0,-0.0031550757236039617
sh000300,2021-02-22,5785.51,5597.33,5597.33,5785.51,28212438200.0,543633153200.0,-0.03140941780703399
sh000300,2021-02-19,5734.02,5778.84,5667.32,5787.89,21447578000.0,456433793700.0,0.0018133340729979963
sh000300,2021-02-18,5922.07,5768.38,5747.66,5930.91,21884868600.0,507481236000.0,-0.006773742535797211
sh000300,2021-02-10,5709.68,5807.72,5707.33,5823.42,17016978600.0,417056463400.00006,0.021362057595075923
sh000300,2021-02-09,5584.17,5686.25,5555.05,5686.25,16488726000.0,378769121200.0,0.021868755121698724
sh000300,2021-02-08,5506.14,5564.56,5479.85,5576.49,16403377500.0,367582771700.0,0.014799185178566043
sh000300,2021-02-05,5494.70,5483.41,5477.65,5550.77,18969959800.0,395400134500.0,0.0017281853140784786
sh000300,2021-02-04,5453.98,5473.95,5411.57,5510.05,18057565400.0,397995205400.0,-0.002050973528768374
sh000300,2021-02-03,5499.30,5485.2,5473.12,5532.89,18805431700.0,404343602600.0,-0.0028885184572512435
sh000300,2021-02-02,5429.70,5501.09,5411.52,5503.21,16521056500.0,380016716100.0,0.015401511725563699
sh000300,2021-02-01,5356.85,5417.65,5342.05,5422.30,16631370600.0,346859083700.0,0.012274008026965655
sh000300,2021-01-29,5413.97,5351.96,5288.10,5430.20,18217878400.0,390287690000.0,-0.0046827867602480255
sh000300,2021-01-28,5450.37,5377.14,5360.38,5462.24,17048558500.0,376166523200.0,-0.02729015918958022
sh000300,2021-01-27,5505.77,5528.0,5449.64,5534.99,16019084100.0,376892605800.0,0.0027262981659612606
sh000300,2021-01-26,5600.90,5512.97,5506.00,5600.90,17190459000.0,415008069900.0,-0.020076716341504985
sh000300,2021-01-25,5564.12,5625.92,5543.27,5655.48,19704701900.0,508166980800.0,0.010079392722872393
sh000300,2021-01-22,5562.38,5569.78,5513.88,5573.66,19930002000.0,456622193400.00006,0.0008643352974049279
sh000300,2021-01-21,5492.96,5564.97,5490.56,5593.11,20995019700.0,453183684500.0,0.016167466762105898
sh000300,2021-01-20,5439.91,5476.43,5426.54,5496.05,17091326000.0,373770384500.0,0.007155835748650086
sh000300,2021-01-19,5525.97,5437.52,5415.72,5532.48,21104342500.0,433205176500.0,-0.014677848408631289
sh000300,2021-01-18,5438.16,5518.52,5410.77,5541.46,20705186900.0,422717209200.0,0.011073491044469863
sh000300,2021-01-15,5471.39,5458.08,5390.27,5500.63,23863743500.0,475709920400.0,-0.0022630638008503956
sh000300,2021-01-14,5556.21,5470.46,5458.68,5568.02,24368338000.0,501890111900.0,-0.019274036970439057
sh000300,2021-01-13,5609.26,5577.97,5535.14,5644.72,26156988600.0,546959736400.0,-0.003284283506213903
sh000300,2021-01-12,5419.50,5596.35,5417.63,5596.35,22422018600.0,486233760700.0,0.02852149174073193
sh000300,2021-01-11,5504.24,5441.16,5412.50,5555.69,23183598300.0,522298482500.0,-0.009875478352012523
sh000300,2021-01-08,5526.29,5495.43,5442.69,5547.47,20432495600.0,473567654000.0,-0.003306333723878452
sh000300,2021-01-07,5428.39,5513.66,5413.35,5513.66,21987208000.0,473385353700.0,0.017717948859934163
sh000300,2021-01-06,5386.51,5417.67,5341.43,5433.47,19377344400.0,444434377100.0,0.009158982956132933
sh000300,2021-01-05,5245.84,5368.5,5234.38,5368.50,22493115900.0,498041939799.99994,0.019131616714631816
sh000300,2021-01-04,5212.93,5267.72,5190.94,5284.43,21171138200.0,452796175600.0,0.010828412926549902
sh000300,2020-12-31,5122.48,5211.29,5122.48,5215.62,17160250900.0,358731371800.0,0.019082036329787888
sh000300,2020-12-30,5037.98,5113.71,5036.63,5113.71,14862644800.0,296577812600.0,0.01403348046972619
sh000300,2020-12-29,5071.45,5042.94,5034.31,5077.42,14119866200.0,279035233300.0,-0.004239388201192296
sh000300,2020-12-28,5042.94,5064.41,5037.86,5089.34,13691440700.0,281019254200.0,0.004442672664274783
sh000300,2020-12-25,4985.77,5042.01,4973.68,5042.10,12100697900.0,243992268200.0,0.008397966408134394
sh000300,2020-12-24,5006.00,5000.02,4979.24,5033.04,11441866700.0,246674476200.0,-0.0014179807953472734
sh000300,2020-12-23,4977.30,5007.12,4968.15,5028.45,14029281900.0,308729037500.0,0.008530103106488163
sh000300,2020-12-22,5034.98,4964.77,4960.95,5055.13,16234497000.0,326758817700.0,-0.016261660761981656
sh000300,2020-12-21,4995.76,5046.84,4970.00,5048.51,14081178200.0,298204296800.0,0.009374056244337403
sh000300,2020-12-18,5014.32,4999.97,4979.00,5027.44,12804961800.0,258938551500.0,-0.003489799660387094
sh000300,2020-12-17,4960.73,5017.48,4950.37,5021.62,13338547900.0,270180356100.0,0.012840466140613183
sh000300,2020-12-16,4957.30,4953.87,4938.19,4968.86,10677896800.0,229696035700.0,0.0017734727305815934
sh000300,2020-12-15,4931.60,4945.1,4904.79,4954.19,11834263300.0,248093390200.0,0.0020790947629507617
sh000300,2020-12-14,4903.63,4934.84,4887.66,4937.26,12080155200.0,247878279700.0,0.0092460983755418
sh000300,2020-12-11,4957.82,4889.63,4849.35,4957.82,15935769700.0,275212730100.0,-0.010300535166338887
sh000300,2020-12-10,4931.29,4940.52,4919.77,4962.74,12591427000.0,229651278400.0,-0.00044105448439102357
sh000300,2020-12-09,5022.38,4942.7,4942.52,5033.64,13891696500.0,260772774200.00003,-0.013409502822422925
sh000300,2020-12-08,5029.11,5009.88,4998.92,5043.06,12307302900.0,234880648400.0,-0.002459066988170444
sh000300,2020-12-07,5065.73,5022.23,5014.61,5067.87,13989621700.0,264657773900.0,-0.008624297264860137
sh000300,2020-12-04,5049.52,5065.92,5017.85,5072.39,14434716700.0,257798820700.0,0.001752006106314763
sh000300,2020-12-03,5065.45,5057.06,5033.79,5072.30,17786574800.0,275335207400.0,-0.0019892878428462435
sh000300,2020-12-02,5072.98,5067.14,5043.31,5090.61,19543547600.0,310609728800.0,7.89406169210416e-06
sh000300,2020-12-01,4963.13,5067.1,4963.13,5072.55,20406563800.0,328451014400.0,0.02154125296104037
sh000300,2020-11-30,4994.11,4960.25,4960.25,5055.19,26263895000.0,396495834400.0,-0.004119844923576199
sh000300,2020-11-27,4930.59,4980.77,4917.35,4980.77,16295292200.0,253178971200.0,0.012435995682567036
sh000300,2020-11-26,4908.32,4919.59,4867.82,4925.29,13720233800.0,239748145500.0,0.0018103325391491953
sh000300,2020-11-25,4992.75,4910.7,4910.70,5004.77,17034052700.0,277070643000.0,-0.012783733960022414
sh000300,2020-11-24,4997.05,4974.29,4960.98,5001.06,15663791100.0,264804443299.99997,-0.006141821327744212
sh000300,2020-11-23,4954.60,5005.03,4940.45,5029.65,20591518700.0,333633826400.0,0.012489657697606127
sh000300,2020-11-20,4928.22,4943.29,4922.59,4947.43,12940034100.0,229053679200.00003,0.0031047140923581296
sh000300,2020-11-19,4880.92,4927.99,4870.20,4939.79,13368137800.0,247727135000.0,0.007424867172151739
sh000300,2020-11-18,4889.67,4891.67,4870.72,4911.09,16421661600.0,290727223200.0,-0.0006374124324025621
sh000300,2020-11-17,4903.12,4894.79,4865.39,4909.29,15148746400.0,288911408600.0,-0.0019126580032911011
sh000300,2020-11-16,4880.96,4904.17,4848.62,4904.17,14877098000.0,266705031700.00003,0.00974294038317014
sh000300,2020-11-13,4886.98,4856.85,4825.76,4886.98,13369307900.0,255353111700.00003,-0.010514499456041104
sh000300,2020-11-12,4916.77,4908.46,4891.51,4926.34,11811461900.0,227645907100.0,0.0007258048074374468
sh000300,2020-11-11,4937.76,4904.9,4901.71,4957.58,16447051500.0,303858558000.0,-0.009887199528450519
sh000300,2020-11-10,4995.41,4953.88,4928.93,4995.41,17626721400.0,334271460000.0,-0.005514569343651909
sh000300,2020-11-09,4918.86,4981.35,4918.86,4997.80,19713198400.0,371923282100.0,0.01957336892003636
sh000300,2020-11-06,4897.63,4885.72,4845.43,4897.63,15363903400.0,305365103700.0,0.0001248692455237954
sh000300,2020-11-05,4861.34,4885.11,4838.00,4885.11,13924459400.0,281951932400.0,0.014843175463161051
sh000300,2020-11-04,4781.45,4813.66,4770.56,4825.46,11466180600.0,230513773000.0,0.0075561583737304705
sh000300,2020-11-03,4743.17,4777.56,4734.17,4793.40,13605540800.0,252390556300.0,0.012016954645687417
sh000300,2020-11-02,4702.75,4720.83,4695.44,4738.02,14286769300.0,279027685200.0,0.005430928177572181
sh000300,2020-10-30,4776.47,4695.33,4683.47,4778.51,13980230300.0,280783321700.0,-0.01625629593624034
sh000300,2020-10-29,4683.61,4772.92,4679.25,4803.03,11711725000.0,252303505000.0,0.007525431313815778
sh000300,2020-10-28,4703.00,4737.27,4685.60,4753.31,10846340200.0,226754264100.0,0.008084217156670848
sh000300,2020-10-27,4680.14,4699.28,4671.85,4708.46,9265630400.0,186675545700.0,0.0017138325901040474
sh000300,2020-10-26,4684.05,4691.24,4639.30,4713.39,10834327500.0,205518988299.99997,-0.005775152644172166
sh000300,2020-10-23,4775.47,4718.49,4717.10,4802.46,10682518400.0,200985822000.0,-0.01245086835859499
sh000300,2020-10-22,4780.60,4777.98,4725.50,4791.81,10135089100.0,194614971200.0,-0.0030983782024399664
sh000300,2020-10-21,4801.63,4792.83,4758.86,4801.63,10380570300.0,189978697000.0,-0.00013351496932290097
sh000300,2020-10-20,4751.37,4793.47,4739.46,4793.47,9804815600.0,185849198000.0,0.00798655869321574
sh000300,2020-10-19,4823.49,4755.49,4747.34,4849.61,12924636100.0,225392198200.0,-0.007552674636035928
sh000300,2020-10-16,4798.92,4791.68,4765.97,4825.55,11671610200.0,204175130700.0,-0.001471219528459411
sh000300,2020-10-15,4810.78,4798.74,4796.26,4833.89,10996496200.0,213878285000.0,-0.001739094256412499
sh000300,2020-10-14,4830.46,4807.1,4795.91,4830.46,11190692300.0,229836207200.0,-0.006633327822780477
sh000300,2020-10-13,4812.90,4839.2,4795.37,4845.92,11651633800.0,242172567200.0,0.0033256205475249434
sh000300,2020-10-12,4705.19,4823.16,4704.16,4823.27,15578455800.0,307848558000.0,0.030338763634499166
sh000300,2020-10-09,4663.61,4681.14,4655.09,4695.40,11133751200.0,229926731500.0,0.020434232898809856
sh000300,2020-09-30,4607.58,4587.4,4563.41,4634.72,8908120000.0,165532220900.0,-0.0009582298880614903
sh000300,2020-09-29,4608.29,4591.8,4586.35,4616.68,8599385800.0,159937888500.0,0.002158488490607624
sh000300,2020-09-28,4582.65,4581.91,4571.15,4613.63,8504838900.0,159314675400.0,0.002601739160878802
sh000300,2020-09-25,4582.48,4570.02,4554.72,4599.54,9301515500.0,167457377000.0,0.0015230973883813004
sh000300,2020-09-24,4623.95,4563.07,4562.21,4631.95,11259368300.0,193515873700.0,-0.019186085251906126
sh000300,2020-09-23,4639.66,4652.33,4623.55,4665.96,9582652800.0,190393472300.0,0.003574386939789731
sh000300,2020-09-22,4654.22,4635.76,4622.11,4706.21,11967294700.0,202909215500.0,-0.011866317945701033
sh000300,2020-09-21,4750.75,4691.43,4688.72,4752.98,12453582700.0,224137912700.0,-0.009638828901287422
sh000300,2020-09-18,4636.64,4737.09,4631.70,4737.80,16042647500.0,281885944200.0,0.022531088714812686
sh000300,2020-09-17,4642.05,4632.71,4601.64,4664.95,10598363100.0,214146647300.0,-0.005292698009172536
sh000300,2020-09-16,4683.01,4657.36,4638.46,4690.68,10875364100.0,196120184899.99997,-0.00663754564379071
sh000300,2020-09-15,4649.45,4688.48,4630.54,4691.50,10191592500.0,194573684100.0,0.0080476451553948
sh000300,2020-09-14,4652.05,4651.05,4625.99,4666.99,10723517900.0,211653411800.0,0.00513692709323843
sh000300,2020-09-11,4572.26,4627.28,4563.11,4630.88,11530242400.0,198240927300.0,0.009886555593869861
sh000300,2020-09-10,4632.10,4581.98,4572.21,4647.75,15065287800.0,226146354800.0,-0.0005692984541694202
sh000300,2020-09-09,4634.25,4584.59,4558.03,4645.20,16227710700.0,244905191900.0,-0.023389620376662368
sh000300,2020-09-08,4683.83,4694.39,4639.05,4707.90,13919922700.0,249198138100.0,0.0053583245705524085
sh000300,2020-09-07,4759.52,4669.37,4655.56,4789.30,14860779100.0,282316394100.0,-0.021141582568518946
sh000300,2020-09-04,4737.24,4770.22,4726.56,4778.20,12003279600.0,238463337900.0,-0.009731996429387046
sh000300,2020-09-03,4841.50,4817.1,4800.06,4877.01,14567120100.0,279411988800.0,-0.00553067885521763
sh000300,2020-09-02,4859.08,4843.89,4797.52,4863.55,15798952400.0,280778613800.0,0.00036554236574071197
sh000300,2020-09-01,4803.39,4842.12,4791.78,4842.13,13839540200.0,262018070600.0,0.005377661319457827
sh000300,2020-08-31,4870.93,4816.22,4816.21,4901.21,20256702900.0,357005064600.0,-0.005790346120261747
sh000300,2020-08-28,4727.29,4844.27,4719.35,4850.49,15939976500.0,305047882500.0,0.023866338360087447
sh000300,2020-08-27,4718.06,4731.35,4679.36,4731.94,11904285000.0,223631511400.0,0.005358967984309793
sh000300,2020-08-26,4761.72,4706.13,4689.88,4786.42,15130518000.0,277456360600.0,-0.01172208864015789
sh000300,2020-08-25,4769.21,4761.95,4746.31,4802.41,14170135100.0,262308788299.99997,0.001282630865145018
sh000300,2020-08-24,4746.40,4755.85,4716.61,4769.47,15114351200.0,272428686400.0,0.00784302921904545
sh000300,2020-08-21,4717.79,4718.84,4684.81,4739.48,14265786400.0,251775160200.0,0.008482309821228329
sh000300,2020-08-20,4708.13,4679.15,4662.80,4721.44,15836863900.0,260486563500.0,-0.012979150670368145
sh000300,2020-08-19,4804.67,4740.68,4738.01,4809.05,19244294800.0,319403284700.0,-0.014976853198580442
sh000300,2020-08-18,4816.57,4812.76,4788.83,4825.39,18913985400.0,314395904500.0,-0.0005129557674294905
sh000300,2020-08-17,4727.12,4815.23,4721.36,4838.09,26800155600.0,416469154900.0,0.02350875626776161
sh000300,2020-08-14,4627.61,4704.63,4617.63,4708.07,14729292100.0,254343934300.0,0.014867194022059271
sh000300,2020-08-13,4666.49,4635.71,4626.10,4671.77,15255009200.0,250945872600.00003,-0.0025668941656411537
sh000300,2020-08-12,4668.89,4647.64,4566.27,4681.62,20288723900.0,347298673200.0,-0.007292098304490957
sh000300,2020-08-11,4730.38,4681.78,4674.86,4791.53,20554651100.0,350828586200.0,-0.009119827635469369
sh000300,2020-08-10,4681.76,4724.87,4646.29,4757.66,20378883200.0,371297560000.0,0.0035981843400390012
sh000300,2020-08-07,4742.29,4707.93,4637.84,4749.02,21351821600.0,397041212800.0,-0.01151223240306043
sh000300,2020-08-06,4779.24,4762.76,4691.16,4791.86,22785440600.0,404323404000.0,-0.003003908220660545
sh000300,2020-08-05,4761.76,4777.11,4711.27,4786.70,19670054800.0,347407839400.0,0.00027429959378522106
sh000300,2020-08-04,4778.49,4775.8,4747.77,4807.08,23997498500.0,426411345900.00006,0.0009410413492310088
sh000300,2020-08-03,4735.90,4771.31,4720.02,4771.37,21477623900.0,401914824900.0,0.016242638523551456
sh000300,2020-07-31,4652.18,4695.05,4621.96,4741.81,18483902600.0,351119312400.0,0.0083545418425095
sh000300,2020-07-30,4689.76,4656.15,4649.77,4704.63,16696756600.0,324009242700.0,-0.004885648887264726
sh000300,2020-07-29,4559.16,4679.01,4548.85,4680.56,18669530500.0,350432649200.0,0.02424336618318579
sh000300,2020-07-28,4567.67,4568.26,4537.69,4590.25,16276849800.0,292835785300.0,0.008791087458181135
sh000300,2020-07-27,4535.01,4528.45,4482.44,4558.12,17142055100.0,301893370200.0,0.005073697340414851
sh000300,2020-07-24,4679.03,4505.59,4479.39,4691.70,24390520300.0,437726712299.99994,-0.04389445807267567
sh000300,2020-07-23,4668.74,4712.44,4607.66,4731.40,23431456900.0,405175268700.0,-0.0004263487787546927
sh000300,2020-07-22,4682.66,4714.45,4675.35,4790.45,22419921100.0,386470859900.0,0.004990364609979814
sh000300,2020-07-21,4697.50,4691.04,4661.44,4714.29,20041565900.0,356069805800.0,0.0022947246971347646
sh000300,2020-07-20,4597.20,4680.3,4534.23,4681.94,24606891400.0,416714222299.99994,0.02983695293418709
sh000300,2020-07-17,4524.77,4544.7,4485.82,4601.37,20737556300.0,372973887000.0,0.006299474121228776
sh000300,2020-07-16,4741.53,4516.25,4513.65,4772.56,28465713300.0,511237962900.0,-0.048102317013280826
sh000300,2020-07-15,4821.52,4744.47,4723.36,4837.48,27238900600.0,486748347700.00006,-0.012944458660741454
sh000300,2020-07-14,4836.17,4806.69,4729.93,4860.44,29724198500.0,511211048200.0,-0.009534387260558552
sh000300,2020-07-13,4742.37,4852.96,4741.87,4878.08,32164544600.0,541105098700.0,0.021003002232213186
sh000300,2020-07-10,4796.09,4753.13,4734.47,4821.37,31694965100.0,510472055100.0,-0.018104557745978522
sh000300,2020-07-09,4770.08,4840.77,4757.29,4854.12,35104689300.0,556718732100.0,0.0139861751152075
sh000300,2020-07-08,4692.86,4774.0,4670.65,4803.36,34807484700.0,532849826000.0,0.016148978423330185
sh000300,2020-07-07,4739.61,4698.13,4688.06,4796.32,40600855300.0,635254742700.0,0.006004166943249567
sh000300,2020-07-06,4465.81,4670.09,4465.81,4678.11,40582102500.0,597438217700.0,0.05667707484840245
sh000300,2020-07-03,4353.19,4419.6,4348.45,4419.60,29048553900.0,442335024300.0,0.019318056016827345
sh000300,2020-07-02,4239.41,4335.84,4238.12,4340.10,25293936800.0,399571526700.0,0.02073082880940169
sh000300,2020-07-01,4172.64,4247.78,4163.50,4247.78,16999045600.0,305711799800.0,0.020129876367688482
sh000300,2020-06-30,4130.00,4163.96,4129.78,4174.42,12593352100.0,227935704500.0,0.01319797942438905
sh000300,2020-06-29,4127.93,4109.72,4092.54,4137.37,13086585400.0,226522059800.0,-0.007071773548619209
sh000300,2020-06-24,4128.10,4138.99,4123.36,4144.68,12171246500.0,224551430000.0,0.004172944279063229
sh000300,2020-06-23,4098.04,4121.79,4080.75,4124.73,12922951000.0,234806510799.99997,0.004812228032325283
sh000300,2020-06-22,4097.51,4102.05,4088.78,4126.94,15582946500.0,259200520700.0,0.0008148905387304062
sh000300,2020-06-19,4047.05,4098.71,4043.49,4109.36,15294699000.0,255549797300.0,0.013433455807812411
sh000300,2020-06-18,4009.78,4044.38,4000.90,4047.56,13814876100.0,210192918100.0,0.006668176692992578
sh000300,2020-06-17,4018.61,4017.59,3992.13,4018.61,10560579900.0,176977503600.0,0.0007522598933384916
sh000300,2020-06-16,3995.58,4014.57,3987.86,4014.57,11105153900.0,185104029200.00003,0.015064513437454963
sh000300,2020-06-15,3982.97,3954.99,3954.99,4007.14,13129786000.0,211125336100.0,-0.012013249797655834
sh000300,2020-06-12,3931.62,4003.08,3927.25,4011.06,13416664900.0,193504046700.00003,0.0018018559115888788
sh000300,2020-06-11,4031.74,3995.88,3979.75,4043.01,12730894100.0,197079441900.0,-0.010849788722457787
sh000300,2020-06-10,4046.23,4039.71,4024.42,4046.23,11226572800.0,166778642400.0,-0.0018087338122030339
sh000300,2020-06-09,4027.56,4047.03,4016.34,4052.16,11530447900.0,166533966000.0,0.006235781150934372
sh000300,2020-06-08,4023.61,4021.95,4016.10,4050.22,13792581300.0,193047518700.0,0.0051733833177132205
sh000300,2020-06-05,3988.22,4001.25,3967.93,4001.25,10244394200.0,154311343000.0,0.004786311049949976
sh000300,2020-06-04,3998.16,3982.19,3968.57,3999.81,10427773700.0,149057855800.0,-0.0003664980608236723
sh000300,2020-06-03,4001.17,3983.65,3982.93,4018.68,13659748300.0,200882767700.0,2.00824888227924e-05
sh000300,2020-06-02,3969.95,3983.57,3958.98,3991.78,14430306000.0,195563304300.0,0.003079565083825564
sh000300,2020-06-01,3901.73,3971.34,3901.73,3976.32,13645665200.0,208436512900.0,0.026976845219316203
sh000300,2020-05-29,3838.38,3867.02,3830.42,3872.30,9381383200.0,135658136000.0,0.002694061914158219
sh000300,2020-05-28,3848.49,3856.63,3818.43,3885.42,9306405400.0,139108407800.0,0.0028656051965747498
sh000300,2020-05-27,3873.70,3845.61,3838.42,3873.70,8371183100.0,123737501199.99998,-0.007013068165679814
sh000300,2020-05-26,3850.00,3872.77,3844.48,3874.75,7744807600.0,125445619300.0,0.01134666207055024
sh000300,2020-05-25,3828.32,3829.32,3800.18,3835.63,7903332600.0,127011917700.0,0.00137550143041687
sh000300,2020-05-22,3907.58,3824.06,3818.15,3907.58,10337836000.0,157286505000.0,-0.022926626109218917
sh000300,2020-05-21,3950.60,3913.79,3907.58,3951.74,9486103300.0,149154142300.0,-0.005445692998104268
sh000300,2020-05-20,3955.71,3935.22,3923.92,3955.71,10079115000.0,157102533300.0,-0.005315639810426598
sh000300,2020-05-19,3963.78,3956.25,3944.07,3966.85,9401529100.0,159886222400.0,0.008498792987858605
sh000300,2020-05-18,3914.66,3922.91,3898.40,3946.43,11280176200.0,188528121400.0,0.002578702828139212
sh000300,2020-05-15,3941.13,3912.82,3907.40,3945.20,9261838200.0,153301505100.0,-0.0031590586005370014
sh000300,2020-05-14,3952.20,3925.22,3924.05,3952.20,8853000400.0,143499177700.0,-0.010843570843570904
sh000300,2020-05-13,3946.64,3968.25,3932.57,3972.53,8819066900.0,145563383300.0,0.002022604690624874
sh000300,2020-05-12,3961.34,3960.24,3930.21,3970.11,9825055400.0,157465780100.0,1.5150826477627888e-05
sh000300,2020-05-11,3974.76,3960.18,3944.50,3998.10,12267380300.0,193758093900.0,-0.0008678934913034508
sh000300,2020-05-08,3943.00,3963.62,3935.98,3979.66,11694334100.0,190299584700.0,0.009867792473164938
sh000300,2020-05-07,3937.59,3924.89,3915.90,3941.48,10551464600.0,167207801800.0,-0.0028859955541442606
sh000300,2020-05-06,3867.26,3936.25,3865.99,3937.69,13985567500.0,214935962399.99997,0.006049716555316387
sh000300,2020-04-30,3880.41,3912.58,3880.41,3921.70,13291712500.0,202268288800.0,0.011779065587802506
sh000300,2020-04-29,3837.51,3867.03,3833.72,3880.74,9585459000.0,151282103700.0,0.004645181403686527
sh000300,2020-04-28,3835.35,3849.15,3768.20,3859.68,12209347600.0,184179759200.00003,0.006900755211535214
sh000300,2020-04-27,3808.02,3822.77,3793.77,3842.87,9546273500.0,145301151900.0,0.006794891716289664
sh000300,2020-04-24,3826.31,3796.97,3787.07,3827.21,9484413500.0,138961200300.0,-0.008559305437691789
sh000300,2020-04-23,3851.91,3829.75,3826.56,3857.47,9550845000.0,142122548800.0,-0.0025082174726127615
sh000300,2020-04-22,3789.13,3839.38,3782.21,3839.38,8589946400.0,135547280800.0,0.008227307939759232
sh000300,2020-04-21,3838.23,3808.05,3780.00,3838.23,10292188800.0,155077454100.0,-0.011784214705744978
sh000300,2020-04-20,3845.46,3853.46,3831.55,3853.80,10001311500.0,151924090100.0,0.0036385040721553796
sh000300,2020-04-17,3831.92,3839.49,3821.42,3863.45,13200430100.0,203595267000.0,0.009759676833982933
sh000300,2020-04-16,3777.80,3802.38,3774.56,3807.36,9594796500.0,147164302100.0,0.0013219710535741225
sh000300,2020-04-15,3820.85,3797.36,3793.44,3829.80,10846198400.0,169700216600.0,-0.007407794651959065
sh000300,2020-04-14,3777.83,3825.7,3764.98,3825.76,11063758500.0,170612579800.0,0.01930055471776515
sh000300,2020-04-13,3751.71,3753.26,3740.19,3769.88,7905334300.0,119874303200.0,-0.004223730360449651
sh000300,2020-04-10,3794.84,3769.18,3758.96,3824.74,10244495600.0,162251233800.0,-0.006230209264371345
sh000300,2020-04-09,3798.49,3792.81,3785.31,3801.72,10048503200.0,154595318800.0,0.003298645095414665
sh000300,2020-04-08,3776.42,3780.34,3767.29,3793.00,11138951300.0,161576772300.0,-0.004655057108703953
sh000300,2020-04-07,3779.91,3798.02,3772.21,3803.63,14277803000.0,207642820300.0,0.02283732178540454
sh000300,2020-04-03,3721.48,3713.22,3698.98,3738.83,9982508300.0,150132815000.0,-0.005706206671254543
sh000300,2020-04-02,3656.32,3734.53,3652.32,3734.53,11516820900.0,168893255700.0,0.016176518606397794
sh000300,2020-04-01,3682.30,3675.08,3670.97,3731.78,11935262000.0,170422568800.0,-0.0030058380536927
sh000300,2020-03-31,3708.14,3686.16,3676.20,3716.07,11145302500.0,161595510000.0,0.00327970583352144
sh000300,2020-03-30,3657.46,3674.11,3637.59,3690.64,12687667300.0,180640799400.0,-0.009689870244686039
sh000300,2020-03-27,3746.39,3710.06,3709.92,3758.78,12406099500.0,186103426300.0,0.003247657549248828
sh000300,2020-03-26,3692.61,3698.05,3681.27,3736.25,11231066500.0,169336311900.0,-0.006573503970428551
sh000300,2020-03-25,3711.48,3722.52,3685.99,3732.65,15349595800.0,231561518800.0,0.026870908744837996
sh000300,2020-03-24,3598.65,3625.11,3545.45,3627.76,14310302100.0,208553840700.0,0.026853165869286322
sh000300,2020-03-23,3542.68,3530.31,3523.79,3585.80,13710879000.0,197669625000.0,-0.0336442918849672
sh000300,2020-03-20,3629.51,3653.22,3588.78,3663.95,13960300000.0,211223073299.99997,0.0178680389736674
sh000300,2020-03-19,3623.79,3589.09,3503.19,3647.99,18080740700.0,271827468000.0,-0.012972119705411678
sh000300,2020-03-18,3729.69,3636.26,3636.26,3775.85,15503754700.0,244127161500.0,-0.01979146449289415
sh000300,2020-03-17,3739.78,3709.68,3618.31,3786.89,16624612900.0,250824025700.0,-0.004871453710459717
sh000300,2020-03-16,3899.86,3727.84,3720.51,3899.86,18596826000.0,282836238300.0,-0.04299272715136915
sh000300,2020-03-13,3771.01,3895.31,3765.15,3937.18,18829672200.0,280213453200.0,-0.01407270730034349
sh000300,2020-03-12,3976.11,3950.91,3926.27,3987.43,15706045800.0,233152848800.0,-0.019243228751647634
sh000300,2020-03-11,4090.93,4028.43,4028.40,4091.27,16165611100.0,244990872700.0,-0.013299924315347877
sh000300,2020-03-10,3975.23,4082.73,3954.75,4093.00,19741640200.0,296184435900.0,0.021415365524763974
sh000300,2020-03-09,4063.08,3997.13,3995.13,4063.08,20810203500.0,305428730300.0,-0.0341620534926822
sh000300,2020-03-06,4158.20,4138.51,4135.39,4181.31,17247571700.0,253168632000.0,-0.016216871536799182
sh000300,2020-03-05,4150.21,4206.73,4127.04,4215.85,23182311500.0,362838831800.0,0.022279194663491264
sh000300,2020-03-04,4078.50,4115.05,4060.73,4115.26,18242473000.0,281784863800.0,0.005790250674592379
sh000300,2020-03-03,4125.14,4091.36,4067.91,4147.65,21936977700.0,330802584600.0,0.0053296704646814685
sh000300,2020-03-02,3968.84,4069.67,3968.84,4092.54,21931355900.0,317426205500.0,0.0328980596692936
sh000300,2020-02-28,3988.73,3940.05,3928.07,4031.15,23027509300.0,330358907300.0,-0.03545514188911303
sh000300,2020-02-27,4084.08,4084.88,4067.44,4110.53,18129098100.0,282050206400.0,0.0029118442826208124
sh000300,2020-02-26,4070.10,4073.02,4061.13,4132.78,26109406100.0,366022417900.0,-0.012325860542939382
sh000300,2020-02-25,4066.30,4123.85,4020.91,4126.71,24416783100.0,372213717000.0,-0.002175259627761994
sh000300,2020-02-24,4131.84,4132.84,4097.18,4149.01,21286930300.0,326387800600.0,-0.004012541300256078
sh000300,2020-02-21,4134.87,4149.49,4130.17,4184.44,21721360400.0,326564003600.0,0.0011653549386438922
sh000300,2020-02-20,4062.90,4144.66,4055.81,4148.53,21223262400.0,310835589200.0,0.023041929647447335
sh000300,2020-02-19,4049.59,4051.31,4042.85,4085.17,16904644100.0,257554535700.0,-0.0015280307380635128
sh000300,2020-02-18,4069.83,4057.51,4027.79,4076.39,16323622000.0,242552517300.0,-0.004882989733704157
sh000300,2020-02-17,3999.65,4077.42,3999.65,4077.45,18277896900.0,273067817300.0,0.022491492653715195
sh000300,2020-02-14,3954.23,3987.73,3954.02,4001.56,14323980300.0,222895073600.0,0.007022869148871624
sh000300,2020-02-13,3985.88,3959.92,3950.14,3999.55,14500184300.0,228605964800.0,-0.006151444497707215
sh000300,2020-02-12,3945.67,3984.43,3940.67,3984.43,12671032100.0,200776706600.0,0.008088633408054768
sh000300,2020-02-11,3926.42,3952.46,3915.71,3970.52,14344167400.0,219307119400.0,0.009307943544577313
sh000300,2020-02-10,3872.37,3916.01,3861.01,3920.17,14840696900.0,229625441900.0,0.004138599491777972
sh000300,2020-02-07,3879.55,3899.87,3849.71,3899.88,15173175900.0,237508816300.0,2.3078224925532353e-05
sh000300,2020-02-06,3841.75,3899.78,3806.96,3914.92,17646223500.0,262820088500.0,0.01861027600671794
sh000300,2020-02-05,3801.10,3828.53,3781.61,3866.01,17492552400.0,264042920900.0,0.011329656280047784
sh000300,2020-02-04,3652.00,3785.64,3652.00,3786.86,21393332800.0,298165767600.0,0.02637486579401127
sh000300,2020-02-03,3639.91,3688.36,3639.91,3732.16,15755964700.0,243303105400.0,-0.07880816204200902
sh000300,2020-01-23,4093.32,4003.9,3972.39,4103.52,16035760300.0,250409357700.0,-0.030985520083834928
sh000300,2020-01-22,4093.80,4131.93,4046.49,4141.18,12675876300.0,208136150799.99997,0.004282613609572383
sh000300,2020-01-21,4165.02,4114.31,4113.33,4165.02,13052750700.0,204586880500.0,-0.01708621707044944
sh000300,2020-01-20,4170.74,4185.83,4149.49,4185.96,12240914700.0,202692287399.99997,0.007456346197816988
sh000300,2020-01-17,4162.19,4154.85,4141.65,4177.03,9872568200.0,166591591600.0,0.0014003239303550519
sh000300,2020-01-16,4174.82,4149.04,4142.18,4175.29,10026764200.0,156242505800.0,-0.004245535467860773
sh000300,2020-01-15,4186.88,4166.73,4150.88,4193.87,10463313600.0,163081930600.0,-0.005527591416481292
sh000300,2020-01-14,4215.16,4189.89,4188.08,4223.51,12932078300.0,196221263400.0,-0.0033539565983742303
sh000300,2020-01-13,4166.93,4203.99,4148.60,4203.99,11969198200.0,199795489700.0,0.00980017726791238
sh000300,2020-01-10,4177.58,4163.19,4148.48,4180.98,11303171900.0,177827413700.0,-0.00028335618592978395
sh000300,2020-01-09,4145.53,4164.37,4143.59,4165.66,13688632400.0,200150352900.0,0.012657088942494843
sh000300,2020-01-08,4139.63,4112.32,4101.98,4149.81,16758585000.0,212406263900.0,-0.011516190210637323
sh000300,2020-01-07,4137.40,4160.23,4135.10,4161.25,13948903100.0,196389059700.0,0.007490373671082073
sh000300,2020-01-06,4120.52,4129.3,4102.38,4170.64,17530995300.0,250182071300.0,-0.0037780822975371775
sh000300,2020-01-03,4161.22,4144.96,4131.86,4164.30,14282624400.0,215216288299.99997,-0.0017532705238617607
sh000300,2020-01-02,4121.35,4152.24,4121.35,4172.66,18211677200.0,270105532000.0,0.013586943255105455
sh000300,2019-12-31,4077.75,4096.58,4069.01,4098.14,12326425800.0,173119348500.0,0.0036627523807890583
sh000300,2019-12-30,4015.52,4081.63,4001.50,4083.69,15597148800.0,216814660000.0,0.01481838772957933
sh000300,2019-12-27,4029.25,4022.03,4019.72,4066.80,15092641100.0,195090417000.0,-0.0009836090005189702
sh000300,2019-12-26,3993.67,4025.99,3993.54,4025.99,10886064000.0,140814968200.0,0.008800086196744106
sh000300,2019-12-25,3988.66,3990.87,3976.36,4000.56,9493889000.0,131896467000.0,-0.0005234212213496292
sh000300,2019-12-24,3971.56,3992.96,3963.67,3994.51,9598904500.0,122499163300.0,0.0065186156134204865
sh000300,2019-12-23,4014.69,3967.1,3964.38,4032.17,12281624600.0,162048261500.0,-0.012483664198145505
sh000300,2019-12-20,4032.15,4017.25,4014.93,4046.73,12126766200.0,158460232400.0,-0.002458314192418931
sh000300,2019-12-19,4034.62,4027.15,4014.90,4038.54,11790055800.0,152553809100.0,-0.0013960592940850391
sh000300,2019-12-18,4039.72,4032.78,4025.34,4057.64,15135176400.0,197620207500.0,-0.002231678954921046
sh000300,2019-12-17,3987.74,4041.8,3984.52,4067.14,20116293700.0,251637865300.0,0.013604845080312566
sh000300,2019-12-16,3970.71,3987.55,3953.51,3987.59,14848667000.0,202154895300.0,0.00487120169748656
sh000300,2019-12-13,3928.00,3968.22,3925.28,3969.46,14857134900.0,201018885799.99997,0.01984055594676959
sh000300,2019-12-12,3908.45,3891.02,3886.12,3908.45,8470833000.0,117874313699.99998,-0.0030055729934020947
sh000300,2019-12-11,3907.16,3902.75,3890.34,3909.39,9976548000.0,127690403400.0,0.0006076331024156278
sh000300,2019-12-10,3886.44,3900.38,3882.09,3900.96,8626292800.0,121118412800.0,0.0012655790730211613
sh000300,2019-12-09,3909.53,3895.45,3885.25,3911.97,9535380600.0,130873098200.0,-0.001778397341116622
sh000300,2019-12-06,3885.06,3902.39,3878.70,3902.39,7864888700.0,116424775800.0,0.0059365462344302955
sh000300,2019-12-05,3863.61,3879.36,3859.82,3883.40,8905119300.0,129357592800.0,0.007673086014410968
sh000300,2019-12-04,3841.66,3849.82,3831.07,3852.99,7968338500.0,109646342800.0,-0.00032977676450041127
sh000300,2019-12-03,3829.21,3851.09,3811.63,3851.12,7361124000.0,108703715000.0,0.003918082616017449
sh000300,2019-12-02,3835.51,3836.06,3829.31,3854.75,7741217300.0,109992592500.0,0.00193017418581376
sh000300,2019-11-29,3857.19,3828.67,3804.83,3861.66,7414433100.0,116200556900.0,-0.008707246977189831
sh000300,2019-11-28,3877.90,3862.3,3852.01,3887.69,6523011900.0,87081788900.0,-0.003436869455725744
sh000300,2019-11-27,3883.43,3875.62,3862.70,3889.98,7643730500.0,107238822000.0,-0.00411907545642598
sh000300,2019-11-26,3893.43,3891.65,3869.59,3899.11,11151353700.0,140213633100.0,0.0034655163077812468
sh000300,2019-11-25,3850.97,3878.21,3839.42,3878.25,10606628900.0,140851076300.0,0.00732988916854338
sh000300,2019-11-22,3894.17,3849.99,3833.50,3918.84,9104263900.0,146981162100.0,-0.010183566433566438
sh000300,2019-11-21,3894.54,3889.6,3875.97,3901.83,6913053800.0,104147769300.0,-0.004672634127118269
sh000300,2019-11-20,3940.13,3907.86,3901.99,3943.23,7681533300.0,118003062700.0,-0.009926425878633016
sh000300,2019-11-19,3904.10,3947.04,3902.38,3947.04,8216102500.0,123227172600.0,0.010007855821368317
sh000300,2019-11-18,3874.44,3907.93,3868.32,3913.10,7664599300.0,107085819900.0,0.007954419422814496
sh000300,2019-11-15,3908.49,3877.09,3877.09,3915.11,8373091700.0,115423020900.0,-0.007365855407003852
sh000300,2019-11-14,3905.93,3905.86,3895.14,3916.95,8700844600.0,119791566800.0,0.001507700039487414
sh000300,2019-11-13,3905.28,3899.98,3882.43,3908.42,7674907800.0,112057146500.0,-0.0009503828428999439
sh000300,2019-11-12,3905.96,3903.69,3877.74,3914.88,7654306900.0,108828235800.0,0.00018191228240982404
sh000300,2019-11-11,3948.62,3902.98,3897.55,3948.62,9415562100.0,130330082300.0,-0.017626434365883847
sh000300,2019-11-08,4017.67,3973.01,3971.57,4022.04,9710694800.0,139026673400.0,-0.0047270960048898525
sh000300,2019-11-07,3984.55,3991.88,3975.55,4005.38,8725489800.0,117751554300.0,0.0017566400995763232
sh000300,2019-11-06,4006.33,3984.88,3973.78,4007.50,9731295200.0,139859763500.0,-0.0044793532543387915
sh000300,2019-11-05,3982.12,4002.81,3970.87,4030.64,11291188000.0,163317856100.0,0.006206449277548209
sh000300,2019-11-04,3964.01,3978.12,3964.01,3985.36,10419385500.0,154485361800.0,0.00650998509762446
sh000300,2019-11-01,3883.81,3952.39,3876.42,3956.08,10068961200.0,151471061300.0,0.016888145622949713
sh000300,2019-10-31,3906.86,3886.75,3878.88,3907.15,8671453900.0,135012425500.0,-0.0011513069132382814
sh000300,2019-10-30,3904.72,3891.23,3883.45,3908.10,7787292300.0,122610501700.0,-0.004859049211938915
sh000300,2019-10-29,3929.71,3910.23,3910.23,3932.37,8225707500.0,139611420300.0,-0.004166465049826984
sh000300,2019-10-28,3904.98,3926.59,3897.82,3927.80,9740602000.0,150762201700.0,0.007647319973619338
sh000300,2019-10-25,3871.77,3896.79,3849.03,3899.72,7745362000.0,126677484000.0,0.0067481857146178825
sh000300,2019-10-24,3877.92,3870.67,3852.58,3890.20,7133457500.0,105096951600.0,-0.00010591359517242438
sh000300,2019-10-23,3892.68,3871.08,3862.20,3901.42,7019862500.0,99733598400.0,-0.006365699148844439
sh000300,2019-10-22,3896.31,3895.88,3870.55,3897.44,6891856600.0,102843371199.99998,0.0038754496449222575
sh000300,2019-10-21,3865.34,3880.84,3856.04,3884.74,7418291800.0,110858235800.0,0.0029617147966858326
sh000300,2019-10-18,3935.42,3869.38,3864.97,3940.54,8232114000.0,122186927100.00002,-0.014225954214031278
sh000300,2019-10-17,3929.39,3925.22,3913.92,3935.81,6486374500.0,99991850399.99998,0.0006449655720945913
sh000300,2019-10-16,3939.28,3922.69,3919.02,3964.05,8322970700.0,128558533500.0,-0.003444903143855149
sh000300,2019-10-15,3953.16,3936.25,3928.15,3953.16,8527394900.0,125117107000.0,-0.004297740587467458
sh000300,2019-10-14,3944.86,3953.24,3934.73,3983.81,12239361100.0,167857131200.0,0.010611673096047047
sh000300,2019-10-11,3885.52,3911.73,3868.84,3922.37,9341257700.0,139817298300.0,0.009572502219561185
sh000300,2019-10-10,3838.49,3874.64,3829.43,3877.14,7922269400.0,127474042899.99998,0.008170189735743794
sh000300,2019-10-09,3822.61,3843.24,3805.07,3845.34,7585451200.0,112406207000.0,0.0014487919784869074
sh000300,2019-10-08,3818.59,3837.68,3818.59,3861.64,7665786000.0,118365682500.0,0.006068899707172282
sh000300,2019-09-30,3842.07,3814.53,3813.55,3857.23,6593131300.0,100487271100.0,-0.009894488209414298
sh000300,2019-09-27,3843.46,3852.65,3832.25,3859.50,7400394700.0,109130484000.0,0.002996506245541708
sh000300,2019-09-26,3884.70,3841.14,3840.25,3890.75,10269830100.0,150806750000.0,-0.007708642255966236
sh000300,2019-09-25,3887.55,3870.98,3867.23,3889.84,8952083500.0,133224463600.0,-0.007715812031539926
sh000300,2019-09-24,3895.87,3901.08,3886.14,3927.01,8778323000.0,142341399700.0,0.0026782088386032576
sh000300,2019-09-23,3925.19,3890.66,3868.21,3925.19,9403622500.0,139223506500.0,-0.011431402690788128
sh000300,2019-09-20,3933.46,3935.65,3921.41,3942.22,10345595500.0,153162588500.0,0.0028717912128795042
sh000300,2019-09-19,3923.96,3924.38,3897.07,3924.38,8598423800.0,127421791199.99998,0.0036572141746460396
sh000300,2019-09-18,3902.99,3910.08,3902.51,3923.15,8205615200.0,130159557700.0,0.004846808969937388
sh000300,2019-09-17,3947.16,3891.22,3879.49,3947.16,11369431700.0,154899299900.0,-0.016802603519197934
sh000300,2019-09-16,3981.36,3957.72,3943.37,3982.20,11025980500.0,154736552300.0,-0.003690482783620941
sh000300,2019-09-12,3944.69,3972.38,3933.44,3975.93,11024127300.0,156750653100.0,0.010757995979746138
sh000300,2019-09-11,3969.68,3930.1,3922.95,3971.22,13159487500.0,190165007500.0,-0.007365012653879788
sh000300,2019-09-10,3976.87,3959.26,3938.74,3976.92,13088938600.0,184494349899.99997,-0.003445802237631912
sh000300,2019-09-09,3980.96,3972.95,3954.88,3985.24,14680975400.0,209545387200.0,0.006189676612190276
sh000300,2019-09-06,3946.69,3948.51,3922.34,3948.54,12188237600.0,181718270000.0,0.0059077985998594595
sh000300,2019-09-05,3909.21,3925.32,3909.21,3970.00,18165623100.0,244681225500.0,0.010118373648996482
sh000300,2019-09-04,3848.65,3886.0,3846.42,3886.00,12662861500.0,176839744800.0,0.00840510586177623
sh000300,2019-09-03,3852.58,3853.61,3833.76,3856.68,9771463100.0,146270633800.0,0.001374625810743435
sh000300,2019-09-02,3803.69,3848.32,3799.82,3855.78,11028934900.0,164994458600.0,0.012825067967859649
sh000300,2019-08-30,3816.68,3799.59,3778.92,3828.97,9669515000.0,152408668700.0,0.002480086750268562
sh000300,2019-08-29,3805.49,3790.19,3774.40,3808.60,8408338700.0,126475676600.0,-0.003258314092011161
sh000300,2019-08-28,3818.81,3802.58,3790.14,3822.59,8875081200.0,137667277200.0,-0.0037647860202517647
sh000300,2019-08-27,3791.46,3816.95,3790.87,3848.24,12473147800.0,181748784100.0,0.013553165104848386
sh000300,2019-08-26,3756.36,3765.91,3753.16,3778.87,9385926900.0,142350985500.0,-0.014381579016242485
sh000300,2019-08-23,3796.88,3820.86,3788.03,3829.36,8795458300.0,137802154000.0,0.007209681798650891
sh000300,2019-08-22,3793.86,3793.51,3771.20,3797.33,8580779200.0,120708136100.0,0.0031070189541377857
sh000300,2019-08-21,3778.31,3781.76,3775.45,3792.60,8229988000.0,121688505100.0,-0.0015761419108542007
sh000300,2019-08-20,3786.03,3787.73,3778.73,3799.90,10860208800.0,149115340700.0,-0.0008862886399426673
sh000300,2019-08-19,3736.03,3791.09,3720.69,3791.09,13932701300.0,195448939500.0,0.021708430578837534
sh000300,2019-08-16,3697.94,3710.54,3687.08,3738.10,8831916900.0,132696910300.0,0.004477531131564794
sh000300,2019-08-15,3618.01,3694.0,3612.11,3694.30,8859883200.0,119241082600.0,0.0031501194872909366
sh000300,2019-08-14,3712.07,3682.4,3680.61,3717.56,9120259000.0,128301671100.0,0.004542044602059647
sh000300,2019-08-13,3675.59,3665.75,3658.01,3686.43,7650030200.0,103764319400.0,-0.009015706523208378
sh000300,2019-08-12,3647.87,3699.1,3643.32,3699.10,8208305600.0,121129345200.0,0.01804581219915602
sh000300,2019-08-09,3686.75,3633.53,3628.12,3689.18,8529558000.0,116355690000.0,-0.009745754628279535
sh000300,2019-08-08,3651.36,3669.29,3646.94,3675.46,8845770700.0,114981616100.0,0.013215773879379222
sh000300,2019-08-07,3654.63,3621.43,3621.43,3659.08,8423871600.0,108667668000.0,-0.0040975379022256675
sh000300,2019-08-06,3609.11,3636.33,3575.86,3649.90,12983387100.0,167267479600.0,-0.010708193563657487
sh000300,2019-08-05,3724.41,3675.69,3675.69,3739.50,10132598100.0,133061101400.0,-0.01914640394509315
sh000300,2019-08-02,3729.13,3747.44,3720.06,3754.53,10833589700.0,141874787600.0,-0.014731284853041982
sh000300,2019-08-01,3819.32,3803.47,3791.55,3831.26,8411418000.0,117649163900.0,-0.008314734470818985
sh000300,2019-07-31,3856.75,3835.36,3830.09,3856.75,8215115500.0,111083892800.0,-0.00903284482936817
sh000300,2019-07-30,3861.57,3870.32,3861.57,3890.73,9412395500.0,120480280000.0,0.004164212678406054
sh000300,2019-07-29,3857.94,3854.27,3842.43,3862.75,8481437000.0,111679108800.00002,-0.0011144024858951163
sh000300,2019-07-26,3835.23,3858.57,3832.52,3863.59,8325930000.0,110929728699.99998,0.0019475106918336316
sh000300,2019-07-25,3821.39,3851.07,3812.95,3851.07,9374041700.0,125899502600.0,0.008178374430275692
sh000300,2019-07-24,3803.59,3819.83,3803.57,3840.06,9094068400.0,129940587200.0,0.00789464657472072
sh000300,2019-07-23,3783.54,3789.91,3768.76,3792.96,7131334600.0,103866608800.00002,0.002176281441052641
sh000300,2019-07-22,3813.50,3781.68,3765.44,3816.54,9210137700.0,117810448100.0,-0.00690133299719542
sh000300,2019-07-19,3787.51,3807.96,3787.51,3828.15,8808614900.0,117797528200.0,0.01049782401019006
sh000300,2019-07-18,3793.19,3768.4,3768.00,3793.39,8749644500.0,111669365500.0,-0.00952521132091333
sh000300,2019-07-17,3800.11,3804.64,3787.90,3820.27,9518388500.0,116766781100.0,-0.0005805324612212504
sh000300,2019-07-16,3819.25,3806.85,3799.87,3828.33,8073095200.0,108449682800.0,-0.004534293536670564
sh000300,2019-07-15,3792.64,3824.19,3745.86,3844.87,10120522200.0,142493046600.0,0.004059095814090252
sh000300,2019-07-12,3783.07,3808.73,3774.52,3820.24,7546596700.0,107007924000.0,0.006210999624856717
sh000300,2019-07-11,3806.19,3785.22,3774.41,3830.74,7531196500.0,113674616199.99998,-0.0004014006770995948
sh000300,2019-07-10,3807.95,3786.74,3774.23,3810.40,7283394800.0,101355477000.0,-0.0016846245712645036
sh000300,2019-07-09,3798.10,3793.13,3774.76,3811.10,7484273200.0,113147603000.0,-0.002540240192069443
sh000300,2019-07-08,3875.75,3802.79,3775.03,3875.75,10953908600.0,147198419400.0,-0.023222541867872204
sh000300,2019-07-05,3875.37,3893.2,3857.93,3900.31,7400652700.0,116236522100.00002,0.005189641372543852
sh000300,2019-07-04,3895.20,3873.1,3854.69,3906.89,9934225600.0,142669255200.0,-0.005247166453064556
sh000300,2019-07-03,3927.44,3893.53,3878.84,3927.44,11199260300.0,163145730900.0,-0.011084103556615488
sh000300,2019-07-02,3931.05,3937.17,3918.94,3942.43,13186349600.0,173997045100.00003,0.0003455451355629524
sh000300,2019-07-01,3899.33,3935.81,3886.91,3936.67,15837034000.0,217470251100.0,0.028811242187479547
sh000300,2019-06-28,3832.06,3825.59,3803.05,3835.23,8476613900.0,116512050700.0,-0.002406892631205637
sh000300,2019-06-27,3807.54,3834.82,3805.83,3854.08,10531635800.0,156483418200.0,0.010671185690227292
sh000300,2019-06-26,3779.51,3794.33,3771.72,3809.76,8182028300.0,112106859000.0,-0.0018362090963378597
sh000300,2019-06-25,3837.43,3801.31,3755.01,3838.06,12407591200.0,169358793299.99997,-0.010402809487487175
sh000300,2019-06-24,3836.31,3841.27,3819.77,3853.55,10008462100.0,143644731700.0,0.001911871338622806
sh000300,2019-06-21,3832.73,3833.94,3817.31,3856.09,15363515500.0,199961617600.00003,0.001415690658531199
sh000300,2019-06-20,3718.94,3828.52,3717.19,3845.79,16887207300.0,227726982000.0,0.030296506402148538
sh000300,2019-06-19,3761.34,3715.94,3715.13,3771.35,12559571500.0,172574177800.0,0.013174756381522768
sh000300,2019-06-18,3661.13,3667.62,3638.78,3675.65,7069226600.0,89472839800.0,0.003502224459754455
sh000300,2019-06-17,3654.44,3654.82,3645.50,3683.77,7297667800.0,93092581300.00002,-1.6416407652264375e-05
sh000300,2019-06-14,3690.48,3654.88,3650.91,3709.65,10181700400.0,116584260600.0,-0.008278635368305642
sh000300,2019-06-13,3689.58,3685.39,3654.27,3697.59,9633171800.0,110459901900.0,-0.001546964319579569
sh000300,2019-06-12,3706.86,3691.1,3683.94,3711.88,11917885300.0,132296097899.99998,-0.00757673528209768
sh000300,2019-06-11,3617.52,3719.28,3617.52,3723.14,14348280600.0,180899072300.0,0.03006032004519854
sh000300,2019-06-10,3578.01,3610.74,3568.28,3623.73,9237506100.0,117346608900.0,0.012921215929620589
sh000300,2019-06-06,3601.04,3564.68,3557.02,3601.04,8553440300.0,104367267700.0,-0.009015570833252329
sh000300,2019-06-05,3627.79,3597.11,3593.95,3634.45,8864202000.0,114634228200.0,-0.00037793840159838776
sh000300,2019-06-04,3632.56,3598.47,3584.46,3636.13,8709709400.0,109467236500.0,-0.00923455607225765
sh000300,2019-06-03,3640.61,3632.01,3613.13,3672.81,10072318000.0,123902446400.0,0.0006116056300777828
sh000300,2019-05-31,3641.00,3629.79,3627.54,3668.18,8922226700.0,108264201300.00002,-0.003128106822513521
sh000300,2019-05-30,3648.85,3641.18,3612.62,3650.97,9420256100.0,112864079300.0,-0.006203755004899114
sh000300,2019-05-29,3642.54,3663.91,3637.35,3693.23,9335544100.0,120002034200.0,-0.0022738041424082978
sh000300,2019-05-28,3633.02,3672.26,3627.79,3683.23,11788624000.0,148966334700.0,0.009639282964918117
sh000300,2019-05-27,3592.60,3637.2,3556.26,3648.03,10883087100.0,133399053900.0,0.012045376762356286
sh000300,2019-05-24,3584.90,3593.91,3580.79,3623.39,8093404800.0,101337496400.0,0.0027762586636010944
sh000300,2019-05-23,3629.53,3583.96,3578.11,3631.47,9989778100.0,125611969500.0,-0.01792633269212851
sh000300,2019-05-22,3663.15,3649.38,3634.75,3679.27,9834612800.0,121775244200.0,-0.004745307872302207
sh000300,2019-05-21,3619.44,3666.78,3610.68,3690.09,11102292000.0,133071381100.0,0.013541416168434406
sh000300,2019-05-20,3635.74,3617.79,3583.83,3644.50,10896347700.0,134194262600.0,-0.008487815038533686
sh000300,2019-05-17,3744.88,3648.76,3637.58,3745.36,12845324500.0,154092349700.0,-0.025427622089979507
sh000300,2019-05-16,3720.04,3743.96,3707.90,3745.14,11625827400.0,139851940100.0,0.004526319461027217
sh000300,2019-05-15,3674.99,3727.09,3674.99,3741.04,11016176900.0,152534546800.0,0.022479184670040953
sh000300,2019-05-14,3630.44,3645.15,3630.44,3683.26,10231346000.0,135262868900.0,-0.006427292278254337
sh000300,2019-05-13,3675.76,3668.73,3658.00,3702.90,10339186000.0,135053926700.0,-0.01654492085405246
sh000300,2019-05-10,3643.06,3730.45,3589.29,3732.92,14800384700.0,195067170799.99997,0.03632247131705424
sh000300,2019-05-09,3637.35,3599.7,3584.82,3656.90,10103739400.0,141829095800.0,-0.018476002464921315
sh000300,2019-05-08,3648.55,3667.46,3642.50,3722.93,11286735500.0,145058486400.0,-0.014301187689313988
sh000300,2019-05-07,3702.27,3720.67,3671.83,3738.18,13284765400.0,183659159200.00003,0.009783912588001042
sh000300,2019-05-06,3775.08,3684.62,3647.14,3791.61,19747288200.0,254115400100.00003,-0.05841495856343004
sh000300,2019-04-30,3887.18,3913.21,3885.15,3923.11,11623337600.0,161665923900.0,0.003302284678476042
sh000300,2019-04-29,3896.58,3900.33,3875.45,3953.23,15387092700.0,203946553200.0,0.0028437213153111873
sh000300,2019-04-26,3921.89,3889.27,3887.25,3943.83,14200806800.0,186572137100.0,-0.013331405289942255
sh000300,2019-04-25,4013.60,3941.82,3938.33,4022.56,15972207100.0,197530997800.0,-0.021902736663449218
sh000300,2019-04-24,4033.63,4030.09,3967.81,4044.34,14549869500.0,186497961700.00003,0.0027568978430010382
sh000300,2019-04-23,4021.63,4019.01,4005.28,4061.09,15561165000.0,204121505799.99997,-0.0016395030815204992
sh000300,2019-04-22,4125.97,4025.61,4015.47,4126.09,18935374500.0,244380549200.00003,-0.023054838968016744
sh000300,2019-04-19,4076.30,4120.61,4046.20,4120.64,15079491000.0,194701690799.99997,0.011917742284041521
sh000300,2019-04-18,4085.11,4072.08,4056.24,4094.05,14656212300.0,187812687800.0,-0.0037091044323308564
sh000300,2019-04-17,4080.72,4087.24,4057.50,4106.62,18036711700.0,228824429899.99997,0.0003548885282895764
sh000300,2019-04-16,3958.10,4085.79,3943.49,4085.79,20204196600.0,250569206700.00003,0.027737251982130617
sh000300,2019-04-15,4056.49,3975.52,3974.23,4085.39,18264557100.0,236298721400.0,-0.0032843439585621415
sh000300,2019-04-12,3986.78,3988.62,3961.46,4006.93,13586211800.0,178795939100.0,-0.0022413560203923266
sh000300,2019-04-11,4083.46,3997.58,3990.24,4097.13,16904964100.0,236259156700.00003,-0.021603827844879242
sh000300,2019-04-10,4062.44,4085.85,4035.47,4115.38,19468761300.0,278282025100.0,0.002556785418961871
sh000300,2019-04-09,4063.81,4075.43,4038.28,4084.24,18295680800.0,243187913100.0,0.00448581914261692
sh000300,2019-04-08,4097.10,4057.23,4017.49,4122.60,26750557600.0,324670452500.0,-0.0012308510350226287
sh000300,2019-04-04,4039.74,4062.23,4021.71,4072.11,26041093900.0,313539431400.0,0.009962308809197129
sh000300,2019-04-03,3947.87,4022.16,3939.78,4026.50,23191736800.0,284826495400.0,0.012809439753833196
sh000300,2019-04-02,3986.34,3971.29,3956.51,3988.10,22600034100.0,281892057000.0,-0.0006643297692712213
sh000300,2019-04-01,3901.17,3973.93,3901.17,3982.91,27138270400.0,340799403600.0,0.026234783102723425
sh000300,2019-03-29,3739.77,3872.34,3739.77,3876.38,21563910300.0,283022298600.0,0.038606372706791126
sh000300,2019-03-28,3731.06,3728.4,3710.08,3755.72,13327212900.0,172604392900.0,-0.004004391741175728
sh000300,2019-03-27,3724.41,3743.39,3703.45,3750.26,13875845400.0,177507528400.0,0.011606727848580078
sh000300,2019-03-26,3766.53,3700.44,3687.55,3770.84,17304657900.0,196547811200.0,-0.011325654651693995
sh000300,2019-03-25,3776.44,3742.83,3741.61,3807.18,19858632900.0,223396564400.0,-0.023728415671135705
sh000300,2019-03-22,3838.13,3833.8,3786.59,3845.58,17135699300.0,198518386300.0,-0.0008053397413008145
sh000300,2019-03-21,3840.28,3836.89,3823.47,3864.07,19631031000.0,231993445600.0,0.00037805310472838194
sh000300,2019-03-20,3825.34,3835.44,3790.51,3855.15,17563209000.0,215406993600.0,0.00038602385001418327
sh000300,2019-03-19,3856.59,3833.96,3815.22,3868.34,18172711000.0,224096889600.0,-0.004618679820860616
sh000300,2019-03-18,3753.64,3851.75,3733.68,3851.75,21692806000.0,276473448900.0,0.02850467289719627
sh000300,2019-03-15,3713.94,3745.0,3713.94,3782.24,17517454400.0,224194362900.0,0.012575402393949942
sh000300,2019-03-14,3710.29,3698.49,3673.85,3747.82,19081723700.0,231820149400.0,-0.006900829442106904
sh000300,2019-03-13,3758.71,3724.19,3708.81,3763.09,23368224800.0,286171048200.0,-0.008297495572982538
sh000300,2019-03-12,3758.32,3755.35,3723.68,3804.72,27492638200.0,325180619800.0,0.00680974275794588
sh000300,2019-03-11,3663.98,3729.95,3650.81,3731.91,23091286500.0,268718458800.0,0.019786306793016184
sh000300,2019-03-08,3721.40,3657.58,3656.19,3774.54,31799007700.0,349296691200.0,-0.0397153996613151
sh000300,2019-03-07,3841.15,3808.85,3778.80,3845.18,32984654800.0,359339152900.0,-0.01019726669594534
sh000300,2019-03-06,3822.86,3848.09,3787.52,3855.16,31807737100.0,331155616600.0,0.008406686565286758
sh000300,2019-03-05,3785.38,3816.01,3770.79,3816.16,23085316600.0,261464122200.0,0.005774755541498644
sh000300,2019-03-04,3783.04,3794.1,3764.78,3886.58,32349012600.0,376397284700.0,0.011838248824575626
sh000300,2019-03-01,3699.22,3749.71,3668.77,3749.71,20471100400.0,235620623500.0,0.021894766676568533
sh000300,2019-02-28,3675.26,3669.37,3650.05,3695.46,18481022000.0,206010958200.0,-0.002452159776423879
sh000300,2019-02-27,3682.81,3678.39,3638.33,3737.63,28623600700.0,307306148100.0,-0.0017097774846731584
sh000300,2019-02-26,3734.71,3684.69,3679.27,3762.11,35803869800.0,387632860100.0,-0.012009717172367207
sh000300,2019-02-25,3575.85,3729.48,3574.69,3729.48,34255712200.0,376382393400.00006,0.05947524516209679
sh000300,2019-02-22,3439.38,3520.12,3417.98,3520.12,18723797400.0,202869288700.0,0.022485193350587185
sh000300,2019-02-21,3450.14,3442.71,3431.63,3500.25,18014328700.0,185197154800.0,-0.0026709695735428474
sh000300,2019-02-20,3449.93,3451.93,3421.50,3463.77,14739031100.0,145570263100.0,0.0035818014251614017
sh000300,2019-02-19,3454.72,3439.61,3419.07,3480.79,17908378500.0,185762746600.0,-0.0017790082826909526
sh000300,2019-02-18,3366.42,3445.74,3366.42,3445.74,18288608900.0,180449742500.0,0.032060382783718255
sh000300,2019-02-15,3391.24,3338.7,3335.87,3395.03,14366860300.0,141555060900.0,-0.018647086833581183
sh000300,2019-02-14,3392.85,3402.14,3381.98,3415.40,15112729000.0,138649288000.0,0.001504255187619652
sh000300,2019-02-13,3337.78,3397.03,3329.14,3405.58,16382833200.0,168866262100.0,0.020024982434226013
sh000300,2019-02-12,3306.35,3330.34,3298.63,3335.36,12223246200.0,122834101000.0,0.0072191793665148385
sh000300,2019-02-11,3239.81,3306.47,3239.81,3307.06,9881843400.0,114752354800.0,0.0181899365646363
sh000300,2019-02-01,3225.73,3247.4,3207.72,3247.50,8201964100.0,94766412800.0,0.014295843054943802
sh000300,2019-01-31,3182.70,3201.63,3178.01,3216.07,8624783900.0,97509924800.0,0.010462429934858353
sh000300,2019-01-30,3181.66,3168.48,3167.89,3202.90,6374651700.0,73005123400.0,-0.00798066356290128
sh000300,2019-01-29,3177.26,3193.97,3148.23,3200.99,7765833400.0,85943908600.0,0.003200598031270818
sh000300,2019-01-28,3203.12,3183.78,3174.72,3228.87,8262243100.0,97371496100.0,-0.00021667655842250166
sh000300,2019-01-25,3165.18,3184.47,3164.41,3203.17,8396772900.0,93207954700.0,0.00813288674741508
sh000300,2019-01-24,3146.60,3158.78,3125.30,3165.63,7293463600.0,80963877200.0,0.005644609286703517
sh000300,2019-01-23,3136.10,3141.05,3131.87,3157.63,5987047800.0,62669652000.0,-0.0007221663718616211
sh000300,2019-01-22,3181.95,3143.32,3135.34,3181.95,7299052800.0,78150876300.0,-0.013284614708504283
sh000300,2019-01-21,3170.88,3185.64,3170.88,3199.21,9391502200.0,105536986600.0,0.005514224299832282
sh000300,2019-01-18,3124.50,3168.17,3120.35,3171.69,10396383400.0,106780658500.0,0.018239260530561685
sh000300,2019-01-17,3132.63,3111.42,3110.06,3141.71,8017487100.0,82888207000.0,-0.005507167628210241
sh000300,2019-01-16,3126.13,3128.65,3117.29,3135.01,8021434100.0,85781591800.0,0.0002109981170017594
sh000300,2019-01-15,3071.52,3127.99,3064.67,3129.37,8877296200.0,99976891100.0,0.019626570353806105
sh000300,2019-01-14,3092.50,3067.78,3064.38,3097.41,6612170200.0,68115969100.0,-0.008724368129560123
sh000300,2019-01-11,3082.26,3094.78,3071.03,3102.83,7178642400.0,77420239600.0,0.007189140459987975
sh000300,2019-01-10,3077.48,3072.69,3062.57,3092.54,8527175600.0,90206871700.0,-0.0018807983160520347
sh000300,2019-01-09,3065.23,3078.48,3062.85,3117.96,10736435000.0,117129678900.0,0.010099419234176565
sh000300,2019-01-08,3049.87,3047.7,3038.53,3055.51,8617058500.0,79628882700.0,-0.002160887928494337
sh000300,2019-01-07,3055.15,3054.3,3035.91,3061.75,10116435900.0,105703940800.0,0.006070747429896661
sh000300,2019-01-04,2940.19,3035.87,2935.83,3036.81,10331897200.0,107141037100.00002,0.02395744795671928
sh000300,2019-01-03,2963.02,2964.84,2953.25,3000.44,7086710300.0,76664797400.0,-0.0015827367201654008
sh000300,2019-01-02,3017.07,2969.54,2958.49,3018.78,6866302100.0,76105571300.0,-0.013654858585355312
sh000300,2018-12-28,2994.79,3010.65,2984.82,3024.35,7105377900.0,78145310000.0,0.006734637235789265
sh000300,2018-12-27,3042.95,2990.51,2990.51,3047.23,8054178500.0,81159270000.0,-0.0038374033570617305
sh000300,2018-12-26,3012.87,3002.03,2996.48,3029.06,5564703200.0,58574969000.0,-0.005054221020256655
sh000300,2018-12-25,3006.88,3017.28,2964.88,3030.14,7868942500.0,80413567300.0,-0.0068856559805146045
sh000300,2018-12-24,3015.50,3038.2,3007.33,3040.35,5729961500.0,63880740599.99999,0.002904865649963506
sh000300,2018-12-21,3055.33,3029.4,3007.61,3057.40,7675810100.0,84824064800.0,-0.012394781281989453
sh000300,2018-12-20,3083.54,3067.42,3044.29,3097.72,6974946300.0,78181426500.0,-0.007670334149647573
sh000300,2018-12-19,3133.74,3091.13,3086.76,3137.01,5552229900.0,67872922400.0,-0.011922913410240876
sh000300,2018-12-18,3139.95,3128.43,3114.47,3165.00,6382031900.0,72035451400.0,-0.010366316588637181
sh000300,2018-12-17,3158.28,3161.2,3134.37,3167.51,6649700700.0,77151490900.0,-0.0014877239087656147
sh000300,2018-12-14,3207.35,3165.91,3165.91,3210.72,8430125000.0,91576900500.0,-0.01670347145222062
sh000300,2018-12-13,3178.89,3219.69,3169.42,3234.08,9044275500.0,103375478600.0,0.015479671104298598
sh000300,2018-12-12,3181.57,3170.61,3160.28,3182.21,5330991400.0,60536223500.0,0.0034147514731852624
sh000300,2018-12-11,3148.23,3159.82,3143.61,3161.96,5322387700.0,60014969800.00001,0.0047889187092178265
sh000300,2018-12-10,3153.52,3144.76,3134.38,3170.15,6343727300.0,73717204700.0,-0.011566652836973002
sh000300,2018-12-07,3187.49,3181.56,3176.71,3193.82,5336192400.0,66323970700.0,-3.4573038687257807e-05
sh000300,2018-12-06,3218.11,3181.67,3179.89,3223.52,7632877100.0,95678883400.0,-0.021626691266912634
sh000300,2018-12-05,3224.26,3252.0,3219.98,3266.90,7615305200.0,90909093800.00002,-0.004807648169513179
sh000300,2018-12-04,3256.23,3267.71,3243.70,3267.94,7941503900.0,90543600300.0,0.002073015532283673
sh000300,2018-12-03,3260.69,3260.95,3228.36,3273.64,12148715700.0,145828416500.0,0.027818664918413116
sh000300,2018-11-30,3136.20,3172.69,3132.42,3175.15,7092104400.0,77297697700.0,0.011167593581183466
sh000300,2018-11-29,3198.83,3137.65,3137.65,3204.86,8049846600.0,86927611900.0,-0.012985501410851974
sh000300,2018-11-28,3137.75,3178.93,3126.62,3179.41,7488195500.0,77620553100.0,0.013288750621565537
sh000300,2018-11-27,3152.77,3137.24,3126.29,3162.01,5540783200.0,61946261100.0,-0.0012733824858972564
sh000300,2018-11-26,3148.67,3141.24,3131.64,3169.44,5937914000.0,61899479600.0,-0.0007125860511281168
sh000300,2018-11-23,3208.59,3143.48,3139.39,3212.20,8463825500.0,86864946199.99998,-0.02207234253040191
sh000300,2018-11-22,3232.97,3214.43,3199.70,3235.45,6509829100.0,70083372600.0,-0.003737807958493544
sh000300,2018-11-21,3187.10,3226.49,3185.24,3230.26,8411972600.0,87813273900.0,0.0025105564548955073
sh000300,2018-11-20,3268.08,3218.41,3213.68,3278.78,10936115400.0,114155066800.0,-0.02312572087658593
sh000300,2018-11-19,3258.79,3294.6,3251.07,3294.60,11595659500.0,123188777600.0,0.011336323200324072
sh000300,2018-11-16,3242.88,3257.67,3223.72,3282.39,12687683500.0,135379803900.0,0.004718770528965077
sh000300,2018-11-15,3201.28,3242.37,3198.78,3242.38,9855881000.0,100119192300.0,0.01167884578182421
sh000300,2018-11-14,3233.64,3204.94,3200.23,3239.24,11380865900.0,105386566000.0,-0.010020448634389556
sh000300,2018-11-13,3164.92,3237.38,3161.10,3254.77,12649346400.0,125603047300.0,0.010058842983457827
sh000300,2018-11-12,3160.25,3205.14,3152.44,3206.51,8806239100.0,97363052000.0,0.011902356477154985
sh000300,2018-11-09,3193.30,3167.44,3166.31,3193.30,8428276200.0,88194192200.0,-0.014109319994895397
sh000300,2018-11-08,3251.73,3212.77,3207.71,3253.57,7641454000.0,85221664700.0,-0.0028368266028535594
sh000300,2018-11-07,3243.88,3221.91,3218.42,3270.50,9161552800.0,101814919000.0,-0.006549188289163399
sh000300,2018-11-06,3254.98,3243.15,3213.90,3254.98,8386913800.0,91703898100.0,-0.006034620146865954
sh000300,2018-11-05,3269.47,3262.84,3230.36,3279.88,10970668300.0,123630922700.0,-0.008330673960945223
sh000300,2018-11-02,3258.61,3290.25,3222.44,3290.25,15346610400.0,178340643400.0,0.03563705725158406
sh000300,2018-11-01,3185.20,3177.03,3173.10,3217.80,13265337900.0,145919304300.0,0.007359329321267483
sh000300,2018-10-31,3116.66,3153.82,3106.03,3168.92,11120745500.0,117099697800.0,0.01400526001041702
sh000300,2018-10-30,3061.93,3110.26,3050.77,3146.63,11607010100.0,131767102700.0,0.010845366587690863
sh000300,2018-10-29,3157.49,3076.89,3062.58,3158.81,9183978900.0,108479490200.0,-0.030485499300487717
sh000300,2018-10-26,3204.28,3173.64,3151.92,3218.10,10129935400.0,106070366800.0,-0.006470881035340992
sh000300,2018-10-25,3107.84,3194.31,3099.89,3197.32,10695181700.0,113291746400.0,0.0019164418794304083
sh000300,2018-10-24,3169.46,3188.2,3164.29,3245.40,11090974400.0,120954387300.0,0.0014983838187112575
sh000300,2018-10-23,3273.13,3183.43,3163.57,3276.02,12101324100.0,142589176800.0,-0.026554382359866402
sh000300,2018-10-22,3159.56,3270.27,3159.56,3297.38,14586204500.0,170651306200.0,0.04316496275857684
sh000300,2018-10-19,3017.75,3134.95,3009.50,3137.75,9883968800.0,110951369100.0,0.029746517364726666
sh000300,2018-10-18,3097.79,3044.39,3043.38,3097.79,7377196800.0,79703731900.0,-0.023686362543093087
sh000300,2018-10-17,3140.68,3118.25,3062.55,3149.13,7683713800.0,86132695900.0,0.005572449910834498
sh000300,2018-10-16,3128.58,3100.97,3089.37,3166.09,6888772100.0,75206471000.0,-0.008149818484223359
sh000300,2018-10-15,3173.85,3126.45,3120.23,3183.13,6960502300.0,77137696800.0,-0.013965238288974557
sh000300,2018-10-12,3123.37,3170.73,3094.97,3184.12,9861115100.0,104423076600.0,0.014922649970711577
sh000300,2018-10-11,3179.54,3124.11,3099.04,3209.52,12094134200.0,125723084500.0,-0.047991833252072125
sh000300,2018-10-10,3295.43,3281.6,3256.58,3315.73,6449282800.0,79166808600.0,-0.002155873615330206
sh000300,2018-10-09,3290.17,3288.69,3276.13,3309.80,6672327400.0,78372941300.0,-0.0006715488164331651
sh000300,2018-10-08,3361.56,3290.9,3285.25,3364.46,9788898900.0,114164218400.0,-0.04302866930125293
sh000300,2018-09-28,3409.96,3438.87,3404.70,3444.99,8437775600.0,94880274600.00002,0.010365525812450871
sh000300,2018-09-27,3415.95,3403.59,3394.73,3423.71,6976524100.0,87573300800.0,-0.0039944516627452575
sh000300,2018-09-26,3388.56,3417.24,3383.24,3448.26,9317334300.0,119113319100.0,0.011077578554943956
sh000300,2018-09-25,3375.97,3379.8,3367.03,3394.38,6905469300.0,82870029900.0,-0.008998706930675504
sh000300,2018-09-21,3320.70,3410.49,3307.77,3410.49,10841600500.0,123573117899.99998,0.03031905091340814
sh000300,2018-09-20,3314.88,3310.13,3303.07,3332.31,6456105700.0,76660845200.0,-0.0007094382456648285
sh000300,2018-09-19,3262.00,3312.48,3258.31,3335.99,8917066600.0,109395423800.00002,0.013167432855268446
sh000300,2018-09-18,3193.64,3269.43,3193.64,3270.11,7042503500.0,83899137600.0,0.020128427542653204
sh000300,2018-09-17,3224.93,3204.92,3200.51,3230.79,5225954700.0,60650940900.0,-0.011464826701294561
sh000300,2018-09-14,3242.83,3242.09,3227.94,3254.10,6013064000.0,76481212000.0,0.0017055092273610128
sh000300,2018-09-13,3239.69,3236.57,3191.40,3249.59,6729032700.0,85887962100.00002,0.010790063772243785
sh000300,2018-09-12,3216.99,3202.02,3194.98,3225.60,5462789900.0,68887020100.0,-0.006882306053265785
sh000300,2018-09-11,3229.71,3224.21,3209.11,3245.62,5849130500.0,67722118900.0,-0.0018142021689933063
sh000300,2018-09-10,3271.38,3230.07,3227.85,3277.88,6381705100.0,76175580300.0,-0.01451349141455427
sh000300,2018-09-07,3273.89,3277.64,3253.73,3316.62,6394740800.0,81263440000.0,0.004523611043004916
sh000300,2018-09-06,3286.66,3262.88,3253.76,3311.50,6230028800.0,79373138200.0,-0.010690874250334992
sh000300,2018-09-05,3349.70,3298.14,3298.14,3354.20,6430188800.0,80656675200.0,-0.019548738071880956
sh000300,2018-09-04,3324.19,3363.9,3307.96,3370.96,6708880700.0,85892034900.0,0.012667754423779654
sh000300,2018-09-03,3320.69,3321.82,3291.78,3325.61,6642985500.0,81305681500.0,-0.0038026690658269358
sh000300,2018-08-31,3333.38,3334.5,3310.87,3356.58,7620563000.0,96091892899.99998,-0.004950628004619428
sh000300,2018-08-30,3385.81,3351.09,3349.47,3402.56,6838529000.0,80226052700.0,-0.010476676991764577
sh000300,2018-08-29,3393.05,3386.57,3377.12,3398.71,6702040400.0,79072300200.0,-0.0039998000099994435
sh000300,2018-08-28,3408.15,3400.17,3388.81,3416.59,7544536300.0,94945949800.0,-0.0018787225860616985
sh000300,2018-08-27,3339.39,3406.57,3339.26,3406.57,9427008200.0,114960964600.00002,0.024430658009881867
sh000300,2018-08-24,3308.48,3325.33,3291.87,3353.04,6376589700.0,77197847900.0,0.0015963711171282924
sh000300,2018-08-23,3308.46,3320.03,3285.81,3336.11,6111233400.0,80212785600.0,0.003651808521894395
sh000300,2018-08-22,3328.97,3307.95,3299.39,3328.97,5078705700.0,66548536200.0,-0.005621270647648613
sh000300,2018-08-21,3271.84,3326.65,3270.03,3331.71,7520558300.0,97925840399.99998,0.01818042696457267
sh000300,2018-08-20,3238.22,3267.25,3209.01,3267.25,7090422800.0,88963382600.0,0.011651525566475307
sh000300,2018-08-17,3305.90,3229.62,3224.10,3311.57,6739541300.0,84452452500.0,-0.014377138183493954
sh000300,2018-08-16,3251.86,3276.73,3231.56,3315.20,7654736600.0,89269175700.0,-0.004632470428131419
sh000300,2018-08-15,3371.96,3291.98,3288.71,3372.14,6817405500.0,83402193900.0,-0.02399411783889871
sh000300,2018-08-14,3386.48,3372.91,3356.61,3391.73,6065144600.0,72121992600.0,-0.005141077296082486
sh000300,2018-08-13,3369.98,3390.34,3336.70,3396.19,7619153200.0,90869290900.0,-0.004311281578375459
sh000300,2018-08-10,3398.41,3405.02,3380.57,3424.04,6896729900.0,85634522100.00002,0.0022045427119112837
sh000300,2018-08-09,3303.48,3397.53,3299.62,3408.39,9195757200.0,108802315200.0,0.025047442910113293
sh000300,2018-08-08,3362.15,3314.51,3311.77,3368.16,7928486500.0,90958912000.0,-0.016135974377164963
sh000300,2018-08-07,3284.98,3368.87,3263.50,3368.96,9178391600.0,107512224000.0,0.029206267738377756
sh000300,2018-08-06,3312.82,3273.27,3257.69,3344.25,7797508300.0,97517991000.0,-0.012671629545619179
sh000300,2018-08-03,3366.66,3315.28,3315.20,3381.34,7079691000.0,91395987200.0,-0.016517549896765238
sh000300,2018-08-02,3434.35,3370.96,3322.10,3434.35,10130872700.0,122401283600.0,-0.02217039557462308
sh000300,2018-08-01,3530.03,3447.39,3446.78,3543.61,9034861700.0,107477214900.0,-0.019976347913101322
sh000300,2018-07-31,3510.47,3517.66,3493.15,3528.15,6798081700.0,80022152100.0,0.0007339804499471025
sh000300,2018-07-30,3520.85,3515.08,3489.55,3550.90,8211699500.0,96183097600.0,-0.0017465487911895172
sh000300,2018-07-27,3533.77,3521.23,3512.70,3545.41,7017810400.0,81192174900.0,-0.00424743725698129
sh000300,2018-07-26,3583.32,3536.25,3528.64,3593.92,9034964100.0,105577285200.0,-0.01159946893997621
sh000300,2018-07-25,3589.51,3577.75,3566.31,3589.98,9675850100.0,112176694200.0,-0.001105617149350424
sh000300,2018-07-24,3530.66,3581.71,3530.66,3596.51,15691243500.0,177448954000.0,0.015871800326171748
sh000300,2018-07-23,3471.86,3525.75,3464.65,3527.53,11903662700.0,143960930700.0,0.009407682463518752
sh000300,2018-07-20,3426.46,3492.89,3398.95,3505.93,10198472700.0,122196953800.00002,0.01882835424724494
sh000300,2018-07-19,3444.80,3428.34,3417.96,3466.51,6847771600.0,88804907800.0,-0.0008684704428616463
sh000300,2018-07-18,3456.61,3431.32,3430.16,3479.26,6653033000.0,88556873200.0,-0.005235723521328506
sh000300,2018-07-17,3466.42,3449.38,3420.97,3467.19,6198307600.0,85720563699.99998,-0.006540729070963036
sh000300,2018-07-16,3488.97,3472.09,3459.73,3506.24,6828199900.0,90754288100.0,-0.005898032748397286
sh000300,2018-07-13,3488.50,3492.69,3474.91,3499.76,7295589700.0,99800184900.0,0.003340936381447168
sh000300,2018-07-12,3403.33,3481.06,3403.33,3499.10,9635356400.0,117805514800.0,0.021578680158355068
sh000300,2018-07-11,3398.93,3407.53,3375.14,3427.57,7204095000.0,89661507100.00002,-0.017300549095607187
sh000300,2018-07-10,3464.91,3467.52,3437.27,3474.14,6954882300.0,90127445700.0,0.002410976011655963
sh000300,2018-07-09,3378.91,3459.18,3378.91,3459.32,7660154500.0,100918863699.99998,0.02795145492582729
sh000300,2018-07-06,3347.06,3365.12,3295.73,3396.25,8609757900.0,109481942500.0,0.006785462117494978
sh000300,2018-07-05,3365.55,3342.44,3330.71,3398.49,8158798100.0,97544619600.00002,-0.006335191378669669
sh000300,2018-07-04,3398.78,3363.75,3359.09,3418.33,7515799700.0,93648559100.0,-0.01335472592453546
sh000300,2018-07-03,3410.48,3409.28,3319.29,3422.04,9527869300.0,129898019300.0,0.00038732848977107714
sh000300,2018-07-02,3504.46,3407.96,3383.50,3506.90,8435144900.0,107601540700.0,-0.02934223493155752
sh000300,2018-06-29,3431.96,3510.98,3425.22,3512.38,7725703100.0,97616367300.0,0.025543810044018844
sh000300,2018-06-28,3434.94,3423.53,3416.95,3477.06,7591805100.0,98570527300.0,-0.010328798644796855
sh000300,2018-06-27,3525.13,3459.26,3441.78,3537.66,8149181700.0,107628896600.0,-0.020347709360512667
sh000300,2018-06-26,3521.59,3531.11,3478.21,3541.78,8498526900.0,108132167300.0,-0.00824888779041022
sh000300,2018-06-25,3625.80,3560.48,3559.03,3631.03,7987707800.0,106690345300.0,-0.01341683061320631
sh000300,2018-06-22,3567.89,3608.9,3542.46,3609.08,7511786400.0,89687282100.00002,0.0044336579487165295
sh000300,2018-06-21,3633.56,3592.97,3589.49,3673.56,9390855200.0,115584149000.0,-0.011682217283189966
sh000300,2018-06-20,3602.55,3635.44,3578.17,3649.34,8671809800.0,112804812800.0,0.003954577589254216
sh000300,2018-06-19,3702.67,3621.12,3583.02,3712.82,16070654200.0,193848797300.0,-0.03525042427859315
sh000300,2018-06-15,3763.04,3753.43,3737.43,3780.34,8548889300.0,109534900800.0,-0.00528440094663396
sh000300,2018-06-14,3774.64,3773.37,3759.25,3808.16,6847132200.0,99234015000.0,-0.003951598853323635
sh000300,2018-06-13,3814.62,3788.34,3782.07,3817.45,6637797000.0,97185498900.0,-0.009830238241482436
sh000300,2018-06-12,3783.19,3825.95,3765.26,3830.47,7320624400.0,116217139600.00002,0.012161440007619095
sh000300,2018-06-11,3770.21,3779.98,3756.51,3792.55,6870983400.0,105597924600.00002,9.524767040081095e-05
sh000300,2018-06-08,3819.45,3779.62,3759.27,3819.46,8333733500.0,107818798300.0,-0.013414217138561502
sh000300,2018-06-07,3846.94,3831.01,3827.69,3859.85,8025614700.0,112365710700.0,-0.0016521818442414293
sh000300,2018-06-06,3839.68,3837.35,3830.90,3848.33,7311723700.0,107142041800.0,-0.0020726493503792076
sh000300,2018-06-05,3811.29,3845.32,3800.93,3845.56,7868736000.0,121261467200.0,0.009911807499776826
sh000300,2018-06-04,3785.19,3807.58,3776.62,3813.41,7662434100.0,115146468500.0,0.009810135814289023
sh000300,2018-06-01,3789.67,3770.59,3753.84,3802.54,7782181300.0,105934865900.0,-0.008360553127251924
sh000300,2018-05-31,3749.30,3802.38,3742.53,3804.79,9266689400.0,130545422200.0,0.02122002379564747
sh000300,2018-05-30,3755.18,3723.37,3722.07,3767.89,8791328500.0,115858975800.0,-0.02119868244300105
sh000300,2018-05-29,3824.19,3804.01,3800.67,3841.78,8155266200.0,117288580600.0,-0.007630580758936301
sh000300,2018-05-28,3816.26,3833.26,3799.32,3846.55,7152113200.0,100001639000.0,0.004391458142277038
sh000300,2018-05-25,3823.74,3816.5,3804.14,3841.12,7083638600.0,95667543800.00002,-0.0028009887072077966
sh000300,2018-05-24,3853.29,3827.22,3823.92,3859.10,6834502200.0,93408219600.00002,-0.007098049592951794
sh000300,2018-05-23,3898.27,3854.58,3854.58,3898.27,8372231900.0,110684503200.0,-0.013217415346333139
sh000300,2018-05-22,3918.82,3906.21,3881.17,3918.82,7536877800.0,102883344900.0,-0.003832971202986757
sh000300,2018-05-21,3925.54,3921.24,3913.60,3937.46,9264173700.0,120528726000.0,0.004657883814237929
sh000300,2018-05-18,3860.16,3903.06,3841.90,3903.06,7261395600.0,96823851800.0,0.010095625056611546
sh000300,2018-05-17,3895.49,3864.05,3858.85,3899.51,5903012300.0,87104164700.0,-0.007395628898182349
sh000300,2018-05-16,3909.82,3892.84,3889.19,3923.34,7191364600.0,106533930300.0,-0.0079661578451109
sh000300,2018-05-15,3920.14,3924.1,3892.92,3924.34,7604955500.0,106091905800.0,0.0037884117064734824
sh000300,2018-05-14,3886.87,3909.29,3886.87,3919.30,8197599900.0,122520048000.0,0.009411697875460812
sh000300,2018-05-11,3902.15,3872.84,3871.95,3903.34,7335660400.0,107715457000.0,-0.005193857787961109
sh000300,2018-05-10,3882.84,3893.06,3867.31,3894.49,7066780900.0,103255140600.0,0.005537733558562019
sh000300,2018-05-09,3876.13,3871.62,3855.74,3878.94,6671296600.0,92322896300.00002,-0.0018202068745036826
sh000300,2018-05-08,3834.61,3878.68,3833.73,3892.07,9421515700.0,135445862500.0,0.011603493827901046
sh000300,2018-05-07,3782.54,3834.19,3776.03,3834.59,8728619500.0,126354800800.0,0.015787103269220726
sh000300,2018-05-04,3784.32,3774.6,3770.94,3801.52,7155428800.0,98315254600.00002,-0.004851041392037958
sh000300,2018-05-03,3756.17,3793.0,3732.37,3797.53,9396111800.0,122740168900.0,0.007798280924102841
sh000300,2018-05-02,3769.93,3763.65,3744.55,3787.30,8330103500.0,120083483300.0,0.0018020272140713
sh000300,2018-04-27,3771.04,3756.88,3714.64,3776.98,8953172600.0,142113627600.0,0.00037012480395381964
sh000300,2018-04-26,3823.39,3755.49,3744.89,3828.71,8715064100.0,125772304500.0,-0.019121372789719704
sh000300,2018-04-25,3824.59,3828.7,3817.03,3838.69,7817261200.0,105750449500.0,-0.003848065169936743
sh000300,2018-04-24,3769.88,3843.49,3769.88,3854.43,11421952500.0,145700512800.0,0.020486786872100815
sh000300,2018-04-23,3754.69,3766.33,3735.18,3787.40,9035629100.0,111763031500.0,0.0014571174069690773
sh000300,2018-04-20,3801.21,3760.85,3750.10,3815.44,9928292500.0,123550664500.0,-0.013376741940899994
sh000300,2018-04-19,3774.78,3811.84,3767.80,3824.03,9905406000.0,127520121600.0,0.012096817018384165
sh000300,2018-04-18,3785.31,3766.28,3708.11,3789.66,10667670600.0,143077676000.0,0.004705706602928128
sh000300,2018-04-17,3812.87,3748.64,3745.44,3822.63,9061079000.0,126518752000.0,-0.015810504980492968
sh000300,2018-04-16,3862.47,3808.86,3789.61,3869.16,9921777000.0,131566866900.0,-0.01608828407135876
sh000300,2018-04-13,3920.74,3871.14,3866.19,3929.95,7154420300.0,98921827000.0,-0.007053741817659498
sh000300,2018-04-12,3935.67,3898.64,3896.18,3937.78,8269949000.0,108075565500.0,-0.010080389199510487
sh000300,2018-04-11,3934.17,3938.34,3924.96,3958.71,11193302100.0,139989290600.0,0.0028442873621463693
sh000300,2018-04-10,3860.72,3927.17,3851.80,3927.42,10617372200.0,137941300200.0,0.019268452839786843
sh000300,2018-04-09,3851.95,3852.93,3827.41,3870.67,8410546200.0,118167273500.0,-0.0005006666908785595
sh000300,2018-04-04,3873.63,3854.86,3852.50,3898.61,8873060900.0,131593067899.99998,-0.001972825749259499
sh000300,2018-04-03,3850.15,3862.48,3839.93,3878.15,9513736900.0,132049936100.0,-0.006287754829016334
sh000300,2018-04-02,3897.01,3886.92,3882.89,3937.02,11124266600.0,159356080000.0,-0.0029703732204694466
sh000300,2018-03-30,3893.75,3898.5,3879.21,3915.35,9751227000.0,137959280500.0,0.0011427690964420645
sh000300,2018-03-29,3854.59,3894.05,3794.26,3913.96,11662906600.0,164996783000.0,0.013357725777574325
sh000300,2018-03-28,3865.05,3842.72,3835.88,3907.28,10149490800.0,155848951100.0,-0.018028400800353728
sh000300,2018-03-27,3927.49,3913.27,3881.87,3936.78,11370071100.0,162291546600.0,0.008603336692535102
sh000300,2018-03-26,3862.69,3879.89,3829.92,3883.90,11513912800.0,156604527200.0,-0.006414951318074125
sh000300,2018-03-23,3896.74,3904.94,3834.94,3928.51,18008044900.0,218905031300.0,-0.028706455905580297
sh000300,2018-03-22,4062.07,4020.35,4003.72,4072.38,8909525900.0,127664338000.0,-0.010022038635328356
sh000300,2018-03-21,4097.02,4061.05,4046.24,4110.12,9760948800.0,139330411900.0,-0.004083184147926411
sh000300,2018-03-20,4045.74,4077.7,4040.31,4080.19,8060528000.0,111980234000.0,0.0008467816162482933
sh000300,2018-03-19,4054.62,4074.25,4033.52,4074.52,8150288200.0,118183815100.0,0.004395501452019168
sh000300,2018-03-16,4096.89,4056.42,4055.82,4110.04,8489618800.0,122125342000.0,-0.009701769462130305
sh000300,2018-03-15,4058.71,4096.16,4058.71,4098.99,8816115600.0,126882452700.0,0.005602282156657701
sh000300,2018-03-14,4076.06,4073.34,4066.49,4089.09,9901340900.0,131537959400.0,-0.004377635197066909
sh000300,2018-03-13,4124.33,4091.25,4087.56,4130.28,11176643000.0,141174160600.0,-0.008823379775999562
sh000300,2018-03-12,4130.71,4127.67,4112.77,4139.53,14090673900.0,190367593800.0,0.004575467220914842
sh000300,2018-03-09,4088.07,4108.87,4076.45,4110.67,11370180800.0,150024119700.0,0.0076687267019814875
sh000300,2018-03-08,4038.95,4077.6,4029.71,4078.23,9115581000.0,123634637100.00002,0.01014455055553487
sh000300,2018-03-07,4063.50,4036.65,4027.94,4089.70,10695242600.0,136572305600.0,-0.007355110953729871
sh000300,2018-03-06,4034.99,4066.56,3998.93,4067.55,13876244400.0,171370654100.0,0.012060426569771687
sh000300,2018-03-05,4021.66,4018.1,3995.87,4042.83,8795254800.0,118197859500.0,0.00040831976417043947
sh000300,2018-03-02,4014.95,4016.46,4006.94,4044.42,9616500000.0,130931181199.99998,-0.008058600821419182
sh000300,2018-03-01,3994.87,4049.09,3986.89,4061.03,11019985200.0,146003456700.0,0.006325118549373343
sh000300,2018-02-28,4016.79,4023.64,3991.71,4051.71,10934359300.0,152493909300.0,-0.008706620875195248
sh000300,2018-02-27,4120.87,4058.98,4051.81,4120.87,12593447000.0,169684901000.0,-0.014432719343826061
sh000300,2018-02-26,4093.40,4118.42,4048.98,4128.74,13788100100.0,179013093600.0,0.011625879064329103
sh000300,2018-02-23,4061.75,4071.09,4035.23,4085.20,9945874600.0,128195835200.0,0.004530279589313846
sh000300,2018-02-22,4020.97,4052.73,4009.92,4058.79,10581157100.0,138334361700.0,0.021621090205094173
sh000300,2018-02-14,3945.09,3966.96,3923.13,3971.40,7108133800.0,93110201400.0,0.007960606052906272
sh000300,2018-02-13,3925.60,3935.63,3925.60,3986.98,11256588500.0,144479354400.0,0.011704069304131037
sh000300,2018-02-12,3846.27,3890.1,3828.07,3907.84,11618263700.0,149858043600.0,0.012875424732792684
sh000300,2018-02-09,3896.17,3840.65,3759.15,3911.29,20634982800.0,246774828400.0,-0.042721302077491585
sh000300,2018-02-08,4022.88,4012.05,3974.68,4071.67,15926998500.0,199061772000.0,-0.009492655227749669
sh000300,2018-02-07,4205.74,4050.5,4048.42,4212.57,20312749300.0,261507027399.99997,-0.023714776723412823
sh000300,2018-02-06,4182.33,4148.89,4131.56,4211.52,21491045000.0,279415083200.0,-0.029306411801176657
sh000300,2018-02-05,4204.46,4274.15,4200.14,4274.15,16134779900.0,217360144500.0,0.0006836438215689356
sh000300,2018-02-02,4213.94,4271.23,4181.78,4271.76,14606682700.0,191169867300.0,0.005965755199133227
sh000300,2018-02-01,4276.34,4245.9,4214.29,4287.39,19000293400.0,239230298900.0,-0.007016066792955855
sh000300,2018-01-31,4234.11,4275.9,4232.77,4287.86,14521016400.0,194401798000.0,0.004652146331147966
sh000300,2018-01-30,4286.68,4256.1,4251.57,4308.51,13903473000.0,186650566200.0,-0.010674055443721797
sh000300,2018-01-29,4387.06,4302.02,4287.11,4395.91,19110035400.0,256176323800.0,-0.018095085933398702
sh000300,2018-01-26,4352.22,4381.3,4351.49,4403.34,17722723700.0,223331309100.0,0.0037158540049666566
sh000300,2018-01-25,4381.98,4365.08,4336.24,4392.20,19537495000.0,250308091900.0,-0.005651622250215982
sh000300,2018-01-24,4389.45,4389.89,4349.09,4397.82,21981888900.0,284470809500.0,0.0016611106167330192
sh000300,2018-01-23,4346.89,4382.61,4346.79,4383.57,20186758500.0,257113359899.99997,0.010609694230502953
sh000300,2018-01-22,4276.48,4336.6,4275.90,4338.48,17464319500.0,233960223299.99997,0.011947542819807033
sh000300,2018-01-19,4281.94,4285.4,4269.62,4316.57,20949057000.0,258554725400.0,0.0032729162667215483
sh000300,2018-01-18,4259.38,4271.42,4246.68,4292.64,17203284600.0,225289688900.0,0.005484779149364849
sh000300,2018-01-17,4261.78,4248.12,4230.54,4283.34,21431103200.0,284554359800.0,-0.0024304503730213645
sh000300,2018-01-16,4215.62,4258.47,4213.13,4260.21,16149496300.0,228271224800.0,0.007864642008501344
sh000300,2018-01-15,4229.84,4225.24,4216.36,4262.93,17090789700.0,234986586100.0,5.680473372771111e-05
sh000300,2018-01-12,4205.14,4225.0,4199.02,4227.39,11135479400.0,157606210600.0,0.004615285845743333
sh000300,2018-01-11,4197.11,4205.59,4181.96,4211.80,12157853900.0,170407305900.0,-0.000527590361732222
sh000300,2018-01-10,4187.20,4207.81,4175.14,4211.05,15112166600.0,194850253900.0,0.004418399255245564
sh000300,2018-01-09,4157.54,4189.3,4153.50,4191.28,13903429400.0,181975079800.0,0.007004538286988993
sh000300,2018-01-08,4140.85,4160.16,4127.31,4166.32,17387766600.0,226403872900.0,0.005173059498640775
sh000300,2018-01-05,4133.34,4138.75,4123.28,4151.28,14900987200.0,185206293200.0,0.0024074733397758674
sh000300,2018-01-04,4114.12,4128.81,4105.89,4137.64,13454379400.0,174523556100.0,0.0042370098677089185
sh000300,2018-01-03,4091.46,4111.39,4088.73,4140.05,15185221800.0,205726889600.0,0.005869256740226092
sh000300,2018-01-02,4045.21,4087.4,4045.21,4087.78,14693543500.0,178402032900.0,0.014026783366328788
sh000300,2017-12-29,4022.88,4030.86,4012.88,4043.14,9048668300.0,121257038500.0,0.00297593868969126
sh000300,2017-12-28,3993.00,4018.9,3980.24,4036.70,11854288600.0,153636695800.0,0.006937745696167452
sh000300,2017-12-27,4045.28,3991.21,3986.74,4047.74,10515357700.0,140516907100.0,-0.015396115077387584
sh000300,2017-12-26,4040.62,4053.62,4015.30,4056.86,9111879000.0,119725100600.0,0.0029889596539933727
sh000300,2017-12-25,4057.42,4041.54,4026.45,4086.93,9192696200.0,129938839200.0,-0.0032210329009026983
sh000300,2017-12-22,4064.91,4054.6,4048.49,4076.80,7347368400.0,104426496000.0,-0.0032572489152746797
sh000300,2017-12-21,4023.08,4067.85,4014.65,4080.78,9683608900.0,137819520900.0,0.009269344422142334
sh000300,2017-12-20,4036.02,4030.49,4015.63,4044.85,9060450300.0,126812878100.0,-0.00119940624434689
sh000300,2017-12-19,3985.82,4035.33,3985.82,4035.63,7752898500.0,115998204300.0,0.012556175334793584
sh000300,2017-12-18,3983.30,3985.29,3967.93,4008.07,7785337500.0,111724349900.0,0.0011128248669884933
sh000300,2017-12-15,4018.73,3980.86,3974.93,4020.27,8904438900.0,118474144200.0,-0.011248959924493596
sh000300,2017-12-14,4050.90,4026.15,4013.85,4057.62,8076886200.0,115086944900.0,-0.005910979756005408
sh000300,2017-12-13,4013.83,4050.09,4004.74,4052.69,7754613100.0,115006383400.0,0.008483523488428846
sh000300,2017-12-12,4068.51,4016.02,4015.45,4070.15,8433871800.0,123515183200.0,-0.013141663595036213
sh000300,2017-12-11,4006.88,4069.5,4005.27,4069.50,9714894600.0,148476588500.0,0.016516043942868208
sh000300,2017-12-08,3962.83,4003.38,3955.44,4014.14,8928286100.0,124371230300.0,0.008138884831757842
sh000300,2017-12-07,4003.58,3971.06,3955.99,4017.95,9025404500.0,119651201500.0,-0.01114591789472641
sh000300,2017-12-06,4027.12,4015.82,3964.81,4031.75,10928620500.0,144114954200.0,-0.006026974112475436
sh000300,2017-12-05,4007.94,4040.17,4006.54,4045.93,15408707600.0,196337660300.0,0.005302498718542159
sh000300,2017-12-04,3989.05,4018.86,3982.32,4032.99,10264721900.0,138223055500.0,0.005182409820566614
sh000300,2017-12-01,4003.56,3998.14,3984.38,4027.11,9738691300.0,136010927600.0,-0.0019869698709468198
sh000300,2017-11-30,4034.01,4006.1,3988.00,4052.80,10798334500.0,145829948300.0,-0.01175454825778599
sh000300,2017-11-29,4061.35,4053.75,4004.69,4069.24,12455364200.0,165743341300.0,-0.0005103776794828097
sh000300,2017-11-28,4034.21,4055.82,4010.30,4056.48,10205809500.0,135539647300.0,0.0014494006098841883
sh000300,2017-11-27,4088.93,4049.95,4037.15,4088.93,14345526800.0,183004551200.0,-0.013218166756006067
sh000300,2017-11-24,4089.47,4104.2,4057.49,4116.59,13085804000.0,182912191400.0,0.0004387675507020461
sh000300,2017-11-23,4213.38,4102.4,4086.90,4214.19,17814722800.0,237536704700.0,-0.02960802541412677
sh000300,2017-11-22,4228.37,4227.57,4191.15,4260.64,18647700300.0,254298361700.00003,0.0023401379898997376
sh000300,2017-11-21,4131.85,4217.7,4129.98,4220.26,18035082100.0,253302199600.0,0.017826503500384838
sh000300,2017-11-20,4093.73,4143.83,4060.96,4144.51,13744725800.0,191589637500.0,0.005576519407403779
sh000300,2017-11-17,4094.08,4120.85,4081.37,4122.38,19178411900.0,253079314000.0,0.0038586994915967843
sh000300,2017-11-16,4063.49,4105.01,4062.27,4107.62,12138441400.0,172903880600.0,0.007693308490869466
sh000300,2017-11-15,4084.21,4073.67,4055.72,4102.81,12063569600.0,177753075400.0,-0.006264407771963909
sh000300,2017-11-14,4129.27,4099.35,4086.89,4133.55,14323693600.0,199605009000.0,-0.0069572463645236615
sh000300,2017-11-13,4115.55,4128.07,4115.55,4137.65,15144630900.0,205930794500.0,0.00393004710706224
sh000300,2017-11-10,4070.28,4111.91,4067.66,4116.71,14181716500.0,198869833800.0,0.008834858558845804
sh000300,2017-11-09,4043.07,4075.9,4038.40,4076.61,12105633500.0,159247198200.0,0.006889805114117742
sh000300,2017-11-08,4051.49,4048.01,4040.58,4089.15,15082771900.0,200949740700.0,-0.0015391256089288818
sh000300,2017-11-07,4022.40,4054.25,4021.36,4064.22,15211666300.0,193990974000.0,0.008296670637595094
sh000300,2017-11-06,3989.18,4020.89,3975.41,4021.64,12208115900.0,158911861100.0,0.007060385202995567
sh000300,2017-11-03,3992.35,3992.7,3963.03,3999.34,12940443900.0,158142056600.0,-0.00110829520180733
sh000300,2017-11-02,3994.09,3997.13,3971.38,3999.23,12610057900.0,151981363600.0,0.00012760782861520603
sh000300,2017-11-01,4007.91,3996.62,3991.32,4032.46,13041738000.0,166477138600.0,-0.002520765114607415
sh000300,2017-10-31,3995.39,4006.72,3983.26,4009.28,10917877900.0,142897206900.0,-0.0007481819179394611
sh000300,2017-10-30,4022.16,4009.72,3960.27,4033.34,15738760300.0,193489838400.0,-0.00304577110222104
sh000300,2017-10-27,3992.55,4021.97,3991.35,4024.46,12667284600.0,152974831100.0,0.007108909800229268
sh000300,2017-10-26,3980.05,3993.58,3973.55,4013.60,12989546500.0,170488618600.0,0.0041815964495404145
sh000300,2017-10-25,3958.17,3976.95,3954.00,3978.09,8820545800.0,106820309500.0,0.004432489771177384
sh000300,2017-10-24,3926.23,3959.4,3922.03,3959.50,9305815400.0,120192150600.0,0.007275872595909227
sh000300,2017-10-23,3930.89,3930.8,3920.66,3936.27,8148498000.0,100280911400.0,0.0010058953104905566
sh000300,2017-10-20,3918.53,3926.85,3910.20,3928.96,7298018000.0,94529636600.0,-0.0011192368839427758
sh000300,2017-10-19,3940.58,3931.25,3923.65,3944.03,10652725200.0,133189855200.0,-0.0032731937852419346
sh000300,2017-10-18,3914.82,3944.16,3914.82,3944.41,10096984100.0,126420379700.0,0.007945168371636502
sh000300,2017-10-17,3910.79,3913.07,3900.48,3924.61,8224122700.0,106708451700.0,-9.71010233935532e-05
sh000300,2017-10-16,3926.28,3913.45,3913.32,3947.42,12135503300.0,150823756600.0,-0.0019255292017342773
sh000300,2017-10-13,3912.98,3921.0,3908.89,3927.17,9014206800.0,114314854700.0,0.0020572713681494825
sh000300,2017-10-12,3902.02,3912.95,3897.55,3917.44,9434092100.0,123147248600.0,0.002628955925271903
sh000300,2017-10-11,3886.82,3902.69,3885.50,3913.07,10441815100.0,144152740100.0,0.003298319219714907
sh000300,2017-10-10,3883.00,3889.86,3855.47,3900.74,11253258600.0,157979737600.0,0.001970527096679442
sh000300,2017-10-09,3910.12,3882.21,3876.03,3918.84,13553585100.0,171941460799.99997,0.011914505408575637
sh000300,2017-09-29,3825.20,3836.5,3825.20,3852.22,9330602800.0,116056776600.0,0.0036520219539886156
sh000300,2017-09-28,3821.59,3822.54,3813.75,3827.33,9354406900.0,115646338500.0,0.0003506751805715247
sh000300,2017-09-27,3818.96,3821.2,3818.81,3832.57,8565581100.0,109299492200.0,0.00010992519851948934
sh000300,2017-09-26,3810.33,3820.78,3808.38,3821.69,8186940700.0,101036334800.0,0.0007831756068301665
sh000300,2017-09-25,3829.22,3817.79,3811.12,3835.39,10394897600.0,135980239100.0,-0.005195779796911215
sh000300,2017-09-22,3826.46,3837.73,3816.82,3842.25,10061980200.0,128360894900.0,-2.34508132220812e-05
sh000300,2017-09-21,3843.26,3837.82,3837.38,3860.80,11109819200.0,144132893200.0,-0.0012023609997813267
sh000300,2017-09-20,3830.15,3842.44,3827.89,3850.94,10112954200.0,135041882400.0,0.002693026314416036
sh000300,2017-09-19,3849.88,3832.12,3820.29,3857.30,11243298700.0,145528457500.0,-0.002867446931415496
sh000300,2017-09-18,3832.96,3843.14,3832.96,3862.36,11793440500.0,152841028500.0,0.003090334873280476
sh000300,2017-09-15,3826.14,3831.3,3818.52,3843.30,12242700600.0,153477215200.0,0.00034987310572431873
sh000300,2017-09-14,3843.57,3829.96,3820.09,3854.49,11535858300.0,143111639200.0,-0.003292033279463702
sh000300,2017-09-13,3835.55,3842.61,3822.94,3847.78,9541078500.0,126254360900.0,0.0012194073367675085
sh000300,2017-09-12,3832.24,3837.93,3822.00,3849.39,14419024200.0,187605312000.0,0.00320991204109089
sh000300,2017-09-11,3828.34,3825.65,3817.51,3850.74,12388399700.0,154793900800.0,-8.886588830592235e-05
sh000300,2017-09-08,3830.07,3825.99,3813.98,3843.02,10603650400.0,134958584000.0,-0.0010130892171275052
sh000300,2017-09-07,3851.69,3829.87,3828.84,3858.16,12388418100.0,156113397100.0,-0.005086440920131441
sh000300,2017-09-06,3846.75,3849.45,3831.38,3858.25,13139872300.0,155883314800.0,-0.001970417806354652
sh000300,2017-09-05,3845.55,3857.05,3841.95,3865.29,12496415500.0,145779755300.0,0.0029722125431010937
sh000300,2017-09-04,3828.54,3845.62,3813.55,3847.09,14956632000.0,175551068299.99997,0.003936781759229735
sh000300,2017-09-01,3825.34,3830.54,3818.16,3843.62,15864551100.0,182770432000.0,0.0022108322933263036
sh000300,2017-08-31,3835.84,3822.09,3800.89,3840.20,13294493500.0,157079216100.0,-0.003184414365073218
sh000300,2017-08-30,3834.27,3834.3,3827.86,3854.71,14135285700.0,166235122000.0,-6.258899372535431e-05
sh000300,2017-08-29,3839.18,3834.54,3825.76,3847.93,12822707000.0,158978683700.0,-0.0021261037132648264
sh000300,2017-08-28,3805.66,3842.71,3805.66,3866.94,18557632500.0,236446280900.0,0.012371731541856112
sh000300,2017-08-25,3736.29,3795.75,3736.29,3795.97,12994090000.0,150697083100.0,0.016360301500810026
sh000300,2017-08-24,3755.89,3734.65,3729.09,3765.71,8994737200.0,107736019100.0,-0.005708063438309541
sh000300,2017-08-23,3747.61,3756.09,3741.72,3772.46,10496157300.0,124081155700.0,0.00101004717106834
sh000300,2017-08-22,3745.75,3752.3,3734.56,3758.29,10029285600.0,131131078400.0,0.003023263895385986
sh000300,2017-08-21,3731.84,3740.99,3728.62,3744.26,10031307300.0,123911716300.00002,0.004381596221947115
sh000300,2017-08-18,3707.19,3724.67,3700.41,3733.49,9656170500.0,123078163900.0,0.000910976868174318
sh000300,2017-08-17,3707.07,3721.28,3704.41,3722.62,10865625100.0,137020002899.99998,0.005365508372462413
sh000300,2017-08-16,3701.13,3701.42,3679.73,3707.14,10413414100.0,127282165900.0,-0.0012520034753888964
sh000300,2017-08-15,3695.78,3706.06,3692.28,3719.29,10644485700.0,124790631000.0,0.003080104366278036
sh000300,2017-08-14,3651.38,3694.68,3651.38,3698.37,11530845100.0,140233894100.0,0.012976544614583085
sh000300,2017-08-11,3687.93,3647.35,3645.09,3700.49,15038742100.0,161083470400.0,-0.018453034510969024
sh000300,2017-08-10,3724.96,3715.92,3688.18,3746.86,13008512800.0,148005169400.0,-0.004052489386337288
sh000300,2017-08-09,3728.03,3731.04,3713.57,3739.00,12467998900.0,137223598300.0,-0.0003134871831971253
sh000300,2017-08-08,3724.33,3732.21,3718.81,3737.33,13724192800.0,146481868900.0,0.0014543346955422365
sh000300,2017-08-07,3701.22,3726.79,3689.96,3730.78,12423153000.0,134348537500.0,0.005181277275203788
sh000300,2017-08-04,3724.72,3707.58,3707.00,3738.73,15747006000.0,168292664600.0,-0.005432114661881093
sh000300,2017-08-03,3755.11,3727.83,3718.44,3766.35,14615394400.0,164710461600.0,-0.008779930069000352
sh000300,2017-08-02,3768.19,3760.85,3759.28,3784.35,17229338300.0,189336782800.0,-0.002527596687867062
sh000300,2017-08-01,3738.74,3770.38,3737.10,3770.40,15254653900.0,173127579000.0,0.008697466739078674
sh000300,2017-07-31,3722.43,3737.87,3713.66,3746.52,14842903900.0,160890133200.0,0.004293517540819414
sh000300,2017-07-28,3703.49,3721.89,3696.78,3725.54,11141139200.0,125817861900.0,0.002613012803762693
sh000300,2017-07-27,3700.86,3712.19,3672.50,3716.69,14500290400.0,161631225300.0,0.0018351644496261699
sh000300,2017-07-26,3722.88,3705.39,3684.18,3738.53,13632521000.0,146518004900.0,-0.003809590381658068
sh000300,2017-07-25,3742.64,3719.56,3713.28,3752.16,12167205900.0,133531656199.99998,-0.006387122108631793
sh000300,2017-07-24,3724.38,3743.47,3719.85,3755.19,13486872200.0,154701874700.0,0.0039880920452717294
sh000300,2017-07-21,3738.18,3728.6,3722.07,3751.69,11794122600.0,141432633000.0,-0.005144241544553285
sh000300,2017-07-20,3725.14,3747.88,3723.07,3750.19,14241003900.0,169267149899.99997,0.004860915610966021
sh000300,2017-07-19,3660.87,3729.75,3658.20,3731.05,18247778700.0,198392451700.00003,0.017062156752600144
sh000300,2017-07-18,3648.49,3667.18,3622.04,3667.54,12462205600.0,141472284000.0,0.0009881099258644
sh000300,2017-07-17,3700.62,3663.56,3621.37,3716.47,17882160000.0,196217253800.0,-0.010674868825764516
sh000300,2017-07-14,3682.62,3703.09,3672.74,3703.09,10551400500.0,121021448900.0,0.004385774576068924
sh000300,2017-07-13,3656.35,3686.92,3652.57,3690.48,12566954900.0,146388679600.0,0.007680071717111048
sh000300,2017-07-12,3672.63,3658.82,3640.59,3691.58,12228779200.0,143494599100.0,-0.0032663090707499842
sh000300,2017-07-11,3646.88,3670.81,3645.99,3701.21,11876082600.0,145084363300.0,0.00468567393511754
sh000300,2017-07-10,3647.94,3653.69,3641.53,3667.85,12059191000.0,141034626500.0,-0.0006127031972712471
sh000300,2017-07-07,3647.64,3655.93,3631.87,3657.11,10373549700.0,123465392600.0,-0.0011393131335210027
sh000300,2017-07-06,3654.56,3660.1,3629.56,3666.77,10237924500.0,132837126800.0,0.00011476413238309391
sh000300,2017-07-05,3611.90,3659.68,3610.46,3660.73,8823242500.0,120351565399.99998,0.010966911419399983
sh000300,2017-07-04,3646.83,3619.98,3611.69,3646.85,9507141300.0,125350417600.0,-0.008455565142364119
sh000300,2017-07-03,3667.23,3650.85,3633.78,3667.60,8882086000.0,115214687899.99998,-0.00434984182393372
sh000300,2017-06-30,3654.73,3666.8,3646.23,3669.76,8151002800.0,102459982000.0,-0.0005533099107889461
sh000300,2017-06-29,3649.25,3668.83,3644.73,3669.13,8558949800.0,111847266900.0,0.006214740398829521
sh000300,2017-06-28,3664.16,3646.17,3644.03,3672.19,9792085800.0,124465947100.00002,-0.00776929942961635
sh000300,2017-06-27,3665.58,3674.72,3648.76,3676.53,9755870200.0,123057231700.0,0.00180748018723631
sh000300,2017-06-26,3627.02,3668.09,3627.02,3671.94,13463799500.0,170736842000.0,0.012479022214370916
sh000300,2017-06-23,3583.44,3622.88,3569.32,3623.24,10512913400.0,133975111800.0,0.00906320849835951
sh000300,2017-06-22,3583.56,3590.34,3581.34,3635.53,13552698700.0,169418803400.0,0.0006633295800400063
sh000300,2017-06-21,3567.13,3587.96,3545.57,3587.99,8785982400.0,117147797100.00002,0.01169325163753454
sh000300,2017-06-20,3560.79,3546.49,3539.51,3563.70,8050955900.0,98187595500.0,-0.0020204464680176892
sh000300,2017-06-19,3520.06,3553.67,3520.06,3554.91,7979714100.0,98572358300.0,0.009921108572337856
sh000300,2017-06-16,3522.97,3518.76,3514.39,3536.14,7645270700.0,91462286400.0,-0.002842334057849838
sh000300,2017-06-15,3530.75,3528.79,3508.95,3542.28,8263253500.0,106053901100.0,-0.0018414278844794962
sh000300,2017-06-14,3571.25,3535.3,3530.27,3571.25,8381078300.0,106105319900.0,-0.013111797826517724
sh000300,2017-06-13,3569.16,3582.27,3559.21,3584.41,7517713800.0,94223084800.0,0.00220457196892343
sh000300,2017-06-12,3570.22,3574.39,3565.90,3603.69,9038116700.0,117690802200.0,-0.0004977392014362536
sh000300,2017-06-09,3561.24,3576.17,3560.63,3590.89,10118826500.0,121700586700.0,0.00426567967244984
sh000300,2017-06-08,3531.24,3560.98,3528.18,3562.27,9022490500.0,112035619700.0,0.007671476313503289
sh000300,2017-06-07,3493.88,3533.87,3491.13,3537.09,10441996800.0,124189288500.0,0.011735301527679098
sh000300,2017-06-06,3464.38,3492.88,3460.45,3492.88,6408938800.0,77868793700.0,0.006956396396396336
sh000300,2017-06-05,3480.17,3468.75,3462.31,3484.12,7973815200.0,85609467500.0,-0.005093919134033786
sh000300,2017-06-02,3491.59,3486.51,3470.20,3498.12,8266801000.0,92850747200.0,-0.0032106445876478595
sh000300,2017-06-01,3485.22,3497.74,3476.43,3499.81,10312772400.0,116088766199.99998,0.0013914019376559672
sh000300,2017-05-31,3495.07,3492.88,3474.92,3515.08,10482974400.0,115968725300.0,0.0035771442034462364
sh000300,2017-05-26,3479.62,3480.43,3473.04,3498.31,10324115300.0,112585907400.0,-0.0015004332034679324
sh000300,2017-05-25,3414.40,3485.66,3413.22,3490.42,13072163100.0,136634020800.0,0.017957636449124736
sh000300,2017-05-24,3409.72,3424.17,3383.89,3424.17,8355316100.0,92620045500.0,-5.840797385636698e-06
sh000300,2017-05-23,3405.03,3424.19,3401.53,3434.77,11691103300.0,126767856000.0,0.003796273495854985
sh000300,2017-05-22,3400.59,3411.24,3391.17,3424.18,9253955900.0,99021121600.0,0.0021710709931401784
sh000300,2017-05-19,3395.23,3403.85,3392.38,3405.94,7147352500.0,78397081600.0,0.0016891742762887851
sh000300,2017-05-18,3387.67,3398.11,3383.94,3409.93,8575958900.0,88091166000.0,-0.0034780364636638472
sh000300,2017-05-17,3423.19,3409.97,3408.15,3433.97,9973683700.0,110553451800.0,-0.0054482084785557605
sh000300,2017-05-16,3390.93,3428.65,3373.55,3428.85,10524241600.0,112814103200.0,0.00866677061299903
sh000300,2017-05-15,3391.59,3399.19,3391.59,3406.58,8297761100.0,92183332800.0,0.004079305720480431
sh000300,2017-05-12,3350.94,3385.38,3349.17,3387.27,9338646600.0,97522124600.00002,0.008559128893390833
sh000300,2017-05-11,3322.95,3356.65,3312.89,3359.60,10925289000.0,111576379100.0,0.005677562393265001
sh000300,2017-05-10,3350.65,3337.7,3336.00,3369.43,9208262800.0,102194980800.0,-0.004423524919985877
sh000300,2017-05-09,3342.60,3352.53,3327.59,3358.05,7677166800.0,85528831700.0,-0.0018697098079378804
sh000300,2017-05-08,3369.11,3358.81,3339.57,3374.16,12374928700.0,126885426500.0,-0.007018373712140313
sh000300,2017-05-05,3393.48,3382.55,3366.56,3395.45,10989533300.0,117464939600.00002,-0.006415246196822211
sh000300,2017-05-04,3404.94,3404.39,3391.28,3421.40,10348207500.0,106985952600.0,-0.0025606994166645913
sh000300,2017-05-03,3421.76,3413.13,3403.08,3432.22,9166962400.0,97854119100.0,-0.003925196551663679
sh000300,2017-05-02,3427.92,3426.58,3418.67,3436.31,9279746200.0,101635858600.0,-0.0038287666254814834
sh000300,2017-04-28,3439.57,3439.75,3417.24,3439.90,10163235100.0,113761006700.0,-0.0020222124222448734
sh000300,2017-04-27,3435.10,3446.72,3399.54,3449.27,12329842500.0,134610947800.0,0.00044700131778308005
sh000300,2017-04-26,3440.25,3445.18,3439.15,3466.57,11194002900.0,131316579200.0,0.0012234922129514825
sh000300,2017-04-25,3427.73,3440.97,3422.65,3449.67,9407214800.0,107599357200.0,0.0028298642481185965
sh000300,2017-04-24,3458.23,3431.26,3403.98,3458.23,11466079100.0,122778154300.0,-0.010248673845257406
sh000300,2017-04-21,3461.39,3466.79,3449.54,3475.56,10441911000.0,115208831700.0,0.00151377273186859
sh000300,2017-04-20,3444.52,3461.55,3440.72,3465.61,11418420800.0,133977258300.0,0.004547459574912649
sh000300,2017-04-19,3452.99,3445.88,3418.51,3459.35,12134926400.0,127050362400.0,-0.004868976590792218
sh000300,2017-04-18,3474.89,3462.74,3462.63,3489.08,11092782300.0,126790853400.0,-0.004942613953114239
sh000300,2017-04-17,3475.74,3479.94,3453.68,3480.57,11716496100.0,123884371199.99998,-0.001881543094794158
sh000300,2017-04-14,3516.81,3486.5,3476.95,3517.47,13547407800.0,130425385399.99998,-0.007986752291176513
sh000300,2017-04-13,3500.28,3514.57,3496.57,3518.44,12998181300.0,133345929000.0,0.0014617716786724522
sh000300,2017-04-12,3514.57,3509.44,3498.00,3523.10,18182453700.0,202154571400.0,-0.0022431787748092846
sh000300,2017-04-11,3503.83,3517.33,3466.14,3520.13,16594583200.0,189457268700.0,0.0034777498188374167
sh000300,2017-04-10,3519.46,3505.14,3502.08,3522.80,14188738000.0,155747834600.0,-0.0035025273919249145
sh000300,2017-04-07,3514.45,3517.46,3506.39,3526.81,14029320400.0,144559675600.0,0.0009703902904056871
sh000300,2017-04-06,3507.99,3514.05,3495.72,3517.78,13676700400.0,145221644200.0,0.0028996344063312307
sh000300,2017-04-05,3476.42,3503.89,3475.15,3504.54,14339901700.0,160742981200.0,0.013842392326499864
sh000300,2017-03-31,3434.82,3456.05,3430.82,3456.31,9157749100.0,100984904800.0,0.005612844656013305
sh000300,2017-03-30,3461.62,3436.76,3422.37,3467.30,11637692200.0,122088021600.0,-0.008204456321298403
sh000300,2017-03-29,3472.97,3465.19,3455.55,3483.06,10485170600.0,114663468300.0,-0.0013314850092656094
sh000300,2017-03-28,3480.25,3469.81,3461.47,3482.29,8419482000.0,97495938800.00002,-0.002366275258478878
sh000300,2017-03-27,3488.76,3478.04,3474.52,3505.98,10701537700.0,124388012100.00002,-0.0033127005960568168
sh000300,2017-03-24,3464.20,3489.6,3461.11,3499.32,12564583300.0,141752526700.0,0.00797809346096745
sh000300,2017-03-23,3452.41,3461.98,3435.69,3470.82,9431806200.0,115813813699.99998,0.003457920899696987
sh000300,2017-03-22,3450.75,3450.05,3433.50,3464.33,10493589400.0,123865640399.99998,-0.00470235261874874
sh000300,2017-03-21,3449.77,3466.35,3445.64,3466.70,8770785500.0,113528201400.0,0.0048527224816716785
sh000300,2017-03-20,3449.05,3449.61,3429.83,3454.06,8873432200.0,103769403900.0,0.0011027886041308221
sh000300,2017-03-17,3485.31,3445.81,3441.47,3488.50,10375556000.0,122368918600.0,-0.010254171322213734
sh000300,2017-03-16,3472.27,3481.51,3472.27,3492.13,10633391300.0,124695573699.99998,0.005159312168701247
sh000300,2017-03-15,3452.21,3463.64,3445.27,3463.92,7910495400.0,94056256700.0,0.0020105939497032654
sh000300,2017-03-14,3456.66,3456.69,3448.90,3465.39,7707796300.0,95317564100.0,-0.0004077383534309975
sh000300,2017-03-13,3425.67,3458.1,3412.69,3458.10,9168412400.0,108489140900.0,0.008813001584064839
sh000300,2017-03-10,3423.98,3427.89,3423.94,3436.24,7001619900.0,82161714900.0,0.00027721524158574873
sh000300,2017-03-09,3442.90,3426.94,3414.68,3443.05,8457038100.0,90090049500.0,-0.006318267884119599
sh000300,2017-03-08,3452.20,3448.73,3441.26,3457.04,7958769000.0,89124904700.0,-0.0015142039861492096
sh000300,2017-03-07,3446.16,3453.96,3440.06,3454.04,8033472000.0,94483824200.0,0.002170330308024493
sh000300,2017-03-06,3427.25,3446.48,3425.90,3449.03,8307088200.0,95178548500.0,0.005431960465129837
sh000300,2017-03-03,3424.66,3427.86,3412.83,3428.88,8099465200.0,90009618800.00002,-0.00210765334342522
sh000300,2017-03-02,3463.48,3435.1,3434.00,3468.47,8989807700.0,97876187899.99998,-0.006748707509744323
sh000300,2017-03-01,3452.21,3458.44,3449.11,3472.70,10326035400.0,109317781300.00002,0.0016305559819393967
sh000300,2017-02-28,3445.03,3452.81,3441.36,3460.91,7521526000.0,81979307400.0,0.0019122400775342108
sh000300,2017-02-27,3471.13,3446.22,3441.39,3472.84,9867216000.0,106830874500.0,-0.007953711300142552
sh000300,2017-02-24,3468.96,3473.85,3455.25,3473.85,9553513300.0,99875164800.0,0.0001525917565901036
sh000300,2017-02-23,3487.57,3473.32,3460.12,3492.96,9953633000.0,106555922500.0,-0.004710925679702882
sh000300,2017-02-22,3483.20,3489.76,3473.52,3489.95,10281599400.0,109232425800.0,0.0019926381495454226
sh000300,2017-02-21,3475.06,3482.82,3472.02,3490.09,11484200900.0,120675429500.0,0.0032926291773613947
sh000300,2017-02-20,3421.64,3471.39,3421.64,3472.60,13262886200.0,134681505200.0,0.014599116161616132
sh000300,2017-02-17,3443.62,3421.44,3419.61,3457.56,11460003600.0,118033129700.0,-0.0056641663736256564
sh000300,2017-02-16,3421.83,3440.93,3418.35,3440.93,10827696200.0,101809767500.0,0.005617074503683872
sh000300,2017-02-15,3435.39,3421.71,3417.08,3448.03,12764333800.0,124653179500.0,-0.004100937190756215
sh000300,2017-02-14,3438.51,3435.8,3424.40,3440.67,9480946500.0,98537165399.99998,-0.00013677621374330595
sh000300,2017-02-13,3416.92,3436.27,3416.87,3439.54,12014453800.0,125332998800.00002,0.006673521820775852
sh000300,2017-02-10,3398.32,3413.49,3398.03,3422.33,12376872000.0,121908580300.0,0.005064349628565168
sh000300,2017-02-09,3381.90,3396.29,3379.79,3406.59,9755851500.0,102134228699.99998,0.003842413745200668
sh000300,2017-02-08,3361.78,3383.29,3347.43,3383.69,7540287900.0,82869735800.0,0.005232226474293444
sh000300,2017-02-07,3371.77,3365.68,3354.63,3376.71,6375446200.0,69758179000.0,-0.0022322950542659203
sh000300,2017-02-06,3368.11,3373.21,3358.75,3381.33,6852136000.0,73408134800.0,0.0025917746820469656
sh000300,2017-02-03,3390.93,3364.49,3362.57,3392.48,5518886100.0,57113853300.0,-0.00692747257936932
sh000300,2017-01-26,3378.26,3387.96,3378.26,3395.88,6531664700.0,66488818300.0,0.0035723806984804263
sh000300,2017-01-25,3361.66,3375.9,3357.22,3376.44,5837693100.0,62483395800.0,0.0034032308401077405
sh000300,2017-01-24,3363.14,3364.45,3355.90,3371.32,6619422600.0,66049651300.0,0.00010998549380514255
sh000300,2017-01-23,3359.05,3364.08,3355.85,3378.74,7555749800.0,76492660200.0,0.0027392850436229743
sh000300,2017-01-20,3326.98,3354.89,3326.37,3358.41,6530046200.0,70831324300.0,0.007689327153837633
sh000300,2017-01-19,3330.95,3329.29,3324.68,3346.50,6615980800.0,63869709200.0,-0.0030185334359474902
sh000300,2017-01-18,3323.34,3339.37,3320.41,3350.96,7062322700.0,75680677300.0,0.0039111821931479
sh000300,2017-01-17,3305.60,3326.36,3292.20,3327.38,6945332800.0,74754505700.0,0.0020816701562007545
sh000300,2017-01-16,3314.15,3319.45,3264.21,3322.78,15777913500.0,153262520100.0,-0.0001385579729571429
sh000300,2017-01-13,3317.96,3319.91,3309.37,3338.17,8418058900.0,84556101400.0,0.0006902538566804228
sh000300,2017-01-12,3332.69,3317.62,3315.96,3343.13,8123913500.0,75031886900.0,-0.005062228220123033
sh000300,2017-01-11,3355.80,3334.5,3334.30,3366.63,9107143800.0,86750457100.00002,-0.007078049114573881
sh000300,2017-01-10,3361.64,3358.27,3354.09,3370.51,8381916000.0,82533965100.0,-0.0016736526056065903
sh000300,2017-01-09,3345.75,3363.9,3344.35,3366.22,8370794200.0,87916115200.0,0.004848148114957596
sh000300,2017-01-06,3366.85,3347.67,3346.89,3368.87,8745911400.0,91072256700.0,-0.005974244237318849
sh000300,2017-01-05,3368.34,3367.79,3361.46,3373.41,8833635700.0,91189339600.00002,-0.00015438008971857542
sh000300,2017-01-04,3340.56,3368.31,3338.15,3369.57,9005082700.0,98014355500.0,0.0078031733303811635
sh000300,2017-01-03,3313.95,3342.23,3313.95,3345.26,8656789600.0,87612765800.0,0.00971275618716172
sh000300,2016-12-30,3302.60,3310.08,3295.75,3313.55,7174411600.0,76921368800.0,0.003735869196060282
sh000300,2016-12-29,3297.04,3297.76,3288.10,3312.11,7008792300.0,75972960400.0,-0.0012507987849381674
sh000300,2016-12-28,3315.75,3301.89,3293.17,3320.55,6900043700.0,71759839600.0,-0.004372224014666526
sh000300,2016-12-27,3319.21,3316.39,3315.83,3330.23,7548635900.0,79617133000.0,-0.0018089333012281106
sh000300,2016-12-26,3293.22,3322.4,3267.05,3322.42,8979398200.0,95493219900.0,0.00447454347563192
sh000300,2016-12-23,3333.40,3307.6,3300.88,3334.89,9744471300.0,99575473200.0,-0.008415101014189075
sh000300,2016-12-22,3335.12,3335.67,3322.72,3340.36,9227724900.0,92564877600.0,-0.0008596572154294657
sh000300,2016-12-21,3313.75,3338.54,3313.75,3342.48,10825499500.0,106205485200.0,0.008908874423552371
sh000300,2016-12-20,3328.30,3309.06,3289.27,3329.10,8756959200.0,88527345900.0,-0.005983814862210113
sh000300,2016-12-19,3342.35,3328.98,3325.00,3344.86,8164067800.0,86095693800.00002,-0.005095590894283686
sh000300,2016-12-16,3335.36,3346.03,3330.49,3356.29,9077542200.0,98112206800.0,0.0016764308786594295
sh000300,2016-12-15,3363.86,3340.43,3327.14,3378.04,11496066000.0,121507811500.0,-0.011399991121502251
sh000300,2016-12-14,3399.41,3378.95,3378.27,3412.28,12400774400.0,126182669400.0,-0.0076621713694994265
sh000300,2016-12-13,3394.21,3405.04,3370.60,3416.21,12110509700.0,124454188699.99998,-0.001214368264509269
sh000300,2016-12-12,3489.27,3409.18,3400.79,3495.80,18746775100.0,199163540799.99997,-0.024192117239602684
sh000300,2016-12-09,3464.87,3493.7,3461.76,3507.93,15030330800.0,152674867700.0,0.006789351438270419
sh000300,2016-12-08,3481.81,3470.14,3466.51,3484.34,11738392200.0,119188508699.99998,-0.0016140401352227052
sh000300,2016-12-07,3458.37,3475.75,3445.76,3475.75,11434510300.0,115282194200.0,0.0047988667736293955
sh000300,2016-12-06,3466.24,3459.15,3456.81,3477.59,11552909000.0,125727753200.0,-0.0029572751562945143
sh000300,2016-12-05,3473.69,3469.41,3457.34,3496.88,18085235500.0,190175061700.00003,-0.016871874070190862
sh000300,2016-12-02,3559.77,3528.95,3516.79,3562.55,19635548000.0,203742147500.0,-0.010123308574377932
sh000300,2016-12-01,3543.96,3565.04,3543.25,3575.97,18017076100.0,199637743000.0,0.007642736009044748
sh000300,2016-11-30,3557.64,3538.0,3527.02,3567.07,17856017800.0,190681227600.00003,-0.007306315305103173
sh000300,2016-11-29,3525.90,3564.04,3521.38,3583.72,23691835600.0,248322816300.0,0.008192176697557008
sh000300,2016-11-28,3538.68,3535.08,3528.32,3553.36,20737548300.0,219859766800.0,0.0039133274642886295
sh000300,2016-11-25,3490.04,3521.3,3463.95,3521.30,15362150600.0,166832181100.0,0.009332882358674022
sh000300,2016-11-24,3468.81,3488.74,3467.01,3508.16,14574630100.0,165071453500.0,0.004031967951466653
sh000300,2016-11-23,3473.90,3474.73,3465.76,3492.96,16238850400.0,171247116200.0,0.0018366028901266596
sh000300,2016-11-22,3443.22,3468.36,3443.22,3469.22,16852344600.0,167250665800.0,0.007918956383260012
sh000300,2016-11-21,3412.65,3441.11,3412.08,3463.14,14643452900.0,147542589300.0,0.006920344349311991
sh000300,2016-11-18,3437.49,3417.46,3413.27,3443.12,11595120500.0,117345607600.0,-0.005549202247616125
sh000300,2016-11-17,3423.47,3436.53,3412.88,3437.67,12156173100.0,121576882899.99998,0.002023565499083002
sh000300,2016-11-16,3432.43,3429.59,3419.24,3435.64,12980851100.0,128944599200.0,-8.16357471273843e-05
sh000300,2016-11-15,3428.87,3429.87,3415.99,3434.92,13456632000.0,135206770500.0,-0.00011077909773338224
sh000300,2016-11-14,3409.22,3430.25,3408.14,3452.62,21324710500.0,208353308600.0,0.0038130410099437295
sh000300,2016-11-11,3387.95,3417.22,3382.89,3422.67,19878149600.0,190647270000.0,0.007848145318983812
sh000300,2016-11-10,3374.91,3390.61,3374.91,3403.02,13470553500.0,133277399600.00002,0.011201741697857148
sh000300,2016-11-09,3370.60,3353.05,3322.08,3373.10,13911005900.0,145186921700.0,-0.005360236360616
sh000300,2016-11-08,3367.70,3371.12,3361.13,3383.92,10314828200.0,105138256100.0,0.004328797976517862
sh000300,2016-11-07,3353.44,3356.59,3342.31,3362.74,9987798800.0,94370876800.0,0.0007214899662211227
sh000300,2016-11-04,3362.21,3354.17,3348.43,3377.64,10406965500.0,110813764600.00002,-0.0032450840839324258
sh000300,2016-11-03,3326.90,3365.09,3324.84,3379.99,12622350400.0,137386468400.0,0.00952195239023812
sh000300,2016-11-02,3350.71,3333.35,3331.38,3356.40,9119710400.0,100348995700.0,-0.007650972745270268
sh000300,2016-11-01,3338.71,3359.05,3334.46,3359.39,7493819900.0,84717683800.00002,0.0068249667294111305
sh000300,2016-10-31,3332.41,3336.28,3317.33,3340.47,7135286300.0,80701821000.0,-0.0011526497471655572
sh000300,2016-10-28,3347.14,3340.13,3337.29,3370.75,9313330900.0,104797971400.0,-0.0016648235047971305
sh000300,2016-10-27,3351.46,3345.7,3335.13,3352.35,7762985100.0,85241012400.0,-0.002712531298438181
sh000300,2016-10-26,3365.20,3354.8,3349.57,3367.83,9802478600.0,104719318200.0,-0.003756551693417709
sh000300,2016-10-25,3367.48,3367.45,3356.59,3373.91,11119169300.0,110576512899.99998,-3.8603388783697845e-05
sh000300,2016-10-24,3332.51,3367.58,3330.97,3382.83,15301434500.0,150063007900.0,0.01197208916561987
sh000300,2016-10-21,3315.72,3327.74,3309.18,3341.56,10978517600.0,107114926100.0,0.0027541734466340895
sh000300,2016-10-20,3317.18,3318.6,3312.17,3324.90,7923887100.0,82481095300.0,0.0007116493378043209
sh000300,2016-10-19,3323.30,3316.24,3309.83,3332.52,10116772500.0,96354442200.0,-0.0015325185994767843
sh000300,2016-10-18,3272.68,3321.33,3272.68,3321.33,10286071400.0,104625044100.0,0.013255518810938671
sh000300,2016-10-17,3305.96,3277.88,3271.54,3309.01,8611350900.0,88199418900.0,-0.008460758957605452
sh000300,2016-10-14,3298.73,3305.85,3285.73,3306.69,8231627100.0,81485597800.0,0.0009689188984602914
sh000300,2016-10-13,3299.16,3302.65,3292.40,3307.41,8122419800.0,79923748600.0,0.000799997575764877
sh000300,2016-10-12,3299.14,3300.01,3289.75,3302.56,6866978100.0,72386912600.0,-0.0019809106745377614
sh000300,2016-10-11,3296.87,3306.56,3292.88,3308.00,8771316300.0,88213421199.99998,0.0038526110623673393
sh000300,2016-10-10,3265.36,3293.87,3258.96,3294.64,8051926000.0,89607989900.0,0.01247663896129425
sh000300,2016-09-30,3240.18,3253.28,3239.04,3260.94,4497802200.0,52655734600.0,0.002740114474523825
sh000300,2016-09-29,3234.86,3244.39,3234.80,3257.77,5545255600.0,62220302300.00001,0.004178415235430499
sh000300,2016-09-28,3243.65,3230.89,3228.00,3243.65,4472749800.0,51996404800.00001,-0.0030425055928412492
sh000300,2016-09-27,3214.87,3240.75,3214.44,3240.78,5846055000.0,66651130400.0,0.006356590110176752
sh000300,2016-09-26,3267.69,3220.28,3220.28,3267.69,7045218600.0,78700835100.0,-0.016909517747514258
sh000300,2016-09-23,3292.28,3275.67,3275.02,3293.92,5799398600.0,68046257300.00001,-0.0046944505214030485
sh000300,2016-09-22,3281.47,3291.12,3277.98,3303.20,7575354200.0,89991761700.0,0.007493938726030436
sh000300,2016-09-21,3257.71,3266.64,3254.32,3270.90,5914297900.0,68957744000.0,0.0028366181617240915
sh000300,2016-09-20,3264.66,3257.4,3252.39,3265.04,5278420600.0,61626150800.0,-0.0017529235823383615
sh000300,2016-09-19,3242.74,3263.12,3242.74,3264.90,5883108200.0,67678031600.0,0.00753072963785173
sh000300,2016-09-14,3245.74,3238.73,3231.34,3255.00,7043269700.0,79780746400.0,-0.006625096232589889
sh000300,2016-09-13,3265.34,3260.33,3246.39,3269.22,6718028800.0,76862644200.0,-0.0006957641145098892
sh000300,2016-09-12,3271.87,3262.6,3234.57,3276.72,12291768200.0,134456630900.0,-0.016708659329001452
sh000300,2016-09-09,3339.37,3318.04,3318.04,3344.95,8265703600.0,95471188699.99998,-0.006443962677717963
sh000300,2016-09-08,3338.01,3339.56,3328.23,3343.40,7191615800.0,83742346900.0,-0.0003771529145539798
sh000300,2016-09-07,3344.07,3340.82,3337.75,3357.36,10294010600.0,115119908600.0,-0.0005414897849896905
sh000300,2016-09-06,3322.02,3342.63,3300.13,3347.95,9828399800.0,118366533400.0,0.006913316946211667
sh000300,2016-09-05,3321.01,3319.68,3314.63,3338.42,7829247700.0,87531089600.00002,0.0016806925539585293
sh000300,2016-09-02,3298.72,3314.11,3295.76,3320.43,8279180300.0,99396378600.0,0.0037951526238952926
sh000300,2016-09-01,3326.74,3301.58,3301.21,3329.35,8494721900.0,100911462800.0,-0.007876097950892391
sh000300,2016-08-31,3310.57,3327.79,3304.66,3333.97,7957080500.0,99215044400.0,0.0047705458047881955
sh000300,2016-08-30,3310.32,3311.99,3304.60,3325.12,7572598700.0,89513016700.0,0.001272756954815435
sh000300,2016-08-29,3306.58,3307.78,3297.07,3315.08,7703633300.0,88011642000.0,0.0002086426435325972
sh000300,2016-08-26,3312.50,3307.09,3301.74,3328.95,8153069100.0,93213205600.0,-0.0005681526275547188
sh000300,2016-08-25,3314.08,3308.97,3279.81,3315.08,10058915300.0,112578140000.0,-0.006273537025580755
sh000300,2016-08-24,3341.93,3329.86,3323.73,3348.13,8119142900.0,94012832200.0,-0.0035818698138444516
sh000300,2016-08-23,3332.62,3341.83,3324.96,3359.65,9292451600.0,108503692400.0,0.001510433680273593
sh000300,2016-08-22,3364.68,3336.79,3335.47,3372.83,10795100800.0,128201783800.00002,-0.008389251772649153
sh000300,2016-08-19,3358.55,3365.02,3341.19,3374.04,11996150800.0,135382706300.00002,0.0001575275896199546
sh000300,2016-08-18,3369.95,3364.49,3349.69,3394.79,14238016900.0,172256533000.0,-0.002537762559108314
sh000300,2016-08-17,3377.77,3373.05,3356.92,3394.39,13884768800.0,167917530900.0,-0.0015392584918226815
sh000300,2016-08-16,3403.38,3378.25,3372.02,3418.69,19638974000.0,226785231100.0,-0.004470416276205147
sh000300,2016-08-15,3303.47,3393.42,3302.38,3417.91,22054342100.0,258897463900.0,0.030110223026321714
sh000300,2016-08-12,3231.81,3294.23,3231.14,3294.23,11625404400.0,129354686400.0,0.018825617933047933
sh000300,2016-08-11,3239.56,3233.36,3232.61,3274.03,10104121300.0,116996159000.0,-0.003077074867266494
sh000300,2016-08-10,3255.18,3243.34,3242.75,3261.86,9043037200.0,106157448000.0,-0.004187928694680321
sh000300,2016-08-09,3232.60,3256.98,3229.17,3257.33,9106525900.0,105924052400.0,0.007049700387733671
sh000300,2016-08-08,3199.57,3234.18,3187.25,3234.48,8667605100.0,102638114600.00002,0.009069891516983786
sh000300,2016-08-05,3201.35,3205.11,3192.86,3224.87,7719636600.0,94429542400.0,0.0011932689634490679
sh000300,2016-08-04,3190.55,3201.29,3170.42,3201.55,7350437300.0,86919591100.0,0.0024361908996684
sh000300,2016-08-03,3179.68,3193.51,3173.54,3197.16,7286410200.0,79754323300.0,0.0013985356140544525
sh000300,2016-08-02,3173.76,3189.05,3165.54,3189.05,6216763900.0,70640763800.0,0.0038529216415210676
sh000300,2016-08-01,3196.43,3176.81,3156.75,3199.98,8700349700.0,98818634400.0,-0.008464604407711795
sh000300,2016-07-29,3217.19,3203.93,3198.68,3225.42,8804483700.0,103787029700.0,-0.0053428289363393056
sh000300,2016-07-28,3204.46,3221.14,3195.27,3235.78,11277996400.0,137295892800.0,0.0009011136521825946
sh000300,2016-07-27,3270.08,3218.24,3157.41,3276.51,16018866500.0,186928366500.0,-0.015705333084576445
sh000300,2016-07-26,3228.23,3269.59,3228.01,3269.75,8105108900.0,103745762800.0,0.011978123674900809
sh000300,2016-07-25,3220.17,3230.89,3218.14,3243.79,7020318500.0,92015844000.0,0.0017766560418708277
sh000300,2016-07-22,3251.24,3225.16,3220.89,3253.77,8602912800.0,107416887300.0,-0.008411939050336437
sh000300,2016-07-21,3238.34,3252.52,3238.30,3271.37,8600482500.0,107464072500.0,0.004605248933627015
sh000300,2016-07-20,3246.86,3237.61,3232.26,3254.51,7270125500.0,91367449000.0,-0.003269472912940219
sh000300,2016-07-19,3260.43,3248.23,3226.20,3264.73,8888686100.0,107108911199.99998,-0.004227441891833883
sh000300,2016-07-18,3269.71,3262.02,3251.77,3281.64,11031251800.0,129785706199.99998,-0.004352497344549344
sh000300,2016-07-15,3278.84,3276.28,3265.29,3285.03,10266502600.0,125179812899.99998,-0.00014648616316115248
sh000300,2016-07-14,3277.48,3276.76,3259.07,3281.95,10752579800.0,128090420900.0,-0.0018611763487434985
sh000300,2016-07-13,3274.02,3282.87,3271.78,3300.99,17519609000.0,196592300300.0,0.002960423808039847
sh000300,2016-07-12,3201.91,3273.18,3200.30,3273.47,17253421700.0,190853738900.0,0.02180543372053445
sh000300,2016-07-11,3199.04,3203.33,3197.63,3235.96,13852951100.0,155288151700.0,0.003461475810392578
sh000300,2016-07-08,3199.75,3192.28,3183.96,3204.93,8973485500.0,111063465399.99998,-0.005504758641100227
sh000300,2016-07-07,3206.55,3209.95,3190.12,3220.54,11859520200.0,140488833700.0,-0.0021294454115892147
sh000300,2016-07-06,3197.63,3216.8,3183.45,3217.52,12489745800.0,147232471500.0,0.00293697659772163
sh000300,2016-07-05,3199.16,3207.38,3198.00,3216.70,13022689500.0,143899100400.0,0.0008362717259027264
sh000300,2016-07-04,3136.39,3204.7,3134.02,3210.60,13331052900.0,149894780000.0,0.016010398833301576
sh000300,2016-07-01,3156.93,3154.2,3148.29,3170.26,7174628300.0,91215027700.0,8.877840909082835e-05
sh000300,2016-06-30,3152.83,3153.92,3148.20,3163.72,7969261700.0,100627912899.99998,0.0008028203427694613
sh000300,2016-06-29,3142.48,3151.39,3139.13,3158.08,10372366800.0,117958861199.99998,0.004779364876928982
sh000300,2016-06-28,3107.40,3136.4,3099.70,3139.43,9202463700.0,117197791500.0,0.005082453677889065
sh000300,2016-06-27,3065.13,3120.54,3064.97,3120.64,8326725900.0,104066083800.00002,0.014097414499083527
sh000300,2016-06-24,3110.65,3077.16,3033.97,3130.54,10479220800.0,118967441700.0,-0.012882860918994599
sh000300,2016-06-23,3129.72,3117.32,3102.48,3129.72,6775173800.0,81732552200.0,-0.005309576382595771
sh000300,2016-06-22,3100.45,3133.96,3096.99,3134.06,6648711300.0,81348715800.0,0.008897988616755503
sh000300,2016-06-21,3124.90,3106.32,3097.94,3155.49,8796534500.0,107233643600.0,-0.002040049218195228
sh000300,2016-06-20,3114.91,3112.67,3089.71,3118.73,6358714100.0,74647802500.0,0.0007426793040032909
sh000300,2016-06-17,3096.09,3110.36,3096.09,3131.05,8540298500.0,97953389300.0,0.005070007464446968
sh000300,2016-06-16,3104.36,3094.67,3089.48,3112.48,8297470300.0,93496238900.0,-0.0069632296550152795
sh000300,2016-06-15,3043.96,3116.37,3042.23,3128.67,8739325700.0,106170177899.99998,0.01313077458240941
sh000300,2016-06-14,3058.44,3075.98,3055.66,3078.75,6627945700.0,78622305400.0,0.0031438131453132012
sh000300,2016-06-13,3134.05,3066.34,3065.77,3145.61,9297594700.0,114091320000.0,-0.030862929402431627
sh000300,2016-06-08,3171.81,3163.99,3148.35,3174.97,7629177500.0,97682790900.0,-0.004110731653578115
sh000300,2016-06-07,3182.44,3177.05,3168.18,3186.62,6892831400.0,88711618400.0,-0.0005473780904053926
sh000300,2016-06-06,3192.78,3178.79,3168.55,3197.22,7669375100.0,101176231400.0,-0.0033047693402689093
sh000300,2016-06-03,3172.95,3189.33,3162.09,3201.75,10149178300.0,136332027100.00002,0.0070190394998579375
sh000300,2016-06-02,3158.03,3167.1,3151.07,3168.82,8600342700.0,97093625300.0,0.002072424103399584
sh000300,2016-06-01,3172.96,3160.55,3159.82,3181.79,11314848200.0,131700821199.99998,-0.0028426658589835174
sh000300,2016-05-31,3068.60,3169.56,3068.60,3170.93,13886311100.0,151398176000.0,0.03353756957782106
sh000300,2016-05-30,3056.31,3066.71,3037.66,3075.26,6309857900.0,63496565000.0,0.0013746938775509587
sh000300,2016-05-27,3059.73,3062.5,3052.18,3073.76,6046875000.0,59371777100.0,-0.0005580557468319869
sh000300,2016-05-26,3056.60,3064.21,3027.44,3072.52,6039298100.0,65985183900.0,0.0016278606054465072
sh000300,2016-05-25,3079.75,3059.23,3054.87,3089.10,5665280300.0,63316562500.0,-0.0014133883455847984
sh000300,2016-05-24,3083.24,3063.56,3052.59,3083.26,5873438500.0,61106015400.0,-0.007663852916215852
sh000300,2016-05-23,3078.51,3087.22,3076.50,3098.48,5969721600.0,70337514500.0,0.0029237676319431305
sh000300,2016-05-20,3047.78,3078.22,3041.52,3078.53,5608084200.0,65124251100.0,0.0051330612244897544
sh000300,2016-05-19,3060.34,3062.5,3058.15,3086.98,6044416600.0,68679060400.0,-0.0018057130937014776
sh000300,2016-05-18,3071.53,3068.04,3039.46,3072.61,8271536900.0,88458847100.00002,-0.005826274619088689
sh000300,2016-05-17,3095.52,3086.02,3073.46,3105.20,6527812500.0,75389385500.0,-0.0030013148925309707
sh000300,2016-05-16,3064.53,3095.31,3053.66,3095.56,5946185600.0,64405200000.0,0.006624519502819615
sh000300,2016-05-13,3081.68,3074.94,3064.69,3103.10,6262975500.0,65850995599.99999,-0.004918870989663815
sh000300,2016-05-12,3059.38,3090.14,3035.02,3095.35,7876572600.0,81418792600.0,0.002377700863822163
sh000300,2016-05-11,3080.64,3082.81,3063.09,3102.88,8179425800.0,87323408300.0,0.00446383479249679
sh000300,2016-05-10,3055.21,3069.11,3055.18,3084.72,6884993500.0,70650764100.0,0.001138432030062475
sh000300,2016-05-09,3115.43,3065.62,3055.01,3115.43,9923047700.0,100409213500.0,-0.020678198923443025
sh000300,2016-05-06,3213.14,3130.35,3130.15,3216.89,10868024000.0,119265216100.0,-0.02600251406382237
sh000300,2016-05-05,3204.17,3213.92,3196.57,3217.28,7473368100.0,83946496900.0,0.0013896418712182612
sh000300,2016-05-04,3203.47,3209.46,3198.29,3222.88,9086240800.0,97797134800.0,-0.001269627887003133
sh000300,2016-05-03,3159.82,3213.54,3151.40,3218.49,9816483500.0,115733867600.0,0.017990021382751298
sh000300,2016-04-29,3153.54,3156.75,3149.40,3171.29,5802977600.0,70807704200.0,-0.0012118028969365646
sh000300,2016-04-28,3169.33,3160.58,3135.64,3174.77,6987066000.0,78876767200.0,-0.001686713498761816
sh000300,2016-04-27,3181.93,3165.92,3162.69,3188.83,6000414700.0,70620406000.0,-0.004164622101435533
sh000300,2016-04-26,3159.77,3179.16,3150.40,3181.10,5902073400.0,68871554200.0,0.005417405906964712
sh000300,2016-04-25,3164.74,3162.03,3137.11,3172.27,6751935100.0,74734848000.0,-0.0040536709817631245
sh000300,2016-04-22,3142.56,3174.9,3137.99,3175.38,7707849200.0,82442921900.0,0.004524457381509972
sh000300,2016-04-21,3160.80,3160.6,3150.94,3198.56,10475265100.0,110324379000.0,-0.006422448074994702
sh000300,2016-04-20,3244.14,3181.03,3107.37,3248.42,16220785800.0,172324694500.0,-0.017685205200259402
sh000300,2016-04-19,3243.97,3238.3,3221.58,3250.73,8087144000.0,90976236300.00002,0.0030509997057412974
sh000300,2016-04-18,3252.67,3228.45,3221.66,3252.67,9709006900.0,103956150100.0,-0.013373224823590268
sh000300,2016-04-15,3279.86,3272.21,3261.73,3282.98,9980752900.0,107963982300.0,-0.0011050634495685108
sh000300,2016-04-14,3277.10,3275.83,3252.05,3286.07,11315732700.0,117989443500.0,0.004430639790518054
sh000300,2016-04-13,3237.86,3261.38,3237.86,3296.52,19561386600.0,200159601300.0,0.013338718948562311
sh000300,2016-04-12,3227.37,3218.45,3198.90,3232.26,9286943700.0,99086558000.0,-0.003606699482988196
sh000300,2016-04-11,3213.51,3230.1,3213.51,3251.57,12521270900.0,142759491300.0,0.01392773398875602
sh000300,2016-04-08,3189.85,3185.73,3163.30,3197.77,10100562500.0,113920716500.0,-0.007341187614706035
sh000300,2016-04-07,3266.29,3209.29,3208.64,3270.82,11240946700.0,128273067700.0,-0.014808766151040875
sh000300,2016-04-06,3250.52,3257.53,3236.20,3267.64,12019630500.0,137206268600.0,-0.0021320328749665496
sh000300,2016-04-05,3211.30,3264.49,3205.21,3271.93,14604777200.0,159296543700.0,0.013222052894419134
sh000300,2016-04-01,3213.67,3221.89,3165.86,3222.61,11812213900.0,127050098500.0,0.001180824650646617
sh000300,2016-03-31,3229.20,3218.09,3208.66,3241.93,12155207400.0,147267617400.0,0.0005627619485866209
sh000300,2016-03-30,3161.29,3216.28,3161.29,3216.68,11780251200.0,140721774500.0,0.02579248009032331
sh000300,2016-03-29,3171.31,3135.41,3122.76,3178.07,9729474700.0,113844280600.0,-0.01082742063204123
sh000300,2016-03-28,3206.95,3169.73,3161.88,3229.62,10344193300.0,123844044100.0,-0.00878410917437511
sh000300,2016-03-25,3176.81,3197.82,3174.32,3204.44,9739533000.0,115195604400.0,0.005019092666216363
sh000300,2016-03-24,3211.50,3181.85,3181.81,3221.91,13313112200.0,162436036400.0,-0.01676096771103408
sh000300,2016-03-23,3217.73,3236.09,3202.98,3242.25,12567928600.0,155567074600.0,0.0031930162843831766
sh000300,2016-03-22,3231.61,3225.79,3218.73,3249.68,16102089700.0,194211983000.0,-0.007278177162834187
sh000300,2016-03-21,3203.29,3249.44,3198.36,3267.78,23326946400.0,256836636300.0,0.024426537535151782
sh000300,2016-03-18,3136.22,3171.96,3130.10,3197.67,19730256400.0,210017810300.0,0.015287113501056382
sh000300,2016-03-17,3096.81,3124.2,3077.57,3147.84,12166177700.0,136603715800.0,0.01105814506655256
sh000300,2016-03-16,3068.87,3090.03,3064.52,3100.35,12473644800.0,126128854000.0,0.00495970443413829
sh000300,2016-03-15,3061.34,3074.78,3028.58,3077.08,9831194100.0,101302845700.0,0.0029650747466312133
sh000300,2016-03-14,3039.57,3065.69,3034.00,3106.80,11710865500.0,123539094700.0,0.015707621559298612
sh000300,2016-03-11,2990.21,3018.28,2982.17,3026.44,7333356400.0,74367296500.0,0.0017025372118879556
sh000300,2016-03-10,3056.21,3013.15,3012.69,3074.16,7607219700.0,78180468600.0,-0.01912816456211275
sh000300,2016-03-09,3045.92,3071.91,3020.13,3072.92,11146624500.0,106298652800.0,-0.011507013292917256
sh000300,2016-03-08,3100.15,3107.67,3001.83,3109.25,13623574200.0,128758488100.0,0.0009114801406835404
sh000300,2016-03-07,3109.00,3104.84,3083.58,3130.90,13246203700.0,127790344500.0,0.0035392337801281037
sh000300,2016-03-04,3047.54,3093.89,3032.42,3101.66,21917253400.0,205520475500.0,0.011597491515226821
sh000300,2016-03-03,3050.39,3058.42,3040.25,3078.44,17310574400.0,165509087700.0,0.00232357693202645
sh000300,2016-03-02,2933.92,3051.33,2933.12,3054.72,17597234700.0,164025161500.0,0.04116436743565499
sh000300,2016-03-01,2881.34,2930.69,2863.32,2950.44,11604591800.0,110491037800.0,0.01849541437443314
sh000300,2016-02-29,2939.58,2877.47,2821.21,2939.87,12934102000.0,118440829600.00002,-0.023934627530927566
sh000300,2016-02-26,2942.10,2948.03,2902.95,2964.39,10694972900.0,102531571900.0,0.010031691648822338
sh000300,2016-02-25,3104.41,2918.75,2905.46,3104.44,15782975200.0,153493008200.0,-0.061359360679198005
sh000300,2016-02-24,3077.61,3109.55,3055.25,3109.55,11178265000.0,112918607500.0,0.006535334179247565
sh000300,2016-02-23,3117.20,3089.36,3061.43,3119.22,11256739100.0,117476469100.0,-0.009461760188786195
sh000300,2016-02-22,3083.93,3118.87,3071.33,3128.21,14094696800.0,141684080600.0,0.02204752276681976
sh000300,2016-02-19,3047.94,3051.59,3032.63,3065.97,8733801200.0,90849341800.0,-0.0006909650587810789
sh000300,2016-02-18,3079.53,3053.7,3049.84,3093.51,12440146400.0,122618612200.0,-0.0031403836360550663
sh000300,2016-02-17,3034.09,3063.32,3027.05,3065.78,12829160700.0,122279340200.0,0.008653162289597782
sh000300,2016-02-16,2962.19,3037.04,2962.19,3042.09,11257964300.0,112300492300.0,0.030654526573704155
sh000300,2016-02-15,2888.43,2946.71,2886.02,2961.49,7291943400.0,71285049100.0,-0.005762891432928741
sh000300,2016-02-05,2982.06,2963.79,2962.85,2988.36,7685080800.0,77443222300.0,-0.0070256905077795695
sh000300,2016-02-04,2960.33,2984.76,2960.21,2999.21,9177972400.0,91550346900.0,0.012249715122904181
sh000300,2016-02-03,2931.29,2948.64,2909.90,2954.71,7738900000.0,74817092300.0,-0.004285236701076944
sh000300,2016-02-02,2901.53,2961.33,2901.51,2972.43,8860196300.0,88740230399.99998,0.020778683580082946
sh000300,2016-02-01,2939.04,2901.05,2869.56,2944.52,8679534200.0,82931453500.0,-0.015288059767352702
sh000300,2016-01-29,2855.60,2946.09,2854.37,2965.31,11330425900.0,109462356700.0,0.032353806907378324
sh000300,2016-01-28,2909.33,2853.76,2841.84,2941.89,9922275600.0,95663874900.0,-0.02613680959612319
sh000300,2016-01-27,2953.18,2930.35,2839.29,2963.54,13222936600.0,126997670800.0,-0.0034551829444553483
sh000300,2016-01-26,3099.60,2940.51,2934.65,3106.53,12693392100.0,127250652500.0,-0.06020665475615938
sh000300,2016-01-25,3129.03,3128.89,3105.10,3149.33,8154006100.0,85777891400.0,0.004955901151773245
sh000300,2016-01-22,3114.90,3113.46,3053.96,3132.17,8995108700.0,96885673800.00002,0.010420757135671144
sh000300,2016-01-21,3136.38,3081.35,3081.35,3202.54,11118973300.0,121856195399.99998,-0.029306510247670503
sh000300,2016-01-20,3204.22,3174.38,3154.43,3225.95,13065050400.0,143313337200.0,-0.015125049253365552
sh000300,2016-01-19,3132.70,3223.13,3119.22,3227.91,12765389300.0,142907686300.0,0.029513883343501357
sh000300,2016-01-18,3068.23,3130.73,3066.73,3165.62,10112838600.0,109458287800.0,0.0038477200655395727
sh000300,2016-01-15,3200.89,3118.73,3101.05,3216.80,12460177900.0,131882737300.0,-0.031922323587567636
sh000300,2016-01-14,3076.64,3221.57,3072.04,3226.66,13453767100.0,144771580600.0,0.020815113375667105
sh000300,2016-01-13,3240.48,3155.88,3155.88,3257.30,12066649400.0,130886082400.0,-0.018605533459173818
sh000300,2016-01-12,3214.82,3215.71,3174.55,3242.25,12822579600.0,142048909700.0,0.007285940265313595
sh000300,2016-01-11,3303.12,3192.45,3192.45,3342.48,17463838700.0,184464050200.0,-0.05030700032127944
sh000300,2016-01-08,3371.87,3361.56,3237.93,3418.85,18595945100.0,203498868299.99997,0.020392304470036704
sh000300,2016-01-07,3481.15,3294.38,3284.74,3481.15,4410264100.0,47130795599.99999,-0.06933422980329451
sh000300,2016-01-06,3482.41,3539.81,3468.47,3543.74,14596614400.0,160947198400.0,0.017543506631635175
sh000300,2016-01-05,3382.18,3478.78,3377.28,3518.22,16211698400.0,196017085900.0,0.0027990210632820034
sh000300,2016-01-04,3725.86,3469.07,3468.95,3726.24,11537067400.0,145968206100.0,-0.07020369874028409
sh000300,2015-12-31,3760.90,3731.0,3727.32,3772.62,10187355600.0,145043696200.0,-0.009077919249544486
sh000300,2015-12-30,3762.91,3765.18,3726.28,3765.66,10562995500.0,155744099300.0,0.0008798815482724542
sh000300,2015-12-29,3723.05,3761.87,3710.48,3762.05,10188555500.0,140405054700.0,0.009185461003372142
sh000300,2015-12-28,3847.53,3727.63,3727.63,3853.39,15398844000.0,210026020500.0,-0.02880777447761962
sh000300,2015-12-25,3832.09,3838.2,3813.20,3848.02,11962401300.0,163314511400.0,0.002298010132135486
sh000300,2015-12-24,3858.13,3829.4,3787.08,3867.68,14718139700.0,203683543600.0,-0.009564502195852476
sh000300,2015-12-23,3877.87,3866.38,3862.96,3926.69,20701714700.0,294710770200.0,-0.002669775816216191
sh000300,2015-12-22,3872.10,3876.73,3841.59,3880.47,18030366100.0,243797366700.00003,0.0027858539664145088
sh000300,2015-12-21,3762.10,3865.96,3759.99,3877.82,21743527500.0,289905289200.0,0.02602238376182031
sh000300,2015-12-18,3754.96,3767.91,3750.93,3810.22,17346598000.0,232281458200.0,0.0032003067182477807
sh000300,2015-12-17,3712.78,3755.89,3709.85,3768.84,17792407500.0,242543823400.0,0.019115763653729134
sh000300,2015-12-16,3703.95,3685.44,3677.45,3713.09,11134272300.0,160118243200.0,-0.00242259209233453
sh000300,2015-12-15,3707.73,3694.39,3679.23,3717.36,12648171000.0,186795461700.00003,-0.0045617192804716655
sh000300,2015-12-14,3573.88,3711.32,3571.00,3712.50,15176911900.0,203291513299.99997,0.028619257994600966
sh000300,2015-12-11,3605.37,3608.06,3578.15,3630.74,11032248100.0,145248640200.0,-0.0041456440376695936
sh000300,2015-12-10,3634.37,3623.08,3615.99,3678.32,12021562500.0,168622188299.99997,-0.00353691205025386
sh000300,2015-12-09,3613.42,3635.94,3611.49,3655.16,11332542200.0,154319992100.0,0.0035660857516657263
sh000300,2015-12-08,3668.84,3623.02,3619.44,3668.84,12578108300.0,163317229200.0,-0.017515409709812135
sh000300,2015-12-07,3681.58,3687.61,3658.58,3699.34,11388315000.0,161220059800.0,0.002724610410622219
sh000300,2015-12-04,3719.73,3677.59,3667.29,3726.12,15119952200.0,196455597800.0,-0.019126236897554216
sh000300,2015-12-03,3709.55,3749.3,3693.14,3758.45,19776212600.0,236698987399.99997,0.007348298606913106
sh000300,2015-12-02,3587.76,3721.95,3573.40,3725.85,21353886500.0,260938692600.00003,0.03626416460172055
sh000300,2015-12-01,3562.32,3591.7,3536.12,3617.31,13653655400.0,176598805600.0,0.007091164504361425
sh000300,2015-11-30,3554.89,3566.41,3455.07,3587.97,17320116300.0,220098287800.0,0.002648306573816539
sh000300,2015-11-27,3739.10,3556.99,3534.39,3742.74,20893935800.0,269758168500.0,-0.053848588748826254
sh000300,2015-11-26,3795.25,3759.43,3756.82,3805.84,17352546800.0,239797205600.0,-0.005865226715605298
sh000300,2015-11-25,3747.76,3781.61,3735.72,3781.86,15194494100.0,215125048000.0,0.007384339977996257
sh000300,2015-11-24,3745.76,3753.89,3702.74,3754.17,14338328300.0,192495095100.00003,0.00014653615180071355
sh000300,2015-11-23,3774.44,3753.34,3743.41,3802.85,17562681200.0,234640979600.0,-0.005574425468553801
sh000300,2015-11-20,3778.88,3774.38,3757.03,3793.54,18695168900.0,242295089800.0,-0.0001562926327890457
sh000300,2015-11-19,3725.62,3774.97,3714.67,3775.23,15463198900.0,204557607000.0,0.01598404555950883
sh000300,2015-11-18,3760.46,3715.58,3706.31,3771.85,18568949500.0,254137953299.99997,-0.011390515619720154
sh000300,2015-11-17,3790.43,3758.39,3750.16,3852.77,24853307100.0,365138598400.00006,-0.0015249207652233698
sh000300,2015-11-16,3682.73,3764.13,3680.07,3764.41,16169090100.0,227483711600.0,0.004775454856069006
sh000300,2015-11-13,3756.20,3746.24,3727.58,3793.71,20348989100.0,281961129500.0,-0.012931715902743446
sh000300,2015-11-12,3841.74,3795.32,3771.27,3843.90,21753764700.0,302446791900.0,-0.009998304487890075
sh000300,2015-11-11,3828.45,3833.65,3781.41,3843.11,23223429600.0,307008336100.0,0.00010695912596148105
sh000300,2015-11-10,3806.67,3833.24,3798.82,3876.49,28651960300.0,380910629400.0,-0.001851393753173558
sh000300,2015-11-09,3796.38,3840.35,3796.38,3891.77,35680482300.0,463161707600.0,0.012384766052349283
sh000300,2015-11-06,3698.34,3793.37,3694.66,3801.71,29875307600.0,389779446700.0,0.023583569213998068
sh000300,2015-11-05,3630.78,3705.97,3627.30,3781.41,39804656800.0,495138171500.0,0.0213391612053333
sh000300,2015-11-04,3477.16,3628.54,3477.16,3628.54,20542386500.0,266955890000.0,0.04704962357415554
sh000300,2015-11-03,3484.72,3465.49,3452.62,3501.70,10140187600.0,132231502600.0,-0.003012117515736712
sh000300,2015-11-02,3489.23,3475.96,3474.71,3543.45,13000256800.0,167455101900.0,-0.016445581311119173
sh000300,2015-10-30,3530.22,3534.08,3497.57,3574.47,13914191400.0,183317149500.0,0.00021792596743552828
sh000300,2015-10-29,3539.98,3533.31,3507.97,3561.81,12701044600.0,161051885800.0,0.0023801958626010755
sh000300,2015-10-28,3575.80,3524.92,3517.21,3598.17,17097709800.0,213303023800.0,-0.018915187815902623
sh000300,2015-10-27,3569.45,3592.88,3486.10,3601.05,19205614000.0,239042538500.0,0.0010085644394666193
sh000300,2015-10-26,3614.70,3589.26,3561.19,3620.76,20424886300.0,270489759100.0,0.005045866421747203
sh000300,2015-10-23,3536.84,3571.24,3515.82,3581.84,19829447800.0,247059685200.0,0.01325283087390372
sh000300,2015-10-22,3453.20,3524.53,3442.31,3530.77,18430558000.0,223583606500.0,0.01476426977614631
sh000300,2015-10-21,3580.84,3473.25,3417.41,3601.24,28207605000.0,326886985800.0,-0.02919473404701345
sh000300,2015-10-20,3527.88,3577.7,3510.44,3577.80,17902510800.0,226525577200.0,0.012314030411580523
sh000300,2015-10-19,3548.95,3534.18,3502.50,3572.99,20760674400.0,254890985100.00003,3.112558608053817e-05
sh000300,2015-10-16,3508.52,3534.07,3487.10,3537.54,20896470900.0,252211491400.0,0.013553936119260923
sh000300,2015-10-15,3403.39,3486.81,3402.32,3486.81,17115829900.0,201881880400.0,0.02369271691166741
sh000300,2015-10-14,3431.14,3406.11,3403.23,3458.70,15217393800.0,174599255700.0,-0.01130030420546635
sh000300,2015-10-13,3422.48,3445.04,3413.97,3452.05,14543378600.0,174978938000.0,-0.0007686305903372714
sh000300,2015-10-12,3351.14,3447.69,3347.25,3486.63,22140046800.0,263706468500.0,0.03220542974503915
sh000300,2015-10-09,3302.36,3340.12,3293.97,3352.38,12435250000.0,144731343200.0,0.013238363345143833
sh000300,2015-10-08,3324.98,3296.48,3294.61,3337.33,13208176800.0,164120601400.0,0.029201205139012476
sh000300,2015-09-30,3195.90,3202.95,3186.77,3223.91,7855934900.0,95881598699.99998,0.007581358038284192
sh000300,2015-09-29,3197.22,3178.85,3159.04,3208.42,8715063300.0,96691510000.0,-0.01970549687765022
sh000300,2015-09-28,3226.61,3242.75,3186.51,3246.55,7421946800.0,88007467000.0,0.0033416358545150793
sh000300,2015-09-25,3272.67,3231.95,3201.91,3290.86,12141927800.0,137602168800.0,-0.016149162861491706
sh000300,2015-09-24,3278.90,3285.0,3255.90,3300.86,10201123800.0,120820642500.0,0.006733005825873439
sh000300,2015-09-23,3290.07,3263.03,3253.33,3315.94,12317143900.0,136885975700.0,-0.022761101277916085
sh000300,2015-09-22,3312.37,3339.03,3303.18,3371.41,14622198500.0,172492862600.00003,0.009304012695533936
sh000300,2015-09-21,3222.60,3308.25,3211.93,3312.55,12278866800.0,145323018200.0,0.01752545928206506
sh000300,2015-09-18,3254.44,3251.27,3227.83,3280.88,10690348100.0,121752531700.0,0.004408402842137837
sh000300,2015-09-17,3287.66,3237.0,3237.00,3354.91,16940188100.0,190270181400.0,-0.02183274155775483
sh000300,2015-09-16,3149.16,3309.25,3131.37,3345.92,15970999400.0,168269840300.0,0.0498123550629237
sh000300,2015-09-15,3208.74,3152.23,3131.98,3240.08,14355564100.0,145989213800.0,-0.03928524624138641
sh000300,2015-09-14,3367.64,3281.13,3187.57,3373.92,20545725100.0,226168550100.00003,-0.019735957624156364
sh000300,2015-09-11,3349.88,3347.19,3315.48,3383.13,10854750800.0,130262410900.0,-0.00308855240114847
sh000300,2015-09-10,3349.28,3357.56,3337.31,3398.32,14488297100.0,168108269700.0,-0.012281904268807486
sh000300,2015-09-09,3344.82,3399.31,3330.29,3426.65,22046742100.0,258815795000.0,0.019582965909022754
sh000300,2015-09-08,3221.79,3334.02,3170.81,3340.22,15459963100.0,168294750000.0,0.025697664044497914
sh000300,2015-09-07,3347.29,3250.49,3240.24,3422.22,20422443100.0,221756790300.0,-0.03426792202814766
sh000300,2015-09-02,3220.85,3365.83,3213.64,3387.02,34778941200.0,348986389300.0,0.0011153809546471383
sh000300,2015-09-01,3296.53,3362.08,3190.58,3370.50,35245852800.0,351387828300.0,-0.0013248023192952152
sh000300,2015-08-31,3307.40,3366.54,3205.54,3368.28,28025040300.0,306610891100.0,0.007255504459517281
sh000300,2015-08-28,3246.24,3342.29,3223.62,3353.24,29949842600.0,318763482700.0,0.0426279931620519
sh000300,2015-08-27,3092.81,3205.64,3028.40,3206.72,26729493000.0,278769983400.0,0.05947403732702283
sh000300,2015-08-26,3062.57,3025.69,2952.01,3192.93,30827062300.0,312188248700.0,-0.005665592044509671
sh000300,2015-08-25,3070.01,3042.93,3019.56,3200.11,27608130600.0,281160333700.0,-0.07101140884070678
sh000300,2015-08-24,3454.60,3275.53,3266.55,3468.15,25543665200.0,273124228200.0,-0.08747917560467355
sh000300,2015-08-21,3714.29,3589.54,3578.17,3757.78,21798640300.0,267498426400.0,-0.04570311980752095
sh000300,2015-08-20,3848.40,3761.45,3761.45,3880.82,21216796500.0,270576698800.0,-0.03208582295027973
sh000300,2015-08-19,3748.27,3886.14,3668.19,3898.74,26904983900.0,340923470900.00006,0.01587542250373164
sh000300,2015-08-18,4084.31,3825.41,3816.55,4103.05,31988107000.0,424924184400.0,-0.061909771522878354
sh000300,2015-08-17,4058.11,4077.87,4009.99,4081.77,25693963800.0,336830563000.0,0.0010629575258864765
sh000300,2015-08-14,4097.92,4073.54,4056.73,4113.16,25339299600.0,340076813300.0,-0.00047111246337838697
sh000300,2015-08-13,4010.01,4075.46,3967.82,4075.70,24283697900.0,319887603000.0,0.0147729281671658
sh000300,2015-08-12,4025.67,4016.13,4015.35,4078.03,25514619600.0,339799364900.0,-0.012427858665689628
sh000300,2015-08-11,4083.59,4066.67,4042.00,4110.13,32203419100.0,416996541200.0,-0.00433115592161315
sh000300,2015-08-10,3947.47,4084.36,3932.84,4101.73,30678054000.0,401702020600.0,0.04540882273896529
sh000300,2015-08-07,3866.43,3906.95,3857.91,3926.65,18334915300.0,246546119100.0,0.01959888826545919
sh000300,2015-08-06,3802.93,3831.85,3793.24,3888.69,14727869400.0,195532363800.0,-0.009064108200367293
sh000300,2015-08-05,3937.62,3866.9,3858.66,3962.28,20048426900.0,272693514000.0,-0.020581739341870575
sh000300,2015-08-04,3827.37,3948.16,3801.03,3948.45,22023655600.0,288756503300.0,0.03105577085792488
sh000300,2015-08-03,3766.07,3829.24,3742.58,3829.24,24580503000.0,309631297700.0,0.003285560824796363
sh000300,2015-07-31,3777.16,3816.7,3757.99,3863.62,22237676700.0,299312543800.0,0.0003381025892368328
sh000300,2015-07-30,3915.78,3815.41,3802.88,3968.53,27154866500.0,376351170600.0,-0.02925162452485519
sh000300,2015-07-29,3839.96,3930.38,3769.19,3934.00,27697284500.0,372287868100.0,0.03130075647649355
sh000300,2015-07-28,3690.97,3811.09,3627.42,3883.45,38352721600.0,482654543300.0,-0.002000665142599778
sh000300,2015-07-27,4097.80,3818.73,3817.17,4156.31,36505451100.0,477952010800.0,-0.08561447029413727
sh000300,2015-07-24,4255.20,4176.28,4154.62,4299.65,39204537300.0,535901647200.0,-0.017533128980123935
sh000300,2015-07-23,4158.93,4250.81,4148.82,4262.06,35447175900.0,483972220000.0,0.022527398512446117
sh000300,2015-07-22,4148.56,4157.16,4094.71,4187.43,31894599700.0,441832505200.00006,-0.002124334795163829
sh000300,2015-07-21,4109.76,4166.01,4081.70,4201.48,31837494500.0,431695843800.0,0.0012978866079735862
sh000300,2015-07-20,4157.06,4160.61,4106.39,4221.69,35267347200.0,483493894700.0,0.0021943875707575167
sh000300,2015-07-17,4023.76,4151.5,4000.23,4190.19,33110713100.0,435597103700.0,0.03856044989693186
sh000300,2015-07-16,3949.64,3997.36,3856.32,4067.02,33053134500.0,410050894600.0,0.007714104205951422
sh000300,2015-07-15,4068.88,3966.76,3899.51,4114.24,42195636700.0,514064532299.99994,-0.035356200527704384
sh000300,2015-07-14,4178.63,4112.15,4062.50,4258.51,45442200900.0,597521262500.0,-0.023662036036763423
sh000300,2015-07-13,4132.23,4211.81,4072.43,4278.16,50209218600.0,659251724200.0,0.025629724148679145
sh000300,2015-07-10,3916.27,4106.56,3887.55,4179.11,50070180200.0,629079513000.0,0.053604369835002386
sh000300,2015-07-09,3621.68,3897.63,3537.83,3930.26,50387061000.0,564744043400.0,0.0640424346990478
sh000300,2015-07-08,3651.06,3663.04,3612.25,3762.62,58146709700.0,640122398900.0,-0.06745417515274954
sh000300,2015-07-07,3877.85,3928.0,3743.62,3960.64,67938500700.0,795962644500.0,-0.01764143912528071
sh000300,2015-07-06,4218.27,3998.54,3832.47,4218.27,64809453000.0,779558044400.0,0.028981553917733827
sh000300,2015-07-03,4017.20,3885.92,3785.90,4164.63,42930085000.0,538216869700.0,-0.05406037000973707
sh000300,2015-07-02,4287.73,4108.0,4000.06,4312.19,45706219400.0,593506685500.0,-0.03409812321597372
sh000300,2015-07-01,4408.98,4253.02,4235.70,4526.13,43172141100.0,623330596900.0,-0.04917952157388772
sh000300,2015-06-30,4161.07,4473.0,4016.01,4475.77,52704528000.0,716045824700.0,0.06714699812718439
sh000300,2015-06-29,4446.84,4191.55,4000.93,4451.17,52566248200.0,704014548800.0,-0.03335647192581492
sh000300,2015-06-26,4573.87,4336.19,4278.67,4650.19,44663979000.0,612959478700.0,-0.07868446325522904
sh000300,2015-06-25,4906.24,4706.52,4667.22,4919.26,44613598200.0,640246401400.0,-0.03557487198086928
sh000300,2015-06-24,4811.60,4880.13,4744.31,4883.73,43463872300.0,615374085900.0,0.019648606691474724
sh000300,2015-06-23,4641.42,4786.09,4455.33,4786.96,36508794400.0,536984113000.0,0.03214112420612247
sh000300,2015-06-19,4847.06,4637.05,4634.69,4910.45,35810474400.0,519609575000.0,-0.059526827635862145
sh000300,2015-06-18,5107.69,4930.55,4926.43,5121.22,36439581400.0,555646755700.0,-0.040530626621234744
sh000300,2015-06-17,5072.31,5138.83,4949.29,5158.37,39712418700.0,589868366400.0,0.014612562736681767
sh000300,2015-06-16,5165.02,5064.82,5015.27,5204.30,41167563800.0,651522532200.0,-0.029945395380728934
sh000300,2015-06-15,5354.01,5221.17,5207.31,5362.45,47574570300.0,766237730200.0,-0.02135846991257928
sh000300,2015-06-12,5329.28,5335.12,5283.09,5351.65,43013138600.0,694213173300.0,0.005376333954573376
sh000300,2015-06-11,5305.14,5306.59,5248.16,5329.29,39233875500.0,660584868000.0,-0.0004746558274361101
sh000300,2015-06-10,5254.30,5309.11,5209.68,5374.83,44216567600.0,711509256800.0001,-0.001570298601211939
sh000300,2015-06-09,5379.47,5317.46,5251.21,5380.43,57042726300.0,871431819599.9999,-0.00677842633667991
sh000300,2015-06-08,5259.41,5353.75,5202.60,5370.61,63731323700.0,949498014000.0,0.023553928363174048
sh000300,2015-06-05,5254.90,5230.55,5104.18,5288.34,54596119600.0,855224403100.0,0.009481956683689008
sh000300,2015-06-04,5156.01,5181.42,4863.46,5194.23,48276726800.0,735170669400.0,0.007354785276431519
sh000300,2015-06-03,5176.60,5143.59,5059.50,5186.97,41425827000.0,672056532200.0,-0.00354135226187402
sh000300,2015-06-02,5091.27,5161.87,5047.08,5162.56,41297319600.0,658452859700.0,0.01688080406920167
sh000300,2015-06-01,4862.76,5076.18,4835.77,5079.32,41750374100.0,637843681500.0,0.04861769572573316
sh000300,2015-05-29,4839.53,4840.83,4665.52,4924.30,42787885900.0,636008152600.0,0.0014108369655834174
sh000300,2015-05-28,5174.10,4834.01,4831.33,5213.18,57182904700.0,873207363700.0,-0.0670509878547042
sh000300,2015-05-27,5216.17,5181.43,5126.86,5226.84,47079873000.0,777826309100.0,-0.0033641602486670363
sh000300,2015-05-26,5140.80,5198.92,5063.15,5199.29,48794935900.0,802295843500.0,0.019496029022453287
sh000300,2015-05-25,4949.11,5099.5,4949.11,5099.84,46573659000.0,757085825900.0,0.029923212706055358
sh000300,2015-05-22,4895.92,4951.34,4870.60,4951.99,45584671800.0,719129953199.9999,0.022797036963590145
sh000300,2015-05-21,4768.69,4840.98,4746.03,4841.62,30505453700.0,505346105500.0,0.018099147830036966
sh000300,2015-05-20,4751.57,4754.92,4745.21,4843.10,36318074800.0,589956273000.0,0.005009278790671257
sh000300,2015-05-19,4577.64,4731.22,4577.64,4740.00,31478595200.0,524232160100.0,0.034114803044278386
sh000300,2015-05-18,4582.06,4575.14,4565.06,4623.38,26918048900.0,434083129400.0,-0.00916735788213019
sh000300,2015-05-15,4690.75,4617.47,4592.05,4690.75,32843116600.0,506695010200.00006,-0.017722590718986964
sh000300,2015-05-14,4717.96,4700.78,4670.17,4735.28,33772515200.0,513219655600.0,-0.003742762438432967
sh000300,2015-05-13,4746.71,4718.44,4678.85,4758.00,37073042400.0,590479847800.0,-0.00610436826739591
sh000300,2015-05-12,4692.12,4747.42,4660.02,4748.00,37705389100.0,607123299900.0,0.012128693345954566
sh000300,2015-05-11,4582.09,4690.53,4535.15,4690.95,37383842000.0,583260408800.0,0.028986047736047738
sh000300,2015-05-08,4515.55,4558.4,4445.59,4559.06,30240796700.0,452090694900.0,0.019755754358413258
sh000300,2015-05-07,4520.82,4470.09,4467.46,4546.34,29775920300.0,427189953200.0,-0.01828112612088295
sh000300,2015-05-06,4626.23,4553.33,4511.76,4700.91,37607370200.0,586033987400.0,-0.009465197831553862
sh000300,2015-05-05,4785.19,4596.84,4572.98,4785.19,46041962600.0,660020218500.0,-0.039872674790193186
sh000300,2015-05-04,4757.64,4787.74,4699.40,4795.92,37784385300.0,565453373600.0,0.007968605588760891
sh000300,2015-04-30,4788.41,4749.89,4749.48,4818.73,39972744400.0,612511415200.0,-0.005119042881409408
sh000300,2015-04-29,4722.90,4774.33,4695.79,4797.93,39505698000.0,601676350600.0,0.006847523967388414
sh000300,2015-04-28,4811.32,4741.86,4703.57,4839.08,60863854500.0,860349875300.0,-0.013672130942946614
sh000300,2015-04-27,4753.87,4807.59,4735.31,4810.48,51307654800.0,765910402300.0,0.022317251586343012
sh000300,2015-04-24,4682.63,4702.64,4618.32,4730.43,48015293600.0,721273097500.0,-0.008068105355745425
sh000300,2015-04-23,4764.48,4740.89,4693.97,4782.04,49743095400.0,752258236200.0,0.00022785723478357944
sh000300,2015-04-22,4637.06,4739.81,4632.59,4740.93,51621379200.0,769924803900.0,0.02611946760882944
sh000300,2015-04-21,4520.46,4619.16,4504.56,4620.06,49031499100.0,685365027900.0001,0.021504139834406466
sh000300,2015-04-20,4615.03,4521.92,4492.60,4671.17,68643907500.0,939264904100.0,-0.01614833316652675
sh000300,2015-04-17,4578.68,4596.14,4553.90,4630.27,55280266300.0,733953610100.0,0.0182982353136667
sh000300,2015-04-16,4355.49,4513.55,4335.63,4513.77,42260374800.0,564722844100.0,0.030370892886901313
sh000300,2015-04-15,4439.31,4380.51,4379.61,4476.00,47215413100.0,596822875600.0,-0.012994065134807498
sh000300,2015-04-14,4432.13,4438.18,4385.91,4474.35,43443212600.0,602127441900.0,0.0038701038436397273
sh000300,2015-04-13,4394.05,4421.07,4361.59,4432.02,43415303600.0,598518139900.0,0.017643321778280985
sh000300,2015-04-10,4249.38,4344.42,4231.20,4351.69,34819017000.0,509354291200.0,0.019304856245923263
sh000300,2015-04-09,4316.96,4262.14,4212.61,4332.17,43969990200.0,650419151500.0,-0.007835560314725987
sh000300,2015-04-08,4277.45,4295.8,4204.83,4304.78,45867671500.0,658308062800.0,0.008394287377583298
sh000300,2015-04-07,4213.89,4260.04,4197.02,4260.47,41536265400.0,564646323700.0,0.02146005073683499
sh000300,2015-04-03,4104.67,4170.54,4092.38,4170.56,32130376600.0,466965600600.0,0.011093925009333816
sh000300,2015-04-02,4149.95,4124.78,4068.65,4156.84,33907048700.0,476617837700.00006,0.00021339023739663787
sh000300,2015-04-01,4057.50,4123.9,4046.94,4139.50,32951285300.0,466596904700.0,0.017945300157977906
sh000300,2015-03-31,4138.88,4051.2,4037.77,4166.02,43606563500.0,598121732600.0,-0.009045589969130519
sh000300,2015-03-30,3999.02,4088.18,3999.02,4101.65,42829702000.0,546211078900.0,0.02932749200594209
sh000300,2015-03-27,3957.54,3971.7,3932.87,3993.03,29875606400.0,393132347600.0,0.005493670886075996
sh000300,2015-03-26,3921.75,3950.0,3892.88,3992.00,34675631500.0,468538490800.0,0.002433756893318151
sh000300,2015-03-25,3961.58,3940.41,3913.99,3980.72,37996885100.0,501733891700.0,-0.008215350926869869
sh000300,2015-03-24,3980.07,3973.05,3883.78,3989.86,46858131200.0,591066800600.0,0.00024924094802192265
sh000300,2015-03-23,3923.08,3972.06,3922.21,3972.30,39111992200.0,519760220700.0,0.020420955820961373
sh000300,2015-03-20,3852.49,3892.57,3832.42,3916.86,40181755200.0,544468374300.0,0.013758744081630692
sh000300,2015-03-19,3851.25,3839.74,3809.71,3859.13,39154763000.0,463212821599.99994,-0.0016406442973961877
sh000300,2015-03-18,3769.09,3846.05,3763.85,3846.05,41519001100.0,484465529200.0,0.02366972574738102
sh000300,2015-03-17,3733.96,3757.12,3716.81,3762.58,37162566600.0,455003825900.00006,0.01388412891595836
sh000300,2015-03-16,3641.77,3705.67,3621.12,3705.74,27543830700.0,358497570200.00006,0.02432788045311063
sh000300,2015-03-13,3604.67,3617.66,3594.74,3641.39,24686476800.0,297298516500.0,0.006908184054953637
sh000300,2015-03-12,3557.69,3592.84,3536.53,3603.34,26566462500.0,322141249300.0,0.019346601790248608
sh000300,2015-03-11,3524.58,3524.65,3512.22,3568.92,18894782500.0,235772755500.0,0.0011475284112696382
sh000300,2015-03-10,3523.64,3520.61,3511.99,3551.21,19426765700.0,245366625900.0,-0.004844887287117516
sh000300,2015-03-09,3449.70,3537.75,3417.49,3546.71,23394041100.0,277860471600.0,0.017027356461943643
sh000300,2015-03-06,3501.18,3478.52,3472.39,3516.24,18151805400.0,233468244800.0,-0.005096758324419248
sh000300,2015-03-05,3513.25,3496.34,3467.68,3517.08,21750880500.0,279030592400.0,-0.00976543692400067
sh000300,2015-03-04,3514.67,3530.82,3497.17,3540.91,19966398100.0,257468791000.0,0.006533823655178406
sh000300,2015-03-03,3579.31,3507.9,3504.20,3579.31,26186648900.0,335700118200.0,-0.025924259842388553
sh000300,2015-03-02,3603.45,3601.26,3566.53,3608.69,24817612500.0,325164897100.0,0.007954456398831189
sh000300,2015-02-27,3565.23,3572.84,3560.46,3594.81,22278643800.0,271861944600.0,0.0018366425613172144
sh000300,2015-02-26,3473.71,3566.29,3456.87,3569.33,22932843800.0,279809075200.0,0.02517010518206364
sh000300,2015-02-25,3529.55,3478.73,3463.96,3529.55,16553935100.0,211739059300.0,-0.012375366235889973
sh000300,2015-02-17,3511.54,3522.32,3511.09,3536.82,16532831300.0,214457267900.0,0.006526683964474866
sh000300,2015-02-16,3473.29,3499.48,3466.61,3504.48,16564134300.0,222799721200.0,0.00854508722329328
sh000300,2015-02-13,3458.83,3469.83,3452.08,3509.50,20108997100.0,247076153299.99997,0.007830676151001859
sh000300,2015-02-12,3435.36,3442.87,3405.63,3453.58,15608169100.0,191285873500.0,0.002547959884919626
sh000300,2015-02-11,3415.98,3434.12,3412.14,3445.66,14461377200.0,185979219700.0,0.00797783348107095
sh000300,2015-02-10,3345.08,3406.94,3339.55,3407.18,15930908800.0,199120680700.0,0.01823713657230308
sh000300,2015-02-09,3305.73,3345.92,3298.60,3376.53,17235382000.0,220766525000.0,0.010113451796571749
sh000300,2015-02-06,3352.33,3312.42,3285.94,3374.05,19266418600.0,221433183400.0,-0.016195666701317113
sh000300,2015-02-05,3487.95,3366.95,3366.86,3487.95,25043060900.0,311523669200.0,-0.010235847808640841
sh000300,2015-02-04,3446.14,3401.77,3399.56,3476.82,19130434900.0,244034297200.0,-0.010379787342361335
sh000300,2015-02-03,3388.60,3437.45,3360.72,3441.71,19284609600.0,241100023200.0,0.024892962348984415
sh000300,2015-02-02,3360.19,3353.96,3347.09,3407.26,19518369900.0,224837769899.99997,-0.02341900599524216
sh000300,2015-01-30,3496.89,3434.39,3431.94,3514.22,19647915700.0,237420793900.0,-0.013616520190706027
sh000300,2015-01-29,3474.92,3481.8,3453.90,3505.58,21161886000.0,251897926400.0,-0.012344978611870672
sh000300,2015-01-28,3547.24,3525.32,3512.39,3583.31,21622021400.0,278749164900.0,-0.013877194798219694
sh000300,2015-01-27,3614.04,3574.93,3510.02,3616.26,28766917900.0,357548249600.0,-0.009162996571498216
sh000300,2015-01-26,3580.12,3607.99,3559.38,3611.62,23976620300.0,309585710100.0,0.01015194317599577
sh000300,2015-01-23,3582.09,3571.73,3548.63,3627.81,28017217200.0,361835546400.0,0.0011548347493139932
sh000300,2015-01-22,3551.05,3567.61,3520.05,3576.76,26885359900.0,345026041000.0,0.005274888768037389
sh000300,2015-01-21,3420.49,3548.89,3409.43,3557.79,33792821000.0,425433704300.0,0.04495291824440106
sh000300,2015-01-20,3336.79,3396.22,3325.68,3419.20,29784323200.0,381917903800.0,0.012237866450482304
sh000300,2015-01-19,3414.01,3355.16,3330.98,3497.25,32950527500.0,366017532100.0,-0.07702295641170243
sh000300,2015-01-16,3616.25,3635.15,3601.26,3662.16,28268161400.0,355568710700.0,0.008609591245574588
sh000300,2015-01-15,3501.72,3604.12,3482.27,3604.12,23781233800.0,303445351100.0,0.029037065800218143
sh000300,2015-01-14,3522.91,3502.42,3471.56,3547.24,19601251000.0,241285837500.0,-0.003306735267669114
sh000300,2015-01-13,3506.45,3514.04,3494.77,3550.16,18715396500.0,250796676100.0,0.00013092059950259305
sh000300,2015-01-12,3531.51,3513.58,3461.32,3560.53,26656717500.0,334257133100.0,-0.00934384445346681
sh000300,2015-01-09,3547.57,3546.72,3536.40,3689.75,34998267200.0,430210592299.99994,-0.0035232042615600534
sh000300,2015-01-08,3650.07,3559.26,3552.10,3659.95,29500304500.0,355831967299.99994,-0.023198373122490512
sh000300,2015-01-07,3620.92,3643.79,3601.70,3671.19,32019123200.0,398731720500.0,0.0007497816569899118
sh000300,2015-01-06,3608.43,3641.06,3587.23,3683.23,42096218500.0,498529588300.0,-0.00013181236509829386
sh000300,2015-01-05,3566.09,3641.54,3551.51,3669.04,45119809800.0,519849817400.0,0.030514671549165095
sh000300,2014-12-31,3462.39,3533.71,3452.50,3542.34,34593476000.0,403710888100.0,0.022027157958670163
sh000300,2014-12-30,3450.81,3457.55,3422.17,3491.83,32823387300.0,394607772400.0,0.0006048398766012042
sh000300,2014-12-29,3502.18,3455.46,3405.84,3524.28,42501503700.0,505004508400.00006,0.0027917721078170032
sh000300,2014-12-26,3343.64,3445.84,3335.01,3453.34,38461412400.0,438838427100.0,0.033105276097163294
sh000300,2014-12-25,3254.48,3335.42,3226.32,3335.78,30979954700.0,330128939900.0,0.03251310213317904
sh000300,2014-12-24,3332.15,3230.39,3188.50,3340.36,31744958700.0,339475799600.0,-0.028430759236312553
sh000300,2014-12-23,3358.80,3324.92,3316.91,3431.78,36973609300.0,377227774099.99994,-0.020492093045179183
sh000300,2014-12-22,3396.25,3394.48,3357.66,3455.21,54980167100.0,537021101800.0,0.0033430185299585524
sh000300,2014-12-19,3345.63,3383.17,3280.92,3397.18,41121159000.0,435516864900.0,0.011129939956902923
sh000300,2014-12-18,3359.09,3345.93,3322.23,3393.71,35597020700.0,416260448900.0,-0.00436529191215862
sh000300,2014-12-17,3325.82,3360.6,3275.74,3368.19,44814077000.0,527748938000.0,0.017315493128291948
sh000300,2014-12-16,3221.36,3303.4,3207.69,3303.40,35812384700.0,425665729200.0,0.026783910382534026
sh000300,2014-12-15,3176.83,3217.23,3143.30,3226.22,29019383400.0,326668040800.0,0.007515900827688604
sh000300,2014-12-12,3182.92,3193.23,3167.93,3239.45,30106532500.0,337817437000.0,0.0032107973270583123
sh000300,2014-12-11,3185.16,3183.01,3158.44,3254.42,36709169100.0,392944833600.0,-0.011963185423165879
sh000300,2014-12-10,3120.21,3221.55,3058.19,3229.05,42501870800.0,477300103100.0,0.036898397443118736
sh000300,2014-12-09,3233.10,3106.91,3074.52,3387.83,63287456700.0,702150099200.0,-0.04487408081453981
sh000300,2014-12-08,3108.27,3252.88,3075.70,3270.88,48446234400.0,515773683000.0,0.04095824173010887
sh000300,2014-12-05,3143.97,3124.89,3011.94,3195.80,52488126000.0,554362904900.0,0.006616521977225398
sh000300,2014-12-04,2975.40,3104.35,2968.88,3104.89,42681292800.0,433875560200.00006,0.04609863355293076
sh000300,2014-12-03,2936.12,2967.55,2912.25,3028.23,46615668500.0,464857500400.0,0.014914806733380415
sh000300,2014-12-02,2807.34,2923.94,2804.29,2944.51,36146532200.0,341185189099.99994,0.0369280199729769
sh000300,2014-12-01,2825.61,2819.81,2808.65,2855.33,36548741700.0,338833084200.0,0.003912675073518335
sh000300,2014-11-28,2753.93,2808.82,2740.37,2809.54,37532366200.0,330256023200.0,0.019724159463276436
sh000300,2014-11-27,2737.03,2754.49,2718.70,2754.49,26546473000.0,261164877200.0,0.011557021248466803
sh000300,2014-11-26,2695.26,2723.02,2690.31,2723.36,24396248500.0,239333899200.00003,0.013948673647209642
sh000300,2014-11-25,2650.09,2685.56,2643.84,2686.06,22261169900.0,206879208500.0,0.013701939409495267
sh000300,2014-11-24,2614.16,2649.26,2602.94,2667.67,27983972000.0,264974912300.0,0.02546971890410532
sh000300,2014-11-21,2537.54,2583.46,2530.03,2585.36,15102813900.0,143750813300.0,0.018272831185211613
sh000300,2014-11-20,2528.78,2537.1,2522.84,2545.47,10614986400.0,98145538699.99998,-4.729585924745372e-05
sh000300,2014-11-19,2538.23,2537.22,2531.32,2550.50,12214697400.0,113031721900.0,-0.0016526194017518758
sh000300,2014-11-18,2565.27,2541.42,2534.93,2570.21,14294135600.0,124246649400.0,-0.010003505901600929
sh000300,2014-11-17,2613.51,2567.1,2565.94,2614.09,15847809500.0,147724645100.0,-0.005420190694629068
sh000300,2014-11-14,2569.21,2581.09,2557.67,2581.93,16504996500.0,145409933900.0,0.0005194301773427945
sh000300,2014-11-13,2597.39,2579.75,2567.46,2607.52,21981561500.0,192985452900.0,-0.005616115205525962
sh000300,2014-11-12,2545.40,2594.32,2539.60,2594.32,18468626100.0,157847382800.0,0.013956796854542208
sh000300,2014-11-11,2578.44,2558.61,2532.57,2602.37,32371165600.0,265840509800.0,-0.002775038682947928
sh000300,2014-11-10,2529.83,2565.73,2514.71,2565.73,22659973500.0,187612569200.00003,0.025410147273344785
sh000300,2014-11-07,2508.76,2502.15,2489.42,2541.55,20876091100.0,176868665300.0,-0.0015642021172592724
sh000300,2014-11-06,2505.17,2506.07,2482.98,2510.99,14965111700.0,118839203600.0,0.001046555753061007
sh000300,2014-11-05,2516.87,2503.45,2499.23,2519.40,19049186200.0,146130895100.0,-0.0038676253496581214
sh000300,2014-11-04,2511.04,2513.17,2498.61,2517.46,21824700500.0,155291882600.0,0.0002467612584824419
sh000300,2014-11-03,2515.82,2512.55,2502.06,2524.17,20580122800.0,151406835100.0,0.0016823942623180876
sh000300,2014-10-31,2473.50,2508.33,2466.50,2512.19,23917241200.0,181604617000.0,0.015958330126816023
sh000300,2014-10-30,2450.36,2468.93,2443.76,2474.38,18962635300.0,139157358000.0,0.007159232758690903
sh000300,2014-10-29,2423.81,2451.38,2415.70,2461.27,15858406200.0,134541723600.0,0.014371133594024865
sh000300,2014-10-28,2373.16,2416.65,2373.16,2416.77,10152305500.0,90529903100.0,0.02018718101341177
sh000300,2014-10-27,2377.54,2368.83,2361.68,2377.54,7386244700.0,65956480800.0,-0.009152092892906305
sh000300,2014-10-24,2397.85,2390.71,2385.73,2404.99,7497486900.0,65601225199.99999,-0.0021828593370452065
sh000300,2014-10-23,2415.44,2395.94,2392.53,2424.66,10349183900.0,86045452800.0,-0.009385439751265046
sh000300,2014-10-22,2434.89,2418.64,2417.56,2447.47,8865619300.0,82251744200.0,-0.006061502677334962
sh000300,2014-10-21,2453.41,2433.39,2432.55,2459.25,9624191200.0,86622201900.0,-0.008685343686219649
sh000300,2014-10-20,2448.45,2454.71,2441.90,2456.62,9143540100.0,84843604900.0,0.00531590306872598
sh000300,2014-10-17,2443.22,2441.73,2410.40,2456.11,13275998800.0,112685625500.0,-0.001092292587137944
sh000300,2014-10-16,2448.97,2444.4,2441.82,2480.30,15816660300.0,128340525500.0,-0.007902202632444011
sh000300,2014-10-15,2444.54,2463.87,2431.19,2465.50,13580188200.0,114837290100.0,0.007075240337453437
sh000300,2014-10-14,2451.09,2446.56,2436.34,2467.90,12739370500.0,106356643100.0,-0.0034175848795290342
sh000300,2014-10-13,2457.41,2454.95,2430.55,2460.39,13159336200.0,112784478800.00002,-0.004799760011999443
sh000300,2014-10-10,2472.10,2466.79,2457.68,2482.14,14763430700.0,121924973000.0,-0.006112104949314245
sh000300,2014-10-09,2480.20,2481.96,2461.11,2488.11,13792392000.0,120752628400.0,0.0014444919665264067
sh000300,2014-10-08,2460.87,2478.38,2445.27,2478.38,12195360400.0,116500107800.0,0.011175076193701505
sh000300,2014-09-30,2452.17,2450.99,2444.20,2454.89,11580422900.0,101906558800.00002,0.0013032110466539848
sh000300,2014-09-29,2443.91,2447.8,2435.61,2453.67,12340172700.0,111463779800.0,0.004349253241424655
sh000300,2014-09-26,2430.81,2437.2,2420.50,2439.65,10029949400.0,87757377899.99998,9.437949584945038e-05
sh000300,2014-09-25,2453.42,2436.97,2429.59,2462.67,13866189100.0,119612625700.0,-0.0020025718100138423
sh000300,2014-09-24,2391.42,2441.86,2387.07,2443.98,14271353000.0,120389934600.00002,0.017670642561242955
sh000300,2014-09-23,2379.52,2399.46,2379.52,2402.48,8403334100.0,75463683700.0,0.00863417012762091
sh000300,2014-09-22,2419.33,2378.92,2374.11,2419.33,10224087000.0,88958056500.0,-0.019087006898371617
sh000300,2014-09-19,2409.31,2425.21,2402.31,2430.15,10181357700.0,88221038699.99998,0.006871040329477829
sh000300,2014-09-18,2396.38,2408.66,2389.62,2414.95,11592637600.0,92105332000.0,0.0030524750867226835
sh000300,2014-09-17,2395.36,2401.33,2379.09,2405.37,12526902800.0,98039470100.0,0.0052621443761615705
sh000300,2014-09-16,2440.34,2388.76,2386.98,2442.92,18674279100.0,147250169900.0,-0.019871245163487372
sh000300,2014-09-15,2433.00,2437.19,2418.96,2439.25,12224715900.0,112507690399.99998,-0.00047983070588430987
sh000300,2014-09-12,2418.75,2438.36,2412.62,2438.36,10916017000.0,96625765399.99998,0.0061523860611938375
sh000300,2014-09-11,2430.68,2423.45,2417.27,2461.47,13298258300.0,127203381700.0,-0.0036917814695592854
sh000300,2014-09-10,2435.59,2432.43,2422.65,2437.08,10917551700.0,97472683000.0,-0.005230613196358647
sh000300,2014-09-09,2452.23,2445.22,2437.08,2454.89,11819434400.0,107795213500.0,-0.001649477801458521
sh000300,2014-09-05,2433.17,2449.26,2427.99,2450.63,13355176400.0,123349320100.0,0.009496253431263701
sh000300,2014-09-04,2411.93,2426.22,2404.08,2427.30,11127229800.0,108294703200.0,0.007215091081184122
sh000300,2014-09-03,2389.69,2408.84,2389.68,2414.26,12973420400.0,123629189400.0,0.009377907025468701
sh000300,2014-09-02,2359.86,2386.46,2349.95,2387.66,11443673300.0,106925790100.0,0.013221133434098142
sh000300,2014-09-01,2340.93,2355.32,2338.53,2355.55,7732087000.0,73362240600.0,0.007283100043194102
sh000300,2014-08-29,2317.30,2338.29,2313.26,2338.77,6321142300.0,58359967800.0,0.011686165241770796
sh000300,2014-08-28,2328.06,2311.28,2309.64,2336.36,7049065500.0,66195966900.00001,-0.007011514005842767
sh000300,2014-08-27,2323.79,2327.6,2322.89,2336.74,6767622100.0,62448675199.99999,0.001510268535211523
sh000300,2014-08-26,2339.60,2324.09,2317.18,2350.39,9384422200.0,83135033200.0,-0.008011575595639475
sh000300,2014-08-25,2367.02,2342.86,2338.46,2367.61,9737371700.0,85182494000.0,-0.009512294111678532
sh000300,2014-08-22,2352.32,2365.36,2350.99,2368.46,8982393800.0,85642463800.00002,0.00472339268723676
sh000300,2014-08-21,2365.73,2354.24,2333.30,2367.46,10069021100.0,92192063300.0,-0.005029288207798355
sh000300,2014-08-20,2371.65,2366.14,2360.84,2375.48,10128808800.0,91374802700.0,-0.0036340361382365405
sh000300,2014-08-19,2378.89,2374.77,2358.97,2379.47,11585002000.0,102742760000.0,8.843743683040195e-05
sh000300,2014-08-18,2366.27,2374.56,2361.20,2379.80,10450955400.0,90148909900.0,0.005896705978039929
sh000300,2014-08-15,2337.99,2360.64,2333.12,2366.90,9359254600.0,81888217000.0,0.010569575547421772
sh000300,2014-08-14,2357.20,2335.95,2334.08,2363.18,9796949300.0,84251435900.0,-0.009729111026325898
sh000300,2014-08-13,2358.46,2358.9,2335.69,2370.51,11044778900.0,94185266500.0,0.000784879404340133
sh000300,2014-08-12,2361.17,2357.05,2344.72,2361.17,9182260800.0,82973769600.0,-0.0035089944405689577
sh000300,2014-08-11,2338.01,2365.35,2337.01,2367.00,9160117100.0,82973900400.0,0.01467957599962233
sh000300,2014-08-08,2329.18,2331.13,2319.29,2339.27,8673969400.0,72605666100.0,0.001576826239763518
sh000300,2014-08-07,2363.61,2327.46,2326.27,2369.20,11672921000.0,94254454000.0,-0.015131896310965454
sh000300,2014-08-06,2358.21,2363.22,2334.33,2371.67,11634182900.0,96681298699.99998,-0.002587207461962171
sh000300,2014-08-05,2376.80,2369.35,2353.79,2380.77,11186178900.0,97906971199.99998,-0.0026393110009176324
sh000300,2014-08-04,2336.63,2375.62,2332.14,2375.62,11671375400.0,101301888300.0,0.01984201940413821
sh000300,2014-08-01,2341.23,2329.4,2328.97,2371.50,12631739000.0,106125190300.0,-0.008871396659929753
sh000300,2014-07-31,2321.97,2350.25,2316.59,2350.55,11098776900.0,93135567000.0,0.012161876994500442
sh000300,2014-07-30,2324.69,2322.01,2316.06,2339.04,12302283200.0,103362308900.0,-0.004014806744532029
sh000300,2014-07-29,2326.04,2331.37,2316.22,2342.77,13426964100.0,112176546300.00002,0.0032144240285725267
sh000300,2014-07-28,2272.38,2323.9,2272.38,2331.47,17986933300.0,145277424300.0,0.028069632152889934
sh000300,2014-07-25,2243.07,2260.45,2239.07,2260.89,9897283800.0,81994560100.0,0.010478272336734928
sh000300,2014-07-24,2199.83,2237.01,2199.83,2239.81,11943553400.0,99964367600.0,0.017826674492567696
sh000300,2014-07-23,2191.39,2197.83,2190.55,2210.28,8421387200.0,69177998100.0,0.002339581338076435
sh000300,2014-07-22,2162.44,2192.7,2162.24,2197.59,7854258300.0,66806114400.00001,0.012191350188571093
sh000300,2014-07-21,2164.22,2166.29,2158.96,2171.94,5417226000.0,47731629600.0,0.000993466226769213
sh000300,2014-07-18,2147.66,2164.14,2145.45,2176.33,6547329500.0,53758919100.0,0.003277594143908047
sh000300,2014-07-17,2166.83,2157.07,2147.08,2166.93,5945356800.0,46354646300.0,-0.0063568983863611095
sh000300,2014-07-16,2172.82,2170.87,2166.77,2183.25,8156023000.0,61126054500.0,-0.001889672548713195
sh000300,2014-07-15,2170.09,2174.98,2165.21,2176.27,7181569400.0,64304875100.0,0.0014826684348177022
sh000300,2014-07-14,2149.54,2171.76,2145.28,2171.90,6615886300.0,60467088900.0,0.011056745545877433
sh000300,2014-07-11,2136.32,2148.01,2134.79,2154.74,6137427400.0,51551825599.99999,0.0024080080266934978
sh000300,2014-07-10,2146.60,2142.85,2139.52,2151.77,5573249700.0,50931668900.0,-0.0027272177259844987
sh000300,2014-07-09,2178.14,2148.71,2148.26,2178.51,6202204600.0,58980248400.0,-0.014565667035088659
sh000300,2014-07-08,2174.83,2180.47,2163.36,2180.78,5074359900.0,46017266900.00001,0.0019206999067218344
sh000300,2014-07-07,2178.55,2176.29,2171.08,2186.20,5024233400.0,47663876900.00001,-0.0011061642263734406
sh000300,2014-07-04,2180.45,2178.7,2174.07,2183.80,5285110600.0,47990033400.0,-0.0006834266738221517
sh000300,2014-07-03,2169.00,2180.19,2164.84,2184.96,6369069000.0,56024939300.0,0.004293209634846917
sh000300,2014-07-02,2164.00,2170.87,2155.61,2171.51,5968550100.0,53273658900.0,0.002915142107402957
sh000300,2014-07-01,2169.20,2164.56,2157.13,2171.15,5332310000.0,49936284300.0,-0.0002586461720366362
sh000300,2014-06-30,2152.31,2165.12,2152.31,2168.22,5430418800.0,50277570800.0,0.006910792183270731
sh000300,2014-06-27,2146.37,2150.26,2138.93,2159.53,5272289600.0,45525673900.0,0.0005490721611109972
sh000300,2014-06-26,2135.16,2149.08,2134.89,2151.11,4435116600.0,40601836600.0,0.007363935932351184
sh000300,2014-06-25,2141.73,2133.37,2126.03,2141.73,3766610000.0,33809315500.0,-0.005338443319253039
sh000300,2014-06-24,2131.69,2144.82,2130.29,2145.21,4016435600.0,38778505300.0,0.0050184854576380555
sh000300,2014-06-23,2137.93,2134.11,2132.45,2147.23,4117925800.0,37112428800.0,-0.0012261727031491754
sh000300,2014-06-20,2124.96,2136.73,2120.81,2137.03,4239371900.0,35425712900.0,0.004617026578463745
sh000300,2014-06-19,2161.43,2126.91,2119.50,2166.41,5316264500.0,46029744900.0,-0.015428841239862212
sh000300,2014-06-18,2169.25,2160.24,2158.50,2172.55,4946389700.0,42538095500.0,-0.00434628307530649
sh000300,2014-06-17,2185.68,2169.67,2168.45,2185.68,4993366500.0,46244977800.0,-0.01012382177693838
sh000300,2014-06-16,2176.44,2191.86,2174.28,2196.34,6329687500.0,56904298400.0,0.007177517185604776
sh000300,2014-06-13,2150.99,2176.24,2150.57,2183.65,5925287600.0,51765511500.0,0.010601789719560939
sh000300,2014-06-12,2156.76,2153.41,2148.41,2160.99,4302584300.0,37252041700.0,-0.003406193162622695
sh000300,2014-06-11,2156.15,2160.77,2152.08,2163.61,4256371800.0,37311080700.0,-0.00023134545892000702
sh000300,2014-06-10,2138.67,2161.27,2132.45,2161.53,5050790200.0,44416141200.0,0.012645950859305977
sh000300,2014-06-09,2128.23,2134.28,2126.67,2153.90,3931106000.0,35326732100.0,-0.0002061160245838689
sh000300,2014-06-06,2149.21,2134.72,2123.98,2149.78,3573805800.0,32415599500.0,-0.007383985864410025
sh000300,2014-06-05,2126.61,2150.6,2123.52,2150.93,3647742400.0,33050774700.000004,0.010492089819430728
sh000300,2014-06-04,2149.41,2128.27,2117.31,2149.45,4181724900.0,35607022800.0,-0.010070142144824046
sh000300,2014-06-03,2157.64,2149.92,2149.29,2169.00,4198295400.0,37906226100.0,-0.0030327481149662328
sh000300,2014-05-30,2156.38,2156.46,2146.22,2166.91,4392386300.0,39769199800.0,0.0006032034744520853
sh000300,2014-05-29,2171.26,2155.16,2154.93,2178.09,4489155600.0,41076912700.0,-0.006541129831516335
sh000300,2014-05-28,2147.47,2169.35,2142.01,2171.17,5005626000.0,45627619400.00001,0.010278119295108024
sh000300,2014-05-27,2154.40,2147.28,2145.75,2160.03,3589717100.0,32374256500.0,-0.004035287896919204
sh000300,2014-05-26,2161.89,2155.98,2147.45,2165.42,3955065600.0,37788482700.0,0.0035235360103518243
sh000300,2014-05-23,2130.77,2148.41,2128.66,2148.58,3762310500.0,32420020200.0,0.008231379671214123
sh000300,2014-05-22,2134.09,2130.87,2128.86,2160.91,4625273600.0,39227549700.0,-0.002359649985252177
sh000300,2014-05-21,2106.76,2135.91,2096.51,2136.10,3894604200.0,32246808000.0,0.00951899308525972
sh000300,2014-05-20,2124.71,2115.77,2110.72,2131.57,3729968300.0,31576339000.0,0.00029785262441262006
sh000300,2014-05-19,2139.36,2115.14,2105.71,2139.36,4289360700.0,37135950600.0,-0.014357277662573664
sh000300,2014-05-16,2143.93,2145.95,2132.19,2150.50,4225319700.0,34987586800.0,0.0008721689489197271
sh000300,2014-05-15,2169.28,2144.08,2142.34,2171.45,4673403200.0,38938529200.0,-0.013022643472336615
sh000300,2014-05-14,2175.09,2172.37,2169.00,2184.22,4851420600.0,39214123900.0,-0.001140308527024847
sh000300,2014-05-13,2180.06,2174.85,2167.77,2185.05,6491251800.0,50241276100.0,-0.0023852663929727624
sh000300,2014-05-12,2150.31,2180.05,2139.48,2184.33,8347256000.0,66275508600.0,0.021622280227376223
sh000300,2014-05-09,2138.84,2133.91,2120.60,2141.56,4918113500.0,40242745300.0,-0.0007445563099977015
sh000300,2014-05-08,2132.04,2135.5,2128.32,2168.21,4833245200.0,40729772000.0,-0.0008515336964048936
sh000300,2014-05-07,2151.47,2137.32,2136.99,2153.72,4460747000.0,37751019700.0,-0.009275354257345825
sh000300,2014-05-06,2151.39,2157.33,2150.11,2173.62,4808651900.0,41486451600.0,0.00039879989056190723
sh000300,2014-05-05,2152.59,2156.47,2131.23,2161.70,4934407300.0,41470449800.0,-0.0010145182659613283
sh000300,2014-04-30,2158.76,2158.66,2153.12,2164.18,4533462400.0,39493022300.0,8.802531422724691e-05
sh000300,2014-04-29,2134.41,2158.47,2131.78,2159.38,4820493100.0,41550353200.0,0.011007180428764807
sh000300,2014-04-28,2165.77,2134.97,2132.70,2171.39,6048518700.0,49998809800.00001,-0.015158015158015181
sh000300,2014-04-25,2195.81,2167.83,2167.64,2201.71,6024538300.0,52092022400.0,-0.010335681383447315
sh000300,2014-04-24,2192.77,2190.47,2186.76,2209.45,4505891100.0,41927012900.0,-0.0019137273485309025
sh000300,2014-04-23,2191.23,2194.67,2187.39,2205.59,4776353100.0,45191150800.0,-0.0009650444512219192
sh000300,2014-04-22,2184.02,2196.79,2165.08,2196.85,5709469400.0,52351993099.99999,0.004361641330437704
sh000300,2014-04-21,2209.94,2187.25,2186.75,2231.71,5627828000.0,51856112800.0,-0.016736495720348188
sh000300,2014-04-18,2215.88,2224.48,2203.05,2228.77,5075799500.0,45709617100.0,-0.00014383315354193904
sh000300,2014-04-17,2238.78,2224.8,2221.95,2241.62,4833362800.0,45096433700.0,-0.003462439474497536
sh000300,2014-04-16,2223.47,2232.53,2221.15,2245.31,5167801000.0,47770218200.0,0.0013770150619434318
sh000300,2014-04-15,2261.41,2229.46,2225.69,2261.47,6821813000.0,62599115599.99999,-0.017257263258118494
sh000300,2014-04-14,2267.94,2268.61,2255.46,2275.83,6226499800.0,60254151500.0,-0.0009072212166453264
sh000300,2014-04-11,2269.56,2270.67,2261.13,2281.11,9061589700.0,86154853800.00002,-0.0013589824783618587
sh000300,2014-04-10,2241.45,2273.76,2229.51,2290.74,11454540500.0,101616815000.0,0.015697170578302888
sh000300,2014-04-09,2239.79,2238.62,2228.99,2246.79,6635726800.0,61178630400.0,0.0005810523304667914
sh000300,2014-04-08,2179.92,2237.32,2178.91,2243.97,9721911700.0,85692893400.0,0.0237248738257676
sh000300,2014-04-04,2157.98,2185.47,2155.28,2186.15,4794588800.0,43912624300.0,0.009450302769963947
sh000300,2014-04-03,2188.64,2165.01,2160.75,2196.14,7153603200.0,57708859700.0,-0.007208595286899211
sh000300,2014-04-02,2166.07,2180.73,2164.01,2182.68,6503925700.0,56777151900.00001,0.008141018528791788
sh000300,2014-04-01,2143.72,2163.12,2141.15,2170.10,4886640300.0,43659064300.0,0.007836742300703303
sh000300,2014-03-31,2156.05,2146.3,2134.42,2165.25,5545748800.0,48105020100.0,-0.0026347950947269716
sh000300,2014-03-28,2154.51,2151.97,2144.58,2172.67,7008607300.0,60123341100.0,-0.0017349272397494397
sh000300,2014-03-27,2168.34,2155.71,2146.92,2186.89,7127513200.0,62175860400.0,-0.0070657055341886155
sh000300,2014-03-26,2181.23,2171.05,2165.22,2186.08,5827617600.0,50116023099.99999,-0.001559022093044593
sh000300,2014-03-25,2170.78,2174.44,2164.67,2191.49,8687751000.0,67548473600.0,-0.0009694240885805838
sh000300,2014-03-24,2161.90,2176.55,2150.87,2186.73,10449198400.0,81203913700.0,0.008222160459514516
sh000300,2014-03-21,2079.87,2158.8,2077.76,2163.23,10402480700.0,83560511800.0,0.0344183193816876
sh000300,2014-03-20,2116.19,2086.97,2086.50,2134.79,6763128500.0,58951602000.0,-0.01598400656334431
sh000300,2014-03-19,2131.28,2120.87,2101.28,2131.28,5930390500.0,55283944000.0,-0.008072474545514186
sh000300,2014-03-18,2146.12,2138.13,2134.92,2152.46,5535413200.0,54188441400.0,-0.0022911378229056867
sh000300,2014-03-17,2132.79,2143.04,2118.95,2143.20,5240944500.0,47571288700.0,0.009515554634357715
sh000300,2014-03-14,2129.87,2122.84,2109.58,2140.38,5861773700.0,49805247500.0,-0.008171637084000927
sh000300,2014-03-13,2119.55,2140.33,2115.99,2149.44,6922602800.0,59163094400.00001,0.012392804605203978
sh000300,2014-03-12,2102.80,2114.13,2090.76,2130.59,7006974700.0,60115239200.0,0.00259406447696664
sh000300,2014-03-11,2092.61,2108.66,2088.73,2118.79,5762124300.0,53075782500.0,0.005181643539152958
sh000300,2014-03-10,2149.68,2097.79,2095.07,2149.68,7141640700.0,63086412600.0,-0.03254533380066049
sh000300,2014-03-07,2170.04,2168.36,2161.44,2189.39,6426517700.0,58693178000.0,-0.0024245156719404637
sh000300,2014-03-06,2159.40,2173.63,2136.45,2181.43,6909376700.0,61495023700.0,0.004459375779813257
sh000300,2014-03-05,2187.35,2163.98,2159.60,2189.09,6133201500.0,55669679400.00001,-0.009289144657025017
sh000300,2014-03-04,2183.86,2184.27,2161.59,2188.60,7306925000.0,64691438000.0,-0.0027849176166583334
sh000300,2014-03-03,2173.91,2190.37,2167.91,2194.22,8207231400.0,69408739900.0,0.005231829717710745
sh000300,2014-02-28,2149.45,2178.97,2133.55,2180.47,7666805700.0,70216799000.0,0.011540729117825776
sh000300,2014-02-27,2170.81,2154.11,2150.14,2180.06,9010429600.0,81587999700.0,-0.004298769072898723
sh000300,2014-02-26,2147.74,2163.41,2137.08,2164.70,7799329700.0,68640581100.0,0.002548762459972931
sh000300,2014-02-25,2216.51,2157.91,2150.10,2225.21,9323755100.0,88306571700.0,-0.02555870147346384
sh000300,2014-02-24,2246.72,2214.51,2194.16,2246.72,8921593900.0,79599146400.0,-0.021984816432524035
sh000300,2014-02-21,2284.03,2264.29,2250.65,2287.87,7636899300.0,69908188700.0,-0.0101204840345539
sh000300,2014-02-20,2314.09,2287.44,2286.20,2331.70,10643953300.0,91771595700.0,-0.00919147903978923
sh000300,2014-02-19,2280.93,2308.66,2274.15,2317.42,9935256100.0,88341900399.99998,0.011487706139044151
sh000300,2014-02-18,2310.31,2282.44,2276.11,2310.31,8704974300.0,88107268000.0,-0.01263599593364051
sh000300,2014-02-17,2308.79,2311.65,2293.55,2315.58,8783166600.0,86871352600.0,0.007000409482570857
sh000300,2014-02-14,2278.40,2295.58,2274.43,2295.85,6708299700.0,64613327699.99999,0.007032089666820118
sh000300,2014-02-13,2288.45,2279.55,2278.26,2307.47,9621778900.0,87352124300.0,-0.005106382978723345
sh000300,2014-02-12,2286.19,2291.25,2276.44,2294.32,7659216100.0,73487379700.0,0.0024895430441556066
sh000300,2014-02-11,2267.74,2285.56,2262.60,2296.52,9922982900.0,92688969100.0,0.007951383223154584
sh000300,2014-02-10,2221.54,2267.53,2221.54,2270.19,8306571600.0,81103244100.0,0.024881580850448337
sh000300,2014-02-07,2187.34,2212.48,2177.12,2212.50,5045931500.0,49597106400.0,0.004554019387500441
sh000300,2014-01-30,2223.16,2202.45,2200.22,2223.16,4363230400.0,43475960800.0,-0.011370063471258574
sh000300,2014-01-29,2225.71,2227.78,2219.93,2233.06,5022271700.0,48788682800.0,0.0035677925634949315
sh000300,2014-01-28,2220.78,2219.86,2205.97,2233.26,5326913000.0,49408754600.0,0.0017780425286111345
sh000300,2014-01-27,2233.01,2215.92,2211.80,2233.23,7034424600.0,63503992500.0,-0.013252110719247479
sh000300,2014-01-24,2225.76,2245.68,2222.89,2257.36,6116767000.0,59563444900.0,0.0061786199140638765
sh000300,2014-01-23,2242.25,2231.89,2228.06,2248.92,5634595100.0,55726417400.0,-0.005307959711204346
sh000300,2014-01-22,2190.43,2243.8,2187.53,2244.13,7064137500.0,64803357100.0,0.025779346350250032
sh000300,2014-01-21,2168.42,2187.41,2168.42,2197.92,4030624700.0,38590992800.0,0.009889242332605352
sh000300,2014-01-20,2173.65,2165.99,2156.46,2182.46,4056015400.0,39157227500.0,-0.005737919384527834
sh000300,2014-01-17,2203.82,2178.49,2175.88,2205.97,5027315500.0,46268159200.0,-0.015077944155092782
sh000300,2014-01-16,2209.45,2211.84,2201.56,2227.26,5229890200.0,49842784000.0,0.0013128468858367714
sh000300,2014-01-15,2210.02,2208.94,2193.80,2215.90,4896239500.0,45755914300.0,-0.0017669521205684324
sh000300,2014-01-14,2192.84,2212.85,2179.91,2214.12,5404994700.0,46785099900.0,0.008738740381459609
sh000300,2014-01-13,2207.00,2193.68,2183.60,2222.07,5012277200.0,46123003800.0,-0.005066104270131766
sh000300,2014-01-10,2216.52,2204.85,2200.22,2224.49,5416929300.0,47572309500.0,-0.007816507816507778
sh000300,2014-01-09,2236.97,2222.22,2220.80,2258.89,5598704100.0,54399491300.0,-0.008782689760070683
sh000300,2014-01-08,2240.64,2241.91,2228.42,2262.58,5134885400.0,50691488900.0,0.0017470956210901
sh000300,2014-01-07,2222.31,2238.0,2218.65,2246.79,4375310300.0,42565648099.99999,-0.0002858878604866666
sh000300,2014-01-06,2286.37,2238.64,2229.33,2286.37,6630040300.0,59979360100.0,-0.022760806362898345
sh000300,2014-01-03,2311.97,2290.78,2280.89,2314.84,5978264500.0,57739709900.0,-0.01343680824124227
sh000300,2014-01-02,2323.43,2321.98,2310.65,2325.99,4519429100.0,49012211100.0,-0.0034548911387407566
sh000300,2013-12-31,2289.01,2330.03,2287.12,2333.07,5663107000.0,57026486200.0,0.013294425647760955
sh000300,2013-12-30,2313.38,2299.46,2295.64,2316.62,4841430800.0,46156442699.99999,-0.0017451855453487486
sh000300,2013-12-27,2268.53,2303.48,2264.39,2315.18,5338915700.0,51197946400.0,0.01684081347971378
sh000300,2013-12-26,2299.97,2265.33,2263.92,2301.49,5149756300.0,48603013700.0,-0.017257310930931746
sh000300,2013-12-25,2291.75,2305.11,2281.60,2305.61,4400532600.0,41202984200.0,0.0073680760406424906
sh000300,2013-12-24,2291.13,2288.25,2270.25,2312.83,4559916800.0,45173191400.0,0.001597653856254988
sh000300,2013-12-23,2283.80,2284.6,2259.58,2295.76,4558028500.0,44415343000.0,0.0028356466240002653
sh000300,2013-12-20,2335.05,2278.14,2278.10,2338.88,6520420700.0,60862129500.0,-0.023267778821047802
sh000300,2013-12-19,2366.21,2332.41,2331.19,2370.99,4809568000.0,45148866900.00001,-0.010529307704381874
sh000300,2013-12-18,2356.70,2357.23,2350.45,2368.58,4001520700.0,39675269800.0,0.00036072280362242637
sh000300,2013-12-17,2369.25,2356.38,2351.18,2373.29,4848389100.0,46306075599.99999,-0.004873475455251852
sh000300,2013-12-16,2408.68,2367.92,2367.43,2412.73,6458167400.0,62107893600.0,-0.016088820928763625
sh000300,2013-12-13,2388.66,2406.64,2386.25,2416.26,5150119600.0,47583527699.99999,-0.0013983344467451975
sh000300,2013-12-12,2406.77,2410.01,2402.77,2423.31,5014771900.0,47481447300.00001,-0.0011397735373597229
sh000300,2013-12-11,2440.50,2412.76,2400.74,2440.50,6807514400.0,62808851000.0,-0.016532698547274682
sh000300,2013-12-10,2456.23,2453.32,2444.53,2466.66,6694142400.0,61236728800.0,0.0009996450240119525
sh000300,2013-12-09,2460.03,2450.87,2445.94,2468.95,5716488400.0,57634539100.0,-0.000579050601682507
sh000300,2013-12-06,2463.04,2452.29,2445.62,2470.81,6611408900.0,64843207900.0,-0.006445993031358843
sh000300,2013-12-05,2476.45,2468.2,2460.58,2481.75,7770893200.0,72999931100.0,-0.0028038818006254074
sh000300,2013-12-04,2439.82,2475.14,2434.69,2486.64,10265023500.0,94783931300.00002,0.013247201958424215
sh000300,2013-12-03,2410.69,2442.78,2406.66,2448.33,7445575200.0,72045234200.0,0.009918182231611672
sh000300,2013-12-02,2423.97,2418.79,2397.01,2464.86,11965512300.0,112921841100.0,-0.008261785857790693
sh000300,2013-11-29,2442.68,2438.94,2432.39,2446.40,6180374600.0,61907374200.0,-0.00024184986452313595
sh000300,2013-11-28,2419.15,2439.53,2417.24,2460.56,9066040600.0,86852445399.99998,0.010374904741393687
sh000300,2013-11-27,2386.36,2414.48,2383.78,2422.81,7529408800.0,70744775400.0,0.011334411205401684
sh000300,2013-11-26,2387.83,2387.42,2380.41,2399.02,5918586400.0,53334204400.00001,-0.0005065665255816754
sh000300,2013-11-25,2385.78,2388.63,2380.69,2418.85,6614473400.0,63811265000.0,-0.003890807186108125
sh000300,2013-11-22,2415.29,2397.96,2393.58,2419.00,7500067500.0,70052206600.0,-0.004991721957352424
sh000300,2013-11-21,2412.45,2409.99,2382.88,2415.38,8770667700.0,82220527000.0,-0.006128214116337127
sh000300,2013-11-20,2428.77,2424.85,2406.42,2435.43,7229180100.0,67741428200.0,0.005260845051737961
sh000300,2013-11-19,2427.93,2412.16,2405.08,2427.93,7864829600.0,79884936300.0,-0.006892008728231036
sh000300,2013-11-18,2367.88,2428.9,2361.04,2429.57,11003463300.0,108549513000.0,0.033253499976602985
sh000300,2013-11-15,2306.55,2350.73,2306.55,2377.21,8639177100.0,83147858400.0,0.020060750705142016
sh000300,2013-11-14,2291.27,2304.5,2279.01,2305.70,5731035600.0,51945077800.0,0.0071587154519867635
sh000300,2013-11-13,2325.36,2288.12,2287.55,2325.56,5984883100.0,53183050100.0,-0.022170940170940234
sh000300,2013-11-12,2319.36,2340.0,2316.60,2342.53,5268754500.0,49854763400.0,0.01041068444528892
sh000300,2013-11-11,2305.94,2315.89,2295.00,2325.23,4573945700.0,42566548200.0,0.003440282501787406
sh000300,2013-11-08,2329.08,2307.95,2306.04,2342.67,5378850800.0,48564999900.0,-0.013928350174104542
sh000300,2013-11-07,2351.87,2340.55,2328.25,2356.67,5482174700.0,50942569600.0,-0.0055320215672362005
sh000300,2013-11-06,2371.32,2353.57,2352.79,2383.54,6377666300.0,59536872800.0,-0.01266900749652855
sh000300,2013-11-05,2366.88,2383.77,2343.80,2385.69,6208448800.0,56935549900.0,0.0013946942804932139
sh000300,2013-11-04,2397.21,2380.45,2376.36,2404.90,5179846100.0,48959462000.0,-0.0018910170401181814
sh000300,2013-11-01,2373.96,2384.96,2365.15,2395.00,6305576200.0,57820026700.0,0.004735183593684189
sh000300,2013-10-31,2398.40,2373.72,2370.23,2398.40,8273696400.0,70393879800.0,-0.01401886627870752
sh000300,2013-10-30,2371.85,2407.47,2365.51,2407.85,9217812600.0,75735067200.0,0.014932231614004587
sh000300,2013-10-29,2369.22,2372.05,2327.90,2408.62,10673783300.0,91741559600.00002,0.0025782455250535907
sh000300,2013-10-28,2372.57,2365.95,2351.86,2377.25,6287615200.0,56602098400.0,-0.0011019353531259712
sh000300,2013-10-25,2400.52,2368.56,2353.99,2413.33,7707018200.0,70778094800.0,-0.013309671694764935
sh000300,2013-10-24,2412.24,2400.51,2395.47,2422.94,6456082100.0,60427236000.0,-0.007434390880259767
sh000300,2013-10-23,2451.56,2418.49,2412.48,2474.37,9154535500.0,83286778600.0,-0.011202466177955728
sh000300,2013-10-22,2470.25,2445.89,2439.86,2470.25,9070302900.0,83412053900.0,-0.01029004742404882
sh000300,2013-10-21,2431.92,2471.32,2423.56,2472.78,8490979500.0,82223144800.0,0.018659961666082747
sh000300,2013-10-18,2415.12,2426.05,2410.60,2435.71,6029163000.0,59138754400.00001,0.005270725512051877
sh000300,2013-10-17,2432.65,2413.33,2407.78,2440.92,7122247400.0,67722892400.0,-0.0033204342995907243
sh000300,2013-10-16,2459.08,2421.37,2409.72,2459.08,8897983400.0,83150845000.0,-0.01870298923615621
sh000300,2013-10-15,2475.32,2467.52,2449.42,2479.13,8917349600.0,86100822000.0,-0.0020303008242535947
sh000300,2013-10-14,2472.27,2472.54,2462.55,2483.13,10008130100.0,99109155900.0,0.0016325637732881315
sh000300,2013-10-11,2442.36,2468.51,2439.63,2471.17,9338826100.0,91811541700.0,0.016132086345150176
sh000300,2013-10-10,2455.64,2429.32,2422.02,2455.98,9032970600.0,89468020300.0,-0.009887592823547564
sh000300,2013-10-09,2432.94,2453.58,2424.77,2453.75,7627764500.0,76128340900.0,0.004820194855455595
sh000300,2013-10-08,2406.42,2441.81,2392.57,2446.70,8478550600.0,84229908900.0,0.013602928967555439
sh000300,2013-09-30,2406.21,2409.04,2397.22,2415.08,5951399200.0,60990141900.00001,0.005874812628133164
sh000300,2013-09-27,2382.22,2394.97,2379.86,2402.20,6597150800.0,66383990199.99999,0.0044161312509434225
sh000300,2013-09-26,2422.63,2384.44,2382.53,2422.63,8623677000.0,84183923200.0,-0.018357121978732294
sh000300,2013-09-25,2440.84,2429.03,2423.28,2455.04,9051841800.0,89119216700.0,-0.006080470070256694
sh000300,2013-09-24,2470.72,2443.89,2420.09,2470.75,9785301300.0,96769831400.0,-0.011487325516019609
sh000300,2013-09-23,2441.52,2472.29,2439.99,2473.16,8012835200.0,80920687900.0,0.01635347850574087
sh000300,2013-09-18,2426.04,2432.51,2407.24,2439.63,7104075900.0,69341324600.0,0.0021381606051118496
sh000300,2013-09-17,2480.81,2427.32,2426.46,2481.71,9945998200.0,93115107899.99998,-0.02060611929518752
sh000300,2013-09-16,2501.08,2478.39,2467.13,2503.69,10538328200.0,97043842300.0,-0.004222749005584836
sh000300,2013-09-13,2502.54,2488.9,2481.45,2515.78,11077504900.0,98275004900.0,-0.007401912692525436
sh000300,2013-09-12,2480.47,2507.46,2469.72,2527.38,14517317500.0,126115528300.0,0.009895726351147216
sh000300,2013-09-11,2483.79,2482.89,2471.62,2504.47,16691497400.0,142830288500.0,0.003232466897518771
sh000300,2013-09-10,2446.45,2474.89,2435.83,2475.20,15485599200.0,130648129400.0,0.014045668910641185
sh000300,2013-09-09,2374.26,2440.61,2372.69,2449.25,14988964000.0,127299546199.99998,0.03513050411828078
sh000300,2013-09-06,2336.77,2357.78,2335.93,2361.18,7334011600.0,63916893600.0,0.006849607556774107
sh000300,2013-09-05,2350.93,2341.74,2336.75,2351.22,6295138300.0,59606065199.99999,-0.0038116305781257243
sh000300,2013-09-04,2352.54,2350.7,2345.44,2360.66,7872576300.0,68509013800.0,-0.001613930770864358
sh000300,2013-09-03,2326.23,2354.5,2321.30,2354.86,8055400500.0,72663978700.0,0.014721980399424073
sh000300,2013-09-02,2319.96,2320.34,2297.45,2329.87,7951024900.0,73575869300.0,0.00277884619540103
sh000300,2013-08-30,2315.91,2313.91,2303.61,2334.41,8765451500.0,76695994700.0,-0.001897934271085422
sh000300,2013-08-29,2338.56,2318.31,2308.15,2342.32,6608541500.0,59719882400.0,-0.0041880363908146645
sh000300,2013-08-28,2326.10,2328.06,2307.04,2345.36,8925617400.0,80965562400.0,-0.005476572912750832
sh000300,2013-08-27,2332.80,2340.88,2322.46,2345.11,6599033300.0,62575377600.0,0.0022520786771822454
sh000300,2013-08-26,2294.76,2335.62,2288.50,2336.38,7037104300.0,66541009900.0,0.02129055108814004
sh000300,2013-08-23,2314.87,2286.93,2251.92,2321.04,6896713300.0,65459845300.0,-0.007378696401366347
sh000300,2013-08-22,2302.67,2303.93,2297.02,2329.14,5533810400.0,51686310599.99999,-0.0020185481181155263
sh000300,2013-08-21,2320.58,2308.59,2291.05,2321.64,5500738400.0,50886495500.0,-0.001677859604665044
sh000300,2013-08-20,2325.86,2312.47,2303.67,2353.41,7308634500.0,67589707200.0,-0.008132347958120123
sh000300,2013-08-19,2286.20,2331.43,2284.08,2340.19,7248322400.0,67064925400.0,0.01184389837423061
sh000300,2013-08-16,2314.26,2304.14,2295.02,2423.08,12036956300.0,104026773400.0,-0.007512125362899469
sh000300,2013-08-15,2348.84,2321.58,2319.78,2362.09,6195185300.0,59411203600.0,-0.0117067107122788
sh000300,2013-08-14,2362.62,2349.08,2340.83,2386.60,7594212800.0,71338219600.0,-0.0042347196140852805
sh000300,2013-08-13,2352.88,2359.07,2340.73,2360.83,7839363600.0,71178520200.0,0.0026691714942685962
sh000300,2013-08-12,2296.22,2352.79,2293.18,2352.89,9786321600.0,94038910300.0,0.029212470636611254
sh000300,2013-08-09,2288.51,2286.01,2258.33,2301.59,6460001700.0,62663979100.0,0.004053970958985964
sh000300,2013-08-08,2277.25,2276.78,2267.07,2297.63,5309843000.0,52710276700.0,-0.001683752663749205
sh000300,2013-08-07,2292.38,2280.62,2276.86,2313.88,7304869500.0,69560482100.0,-0.005676566505641634
sh000300,2013-08-06,2270.67,2293.64,2256.72,2302.48,7374689500.0,68993574800.0,0.006719834264570901
sh000300,2013-08-05,2249.98,2278.33,2243.22,2278.33,5534215100.0,53623068600.0,0.013825725550225432
sh000300,2013-08-02,2263.50,2247.26,2244.25,2274.71,6089089300.0,58459999500.0,0.0008461894751843335
sh000300,2013-08-01,2206.00,2245.36,2200.63,2245.56,6260399700.0,58944765700.0,0.0238666314032705
sh000300,2013-07-31,2211.75,2193.02,2187.21,2235.38,4832705500.0,46723493400.0,0.001657996062830236
sh000300,2013-07-30,2184.01,2189.39,2162.98,2221.59,5519362300.0,50907227300.00001,0.006167364439767065
sh000300,2013-07-29,2205.08,2175.97,2169.02,2205.08,5460092500.0,49624613400.0,-0.021600622299360328
sh000300,2013-07-26,2226.43,2224.01,2209.81,2238.42,4894109800.0,45636069900.0,-0.006109005755961405
sh000300,2013-07-25,2255.22,2237.68,2227.85,2268.84,6577431600.0,60558362800.0,-0.0050997043327480895
sh000300,2013-07-24,2253.38,2249.15,2217.19,2265.58,6959230700.0,69279825800.0,-0.007370302535472217
sh000300,2013-07-23,2211.59,2265.85,2206.76,2276.74,7480973100.0,69255423100.0,0.02890758744704125
sh000300,2013-07-22,2170.09,2202.19,2159.81,2203.06,5328349500.0,48872947300.00001,0.005345860268069158
sh000300,2013-07-19,2248.13,2190.48,2188.75,2257.92,7053528200.0,66179072699.99999,-0.02442848044608137
sh000300,2013-07-18,2272.95,2245.33,2241.93,2282.44,5714429200.0,51937235100.0,-0.01643128734383492
sh000300,2013-07-17,2311.44,2282.84,2281.61,2326.93,6765524800.0,63229061700.0,-0.015104514959984328
sh000300,2013-07-16,2300.83,2317.85,2281.94,2317.85,6562415700.0,62085631900.00001,0.004572443982143515
sh000300,2013-07-15,2289.76,2307.3,2274.67,2336.04,7475788400.0,71796189700.0,0.01403288256415447
sh000300,2013-07-12,2319.02,2275.37,2274.07,2331.99,8973308200.0,82064555700.0,-0.022057085387395925
sh000300,2013-07-11,2232.16,2326.69,2232.16,2351.22,12579319200.0,111329812800.0,0.0461453378056349
sh000300,2013-07-10,2163.10,2224.06,2157.47,2224.14,6114978100.0,54373757800.0,0.02838620778944545
sh000300,2013-07-09,2160.70,2162.67,2149.79,2174.79,4149443300.0,37246189900.0,-0.0004390789510172466
sh000300,2013-07-08,2194.42,2163.62,2162.19,2205.21,5478249300.0,49288252000.0,-0.02839436872712575
sh000300,2013-07-05,2227.35,2226.85,2225.05,2252.03,6182177500.0,58424400599.99999,0.002191738899540052
sh000300,2013-07-04,2187.18,2221.98,2176.08,2245.91,7258114500.0,67189379200.0,0.008235662460353232
sh000300,2013-07-03,2211.04,2203.83,2169.14,2211.04,6583602200.0,59536760199.99999,-0.008168390354548638
sh000300,2013-07-02,2211.80,2221.98,2191.80,2226.11,6183885000.0,59632902000.0,0.003912674172735997
sh000300,2013-07-01,2187.09,2213.32,2166.35,2213.97,5772622700.0,51874735199.99999,0.005761960157045332
sh000300,2013-06-28,2149.03,2200.64,2139.37,2227.46,7945132700.0,64106048700.0,0.018465895943056587
sh000300,2013-06-27,2172.85,2160.74,2153.18,2200.21,7540675300.0,62927082400.0,-0.0034866024074161617
sh000300,2013-06-26,2170.33,2168.3,2131.86,2181.02,7925642600.0,67298430199.99999,0.0013299960284840484
sh000300,2013-06-25,2146.05,2165.42,2023.17,2169.21,10755488200.0,87090394000.0,-0.0026667157944187947
sh000300,2013-06-24,2308.07,2171.21,2164.33,2308.07,8659725900.0,73731930500.0,-0.06307958522303103
sh000300,2013-06-21,2283.15,2317.39,2269.56,2332.84,5870579800.0,53486133000.0,-0.0017575070967963402
sh000300,2013-06-20,2386.10,2321.47,2320.23,2386.10,5520102000.0,52171735100.0,-0.03302704143687851
sh000300,2013-06-19,2408.28,2400.76,2366.35,2408.28,5434626000.0,52979991100.0,-0.007437726098191155
sh000300,2013-06-18,2413.09,2418.75,2393.32,2424.20,4863037900.0,48792090500.0,0.006202575878594185
sh000300,2013-06-17,2422.76,2403.84,2394.39,2427.53,5039571100.0,51983757500.0,-0.005350116064002708
sh000300,2013-06-14,2404.42,2416.77,2396.49,2420.36,5596453400.0,53686779300.0,0.007012675316882877
sh000300,2013-06-13,2448.72,2399.94,2375.20,2448.72,6973006600.0,64081598099.99999,-0.033902808192708966
sh000300,2013-06-07,2526.91,2484.16,2475.69,2538.89,6103089400.0,61366173700.0,-0.017283462230749502
sh000300,2013-06-06,2552.82,2527.85,2525.31,2557.68,5249652900.0,54448113400.0,-0.012766838245057754
sh000300,2013-06-05,2565.33,2560.54,2545.19,2570.03,4563719300.0,47367057800.0,-0.0019994777192702262
sh000300,2013-06-04,2600.50,2565.67,2556.06,2600.50,6631575000.0,63139420000.0,-0.014197232020041306
sh000300,2013-06-03,2605.97,2602.62,2596.05,2625.94,5977446800.0,63008705199.99999,-0.0014617695468513991
sh000300,2013-05-31,2638.71,2606.43,2604.75,2645.56,6252853300.0,65904433700.0,-0.010587172401226974
sh000300,2013-05-30,2633.96,2634.32,2623.58,2647.44,7014636800.0,71045065900.0,-0.0031181884233469903
sh000300,2013-05-29,2648.93,2642.56,2640.88,2661.23,7927770900.0,81953853200.0,-0.0006806940053548649
sh000300,2013-05-28,2600.63,2644.36,2585.90,2644.36,8419611200.0,86756736800.0,0.017221946537723243
sh000300,2013-05-27,2593.52,2599.59,2589.74,2611.97,6419508000.0,66701652800.0,0.0009086603804824289
sh000300,2013-05-24,2591.42,2597.23,2572.88,2608.35,6073966900.0,62831235100.0,0.005567493272935042
sh000300,2013-05-23,2604.93,2582.85,2579.35,2624.08,8482537000.0,81359908200.0,-0.013437584748837939
sh000300,2013-05-22,2613.41,2618.03,2603.75,2630.07,7419181700.0,78224126400.0,0.0012161309444136403
sh000300,2013-05-21,2607.39,2614.85,2594.25,2617.40,7150599400.0,75837813800.0,0.002007962875678615
sh000300,2013-05-20,2597.15,2609.61,2590.05,2627.62,8633780300.0,94059415800.0,0.006774560675912866
sh000300,2013-05-17,2550.45,2592.05,2547.78,2598.71,8185080100.0,83599367900.0,0.015411072938171566
sh000300,2013-05-16,2501.12,2552.71,2487.76,2553.06,7079618200.0,76830436300.0,0.018261379456147697
sh000300,2013-05-15,2493.97,2506.93,2491.93,2507.43,4418966000.0,47578585599.99999,0.005450520185774854
sh000300,2013-05-14,2526.00,2493.34,2479.87,2526.15,5488006400.0,56144573500.0,-0.014789965109432979
sh000300,2013-05-13,2542.41,2530.77,2516.73,2547.60,5409214700.0,55155093200.0,-0.00396325624596594
sh000300,2013-05-10,2519.52,2540.84,2515.16,2546.98,4881672800.0,50896689200.0,0.0051626124005554885
sh000300,2013-05-09,2542.37,2527.79,2507.79,2543.30,6024014500.0,64438292600.0,-0.005902941639138071
sh000300,2013-05-08,2542.27,2542.8,2531.25,2562.01,5955429400.0,60309148800.0,0.005083124500976366
sh000300,2013-05-07,2519.36,2529.94,2507.76,2539.30,5449064300.0,59244949500.0,0.0015677083745715414
sh000300,2013-05-06,2502.98,2525.98,2500.46,2533.86,6041878000.0,61767951100.0,0.013265621302012587
sh000300,2013-05-03,2457.54,2492.91,2457.54,2521.12,6233009100.0,63267042699.99999,0.017663819989875984
sh000300,2013-05-02,2434.60,2449.64,2423.08,2453.75,4701608800.0,47200448200.0,0.0009520657374830765
sh000300,2013-04-26,2477.72,2447.31,2439.80,2488.59,4712337800.0,46351986700.0,-0.008335089226380599
sh000300,2013-04-25,2486.86,2467.88,2456.57,2505.48,6055792700.0,59891284500.0,-0.011099624135471386
sh000300,2013-04-24,2452.78,2495.58,2446.59,2511.20,6305091600.0,62189421700.0,0.01882448039780038
sh000300,2013-04-23,2532.20,2449.47,2448.20,2532.20,6065398200.0,61576157900.0,-0.03208636448055269
sh000300,2013-04-22,2525.11,2530.67,2518.26,2539.05,6251188300.0,63027024100.0,-0.0012471239191262917
sh000300,2013-04-19,2469.95,2533.83,2469.32,2542.45,7552087600.0,76723675300.0,0.027985475789601866
sh000300,2013-04-18,2440.71,2464.85,2434.73,2478.41,4286070700.0,46270137200.0,0.002595109966768039
sh000300,2013-04-17,2457.88,2458.47,2437.35,2465.20,4469216400.0,46800831900.00001,-0.00045536044625338334
sh000300,2013-04-16,2419.51,2459.59,2416.62,2461.05,5528061300.0,53783255199.99999,0.009344145238466606
sh000300,2013-04-15,2453.97,2436.82,2430.15,2461.67,4653973400.0,44084843300.0,-0.010271677544870017
sh000300,2013-04-12,2476.32,2462.11,2460.18,2489.12,3991727800.0,40428047800.0,-0.006364311427510594
sh000300,2013-04-11,2502.50,2477.88,2476.40,2508.59,4298995800.0,43039949400.00001,-0.0029895666938932752
sh000300,2013-04-10,2487.98,2485.31,2466.19,2495.57,4750491300.0,51963820599.99999,-0.0016549973287057762
sh000300,2013-04-09,2477.29,2489.43,2477.29,2505.29,5238982400.0,54947035599.99999,0.006928770780245008
sh000300,2013-04-08,2443.24,2472.3,2429.50,2473.31,5329677200.0,55249297699.99999,-0.004529806124297875
sh000300,2013-04-03,2493.88,2483.55,2474.93,2507.14,4556422100.0,45156719400.00001,-0.001142218236077075
sh000300,2013-04-02,2495.84,2486.39,2475.00,2524.46,5568415200.0,55637391700.0,-0.002727429518007085
sh000300,2013-04-01,2486.43,2493.19,2483.73,2507.83,4734602200.0,47159820599.99999,-0.000757490741779776
sh000300,2013-03-29,2502.78,2495.08,2482.49,2509.11,5240213700.0,52055540500.0,-0.0016884727723763815
sh000300,2013-03-28,2535.99,2499.3,2495.08,2535.99,8757840500.0,84725899100.0,-0.032602679279900015
sh000300,2013-03-27,2575.73,2583.53,2566.35,2611.94,5690651700.0,58652246300.0,0.003293139939030354
sh000300,2013-03-26,2601.96,2575.05,2554.97,2607.36,6396296100.0,65306571600.0,-0.014561249091117778
sh000300,2013-03-25,2628.41,2613.1,2607.61,2641.61,5626140200.0,58004930900.0,-0.0019898331366415833
sh000300,2013-03-22,2612.26,2618.31,2603.34,2625.53,5564714100.0,55882142400.0,0.0012696033254429029
sh000300,2013-03-21,2611.58,2614.99,2598.51,2626.54,6955275600.0,71642665500.0,0.0018466230168914244
sh000300,2013-03-20,2526.97,2610.17,2526.83,2610.17,9070062200.0,91271022200.0,0.03368975486119363
sh000300,2013-03-19,2507.40,2525.1,2491.85,2532.07,5453647600.0,55601012000.0,0.009035001138865795
sh000300,2013-03-18,2526.08,2502.49,2499.83,2544.62,5981277800.0,63093556700.0,-0.014717288680129337
sh000300,2013-03-15,2533.72,2539.87,2504.46,2600.09,8137218500.0,82749877400.0,0.0022097093048489835
sh000300,2013-03-14,2517.75,2534.27,2514.46,2546.70,4760575600.0,49929775400.0,0.002682503194869401
sh000300,2013-03-13,2551.73,2527.49,2515.06,2556.77,5643046000.0,56003723600.0,-0.011007113733653706
sh000300,2013-03-12,2590.39,2555.62,2530.25,2619.51,7193514100.0,71675127600.0,-0.014176217129499236
sh000300,2013-03-11,2600.28,2592.37,2574.17,2611.65,5094643600.0,52460900900.0,-0.005585113524336993
sh000300,2013-03-08,2622.68,2606.93,2601.96,2632.62,5942955700.0,63054592400.0,-0.004791027226777933
sh000300,2013-03-07,2639.78,2619.48,2592.87,2658.97,9408266600.0,96498096000.0,-0.011591577994113589
sh000300,2013-03-06,2634.87,2650.2,2620.43,2658.14,9582965200.0,95048891300.00002,0.010442998158463501
sh000300,2013-03-05,2547.89,2622.81,2541.77,2623.17,8966115200.0,92357133800.00002,0.030282199142089627
sh000300,2013-03-04,2619.42,2545.72,2528.69,2619.57,11061910300.0,112585043699.99998,-0.046132402092294855
sh000300,2013-03-01,2671.84,2668.84,2627.00,2680.85,7334375300.0,80342747700.0,-0.0016795532164004534
sh000300,2013-02-28,2611.94,2673.33,2594.00,2673.71,8692259500.0,92235377300.0,0.03031202306257419
sh000300,2013-02-27,2576.05,2594.68,2569.38,2615.25,6322674300.0,64612274200.0,0.010546814145505401
sh000300,2013-02-26,2587.38,2567.6,2564.67,2631.09,8000306500.0,83373960600.0,-0.014341870892451425
sh000300,2013-02-25,2607.15,2604.96,2590.79,2628.70,5316194200.0,55614493300.0,0.0032195948548101594
sh000300,2013-02-22,2607.65,2596.6,2591.15,2618.48,6020485200.0,65899100199.99999,-0.005343701518837118
sh000300,2013-02-21,2675.74,2610.55,2584.76,2675.74,10065798400.0,103619498800.00002,-0.03407409051889998
sh000300,2013-02-20,2686.09,2702.64,2665.23,2703.10,7001937700.0,73636360700.0,0.006341203674397944
sh000300,2013-02-19,2735.04,2685.61,2674.34,2740.74,8062643100.0,82460808200.0,-0.018944499848400076
sh000300,2013-02-18,2784.06,2737.47,2731.51,2787.74,7643822700.0,81001366800.0,-0.012360511305213762
sh000300,2013-02-08,2755.65,2771.73,2747.95,2791.30,7742964400.0,82903631800.0,0.004297303858515011
sh000300,2013-02-07,2771.53,2759.87,2722.87,2775.97,8997814200.0,95978595600.0,-0.0057532134416969916
sh000300,2013-02-06,2771.91,2775.84,2765.74,2787.46,8277927100.0,88989578100.0,0.0015008947641863557
sh000300,2013-02-05,2727.93,2771.68,2725.36,2779.95,11613081900.0,112701171600.0,0.00860616514375745
sh000300,2013-02-04,2753.69,2748.03,2731.08,2768.50,12793917900.0,136119589800.0,0.001716897773500703
sh000300,2013-02-01,2677.19,2743.32,2671.27,2744.32,10387951500.0,110560933900.0,0.021005776216280525
sh000300,2013-01-31,2690.95,2686.88,2671.33,2696.88,9674010100.0,94476820600.0,-0.0006806237935663706
sh000300,2013-01-30,2678.43,2688.71,2662.06,2689.68,9987499000.0,100856652600.0,0.004798439386068942
sh000300,2013-01-29,2655.38,2675.87,2646.15,2685.53,10104022900.0,108827009900.0,0.009054022459707545
sh000300,2013-01-28,2577.27,2651.86,2577.27,2651.97,9127479000.0,98173275700.0,0.031182072349873913
sh000300,2013-01-25,2580.88,2571.67,2567.11,2591.51,5848735900.0,60689374000.0,-0.0042900009679605056
sh000300,2013-01-24,2606.43,2582.75,2564.21,2663.40,11127717200.0,109537680300.0,-0.009476655442461235
sh000300,2013-01-23,2588.20,2607.46,2576.36,2611.41,7573944400.0,72758926400.0,0.004066386845854586
sh000300,2013-01-22,2610.39,2596.9,2578.18,2620.02,10576627500.0,102261160399.99998,-0.0053621356620322524
sh000300,2013-01-21,2605.65,2610.9,2582.65,2611.20,8413374200.0,85357442100.00002,0.0059566008075702115
sh000300,2013-01-18,2568.69,2595.44,2553.45,2607.45,7794030300.0,77435163500.0,0.016719158871182582
sh000300,2013-01-17,2570.71,2552.76,2539.67,2575.06,6991523900.0,71716118500.0,-0.009440880993678902
sh000300,2013-01-16,2591.37,2577.09,2540.52,2600.09,9353608400.0,95564995000.0,-0.007230744339063011
sh000300,2013-01-15,2579.13,2595.86,2576.92,2605.41,9862080500.0,101356961400.0,0.007033320014121047
sh000300,2013-01-14,2474.18,2577.73,2474.00,2583.63,9355409100.0,96853471400.0,0.03805527478324611
sh000300,2013-01-11,2533.50,2483.23,2473.70,2539.79,7423917600.0,72775922000.0,-0.01870724777421695
sh000300,2013-01-10,2525.59,2530.57,2513.73,2553.35,7108586200.0,71159045500.0,0.0017576292589851494
sh000300,2013-01-09,2518.10,2526.13,2504.30,2534.24,7023117000.0,74233597000.0,0.0003167902808742795
sh000300,2013-01-08,2534.65,2525.33,2502.49,2540.51,7183710000.0,76498061800.0,-0.00420348660680836
sh000300,2013-01-07,2518.05,2535.99,2511.60,2545.97,7516799300.0,73167512500.0,0.00458721047690358
sh000300,2013-01-04,2551.81,2524.41,2498.89,2558.53,9798818200.0,95579245000.0,0.0005786876473969915
sh000300,2012-12-31,2485.56,2522.95,2485.56,2522.95,8200229300.0,81149079600.0,0.017298038346000855
sh000300,2012-12-28,2448.08,2480.05,2444.38,2481.59,6716632100.0,66053288200.0,0.014505499899778673
sh000300,2012-12-27,2464.78,2444.59,2443.68,2479.79,7325506700.0,69327603800.0,-0.005301877426127644
sh000300,2012-12-26,2445.99,2457.62,2441.64,2458.01,7159182800.0,68406242100.0,0.0037657245548112783
sh000300,2012-12-25,2373.88,2448.4,2365.41,2459.30,9550235000.0,89877770399.99998,0.028212428922989252
sh000300,2012-12-24,2368.01,2381.22,2367.04,2396.73,5308700400.0,54121541300.0,0.003887015177065578
sh000300,2012-12-21,2386.38,2372.0,2365.03,2414.22,6871415800.0,66887708099.99999,-0.005375667765282199
sh000300,2012-12-20,2361.32,2384.82,2346.55,2391.92,6565546200.0,63028692000.0,0.005782102053468741
sh000300,2012-12-19,2362.80,2371.11,2358.03,2387.14,6329253000.0,61140748200.0,0.0012626049355608515
sh000300,2012-12-18,2361.10,2368.12,2347.08,2398.63,8578484900.0,78802837300.0,0.0005999915494148134
sh000300,2012-12-17,2359.20,2366.7,2358.66,2380.00,9408819500.0,85000820300.0,0.0045970278495841566
sh000300,2012-12-14,2245.64,2355.87,2245.64,2357.11,11089256200.0,93934741100.0,0.050489601541040985
sh000300,2012-12-13,2260.60,2242.64,2242.56,2266.72,4194210000.0,36665684900.0,-0.011081370685739778
sh000300,2012-12-12,2257.73,2267.77,2247.95,2273.21,4500645400.0,39182538200.0,0.0041044941332741836
sh000300,2012-12-11,2263.21,2258.5,2254.30,2274.99,5146870300.0,45087981900.00001,-0.005526078245745469
sh000300,2012-12-10,2254.92,2271.05,2250.44,2276.28,7337547500.0,61399772000.0,0.010811123573501336
sh000300,2012-12-07,2203.89,2246.76,2198.11,2250.53,7616974800.0,64996499300.0,0.01958613178435309
sh000300,2012-12-06,2205.61,2203.6,2191.23,2216.98,4857468900.0,42758570199.99999,-0.001938511150968436
sh000300,2012-12-05,2128.39,2207.88,2126.79,2219.09,8248710300.0,69109050500.0,0.03584849892327835
sh000300,2012-12-04,2104.93,2131.47,2102.14,2135.66,3622591500.0,31732336900.0,0.010726225193826044
sh000300,2012-12-03,2136.70,2108.85,2108.15,2152.61,4018676200.0,34173653600.0,-0.014399484030172993
sh000300,2012-11-30,2114.24,2139.66,2109.96,2142.86,3640691100.0,28552066200.0,0.011334417303183963
sh000300,2012-11-29,2128.80,2115.68,2114.48,2140.88,2967062500.0,24016256000.0,-0.006331135283398126
sh000300,2012-11-28,2142.50,2129.16,2126.03,2144.80,3000933900.0,24423321700.0,-0.009987724584309743
sh000300,2012-11-27,2168.59,2150.64,2150.22,2173.46,3194674600.0,26149735200.0,-0.01147269718698296
sh000300,2012-11-26,2187.24,2175.6,2172.10,2191.36,2474269600.0,22231498400.0,-0.007789554335333904
sh000300,2012-11-23,2184.41,2192.68,2179.73,2202.47,2866749300.0,26307630099.999996,0.006948175702050419
sh000300,2012-11-22,2181.18,2177.55,2169.66,2185.58,2291235100.0,21536153000.0,-0.007904688140689786
sh000300,2012-11-21,2165.41,2194.9,2151.38,2195.46,3050848200.0,27121949900.000004,0.01386681940800405
sh000300,2012-11-20,2180.21,2164.88,2163.53,2184.33,2394891600.0,22999196200.0,-0.004648297233550314
sh000300,2012-11-19,2175.18,2174.99,2149.54,2176.49,2697866600.0,26737221700.0,-0.001033418456394375
sh000300,2012-11-16,2189.51,2177.24,2162.98,2191.61,3024778600.0,26118247400.000004,-0.007467109162024421
sh000300,2012-11-15,2210.75,2193.62,2193.52,2220.99,2831915100.0,23778694900.000004,-0.013265200552379453
sh000300,2012-11-14,2213.09,2223.11,2206.00,2225.12,2675879000.0,23592323500.0,0.004822729655945546
sh000300,2012-11-13,2250.84,2212.44,2208.72,2250.84,3408370400.0,28818451600.0,-0.017501165708195376
sh000300,2012-11-12,2242.96,2251.85,2232.74,2254.70,3472168500.0,29040821400.0,0.004877461042785969
sh000300,2012-11-09,2241.76,2240.92,2235.23,2252.20,3050696800.0,24374277799.999996,-0.001999634810568973
sh000300,2012-11-08,2269.58,2245.41,2245.40,2275.40,3542647500.0,30411864800.0,-0.018400000000000083
sh000300,2012-11-07,2288.76,2287.5,2277.02,2300.89,3306740300.0,30278449400.0,-0.002054785556297234
sh000300,2012-11-06,2301.98,2292.21,2260.51,2304.05,3928062700.0,34473382000.0,-0.00420091403548406
sh000300,2012-11-05,2302.74,2301.88,2290.14,2318.23,3951037200.0,33663152799.999996,-0.0021198472322770945
sh000300,2012-11-02,2297.90,2306.77,2284.72,2309.67,3983328800.0,34893875800.0,0.003868783400351683
sh000300,2012-11-01,2256.61,2297.88,2256.41,2305.63,5076172900.0,45602138200.0,0.019096868042681958
sh000300,2012-10-31,2241.43,2254.82,2233.68,2256.10,3716979500.0,30634360200.0,0.006670000178581104
sh000300,2012-10-30,2236.32,2239.88,2231.78,2257.95,3408312500.0,29516628500.0,0.0018024464968580123
sh000300,2012-10-29,2241.80,2235.85,2227.65,2248.14,2758132500.0,25328650700.0,-0.005364983473537643
sh000300,2012-10-26,2291.31,2247.91,2237.06,2293.18,4090051900.0,34530067100.0,-0.018911157277282098
sh000300,2012-10-25,2306.73,2291.24,2288.60,2322.92,4435153100.0,33183528700.0,-0.007167060985016072
sh000300,2012-10-24,2303.40,2307.78,2302.17,2321.43,3754244500.0,30392378000.0,-0.0018597972388497697
sh000300,2012-10-23,2340.89,2312.08,2309.25,2344.04,3722127200.0,33716876600.0,-0.012602547841424117
sh000300,2012-10-22,2320.47,2341.59,2315.90,2347.90,3436828600.0,32815273300.0,0.003910018135281579
sh000300,2012-10-19,2335.11,2332.47,2328.73,2342.53,3592773200.0,33173031600.0,-0.0015453237902811612
sh000300,2012-10-18,2307.49,2336.08,2305.88,2341.12,5061510000.0,45050292500.0,0.015333796940194544
sh000300,2012-10-17,2307.36,2300.8,2280.82,2312.17,3334940900.0,31270899000.0,0.001148745083022984
sh000300,2012-10-16,2293.24,2298.16,2287.59,2315.45,3205967900.0,32705140500.0,0.0014379962176340744
sh000300,2012-10-15,2306.01,2294.86,2278.46,2307.88,2865174600.0,28569021600.0,-0.004196083366239556
sh000300,2012-10-12,2311.28,2304.53,2287.01,2332.15,3687414500.0,33205903800.0,0.0008686097466699128
sh000300,2012-10-11,2315.90,2302.53,2300.93,2321.35,4130065500.0,36172963500.0,-0.009289537545393411
sh000300,2012-10-10,2314.59,2324.12,2304.61,2325.75,4268623800.0,37873996200.0,0.00170677884283843
sh000300,2012-10-09,2281.75,2320.16,2281.75,2327.73,5254888700.0,48330196400.0,0.022074403647496688
sh000300,2012-10-08,2291.96,2270.05,2258.11,2305.18,3553442400.0,33915840299.999996,-0.010056211869469811
sh000300,2012-09-28,2235.06,2293.11,2234.32,2297.03,5787582500.0,54431465900.0,0.01838150391700588
sh000300,2012-09-27,2186.00,2251.72,2185.77,2266.30,5301690000.0,48210577800.0,0.030587352223681696
sh000300,2012-09-26,2208.91,2184.89,2181.08,2216.82,2745462600.0,24918916500.0,-0.011429088523403519
sh000300,2012-09-25,2209.98,2210.15,2202.38,2225.33,2787701900.0,26677064500.0,-0.0024238102115980986
sh000300,2012-09-24,2183.97,2215.52,2172.88,2225.80,3750168600.0,33608761200.0,0.00748501632515719
sh000300,2012-09-21,2190.33,2199.06,2186.53,2217.47,3812059300.0,34043368100.0,0.0014162435392428563
sh000300,2012-09-20,2236.19,2195.95,2194.22,2236.19,4254577900.0,38385856500.0,-0.022388524823705347
sh000300,2012-09-19,2237.22,2246.24,2229.49,2249.24,3434970600.0,32607010900.0,0.004921171775737809
sh000300,2012-09-18,2249.43,2235.24,2228.04,2253.14,3322869600.0,30171497200.000004,-0.010390886833635204
sh000300,2012-09-17,2312.05,2258.71,2258.18,2314.99,4898473400.0,43753169700.0,-0.024542871209307537
sh000300,2012-09-14,2324.01,2315.54,2298.83,2332.42,6157181400.0,55438612900.0,0.007431062537525124
sh000300,2012-09-13,2316.68,2298.46,2298.37,2325.53,4204984900.0,38023998300.0,-0.00931437413526326
sh000300,2012-09-12,2325.93,2320.07,2298.30,2337.20,4962251800.0,46485174500.0,0.0035382306251596773
sh000300,2012-09-11,2316.53,2311.89,2294.82,2316.53,4626071900.0,43389766000.0,-0.00635242642918854
sh000300,2012-09-10,2320.56,2326.67,2313.57,2334.50,6533055400.0,63252038500.0,0.004095495386633896
sh000300,2012-09-07,2233.91,2317.18,2233.91,2341.52,9452976400.0,84302249200.0,0.044800750286317026
sh000300,2012-09-06,2204.44,2217.82,2199.86,2218.68,3169588400.0,26873315900.0,0.008154990272196683
sh000300,2012-09-05,2199.74,2199.88,2186.96,2209.54,3475182400.0,30445168200.0,-0.00205497162506052
sh000300,2012-09-04,2231.72,2204.41,2199.51,2234.88,3485268800.0,33220203900.0,-0.010752253889614427
sh000300,2012-09-03,2201.12,2228.37,2197.71,2236.56,3854859200.0,35299176700.0,0.010658224747944312
sh000300,2012-08-31,2205.57,2204.87,2203.12,2218.87,2596498600.0,23340891000.0,-0.0029393543369042874
sh000300,2012-08-30,2204.51,2211.37,2188.72,2223.20,3549131000.0,33867206100.0,-0.0015531806340047805
sh000300,2012-08-29,2230.20,2214.81,2214.43,2240.11,2901064800.0,27396186600.0,-0.010543198073632576
sh000300,2012-08-28,2226.90,2238.41,2222.00,2250.60,3377361500.0,30331076300.0,0.004582173952069057
sh000300,2012-08-27,2268.49,2228.2,2228.15,2268.49,3738619100.0,35384156100.0,-0.02086409336989381
sh000300,2012-08-24,2295.68,2275.68,2274.57,2299.30,3186959100.0,32986336500.0,-0.011519416210581168
sh000300,2012-08-23,2298.18,2302.2,2285.37,2311.65,3133534200.0,33789603900.0,0.0028794340452780176
sh000300,2012-08-22,2315.14,2295.59,2285.75,2317.37,3170841200.0,31547519200.0,-0.007827289622682088
sh000300,2012-08-21,2301.93,2313.7,2296.55,2327.38,3489510000.0,34757869300.0,0.005174233965739683
sh000300,2012-08-20,2294.90,2301.79,2279.95,2307.41,2740203300.0,27174816900.0,-0.005052993758320801
sh000300,2012-08-17,2318.43,2313.48,2295.16,2322.89,2606571700.0,28629966800.0,-0.0026684830169808604
sh000300,2012-08-16,2327.91,2319.67,2317.06,2335.40,2590290500.0,27076003500.0,-0.00512519192664318
sh000300,2012-08-15,2350.02,2331.62,2330.15,2350.02,3058017600.0,30332554800.0,-0.010776319250579203
sh000300,2012-08-14,2352.66,2357.02,2324.91,2357.85,3985006600.0,42404687500.0,0.0021641800563791946
sh000300,2012-08-13,2394.50,2351.93,2350.81,2394.50,4478354600.0,46249676200.0,-0.019927075737055988
sh000300,2012-08-10,2409.94,2399.75,2395.91,2413.42,3470299500.0,40699222500.0,-0.004955010988099584
sh000300,2012-08-09,2388.43,2411.7,2378.85,2412.14,3565895100.0,43256096900.00001,0.009168169588122721
sh000300,2012-08-08,2390.96,2389.79,2382.83,2405.18,3781045100.0,41340862200.0,0.00038511932419926787
sh000300,2012-08-07,2383.26,2388.87,2379.45,2390.78,3828548900.0,40403711500.0,0.00136652680027316
sh000300,2012-08-06,2350.12,2385.61,2348.12,2388.36,4182066500.0,43686686300.0,0.013540153118016596
sh000300,2012-08-03,2340.25,2353.74,2329.93,2354.16,2976978500.0,31106947300.0,0.008077502912355206
sh000300,2012-08-02,2354.07,2334.88,2325.61,2358.56,3151615900.0,29751166600.0,-0.010077798740805166
sh000300,2012-08-01,2332.13,2358.65,2331.95,2371.12,3142084800.0,31277764400.0,0.01102909658282325
sh000300,2012-07-31,2336.88,2332.92,2329.50,2350.07,3209972300.0,31196332500.0,-0.0012287063477453009
sh000300,2012-07-30,2350.78,2335.79,2334.00,2367.03,3048485100.0,29907972300.0,-0.005670232556159616
sh000300,2012-07-27,2353.94,2349.11,2341.29,2364.98,3109052500.0,33048182100.0,0.0006900987863633912
sh000300,2012-07-26,2360.13,2347.49,2344.70,2374.87,3131409400.0,31326395000.0,-0.0053345649300023945
sh000300,2012-07-25,2368.38,2360.08,2357.47,2381.04,2489650100.0,25730598100.0,-0.006696156128603192
sh000300,2012-07-24,2353.22,2375.99,2352.80,2392.35,3031007900.0,31149105800.0,0.004464304587326495
sh000300,2012-07-23,2379.89,2365.43,2357.51,2379.89,3239036900.0,33178928600.0,-0.013771336607656615
sh000300,2012-07-20,2415.71,2398.46,2392.18,2423.80,3761975400.0,36683624000.0,-0.010666908658922947
sh000300,2012-07-19,2407.44,2424.32,2401.29,2444.06,4694905200.0,47704039000.0,0.004133634865014946
sh000300,2012-07-18,2412.06,2414.34,2373.65,2420.78,4175178800.0,44325492600.0,5.799022450525548e-05
sh000300,2012-07-17,2391.90,2414.2,2391.28,2421.93,3342432900.0,38285441600.0,0.006029845024231761
sh000300,2012-07-16,2452.60,2399.73,2399.61,2452.60,4277187000.0,45844882100.0,-0.020770169303403696
sh000300,2012-07-13,2441.01,2450.63,2438.98,2467.99,3672525600.0,42013581200.0,0.000592034885145365
sh000300,2012-07-12,2420.04,2449.18,2404.58,2460.56,5671769100.0,65137536900.00001,0.009733794530770057
sh000300,2012-07-11,2402.18,2425.57,2402.15,2427.79,3762431200.0,39851892200.0,0.00783642399790585
sh000300,2012-07-10,2411.00,2406.71,2402.37,2426.53,3554998400.0,38539025200.0,-0.0038616910316053854
sh000300,2012-07-09,2455.89,2416.04,2414.95,2470.21,4922330200.0,54601732500.0,-0.02287865858344018
sh000300,2012-07-06,2435.06,2472.61,2420.36,2477.23,4961060500.0,56601778900.0,0.017380069701321332
sh000300,2012-07-05,2450.30,2430.37,2420.00,2450.30,3472614500.0,35946204400.0,-0.014016682082988563
sh000300,2012-07-04,2474.53,2464.92,2456.00,2481.34,3445214200.0,37837659900.0,-0.0015392592112510872
sh000300,2012-07-03,2464.85,2468.72,2457.45,2490.55,3869335400.0,45004653900.0,0.0014116272654995932
sh000300,2012-07-02,2473.54,2465.24,2452.99,2473.97,4051007800.0,45651476500.0,0.0014746446431399551
sh000300,2012-06-29,2418.86,2461.61,2417.49,2462.81,3799494100.0,40976538400.0,0.014791423612685817
sh000300,2012-06-28,2451.66,2425.73,2425.24,2459.19,3054311300.0,34418793200.0,-0.00877329192546572
sh000300,2012-06-27,2452.67,2447.2,2444.34,2470.76,3000755300.0,31437597400.000004,-0.0031447053264466174
sh000300,2012-06-26,2442.56,2454.92,2434.64,2465.12,3173400800.0,33896511700.0,-0.0006513278947454237
sh000300,2012-06-25,2501.16,2456.52,2455.01,2501.16,4010673500.0,42503507200.0,-0.02215994809309807
sh000300,2012-06-21,2547.05,2512.19,2502.42,2547.05,3539673200.0,38607959000.0,-0.015834773036225713
sh000300,2012-06-20,2563.64,2552.61,2549.44,2570.66,2985063900.0,33573669800.0,-0.0023489224660167007
sh000300,2012-06-19,2577.36,2558.62,2556.10,2577.36,3270055300.0,37020041300.0,-0.008751709469589919
sh000300,2012-06-18,2576.63,2581.21,2572.99,2593.22,3569362800.0,40852450200.0,0.005124510815599281
sh000300,2012-06-15,2565.19,2568.05,2538.57,2580.17,4278607800.0,48868302900.0,0.0029799798470564465
sh000300,2012-06-14,2573.33,2560.42,2558.56,2584.71,4024793400.0,46331822600.0,-0.007835265670531277
sh000300,2012-06-13,2546.79,2580.64,2539.63,2581.12,4501456800.0,51291269500.0,0.015928005102000764
sh000300,2012-06-12,2543.76,2540.18,2529.95,2553.92,3793667600.0,40259911500.0,-0.007067303557887095
sh000300,2012-06-11,2529.60,2558.26,2523.77,2565.43,4009826000.0,43449657500.0,0.013441190335653497
sh000300,2012-06-08,2558.84,2524.33,2520.41,2559.13,4385642600.0,47638005900.0,-0.00702153270028083
sh000300,2012-06-07,2579.43,2542.18,2536.26,2584.04,3484118600.0,42053000100.0,-0.005951356846797595
sh000300,2012-06-06,2564.23,2557.4,2547.33,2573.74,3385769400.0,41316908600.0,-0.0005627549983586722
sh000300,2012-06-05,2565.19,2558.84,2548.76,2573.89,3777991000.0,43553303600.0,-7.424688260793122e-05
sh000300,2012-06-04,2598.73,2559.03,2558.92,2608.32,5247850200.0,60615569500.0,-0.028093429548043947
sh000300,2012-06-01,2633.60,2633.0,2623.29,2653.86,4419105600.0,53843404300.0,0.00036473609823550746
sh000300,2012-05-31,2623.16,2632.04,2617.23,2645.59,4410746900.0,49875041400.0,-0.0038679009635691486
sh000300,2012-05-30,2646.37,2642.26,2636.52,2655.16,5185543600.0,56976275400.0,-0.0032404700379122797
sh000300,2012-05-29,2615.15,2650.85,2612.56,2658.25,7213563700.0,78681504600.0,0.013829555320133524
sh000300,2012-05-28,2562.60,2614.69,2545.34,2614.85,5633927500.0,58412343000.0,0.016163382690140393
sh000300,2012-05-25,2595.26,2573.1,2565.65,2602.17,3927300400.0,41420081800.0,-0.008538643527045586
sh000300,2012-05-24,2613.10,2595.26,2588.21,2630.41,4284406600.0,50064439900.0,-0.008257957024995433
sh000300,2012-05-23,2621.79,2616.87,2598.29,2635.78,4371953100.0,52563403300.0,-0.0040532517354768816
sh000300,2012-05-22,2598.17,2627.52,2597.60,2627.60,4277352900.0,49392413000.0,0.01557263946382803
sh000300,2012-05-21,2572.37,2587.23,2563.97,2604.22,3860209000.0,44300405800.0,0.005147670145067229
sh000300,2012-05-18,2595.55,2573.98,2567.30,2603.19,4342212400.0,46907511800.0,-0.015287267496576051
sh000300,2012-05-17,2577.96,2613.94,2571.20,2619.59,4372838900.0,49203910000.0,0.01526032664634025
sh000300,2012-05-16,2610.16,2574.65,2574.08,2612.63,4328027400.0,47863536300.0,-0.016321727535655972
sh000300,2012-05-15,2597.64,2617.37,2591.60,2618.18,4576727100.0,51374761900.00001,0.0007034903059799369
sh000300,2012-05-14,2653.81,2615.53,2613.35,2656.28,5208248400.0,60331294500.0,-0.008111736419762372
sh000300,2012-05-11,2652.31,2636.92,2636.52,2666.57,4100614300.0,49392898300.0,-0.007635828557020274
sh000300,2012-05-10,2657.87,2657.21,2649.38,2667.68,4696257600.0,54056953600.0,-0.00011288762789229967
sh000300,2012-05-09,2685.19,2657.51,2655.32,2685.19,5840028300.0,69482578600.0,-0.01905046657217091
sh000300,2012-05-08,2717.41,2709.12,2683.56,2717.83,6311084000.0,73744498000.0,-0.003186424213880601
sh000300,2012-05-07,2699.45,2717.78,2694.32,2717.78,6854731400.0,82715668600.0,0.0006995890834646801
sh000300,2012-05-04,2689.62,2715.88,2677.14,2716.03,6321808600.0,73699551100.0,0.009050647961003522
sh000300,2012-05-03,2679.52,2691.52,2675.81,2693.88,5936109000.0,72337336400.0,0.0029923718739404137
sh000300,2012-05-02,2660.67,2683.49,2643.53,2697.95,8014865400.0,92366092000.0,0.021830353063027275
sh000300,2012-04-27,2630.55,2626.16,2623.60,2637.92,4823358600.0,53345516000.0,-0.002025468460833957
sh000300,2012-04-26,2632.72,2631.49,2617.09,2643.77,5896566700.0,64377486700.0,0.002094448189063902
sh000300,2012-04-25,2598.23,2625.99,2593.33,2631.44,6246805300.0,63529458900.0,0.008107890221008995
sh000300,2012-04-24,2594.80,2604.87,2559.46,2640.29,7113955800.0,73150514000.0,-0.00044895703826497435
sh000300,2012-04-23,2624.75,2606.04,2599.11,2632.09,5866493800.0,62073949600.0,-0.007918259201169509
sh000300,2012-04-20,2591.51,2626.84,2589.35,2627.38,6144637900.0,63829908099.99999,0.011856428587937229
sh000300,2012-04-19,2598.33,2596.06,2585.30,2606.86,4644810900.0,55512931500.0,-0.0014808204899400268
sh000300,2012-04-18,2550.91,2599.91,2546.00,2602.11,5868840800.0,59361005900.0,0.022829559223881413
sh000300,2012-04-17,2572.36,2541.88,2541.53,2578.76,3781546700.0,38328417100.0,-0.012493978337554945
sh000300,2012-04-16,2564.23,2574.04,2559.78,2586.20,4083970000.0,42650756400.0,-0.002484062857253555
sh000300,2012-04-13,2575.05,2580.45,2570.03,2593.79,5309264300.0,61892977400.0,0.003894274910132056
sh000300,2012-04-12,2522.83,2570.44,2516.57,2570.84,5648840900.0,59536950800.0,0.01999968254472151
sh000300,2012-04-11,2494.52,2520.04,2489.33,2541.13,4251031000.0,43627983900.0,9.921461709105905e-05
sh000300,2012-04-10,2490.28,2519.79,2459.35,2519.81,4133590500.0,44064833900.0,0.009875157806143786
sh000300,2012-04-09,2510.53,2495.15,2491.59,2518.38,3537098600.0,38180751800.0,-0.009794311521015286
sh000300,2012-04-06,2509.45,2519.83,2502.70,2525.53,4236857600.0,47207795100.0,0.0027857037682612606
sh000300,2012-04-05,2449.21,2512.83,2441.27,2517.39,5433168700.0,58049691000.0,0.02359770255407545
sh000300,2012-03-30,2447.94,2454.9,2438.49,2461.98,3702708600.0,39139734900.0,0.004821703395658128
sh000300,2012-03-29,2463.69,2443.12,2429.73,2476.48,4613130400.0,48651595900.0,-0.01284092286557037
sh000300,2012-03-28,2538.46,2474.9,2471.03,2540.42,5000579000.0,54993641000.0,-0.028361220820213973
sh000300,2012-03-27,2565.55,2547.14,2544.37,2571.90,3594460400.0,47394454900.0,-0.0032479729518205547
sh000300,2012-03-26,2551.43,2555.44,2540.70,2562.93,3181621100.0,36356133900.0,0.0009792631240843619
sh000300,2012-03-23,2575.33,2552.94,2544.52,2578.83,4332925600.0,47812443000.0,-0.011924528301886728
sh000300,2012-03-22,2586.94,2583.75,2570.45,2599.24,4492677700.0,50115505900.0,-0.0015611776844334235
sh000300,2012-03-21,2597.38,2587.79,2569.08,2613.27,5800254400.0,66674920100.0,0.0012923445994312832
sh000300,2012-03-20,2622.66,2584.45,2584.02,2622.66,5811406500.0,64263817200.0,-0.017323128048942982
sh000300,2012-03-19,2617.66,2630.01,2598.63,2631.04,5764662500.0,68803938000.0,0.002473775690675195
sh000300,2012-03-16,2591.80,2623.52,2577.25,2624.32,5809125900.0,67451822300.00001,0.014685463441047375
sh000300,2012-03-15,2602.66,2585.55,2575.44,2618.25,7256596000.0,77042766500.0,-0.007508320186095818
sh000300,2012-03-14,2694.48,2605.11,2595.34,2705.75,10842654000.0,117080408699.99998,-0.02833197193657755
sh000300,2012-03-13,2653.68,2681.07,2649.17,2681.33,5840446900.0,66429764300.0,0.010047468354430489
sh000300,2012-03-12,2663.24,2654.4,2636.42,2666.43,6232721600.0,74367702000.0,-0.003715797770521334
sh000300,2012-03-09,2644.10,2664.3,2631.41,2664.41,5525892100.0,65963441700.0,0.010816491450381216
sh000300,2012-03-08,2612.40,2635.79,2612.40,2645.95,5754941300.0,64458851000.0,0.012597003457548883
sh000300,2012-03-07,2596.48,2603.0,2594.13,2628.59,5694873300.0,63243293000.0,-0.006886553098948922
sh000300,2012-03-06,2654.80,2621.05,2615.60,2657.96,6244714800.0,68852557800.0,-0.015642017501032668
sh000300,2012-03-05,2687.74,2662.7,2660.96,2694.61,7139545800.0,74973261100.0,-0.006429272406368813
sh000300,2012-03-02,2637.96,2679.93,2637.96,2679.93,6412203400.0,66981591400.0,0.017688495642432578
sh000300,2012-03-01,2622.74,2633.35,2621.86,2647.78,4214844100.0,46524079700.0,-0.0002999081294084993
sh000300,2012-02-29,2655.86,2634.14,2631.78,2666.65,5912020600.0,64875221200.0,-0.01063677951969233
sh000300,2012-02-28,2652.34,2662.46,2641.46,2671.83,7759253600.0,77213053000.0,0.0022171446639840386
sh000300,2012-02-27,2658.12,2656.57,2656.57,2693.84,10151403400.0,106670207600.0,0.0032288275768310726
sh000300,2012-02-24,2607.34,2648.02,2602.78,2648.02,8599970800.0,88058616700.0,0.01602296010375004
sh000300,2012-02-23,2595.78,2606.26,2590.52,2614.54,7037712600.0,72612089300.0,0.0033801992700617234
sh000300,2012-02-22,2564.31,2597.48,2560.34,2598.86,7637665600.0,76421806900.0,0.013670510644110179
sh000300,2012-02-21,2544.84,2562.45,2520.79,2562.91,4789480800.0,47758225500.0,0.008556663294905675
sh000300,2012-02-20,2571.91,2540.71,2539.90,2574.75,5615332900.0,56748912900.0,0.001426831527458594
sh000300,2012-02-17,2551.81,2537.09,2522.86,2558.35,3899471600.0,40458003400.0,0.00040219710023770006
sh000300,2012-02-16,2544.64,2536.07,2519.04,2559.35,5439543100.0,55165633300.0,-0.005310616133447854
sh000300,2012-02-15,2515.83,2549.61,2511.29,2562.07,5809037000.0,60422394100.0,0.01090356883720367
sh000300,2012-02-14,2528.97,2522.11,2506.54,2533.26,4043010100.0,43723682300.00001,-0.0038981350563590533
sh000300,2012-02-13,2504.41,2531.98,2496.30,2553.45,5191397300.0,54282622400.0,-0.0006472951744933564
sh000300,2012-02-10,2521.68,2533.62,2521.16,2560.03,6157587700.0,60029482400.0,0.0017357061239982041
sh000300,2012-02-09,2525.59,2529.23,2513.13,2546.02,5929975100.0,63456204600.0,0.0003915767490429989
sh000300,2012-02-08,2456.42,2528.24,2451.00,2534.16,5618645600.0,61721305000.0,0.028597001566345925
sh000300,2012-02-07,2489.03,2457.95,2441.70,2489.03,3967916400.0,40034277100.0,-0.018516004344492853
sh000300,2012-02-06,2511.17,2504.32,2488.71,2520.76,4507990500.0,47541523500.0,-0.0007062795031304026
sh000300,2012-02-03,2478.34,2506.09,2470.28,2514.65,4994924000.0,51507546000.0,0.007983943625716083
sh000300,2012-02-02,2437.47,2486.24,2429.71,2486.24,4206698500.0,44126383700.0,0.023569467144780365
sh000300,2012-02-01,2458.23,2428.99,2423.45,2481.66,3501537400.0,37752320800.0,-0.014312613117122508
sh000300,2012-01-31,2462.34,2464.26,2447.77,2472.84,3070150100.0,32694132100.0,0.0014386033356093009
sh000300,2012-01-30,2508.88,2460.72,2460.40,2508.88,4351714800.0,44770885300.0,-0.017319665028014297
sh000300,2012-01-20,2476.73,2504.09,2462.59,2510.34,5452978300.0,57474475700.0,0.014479308039783811
sh000300,2012-01-19,2423.86,2468.35,2414.99,2480.21,5561572600.0,56377653300.0,0.019057134246281304
sh000300,2012-01-18,2464.92,2422.19,2414.53,2485.50,6389235800.0,67058838900.0,-0.015610013817767943
sh000300,2012-01-17,2347.57,2460.6,2329.25,2462.43,6420564800.0,64324131100.0,0.04900560612197036
sh000300,2012-01-16,2376.95,2345.65,2345.63,2394.50,3052714500.0,34410385300.0,-0.020331366185947553
sh000300,2012-01-13,2438.41,2394.33,2374.54,2445.79,4551399700.0,47228338600.0,-0.016791090743341397
sh000300,2012-01-12,2426.82,2435.22,2423.32,2464.38,4712127500.0,47877407300.00001,-0.00016012415780863876
sh000300,2012-01-11,2444.76,2435.61,2423.32,2453.15,5870567400.0,57587219300.0,-0.00479702535395421
sh000300,2012-01-10,2365.77,2447.35,2361.28,2449.96,8115498900.0,75249157100.0,0.03326057494606438
sh000300,2012-01-09,2291.18,2368.57,2271.72,2368.89,5472734100.0,51478127000.0,0.03403911638871926
sh000300,2012-01-06,2274.35,2290.6,2254.57,2291.89,3519899200.0,31079362300.0,0.006242339845105693
sh000300,2012-01-05,2290.78,2276.39,2272.15,2316.66,4301648000.0,37635272100.0,-0.009727025557368152
sh000300,2012-01-04,2361.50,2298.75,2298.30,2365.99,3434456700.0,32572551300.0,-0.02003205811385733
sh000300,2011-12-30,2318.67,2345.74,2318.67,2349.03,3586524300.0,32362650299.999996,0.014874359684341476
sh000300,2011-12-29,2297.29,2311.36,2293.87,2323.49,3088770000.0,26868223300.0,0.0014861802567669447
sh000300,2011-12-28,2295.87,2307.93,2267.11,2309.65,3288202000.0,28839274200.0,0.0012581181155992827
sh000300,2011-12-27,2332.83,2305.03,2302.41,2346.38,2927731400.0,26777021300.0,-0.013130967161878448
sh000300,2011-12-26,2345.55,2335.7,2334.79,2369.82,2822408700.0,25033053100.0,-0.009944217433323743
sh000300,2011-12-23,2337.38,2359.16,2331.96,2382.71,3316190400.0,29910296900.0,0.007611026164503931
sh000300,2011-12-22,2325.27,2341.34,2294.61,2358.47,3668385800.0,31845455299.999996,0.00095335405346475
sh000300,2011-12-21,2397.27,2339.11,2337.69,2404.77,3120952500.0,30917839700.000004,-0.015969239441833816
sh000300,2011-12-20,2376.71,2377.07,2373.86,2412.57,3240232700.0,29967658700.0,-0.0030783296496825763
sh000300,2011-12-19,2370.42,2384.41,2321.66,2387.89,3790975200.0,33711371000.0,-0.00239317526661742
sh000300,2011-12-16,2339.98,2390.13,2332.14,2390.38,3630233900.0,33652058800.0,0.021078353889071755
sh000300,2011-12-15,2382.44,2340.79,2340.45,2384.47,3675083400.0,33900402000.0,-0.023645661277674868
sh000300,2011-12-14,2415.94,2397.48,2392.30,2433.55,2532010900.0,23753606400.0,-0.010095254610992033
sh000300,2011-12-13,2467.02,2421.93,2418.67,2472.66,3571753400.0,33269154200.0,-0.022504833130859936
sh000300,2011-12-12,2497.92,2477.69,2476.12,2502.05,2190124900.0,21200444100.0,-0.010293753445231757
sh000300,2011-12-09,2506.62,2503.46,2496.97,2525.16,2402905900.0,25477242000.0,-0.008530693069306872
sh000300,2011-12-08,2525.04,2525.0,2494.69,2549.10,2777774400.0,27843683600.0,-0.0012775736384743608
sh000300,2011-12-07,2517.34,2528.23,2509.78,2534.53,2326183900.0,23433730500.0,0.00472511663765629
sh000300,2011-12-06,2515.04,2516.34,2499.57,2525.67,2629758100.0,26310941600.0,-0.002002863499894758
sh000300,2011-12-05,2561.20,2521.39,2517.18,2561.20,3206338800.0,32749927400.000004,-0.014046009283192107
sh000300,2011-12-02,2570.56,2557.31,2543.53,2575.69,3218370300.0,33168419300.0,-0.010179554963791082
sh000300,2011-12-01,2596.15,2583.61,2577.72,2630.66,6352025200.0,66146809500.0,0.024624036295567864
sh000300,2011-11-30,2600.10,2521.52,2507.18,2601.90,4235264500.0,42454205400.0,-0.03337077402561561
sh000300,2011-11-29,2595.09,2608.57,2580.29,2609.19,3002587800.0,34962426000.0,0.013698257503924838
sh000300,2011-11-28,2578.34,2573.32,2562.49,2589.35,2566693600.0,29179539400.0,0.0013035171616790908
sh000300,2011-11-25,2585.14,2569.97,2563.65,2598.39,2391376600.0,27509358500.0,-0.007319654527756847
sh000300,2011-11-24,2565.69,2588.92,2557.70,2604.24,3031960100.0,31894726900.0,0.0019001474452498002
sh000300,2011-11-23,2613.29,2584.01,2578.16,2617.09,2853141200.0,30958563500.0,-0.009760565323359338
sh000300,2011-11-22,2592.23,2609.48,2580.78,2611.15,2906907800.0,31886735099.999996,-8.046932777461269e-05
sh000300,2011-11-21,2608.56,2609.69,2587.74,2613.26,2797189600.0,31175406800.0,0.0012238634183772135
sh000300,2011-11-18,2643.67,2606.5,2601.18,2646.21,4241471800.0,44949477100.0,-0.020856342176242104
sh000300,2011-11-17,2671.95,2662.02,2660.65,2687.83,3524765200.0,37762635900.0,-0.003033571524875267
sh000300,2011-11-16,2745.86,2670.12,2659.15,2746.29,5594923900.0,57844199000.0,-0.027165279741172
sh000300,2011-11-15,2746.77,2744.68,2732.91,2754.00,4175986400.0,46980739000.0,-0.0020071267544178317
sh000300,2011-11-14,2717.54,2750.2,2714.86,2751.88,4639094300.0,51333489000.0,0.020482374768088896
sh000300,2011-11-11,2705.24,2695.0,2685.10,2713.91,3663669600.0,38724219300.0,-0.0017002581873544198
sh000300,2011-11-10,2720.84,2699.59,2698.31,2729.57,5117370200.0,51793948500.0,-0.018919557356495198
sh000300,2011-11-09,2739.15,2751.65,2710.05,2755.81,4687796000.0,48484230100.0,0.008776592819617957
sh000300,2011-11-08,2745.06,2727.71,2723.69,2756.09,4788425200.0,47864912699.99999,-0.0031210598446779203
sh000300,2011-11-07,2750.99,2736.25,2733.17,2769.30,4537505600.0,47761935100.0,-0.00995024875621886
sh000300,2011-11-04,2770.57,2763.75,2748.98,2781.99,6195821800.0,63500868600.0,0.00708741755638953
sh000300,2011-11-03,2752.63,2744.3,2743.20,2781.04,8482076000.0,90502550000.0,0.0006964727846878738
sh000300,2011-11-02,2658.55,2742.39,2653.72,2742.94,6436158400.0,65327476300.0,0.016630028210992798
sh000300,2011-11-01,2672.51,2697.53,2669.05,2726.09,5520665100.0,56067605500.0,0.0008236529378811142
sh000300,2011-10-31,2704.53,2695.31,2680.99,2709.32,5040711200.0,52522499100.0,-0.005060870720777322
sh000300,2011-10-28,2694.54,2709.02,2689.38,2729.14,7164310500.0,72908419700.0,0.01939431340969633
sh000300,2011-10-27,2658.43,2657.48,2647.30,2672.84,4882039100.0,47403219300.0,0.002198631041049781
sh000300,2011-10-26,2613.27,2651.65,2611.01,2679.66,7309824000.0,69534363500.0,0.009986935473427216
sh000300,2011-10-25,2572.71,2625.43,2560.05,2633.97,5796737500.0,57533462200.0,0.018923649516624064
sh000300,2011-10-24,2517.06,2576.67,2501.96,2581.13,4634580100.0,44056731100.0,0.027429542083353242
sh000300,2011-10-21,2522.26,2507.88,2504.69,2538.12,2984350300.0,29090707000.0,-0.005018785731572328
sh000300,2011-10-20,2566.60,2520.53,2500.49,2570.10,3984246200.0,39409600000.0,-0.02421527788531508
sh000300,2011-10-19,2599.92,2583.08,2580.66,2617.41,3111616600.0,32114967100.0,-0.0035220911885996964
sh000300,2011-10-18,2646.84,2592.21,2589.21,2651.73,3937344800.0,39453303400.0,-0.028024522394495488
sh000300,2011-10-17,2658.95,2666.95,2653.38,2687.10,3615831500.0,38101620400.0,0.00496273240434375
sh000300,2011-10-14,2655.36,2653.78,2629.88,2665.44,3833694800.0,37326709600.0,-0.00331255164125277
sh000300,2011-10-13,2636.86,2662.6,2629.41,2672.91,6042620100.0,56631043800.0,0.006745413572498027
sh000300,2011-10-12,2537.40,2644.76,2523.34,2647.01,6594568000.0,62822831800.0,0.03635202332297549
sh000300,2011-10-11,2625.16,2551.99,2526.65,2635.69,4502984800.0,47409892200.0,-0.001990551723059175
sh000300,2011-10-10,2588.35,2557.08,2552.28,2595.32,2832512200.0,28149902100.0,-0.00940205706316466
sh000300,2011-09-30,2595.58,2581.35,2572.19,2607.57,3205082200.0,32376678300.0,-0.0026427735212639636
sh000300,2011-09-29,2593.56,2588.19,2577.29,2615.14,3709359300.0,37708584400.0,-0.008580435840174094
sh000300,2011-09-28,2654.83,2610.59,2602.63,2660.10,3416955500.0,36195919600.0,-0.010345428905029763
sh000300,2011-09-27,2634.93,2637.88,2613.42,2652.56,3502197400.0,37301310900.0,0.010325862148208298
sh000300,2011-09-26,2645.25,2610.92,2603.11,2679.56,3917512400.0,40495022500.0,-0.021936856616269762
sh000300,2011-09-23,2644.29,2669.48,2631.43,2681.23,4259222400.0,45934334700.0,-0.006035692875946186
sh000300,2011-09-22,2745.15,2685.69,2684.94,2754.92,4710266000.0,47793334100.0,-0.030790217285394217
sh000300,2011-09-21,2691.70,2771.01,2677.35,2778.35,5619417100.0,59146487200.0,0.030172686209268385
sh000300,2011-09-20,2675.04,2689.85,2664.10,2702.28,2559868100.0,27274347400.000004,0.003948836810026668
sh000300,2011-09-19,2718.32,2679.27,2678.79,2718.32,2909094100.0,29731416100.0,-0.02001470378457848
sh000300,2011-09-16,2744.22,2733.99,2729.00,2755.89,2755593200.0,29743912000.0,0.0018101537164945114
sh000300,2011-09-15,2734.55,2729.05,2728.91,2754.19,3117192500.0,32507109100.0,-0.00148548722883457
sh000300,2011-09-14,2729.26,2733.11,2677.13,2736.91,3042478000.0,32858416600.0,0.0047164262502388254
sh000300,2011-09-13,2712.44,2720.28,2698.66,2726.19,2671376400.0,30034340000.0,-0.011202791610628315
sh000300,2011-09-09,2770.15,2751.1,2739.62,2796.35,2707350300.0,30348131100.0,-0.0018177794064824226
sh000300,2011-09-08,2788.83,2756.11,2755.80,2789.11,2683873500.0,31209441100.0,-0.008268893774580843
sh000300,2011-09-07,2738.79,2779.09,2730.05,2779.21,3326538100.0,37096662200.0,0.02048617486138138
sh000300,2011-09-06,2727.75,2723.3,2711.07,2745.36,2971398200.0,33746805099.999996,-0.007478624691124036
sh000300,2011-09-05,2780.83,2743.82,2743.38,2780.83,3200566000.0,36040312600.0,-0.02140984717442085
sh000300,2011-09-02,2828.84,2803.85,2790.77,2836.62,2931711600.0,31960598800.0,-0.010823663887840396
sh000300,2011-09-01,2852.39,2834.53,2825.96,2869.25,3011870200.0,35143727300.0,-0.004303107370432602
sh000300,2011-08-31,2843.99,2846.78,2823.77,2855.30,3210789900.0,37624544100.0,0.00177356126880035
sh000300,2011-08-30,2875.14,2841.74,2838.33,2901.73,4313787200.0,48565790300.0,-0.003880384603250908
sh000300,2011-08-29,2875.78,2852.81,2847.48,2875.78,4426785000.0,49892653200.0,-0.016686083785441896
sh000300,2011-08-26,2889.38,2901.22,2876.83,2907.40,4560410200.0,51759427699.99999,-0.0009022535676898036
sh000300,2011-08-25,2818.70,2903.84,2815.91,2904.44,7221684500.0,75745960100.0,0.033387662721261924
sh000300,2011-08-24,2834.58,2810.02,2804.82,2845.47,3530156500.0,41939778000.0,-0.003892236795462578
sh000300,2011-08-23,2788.70,2821.0,2777.29,2821.00,3262051400.0,36441994500.0,0.01555553155566125
sh000300,2011-08-22,2809.33,2777.79,2768.42,2829.69,3420968500.0,40136538600.0,-0.010638752555508835
sh000300,2011-08-19,2789.35,2807.66,2782.56,2814.10,4325965000.0,48442962000.0,-0.00938167063597073
sh000300,2011-08-18,2887.10,2834.25,2832.27,2890.00,4076888300.0,45784423200.0,-0.01793479579072843
sh000300,2011-08-17,2893.85,2886.01,2881.63,2910.84,3917817900.0,41891853600.0,-0.00399298725143038
sh000300,2011-08-16,2920.83,2897.58,2888.33,2932.14,5096268100.0,57496628300.0,-0.006957105843969025
sh000300,2011-08-15,2883.17,2917.88,2870.19,2917.88,5987547600.0,61102226500.0,0.014784184296281921
sh000300,2011-08-12,2881.55,2875.37,2868.87,2894.22,5719740600.0,63487643700.0,0.002947413949464961
sh000300,2011-08-11,2779.72,2866.92,2777.76,2867.31,5899768900.0,69223945400.0,0.015155163378326675
sh000300,2011-08-10,2845.35,2824.12,2820.12,2858.55,5865931200.0,68580540599.99999,0.009266704548297255
sh000300,2011-08-09,2720.95,2798.19,2697.06,2812.77,6984267600.0,79653278200.0,0.0015354880274884852
sh000300,2011-08-08,2864.51,2793.9,2747.97,2888.77,7151776600.0,83694787500.0,-0.035728337624507334
sh000300,2011-08-05,2881.74,2897.42,2868.16,2916.41,4931685400.0,60240017400.0,-0.021244396701696755
sh000300,2011-08-04,2962.91,2960.31,2951.84,2983.01,3298571900.0,41335656600.0,0.0018410285393266612
sh000300,2011-08-03,2930.19,2954.87,2927.10,2969.13,3866836200.0,49593983800.0,-0.0005107597805424913
sh000300,2011-08-02,2958.85,2956.38,2919.01,2958.85,3897835700.0,48435295400.0,-0.007166556963045467
sh000300,2011-08-01,2969.11,2977.72,2958.83,2991.05,3388694900.0,41203123000.0,0.001897660897418607
sh000300,2011-07-29,2981.02,2972.08,2948.08,2995.97,4629825300.0,54358237300.00001,-0.0029922844682992444
sh000300,2011-07-28,2973.64,2981.0,2956.71,2984.38,4813898400.0,60678598000.0,-0.00634989416843057
sh000300,2011-07-27,2961.58,3000.05,2951.52,3002.69,4838561200.0,58746220300.0,0.007482109095061196
sh000300,2011-07-26,2965.72,2977.77,2957.61,2980.86,4351545700.0,49560684500.0,0.003193758022295601
sh000300,2011-07-25,3050.90,2968.29,2958.88,3050.90,6718099600.0,77513632300.0,-0.032496846469512564
sh000300,2011-07-22,3066.19,3067.99,3059.60,3083.19,3725725500.0,49618948400.0,0.00289296991965049
sh000300,2011-07-21,3092.27,3059.14,3058.25,3099.28,4408469100.0,57942637400.0,-0.010489815854080708
sh000300,2011-07-20,3113.71,3091.57,3071.85,3119.54,4411833100.0,56930993000.0,-0.0011501940144679201
sh000300,2011-07-19,3108.47,3095.13,3088.38,3109.92,5338870900.0,68506068900.0,-0.008797156215973767
sh000300,2011-07-18,3131.80,3122.6,3113.67,3137.92,6069131100.0,78225031000.0,-0.0020102975815704527
sh000300,2011-07-15,3105.50,3128.89,3097.34,3130.77,6155032200.0,79424849000.0,0.004217283158148177
sh000300,2011-07-14,3112.59,3115.75,3092.47,3126.15,6031493500.0,79948505000.0,0.003058350100603624
sh000300,2011-07-13,3060.42,3106.25,3060.42,3108.50,5411436700.0,68294830300.0,0.01614048172828131
sh000300,2011-07-12,3089.14,3056.91,3054.80,3090.10,5710798400.0,71222640400.0,-0.0180842281760627
sh000300,2011-07-11,3097.87,3113.21,3086.26,3121.00,4792066000.0,62237248800.0,0.0012961616889342054
sh000300,2011-07-08,3105.49,3109.18,3093.37,3124.39,5128259300.0,65155542900.0,0.002418044414639775
sh000300,2011-07-07,3123.29,3101.68,3101.10,3140.10,7181036000.0,92120550100.0,-0.003863558263293654
sh000300,2011-07-06,3116.12,3113.71,3084.83,3116.12,6155580700.0,76556997000.0,-0.002815052041633348
sh000300,2011-07-05,3122.90,3122.5,3105.09,3128.53,6776333500.0,81999827900.0,0.0001665609645160604
sh000300,2011-07-04,3064.94,3121.98,3064.94,3124.58,8046403100.0,102679821400.0,0.02368390851709168
sh000300,2011-07-01,3052.12,3049.75,3034.07,3071.21,5676665300.0,72614645400.0,0.0018593405582620903
sh000300,2011-06-30,3003.23,3044.09,3003.23,3058.63,6250254900.0,73891668800.0,0.014639170447008132
sh000300,2011-06-29,3039.05,3000.17,2999.95,3043.81,5347684800.0,61717623000.0,-0.013663277148201813
sh000300,2011-06-28,3040.18,3041.73,3014.00,3046.80,5576625400.0,70333384900.0,0.0017256766859103934
sh000300,2011-06-27,3028.50,3036.49,3019.24,3056.02,6561577100.0,79044152700.0,0.002979385427436032
sh000300,2011-06-24,2946.61,3027.47,2944.05,3047.94,8545924000.0,104972923200.0,0.02361350135074347
sh000300,2011-06-23,2899.01,2957.63,2888.68,2966.54,4594111700.0,55276886300.0,0.016863899222300915
sh000300,2011-06-22,2913.67,2908.58,2894.18,2921.03,3731880200.0,43263825700.0,-0.00016843871065330696
sh000300,2011-06-21,2883.35,2909.07,2877.05,2909.57,4203892300.0,50160678900.0,0.011885630804549852
sh000300,2011-06-20,2888.94,2874.9,2862.41,2896.08,3799198200.0,45416696800.0,-0.005967857933171006
sh000300,2011-06-17,2916.41,2892.16,2891.01,2934.06,4117653000.0,51647156200.0,-0.008712700251578442
sh000300,2011-06-16,2939.68,2917.58,2915.40,2946.81,4113548200.0,47067185500.0,-0.015368935446421372
sh000300,2011-06-15,2984.96,2963.12,2963.11,2999.15,4439085200.0,54467701000.0,-0.010168495036010694
sh000300,2011-06-14,2947.66,2993.56,2943.53,3000.53,5598281500.0,66158911400.0,0.014645719999322182
sh000300,2011-06-13,2940.39,2950.35,2921.75,2957.52,3835166800.0,46991283400.0,-0.003909612988828193
sh000300,2011-06-10,2947.93,2961.93,2925.87,2964.08,4220188200.0,50942992900.0,0.0034012107497229938
sh000300,2011-06-09,3000.40,2951.89,2951.89,3004.06,4749663600.0,55381280400.0,-0.018865604174629902
sh000300,2011-06-08,3003.58,3008.65,2965.92,3012.81,4290875800.0,51123188099.99999,0.0014612583464812534
sh000300,2011-06-07,2977.68,3004.26,2974.36,3006.57,3685233200.0,49859134900.0,0.005997287658847883
sh000300,2011-06-03,2951.58,2986.35,2951.20,2993.90,3907616400.0,49273759000.0,0.010366375591651433
sh000300,2011-06-02,2970.63,2955.71,2923.02,2984.49,5261786700.0,61748347000.0,-0.016130911366533884
sh000300,2011-06-01,2996.09,3004.17,2985.71,3006.56,3841932700.0,49060076500.0,0.0008695478351257169
sh000300,2011-05-31,2958.61,3001.56,2946.15,3001.73,3968939900.0,50553386200.0,0.015924806482292997
sh000300,2011-05-30,2956.58,2954.51,2942.36,2982.58,3467116000.0,42960260599.99999,-0.0029696521794884134
sh000300,2011-05-27,2980.72,2963.31,2962.07,2996.61,4277090500.0,52019994100.0,-0.0050597976080957174
sh000300,2011-05-26,3011.47,2978.38,2977.60,3021.20,3700374700.0,48346482400.0,-0.003999545202217791
sh000300,2011-05-25,3020.32,2990.34,2988.09,3030.99,3928970400.0,48604397900.0,-0.011856375280052234
sh000300,2011-05-24,3013.72,3026.22,2999.89,3029.75,4160894400.0,52971692400.0,0.0010717900879264608
sh000300,2011-05-23,3115.31,3022.98,3021.45,3115.31,5590247200.0,66976426500.0,-0.03159277293695539
sh000300,2011-05-20,3120.58,3121.6,3113.27,3133.43,3846801200.0,48967028400.0,0.00030762920426585794
sh000300,2011-05-19,3148.35,3120.64,3118.62,3154.94,4311078200.0,52249679700.0,-0.005969331524058985
sh000300,2011-05-18,3109.29,3139.38,3106.55,3145.70,3964176800.0,49757174200.0,0.007493509369293605
sh000300,2011-05-17,3097.07,3116.03,3076.95,3136.23,5120373100.0,65417943700.0,0.005021835469575464
sh000300,2011-05-16,3120.44,3100.46,3098.78,3137.60,4519431900.0,54238723400.0,-0.008832866062037925
sh000300,2011-05-13,3105.30,3128.09,3080.19,3128.44,4689595100.0,57757204900.0,0.00854075315965952
sh000300,2011-05-12,3123.16,3101.6,3101.14,3142.40,4879950100.0,61703080300.0,-0.013827903176061862
sh000300,2011-05-11,3153.65,3145.09,3127.49,3164.65,4768853300.0,59507719500.0,-0.0025783167682558172
sh000300,2011-05-10,3135.15,3153.22,3121.75,3153.30,4093299500.0,54931224800.00001,0.007495782424211228
sh000300,2011-05-09,3126.26,3129.76,3118.14,3149.94,4602740400.0,57287412500.0,0.0026782853847633348
sh000300,2011-05-06,3093.81,3121.4,3083.91,3141.68,5535218600.0,69747372700.0,-0.00150985886658217
sh000300,2011-05-05,3115.00,3126.12,3105.85,3136.90,5256774700.0,63009373500.0,-0.0009300006711345787
sh000300,2011-05-04,3192.84,3129.03,3120.96,3193.45,6671634000.0,83567655300.0,-0.025567323652421425
sh000300,2011-05-03,3192.85,3211.13,3164.93,3212.05,5499891000.0,64348987600.0,0.005766243203287669
sh000300,2011-04-29,3161.16,3192.72,3147.14,3193.60,5368306500.0,63455814300.0,0.009785627083478188
sh000300,2011-04-28,3224.41,3161.78,3160.41,3237.19,6505023500.0,79155830200.0,-0.014868359557563382
sh000300,2011-04-27,3242.62,3209.5,3189.04,3256.41,6244356700.0,75111247100.0,-0.006641988758758988
sh000300,2011-04-26,3242.53,3230.96,3216.21,3257.80,5909641700.0,76696858400.0,-0.005726911560606562
sh000300,2011-04-25,3292.48,3249.57,3247.69,3292.48,7442182900.0,98455879600.00002,-0.01526391388934345
sh000300,2011-04-22,3317.08,3299.94,3291.64,3325.46,6717145500.0,83528333300.0,-0.005254162182692812
sh000300,2011-04-21,3312.27,3317.37,3301.94,3330.24,7324042400.0,96739132600.0,0.006556909483700135
sh000300,2011-04-20,3300.42,3295.76,3281.83,3311.73,7234331800.0,93667138400.0,-1.5170777441619876e-05
sh000300,2011-04-19,3334.91,3295.81,3290.74,3334.91,8510693300.0,104368983000.0,-0.01894065677612944
sh000300,2011-04-18,3346.15,3359.44,3335.60,3372.90,8658262400.0,107178227800.0,0.00014885648448625943
sh000300,2011-04-15,3345.13,3358.94,3323.56,3378.11,7851487400.0,98934572600.0,0.0016042653180501354
sh000300,2011-04-14,3374.32,3353.56,3347.49,3378.70,8897224100.0,107491228100.0,-0.005477412715782504
sh000300,2011-04-13,3311.32,3372.03,3296.51,3372.03,8703633800.0,108305234400.0,0.013604787827231846
sh000300,2011-04-12,3324.75,3326.77,3307.48,3350.16,10193850600.0,122863556100.0,-0.00199794205968018
sh000300,2011-04-11,3363.37,3333.43,3331.17,3380.53,10442054500.0,141974385700.0,-0.005943292697473623
sh000300,2011-04-08,3321.54,3353.36,3314.09,3353.89,7392921000.0,107329316300.00002,0.008705277913139797
sh000300,2011-04-07,3313.47,3324.42,3302.82,3330.80,8468176200.0,112678585800.0,0.004031929255497335
sh000300,2011-04-06,3269.19,3311.07,3268.76,3315.30,10582367400.0,143030090900.0,0.011714990237508216
sh000300,2011-04-01,3227.56,3272.73,3220.91,3272.77,6309472200.0,86711549900.0,0.015338365458894554
sh000300,2011-03-31,3257.16,3223.29,3210.17,3264.96,6450388000.0,86565372700.0,-0.010070391390874955
sh000300,2011-03-30,3256.72,3256.08,3233.11,3274.98,7833633700.0,103271930300.0,-0.0005831834449566697
sh000300,2011-03-29,3288.56,3257.98,3256.34,3309.20,10528016400.0,132908076700.0,-0.00990405917515813
sh000300,2011-03-28,3307.41,3290.57,3286.86,3328.07,9768430000.0,139030083000.0,-0.0011868337340035229
sh000300,2011-03-25,3256.18,3294.48,3254.68,3304.26,8689597900.0,122021367000.0,0.013262142611091932
sh000300,2011-03-24,3269.58,3251.36,3250.02,3273.37,6130424400.0,88058905900.0,-0.004156291252798594
sh000300,2011-03-23,3222.33,3264.93,3216.65,3267.00,7207758500.0,98540423699.99998,0.013022190781145193
sh000300,2011-03-22,3217.80,3222.96,3175.93,3227.80,5724868400.0,80009792800.0,0.004942144173414764
sh000300,2011-03-21,3220.68,3207.11,3194.15,3236.28,5910503700.0,84105739100.0,-0.0026681676405374555
sh000300,2011-03-18,3228.92,3215.69,3205.14,3239.96,6134016100.0,86845200100.0,0.005814644521597634
sh000300,2011-03-17,3216.29,3197.1,3185.08,3240.38,8568711400.0,117295727600.0,-0.01573178991441415
sh000300,2011-03-16,3204.92,3248.2,3202.93,3250.88,7885952000.0,111826095700.0,0.013807912708023728
sh000300,2011-03-15,3250.60,3203.96,3147.96,3250.60,9603397900.0,129603315200.0,-0.01806970443651701
sh000300,2011-03-14,3238.91,3262.92,3230.11,3263.91,6368978300.0,94134688000.0,0.004785396227112271
sh000300,2011-03-11,3263.08,3247.38,3240.18,3290.70,6720833500.0,100306077100.00002,-0.01002359569058553
sh000300,2011-03-10,3330.44,3280.26,3279.33,3330.44,7821264200.0,117952631000.0,-0.017550900606793873
sh000300,2011-03-09,3344.10,3338.86,3322.70,3355.49,7802636100.0,113534090000.0,0.00041948068291453033
sh000300,2011-03-08,3335.71,3337.46,3311.72,3342.71,8487865500.0,126306326100.0,0.0008846877052399726
sh000300,2011-03-07,3287.41,3334.51,3287.41,3337.47,11818719700.0,170406772500.0,0.019518936487019634
sh000300,2011-03-04,3223.51,3270.67,3217.48,3273.66,8001391500.0,107401810500.0,0.015193747439256056
sh000300,2011-03-03,3248.16,3221.72,3221.04,3271.64,10121999700.0,131217797700.0,-0.006653716893287864
sh000300,2011-03-02,3237.12,3243.3,3202.83,3257.42,8091064100.0,113592007500.0,-0.0035607962173835883
sh000300,2011-03-01,3241.71,3254.89,3235.75,3273.51,8856695400.0,124040755800.0,0.004732124115620628
sh000300,2011-02-28,3200.68,3239.56,3178.83,3241.60,7663066300.0,109249970800.0,0.013116005028740219
sh000300,2011-02-25,3190.87,3197.62,3159.85,3213.79,6161927500.0,88275899400.0,0.0020934270152368484
sh000300,2011-02-24,3170.24,3190.94,3157.97,3195.69,6648689300.0,94908281500.0,0.005102780070179058
sh000300,2011-02-23,3152.44,3174.74,3145.99,3182.19,7132485400.0,97251422700.0,0.003527649055816484
sh000300,2011-02-22,3267.62,3163.58,3161.83,3269.05,10786374100.0,147588609000.0,-0.028954145449076263
sh000300,2011-02-21,3192.15,3257.91,3189.85,3258.28,7939977600.0,108055882400.0,0.014331170529409576
sh000300,2011-02-18,3240.05,3211.88,3203.12,3242.37,7537868400.0,104743371600.0,-0.01048396289484299
sh000300,2011-02-17,3255.63,3245.91,3218.91,3265.26,8896469500.0,127559673800.00002,-0.0008065186407391067
sh000300,2011-02-16,3211.14,3248.53,3195.47,3248.85,9133428300.0,125549596900.0,0.009590790851765396
sh000300,2011-02-15,3223.22,3217.67,3215.62,3259.64,10955443800.0,147747227900.0,-0.00045664369987008513
sh000300,2011-02-14,3123.25,3219.14,3123.25,3227.43,12130233100.0,155829380800.0,0.031458269250487
sh000300,2011-02-11,3100.27,3120.96,3092.58,3133.50,7597555300.0,99001500800.0,0.00541209216019789
sh000300,2011-02-10,3034.08,3104.16,3024.35,3105.32,6660366200.0,86967273699.99998,0.020786267449316886
sh000300,2011-02-09,3055.40,3040.95,3031.75,3087.55,6039414500.0,78148356200.0,-0.011805880517860023
sh000300,2011-02-01,3083.49,3077.28,3062.83,3087.23,4986253000.0,65832698500.0,0.0002502836005733311
sh000300,2011-01-31,3035.42,3076.51,3032.45,3076.55,6710591400.0,83070309400.0,0.013096280880154465
sh000300,2011-01-28,3020.12,3036.74,3011.38,3047.27,6301358900.0,78241917700.0,0.003393392301922704
sh000300,2011-01-27,2953.59,3026.47,2935.27,3037.16,8258591900.0,96976029900.0,0.016129303022061947
sh000300,2011-01-26,2939.77,2978.43,2939.36,2982.32,4337497900.0,51746038099.99999,0.013536828135368273
sh000300,2011-01-25,2949.65,2938.65,2919.16,2960.59,4898268900.0,57572819500.0,-0.005273793848143193
sh000300,2011-01-24,2986.09,2954.23,2943.92,2999.20,6547254500.0,75805236100.0,-0.009797349386283072
sh000300,2011-01-21,2935.23,2983.46,2935.14,3030.26,7310296600.0,85157790700.0,0.013159190548475141
sh000300,2011-01-20,3037.86,2944.71,2944.50,3037.86,6104664300.0,76440116700.0,-0.03288831962165617
sh000300,2011-01-19,2978.46,3044.85,2967.24,3045.61,5657194200.0,72772226900.0,0.0225681325877789
sh000300,2011-01-18,2965.42,2977.65,2947.60,2984.47,4296456400.0,54652416500.0,0.0011094861062082018
sh000300,2011-01-17,3067.43,2974.35,2968.61,3078.88,6680756200.0,85454121100.0,-0.03800624866585167
sh000300,2011-01-14,3129.67,3091.86,3083.51,3129.67,5335143900.0,71012100100.0,-0.015732440279121906
sh000300,2011-01-13,3153.99,3141.28,3127.16,3157.04,5193698800.0,66925783700.0,-0.0003373282331001759
sh000300,2011-01-12,3135.18,3142.34,3099.41,3153.43,5849851800.0,71551421400.0,0.005574542708293384
sh000300,2011-01-11,3096.25,3124.92,3084.51,3131.29,5698591700.0,74832449400.0,0.00538255383358166
sh000300,2011-01-10,3162.09,3108.19,3102.43,3182.78,6549440600.0,87992881700.0,-0.01845185086938117
sh000300,2011-01-07,3156.36,3166.62,3141.13,3209.90,8409323300.0,113651250200.0,0.0022091124305301246
sh000300,2011-01-06,3177.84,3159.64,3152.57,3198.05,5968109200.0,91568447000.0,-0.005044620645787035
sh000300,2011-01-05,3170.18,3175.66,3158.87,3193.78,7926881000.0,116943213900.0,-0.004395425246419671
sh000300,2011-01-04,3155.56,3189.68,3143.60,3194.36,8541044000.0,129159620800.0,0.019633917896849873
sh000300,2010-12-31,3069.05,3128.26,3067.11,3129.45,6256607800.0,90545901199.99998,0.02093926438432181
sh000300,2010-12-30,3063.05,3064.1,3027.90,3079.91,5428142900.0,70284275900.0,0.0007413866870467078
sh000300,2010-12-29,3049.93,3061.83,3025.22,3062.56,4519277500.0,60134777200.0,0.0055502096928337075
sh000300,2010-12-28,3084.82,3044.93,3041.33,3095.36,5632574900.0,74843956600.0,-0.017672620987124632
sh000300,2010-12-27,3176.11,3099.71,3092.26,3219.66,7001710700.0,99855478600.0,-0.01999709133216987
sh000300,2010-12-24,3170.64,3162.96,3139.45,3187.72,5513776700.0,72989136200.0,-0.00804425752914284
sh000300,2010-12-23,3210.67,3188.61,3183.15,3237.64,6131584700.0,84430476400.0,-0.008347198681366463
sh000300,2010-12-22,3253.82,3215.45,3201.67,3263.45,6993625800.0,98309032400.0,-0.010481580299799176
sh000300,2010-12-21,3184.70,3249.51,3168.89,3251.55,7985242000.0,112461675300.0,0.022289266546280606
sh000300,2010-12-20,3239.02,3178.66,3118.00,3249.76,7475969300.0,107521977300.0,-0.014570661508032434
sh000300,2010-12-17,3229.30,3225.66,3212.58,3232.84,4491914700.0,65697259700.0,-0.0015507619162589137
sh000300,2010-12-16,3246.01,3230.67,3224.12,3258.39,5679962500.0,79262377000.0,-0.005225332857090037
sh000300,2010-12-15,3270.78,3247.64,3242.52,3282.77,7226978500.0,104793174400.0,-0.006676923171033855
sh000300,2010-12-14,3270.20,3269.47,3254.18,3279.37,8410424100.0,114928736600.0,0.002578916057968783
sh000300,2010-12-13,3176.34,3261.06,3173.56,3261.34,9571373900.0,132088353600.0,0.03133479655152782
sh000300,2010-12-10,3107.38,3161.98,3101.08,3172.16,5710810500.0,78069117400.0,0.01236164783551108
sh000300,2010-12-09,3156.00,3123.37,3122.20,3175.05,6615296500.0,83159036200.0,-0.015293768995043977
sh000300,2010-12-08,3194.90,3171.88,3166.77,3215.28,5951566300.0,87056105000.0,-0.008892805139453897
sh000300,2010-12-07,3152.73,3200.34,3112.22,3214.69,5848365300.0,85548293100.0,0.010983803864706765
sh000300,2010-12-06,3168.88,3165.57,3140.55,3185.33,5636263000.0,80043207900.0,0.0023463029105557087
sh000300,2010-12-03,3161.93,3158.16,3134.42,3171.38,5047535400.0,71387337300.0,0.0009825486678540774
sh000300,2010-12-02,3185.76,3155.06,3154.32,3194.23,6102390800.0,89764278100.0,0.00607138985083
sh000300,2010-12-01,3127.26,3136.02,3111.65,3150.44,4888266800.0,69472579600.0,-0.00030921360922409047
sh000300,2010-11-30,3187.53,3136.99,3060.44,3205.78,8576235500.0,120572328500.0,-0.0166329681352958
sh000300,2010-11-29,3183.54,3190.05,3159.46,3206.76,5899489200.0,88799074000.0,-0.001502417953894497
sh000300,2010-11-26,3214.13,3194.85,3170.36,3224.52,6446782400.0,96226367200.0,-0.008881705485996538
sh000300,2010-11-25,3197.97,3223.48,3172.28,3227.05,8344209400.0,116948295300.0,0.014617379699342736
sh000300,2010-11-24,3088.99,3177.04,3088.99,3177.41,7533208300.0,107688446600.0,0.022483409393726728
sh000300,2010-11-23,3156.48,3107.18,3061.62,3156.48,7739959100.0,105281461500.0,-0.02041652742485678
sh000300,2010-11-22,3148.22,3171.94,3137.75,3200.47,8321277600.0,114302974800.0,-0.0021737420765370885
sh000300,2010-11-19,3168.17,3178.85,3076.21,3178.85,8334765400.0,114672977300.0,0.009812704100433223
sh000300,2010-11-18,3134.94,3147.96,3097.39,3158.63,6569729200.0,94476115800.0,0.014191777467774669
sh000300,2010-11-17,3124.11,3103.91,3087.51,3168.93,8325808000.0,118981231600.0,-0.020706474756589266
sh000300,2010-11-16,3311.62,3169.54,3155.48,3311.62,10830707200.0,154278113300.0,-0.043847608819598816
sh000300,2010-11-15,3298.74,3314.89,3241.76,3319.98,10231572400.0,144492952400.0,0.007005222019363044
sh000300,2010-11-12,3484.61,3291.83,3284.35,3497.06,16073385000.0,224200791100.0,-0.06215135128975091
sh000300,2010-11-11,3490.74,3509.98,3484.89,3557.99,13897623300.0,209121524800.0,0.003106504225360185
sh000300,2010-11-10,3507.20,3499.11,3470.97,3508.27,12007857800.0,176529783299.99997,-0.007048908185416813
sh000300,2010-11-09,3547.44,3523.95,3498.62,3547.44,12245453300.0,170174876700.00003,-0.006938006013690101
sh000300,2010-11-08,3534.19,3548.57,3506.38,3549.30,12647075900.0,174067581800.0,0.00788741195182907
sh000300,2010-11-05,3538.99,3520.8,3498.28,3554.47,13768802700.0,196618041500.0,0.011578796149978476
sh000300,2010-11-04,3426.46,3480.5,3419.64,3480.93,11679948100.0,164721393800.0,0.01758889467128988
sh000300,2010-11-03,3462.74,3420.34,3419.08,3474.71,12635930300.0,178803329800.0,-0.012355874598989902
sh000300,2010-11-02,3484.23,3463.13,3449.72,3522.18,15491145000.0,233976228500.0,-0.002841923409156344
sh000300,2010-11-01,3390.41,3473.0,3390.41,3473.00,12626914800.0,186725762500.0,0.0275208729045735
sh000300,2010-10-29,3400.26,3379.98,3351.60,3404.60,10045897000.0,145528365900.0,-0.0052123648714274
sh000300,2010-10-28,3390.43,3397.69,3371.44,3420.89,9834945600.0,141135882000.0,-0.0018155805010179327
sh000300,2010-10-27,3451.43,3403.87,3398.10,3490.22,12376157000.0,177072552100.0,-0.017948229700410878
sh000300,2010-10-26,3491.47,3466.08,3436.46,3499.82,14263699900.0,205216457200.0,-0.0043090075493812385
sh000300,2010-10-25,3386.85,3481.08,3366.43,3481.35,14543310500.0,208809404700.0,0.030313793042211934
sh000300,2010-10-22,3365.60,3378.66,3346.11,3408.49,11636185700.0,163153618500.0,0.0011764043512143552
sh000300,2010-10-21,3404.72,3374.69,3344.96,3418.09,12388324500.0,175383712700.0,-0.006532465085608008
sh000300,2010-10-20,3304.22,3396.88,3301.01,3439.23,16652846000.0,235372057500.0,0.006283197113462036
sh000300,2010-10-19,3300.52,3375.67,3280.00,3375.87,13044179100.0,165488914500.0,0.021024390834079476
sh000300,2010-10-18,3345.80,3306.16,3288.78,3390.01,21788205100.0,267884370300.0,-0.006466967977690197
sh000300,2010-10-15,3204.72,3327.68,3199.12,3327.68,19341414000.0,245619296300.0,0.03211399008727911
sh000300,2010-10-14,3245.13,3224.14,3215.03,3286.02,17961183800.0,227654458600.0,0.0020387993460924125
sh000300,2010-10-13,3176.89,3217.58,3165.58,3221.65,14460777300.0,195444719899.99997,0.014136091000494844
sh000300,2010-10-12,3121.64,3172.73,3106.22,3173.85,12736170500.0,178245219800.0,0.01271346037217902
sh000300,2010-10-11,3069.19,3132.9,3069.19,3154.20,15873490400.0,212607066600.0,0.02912723414459495
sh000300,2010-10-08,2965.65,3044.23,2963.24,3055.84,9999472000.0,134986634600.00002,0.037014957912773205
sh000300,2010-09-30,2859.06,2935.57,2857.42,2935.60,6300024700.0,80709727500.0,0.021135309811779024
sh000300,2010-09-29,2877.27,2874.81,2866.85,2908.73,5678223600.0,74516022000.0,-0.0021173865202314124
sh000300,2010-09-28,2900.54,2880.91,2875.66,2900.54,5866082600.0,80859749600.0,-0.008302840246056098
sh000300,2010-09-27,2869.93,2905.03,2864.21,2905.53,4907182300.0,62611534200.0,0.016640536416702822
sh000300,2010-09-21,2859.43,2857.48,2844.13,2869.38,3575188100.0,44742025199.99999,0.0026843706466701533
sh000300,2010-09-20,2865.04,2849.83,2829.76,2872.22,5028310400.0,57582985400.0,-0.004033033127487817
sh000300,2010-09-17,2864.72,2861.37,2847.68,2877.08,5193886700.0,62466326700.0,0.0012527162597670838
sh000300,2010-09-16,2908.32,2857.79,2834.03,2917.85,7407428400.0,84198375900.0,-0.019016953923362445
sh000300,2010-09-15,2965.54,2913.19,2905.63,2965.54,7161964200.0,86445964300.0,-0.01747717545640659
sh000300,2010-09-14,2971.55,2965.01,2954.51,2984.47,7010590300.0,87204421700.0,0.0009080720516352336
sh000300,2010-09-13,2933.59,2962.32,2925.42,2977.08,6727990000.0,87536179000.0,0.010151574568208588
sh000300,2010-09-10,2928.00,2932.55,2890.03,2940.79,6508670400.0,83743163800.0,0.002081012554417283
sh000300,2010-09-09,2986.87,2926.46,2922.20,2986.87,8139555400.0,103248280100.0,-0.01828599415626453
sh000300,2010-09-08,2970.00,2980.97,2953.84,2982.72,7287200200.0,92660879100.0,-0.0007173721384730047
sh000300,2010-09-07,2979.30,2983.11,2959.90,2991.44,7351936100.0,85488193900.0,0.0026957167682322147
sh000300,2010-09-06,2935.89,2975.09,2935.89,2980.42,9385568100.0,110466116400.0,0.018793168984422293
sh000300,2010-09-03,2926.94,2920.21,2891.88,2929.55,7264102700.0,87724829600.00002,-0.0004039173133336682
sh000300,2010-09-02,2917.74,2921.39,2903.03,2931.55,7070085100.0,88923142600.0,0.012950583209664135
sh000300,2010-09-01,2907.66,2884.04,2859.17,2931.76,7697557800.0,87931887200.0,-0.006596192464151551
sh000300,2010-08-31,2905.15,2903.19,2889.81,2910.06,6576610400.0,79976347300.0,-0.0040548745973427724
sh000300,2010-08-30,2874.25,2915.01,2872.92,2921.09,6574988200.0,77341616500.0,0.019744137803167305
sh000300,2010-08-27,2847.45,2858.57,2833.42,2861.07,4078958200.0,46699343400.0,0.002975344638239452
sh000300,2010-08-26,2853.11,2850.09,2836.13,2868.88,4867044200.0,51862922900.0,0.002486792213913347
sh000300,2010-08-25,2893.99,2843.02,2842.25,2904.66,6361062100.0,67048224400.00001,-0.023631187260245268
sh000300,2010-08-24,2892.13,2911.83,2866.80,2933.12,6109379600.0,65036592600.0,0.005400198191416905
sh000300,2010-08-23,2895.71,2896.19,2886.66,2920.54,4891551700.0,57772779300.0,-0.0007383562258265197
sh000300,2010-08-20,2943.33,2898.33,2892.64,2951.96,7166330600.0,82298173100.0,-0.019310414833863532
sh000300,2010-08-19,2940.77,2955.4,2928.01,2975.19,7692486500.0,91734587100.00002,0.006141569300324168
sh000300,2010-08-18,2945.98,2937.36,2924.67,2962.75,7074760000.0,80832368100.0,-0.0016755656308521383
sh000300,2010-08-17,2927.26,2942.29,2917.83,2949.73,7645291200.0,86700542899.99998,0.006916306192848998
sh000300,2010-08-16,2851.22,2922.08,2843.02,2927.69,8106804300.0,91427507600.0,0.023298488907565806
sh000300,2010-08-13,2818.41,2855.55,2799.22,2856.04,5850772100.0,62923747800.0,0.013904324330082263
sh000300,2010-08-12,2822.79,2816.39,2810.10,2860.37,5989322700.0,65825613500.0,-0.011865792345125525
sh000300,2010-08-11,2823.15,2850.21,2823.15,2864.36,5497913300.0,58786302200.0,0.006202694306371548
sh000300,2010-08-10,2920.40,2832.64,2832.08,2925.30,7843503400.0,84283699400.0,-0.029332748505948802
sh000300,2010-08-09,2894.10,2918.24,2888.04,2922.62,7472639100.0,83431980800.0,0.007102282531421977
sh000300,2010-08-06,2848.16,2897.66,2821.03,2898.53,7491489500.0,82145150900.0,0.016426795003560368
sh000300,2010-08-05,2874.66,2850.83,2833.67,2877.31,6715758100.0,73038457600.0,-0.008899921082730966
sh000300,2010-08-04,2858.35,2876.43,2818.25,2876.60,7131803900.0,75670144300.0,0.0036497241771547007
sh000300,2010-08-03,2925.25,2865.97,2865.76,2929.61,8174836400.0,86870574100.0,-0.017584933859395968
sh000300,2010-08-02,2868.28,2917.27,2867.45,2922.61,7174330000.0,73569074400.0,0.016877843038151097
sh000300,2010-07-30,2871.48,2868.85,2844.68,2876.14,6257559100.0,65224482400.0,-0.0031723639497147627
sh000300,2010-07-29,2866.77,2877.98,2852.00,2888.60,9596540900.0,92278224500.0,0.004979537105582965
sh000300,2010-07-28,2796.48,2863.72,2784.16,2866.40,7998595400.0,84516845800.0,0.024322893565879244
sh000300,2010-07-27,2803.75,2795.72,2785.37,2812.21,4979988400.0,55963991500.0,-0.005453478237669285
sh000300,2010-07-26,2798.76,2811.05,2775.78,2811.95,5358002600.0,59848905300.0,0.006433757715496924
sh000300,2010-07-23,2787.52,2793.08,2769.44,2806.98,6451856500.0,70423335000.0,0.004239040157624663
sh000300,2010-07-22,2738.03,2781.29,2734.07,2783.14,6106480600.0,63576603000.0,0.01235740752873693
sh000300,2010-07-21,2744.70,2747.34,2733.72,2766.21,7075709200.0,73734684600.0,0.0021302206821083303
sh000300,2010-07-20,2685.46,2741.5,2685.46,2746.24,7312834500.0,80958216800.0,0.022005837903126713
sh000300,2010-07-19,2592.09,2682.47,2585.01,2691.94,5386807000.0,59826125800.0,0.025358067068532497
sh000300,2010-07-16,2597.00,2616.13,2573.79,2621.33,3506330200.0,35422326200.0,0.0029173631024490554
sh000300,2010-07-15,2650.33,2608.52,2607.79,2680.44,4044045900.0,41444710900.0,-0.016991946819615578
sh000300,2010-07-14,2640.93,2653.61,2640.54,2684.62,4668886000.0,49497106700.0,0.007219339631593602
sh000300,2010-07-13,2649.66,2634.59,2618.34,2649.66,4322850600.0,45125109100.0,-0.015555522341212491
sh000300,2010-07-12,2647.42,2676.22,2636.65,2689.81,5846249100.0,63462262500.0,0.011000717766612489
sh000300,2010-07-09,2578.55,2647.1,2557.26,2662.16,5849304500.0,61470066900.00001,0.027632845740550804
sh000300,2010-07-08,2591.51,2575.92,2564.64,2602.23,3405696600.0,35348760500.0,-0.0017671130952380265
sh000300,2010-07-07,2561.11,2580.48,2548.56,2580.61,3572090900.0,37059898500.0,0.006859417066604312
sh000300,2010-07-06,2504.87,2562.9,2502.93,2563.41,3971476200.0,38976836500.0,0.01999880604143045
sh000300,2010-07-05,2507.35,2512.65,2476.49,2529.43,3217857400.0,30922299000.0,-0.008468456381135803
sh000300,2010-07-02,2523.03,2534.11,2462.20,2542.12,4491410000.0,43367318400.0,0.0031828096608566003
sh000300,2010-07-01,2557.92,2526.07,2524.57,2574.10,3285764600.0,32478457400.000004,-0.014435813302016709
sh000300,2010-06-30,2572.91,2563.07,2546.84,2575.82,3569879400.0,35809892300.0,-0.011168895301733706
sh000300,2010-06-29,2717.47,2592.02,2591.69,2724.23,4875855200.0,50635969700.0,-0.04592201061550816
sh000300,2010-06-28,2734.51,2716.78,2710.09,2751.46,2771004400.0,31198277100.0,-0.007130092205138938
sh000300,2010-06-25,2744.12,2736.29,2715.66,2759.45,3067178200.0,34649179200.0,-0.007691749773345413
sh000300,2010-06-24,2753.71,2757.5,2739.81,2783.51,2922068200.0,33772857000.0,-0.00036251586006885717
sh000300,2010-06-23,2768.70,2758.5,2734.05,2788.22,3560035000.0,41600240700.0,-0.009059819234693123
sh000300,2010-06-22,2772.89,2783.72,2766.44,2795.32,3909605200.0,45207207800.0,0.0011004581646083533
sh000300,2010-06-21,2698.98,2780.66,2686.32,2784.47,5526148200.0,62809190500.0,0.03133704477091559
sh000300,2010-06-18,2739.03,2696.17,2686.61,2755.84,4180834400.0,50256350900.0,-0.016975786898455136
sh000300,2010-06-17,2778.53,2742.73,2742.64,2784.92,3261235600.0,40293234000.0,-0.005850221286251234
sh000300,2010-06-11,2766.20,2758.87,2755.95,2782.10,4055858500.0,48871478600.0,0.003218158413393235
sh000300,2010-06-10,2755.94,2750.02,2746.11,2776.26,4290633400.0,50312244300.0,-0.011541516751553682
sh000300,2010-06-09,2711.64,2782.13,2687.33,2787.83,6020953300.0,70710080500.0,0.030670460186564164
sh000300,2010-06-08,2694.11,2699.34,2672.06,2720.59,3514018200.0,42677104300.0,0.0013428694374788552
sh000300,2010-06-07,2692.83,2695.72,2673.34,2716.40,3954199300.0,47062703400.0,-0.01773435991240313
sh000300,2010-06-04,2721.36,2744.39,2713.10,2748.48,3274629100.0,39858363400.0,0.0030371918949738674
sh000300,2010-06-03,2769.10,2736.08,2735.70,2787.51,3958725800.0,47143262900.0,-0.007778700503711766
sh000300,2010-06-02,2729.33,2757.53,2700.08,2757.91,3958702000.0,46364229500.0,0.004872164888344743
sh000300,2010-06-01,2755.28,2744.16,2710.59,2782.29,4485142600.0,53230913800.0,-0.01049306592241639
sh000300,2010-05-31,2835.33,2773.26,2772.79,2857.42,4621685400.0,56695803600.0,-0.027028733817492934
sh000300,2010-05-28,2885.86,2850.3,2835.07,2893.69,5153498900.0,64342505400.0,-0.0033846390534199022
sh000300,2010-05-27,2808.05,2859.98,2771.59,2866.87,5344520900.0,65266773700.0,0.016361400740598553
sh000300,2010-05-26,2814.44,2813.94,2797.63,2839.03,3985856400.0,48495603099.99999,0.0
sh000300,2010-05-25,2851.26,2813.94,2798.02,2855.33,5516832700.0,67954988099.99999,-0.020717112063115217
sh000300,2010-05-24,2787.75,2873.47,2787.75,2886.37,7450233800.0,89961882800.0,0.03780712874576975
sh000300,2010-05-21,2656.42,2768.79,2647.60,2769.09,5447538300.0,63501808900.0,0.015689540062068463
sh000300,2010-05-20,2739.22,2726.02,2721.07,2793.88,4217480300.0,52677914900.0,-0.013087536248674092
sh000300,2010-05-19,2748.95,2762.17,2723.30,2803.70,4557622100.0,54656401300.0,-0.0033124650441119785
sh000300,2010-05-18,2711.41,2771.35,2686.97,2781.85,5450967100.0,62746245800.0,0.020860346555077625
sh000300,2010-05-17,2828.88,2714.72,2712.44,2828.88,5216684700.0,62395513500.0,-0.05345151010104543
sh000300,2010-05-14,2865.58,2868.02,2849.24,2888.09,4249871900.0,55175291000.0,-0.0065433283337547055
sh000300,2010-05-13,2818.58,2886.91,2811.66,2886.97,5514577800.0,67486536600.0,0.024395350157549567
sh000300,2010-05-12,2781.71,2818.16,2756.42,2832.15,5300227100.0,64693988200.0,0.00619104405138482
sh000300,2010-05-11,2916.34,2800.82,2790.70,2922.13,5836349000.0,73894666800.0,-0.02008585733128543
sh000300,2010-05-10,2842.37,2858.23,2798.52,2872.31,5020917300.0,64909188099.99999,0.007557838260851213
sh000300,2010-05-07,2835.88,2836.79,2817.15,2892.53,6111939900.0,79147499700.0,-0.02073624545197217
sh000300,2010-05-06,3014.91,2896.86,2895.39,3014.91,5877041300.0,81502262000.0,-0.04595259502237847
sh000300,2010-05-05,2981.78,3036.39,2943.36,3036.87,5967044100.0,80835340400.0,0.005610293265329691
sh000300,2010-05-04,3005.49,3019.45,2994.92,3056.08,4124861000.0,54558607100.0,-0.015622503969198398
sh000300,2010-04-30,3060.12,3067.37,3014.07,3068.13,5447788100.0,73190884000.0,0.002388842048848705
sh000300,2010-04-29,3114.94,3060.06,3059.80,3130.70,4826097100.0,69250868100.0,-0.012039323938205282
sh000300,2010-04-28,3080.32,3097.35,3062.09,3122.12,4599540600.0,65484924600.0,-0.0035580891838592477
sh000300,2010-04-27,3163.10,3108.41,3060.85,3163.10,6529657400.0,88058360600.0,-0.020047288776797068
sh000300,2010-04-26,3195.46,3172.0,3168.37,3207.72,5089419900.0,74959121100.0,-0.005642633228840177
sh000300,2010-04-23,3198.78,3190.0,3172.58,3224.74,6125267900.0,92115670000.0,-0.0036045153269989028
sh000300,2010-04-22,3222.68,3201.54,3177.73,3231.99,7108168800.0,98970386300.00002,-0.01085680388546284
sh000300,2010-04-21,3178.88,3236.68,3164.76,3237.54,6692833100.0,93373377800.0,0.019950399732776125
sh000300,2010-04-20,3176.41,3173.37,3130.96,3196.65,6413785900.0,88005965700.0,-0.0009602004772669703
sh000300,2010-04-19,3313.50,3176.42,3175.44,3313.50,8841630000.0,118855972000.0,-0.053603191581280685
sh000300,2010-04-16,3388.29,3356.33,3348.78,3388.29,4714036800.0,67235596700.0,-0.011265049770663227
sh000300,2010-04-15,3407.02,3394.57,3365.88,3412.94,6105168500.0,88700235600.0,-0.0026853051523190175
sh000300,2010-04-14,3394.64,3403.71,3377.44,3404.52,6030613100.0,90787568699.99998,0.0035350795466606577
sh000300,2010-04-13,3350.73,3391.72,3324.05,3401.71,7990769500.0,116440339300.0,0.012006635874300287
sh000300,2010-04-12,3388.36,3351.48,3330.30,3393.56,7456515000.0,105996609600.00002,-0.008194319906959402
sh000300,2010-04-09,3348.77,3379.17,3342.47,3379.40,5128056700.0,75590356300.0,0.009690026712562139
sh000300,2010-04-08,3381.31,3346.74,3336.16,3381.31,6218532200.0,89317468600.0,-0.011872038264515328
sh000300,2010-04-07,3403.09,3386.95,3369.02,3404.58,5401122800.0,76733159900.0,-0.005344845307842627
sh000300,2010-04-06,3422.85,3405.15,3386.89,3436.29,6519171000.0,93985883900.0,-0.0006456630519318107
sh000300,2010-04-02,3400.14,3407.35,3391.81,3412.20,6907345200.0,99040760100.0,0.004543122814672396
sh000300,2010-04-01,3349.88,3391.94,3349.88,3392.48,6777266900.0,92360495800.0,0.013847997824014024
sh000300,2010-03-31,3369.19,3345.61,3338.75,3369.90,5312428700.0,72120886300.0,-0.006267246065149612
sh000300,2010-03-30,3361.35,3366.71,3350.31,3372.26,5643698000.0,78682669400.0,0.002432604643684444
sh000300,2010-03-29,3295.76,3358.54,3293.67,3363.61,8472491000.0,110326973500.0,0.025508396946564815
sh000300,2010-03-26,3226.80,3275.0,3220.59,3285.39,4744496500.0,61592843200.0,0.014205064522022859
sh000300,2010-03-25,3270.39,3229.13,3222.82,3270.39,4498428500.0,58604759600.0,-0.014508632239438213
sh000300,2010-03-24,3282.05,3276.67,3271.03,3298.54,4454796600.0,58330301200.0,0.0003358194146361182
sh000300,2010-03-23,3305.55,3275.57,3272.92,3309.12,4653953600.0,62145531400.0,-0.008193470052655027
sh000300,2010-03-22,3297.82,3302.63,3288.51,3313.92,4943946200.0,65652976800.0,0.002659485650617688
sh000300,2010-03-19,3270.98,3293.87,3251.14,3296.41,4606218700.0,62114230700.0,0.008054964728925196
sh000300,2010-03-18,3277.88,3267.55,3256.59,3295.37,4694801300.0,62509130199.99999,-0.0019456797966962425
sh000300,2010-03-17,3214.22,3273.92,3207.27,3274.00,4580093400.0,62587395400.0,0.0218322893160674
sh000300,2010-03-16,3183.77,3203.97,3169.10,3204.29,3084778000.0,41510426400.0,0.006531204644412147
sh000300,2010-03-15,3231.22,3183.18,3171.80,3234.82,3784430400.0,49219898099.99999,-0.015449425170036557
sh000300,2010-03-12,3277.31,3233.13,3232.12,3284.26,3995734400.0,52611210800.0,-0.013299925840248306
sh000300,2010-03-11,3282.20,3276.71,3251.70,3303.49,4748775400.0,63732658900.0,-0.0009086224612692151
sh000300,2010-03-10,3304.04,3279.69,3267.76,3321.08,4642107900.0,61760429300.0,-0.007916245697034974
sh000300,2010-03-09,3285.62,3305.86,3255.98,3322.51,5419948600.0,71971297700.0,0.0059887163819389855
sh000300,2010-03-08,3268.40,3286.18,3258.03,3293.93,4154087600.0,54686555100.0,0.008104891157631133
sh000300,2010-03-05,3253.16,3259.76,3239.68,3276.40,4562913800.0,59621178400.0,0.0028271964609283273
sh000300,2010-03-04,3338.67,3250.57,3244.98,3345.91,6934681000.0,89462913800.00002,-0.025339721985679464
sh000300,2010-03-03,3313.02,3335.08,3293.92,3335.65,6062273200.0,78442133000.0,0.007199719742452926
sh000300,2010-03-02,3327.10,3311.24,3299.69,3339.89,5703437400.0,76233992300.0,-0.003964601343993901
sh000300,2010-03-01,3290.01,3324.42,3287.56,3330.38,6050452000.0,81205689000.0,0.013026903984861393
sh000300,2010-02-26,3286.10,3281.67,3273.69,3301.15,5210728800.0,70171666100.0,-0.003177274287467391
sh000300,2010-02-25,3252.15,3292.13,3249.33,3294.14,6758661700.0,89485801600.0,0.014686482887858787
sh000300,2010-02-24,3177.08,3244.48,3165.13,3244.82,4998943700.0,64414097400.0,0.014334261855857067
sh000300,2010-02-23,3225.39,3198.63,3152.93,3225.39,4274289800.0,62386076900.00001,-0.0107380889789227
sh000300,2010-02-22,3248.95,3233.35,3232.78,3261.95,3828377200.0,49981333700.0,-0.005514751113407712
sh000300,2010-02-12,3232.88,3251.28,3228.74,3253.20,3405823800.0,46703220599.99999,0.009588870947708328
sh000300,2010-02-11,3216.69,3220.4,3207.17,3238.35,3579105200.0,46999713000.0,0.0019507611702078709
sh000300,2010-02-10,3195.14,3214.13,3182.83,3214.46,3421989400.0,48152144600.0,0.014180279503595683
sh000300,2010-02-09,3147.76,3169.19,3144.48,3178.95,3595315800.0,45222660400.0,0.0057759624752855565
sh000300,2010-02-08,3152.25,3150.99,3133.81,3172.31,3735595100.0,47902429300.0,-0.0006660133392958345
sh000300,2010-02-05,3147.72,3153.09,3129.92,3177.42,5910584500.0,73693132400.0,-0.020414440164036263
sh000300,2010-02-04,3206.43,3218.8,3190.44,3242.52,5897272600.0,75466553000.0,-0.003689580031695616
sh000300,2010-02-03,3160.71,3230.72,3094.57,3231.10,6479889400.0,87536250000.0,0.02686741741598553
sh000300,2010-02-02,3170.78,3146.19,3143.09,3211.94,5013003300.0,68318412400.0,-0.002068062079924937
sh000300,2010-02-01,3198.23,3152.71,3116.44,3198.31,5700138000.0,75982150500.0,-0.016057250574253445
sh000300,2010-01-29,3190.31,3204.16,3176.92,3249.46,5026261300.0,68018118700.0,-0.0007515819083944164
sh000300,2010-01-28,3195.29,3206.57,3168.46,3220.31,4699071600.0,64082115700.0,0.002501117686966259
sh000300,2010-01-27,3243.04,3198.57,3183.37,3255.12,5269139400.0,70540273200.0,-0.013639447391143422
sh000300,2010-01-26,3328.11,3242.8,3222.14,3341.20,6175223100.0,81586059200.0,-0.025603889411390024
sh000300,2010-01-25,3340.01,3328.01,3326.27,3372.43,5684917100.0,76626626800.0,-0.011345136949676093
sh000300,2010-01-22,3364.45,3366.2,3293.19,3390.80,8893340400.0,119197815800.0,-0.012430432703450567
sh000300,2010-01-21,3397.04,3408.57,3364.72,3425.18,7059506800.0,100076607000.0,0.004165647840727482
sh000300,2010-01-20,3512.25,3394.43,3387.82,3515.45,9249514600.0,128416164600.00002,-0.03223111749746266
sh000300,2010-01-19,3506.81,3507.48,3497.09,3528.39,7488323200.0,108023525500.0,0.0019424797467921806
sh000300,2010-01-18,3471.78,3500.68,3458.04,3501.26,8285430700.0,117884258500.0,0.005151116649534604
sh000300,2010-01-15,3472.52,3482.74,3448.66,3500.07,7254310200.0,104035175800.0,0.003946325362851333
sh000300,2010-01-14,3433.47,3469.05,3411.81,3470.32,8335325200.0,118107870100.0,0.01400410389519302
sh000300,2010-01-13,3448.29,3421.14,3415.69,3490.11,11245790100.0,159860384600.0,-0.03218743281318959
sh000300,2010-01-12,3477.84,3534.92,3437.66,3535.41,9374327800.0,134071416400.0,0.015183584382763016
sh000300,2010-01-11,3593.11,3482.05,3465.32,3594.53,8998017200.0,134114001100.0,0.0005517035283164606
sh000300,2010-01-08,3456.91,3480.13,3426.70,3482.08,6079025300.0,90190960000.0,0.002497508253011649
sh000300,2010-01-07,3543.16,3471.46,3452.77,3558.56,8035003700.0,120436166300.00002,-0.019840586380102332
sh000300,2010-01-06,3558.70,3541.73,3541.17,3588.83,7847312500.0,121045989900.0,-0.006259750171154099
sh000300,2010-01-05,3545.19,3564.04,3497.66,3577.53,8580964100.0,128302442600.0,0.008149399049001138
sh000300,2010-01-04,3592.47,3535.23,3535.23,3597.75,6610108000.0,93419838900.0,-0.01131253356005002
sh000300,2009-12-31,3561.37,3575.68,3542.38,3579.52,6924189000.0,98004030300.0,0.0047262325576167274
sh000300,2009-12-30,3503.82,3558.86,3498.38,3561.44,8842937000.0,124684572899.99998,0.016602204105417906
sh000300,2009-12-29,3481.90,3500.74,3451.18,3501.25,5553576500.0,78053673800.0,0.006413813128336665
sh000300,2009-12-28,3432.82,3478.43,3432.82,3489.57,5537539000.0,78965998300.0,0.01566523981102419
sh000300,2009-12-25,3434.33,3424.78,3410.67,3441.96,4691457600.0,68701833800.0,-0.004082795842760056
sh000300,2009-12-24,3346.76,3438.82,3339.30,3445.70,6437782300.0,94811625100.0,0.030673044645854297
sh000300,2009-12-23,3303.73,3336.48,3296.29,3342.99,4806450400.0,67948267100.0,0.009360044047266092
sh000300,2009-12-22,3402.23,3305.54,3296.76,3404.75,5394268500.0,75498512000.0,-0.026814892451908046
sh000300,2009-12-21,3386.33,3396.62,3354.65,3404.64,4832980500.0,69055779100.0,0.0014387895298577646
sh000300,2009-12-18,3450.04,3391.74,3385.68,3453.35,6611101500.0,89137672400.0,-0.025404077410456583
sh000300,2009-12-17,3571.05,3480.15,3475.84,3582.44,6328620100.0,86756667100.00002,-0.022627446134489526
sh000300,2009-12-16,3568.28,3560.72,3550.67,3610.69,5696391200.0,81340897400.0,-0.006312546395262575
sh000300,2009-12-15,3594.51,3583.34,3578.28,3620.32,6918649300.0,98783625800.0,-0.008140613106359385
sh000300,2009-12-14,3572.53,3612.75,3495.64,3623.27,8378502100.0,113441731800.0,0.010553787111680535
sh000300,2009-12-11,3589.41,3575.02,3568.51,3614.95,5455091200.0,74282930300.0,-0.0006205901756660692
sh000300,2009-12-10,3579.83,3577.24,3544.90,3601.29,5756373800.0,81151398800.0,0.0064031869640566175
sh000300,2009-12-09,3579.28,3554.48,3543.42,3603.70,6852150700.0,97091971800.0,-0.019188635824305633
sh000300,2009-12-08,3670.81,3624.02,3590.94,3671.04,8294086400.0,118750858900.0,-0.012213703006135446
sh000300,2009-12-07,3644.63,3668.83,3633.45,3672.80,9122554600.0,131991687600.0,0.006954870193139007
sh000300,2009-12-04,3581.63,3643.49,3530.06,3646.26,13413090100.0,188843990600.0,0.014651004767633369
sh000300,2009-12-03,3596.95,3590.88,3551.48,3603.12,8997857200.0,128562629200.0,-0.0017929964723836234
sh000300,2009-12-02,3578.87,3597.33,3570.29,3607.56,9805203300.0,138929251800.0,0.010250419143851275
sh000300,2009-12-01,3507.56,3560.83,3485.52,3566.78,10151863900.0,138002623600.0,0.013999037494980993
sh000300,2009-11-30,3415.08,3511.67,3415.08,3511.76,8441534100.0,117377393900.0,0.03818466168614432
sh000300,2009-11-27,3440.34,3382.51,3367.29,3480.93,8929468800.0,125775998800.00002,-0.029623297004678917
sh000300,2009-11-26,3635.79,3485.77,3472.95,3646.61,12788237900.0,180809383900.0,-0.03963489391480679
sh000300,2009-11-25,3541.51,3629.63,3508.06,3630.30,11460232900.0,157030857700.0,0.02298426191066727
sh000300,2009-11-24,3680.75,3548.08,3538.86,3698.13,14756682200.0,203721992200.0,-0.03203646968634655
sh000300,2009-11-23,3636.53,3665.51,3628.20,3666.27,9399094100.0,135750450800.0,0.009501488566542093
sh000300,2009-11-20,3630.58,3631.01,3597.31,3658.21,9475075100.0,127585253400.0,-0.003138006391320114
sh000300,2009-11-19,3638.07,3642.44,3604.61,3653.90,9494009500.0,125514316300.00002,0.003363423254173936
sh000300,2009-11-18,3633.85,3630.23,3612.79,3652.81,8922628300.0,119034890300.0,0.00051814185511323
sh000300,2009-11-17,3644.96,3628.35,3619.99,3649.42,9739136800.0,135058674700.0,0.0007032930663577464
sh000300,2009-11-16,3541.05,3625.8,3541.05,3625.89,12315732300.0,170544813000.0,0.030431520552928415
sh000300,2009-11-13,3489.54,3518.72,3445.36,3518.89,9121017100.0,122356578900.0,0.00535144386126829
sh000300,2009-11-12,3506.95,3499.99,3487.68,3529.06,7996266100.0,106569499600.00002,0.0012358145934827647
sh000300,2009-11-11,3500.59,3495.67,3468.86,3514.83,7262632100.0,100494402400.0,-0.0023146430426568276
sh000300,2009-11-10,3520.40,3503.78,3501.50,3532.19,8430098700.0,116073645900.0,0.0022856064008422994
sh000300,2009-11-09,3487.11,3495.79,3452.61,3495.89,7805090400.0,108916000900.0,0.003666358504975653
sh000300,2009-11-06,3491.08,3483.02,3474.36,3506.03,9219031500.0,124138421500.0,0.005397884721965562
sh000300,2009-11-05,3458.87,3464.32,3432.26,3471.83,8064778400.0,103539079600.00002,0.0030197834904992504
sh000300,2009-11-04,3443.52,3453.89,3415.22,3476.34,8606527300.0,117780698800.00002,0.0053734175925574945
sh000300,2009-11-03,3402.53,3435.43,3397.25,3447.48,8379109800.0,115935434900.0,0.012564843197359066
sh000300,2009-11-02,3205.84,3392.8,3198.31,3394.72,8198115800.0,110679455300.0,0.03427357279819043
sh000300,2009-10-30,3305.38,3280.37,3276.32,3329.54,6064706200.0,84226415500.0,0.010261622087741173
sh000300,2009-10-29,3265.19,3247.05,3239.00,3291.18,6130535400.0,84414939000.0,-0.024713681131038334
sh000300,2009-10-28,3303.77,3329.33,3258.27,3337.17,6259484900.0,86228533000.0,0.004407612105999936
sh000300,2009-10-27,3384.29,3314.72,3314.32,3392.10,7420955100.0,105228807300.0,-0.029148507427714465
sh000300,2009-10-26,3421.70,3414.24,3385.44,3432.90,6844252400.0,97800974800.0,0.0002900461437045365
sh000300,2009-10-23,3354.98,3413.25,3354.98,3436.39,8672542900.0,120908995100.0,0.019696354098203805
sh000300,2009-10-22,3364.15,3347.32,3341.42,3381.15,6093658300.0,87978516100.0,-0.006517712983189261
sh000300,2009-10-21,3375.03,3369.28,3358.55,3414.66,8348894000.0,117445160700.0,-0.0024544272953632706
sh000300,2009-10-20,3355.36,3377.57,3343.02,3379.63,8942627800.0,128508372200.0,0.014541205589398087
sh000300,2009-10-19,3238.85,3329.16,3231.81,3330.79,7768314300.0,113841454100.0,0.026976503141860286
sh000300,2009-10-16,3250.10,3241.71,3188.43,3268.43,5563625500.0,78892050300.0,0.0006389598844316335
sh000300,2009-10-15,3258.55,3239.64,3227.09,3287.63,6056201000.0,85391959100.0,0.003792526491912973
sh000300,2009-10-14,3209.06,3227.4,3204.31,3276.55,8097812000.0,111183227100.00002,0.009029175993897187
sh000300,2009-10-13,3144.02,3198.52,3140.50,3199.92,5071370400.0,68577125599.99999,0.01487801550308876
sh000300,2009-10-12,3181.58,3151.63,3151.26,3193.59,5896196000.0,81562328600.0,-0.003818301930328616
sh000300,2009-10-09,3078.75,3163.71,3071.27,3164.03,5687104000.0,76061663000.0,0.05288538338658144
sh000300,2009-09-30,2992.98,3004.8,2988.29,3033.74,4218452400.0,54803607400.0,0.010937694504910445
sh000300,2009-09-29,2975.53,2972.29,2923.93,2998.55,4593235200.0,56674417400.0,-0.00011774045965873281
sh000300,2009-09-28,3066.37,2972.64,2959.74,3088.08,4191835200.0,54593201700.0,-0.02808211788015824
sh000300,2009-09-25,3057.11,3058.53,3028.41,3090.07,4582049200.0,60733021000.0,-0.007270531949768344
sh000300,2009-09-24,3041.82,3080.93,2989.24,3122.05,6515210200.0,86891307300.0,0.006816837523324626
sh000300,2009-09-23,3130.14,3060.07,3041.42,3159.17,6601371600.0,89049563900.0,-0.022663468571045287
sh000300,2009-09-22,3196.01,3131.03,3131.02,3237.22,7342510100.0,101633736500.0,-0.024175652932743152
sh000300,2009-09-21,3163.51,3208.6,3090.61,3210.64,7280197400.0,99685177000.0,0.002784644762461319
sh000300,2009-09-18,3325.06,3199.69,3170.96,3330.43,10048840400.0,131631978300.0,-0.036266979910243635
sh000300,2009-09-17,3274.58,3320.1,3274.58,3329.12,9133340400.0,125325999700.0,0.018985710076605766
sh000300,2009-09-16,3290.39,3258.24,3212.45,3296.94,8824448100.0,123641482300.0,-0.013443790422207669
sh000300,2009-09-15,3298.81,3302.64,3264.95,3325.74,8709217700.0,116411498800.00002,0.0028086561263622745
sh000300,2009-09-14,3248.35,3293.39,3240.53,3298.91,8739388300.0,117064809200.0,0.017065405033151793
sh000300,2009-09-11,3152.81,3238.13,3152.69,3253.45,8068966000.0,108989361400.0,0.023781897050501044
sh000300,2009-09-10,3179.19,3162.91,3150.17,3204.12,6656600700.0,91467422600.0,-0.010015931591187188
sh000300,2009-09-09,3188.31,3194.91,3143.74,3207.39,9119115500.0,131813702400.0,0.007549740300286656
sh000300,2009-09-08,3084.20,3170.97,3047.30,3170.97,8396563400.0,117969333600.0,0.02150627695935503
sh000300,2009-09-07,3097.79,3104.21,3078.13,3153.23,8279074000.0,113813192700.0,0.008797129802349035
sh000300,2009-09-04,3055.35,3077.14,3038.99,3099.39,8698471500.0,116181665600.0,0.008250435785527976
sh000300,2009-09-03,2898.45,3051.96,2892.65,3059.99,9315744700.0,118821388300.0,0.055701798383219314
sh000300,2009-09-02,2824.64,2890.93,2813.62,2904.79,6084338600.0,76293192900.0,0.016608643668460044
sh000300,2009-09-01,2804.58,2843.7,2795.49,2901.28,7053530600.0,87743214200.0,0.004745130323255298
sh000300,2009-08-31,3003.54,2830.27,2825.77,3003.54,8451731100.0,105568316000.0,-0.07106190798154122
sh000300,2009-08-28,3152.04,3046.78,3030.73,3168.19,8401794600.0,108787276900.0,-0.03469885625574243
sh000300,2009-08-27,3149.57,3156.3,3116.89,3212.27,8012520100.0,103604608400.0,-0.005071885865230885
sh000300,2009-08-26,3082.68,3172.39,3065.46,3203.79,8203640400.0,109792468800.00002,0.020116855262184652
sh000300,2009-08-25,3210.85,3109.83,3019.12,3210.85,9753013900.0,128446120900.0,-0.0370850879365866
sh000300,2009-08-24,3222.40,3229.6,3178.86,3241.52,8041406800.0,110907923699.99998,0.008109576042102384
sh000300,2009-08-21,3135.37,3203.62,3113.70,3221.17,8661680500.0,113910783500.0,0.01883672190790575
sh000300,2009-08-20,3021.25,3144.39,3021.25,3146.57,7951921600.0,107656322600.0,0.0430641849417992
sh000300,2009-08-19,3178.28,3014.57,2982.22,3183.01,8160402000.0,104778744900.0,-0.049628151412835386
sh000300,2009-08-18,3110.71,3171.99,3083.20,3186.81,7734303500.0,100691271199.99998,0.010101042267066207
sh000300,2009-08-17,3283.44,3140.27,3137.48,3319.80,9172390200.0,121242721300.00002,-0.061053204403700434
sh000300,2009-08-14,3437.95,3344.46,3334.73,3454.95,8824862700.0,126573245800.0,-0.028004952307880138
sh000300,2009-08-13,3398.89,3440.82,3338.85,3448.86,8708180000.0,123584066600.0,0.012780361452875644
sh000300,2009-08-12,3546.50,3397.4,3390.36,3546.50,9253538600.0,131867959000.0,-0.04470275954762992
sh000300,2009-08-11,3558.65,3556.38,3509.72,3569.15,6449719700.0,95318920600.0,0.003340348818182459
sh000300,2009-08-10,3589.72,3544.54,3485.36,3613.46,8487068100.0,126564928699.99998,-0.0029703805800117555
sh000300,2009-08-07,3655.46,3555.1,3539.70,3686.54,10057575100.0,148656081500.0,-0.029488523444495374
sh000300,2009-08-06,3707.91,3663.12,3602.58,3739.58,11810152500.0,178406415799.99997,-0.020802258255946393
sh000300,2009-08-05,3781.40,3740.94,3691.98,3789.13,13344445300.0,194012131100.0,-0.012063528951941294
sh000300,2009-08-04,3803.06,3786.62,3712.43,3803.06,14103573900.0,205134118100.0,-0.00010826425985543953
sh000300,2009-08-03,3754.22,3787.03,3716.57,3789.94,13641589900.0,198440898500.0,0.014033556292206484
sh000300,2009-07-31,3670.19,3734.62,3635.55,3735.80,13223983400.0,184431882900.0,0.027456655350196035
sh000300,2009-07-30,3587.05,3634.82,3511.29,3656.92,13496887900.0,185493784300.0,0.021444368569991434
sh000300,2009-07-29,3741.78,3558.51,3453.64,3765.59,16740612600.0,226560268700.0,-0.05253446650797955
sh000300,2009-07-28,3745.55,3755.82,3705.04,3756.78,14626788500.0,210479421900.0,0.0032561978614340514
sh000300,2009-07-27,3680.15,3743.63,3669.51,3744.24,13880804000.0,200824102000.0,0.020741310298945326
sh000300,2009-07-24,3672.21,3667.56,3591.88,3687.49,12797935200.0,182205122600.00003,0.0042689288247166335
sh000300,2009-07-23,3613.60,3651.97,3596.36,3653.84,11638160900.0,160980372900.0,0.012489880562917888
sh000300,2009-07-22,3532.63,3606.92,3532.38,3607.37,11523854600.0,168877710799.99997,0.01895288756804714
sh000300,2009-07-21,3603.40,3539.83,3533.16,3610.33,13060096100.0,184934839300.0,-0.014282452271157764
sh000300,2009-07-20,3532.52,3591.12,3515.53,3594.87,13646853900.0,189689538400.0,0.020259616286106397
sh000300,2009-07-17,3499.51,3519.81,3482.87,3527.47,10654970400.0,146140273300.0,0.005303835212667529
sh000300,2009-07-16,3516.78,3501.24,3489.56,3543.02,12931332900.0,178974318299.99997,0.0022729224515500857
sh000300,2009-07-15,3467.13,3493.3,3467.13,3497.51,13348300200.0,176773125000.0,0.011158549822707808
sh000300,2009-07-14,3375.87,3454.75,3375.87,3454.75,10752042500.0,143258163900.0,0.027890425794627083
sh000300,2009-07-13,3382.57,3361.01,3358.52,3403.74,9961965100.0,132301021199.99998,-0.010976043974799121
sh000300,2009-07-10,3398.91,3398.31,3375.97,3428.03,10617491200.0,140745850300.0,0.0005918205105555074
sh000300,2009-07-09,3348.22,3396.3,3334.68,3396.48,11308152300.0,148249544300.0,0.013134383566956176
sh000300,2009-07-08,3306.43,3352.27,3261.32,3368.07,11386759200.0,147303052300.0,0.0035264287574579
sh000300,2009-07-07,3368.33,3340.49,3327.35,3393.22,12960079900.0,160450593400.0,-0.010151863100970493
sh000300,2009-07-06,3333.10,3374.75,3333.10,3378.05,13526404900.0,175857353200.0,0.014309587213041874
sh000300,2009-07-03,3254.93,3327.14,3249.11,3327.67,10573259200.0,142531351800.0,0.0136426229907749
sh000300,2009-07-02,3248.20,3282.36,3247.57,3285.09,11298929400.0,152594570800.0,0.013731122023533882
sh000300,2009-07-01,3153.54,3237.9,3150.65,3238.79,9695056500.0,129830699700.0,0.02255824309088683
sh000300,2009-06-30,3191.64,3166.47,3159.63,3195.72,8678234700.0,118926140399.99998,-0.004245323069085538
sh000300,2009-06-29,3132.11,3179.97,3122.16,3182.42,8499707500.0,107539212000.0,0.016477966513447573
sh000300,2009-06-26,3126.23,3128.42,3109.32,3137.08,7050090800.0,88663497100.00002,0.003367629701852559
sh000300,2009-06-25,3125.66,3117.92,3103.87,3141.17,8280688700.0,107706587899.99998,-0.0009004303480275588
sh000300,2009-06-24,3079.50,3120.73,3068.24,3121.21,10942431300.0,132431167600.0,0.011942669995784527
sh000300,2009-06-23,3036.40,3083.9,3028.45,3128.53,11150673400.0,127094783699.99998,0.0004347036229628287
sh000300,2009-06-22,3106.39,3082.56,3072.53,3116.16,10395258300.0,122685100500.0,0.0008311688311688492
sh000300,2009-06-19,3061.90,3080.0,3047.27,3086.72,10251806900.0,119434479000.0,0.007382016922709678
sh000300,2009-06-18,3014.44,3057.43,3014.44,3061.75,9628131600.0,122777117700.0,0.015558412138484412
sh000300,2009-06-17,2957.58,3010.59,2930.49,3017.41,7729311800.0,99945527400.0,0.016672182411303638
sh000300,2009-06-16,2936.51,2961.22,2929.04,2979.41,7017924200.0,89928387200.0,-0.0016755501164794628
sh000300,2009-06-15,2911.42,2966.19,2898.07,2967.10,7435209000.0,92689634800.0,0.02061046901720065
sh000300,2009-06-12,2955.57,2906.29,2883.32,2976.86,8006706700.0,92135559600.00002,-0.018685656209587287
sh000300,2009-06-11,2982.97,2961.63,2951.27,3000.86,8711599700.0,101890292000.0,-0.009355766657746845
sh000300,2009-06-10,2972.42,2989.6,2966.59,2995.70,10179003900.0,116455491000.0,0.009808955062555746
sh000300,2009-06-09,2948.95,2960.56,2892.72,2960.90,9198988600.0,108747415600.0,0.0040970262643802435
sh000300,2009-06-08,2937.64,2948.48,2912.49,2978.23,9611636600.0,114538935100.0,0.0031197798122688525
sh000300,2009-06-05,2966.06,2939.31,2937.18,2975.18,10847632400.0,131347984400.0,-0.004888700804062673
sh000300,2009-06-04,2924.27,2953.75,2899.67,2961.04,13012771000.0,153770741800.0,0.004885367372141847
sh000300,2009-06-03,2865.73,2939.39,2864.71,2939.39,11207331000.0,131606586400.0,0.02592928693588359
sh000300,2009-06-02,2878.53,2865.1,2855.06,2892.78,10833839700.0,130131778000.0,0.0023650090612032937
sh000300,2009-06-01,2798.93,2858.34,2798.93,2864.47,10856488300.0,132967778100.0,0.03573926245873671
sh000300,2009-05-27,2734.42,2759.71,2715.82,2768.57,6797664500.0,78602246100.0,0.014688796070241317
sh000300,2009-05-26,2757.31,2719.76,2718.55,2762.81,7231601200.0,88894895700.0,-0.011973611555116226
sh000300,2009-05-25,2684.21,2752.72,2675.28,2761.39,7409167100.0,91048816100.0,0.004393070332910032
sh000300,2009-05-22,2733.02,2740.68,2719.12,2762.74,6149901200.0,74407198700.0,-0.0033927149355822417
sh000300,2009-05-21,2795.83,2750.01,2735.77,2808.29,8553539400.0,102875828200.0,-0.02234728231308225
sh000300,2009-05-20,2843.54,2812.87,2812.60,2849.64,8793921500.0,105146163699.99998,-0.009580716036168058
sh000300,2009-05-19,2836.34,2840.08,2821.95,2849.63,9770361700.0,116543189400.0,0.01049964953728244
sh000300,2009-05-18,2782.59,2810.57,2740.92,2813.76,7483578600.0,88479091600.0,0.005167875484600293
sh000300,2009-05-15,2800.57,2796.12,2773.32,2815.46,6493143100.0,74973035100.0,0.0012604741101482908
sh000300,2009-05-14,2781.05,2792.6,2757.54,2804.48,8263932900.0,96156100900.0,-0.007604832977967324
sh000300,2009-05-13,2792.42,2814.0,2775.57,2822.71,10711285600.0,123637957600.0,0.009122988208968064
sh000300,2009-05-12,2702.74,2788.56,2699.95,2788.61,8869594200.0,93421458300.0,0.02320461450398481
sh000300,2009-05-11,2808.14,2725.32,2725.27,2839.61,12536445200.0,140455749900.0,-0.022909630649428747
sh000300,2009-05-08,2751.50,2789.22,2733.33,2800.22,10672498800.0,120873172700.0,0.008001214276421198
sh000300,2009-05-07,2783.58,2767.08,2731.80,2797.47,12210116100.0,136965825100.0,0.0007594991645509808
sh000300,2009-05-06,2721.82,2764.98,2713.54,2771.21,10580665000.0,118232079900.0,0.013923674647324358
sh000300,2009-05-05,2733.11,2727.01,2713.23,2751.25,10231372200.0,112641886100.0,0.004682606933647637
sh000300,2009-05-04,2635.13,2714.3,2632.30,2715.19,10291656500.0,113351099900.0,0.03483508900351917
sh000300,2009-04-30,2616.49,2622.93,2604.45,2640.02,8580934800.0,96903683500.0,0.006739925615171671
sh000300,2009-04-29,2518.85,2605.37,2514.14,2615.81,8188500600.0,91496802700.0,0.034480431045093685
sh000300,2009-04-28,2490.53,2518.53,2485.80,2531.54,5926498300.0,66247490100.0,0.0020849165834424532
sh000300,2009-04-27,2566.92,2513.29,2499.44,2576.52,7203939000.0,75040611400.0,-0.023164612556308195
sh000300,2009-04-24,2605.70,2572.89,2570.38,2609.87,7336096900.0,81956596000.0,-0.007969740433998118
sh000300,2009-04-23,2555.53,2593.56,2543.91,2604.16,8088794200.0,84795657200.0,0.0067073454748707295
sh000300,2009-04-22,2687.86,2576.28,2563.36,2713.30,12404641300.0,131945283400.0,-0.03706306252429503
sh000300,2009-04-21,2670.28,2675.44,2634.53,2697.72,10818525200.0,118473952800.0,-0.011903223066326407
sh000300,2009-04-20,2643.73,2707.67,2640.99,2708.45,9590369400.0,105081493400.0,0.021496289645337674
sh000300,2009-04-17,2675.67,2650.69,2628.63,2693.29,10152880800.0,116184839100.0,-0.01355359475421547
sh000300,2009-04-16,2690.51,2687.11,2643.32,2706.63,12372961300.0,131609724600.00002,4.465963773614412e-05
sh000300,2009-04-15,2662.73,2686.99,2627.81,2690.64,12066529200.0,133586130100.0,0.003780534728993201
sh000300,2009-04-14,2651.20,2676.87,2637.38,2682.91,11049130400.0,126839876800.0,0.007660397813681108
sh000300,2009-04-13,2621.98,2656.52,2619.37,2668.28,13901454100.0,156801973800.0,0.02349809094866928
sh000300,2009-04-10,2540.11,2595.53,2530.62,2595.60,10414440800.0,121859853100.0,0.03092541913753588
sh000300,2009-04-09,2477.42,2517.67,2457.42,2517.74,7459370300.0,82860990000.0,0.015455663782846463
sh000300,2009-04-08,2563.72,2479.35,2479.35,2573.09,9932809400.0,107144419800.0,-0.03787423116474897
sh000300,2009-04-07,2570.63,2576.95,2543.65,2597.06,8608325700.0,93919114200.0,0.002509239447578304
sh000300,2009-04-03,2597.92,2570.5,2555.62,2612.37,12365521600.0,131075730800.0,-0.002290017078093509
sh000300,2009-04-02,2558.77,2576.4,2558.26,2599.25,13514680600.0,143708978300.0,0.011058699798290661
sh000300,2009-04-01,2519.89,2548.22,2519.89,2566.54,12630762500.0,137117558500.0,0.01612176458156389
sh000300,2009-03-31,2436.78,2507.79,2423.57,2507.90,9546175200.0,106631226400.0,0.009378182242633315
sh000300,2009-03-30,2501.31,2484.49,2471.37,2508.14,9415166500.0,100003474400.0,-0.005778473186523803
sh000300,2009-03-27,2501.00,2498.93,2481.69,2516.38,13536854600.0,134140077400.0,0.0077183955092972045
sh000300,2009-03-26,2407.76,2479.79,2379.95,2479.83,11324945200.0,118048783000.0,0.03267356006879529
sh000300,2009-03-25,2435.63,2401.33,2401.05,2472.94,9581666000.0,105406227899.99998,-0.02057688699638638
sh000300,2009-03-24,2477.57,2451.78,2440.53,2483.83,11199352500.0,121593359500.0,0.005075018447159074
sh000300,2009-03-23,2384.67,2439.4,2375.52,2448.35,11631304900.0,127794033600.0,0.02502689256420587
sh000300,2009-03-20,2389.89,2379.84,2343.27,2397.21,10939673800.0,114786506800.0,-0.0011416291719830163
sh000300,2009-03-19,2337.52,2382.56,2331.26,2386.23,9731876600.0,101348435399.99998,0.02139626604934297
sh000300,2009-03-18,2335.42,2332.65,2328.86,2370.56,10187007100.0,103619595600.0,0.004413537719600402
sh000300,2009-03-17,2244.11,2322.4,2239.67,2329.30,9298052800.0,94028682100.00002,0.03604105977400174
sh000300,2009-03-16,2197.25,2241.61,2180.05,2247.11,4877385400.0,48128301300.0,0.01640957277978794
sh000300,2009-03-13,2229.25,2205.42,2200.97,2250.24,5408309400.0,54636247900.0,-0.004639617276707031
sh000300,2009-03-12,2208.04,2215.7,2156.60,2220.30,5570011100.0,53843902600.0,-0.0021077473225304955
sh000300,2009-03-11,2288.05,2220.38,2212.88,2292.40,7083867600.0,70589122700.0,-0.009103972723783715
sh000300,2009-03-10,2175.31,2240.78,2168.32,2241.24,5666044900.0,55058099400.00001,0.01736639228523562
sh000300,2009-03-09,2302.01,2202.53,2198.54,2333.98,8655594800.0,83758904300.0,-0.03675795292532946
sh000300,2009-03-06,2260.76,2286.58,2255.82,2313.20,8596545000.0,85495320500.0,-0.007956892213178857
sh000300,2009-03-05,2314.08,2304.92,2259.80,2340.37,13198734700.0,128866644400.0,0.008651510841739096
sh000300,2009-03-04,2150.24,2285.15,2150.24,2290.94,11075003300.0,105872088800.00002,0.06675536260299242
sh000300,2009-03-03,2109.84,2142.15,2100.64,2168.22,6616731400.0,64109642400.0,-0.010403433317780486
sh000300,2009-03-02,2123.37,2164.67,2112.34,2177.29,6274618100.0,60877953700.0,0.011296478843629387
sh000300,2009-02-27,2164.54,2140.49,2117.06,2186.82,8707641500.0,80337456300.0,-0.02269209520635207
sh000300,2009-02-26,2295.43,2190.19,2167.15,2332.35,10220038500.0,101795386400.0,-0.04949983725724205
sh000300,2009-02-25,2325.04,2304.25,2226.44,2337.42,10787752800.0,108878060700.0,0.0010426396159610718
sh000300,2009-02-24,2376.70,2301.85,2294.52,2411.91,12701755500.0,127131165800.0,-0.04506571305300189
sh000300,2009-02-23,2333.81,2410.48,2307.92,2419.53,10946540300.0,109379770700.0,0.028221403221403207
sh000300,2009-02-20,2300.81,2344.32,2276.30,2344.77,8663206900.0,85247213600.0,0.019974678147067104
sh000300,2009-02-19,2295.65,2298.41,2259.59,2324.68,9085392800.0,88398854000.0,0.00991721737907758
sh000300,2009-02-18,2331.66,2275.84,2272.50,2369.05,11542206200.0,112455677700.0,-0.04588540596740853
sh000300,2009-02-17,2460.57,2385.29,2384.79,2470.62,14101499100.0,137971308100.0,-0.031255965072596203
sh000300,2009-02-16,2421.19,2462.25,2397.18,2462.39,15234666900.0,147380378900.0,0.026339482964161
sh000300,2009-02-13,2321.56,2399.06,2307.09,2402.44,14040991000.0,134471079600.00002,0.03481801633927706
sh000300,2009-02-12,2335.40,2318.34,2248.48,2344.66,11982621800.0,116050219800.0,-0.005490875708880516
sh000300,2009-02-11,2287.23,2331.14,2275.57,2381.19,14757663700.0,144588095000.0,0.001886751907166584
sh000300,2009-02-10,2288.07,2326.75,2263.53,2327.10,11629454800.0,107891600900.0,0.013097223371228761
sh000300,2009-02-09,2271.59,2296.67,2257.49,2307.91,12952367000.0,119886790900.0,0.026545626832582325
sh000300,2009-02-06,2158.08,2237.28,2158.08,2240.02,10666490400.0,95640063100.0,0.040126082651083195
sh000300,2009-02-05,2164.55,2150.97,2135.67,2211.18,11510012200.0,101712444200.0,-0.007126998121315897
sh000300,2009-02-04,2118.56,2166.41,2117.02,2166.41,10088842800.0,87192159400.0,0.02726526973649901
sh000300,2009-02-03,2056.79,2108.91,2049.89,2108.94,8764030200.0,75554097800.0,0.025205876347797362
sh000300,2009-02-02,2052.44,2057.06,2029.72,2059.34,5145390600.0,46126546700.0,0.011994017749965558
sh000300,2009-01-23,2039.52,2032.68,2025.19,2054.33,5750410900.0,49887828200.0,-0.005805678511163759
sh000300,2009-01-22,2034.29,2044.55,2012.74,2048.48,5886194700.0,53439127000.0,0.011297367080342902
sh000300,2009-01-21,1993.67,2021.71,1988.24,2047.11,6411742800.0,59914192100.0,-0.0017183572899333033
sh000300,2009-01-20,2006.53,2025.19,1986.06,2025.19,5325926200.0,45640127699.99999,0.006320591114401752
sh000300,2009-01-19,2010.58,2012.47,1993.95,2052.19,8194817700.0,69785530300.0,0.011184749348058798
sh000300,2009-01-16,1965.44,1990.21,1965.44,2026.65,9653863300.0,84717648699.99998,0.018077928455600745
sh000300,2009-01-15,1935.39,1954.87,1930.30,1977.19,7894364800.0,67144772699.99999,-0.0001892350811154575
sh000300,2009-01-14,1873.63,1955.24,1873.63,1955.24,5928323100.0,52658994900.0,0.04213325942468504
sh000300,2009-01-13,1892.66,1876.19,1874.97,1908.20,4981813700.0,40201464700.0,-0.023168757061264422
sh000300,2009-01-12,1911.74,1920.69,1905.62,1947.08,5423415600.0,46981492699.99999,0.001209360029608586
sh000300,2009-01-09,1886.49,1918.37,1886.49,1923.42,4740721600.0,41511211400.0,0.016091186923659517
sh000300,2009-01-08,1894.66,1887.99,1873.65,1902.80,5344649000.0,47210802400.0,-0.02236456467030523
sh000300,2009-01-07,1942.67,1931.18,1930.87,1959.25,5970216700.0,50143418300.0,-0.005981058266419592
sh000300,2009-01-06,1880.67,1942.8,1873.01,1948.49,7097409700.0,59262170599.99999,0.031779751030292624
sh000300,2009-01-05,1848.33,1882.96,1837.84,1882.96,4818702000.0,39217076800.0,0.035891116343551355
sh000300,2008-12-31,1835.11,1817.72,1813.73,1844.42,3563135500.0,27291914200.0,-0.00857404660092509
sh000300,2008-12-30,1852.95,1833.44,1824.53,1867.41,3758462700.0,29628506800.0,-0.011494748646725172
sh000300,2008-12-29,1852.41,1854.76,1816.06,1861.30,3598687300.0,29329563300.0,-0.0039417861554158495
sh000300,2008-12-26,1868.34,1862.1,1850.50,1881.08,3456088800.0,28536313700.0,-0.004634455331227305
sh000300,2008-12-25,1891.53,1870.77,1848.71,1902.71,3991683400.0,30805996700.0,-0.008642982809419775
sh000300,2008-12-24,1893.23,1887.08,1872.65,1912.78,4420183100.0,34210526700.0,-0.016613165464626767
sh000300,2008-12-23,2019.23,1918.96,1918.43,2019.23,6359046400.0,50825766600.0,-0.048866199102872265
sh000300,2008-12-22,2050.77,2017.55,1993.33,2055.37,5294946400.0,43843460400.0,-0.01684120246965326
sh000300,2008-12-19,2037.37,2052.11,2033.11,2075.38,6331122700.0,53410396100.0,0.0034277052466873403
sh000300,2008-12-18,2001.05,2045.1,1982.43,2045.94,5842922400.0,48455152699.99999,0.021824504601732686
sh000300,2008-12-17,2002.03,2001.42,1995.65,2030.39,5868515000.0,49120177400.0,0.003494697786357248
sh000300,2008-12-16,1957.00,1994.45,1919.87,1994.96,4792487800.0,38552247900.0,0.009832762033994413
sh000300,2008-12-15,1991.55,1975.03,1941.05,2006.23,5045109600.0,40756443900.0,0.007473040941041953
sh000300,2008-12-12,2027.07,1960.38,1936.28,2038.19,6738726600.0,54866552699.99999,-0.04200670465318557
sh000300,2008-12-11,2087.43,2046.34,2043.62,2107.29,7355623600.0,63777696200.0,-0.02387437452000818
sh000300,2008-12-10,2028.51,2096.39,2014.28,2096.39,8327106200.0,70751388000.0,0.027214150966509143
sh000300,2008-12-09,2104.12,2040.85,2038.07,2107.60,9250981400.0,77546690100.0,-0.02586585458988855
sh000300,2008-12-08,2040.47,2095.04,2033.98,2095.47,10760713100.0,89176050200.0,0.0406620371750166
sh000300,2008-12-05,1969.74,2013.18,1965.09,2014.20,7436632600.0,59950691700.0,0.015255203158961672
sh000300,2008-12-04,1980.44,1982.93,1978.14,2046.47,11918344100.0,98580218100.0,0.015496730118248259
sh000300,2008-12-03,1884.60,1952.67,1884.60,1952.67,8501914400.0,67393273300.0,0.04497412542879009
sh000300,2008-12-02,1821.54,1868.63,1814.90,1891.13,6135023500.0,48151924100.0,0.0023709775186271376
sh000300,2008-12-01,1823.77,1864.21,1799.84,1864.30,4838633300.0,38237160200.0,0.018738524088484754
sh000300,2008-11-28,1851.10,1829.92,1815.45,1866.26,5159066000.0,40648514400.0,-0.021679043235122708
sh000300,2008-11-27,1961.89,1870.47,1870.05,1969.02,8800832200.0,71753358100.0,0.014629780309194373
sh000300,2008-11-26,1832.11,1843.5,1815.02,1865.65,4556563500.0,34732301400.0,0.005021016306036685
sh000300,2008-11-25,1870.06,1834.29,1801.56,1883.10,4281459000.0,34629652300.0,-0.0018229903571973516
sh000300,2008-11-24,1913.99,1837.64,1835.86,1923.93,5056151700.0,39794620400.0,-0.043264575111675696
sh000300,2008-11-21,1872.27,1920.74,1835.09,1968.89,8304932900.0,66124274800.00001,-0.0060493782439726695
sh000300,2008-11-20,1916.70,1932.43,1900.27,1976.95,8318703800.0,66919038900.0,-0.010613569804829082
sh000300,2008-11-19,1831.60,1953.16,1823.27,1959.52,8211740800.0,64838117200.0,0.06160385255079315
sh000300,2008-11-18,1974.38,1839.82,1831.76,1994.82,9727835300.0,76165748600.0,-0.07417863055610074
sh000300,2008-11-17,1934.74,1987.23,1919.97,1987.23,8783662600.0,70919184200.0,0.022421732307771336
sh000300,2008-11-14,1893.31,1943.65,1874.93,1943.65,9116871700.0,73429585000.0,0.037122214633313444
sh000300,2008-11-13,1777.03,1874.08,1765.64,1891.94,8323455200.0,64988756200.0,0.04010389495066091
sh000300,2008-11-12,1758.48,1801.82,1754.29,1806.23,4408796000.0,34453792500.0,0.011485606502896761
sh000300,2008-11-11,1795.30,1781.36,1778.33,1824.93,6607285100.0,49194274300.0,-0.011272874610777861
sh000300,2008-11-10,1714.12,1801.67,1714.12,1803.12,6394885900.0,47322292100.0,0.07380962314418027
sh000300,2008-11-07,1618.75,1677.83,1612.74,1690.11,3152159000.0,23620464900.000004,0.017002266968929147
sh000300,2008-11-06,1648.13,1649.78,1638.34,1661.44,3078417900.0,21547045099.999996,-0.02461836799848649
sh000300,2008-11-05,1641.26,1691.42,1641.26,1714.66,4241821000.0,31500415000.0,0.03910895955177662
sh000300,2008-11-04,1646.20,1627.76,1606.73,1648.45,2610016500.0,18984761500.0,-0.015590793086348032
sh000300,2008-11-03,1648.56,1653.54,1643.42,1684.56,2538109700.0,19514009900.0,-0.006082973684526927
sh000300,2008-10-31,1688.09,1663.66,1655.09,1696.65,2831453400.0,21281902700.0,-0.020027567357421394
sh000300,2008-10-30,1669.97,1697.66,1646.35,1723.93,4128429200.0,32165805400.0,0.02378454004896824
sh000300,2008-10-29,1723.23,1658.22,1657.65,1731.26,3886948800.0,31224265099.999996,-0.027904468232287094
sh000300,2008-10-28,1614.62,1705.82,1607.67,1716.31,4679280400.0,36435875500.0,0.030912508234270275
sh000300,2008-10-27,1746.67,1654.67,1652.79,1746.67,3644184700.0,27867517900.0,-0.07124494836102369
sh000300,2008-10-24,1831.46,1781.6,1769.11,1840.88,3298066800.0,27101012200.000004,-0.028984401399622883
sh000300,2008-10-23,1794.68,1834.78,1779.13,1836.41,3575865400.0,29078802700.0,0.0007963694281412081
sh000300,2008-10-22,1854.60,1833.32,1832.45,1887.31,3296857200.0,26562835700.0,-0.02556061677146404
sh000300,2008-10-21,1901.24,1881.41,1880.52,1928.19,3890839500.0,33588996400.0,-0.008077058938277926
sh000300,2008-10-20,1828.41,1896.73,1802.10,1899.35,3327715200.0,28435447599.999996,0.03462138485539423
sh000300,2008-10-17,1837.91,1833.26,1805.67,1851.33,2871542000.0,23017436100.0,0.006787852161019181
sh000300,2008-10-16,1833.48,1820.9,1818.93,1866.90,4052964800.0,32493846800.0,-0.048820493533086706
sh000300,2008-10-15,1911.03,1914.36,1892.02,1930.63,3189239800.0,26555892300.0,-0.010472340821453319
sh000300,2008-10-14,2054.41,1934.62,1934.46,2060.49,5433194600.0,48975116600.0,-0.025620879480632075
sh000300,2008-10-13,1889.75,1985.49,1841.53,1985.63,4353812000.0,37606423800.0,0.04118072744053358
sh000300,2008-10-10,1913.27,1906.96,1881.67,1938.22,3915159300.0,32924106700.0,-0.04427404400340795
sh000300,2008-10-09,2059.59,1995.3,1993.01,2063.30,3358231100.0,31760285099.999996,-0.013634026734161253
sh000300,2008-10-08,2041.99,2022.88,2000.52,2073.07,3687470000.0,34689894700.0,-0.037846322147970124
sh000300,2008-10-07,2043.92,2102.45,2024.65,2136.12,4306532500.0,41512001000.0,-0.012331469911213366
sh000300,2008-10-06,2206.56,2128.7,2128.27,2206.56,4557526400.0,41827343300.0,-0.0512377098134299
sh000300,2008-09-26,2234.46,2243.66,2192.13,2257.16,5942994300.0,59518096800.0,0.009053172208155269
sh000300,2008-09-25,2143.73,2223.53,2139.62,2256.27,7423791200.0,71758274900.0,0.039591369193725745
sh000300,2008-09-24,2072.65,2138.85,2050.97,2139.22,4532818000.0,40183637800.0,0.007238118560099371
sh000300,2008-09-23,2141.60,2123.48,2118.92,2180.37,7836561700.0,69516678100.0,-0.03810908629694565
sh000300,2008-09-22,2228.37,2207.61,2130.31,2258.42,10199387300.0,98415575900.0,0.0648783711428722
sh000300,2008-09-19,2065.78,2073.11,2046.22,2073.11,3652540400.0,32104719700.000004,0.09341821423108776
sh000300,2008-09-18,1876.97,1895.99,1804.77,1936.74,4782026300.0,36844924100.0,-0.017183822843339525
sh000300,2008-09-17,1981.25,1929.14,1923.55,2003.91,3286224200.0,26988614900.000004,-0.035743383400394846
sh000300,2008-09-16,2050.32,2000.65,1987.30,2050.32,3356326100.0,28769300500.0,-0.03715378877204789
sh000300,2008-09-12,2071.06,2077.85,2066.44,2102.98,1919702000.0,17652324500.0,0.0027604445667017696
sh000300,2008-09-11,2135.45,2072.13,2067.25,2142.00,2217678100.0,20678010800.0,-0.03315167181477974
sh000300,2008-09-10,2124.97,2143.18,2099.23,2181.25,2205784400.0,20307095400.0,0.0018839258584015806
sh000300,2008-09-09,2135.22,2139.15,2111.40,2150.99,1762429800.0,15480632800.0,0.005939281078946035
sh000300,2008-09-08,2189.82,2126.52,2119.12,2198.76,2218655400.0,20114131900.0,-0.02606449485442619
sh000300,2008-09-05,2193.04,2183.43,2172.94,2221.09,2165448000.0,19709566300.0,-0.03008240232769932
sh000300,2008-09-04,2238.65,2251.15,2216.11,2270.41,1898478000.0,18548580300.0,0.0023108158649307597
sh000300,2008-09-03,2279.60,2245.96,2219.56,2296.03,2374947400.0,24066625099.999996,-0.01726167296021275
sh000300,2008-09-02,2292.69,2285.41,2268.00,2309.21,1844049800.0,18645029600.0,-0.010289411346934285
sh000300,2008-09-01,2372.64,2309.17,2297.02,2372.64,2115280300.0,21384882100.0,-0.03448261444030032
sh000300,2008-08-29,2347.40,2391.64,2339.52,2418.05,2887784500.0,29000899600.0,0.023875472522015384
sh000300,2008-08-28,2325.26,2335.87,2316.68,2363.56,2040029100.0,21711091900.0,0.0045499701112550195
sh000300,2008-08-27,2322.54,2325.29,2291.35,2367.72,2386258400.0,23579970700.0,-0.0026763541537103697
sh000300,2008-08-26,2370.53,2331.53,2306.94,2390.66,2374193700.0,22262896100.0,-0.028751744391910194
sh000300,2008-08-25,2408.03,2400.55,2373.76,2439.91,1864319000.0,18965202100.0,-0.0018212588308181843
sh000300,2008-08-22,2421.25,2404.93,2362.63,2437.43,2629824100.0,26183849100.0,-0.015978035826807124
sh000300,2008-08-21,2494.26,2443.98,2438.86,2535.86,3751804000.0,39651327300.0,-0.0351212425087053
sh000300,2008-08-20,2332.39,2532.94,2312.18,2533.30,4504341500.0,44564422699.99999,0.07854901276150006
sh000300,2008-08-19,2285.51,2348.47,2273.89,2356.19,1947710600.0,18407578100.0,0.01515950548975531
sh000300,2008-08-18,2451.31,2313.4,2312.95,2452.63,2362310600.0,22662870900.0,-0.054836943643212566
sh000300,2008-08-15,2440.39,2447.62,2412.95,2479.15,2042226100.0,21296936000.0,0.0016820066216221008
sh000300,2008-08-14,2429.98,2443.51,2410.49,2461.24,2015723600.0,21156177500.0,-0.00047450167098206375
sh000300,2008-08-13,2427.50,2444.67,2369.58,2466.09,2755171100.0,27480615900.0,0.00020866064414781782
sh000300,2008-08-12,2431.38,2444.16,2413.60,2474.32,2419194400.0,24459629800.0,-0.005148953317513416
sh000300,2008-08-11,2579.80,2456.81,2442.79,2580.72,3212020600.0,32454532500.0,-0.05195912728732066
sh000300,2008-08-08,2719.38,2591.46,2581.81,2719.38,3089458100.0,33617694700.000004,-0.04741144814809373
sh000300,2008-08-07,2717.66,2720.44,2683.41,2747.88,2337043900.0,26661008800.0,-0.00045927346611851494
sh000300,2008-08-06,2723.52,2721.69,2679.66,2749.10,2740402200.0,31744599200.0,0.0068847388904509366
sh000300,2008-08-05,2780.76,2703.08,2695.37,2792.74,3046923500.0,34770819700.0,-0.025267295313993188
sh000300,2008-08-04,2816.94,2773.15,2767.53,2832.90,2278232400.0,27440273000.0,-0.023810278126858986
sh000300,2008-08-01,2786.12,2840.79,2748.75,2868.68,3403149100.0,39748408700.0,0.012683542408589599
sh000300,2008-07-31,2894.25,2805.21,2804.70,2899.07,2794096600.0,31179208400.0,-0.027447839743723113
sh000300,2008-07-30,2940.02,2884.38,2866.03,2949.94,2981080000.0,34223911900.0,-0.007313388146460542
sh000300,2008-07-29,2921.25,2905.63,2881.05,2921.25,3603627500.0,42192023700.0,-0.018650049816775538
sh000300,2008-07-28,2959.11,2960.85,2946.49,2997.60,3930864000.0,47089423700.0,0.0073659499183451604
sh000300,2008-07-25,2939.32,2939.2,2916.68,2967.72,4057108100.0,47706187699.99999,-0.01281672354031771
sh000300,2008-07-24,2905.04,2977.36,2902.98,2979.75,4853866500.0,60255657000.0,0.032615179723374466
sh000300,2008-07-23,2923.05,2883.32,2879.19,2941.97,3882123300.0,46949545100.0,-0.007374153969029851
sh000300,2008-07-22,2905.28,2904.74,2890.25,2931.45,3881497600.0,47781613200.0,-0.002167602755019815
sh000300,2008-07-21,2792.83,2911.05,2780.28,2915.29,4511957700.0,54938055500.0,0.03395182314790479
sh000300,2008-07-18,2746.54,2815.46,2690.07,2818.06,4020340200.0,47213298900.0,0.03583057095659781
sh000300,2008-07-17,2790.26,2718.07,2705.81,2812.99,3268733500.0,38054364900.0,-0.010026952214452156
sh000300,2008-07-16,2818.76,2745.6,2702.66,2824.88,3940311500.0,45361333500.0,-0.03763783833044754
sh000300,2008-07-15,2987.06,2852.98,2849.20,2997.67,4729275900.0,57118257300.00001,-0.041295486698007644
sh000300,2008-07-14,2927.24,2975.87,2917.02,2996.59,3457504300.0,43920558800.0,0.007574064669036762
sh000300,2008-07-11,2962.86,2953.5,2913.87,2988.20,4428710100.0,55085357600.0,-0.0068029040968750065
sh000300,2008-07-10,2970.98,2973.73,2950.20,3056.91,6164955400.0,77643542700.0,-0.013730751244556694
sh000300,2008-07-09,2927.00,3015.13,2927.00,3015.27,6935696800.0,85846257400.0,0.0390407465608027
sh000300,2008-07-08,2900.57,2901.84,2841.07,2939.14,5424807800.0,67887147500.0,0.006618657120259774
sh000300,2008-07-07,2747.61,2882.76,2747.61,2890.99,5273202400.0,63284782100.0,0.05139230811313533
sh000300,2008-07-04,2751.21,2741.85,2716.02,2783.85,3790501000.0,47363589900.0,-0.006795599523293894
sh000300,2008-07-03,2654.48,2760.61,2617.26,2807.68,4566030500.0,58808144300.0,0.022599644391761764
sh000300,2008-07-02,2702.63,2699.6,2670.06,2745.94,2791636500.0,35126248100.0,0.00046324605777603445
sh000300,2008-07-01,2799.20,2698.35,2690.18,2809.38,2885158500.0,35242551800.0,-0.03347995214591204
sh000300,2008-06-30,2782.84,2791.82,2747.61,2834.27,2529540600.0,31502446100.0,-0.008593688965277124
sh000300,2008-06-27,2886.18,2816.02,2787.25,2899.84,4088655600.0,49324841000.0,-0.05531532317312493
sh000300,2008-06-26,2964.52,2980.91,2922.79,3010.28,4259931200.0,52508562500.0,0.003828875852825764
sh000300,2008-06-25,2844.92,2969.54,2834.95,2973.17,4242526100.0,51619342900.0,0.0412423910909141
sh000300,2008-06-24,2775.69,2851.92,2770.99,2865.90,3179245600.0,38885761900.0,0.022215531516806886
sh000300,2008-06-23,2798.43,2789.94,2771.36,2845.48,2663149300.0,32382379600.0,-0.02096032172146245
sh000300,2008-06-20,2795.47,2849.67,2691.87,2946.94,5167590500.0,65259567900.0,0.027619109437881484
sh000300,2008-06-19,2967.40,2773.08,2768.23,2967.40,3631903900.0,45264911700.0,-0.07294226198236875
sh000300,2008-06-18,2820.24,2991.27,2759.11,3007.18,4256009500.0,52826656400.0,0.05227109628941706
sh000300,2008-06-17,2950.40,2842.68,2820.64,2977.89,2646377800.0,32031255900.0,-0.03711080399967481
sh000300,2008-06-16,2981.09,2952.24,2900.08,3012.99,2681379400.0,33731835299.999996,-0.009022798678804511
sh000300,2008-06-13,3087.34,2979.12,2975.66,3108.99,2531983700.0,33193994600.0,-0.034205074838797644
sh000300,2008-06-12,3123.64,3084.63,3022.88,3148.74,3145410900.0,42817386700.0,-0.01772760564277298
sh000300,2008-06-11,3155.94,3140.3,3097.40,3181.82,2940973500.0,40596532600.0,-0.02066388902749361
sh000300,2008-06-10,3344.45,3206.56,3188.80,3352.32,3294996100.0,45818267300.00001,-0.08108324974924774
sh000300,2008-06-06,3519.12,3489.5,3470.56,3532.30,2094422900.0,30298595299.999996,-0.0064462122808316424
sh000300,2008-06-05,3529.98,3512.14,3487.79,3542.24,2398927900.0,36565913500.0,-0.009805690570974357
sh000300,2008-06-04,3601.06,3546.92,3513.64,3605.06,2941765300.0,42963714400.00001,-0.018591022409389923
sh000300,2008-06-03,3624.57,3614.11,3585.12,3641.43,3473514100.0,48796407600.0,-0.003232363348529832
sh000300,2008-06-02,3600.23,3625.83,3580.58,3650.48,2825335800.0,41966896800.0,0.004015141236054287
sh000300,2008-05-30,3585.61,3611.33,3552.66,3620.23,2859084700.0,46886682699.99999,0.008506312711715314
sh000300,2008-05-29,3666.20,3580.87,3578.73,3677.02,2942274000.0,46589022200.0,-0.025939617488568434
sh000300,2008-05-28,3583.28,3676.23,3561.73,3698.00,3103491400.0,49994772600.0,0.027971030702980793
sh000300,2008-05-27,3549.99,3576.2,3533.47,3594.66,2476269300.0,39856280200.0,0.004770708188872819
sh000300,2008-05-26,3643.01,3559.22,3555.76,3643.01,2818019000.0,45524374400.00001,-0.03154429070922282
sh000300,2008-05-23,3697.89,3675.15,3629.01,3741.06,3344043100.0,52530762900.0,-0.009777875972668326
sh000300,2008-05-22,3732.64,3711.44,3704.16,3783.85,4074271700.0,66281212000.0,-0.018929170907072357
sh000300,2008-05-21,3668.18,3783.05,3591.57,3801.07,4359616200.0,69179112300.0,0.019464700524412404
sh000300,2008-05-20,3911.10,3710.82,3698.55,3946.44,3970262900.0,64572032500.0,-0.051928044209735624
sh000300,2008-05-19,3926.31,3914.07,3865.50,3936.28,2970958100.0,49755651500.0,-0.005601963354775696
sh000300,2008-05-16,3948.03,3936.12,3882.90,3982.22,3972175200.0,66279363900.0,-0.003031845778591724
sh000300,2008-05-15,4006.66,3948.09,3948.06,4038.85,5077297500.0,81795877200.0,-0.0069646710834100345
sh000300,2008-05-14,3843.47,3975.78,3843.47,3975.79,5060690100.0,85230874900.0,0.03221702681160732
sh000300,2008-05-13,3786.53,3851.69,3778.72,3923.17,5033801200.0,79847321500.0,-0.013631521260358714
sh000300,2008-05-12,3804.99,3904.92,3766.58,3952.79,4538266000.0,81691485400.0,0.006702896682581727
sh000300,2008-05-09,3960.89,3878.92,3806.52,3973.06,5365592900.0,96377859500.0,-0.011750198724089445
sh000300,2008-05-08,3774.04,3925.04,3761.28,3926.00,4405566800.0,77839103300.0,0.0271424533930682
sh000300,2008-05-07,3986.13,3821.32,3821.11,4042.41,5445770600.0,98465318600.0,-0.04726382423851061
sh000300,2008-05-06,4021.07,4010.89,3961.34,4075.58,5845928000.0,106198405600.0,-0.011068154584321754
sh000300,2008-05-05,4015.21,4055.78,3972.56,4061.47,6253407300.0,111004387200.0,0.02441451635717029
sh000300,2008-04-30,3793.85,3959.12,3793.85,3970.58,6990977700.0,122637220700.0,0.048234814426493466
sh000300,2008-04-29,3704.93,3776.94,3702.02,3797.53,4454044000.0,78895825500.0,0.012815252805599142
sh000300,2008-04-28,3740.95,3729.15,3711.19,3791.77,4883123500.0,85070654700.0,-0.01943692858664181
sh000300,2008-04-25,3781.91,3803.07,3737.98,3915.84,8481449100.0,147098326800.0,0.007569214465492191
sh000300,2008-04-24,3739.32,3774.5,3659.73,3781.48,9657489600.0,149394569200.0,0.09287639740222886
sh000300,2008-04-23,3267.36,3453.73,3245.30,3467.43,4427255300.0,67718617100.0,0.04776596648342979
sh000300,2008-04-22,3207.88,3296.28,3122.39,3301.55,3253796900.0,47706441800.0,0.008792520389894642
sh000300,2008-04-21,3516.43,3267.55,3223.89,3516.43,4136230700.0,64657686500.0,-0.0015126050420167791
sh000300,2008-04-18,3356.56,3272.5,3248.53,3390.55,2788816200.0,42184118900.0,-0.03370016801363007
sh000300,2008-04-17,3493.24,3386.63,3340.88,3559.10,2953061800.0,46829953200.0,-0.030735370719114363
sh000300,2008-04-16,3573.66,3494.02,3483.19,3583.81,2652812000.0,42087715000.0,-0.02491558061005228
sh000300,2008-04-15,3513.07,3583.3,3417.25,3583.86,3065688600.0,48997126600.0,0.013282131475286674
sh000300,2008-04-14,3699.14,3536.33,3525.19,3710.79,3342704600.0,54637417000.0,-0.06538521511841489
sh000300,2008-04-11,3794.30,3783.73,3755.01,3825.29,2632859000.0,44418993000.0,0.007726275194954724
sh000300,2008-04-10,3641.66,3754.72,3608.32,3754.72,2880439600.0,47152258300.0,0.018055220396244076
sh000300,2008-04-09,3857.27,3688.13,3687.60,3911.70,3899716800.0,64555767400.0,-0.05215288379002114
sh000300,2008-04-08,3852.01,3891.06,3820.10,3935.33,4406792200.0,76485916300.0,0.011763421064948432
sh000300,2008-04-07,3611.96,3845.82,3578.38,3854.07,4048498200.0,70525926900.0,0.053447284082504876
sh000300,2008-04-03,3518.22,3650.7,3457.62,3665.65,3298949300.0,54233901200.0,0.028951685184245735
sh000300,2008-04-02,3621.39,3547.98,3493.18,3698.53,4276588400.0,70102758300.0,-0.009735239445582633
sh000300,2008-04-01,3776.27,3582.86,3566.21,3815.16,3530346200.0,58962080500.0,-0.054786533809256244
sh000300,2008-03-31,3802.21,3790.53,3780.12,3891.66,2944084100.0,51166600000.0,-0.03257396328889062
sh000300,2008-03-28,3712.98,3918.16,3661.38,3925.86,4209677700.0,72726088800.0,0.04514366804306302
sh000300,2008-03-27,3847.44,3748.92,3745.88,3873.61,3200066800.0,55151411000.0,-0.042267338039071345
sh000300,2008-03-26,3926.86,3914.37,3888.02,4001.55,2803676300.0,52026059300.0,0.0022018705658550797
sh000300,2008-03-25,3780.46,3905.77,3747.02,3937.67,3224586300.0,58292419100.0,0.012620913694002533
sh000300,2008-03-24,4086.07,3857.09,3857.09,4103.57,3584243800.0,63943570199.99999,-0.044761666538710054
sh000300,2008-03-21,3998.20,4037.83,3958.97,4083.16,4261516300.0,74985408700.0,0.008995884382894781
sh000300,2008-03-20,3833.21,4001.83,3658.04,4044.69,4621294400.0,82432595400.0,0.029049644368786653
sh000300,2008-03-19,3837.60,3888.86,3776.30,3954.47,3789847700.0,68823708400.0,0.03318588185284077
sh000300,2008-03-18,3924.87,3763.95,3700.35,3996.96,3452375100.0,58459478200.0,-0.050773211475608426
sh000300,2008-03-17,4138.88,3965.28,3958.29,4138.88,2818096100.0,52376089100.0,-0.04631938949510195
sh000300,2008-03-14,4179.44,4157.87,4092.79,4212.41,2342788500.0,45564248800.0,-0.009785756473031482
sh000300,2008-03-13,4266.27,4198.96,4121.27,4296.36,3445130700.0,65769466300.0,-0.025684220296311677
sh000300,2008-03-12,4534.81,4309.65,4308.35,4553.34,2714564400.0,55702634300.0,-0.029616002954169995
sh000300,2008-03-11,4393.28,4441.18,4315.18,4441.18,2627659200.0,52344309100.0,0.002164008854609767
sh000300,2008-03-10,4588.77,4431.59,4406.23,4588.77,3178035500.0,61147375700.0,-0.041132139974771054
sh000300,2008-03-07,4641.75,4621.69,4597.01,4693.21,2869094500.0,60552444800.00001,-0.013519657291415466
sh000300,2008-03-06,4645.07,4685.03,4592.62,4746.58,4440226800.0,85710623000.0,0.012165350248016571
sh000300,2008-03-05,4650.52,4628.72,4519.74,4689.97,3941799300.0,73479598000.0,-0.009083416289350499
sh000300,2008-03-04,4813.40,4671.15,4657.38,4836.66,4512977700.0,88557686700.0,-0.02496274062044701
sh000300,2008-03-03,4648.73,4790.74,4611.70,4803.90,3925841100.0,79684960700.0,0.024855868479318755
sh000300,2008-02-29,4616.24,4674.55,4597.63,4683.16,2335085800.0,47275050900.0,0.011356408181633304
sh000300,2008-02-28,4651.16,4622.06,4582.82,4670.17,2539817100.0,50332555400.0,-0.003816999549546618
sh000300,2008-02-27,4543.10,4639.77,4500.89,4660.41,2959239300.0,60311456900.00001,0.02751393524126744
sh000300,2008-02-26,4637.60,4515.53,4394.59,4668.83,3327639000.0,67625962800.0,-0.0009403112540875558
sh000300,2008-02-25,4704.32,4519.78,4510.69,4722.64,3365200100.0,65323658099.99999,-0.038802783354316195
sh000300,2008-02-22,4850.88,4702.24,4649.81,4850.88,3791862700.0,77110349600.0,-0.03564170031767644
sh000300,2008-02-21,4878.57,4876.03,4796.10,4924.45,3340361600.0,67932116500.0,-0.006659577242132508
sh000300,2008-02-20,5032.78,4908.72,4901.66,5062.26,3955772200.0,84980855900.0,-0.02231339939252097
sh000300,2008-02-19,4926.84,5020.75,4885.69,5020.75,3617696500.0,74207768900.0,0.022349872428980788
sh000300,2008-02-18,4875.21,4910.99,4845.31,4944.88,3059007800.0,61844630500.0,0.020293727185658028
sh000300,2008-02-15,4846.02,4813.31,4742.10,4846.02,2426260100.0,47298764900.0,-0.013716510424670814
sh000300,2008-02-14,4858.85,4880.25,4842.85,4913.32,1983778900.0,40152821000.0,0.013324114217371896
sh000300,2008-02-13,4858.81,4816.08,4785.80,4883.24,2147565900.0,43271699300.0,-0.021485910728326618
sh000300,2008-02-05,4942.88,4921.83,4878.12,4995.57,3279635600.0,70626096600.0,-0.0057150129693825935
sh000300,2008-02-04,4695.55,4950.12,4695.55,4951.25,4095314500.0,85660385500.0,0.08271762096615443
sh000300,2008-02-01,4623.62,4571.94,4414.12,4660.99,3512552800.0,67941469300.0,-0.010488269413903573
sh000300,2008-01-31,4693.61,4620.4,4614.28,4733.70,3085258000.0,64311666800.0,-0.0191587148270409
sh000300,2008-01-30,4817.16,4710.65,4606.14,4858.10,3409897600.0,72219233300.0,-0.010799902563585762
sh000300,2008-01-29,4742.90,4762.08,4688.73,4845.66,2906225600.0,58040616600.0,0.006382241307894443
sh000300,2008-01-28,5038.51,4731.88,4711.28,5038.51,4142528300.0,81460742900.0,-0.06805608349105752
sh000300,2008-01-25,5022.90,5077.43,4966.52,5121.41,4714210800.0,100680076900.0,0.009989636398718194
sh000300,2008-01-24,5034.53,5027.21,4926.37,5079.80,5660598700.0,114169075399.99998,0.010472130264456592
sh000300,2008-01-23,4787.17,4975.11,4751.50,4976.27,5577638500.0,111006127500.0,0.04653892512836899
sh000300,2008-01-22,5015.43,4753.87,4708.39,5032.25,6077269200.0,126029341700.0,-0.07615246038948797
sh000300,2008-01-21,5424.64,5145.73,5122.46,5434.35,4783361700.0,101540050200.0,-0.04963366682242232
sh000300,2008-01-18,5358.18,5414.47,5307.50,5419.57,4391300500.0,95080872899.99998,0.009104260085507354
sh000300,2008-01-17,5445.80,5365.62,5226.64,5533.65,6193693300.0,136052424600.00002,-0.02544626315904197
sh000300,2008-01-16,5642.57,5505.72,5498.39,5642.57,5577446900.0,126634977000.0,-0.0334822564930789
sh000300,2008-01-15,5743.43,5696.45,5652.04,5754.11,5088660800.0,119673141900.0,-0.006160411461750059
sh000300,2008-01-14,5717.52,5731.76,5679.29,5756.92,4984601000.0,109356398000.0,0.005721905898248059
sh000300,2008-01-11,5688.56,5699.15,5629.64,5702.57,5616707900.0,122241534800.0,0.004760099785795502
sh000300,2008-01-10,5631.65,5672.15,5602.59,5707.67,6422989300.0,144316455600.0,0.010401228410191976
sh000300,2008-01-09,5507.12,5613.76,5490.31,5614.68,4679687200.0,108368103200.0,0.015504563091867762
sh000300,2008-01-08,5575.95,5528.05,5485.23,5630.62,6489950100.0,147975753700.0,-0.005136243631435833
sh000300,2008-01-07,5480.44,5556.59,5455.50,5569.15,5348540900.0,123189550000.0,0.013301359495956344
sh000300,2008-01-04,5430.63,5483.65,5422.46,5499.09,5174642000.0,118866230600.0,0.011364747151896948
sh000300,2008-01-03,5381.15,5422.03,5315.95,5422.67,6464587800.0,135983354900.0,0.006857811368405242
sh000300,2008-01-02,5349.76,5385.1,5283.45,5404.93,4566871000.0,98886433500.0,0.008772504950105509
sh000300,2007-12-28,5379.52,5338.27,5323.82,5391.67,4536141500.0,95056654600.00002,-0.005451296965270691
sh000300,2007-12-27,5286.98,5367.53,5260.10,5367.53,5234501800.0,109216836199.99998,0.019468075205649304
sh000300,2007-12-26,5231.97,5265.03,5194.75,5273.14,4146811500.0,83694909400.0,0.009243196512811247
sh000300,2007-12-25,5217.56,5216.81,5180.59,5244.03,3897370500.0,79333659600.0,0.0018589895009344382
sh000300,2007-12-24,5142.16,5207.13,5129.60,5239.22,5031996700.0,103969755900.0,0.02063565177337634
sh000300,2007-12-21,5016.46,5101.85,5014.70,5103.77,3725149400.0,73549811300.0,0.012836521949737945
sh000300,2007-12-20,4968.03,5037.19,4935.40,5048.06,3131991700.0,59927497300.00001,0.018377410139720718
sh000300,2007-12-19,4877.77,4946.29,4865.35,4961.59,3210185800.0,60379853500.0,0.024095687083196093
sh000300,2007-12-18,4827.26,4829.91,4799.00,4883.00,2293007600.0,47447352500.0,-0.005636888058979439
sh000300,2007-12-17,4976.24,4857.29,4855.17,4977.57,3701452200.0,76935382700.0,-0.024180084979859906
sh000300,2007-12-14,4827.39,4977.65,4800.24,4979.19,3072792500.0,61162569200.0,0.019112257641831887
sh000300,2007-12-13,5051.78,4884.3,4881.34,5067.39,3681959000.0,77125151900.0,-0.03802938123721045
sh000300,2007-12-12,5108.58,5077.39,5033.72,5130.72,3982825100.0,83753500000.0,-0.01218093385214003
sh000300,2007-12-11,5162.09,5140.0,5068.03,5181.41,4058645700.0,82034387500.0,0.0012544900614777088
sh000300,2007-12-10,4961.67,5133.56,4944.83,5138.69,4278069100.0,82898156000.0,0.018290735616451892
sh000300,2007-12-07,4979.84,5041.35,4977.87,5041.78,2719822300.0,50380400700.0,0.014139841402035058
sh000300,2007-12-06,4986.25,4971.06,4928.13,4999.93,2371159100.0,47436272900.0,0.001029007541356819
sh000300,2007-12-05,4829.95,4965.95,4815.61,4970.17,3176916500.0,61090180300.0,0.028315190269215806
sh000300,2007-12-04,4786.64,4829.21,4786.64,4886.58,2264359200.0,43927028900.0,0.01184661834989642
sh000300,2007-12-03,4714.92,4772.67,4689.52,4809.27,2225593400.0,43698299000.0,0.007442885458510018
sh000300,2007-11-30,4841.08,4737.41,4723.79,4841.08,2938369600.0,57402977600.0,-0.02161472262895825
sh000300,2007-11-29,4708.38,4842.07,4637.48,4847.58,3687299000.0,72895752100.0,0.041585372411938604
sh000300,2007-11-28,4724.47,4648.75,4619.51,4760.66,2248236800.0,45167306000.0,-0.0132451736837077
sh000300,2007-11-27,4759.01,4711.15,4708.80,4806.83,2088684000.0,44831910300.0,-0.018526774553757508
sh000300,2007-11-26,4931.60,4800.08,4795.35,4954.18,2362227600.0,48427046800.0,-0.011548219169055352
sh000300,2007-11-23,4733.37,4856.16,4711.79,4857.05,2014630500.0,41174112100.0,0.01750401247113742
sh000300,2007-11-22,4902.63,4772.62,4759.91,4949.34,2650771600.0,53714123099.99999,-0.045021430200775536
sh000300,2007-11-21,5087.25,4997.62,4993.29,5135.25,2680312200.0,53059452200.0,-0.014155577210625436
sh000300,2007-11-20,4962.64,5069.38,4916.47,5099.52,3356271400.0,66536135000.0,0.015008749764737539
sh000300,2007-11-19,5017.40,4994.42,4968.73,5033.95,2554810100.0,48969993099.99999,-0.0026439494694128207
sh000300,2007-11-16,4999.84,5007.66,4917.49,5021.71,2331099100.0,47079247200.0,-0.01445550283304231
sh000300,2007-11-15,5129.81,5081.11,5069.52,5170.97,3175946400.0,66609044800.00001,-0.0125886872824722
sh000300,2007-11-14,5013.78,5145.89,4924.82,5147.01,3523154200.0,73449657300.0,0.04183842048574293
sh000300,2007-11-13,5024.52,4939.24,4866.16,5082.64,3686207900.0,74714823700.0,-0.007836086978355916
sh000300,2007-11-12,4916.82,4978.25,4795.43,5018.11,3841392200.0,75901043300.0,-0.012353884123066705
sh000300,2007-11-09,5042.76,5040.52,4962.30,5129.11,3458382600.0,67968651400.0,-0.010434519707794077
sh000300,2007-11-08,5321.86,5093.67,5090.96,5321.86,3605489300.0,72978743500.0,-0.04802425134984101
sh000300,2007-11-07,5348.56,5350.63,5231.61,5388.64,3006134900.0,59639211000.0,0.006220910005547697
sh000300,2007-11-06,5331.31,5317.55,5295.79,5406.11,2705785400.0,56491531400.0,-0.007977150575246617
sh000300,2007-11-05,5438.81,5360.31,5333.38,5494.62,3369501800.0,74190195900.0,-0.02057764305408616
sh000300,2007-11-02,5514.85,5472.93,5448.99,5565.66,4328950000.0,93671082500.0,-0.02360295652453137
sh000300,2007-11-01,5701.49,5605.23,5604.79,5702.21,4661247900.0,96342741700.0,-0.014645234102247717
sh000300,2007-10-31,5663.76,5688.54,5590.54,5691.87,5032946900.0,103782288699.99998,0.016524096374777253
sh000300,2007-10-30,5529.96,5596.07,5467.52,5597.27,3919392100.0,79727986800.0,0.015923069661387457
sh000300,2007-10-29,5428.68,5508.36,5428.68,5509.35,3523397700.0,72353863100.0,0.021048007251413647
sh000300,2007-10-26,5279.10,5394.81,5266.37,5428.58,3589596500.0,77283751800.0,0.011440270426844812
sh000300,2007-10-25,5549.66,5333.79,5312.85,5556.55,5082170600.0,103890714000.0,-0.04549383411983876
sh000300,2007-10-24,5564.48,5588.01,5553.33,5644.97,4466123800.0,99449964400.0,0.008649678976334396
sh000300,2007-10-23,5467.83,5540.09,5373.05,5541.96,4189680000.0,90014313500.0,0.012317548257891886
sh000300,2007-10-22,5543.79,5472.68,5465.85,5594.50,3586749900.0,74730406200.0,-0.02518320074954672
sh000300,2007-10-19,5651.03,5614.06,5563.78,5711.50,3846645700.0,84971542100.00002,-0.00030093932244124044
sh000300,2007-10-18,5813.24,5615.75,5593.99,5813.24,4859563000.0,106494804600.00002,-0.035777078768981396
sh000300,2007-10-17,5862.38,5824.12,5797.61,5891.72,4886976800.0,108328401199.99998,-0.009031511604165265
sh000300,2007-10-16,5851.54,5877.2,5815.61,5885.48,6469204900.0,135092342899.99998,0.00957665186508505
sh000300,2007-10-15,5761.87,5821.45,5690.07,5824.98,7068211100.0,155052082100.0,0.014681326496107872
sh000300,2007-10-12,5777.90,5737.22,5485.56,5796.28,7800106400.0,160588747300.0,-0.0039686948792376775
sh000300,2007-10-11,5695.13,5760.08,5650.10,5761.22,6514110100.0,137428901800.0,0.013071251688428598
sh000300,2007-10-10,5694.99,5685.76,5653.79,5776.21,6399445500.0,128506102700.0,0.0017318747764683007
sh000300,2007-10-09,5638.63,5675.93,5582.77,5682.97,5363349000.0,107594055399.99998,0.00403138786585866
sh000300,2007-10-08,5703.28,5653.14,5617.10,5715.91,6644970300.0,128709142300.0,0.012960484230783775
sh000300,2007-09-28,5479.85,5580.81,5479.85,5590.85,4851462000.0,104224265200.0,0.02821657952045653
sh000300,2007-09-27,5364.53,5427.66,5338.04,5429.05,3375905600.0,71569513500.0,0.012430470320946352
sh000300,2007-09-26,5433.63,5361.02,5338.31,5489.86,3917115600.0,84077769500.0,-0.01715976548320497
sh000300,2007-09-25,5524.02,5454.62,5423.52,5540.87,4532623000.0,95494833300.0,-0.010751011081085893
sh000300,2007-09-24,5481.38,5513.9,5400.68,5541.13,5418481700.0,116678459300.0,0.00837585267277463
sh000300,2007-09-21,5508.50,5468.1,5357.50,5516.11,6110635600.0,121125875000.0,-0.004880871787032337
sh000300,2007-09-20,5436.64,5494.92,5430.31,5501.40,5671213600.0,113725795100.0,0.013959444722259517
sh000300,2007-09-19,5487.38,5419.27,5385.42,5498.59,5588006500.0,110132780600.0,-0.01051153584913922
sh000300,2007-09-18,5524.10,5476.84,5405.18,5533.53,7162181000.0,140263032500.0,-0.004013522679949255
sh000300,2007-09-17,5389.50,5498.91,5387.68,5504.77,6940313200.0,131402296800.0,0.0188298550380932
sh000300,2007-09-14,5362.46,5397.28,5274.22,5405.85,6029562600.0,118739158200.0,0.008843040241347078
sh000300,2007-09-13,5230.65,5349.97,5212.03,5351.58,5974692900.0,118934715200.0,0.02827483345698334
sh000300,2007-09-12,5102.58,5202.86,5059.46,5212.65,6157225300.0,113773908600.0,0.015372485651110601
sh000300,2007-09-11,5384.56,5124.09,5104.35,5414.00,6880669000.0,127249654100.0,-0.04707451062072965
sh000300,2007-09-10,5226.74,5377.22,5182.10,5380.46,6509567200.0,116768981199.99998,0.015568133958098418
sh000300,2007-09-07,5382.91,5294.79,5284.65,5402.71,7929888000.0,145930428800.0,-0.02166465879779156
sh000300,2007-09-06,5389.49,5412.04,5365.50,5448.84,7060857400.0,128581017800.0,0.0090970959772525
sh000300,2007-09-05,5357.55,5363.25,5265.06,5389.33,6536490200.0,122740698500.0,0.0005447425811471174
sh000300,2007-09-04,5421.25,5360.33,5333.49,5429.21,7991483200.0,147686666900.0,-0.010857751279254924
sh000300,2007-09-03,5335.05,5419.17,5335.05,5433.75,8284916600.0,149612423400.0,0.02310069645692403
sh000300,2007-08-31,5255.09,5296.81,5219.99,5307.42,6678035700.0,122862402300.0,0.010604381032696786
sh000300,2007-08-30,5193.73,5241.23,5176.00,5247.57,6729849000.0,123820181500.0,0.013420807375353228
sh000300,2007-08-29,5215.65,5171.82,5138.34,5283.33,7292945600.0,138983549300.0,-0.015223438954866775
sh000300,2007-08-28,5220.64,5251.77,5136.61,5270.30,7506678900.0,140419665200.0,0.0016440498555259087
sh000300,2007-08-27,5250.62,5243.15,5191.28,5296.57,8263145400.0,149375480500.0,0.004900739423257416
sh000300,2007-08-24,5161.15,5217.58,5158.03,5231.15,7376987500.0,134546099500.0,0.015897802345436807
sh000300,2007-08-23,5075.51,5135.93,5028.12,5154.85,6805188200.0,130873214300.0,0.016675607568952255
sh000300,2007-08-22,4899.93,5051.69,4887.14,5075.89,7402892500.0,138722276000.0,0.015882687709518395
sh000300,2007-08-21,4915.52,4972.71,4909.84,4995.53,7444059300.0,132902401500.0,0.01786536701989383
sh000300,2007-08-20,4749.20,4885.43,4747.27,4885.84,6781220400.0,119259346500.0,0.055948454365859934
sh000300,2007-08-17,4694.20,4626.58,4616.97,4774.99,6365212000.0,111565219700.0,-0.020195089306513814
sh000300,2007-08-16,4772.36,4721.94,4665.21,4772.97,6359479400.0,110214697800.0,-0.016006251628028267
sh000300,2007-08-15,4804.68,4798.75,4697.97,4836.59,6346642700.0,109902913400.0,0.0006631119971141075
sh000300,2007-08-14,4721.45,4795.57,4704.15,4803.57,6115791100.0,105536840100.0,0.015754502572444595
sh000300,2007-08-13,4724.52,4721.19,4663.20,4767.08,8576316700.0,137189538100.0,-0.0011614917870472752
sh000300,2007-08-10,4765.85,4726.68,4631.04,4771.61,7496288100.0,123598269700.0,-0.01059387225812114
sh000300,2007-08-09,4666.42,4777.29,4666.20,4779.14,7202578600.0,117191335500.0,0.02339286517612127
sh000300,2007-08-08,4679.22,4668.09,4579.40,4741.45,8898800100.0,135476625300.0,-0.01195034447725185
sh000300,2007-08-07,4715.39,4724.55,4634.87,4771.58,8384713300.0,154638115700.0,0.004372892741891121
sh000300,2007-08-06,4642.78,4703.98,4623.49,4704.19,7616427100.0,136599019500.0,0.022964609275440306
sh000300,2007-08-03,4472.89,4598.38,4472.89,4599.25,7819047300.0,141287524300.0,0.03656065227143124
sh000300,2007-08-02,4311.60,4436.19,4303.98,4449.40,6288753800.0,108357964800.0,0.03396123510656146
sh000300,2007-08-01,4479.30,4290.48,4271.06,4496.25,7936166500.0,128911216800.0,-0.03812974155711413
sh000300,2007-07-31,4402.52,4460.56,4359.59,4467.65,7137504200.0,118858591400.0,0.011396050155318305
sh000300,2007-07-30,4305.18,4410.3,4303.73,4426.31,7544158300.0,121083501300.00002,0.02395092799398202
sh000300,2007-07-27,4277.55,4307.14,4225.03,4318.34,6502110900.0,105910068500.0,0.0009179236798748658
sh000300,2007-07-26,4282.68,4303.19,4244.08,4325.93,6549024300.0,103986605600.0,0.011216178744483551
sh000300,2007-07-25,4163.36,4255.46,4163.35,4256.05,6459776600.0,101771761400.0,0.0226152570680187
sh000300,2007-07-24,4187.33,4161.35,4143.59,4241.58,7609073500.0,112024885000.0,0.00111385900421479
sh000300,2007-07-23,4009.06,4156.72,4009.06,4157.39,8527618600.0,125824176700.0,0.04653715620814336
sh000300,2007-07-20,3808.08,3971.88,3808.08,3971.89,5527112100.0,81556215000.0,0.04330969267139473
sh000300,2007-07-19,3796.92,3807.0,3778.51,3836.39,3025846700.0,45728488500.0,-0.000149701778299538
sh000300,2007-07-18,3776.94,3807.57,3756.70,3861.51,4597582300.0,69467831700.0,0.00472866887443435
sh000300,2007-07-17,3684.34,3789.65,3650.25,3812.25,3255385000.0,50158226600.0,0.024791980464957897
sh000300,2007-07-16,3824.91,3697.97,3697.22,3830.37,2993185700.0,44462951300.0,-0.031975435326638935
sh000300,2007-07-13,3825.03,3820.12,3773.93,3829.68,2689324200.0,38615513800.0,0.0008383723001792465
sh000300,2007-07-12,3799.19,3816.92,3780.03,3839.21,3136811900.0,45968043200.0,0.007137447986342638
sh000300,2007-07-11,3751.49,3789.87,3732.29,3797.81,3362890700.0,51532285700.0,0.0037742145660846216
sh000300,2007-07-10,3832.76,3775.62,3764.25,3852.93,5190786800.0,77184568000.0,-0.011954047052050387
sh000300,2007-07-09,3743.87,3821.3,3722.23,3840.99,5407311300.0,79270989400.0,0.029922270017357144
sh000300,2007-07-06,3517.60,3710.28,3475.27,3712.74,5136651200.0,71894989900.0,0.04886019268171338
sh000300,2007-07-05,3688.31,3537.44,3535.04,3706.60,4322552700.0,61324056000.0,-0.05506493784024913
sh000300,2007-07-04,3840.41,3743.58,3727.56,3848.08,3823371600.0,59055648000.0,-0.023132745164042845
sh000300,2007-07-03,3782.78,3832.23,3744.01,3835.29,4640912600.0,68887494500.0,0.019844797027937622
sh000300,2007-07-02,3746.18,3757.66,3644.19,3801.90,4974731000.0,71995865500.0,-0.0017055960553442606
sh000300,2007-06-29,3769.33,3764.08,3718.16,3867.75,5892087000.0,88527586100.0,-0.024475705710997997
sh000300,2007-06-28,4038.38,3858.52,3857.85,4067.81,6685798000.0,98372047300.0,-0.045034253356036946
sh000300,2007-06-27,3946.88,4040.48,3912.20,4053.41,6529052000.0,102131620100.0,0.028580447582995827
sh000300,2007-06-26,3804.41,3928.21,3752.93,3929.37,5888511400.0,87867742000.0,0.01305450034686495
sh000300,2007-06-25,4066.45,3877.59,3850.84,4105.99,7003104400.0,113432698699.99998,-0.042908306449821354
sh000300,2007-06-22,4203.13,4051.43,3970.35,4220.92,7955237400.0,127747673800.00002,-0.03474869439255901
sh000300,2007-06-21,4140.69,4197.28,4110.96,4208.87,7373947100.0,121783095900.0,0.009543967673657727
sh000300,2007-06-20,4268.65,4157.6,4138.33,4292.20,8686301500.0,141060757600.0,-0.022431225017634504
sh000300,2007-06-19,4227.59,4253.0,4186.18,4254.71,8154047100.0,130523272500.0,0.006015275915005613
sh000300,2007-06-18,4178.76,4227.57,4177.19,4246.40,8787291300.0,141848326700.0,0.0312705823807502
sh000300,2007-06-15,4043.11,4099.38,4025.10,4115.73,6877960000.0,109234266900.0,0.005780431913087414
sh000300,2007-06-14,4103.52,4075.82,4022.78,4132.00,8660918000.0,133792270000.0,-0.010307726302549391
sh000300,2007-06-13,4071.74,4118.27,4064.15,4146.52,10945294500.0,165908854400.0,0.020356234096692294
sh000300,2007-06-12,3953.96,4036.11,3834.02,4036.36,9938977400.0,158102391000.0,0.026514168866643262
sh000300,2007-06-11,3876.07,3931.86,3870.23,3937.79,9098227700.0,140519100300.0,0.02449014687834672
sh000300,2007-06-08,3814.19,3837.87,3769.15,3861.21,8907474200.0,136650655500.0,0.0093548641611656
sh000300,2007-06-07,3694.55,3802.3,3684.46,3802.30,9419058100.0,137228579100.0,0.033913606230184135
sh000300,2007-06-06,3652.89,3677.58,3550.74,3712.53,9595151000.0,135938464200.0,0.01181688369930356
sh000300,2007-06-05,3407.00,3634.63,3246.73,3635.15,11376803800.0,150764921400.0,0.03508542103929169
sh000300,2007-06-04,3804.96,3511.43,3503.94,3822.41,9053101900.0,131296201600.0,-0.07689901286820278
sh000300,2007-06-01,3953.10,3803.95,3780.03,4014.15,11993793900.0,193980269300.0,-0.03156862994691889
sh000300,2007-05-31,3828.72,3927.95,3683.56,3991.73,12607824800.0,193671976000.0,0.010675524770613842
sh000300,2007-05-30,3906.04,3886.46,3849.70,4104.20,13273914000.0,210318902800.0,-0.06761285803051131
sh000300,2007-05-29,4090.90,4168.29,4079.87,4168.53,11326722700.0,179476688200.0,0.023501073029873032
sh000300,2007-05-28,4033.92,4072.58,4027.36,4091.94,11404185100.0,183212932600.00003,0.0219133053133429
sh000300,2007-05-25,3907.73,3985.25,3888.31,3996.85,9541661500.0,150809050000.0,0.016710249378149022
sh000300,2007-05-24,3953.89,3919.75,3858.51,3972.58,11381426400.0,172374226800.0,-0.004874395460719216
sh000300,2007-05-23,3879.76,3938.95,3853.91,3939.49,9852317100.0,147494467200.0,0.01768768295487133
sh000300,2007-05-22,3849.04,3870.49,3849.04,3893.19,10961818400.0,161323370300.0,0.010191990478775503
sh000300,2007-05-21,3650.80,3831.44,3643.08,3843.84,9847865000.0,145129794000.0,0.014512938784048135
sh000300,2007-05-18,3771.27,3776.63,3746.24,3805.21,8241889800.0,120741772500.0,-0.0005240022124537447
sh000300,2007-05-17,3716.44,3778.61,3705.27,3794.16,9025647800.0,135459100300.0,0.021165908617973184
sh000300,2007-05-16,3598.00,3700.29,3557.20,3700.65,8622926800.0,126693808200.0,0.02653524346397984
sh000300,2007-05-15,3739.05,3604.64,3600.21,3751.64,9357856800.0,138220188500.0,-0.03475238457377594
sh000300,2007-05-14,3648.27,3734.42,3620.86,3769.16,9109804900.0,137156727400.0,0.008591236992283813
sh000300,2007-05-11,3696.29,3702.61,3629.71,3715.37,8896176100.0,133773914700.0,-0.005879968103186806
sh000300,2007-05-10,3703.52,3724.51,3671.81,3742.23,11541992200.0,153159215500.0,0.006276207149958912
sh000300,2007-05-09,3699.30,3701.28,3556.62,3717.34,14064835800.0,189060473200.0,0.004137242507521677
sh000300,2007-05-08,3643.81,3686.03,3618.78,3699.37,10678873200.0,153677419700.0,0.035777009084752676
sh000300,2007-04-30,3487.36,3558.71,3478.93,3568.68,9430286400.0,138081371500.0,0.025411177575694666
sh000300,2007-04-27,3499.94,3470.52,3436.00,3503.89,8069863600.0,113722809800.0,-0.0066006789596917415
sh000300,2007-04-26,3465.11,3493.58,3438.88,3493.91,7899769000.0,107807046000.0,0.01313698423561882
sh000300,2007-04-25,3432.02,3448.28,3376.08,3467.83,10058066900.0,129089171500.0,0.000893997445721606
sh000300,2007-04-24,3462.48,3445.2,3418.30,3490.81,11464300600.0,149412298500.0,0.004045090519100514
sh000300,2007-04-23,3330.80,3431.32,3330.80,3433.52,10995899100.0,137583437700.0,0.04318270259752888
sh000300,2007-04-20,3165.67,3289.28,3165.67,3297.41,9446986900.0,118620475000.0,0.044116433355553486
sh000300,2007-04-19,3297.95,3150.3,3065.28,3297.95,11527000900.0,143830321600.0,-0.04666364049024052
sh000300,2007-04-18,3294.21,3304.5,3244.93,3311.98,10142670700.0,129242252500.0,0.006364965282007473
sh000300,2007-04-17,3273.43,3283.6,3182.95,3288.17,10530710500.0,133823425800.0,0.00847665847665846
sh000300,2007-04-16,3177.30,3256.0,3177.29,3256.57,8792894000.0,112706594200.0,0.027378890140507206
sh000300,2007-04-13,3182.78,3169.23,3154.11,3211.61,10065311600.0,129728360700.0,-0.0022698366725013575
sh000300,2007-04-12,3129.25,3176.44,3114.91,3176.69,9253518600.0,118434112300.0,0.017659195468583855
sh000300,2007-04-11,3092.09,3121.32,3059.28,3121.54,10166993500.0,124218923100.0,0.01289926887917514
sh000300,2007-04-10,3053.36,3081.57,2993.11,3081.62,10088834200.0,119702216000.0,0.014284914932344073
sh000300,2007-04-09,2988.38,3038.17,2988.38,3043.06,9090170500.0,106218793500.0,0.022261028731397126
sh000300,2007-04-06,2921.73,2972.01,2911.05,2977.46,7910232800.0,93049572100.00002,0.00915777035286447
sh000300,2007-04-05,2909.50,2945.04,2895.42,2950.66,7413899100.0,85195598400.0,0.011408672239355377
sh000300,2007-04-04,2893.38,2911.82,2875.69,2924.68,7550665800.0,88456071199.99998,0.008206030220351046
sh000300,2007-04-03,2861.90,2888.12,2852.57,2888.33,7701449500.0,87091853100.0,0.013336327369820822
sh000300,2007-04-02,2793.96,2850.11,2793.96,2850.15,6924788300.0,76680507900.0,0.02456340904025467
sh000300,2007-03-30,2768.71,2781.78,2753.15,2801.95,6295070600.0,66536969300.0,-0.0005461143247224021
sh000300,2007-03-29,2802.38,2783.3,2782.93,2830.08,10656723900.0,113233436300.00002,-0.005129304952370739
sh000300,2007-03-28,2787.24,2797.65,2689.11,2806.08,11220997000.0,112146081900.0,0.0048957981623696245
sh000300,2007-03-27,2770.35,2784.02,2753.02,2789.97,8072512700.0,84018394700.0,0.007232193572428658
sh000300,2007-03-26,2725.40,2764.03,2713.93,2764.40,7607477300.0,77796101200.0,0.0175829354224728
sh000300,2007-03-23,2710.36,2716.27,2653.79,2726.62,7391191900.0,76304490400.0,0.0018256790050601435
sh000300,2007-03-22,2720.46,2711.32,2702.41,2740.28,8330807400.0,86036277700.0,0.0032265226078591613
sh000300,2007-03-21,2685.93,2702.6,2666.89,2703.00,6461295700.0,68369315599.99999,0.011160705934292858
sh000300,2007-03-20,2669.64,2672.77,2645.25,2674.47,6124972600.0,61741482400.0,0.005023670663793833
sh000300,2007-03-19,2533.71,2659.41,2523.30,2674.80,7398356600.0,72943661100.0,0.021188604693133772
sh000300,2007-03-16,2656.01,2604.23,2576.32,2665.39,7533185000.0,74777024500.0,-0.015618680425620424
sh000300,2007-03-15,2595.54,2645.55,2595.54,2645.88,6377848900.0,63266778500.0,0.018553454276650116
sh000300,2007-03-14,2609.93,2597.36,2546.65,2625.12,6895208800.0,66581939500.0,-0.016214864951878072
sh000300,2007-03-13,2620.72,2640.17,2605.23,2641.63,6578890800.0,62061191800.0,0.009173715775351088
sh000300,2007-03-12,2612.96,2616.17,2563.37,2619.50,6246892100.0,60438197500.0,0.0018304427910040832
sh000300,2007-03-09,2632.80,2611.39,2587.49,2643.81,7041132600.0,67933045100.0,-0.00618047441991465
sh000300,2007-03-08,2597.72,2627.63,2565.11,2628.45,5538655900.0,53907621500.0,0.01474836258032619
sh000300,2007-03-07,2532.98,2589.44,2532.15,2594.46,5972094900.0,57623239800.00001,0.027437318721258208
sh000300,2007-03-06,2467.74,2520.29,2452.14,2539.45,5263315300.0,50261314100.0,0.01804807703959832
sh000300,2007-03-05,2503.82,2475.61,2409.72,2541.82,6851748800.0,63071754500.0,-0.013201898968800863
sh000300,2007-03-02,2468.67,2508.73,2455.82,2523.86,5794680500.0,54222099500.0,0.014226574059849506
sh000300,2007-03-01,2550.26,2473.54,2439.50,2550.33,8215965500.0,74299578200.0,-0.0279143430913672
sh000300,2007-02-28,2413.42,2544.57,2413.33,2554.23,8282257100.0,77148246100.0,0.03543452872646502
sh000300,2007-02-27,2717.81,2457.49,2454.92,2719.52,10773680700.0,101102755600.0,-0.09240013590970875
sh000300,2007-02-26,2679.26,2707.68,2641.12,2710.30,7453156000.0,70981612300.0,0.011558836495139557
sh000300,2007-02-16,2692.67,2676.74,2660.49,2717.57,7590878500.0,71597577000.0,0.003039012527026763
sh000300,2007-02-15,2607.63,2668.63,2607.63,2669.18,7163132900.0,67415688300.0,0.03101589815905892
sh000300,2007-02-14,2527.56,2588.35,2520.53,2594.66,6277727900.0,58462267900.0,0.026052175705513658
sh000300,2007-02-13,2498.35,2522.63,2489.66,2526.23,5152886200.0,48227864900.0,0.014983563947710499
sh000300,2007-02-12,2397.85,2485.39,2396.79,2485.76,5499232000.0,51709437000.0,0.036767129001981314
sh000300,2007-02-09,2412.64,2397.25,2376.02,2417.64,5551553200.0,51302934000.0,-0.005538040321911519
sh000300,2007-02-08,2376.63,2410.6,2354.70,2415.96,6265654000.0,58367504100.0,0.017220935188350106
sh000300,2007-02-07,2330.43,2369.79,2330.43,2390.87,7010639000.0,66203343400.0,0.02320771661974752
sh000300,2007-02-06,2271.37,2316.04,2198.90,2316.70,6701064800.0,61206502600.0,0.019473545206444065
sh000300,2007-02-05,2282.77,2271.8,2247.93,2304.32,4758750600.0,42358010100.0,-0.011401218450826756
sh000300,2007-02-02,2397.06,2298.0,2293.28,2403.62,5937715400.0,53535112100.0,-0.040569145405127904
sh000300,2007-02-01,2350.60,2395.17,2310.57,2410.42,6507809500.0,57578101100.0,0.004121005810492351
sh000300,2007-01-31,2544.30,2385.34,2367.67,2548.18,8090913700.0,71945032700.0,-0.06526168942113264
sh000300,2007-01-30,2586.52,2551.88,2531.78,2599.45,7821152800.0,73485013000.0,-0.009717026527792827
sh000300,2007-01-29,2529.94,2576.92,2521.50,2582.41,8545208500.0,79544859400.0,0.02546837941518243
sh000300,2007-01-26,2415.75,2512.92,2356.98,2524.24,7865400800.0,73275675700.0,0.024498232653710206
sh000300,2007-01-25,2512.46,2452.83,2449.05,2529.43,8105515100.0,77241720300.0,-0.03295971108999651
sh000300,2007-01-24,2508.52,2536.43,2489.93,2556.10,8443369700.0,80277494000.0,0.011283306686654893
sh000300,2007-01-23,2508.26,2508.13,2415.11,2516.59,10233761600.0,92812872400.0,0.0067514681031264345
sh000300,2007-01-22,2424.81,2491.31,2424.81,2491.71,9389299300.0,81870488100.0,0.039739742664090194
sh000300,2007-01-19,2320.87,2396.09,2320.87,2396.09,8333402200.0,73538873500.0,0.0340900263260111
sh000300,2007-01-18,2292.17,2317.1,2240.21,2325.53,7864860600.0,69894972900.0,0.0035384355523988553
sh000300,2007-01-17,2360.41,2308.93,2266.34,2393.22,8901554000.0,80008901800.0,-0.01909196344742914
sh000300,2007-01-16,2310.96,2353.87,2297.24,2354.43,7636425400.0,67843434200.0,0.02908618744917657
sh000300,2007-01-15,2170.94,2287.34,2170.94,2287.68,6640309700.0,57043453700.0,0.05225531914893633
sh000300,2007-01-12,2215.86,2173.75,2159.77,2249.54,7652572000.0,61742830400.0,-0.02593619910110556
sh000300,2007-01-11,2257.01,2231.63,2224.37,2289.95,8627654800.0,68730011800.0,-0.010789150564945338
sh000300,2007-01-10,2210.76,2255.97,2194.77,2255.97,8490497900.0,68822624800.0,0.025398960951597216
sh000300,2007-01-09,2137.49,2200.09,2128.06,2201.36,8157762900.0,65456192699.99999,0.03215016232243051
sh000300,2007-01-08,2072.00,2131.56,2071.72,2131.74,8476790900.0,66303936100.0,0.028308440430705017
sh000300,2007-01-05,2051.15,2072.88,2030.76,2083.40,9274344700.0,68026060199.99999,0.0028010391419821534
sh000300,2007-01-04,2073.25,2067.09,2054.24,2139.49,10671970700.0,82381072600.0,0.012758139193062457
sh000300,2006-12-29,1991.88,2041.05,1991.88,2052.86,7385194700.0,55716388300.0,0.03086977822448267
sh000300,2006-12-28,1988.02,1979.93,1964.97,2010.37,6319283400.0,45224328200.0,-0.0014877350117001864
sh000300,2006-12-27,1940.41,1982.88,1939.55,1983.11,5600564700.0,38961689300.0,0.023031203566121983
sh000300,2006-12-26,1941.80,1938.24,1914.98,1959.98,5696738300.0,39106900200.0,-0.00044350471868392916
sh000300,2006-12-25,1898.82,1939.1,1898.82,1957.47,5625174200.0,41951575100.0,0.02292629402207158
sh000300,2006-12-22,1896.48,1895.64,1880.57,1918.49,4623050100.0,34870781800.0,-0.006993226784844264
sh000300,2006-12-21,1935.78,1908.99,1905.72,1945.47,6022516400.0,43437770800.0,-0.014231494151971225
sh000300,2006-12-20,1912.90,1936.55,1893.42,1936.80,5634850200.0,39745359700.0,0.007863893746356876
sh000300,2006-12-19,1924.80,1921.44,1882.54,1936.75,6778893500.0,48969821700.0,0.0027816774611062467
sh000300,2006-12-18,1875.01,1916.11,1875.01,1918.29,6189299000.0,46530167699.99999,0.025952539033218258
sh000300,2006-12-15,1842.88,1867.64,1832.51,1867.78,4941444100.0,36957408000.0,0.01715555458734075
sh000300,2006-12-14,1807.08,1836.14,1805.20,1836.19,4720622700.0,33323930900.0,0.01789495858880419
sh000300,2006-12-13,1805.42,1803.86,1779.56,1813.28,4800445800.0,33154391200.0,0.0005935244814980756
sh000300,2006-12-12,1798.46,1802.79,1772.11,1819.80,5783354300.0,38702468000.0,0.007190265486725522
sh000300,2006-12-11,1705.91,1789.92,1705.91,1790.12,5133597500.0,33169358600.0,0.045770574556842414
sh000300,2006-12-08,1752.77,1711.58,1710.00,1772.16,6625774600.0,41980241200.0,-0.03611513141222389
sh000300,2006-12-07,1774.19,1775.71,1770.57,1820.72,8048750200.0,51388011500.0,-0.0020793409051315104
sh000300,2006-12-06,1794.26,1779.41,1717.72,1806.65,8127670000.0,53383291500.0,-0.008259810615138474
sh000300,2006-12-05,1785.44,1794.23,1777.43,1811.66,6720257600.0,47255774600.0,0.007575502319260519
sh000300,2006-12-04,1731.90,1780.74,1731.90,1780.80,7143433300.0,46947580800.0,0.029793779854500935
sh000300,2006-12-01,1719.28,1729.22,1715.79,1741.80,5841358100.0,41045221100.0,0.008667957721832042
sh000300,2006-11-30,1671.67,1714.36,1671.67,1714.49,6021608800.0,39869047600.0,0.028323955996496952
sh000300,2006-11-29,1617.69,1667.14,1604.81,1672.91,4557841100.0,30895012000.0,0.014069257486268416
sh000300,2006-11-28,1649.68,1644.01,1629.83,1656.19,4476291600.0,29502974800.0,-0.004716067320498785
sh000300,2006-11-27,1632.66,1651.8,1627.92,1651.80,4726727000.0,32057818400.0,0.009299881460118176
sh000300,2006-11-24,1629.89,1636.58,1611.55,1640.75,4971209600.0,32398044900.000004,0.0010214629551472676
sh000300,2006-11-23,1623.71,1634.91,1618.04,1642.81,5136067900.0,31474406000.0,0.006699383632075895
sh000300,2006-11-22,1610.05,1624.03,1600.38,1639.41,5706549500.0,38065264000.0,0.007306559156458281
sh000300,2006-11-21,1591.47,1612.25,1568.95,1612.46,4860184200.0,32628579500.0,0.011982475080971167
sh000300,2006-11-20,1567.34,1593.16,1567.34,1593.19,5341235900.0,32990614500.0,0.01989654819215425
sh000300,2006-11-17,1528.01,1562.08,1521.55,1562.24,4444619100.0,26950444400.0,0.01877661760006255
sh000300,2006-11-16,1540.26,1533.29,1531.29,1558.41,5776094800.0,34127308500.0,-0.0009578044775730987
sh000300,2006-11-15,1494.11,1534.76,1490.87,1534.85,4058921600.0,26135569100.0,0.027433758652545936
sh000300,2006-11-14,1475.44,1493.78,1453.26,1493.88,3630788500.0,22029308300.0,0.012196939923294847
sh000300,2006-11-13,1498.06,1475.78,1465.63,1512.95,4165330100.0,25176222100.0,-0.01880244139196574
sh000300,2006-11-10,1525.23,1504.06,1493.20,1535.20,5392286700.0,31931185299.999996,-0.013543559103042613
sh000300,2006-11-09,1491.80,1524.71,1489.20,1527.38,3403013300.0,22283038100.0,0.01771494556692499
sh000300,2006-11-08,1512.36,1498.17,1497.01,1513.04,2872240500.0,19140307900.0,-0.011826396675680861
sh000300,2006-11-07,1512.65,1516.1,1491.33,1516.80,4303832800.0,27894550000.0,0.005444694241622194
sh000300,2006-11-06,1477.44,1507.89,1472.00,1507.97,4203351000.0,25221678200.0,0.013169476378931622
sh000300,2006-11-03,1481.58,1488.29,1480.77,1497.47,3937202700.0,23319284100.0,0.0058324209615721045
sh000300,2006-11-02,1480.55,1479.66,1464.60,1480.55,4237313600.0,24757963600.0,0.00016898628507311386
sh000300,2006-11-01,1465.67,1479.41,1461.32,1479.41,3892692500.0,23518429100.0,0.010201642915184328
sh000300,2006-10-31,1447.06,1464.47,1447.06,1464.48,3695228300.0,21463617500.0,0.012605100121694912
sh000300,2006-10-30,1436.66,1446.24,1428.33,1446.24,3532045200.0,19874455000.0,0.0049963517598416995
sh000300,2006-10-27,1455.98,1439.05,1433.36,1460.46,3737930400.0,21496189400.0,-0.011709360620836495
sh000300,2006-10-26,1447.09,1456.1,1435.28,1457.37,3846636200.0,21300294400.0,0.006407110717914222
sh000300,2006-10-25,1443.11,1446.83,1434.81,1459.73,3220489500.0,21177150700.0,0.004708169855213384
sh000300,2006-10-24,1408.58,1440.05,1408.58,1440.05,2618997200.0,16151232500.0,0.02224004770287924
sh000300,2006-10-23,1439.54,1408.72,1403.01,1444.92,2895037700.0,17710776100.0,-0.02184449166076463
sh000300,2006-10-20,1440.67,1440.18,1436.65,1447.95,2656014300.0,16526648100.0,0.0005557948561185633
sh000300,2006-10-19,1438.84,1439.38,1433.94,1445.62,2382026700.0,14441180900.0,0.0012451394347485767
sh000300,2006-10-18,1413.91,1437.59,1413.55,1437.59,2429030800.0,15015405300.0,0.016359715790589924
sh000300,2006-10-17,1416.95,1414.45,1410.67,1426.29,2422440300.0,15151116000.0,-0.0028691876039815822
sh000300,2006-10-16,1432.31,1418.52,1415.49,1434.53,2849218600.0,17341289800.0,-0.008638040925863844
sh000300,2006-10-13,1424.30,1430.88,1420.96,1436.10,2829515600.0,16770804000.0,0.003070452155625736
sh000300,2006-10-12,1436.20,1426.5,1423.63,1438.80,3795623700.0,21048271000.0,-0.006553335515457115
sh000300,2006-10-11,1436.68,1435.91,1421.81,1440.21,3161798700.0,18592012000.0,-0.0009323360584448936
sh000300,2006-10-10,1437.69,1437.25,1426.97,1443.50,3840048600.0,24024747900.0,0.0008216869651200831
sh000300,2006-10-09,1420.36,1436.07,1418.21,1436.07,3919186200.0,23762250600.0,0.023373976497751636
sh000300,2006-09-29,1389.08,1403.27,1389.04,1405.56,2716674200.0,17347640100.0,0.011730353280461348
sh000300,2006-09-28,1372.13,1387.0,1369.40,1389.56,2168779200.0,14070853899.999998,0.011581772565494086
sh000300,2006-09-27,1357.28,1371.12,1355.39,1371.12,1758032300.0,10897805800.0,0.009921555629212042
sh000300,2006-09-26,1370.86,1357.65,1351.18,1371.58,1970327800.0,11953758799.999998,-0.010747595453220682
sh000300,2006-09-25,1372.81,1372.4,1361.61,1383.77,2458478000.0,15493803700.000002,-0.001782012583190773
sh000300,2006-09-22,1389.87,1374.85,1373.94,1393.53,2826504200.0,18173169500.0,-0.009024268940513336
sh000300,2006-09-21,1378.46,1387.37,1378.46,1390.62,2609412100.0,16026131500.0,0.006463734892561135
sh000300,2006-09-20,1376.12,1378.46,1365.72,1381.81,2344588000.0,14017239800.0,0.00010882892818031564
sh000300,2006-09-19,1377.72,1378.31,1371.43,1385.62,2664830100.0,15942860300.0,0.0019991857861525464
sh000300,2006-09-18,1367.65,1375.56,1362.14,1375.58,3145485100.0,18187622900.0,0.009718715133008482
sh000300,2006-09-15,1338.41,1362.32,1338.14,1362.40,3605714800.0,19594629100.0,0.017963355949427662
sh000300,2006-09-14,1338.35,1338.28,1323.80,1345.59,2221728400.0,13679517800.0,-8.218830086903495e-05
sh000300,2006-09-13,1348.85,1338.39,1337.46,1356.86,3282119100.0,18701751200.0,-0.006863850880057032
sh000300,2006-09-12,1338.81,1347.64,1337.30,1350.53,2730189100.0,15787258100.0,0.006633003675042604
sh000300,2006-09-11,1331.89,1338.76,1319.21,1338.76,2094726600.0,12839285600.0,0.004961903689524316
sh000300,2006-09-08,1327.56,1332.15,1326.25,1334.73,1723027300.0,10157793900.0,0.0028380433309744824
sh000300,2006-09-07,1348.17,1328.38,1323.98,1348.28,2188644900.0,13054999600.0,-0.013361854467939582
sh000300,2006-09-06,1341.40,1346.37,1331.85,1346.37,2315311200.0,13799604100.0,0.004244114926753362
sh000300,2006-09-05,1339.59,1340.68,1334.72,1345.71,2686811000.0,15959669600.0,0.002572462684334864
sh000300,2006-09-04,1315.71,1337.24,1315.61,1337.24,2109534000.0,12470373600.000002,0.014520901297321975
sh000300,2006-09-01,1339.31,1318.1,1314.57,1340.13,2503368800.0,14832251900.0,-0.015380708005587662
sh000300,2006-08-31,1335.59,1338.69,1331.29,1342.79,2318827400.0,13932001000.0,0.003011980489559196
sh000300,2006-08-30,1328.37,1334.67,1319.82,1336.39,2113994900.0,12994582500.0,0.0033905695555422888
sh000300,2006-08-29,1328.61,1330.16,1327.00,1349.20,3176637600.0,20558598300.0,0.0032204783202225418
sh000300,2006-08-28,1298.46,1325.89,1298.36,1325.89,2618329000.0,16640986500.0,0.023505527079602295
sh000300,2006-08-25,1293.50,1295.44,1292.45,1301.75,1855793700.0,11586281000.0,0.0023522129371711387
sh000300,2006-08-24,1284.84,1292.4,1274.56,1292.40,1508130600.0,9416605600.0,0.005226806048161281
sh000300,2006-08-23,1284.82,1285.68,1282.84,1294.83,1909287500.0,12215591100.000002,0.0003189991208074616
sh000300,2006-08-22,1270.10,1285.27,1269.10,1289.02,1720094200.0,11224121500.0,0.011577572094194633
sh000300,2006-08-21,1235.43,1270.56,1229.17,1270.67,1506476600.0,8661631100.0,0.0021216686253322514
sh000300,2006-08-18,1270.23,1267.87,1265.82,1280.83,1396452400.0,7951341100.0,-0.0029568349283991546
sh000300,2006-08-17,1280.28,1271.63,1263.93,1280.28,1545790400.0,8843866000.0,-0.009302180636817536
sh000300,2006-08-16,1266.82,1283.57,1262.54,1283.57,2080274300.0,12267020700.0,0.013990488679632929
sh000300,2006-08-15,1243.16,1265.86,1239.91,1265.86,1431936000.0,8592504000.0,0.01616735703047234
sh000300,2006-08-14,1275.14,1245.72,1241.95,1279.31,1644446900.0,9870530900.0,-0.02346254850468399
sh000300,2006-08-11,1273.27,1275.65,1265.52,1277.97,1530322700.0,9033367300.0,0.003287533327565706
sh000300,2006-08-10,1251.16,1271.47,1251.08,1271.47,1769900600.0,10020038300.0,0.01611923599456566
sh000300,2006-08-09,1254.37,1251.3,1245.39,1258.21,1285947400.0,7485120500.0,-0.000870335917725451
sh000300,2006-08-08,1225.04,1252.39,1225.04,1252.39,1425048100.0,8387431300.0,0.02311085695613113
sh000300,2006-08-07,1233.49,1224.1,1221.99,1241.85,1511651900.0,8515702500.0,-0.014340813746567926
sh000300,2006-08-04,1272.36,1241.91,1239.38,1278.25,1605362800.0,9762333400.0,-0.02345605233774195
sh000300,2006-08-03,1277.63,1271.74,1261.69,1281.79,1294047300.0,8115991899.999999,-0.0026272655263549494
sh000300,2006-08-02,1281.89,1275.09,1258.01,1288.61,1781328400.0,10180840400.0,-0.005436563031371411
sh000300,2006-08-01,1292.71,1282.06,1278.54,1302.89,1744388700.0,10137959500.0,-0.009479808086036767
sh000300,2006-07-31,1338.04,1294.33,1293.53,1338.04,2218121100.0,13115400900.0,-0.035083010906597045
sh000300,2006-07-28,1354.92,1341.39,1327.66,1359.74,2155750500.0,13809393200.0,-0.010445944450591882
sh000300,2006-07-27,1370.75,1355.55,1347.29,1379.25,2381875500.0,14751696299.999998,-0.011485451761102605
sh000300,2006-07-26,1377.78,1371.3,1367.05,1380.80,1963344200.0,12059952400.0,-0.0020885334420051027
sh000300,2006-07-25,1359.32,1374.17,1359.32,1378.84,2202350900.0,14089738600.000002,0.011817806968456468
sh000300,2006-07-24,1340.28,1358.12,1327.90,1359.56,1996619000.0,12517728799.999998,0.0015412638363456743
sh000300,2006-07-21,1344.60,1356.03,1344.57,1357.34,2039364800.0,12442432400.0,0.008058341200871233
sh000300,2006-07-20,1335.41,1345.19,1329.18,1346.85,1845062100.0,11505538300.0,0.006396636341872153
sh000300,2006-07-19,1370.29,1336.64,1330.28,1370.29,2522764700.0,15923621399.999998,-0.02677986340667815
sh000300,2006-07-18,1370.90,1373.42,1359.91,1373.59,2272454400.0,14797115300.0,0.000852614319548195
sh000300,2006-07-17,1354.14,1372.25,1348.43,1372.25,2420555200.0,16046823899.999998,0.011141158179393207
sh000300,2006-07-14,1333.74,1357.13,1327.59,1367.74,3265910500.0,21065092100.0,0.008201531844081789
sh000300,2006-07-13,1415.88,1346.09,1344.16,1418.14,4897067300.0,31700087700.0,-0.0515149379932357
sh000300,2006-07-12,1419.07,1419.2,1416.74,1430.94,3629341700.0,24831173400.0,0.00043705677508509844
sh000300,2006-07-11,1414.14,1418.58,1406.50,1418.82,2853737900.0,18958953200.0,0.00457468203835365
sh000300,2006-07-10,1410.50,1412.12,1397.44,1413.58,2760736900.0,18616784900.0,0.001198216146848674
sh000300,2006-07-07,1423.72,1410.43,1405.99,1426.40,3355617600.0,22529571000.0,-0.005815264894126981
sh000300,2006-07-06,1391.64,1418.68,1390.19,1418.76,3248073400.0,21637516900.0,0.018427721265461106
sh000300,2006-07-05,1409.90,1393.01,1377.22,1409.90,3344600500.0,21154127200.000004,-0.01275681958313546
sh000300,2006-07-04,1423.08,1411.01,1401.15,1426.10,4274980300.0,28116073800.0,-0.006561855343476419
sh000300,2006-07-03,1398.74,1420.33,1393.92,1420.33,3829738500.0,24423131500.0,0.01891732904817922
sh000300,2006-06-30,1402.60,1393.96,1384.99,1408.79,3839674500.0,22942443800.0,-0.0008314696943630961
sh000300,2006-06-29,1365.25,1395.12,1365.25,1395.24,4243920100.0,24225652500.0,0.02364827682351467
sh000300,2006-06-28,1361.79,1362.89,1353.63,1366.34,2579165700.0,14836163899.999998,-0.0007405234987902798
sh000300,2006-06-27,1365.04,1363.9,1354.09,1368.41,2645473400.0,16022197000.0,0.0003593929925700401
sh000300,2006-06-26,1341.61,1363.41,1341.61,1363.57,2959592000.0,18564767900.0,0.017887939079472837
sh000300,2006-06-23,1329.11,1339.45,1319.51,1340.27,2565164400.0,15125536399.999998,0.00593293530096517
sh000300,2006-06-22,1331.93,1331.55,1326.15,1341.73,2595315700.0,14642393300.0,-0.0014847809948033142
sh000300,2006-06-21,1336.84,1333.53,1320.41,1347.00,3244547900.0,18271592300.0,-0.0035046554378204142
sh000300,2006-06-20,1333.62,1338.22,1323.78,1341.24,2779705800.0,16416714700.0,0.002494587569013218
sh000300,2006-06-19,1306.26,1334.89,1294.90,1341.99,3072625800.0,18672646800.0,0.012807186591907493
sh000300,2006-06-16,1290.00,1318.01,1290.00,1318.02,2840803200.0,16152374700.0,0.02537751188355286
sh000300,2006-06-15,1283.72,1285.39,1280.50,1300.11,2324130200.0,12947893400.0,0.0011761223790385245
sh000300,2006-06-14,1291.69,1283.88,1269.52,1291.69,2880166100.0,15982326399.999998,-0.01109159811442817
sh000300,2006-06-13,1296.41,1298.28,1284.62,1312.13,2782303100.0,16716170400.0,0.00047007328519566016
sh000300,2006-06-12,1283.83,1297.67,1275.40,1308.12,2503333100.0,15025360000.0,0.0026889405728680593
sh000300,2006-06-09,1320.81,1294.19,1293.05,1329.84,3739262300.0,21631040600.0,-0.023974720584020837
sh000300,2006-06-08,1309.07,1325.98,1286.90,1331.89,4567750900.0,26462585900.0,0.004355301727729355
sh000300,2006-06-07,1398.18,1320.23,1319.70,1398.18,5204764700.0,31076290200.0,-0.056398930771759836
sh000300,2006-06-06,1400.27,1399.14,1391.90,1413.11,4683527800.0,26497855299.999996,-0.0028649619430428652
sh000300,2006-06-05,1391.46,1403.16,1362.72,1403.30,5510181900.0,29784741500.0,0.009380485137973738
sh000300,2006-06-02,1406.62,1390.12,1382.00,1411.78,6410916200.0,37407323600.0,-0.009095574817518437
sh000300,2006-06-01,1364.18,1402.88,1362.94,1403.27,5349345300.0,31383492700.0,0.027412208429455465
sh000300,2006-05-31,1377.45,1365.45,1355.01,1386.94,4733588300.0,29359692200.000004,-0.009653601787113053
sh000300,2006-05-30,1375.30,1378.76,1360.55,1384.68,4476102700.0,28992430900.0,0.009126905708158661
sh000300,2006-05-29,1339.90,1366.29,1330.63,1366.84,4448001100.0,27100627300.0,0.026498474853871468
sh000300,2006-05-26,1312.24,1331.02,1309.46,1331.45,3638566500.0,21741992000.0,0.017832836277433595
sh000300,2006-05-25,1304.69,1307.7,1285.73,1316.48,3404643600.0,20482556600.0,-0.000412768299394628
sh000300,2006-05-24,1325.68,1308.24,1277.33,1351.31,5117663200.0,31096815600.0,-0.0071415019162904825
sh000300,2006-05-23,1365.10,1317.65,1316.55,1365.10,5687238800.0,32747751200.0,-0.04078126478703037
sh000300,2006-05-22,1366.32,1373.67,1360.35,1387.57,6626217200.0,38198875500.0,0.0055413220115658746
sh000300,2006-05-19,1334.07,1366.1,1329.32,1371.22,6712386900.0,36222359900.0,0.02621694711538458
sh000300,2006-05-18,1322.65,1331.2,1301.11,1340.52,5205636300.0,31832852100.0,-0.0032346951000359336
sh000300,2006-05-17,1331.69,1335.52,1306.87,1356.13,6182328700.0,39133826400.0,0.0032979498621470427
sh000300,2006-05-16,1368.13,1331.13,1322.14,1387.40,7965817000.0,50916396700.0,-0.015552893148739755
sh000300,2006-05-15,1312.14,1352.16,1301.80,1352.41,7353400500.0,45768188000.0,0.0431240646166664
sh000300,2006-05-12,1255.23,1296.26,1252.68,1296.38,5492033100.0,34261843900.0,0.03284357470678234
sh000300,2006-05-11,1267.22,1255.04,1254.35,1294.87,6113372500.0,37299607500.0,-0.008602371379144214
sh000300,2006-05-10,1257.98,1265.93,1243.47,1273.68,5566704300.0,33568258200.0,0.011441263652415712
sh000300,2006-05-09,1226.31,1251.61,1222.68,1252.76,5599386100.0,33111916300.0,0.027223334755917206
sh000300,2006-05-08,1179.58,1218.44,1179.58,1218.86,4491282100.0,26536314900.000004,0.03931419797841951
sh000300,2006-04-28,1143.59,1172.35,1133.19,1173.88,4080185800.0,24343009300.0,0.014784422689068322
sh000300,2006-04-27,1157.38,1155.27,1145.26,1159.90,3198045100.0,18862520900.0,-0.0003980168378427962
sh000300,2006-04-26,1142.90,1155.73,1142.07,1162.02,4182430100.0,25476171600.0,0.012084803797080435
sh000300,2006-04-25,1139.50,1141.93,1123.10,1149.54,3861112500.0,22885232700.0,-0.0006738426533647868
sh000300,2006-04-24,1156.91,1142.7,1135.75,1160.58,4593621900.0,26245896300.0,-0.0056214974416095576
sh000300,2006-04-21,1133.21,1149.16,1127.65,1152.89,4077291000.0,22750697100.0,0.013029143673195964
sh000300,2006-04-20,1139.64,1134.38,1127.09,1142.54,3788565100.0,21561233700.0,-0.003391200449817222
sh000300,2006-04-19,1135.61,1138.24,1125.20,1140.41,3432289800.0,19364960000.0,0.006152323032317497
sh000300,2006-04-18,1127.51,1131.28,1119.27,1135.45,3231722300.0,17403457400.0,0.006109870954544849
sh000300,2006-04-17,1120.19,1124.41,1114.53,1129.15,3570454800.0,18349161700.0,0.00518500639186148
sh000300,2006-04-14,1091.69,1118.61,1091.67,1118.67,3352796200.0,16782532000.0,0.022560858555848995
sh000300,2006-04-13,1116.84,1093.93,1093.51,1122.39,3382414600.0,17190084900.0,-0.02071490595933989
sh000300,2006-04-12,1123.78,1117.07,1116.15,1123.78,3033384500.0,15991141500.0,-0.00555501152842941
sh000300,2006-04-11,1120.16,1123.31,1112.01,1126.09,3560752000.0,19796708300.0,0.004830442522206546
sh000300,2006-04-10,1104.32,1117.91,1100.69,1118.08,3206752000.0,17246470900.0,0.013379866745229618
sh000300,2006-04-07,1102.94,1103.15,1091.89,1105.10,3257086000.0,17760103700.0,-8.157789782814451e-05
sh000300,2006-04-06,1102.54,1103.24,1097.32,1109.68,3616704900.0,19687813500.0,0.0029728083493185675
sh000300,2006-04-05,1091.18,1099.97,1089.55,1100.56,3293691400.0,18539588000.0,0.009730394631759731
sh000300,2006-04-04,1080.86,1089.37,1076.20,1089.37,3114875700.0,17525218300.0,0.009311418300411267
sh000300,2006-04-03,1061.96,1079.32,1061.96,1079.37,2772976100.0,15703156900.0,0.017180446521972703
sh000300,2006-03-31,1053.85,1061.09,1050.22,1061.47,2227619000.0,12045672400.0,0.0051722667980256265
sh000300,2006-03-30,1065.84,1055.63,1055.14,1067.99,2201249400.0,12089930800.0,-0.009067953327262845
sh000300,2006-03-29,1058.74,1065.29,1057.68,1074.04,3052634500.0,15882110500.0,0.008816454857099476
sh000300,2006-03-28,1050.07,1055.98,1048.64,1056.52,2227399900.0,10630507500.0,0.005015656080174402
sh000300,2006-03-27,1042.63,1050.71,1037.08,1050.71,1713407000.0,9201788200.0,0.007778630347208937
sh000300,2006-03-24,1049.12,1042.6,1041.23,1051.76,2009823700.0,11031900300.0,-0.0056650199324775885
sh000300,2006-03-23,1047.35,1048.54,1042.83,1049.33,2046788500.0,10825049800.0,0.0008304141571295887
sh000300,2006-03-22,1041.14,1047.67,1036.71,1047.94,1864057500.0,10034541900.0,0.006639378915408001
sh000300,2006-03-21,1037.95,1040.76,1036.24,1047.05,1907766200.0,10271579900.0,0.0029874910857119463
sh000300,2006-03-20,1024.50,1037.66,1019.65,1037.91,1538991200.0,8246315699.999999,0.013320052342727706
sh000300,2006-03-17,1027.64,1024.02,1021.08,1029.56,1500192400.0,7945174900.0,-0.0035032404974600917
sh000300,2006-03-16,1028.96,1027.62,1025.52,1029.81,1478433900.0,7936360000.0,-0.0013022858031411788
sh000300,2006-03-15,1018.15,1028.96,1017.08,1028.97,1484206800.0,7822300500.0,0.010498197923929808
sh000300,2006-03-14,1020.47,1018.27,1012.11,1021.65,1134803000.0,5861599399.999999,-0.00155903751495301
sh000300,2006-03-13,1008.80,1019.86,1008.51,1020.88,1176591100.0,6101943500.0,0.010863316483298746
sh000300,2006-03-10,1004.75,1008.9,1004.69,1011.76,1188798300.0,6337829100.0,0.004540295119182636
sh000300,2006-03-09,1006.97,1004.34,1002.20,1010.91,1273509900.0,6640051300.0,-0.004884718658039966
sh000300,2006-03-08,1012.58,1009.27,999.93,1014.97,1746305500.0,8818082800.0,-0.005615929534863118
sh000300,2006-03-07,1037.93,1014.97,1013.14,1037.98,1933651600.0,9676508800.0,-0.023005765880235174
sh000300,2006-03-06,1041.75,1038.87,1036.11,1044.42,1787096300.0,9091203900.0,-0.0026975654711621777
sh000300,2006-03-03,1037.99,1041.68,1029.56,1043.42,2120053900.0,11437141700.0,0.0028979367845418658
sh000300,2006-03-02,1055.86,1038.67,1034.68,1056.05,2487786100.0,13748692900.0,-0.01698813196797322
sh000300,2006-03-01,1051.76,1056.62,1049.64,1057.69,1942573000.0,10518419400.0,0.0034282675378201066
sh000300,2006-02-28,1046.71,1053.01,1033.66,1053.72,1935326700.0,10427830700.0,0.004924368945937063
sh000300,2006-02-27,1055.95,1047.85,1045.97,1057.22,2287209900.0,12520439000.0,-0.0015150937642934847
sh000300,2006-02-24,1041.97,1049.44,1041.97,1049.69,1967610400.0,10286380800.0,0.0077494070311225904
sh000300,2006-02-23,1038.25,1041.37,1029.25,1041.59,1978503700.0,10259755500.0,0.0033529564790100164
sh000300,2006-02-22,1039.65,1037.89,1036.38,1046.45,2538070400.0,13435059000.0,-0.000895246529716287
sh000300,2006-02-21,1020.98,1038.82,1014.66,1038.94,2367803900.0,13180216399.999998,0.016816099604557433
sh000300,2006-02-20,1020.74,1021.64,1020.02,1030.05,1881888300.0,10303300100.0,0.0012446465497808479
sh000300,2006-02-17,1020.06,1020.37,1015.99,1028.57,2102687500.0,10774128000.0,0.0002450692075441907
sh000300,2006-02-16,1041.67,1020.12,1019.21,1041.67,2615989200.0,13407183700.000002,-0.02067853234260708
sh000300,2006-02-15,1040.33,1041.66,1038.74,1048.34,2478462800.0,12747811500.0,0.0030138753815489583
sh000300,2006-02-14,1032.65,1038.53,1030.46,1038.81,1855622000.0,9730559300.0,0.00670796134198004
sh000300,2006-02-13,1034.38,1031.61,1021.84,1034.64,2215729800.0,11454695500.0,-0.0007071313714474003
sh000300,2006-02-10,1019.42,1032.34,1018.48,1032.60,2202445300.0,11411753899.999998,0.012495096116123872
sh000300,2006-02-09,1033.19,1019.6,1017.05,1033.19,2383960100.0,12115067200.0,-0.013038806663633551
sh000300,2006-02-08,1028.44,1033.07,1022.94,1033.40,2698672900.0,13692515200.0,0.003039011981280426
sh000300,2006-02-07,1034.68,1029.94,1019.94,1038.50,3295478700.0,17669257800.0,-0.003184189386680525
sh000300,2006-02-06,1013.43,1033.23,1012.81,1033.35,2503877100.0,13466978200.0,0.02340530903328042
sh000300,2006-01-25,998.84,1009.6,989.51,1009.65,2180075800.0,11644197400.0,0.010519572811258149
sh000300,2006-01-24,997.79,999.09,993.39,1006.15,2419799100.0,13914239800.0,0.00294129457115333
sh000300,2006-01-23,993.74,996.16,989.34,997.33,2254601900.0,11459294400.0,0.0028389071214287576
sh000300,2006-01-20,991.57,993.34,987.06,994.50,2614706200.0,12929890400.0,0.0021387784750106498
sh000300,2006-01-19,985.23,991.22,978.28,992.27,2645560900.0,12714862300.0,0.007726561070332094
sh000300,2006-01-18,964.16,983.62,963.08,984.67,2082351800.0,10389841800.0,0.020045836833317843
sh000300,2006-01-17,959.40,964.29,952.23,965.98,1603727600.0,8076118800.0,0.0029643035446829114
sh000300,2006-01-16,977.89,961.44,960.88,977.89,2030521500.0,9896151700.0,-0.01774603855702317
sh000300,2006-01-13,985.04,978.81,973.69,988.11,2228186100.0,11215633200.0,-0.004991257674948235
sh000300,2006-01-12,972.39,983.72,968.54,984.08,2189668000.0,11028175800.0,0.010518962896002071
sh000300,2006-01-11,977.64,973.48,963.39,983.39,2652413800.0,13488346800.0,-0.0047743188672493275
sh000300,2006-01-10,975.28,978.15,964.43,978.28,2273530200.0,12344023000.0,0.002973596513714316
sh000300,2006-01-09,971.09,975.25,966.05,976.27,2432955200.0,12626400300.0,0.005381276867725715
sh000300,2006-01-06,961.92,970.03,956.04,975.63,3028636800.0,16170989900.0,0.01136446571371974
sh000300,2006-01-05,943.85,959.13,942.31,959.63,2731174300.0,14693493700.000002,0.01880118543067466
sh000300,2006-01-04,926.56,941.43,926.41,941.43,2112689900.0,11442608300.0,0.019470464020791445
sh000300,2005-12-30,933.45,923.45,921.83,934.00,1560025063.0,8517980100.0,-0.009205712262480792
sh000300,2005-12-29,921.14,932.03,921.14,932.03,1725495871.0,8798040500.0,0.012064022933588214
sh000300,2005-12-28,919.05,920.92,915.12,920.98,1213103150.0,5731256500.0,0.0016968325791855143
sh000300,2005-12-27,922.44,919.36,916.01,922.44,1205035824.0,5640640100.0,-0.0032741386413408513
sh000300,2005-12-26,916.67,922.38,916.41,925.01,1534264931.0,7501782800.0,0.007086003777746264
sh000300,2005-12-23,908.96,915.89,908.51,915.89,1190699809.0,5799046700.0,0.007856946354882988
sh000300,2005-12-22,902.37,908.75,900.66,909.06,894702543.0,4441384600.0,0.00621166153641739
sh000300,2005-12-21,907.05,903.14,902.11,910.93,1027397532.0,4892864900.0,-0.004606974386104246
sh000300,2005-12-20,902.75,907.32,899.66,907.32,1029465843.0,4665761600.0,0.00488420772834508
sh000300,2005-12-19,902.05,902.91,898.79,904.47,993632644.9999999,4380561300.0,0.00038778585357213124
sh000300,2005-12-16,895.83,902.56,894.10,902.75,1145210671.0,5418465600.000001,0.0068382361143648485
sh000300,2005-12-15,898.38,896.43,895.17,904.01,1625978156.0,7498123900.0,-0.0019150475978400028
sh000300,2005-12-14,888.60,898.15,884.37,899.01,1386837599.0,6757243600.0,0.010178832527274695
sh000300,2005-12-13,888.00,889.1,880.74,889.22,1054723734.0,5148218300.0,0.0006527708999235493
sh000300,2005-12-12,887.06,888.52,884.26,890.69,1069927986.9999999,5082260500.0,0.001307248467363742
sh000300,2005-12-09,873.69,887.36,871.26,887.57,1271952575.0,5793086800.000001,0.015216346703887718
sh000300,2005-12-08,874.13,874.06,870.12,877.97,1025917366.0,5018813100.0,0.0002517623363544885
sh000300,2005-12-07,865.72,873.84,865.02,874.00,984295499.0,4368779100.0,0.008959911324588843
sh000300,2005-12-06,858.11,866.08,855.72,867.19,1030351365.0,4737134600.0,0.00752666907085775
sh000300,2005-12-05,869.43,859.61,858.86,869.43,1028689689.0,4606548000.0,-0.011874382141297102
sh000300,2005-12-02,872.93,869.94,866.37,875.83,849202059.0,3937214099.9999995,-0.0035850504541445893
sh000300,2005-12-01,873.47,873.07,870.70,877.31,706923415.0,3355703000.0,-0.0008697343876955532
sh000300,2005-11-30,870.45,873.83,866.98,873.93,804073745.0,3676845300.0000005,0.0028921968071067283
sh000300,2005-11-29,879.25,871.31,870.56,879.25,841499373.0,3597357400.0,-0.010066237204176431
sh000300,2005-11-28,883.24,880.17,877.64,886.74,973973492.0,4239101599.9999995,-0.004456459037902594
sh000300,2005-11-25,881.25,884.11,877.26,884.16,1300354588.0,5127946900.0,0.0029722401842335877
sh000300,2005-11-24,875.83,881.49,874.88,885.75,1462900765.0,6102429900.0,0.006002990082512483
sh000300,2005-11-23,868.01,876.23,866.19,876.82,991691966.0,3944070400.0,0.0076010211356685176
sh000300,2005-11-22,883.93,869.62,869.53,883.93,1059723590.0,4500601000.0,-0.016122280425854507
sh000300,2005-11-21,882.79,883.87,880.30,886.11,1025996306.0,4897254600.0,0.0018475698222706338
sh000300,2005-11-18,862.58,882.24,862.40,886.58,1759780298.0,8353934300.000001,0.02269723877309726
sh000300,2005-11-17,863.08,862.66,859.00,865.79,881163678.9999999,4120494699.9999995,-0.0005329502270832176
sh000300,2005-11-16,855.45,863.12,847.49,863.17,906613777.0,4185382400.0,0.007564437803511348
sh000300,2005-11-15,862.07,856.64,853.86,867.46,825247790.0,4158739900.0,-0.006390999246070894
sh000300,2005-11-14,864.08,862.15,858.34,864.25,627167374.0,2924317700.0,-0.0030527642549057488
sh000300,2005-11-11,861.22,864.79,857.79,867.33,921971969.9999999,4221479200.0,0.0021089956777176067
sh000300,2005-11-10,878.63,862.97,862.09,878.63,1085377097.0,5071603800.0,-0.018515780494739786
sh000300,2005-11-09,881.51,879.25,878.68,884.94,1177440511.0,5544780400.0,-0.002575097558762063
sh000300,2005-11-08,876.43,881.52,870.96,881.90,1012876111.0,4617261100.0,0.004833120554440962
sh000300,2005-11-07,877.62,877.28,870.08,877.62,771325916.0,3758294600.0,-0.0012295641878046215
sh000300,2005-11-04,873.35,878.36,869.68,878.36,956731049.0,4570236100.0,0.004322074595805914
sh000300,2005-11-03,882.19,874.58,872.11,885.68,1217918241.0,5843191800.000001,-0.008952044238962897
sh000300,2005-11-02,873.39,882.48,873.39,884.94,1310497257.0,6115386800.000001,0.011009657795548078
sh000300,2005-11-01,875.96,872.87,862.69,875.96,1008274541.0,4762514500.0,-0.003891450221390369
sh000300,2005-10-31,866.62,876.28,866.15,878.41,1044365130.0000001,4954801500.0,0.009853295379899318
sh000300,2005-10-28,875.86,867.73,859.69,880.21,1197337573.0,5565266500.0,-0.009270993891648094
sh000300,2005-10-27,873.47,875.85,869.72,879.67,1190858810.0,5881848400.0,3.4253613756307644e-05
sh000300,2005-10-26,892.62,875.82,873.90,892.62,1216712296.0,5911800800.0,-0.020631352947096393
sh000300,2005-10-25,905.97,894.27,893.61,905.97,1121340120.0,5687104900.0,-0.013654662769536197
sh000300,2005-10-24,905.13,906.65,900.23,908.45,921898223.0,4674775400.0,0.002476752800168125
sh000300,2005-10-21,899.65,904.41,897.99,907.79,1136458825.0,5645096200.0,0.004989332385100909
sh000300,2005-10-20,898.89,899.92,889.57,900.13,1260872463.0,6082545600.000001,0.001312949240047212
sh000300,2005-10-19,902.04,898.74,897.05,907.88,1103304752.0,5474099399.999999,-0.0040227401176901045
sh000300,2005-10-18,897.37,902.37,895.62,903.00,1136631672.0,5849997700.0,0.0052917715737170745
sh000300,2005-10-17,903.27,897.62,892.36,903.27,1055250559.0,5516482100.0,-0.007968347645414098
sh000300,2005-10-14,916.34,904.83,902.81,917.89,1012394049.0,5568049000.0,-0.012733224222585826
sh000300,2005-10-13,923.43,916.5,916.28,926.01,1082890379.0,6021814300.000001,-0.007569112822012114
sh000300,2005-10-12,920.45,923.49,917.38,926.09,1220885175.0,6653231000.0,0.004099073631105066
sh000300,2005-10-11,906.63,919.72,904.05,919.80,775829492.0,4032539400.0,0.013666622580787324
sh000300,2005-10-10,917.21,907.32,906.88,917.21,715845087.0,3665624400.0,-0.01097679285799924
sh000300,2005-09-30,916.59,917.39,913.45,918.66,900143263.0000001,4529466700.0,0.0015393349199763762
sh000300,2005-09-29,904.28,915.98,904.28,915.98,1193897751.0,5798238300.0,0.013566148807152567
sh000300,2005-09-28,903.33,903.72,901.38,910.33,885030980.0000001,4331475900.0,-0.0005419095121708128
sh000300,2005-09-27,918.87,904.21,903.39,921.13,1108605626.0,5576097400.0,-0.015547256910799168
sh000300,2005-09-26,915.84,918.49,913.61,919.65,883624097.0000001,4398425700.0,0.002554166894067622
sh000300,2005-09-23,921.51,916.15,914.81,927.42,1154764377.0,5549882000.0,-0.007711720298504199
sh000300,2005-09-22,942.73,923.27,914.23,942.73,1811552476.0000002,8625589900.0,-0.02238434578202264
sh000300,2005-09-21,961.37,944.41,943.82,961.37,1854189548.0,8760459000.0,-0.01820317697937457
sh000300,2005-09-20,971.38,961.92,957.12,971.65,1863660434.0,9189438300.0,-0.009493996746092304
sh000300,2005-09-19,967.44,971.14,964.26,971.99,1473742101.0,7427481700.0,0.0037622739018088325
sh000300,2005-09-16,969.62,967.5,964.29,970.37,1397857095.0,6989327500.0,-0.0021658415841584455
sh000300,2005-09-15,970.58,969.6,965.66,970.96,1637767923.0,8098160500.0,-0.0006081283047650876
sh000300,2005-09-14,964.97,970.19,961.64,970.26,1995829050.0,9942628000.0,0.006661340361289625
sh000300,2005-09-13,949.58,963.77,948.13,963.92,1657943068.0,7999031200.0,0.01501827258270061
sh000300,2005-09-12,949.78,949.51,945.40,952.55,1167261344.0,5610130300.0,0.0004636117462357703
sh000300,2005-09-09,955.11,949.07,946.02,959.90,1621931001.0,7924194000.0,-0.006500711833179684
sh000300,2005-09-08,954.27,955.28,947.71,958.87,2242439335.0,11753260200.0,0.0026449473109702026
sh000300,2005-09-07,934.99,952.76,932.65,952.90,1960846569.0000002,9956808200.0,0.01724303605556199
sh000300,2005-09-06,953.41,936.61,934.97,956.30,2122225535.0000002,10583985200.0,-0.016909480225039908
sh000300,2005-09-05,949.08,952.72,944.63,952.99,1784331803.0,8242226100.0,0.0051167354173040636
sh000300,2005-09-02,945.98,947.87,941.31,947.92,1861443797.0,8864773600.0,0.0035042771237401293
sh000300,2005-09-01,928.52,944.56,926.06,944.95,2230638364.0,10558678000.0,0.017932580394861564
sh000300,2005-08-31,915.12,927.92,911.51,928.21,1462362986.0,7034282300.0,0.01425323539699197
sh000300,2005-08-30,916.09,914.88,912.84,920.21,1243817039.0,5858436200.0,-0.0027142810425455632
sh000300,2005-08-29,928.34,917.37,913.77,928.34,1546226094.0,7137708199.999999,-0.01173162691487295
sh000300,2005-08-26,930.25,928.26,921.84,930.33,1542980361.0,7186198500.0,-0.001999741968778279
sh000300,2005-08-25,930.98,930.12,920.61,933.20,1629205702.0,7604864600.0,-0.0005694944393702661
sh000300,2005-08-24,923.56,930.65,923.56,935.23,1595974747.0,7736512300.0,0.007840504218061373
sh000300,2005-08-23,931.81,923.41,915.03,931.81,1540648815.0,7508824600.0,-0.008865800122360934
sh000300,2005-08-22,923.11,931.67,919.22,933.35,1603100973.0,7745835000.0,0.009349540648292631
sh000300,2005-08-19,918.09,923.04,910.08,927.32,2224267940.0,10881501200.000002,0.0025742122584639926
sh000300,2005-08-18,954.16,920.67,919.12,956.84,3185532658.0,15916423700.000002,-0.033934586205811135
sh000300,2005-08-17,943.41,953.01,930.33,953.34,2145776864.9999998,10910460900.0,0.00841216430702807
sh000300,2005-08-16,955.27,945.06,939.92,959.34,2386181791.0,12606079700.0,-0.009889994761655418
sh000300,2005-08-15,937.71,954.5,936.11,954.50,2043081347.0,10503460800.0,0.01724358427828454
sh000300,2005-08-12,954.72,938.32,933.99,959.27,2916814435.0,14457553300.0,-0.016425748697575404
sh000300,2005-08-11,940.79,953.99,939.39,953.99,2707366644.0,14042061900.0,0.014483660686750888
sh000300,2005-08-10,933.26,940.37,926.28,940.37,2151576251.0,10214864200.0,0.007802034101747957
sh000300,2005-08-09,926.97,933.09,919.11,933.39,1953290746.0,9704541200.0,0.0060594951858281565
sh000300,2005-08-08,926.57,927.47,923.57,933.15,2160894430.0,11135756700.0,0.003972721368261656
sh000300,2005-08-05,904.04,923.8,903.94,923.81,1912376473.0,9585685700.0,0.02173311950450696
sh000300,2005-08-04,907.42,904.15,901.63,909.83,1451925560.0,6682690100.0,-0.005958859680948225
sh000300,2005-08-03,905.18,909.57,903.76,919.28,2578629807.0,11911777000.0,0.006606905710491384
sh000300,2005-08-02,892.13,903.6,888.40,903.65,1429254743.0,6441958700.0,0.013447583584751177
sh000300,2005-08-01,887.72,891.61,885.85,897.29,1180830918.0,5451576899.999999,0.0038844352368943014
sh000300,2005-07-29,889.41,888.16,883.38,892.29,1339740598.0,6409062000.0,-0.003064351378958108
sh000300,2005-07-28,893.88,890.89,888.50,901.00,2062252705.9999998,10326374200.0,-0.0034898938490620646
sh000300,2005-07-27,876.94,894.01,876.04,894.03,2040953728.0,9688109300.0,0.02000045637093817
sh000300,2005-07-26,856.19,876.48,856.19,880.03,2182677591.0,10513580700.0,0.022897556193543833
sh000300,2005-07-25,858.33,856.86,854.28,860.95,1181607969.0,5762385000.0,-0.0032918842838698392
sh000300,2005-07-22,847.54,859.69,842.99,867.17,2163097613.0,10210013600.0,0.018602116138816793
sh000300,2005-07-21,842.75,843.99,835.76,843.99,836610097.0,4118496700.0,0.0016021076616348218
sh000300,2005-07-20,835.30,842.64,832.14,844.71,852647308.0,3953440100.0,0.008413015641268062
sh000300,2005-07-19,831.50,835.61,829.28,840.14,789181779.0,3622924800.0,0.0031332533013206376
sh000300,2005-07-18,839.22,833.0,829.68,840.01,850000636.9999999,3767754699.9999995,-0.009512485136741966
sh000300,2005-07-15,849.87,841.0,837.78,854.60,888956339.0,4203939699.9999995,-0.010110759307430661
sh000300,2005-07-14,844.94,849.59,843.18,856.10,936196801.0,4742557400.0,0.003970551741252493
sh000300,2005-07-13,850.47,846.23,841.86,851.95,939884217.0,4674024400.0,-0.0065624192904604195
sh000300,2005-07-12,821.91,851.82,818.86,854.29,1498987066.0,7519245300.0,0.033636694575901016
sh000300,2005-07-11,837.86,824.1,822.52,850.66,843900553.9999999,4092653700.0,-0.0064979686313276774
sh000300,2005-07-08,842.62,829.49,827.23,842.62,722100042.0,3447787100.0,-0.01804126762397451
sh000300,2005-07-07,841.75,844.73,839.28,848.02,596246491.0,2901826599.9999995,0.002575484238511283
sh000300,2005-07-06,850.25,842.56,838.61,854.45,689831392.0,3627265600.0,-0.008379625270690139
sh000300,2005-07-05,853.68,849.68,845.36,856.74,799268838.0,4529674400.0,-0.007301998995244974
sh000300,2005-07-04,855.32,855.93,842.81,856.10,884027652.9999999,4026099500.0,-0.0041419911808165955
sh000300,2005-07-01,875.94,859.49,858.37,875.94,1009459697.0000001,5086726800.0,-0.021850709579032457
sh000300,2005-06-30,897.10,878.69,876.88,897.10,1085547200.0,5597946300.0,-0.022483034820335868
sh000300,2005-06-29,906.75,898.9,898.08,907.57,1080674600.0,5751998000.0,-0.00533351037932106
sh000300,2005-06-28,913.48,903.72,901.21,913.48,1040221900.0,5536098500.0,-0.013449194358324923
sh000300,2005-06-27,904.21,916.04,904.21,920.65,1654540200.0,8903493700.0,0.01974841367026614
sh000300,2005-06-24,892.06,898.3,888.40,898.67,891873900.0,4732186000.0,0.0052933737703815265
sh000300,2005-06-23,900.06,893.57,892.83,904.90,950930800.0,5465028400.0,-0.007860989285515929
sh000300,2005-06-22,894.77,900.65,891.93,901.24,1047813400.0,5882401500.0,0.0049990515192430696
sh000300,2005-06-21,906.31,896.17,894.39,906.31,1277478400.0,6890936700.0,-0.011133670249155903
sh000300,2005-06-20,881.62,906.26,872.56,906.48,1899208200.0,10290889600.0,0.029431476117453226
sh000300,2005-06-17,883.61,880.35,876.04,888.08,1496300900.0,8285456000.0,0.00126245393749147
sh000300,2005-06-16,866.66,879.24,861.83,879.49,1104968500.0,6115269200.0,0.014316532653461334
sh000300,2005-06-15,881.21,866.83,865.14,881.25,1145405600.0,6272310300.0,-0.01891255630758082
sh000300,2005-06-14,895.39,883.54,882.86,905.42,1434357000.0,7692070500.0,-0.010549184733918748
sh000300,2005-06-13,895.00,892.96,877.69,900.18,1562800200.0,7944060200.0,-0.0017885888034340214
sh000300,2005-06-10,911.94,894.56,889.10,911.94,2239150200.0,12006754500.0,-0.019767696690773717
sh000300,2005-06-09,907.57,912.6,895.04,925.37,3314184000.0,17782386000.0,0.007540545613124783
sh000300,2005-06-08,848.54,905.77,844.47,908.83,3290783900.0,17414544200.0,0.08180059239442006
sh000300,2005-06-07,841.58,837.28,835.18,858.09,1306706800.0,7248577600.0,-0.002050059594755682
sh000300,2005-06-06,816.73,839.0,807.78,839.15,900918500.0,4685006500.0,0.025634756671515824
sh000300,2005-06-03,816.55,818.03,807.97,823.86,793605600.0,4164754500.0,-0.00042767418558620207
sh000300,2005-06-02,835.47,818.38,812.99,835.49,950865700.0,5220786200.0,-0.02286485260229487
sh000300,2005-06-01,855.21,837.53,836.04,857.66,790230200.0,4274074900.0,-0.02151994859512829
sh000300,2005-05-31,856.56,855.95,853.29,863.20,704782100.0,3601006700.0,0.0003973773097556421
sh000300,2005-05-30,847.63,855.61,842.10,858.46,697158300.0,3712116300.0,0.0071806099987050676
sh000300,2005-05-27,855.60,849.51,848.40,864.96,774998300.0,4240678800.0,-0.00912134184036495
sh000300,2005-05-26,867.76,857.33,854.96,872.84,662278600.0,3470051100.0,-0.012804421670792765
sh000300,2005-05-25,867.66,868.45,861.66,876.31,723855600.0,3742173200.0,-1.1514635101184112e-05
sh000300,2005-05-24,861.20,868.46,855.59,871.77,920692900.0,4777971900.0,0.005930456135473827
sh000300,2005-05-23,880.28,863.34,862.10,880.28,727979500.0,3725791100.0,-0.02199918437627435
sh000300,2005-05-20,883.51,882.76,879.18,891.02,722667600.0,3835476300.0,-0.001594715948290415
sh000300,2005-05-19,882.84,884.17,871.29,888.02,814958300.0,4263472600.0,0.001098278985507184
sh000300,2005-05-18,881.14,883.2,871.82,890.40,787861000.0,4615409300.0,0.001973997685657869
sh000300,2005-05-17,873.08,881.46,868.21,888.28,877227300.0,4635198600.0,0.007072103465216584
sh000300,2005-05-16,885.39,875.27,869.33,885.39,822428800.0,4630088500.0,-0.013824729026297389
sh000300,2005-05-13,883.51,887.54,875.58,898.51,1124490600.0,6228419600.0,0.0019417037321352026
sh000300,2005-05-12,899.97,885.82,883.51,900.06,1022872000.0,6107327200.0,-0.017774574485779238
sh000300,2005-05-11,911.84,901.85,900.44,917.22,904204700.0,5128333200.0,-0.012299031848249875
sh000300,2005-05-10,905.54,913.08,892.31,913.39,1049433100.0,5960910699.999999,0.0043006258455515756
sh000300,2005-05-09,934.65,909.17,909.17,937.39,852911500.0,4889696400.0,-0.024914199914199964
sh000300,2005-04-29,940.81,932.4,929.81,942.45,1123541900.0,6853192400.0,-0.01026463001687783
sh000300,2005-04-28,923.53,942.07,914.83,945.50,1434348600.0,8315813700.0,0.016695445715519064
sh000300,2005-04-27,938.57,926.6,925.90,938.91,1078061100.0,6432845900.0,-0.011183676953942068
sh000300,2005-04-26,928.43,937.08,924.66,939.70,1169047100.0,7029373100.000001,0.007537067102476147
sh000300,2005-04-25,935.99,930.07,920.16,935.99,1147047800.0,6667303100.000001,-0.009615589394100676
sh000300,2005-04-22,942.91,939.1,934.96,947.91,1069188400.0,6373550300.0,-0.005169601050869721
sh000300,2005-04-21,948.86,943.98,938.60,955.55,994614500.0,6140646100.0,-0.007245995772292679
sh000300,2005-04-20,964.15,950.87,946.20,964.15,885070500.0,5300003700.0,-0.01555042499663517
sh000300,2005-04-19,962.92,965.89,957.91,968.87,921262300.0,5768907800.0,0.002199694947964792
sh000300,2005-04-18,970.91,963.77,958.65,970.91,859840000.0,5329138700.0,-0.010584346254927768
sh000300,2005-04-15,982.61,974.08,971.93,982.61,1040895500.0,6541675500.0,-0.013070173661067108
sh000300,2005-04-14,1004.64,986.98,985.58,1006.42,1294571000.0,7813424500.0,-0.013907483265061416
sh000300,2005-04-13,987.95,1000.9,987.95,1006.50,1607168700.0,10029602100.0,0.022683151118831013
sh000300,2005-04-12,993.71,978.7,978.20,993.71,1022619300.0,6479563500.0,-0.016796929939121075
sh000300,2005-04-11,1003.88,995.42,992.77,1008.74,1593606600.0,10436232200.0,-0.00800239174846784
sh000300,2005-04-08,984.67,1003.45,979.53,1003.70,1476252600.0,9151349800.0,0.019010287083769173
sh000300,2005-04-07,975.97,984.73,974.31,1000.27,2075421200.0,13260560600.0,0.01135908470015523
sh000300,2005-04-06,955.60,973.67,948.95,977.86,1428242100.0,9727656100.0,0.018909585600669576
sh000300,2005-04-05,960.54,955.6,953.59,967.75,953453700.0,6069514000.0,-0.006828315162601184
sh000300,2005-04-04,968.49,962.17,956.13,974.06,1143509300.0,7296500000.0,-0.016336962633542895
sh000300,2005-04-01,941.43,978.15,937.55,989.90,1634750500.0,10109402800.0,0.0381553810231372
sh000300,2005-03-31,934.85,942.2,928.34,942.37,785944600.0,4555322800.0,0.00551743273961347
sh000300,2005-03-30,952.71,937.03,936.37,952.71,895016400.0,5459378800.0,-0.019011924329191188
sh000300,2005-03-29,960.42,955.19,954.74,968.12,757737900.0,4842151100.0,-0.0057354012699073476
sh000300,2005-03-28,961.65,960.7,948.81,961.65,666924600.0,4141656400.0,-0.002346930298247063
sh000300,2005-03-25,964.25,962.96,959.06,966.97,710732300.0,4258127199.9999995,-0.0019071310116085538
sh000300,2005-03-24,957.43,964.8,948.53,965.06,926071500.0,6446642600.0,0.006037476147276788
sh000300,2005-03-23,962.82,959.01,955.99,975.36,1093005400.0,7092055400.0,-0.005196987614364823
sh000300,2005-03-22,981.71,964.02,959.56,982.14,1137571700.0,6955307700.0,-0.01819959465927956
sh000300,2005-03-21,977.30,981.89,973.00,983.18,725256500.0,4594520000.0,0.0032901795293613922
sh000300,2005-03-18,991.89,978.67,975.70,996.40,965206000.0,6314991200.0,-0.014292045202747627
sh000300,2005-03-17,1001.97,992.86,992.12,1004.82,996901100.0,6535061300.0,-0.01017875123371259
sh000300,2005-03-16,1011.85,1003.07,995.97,1012.20,1062278300.0,7153745900.0,-0.01031060067882228
sh000300,2005-03-15,1030.86,1013.52,1011.64,1030.94,1200749300.0,8091209200.0,-0.016983016983016963
sh000300,2005-03-14,1027.17,1031.03,1014.92,1041.57,1446608900.0,10229428900.0,0.0035038883427580547
sh000300,2005-03-11,1021.08,1027.43,1016.93,1028.12,1147638100.0,7654557000.0,0.004909967625512435
sh000300,2005-03-10,1046.69,1022.41,1019.63,1046.69,1329595300.0,8380547700.0,-0.023056930456552105
sh000300,2005-03-09,1051.26,1046.54,1041.98,1054.64,1532748800.0,9877624300.0,-0.0023355799387982934
sh000300,2005-03-08,1033.79,1048.99,1032.85,1049.29,1429579400.0,9851274600.0,0.018565450008253492
sh000300,2005-03-07,1024.48,1029.87,1024.48,1031.34,793295000.0,5316473199.999999,0.006056639346664339
sh000300,2005-03-04,1027.93,1023.67,1022.18,1031.85,817364100.0,5383868100.000001,-0.0039310700489438855
sh000300,2005-03-03,1019.88,1027.71,1014.75,1028.40,920308600.0,5582812000.0,0.006256609094113408
sh000300,2005-03-02,1036.37,1021.32,1021.00,1045.76,1422513600.0,8971307900.0,-0.014103269525933215
sh000300,2005-03-01,1039.35,1035.93,1031.17,1042.74,996209000.0,6288790699.999999,-0.003903883691189325
sh000300,2005-02-28,1046.21,1039.99,1035.04,1048.28,1297104600.0,8190101300.0,-0.006467576139707276
sh000300,2005-02-25,1046.27,1046.76,1045.98,1059.48,1817000400.0,11489961200.000002,0.0012434717731906186
sh000300,2005-02-24,1042.25,1045.46,1034.73,1045.96,1468178900.0,8993752200.0,0.0014560223767650093
sh000300,2005-02-23,1046.81,1043.94,1036.62,1049.61,1869693000.0,11231940700.0,-0.0026749718172611736
sh000300,2005-02-22,1026.84,1046.74,1024.53,1048.68,1793784200.0,10922776800.0,0.02058247126156587
sh000300,2005-02-21,1006.69,1025.63,1006.69,1025.66,988609400.0,6052394900.0,0.019452120151879804
sh000300,2005-02-18,1020.12,1006.06,1005.63,1021.20,813993900.0,4817732100.0,-0.014256180127570794
sh000300,2005-02-17,1024.43,1020.61,1010.48,1024.43,896829800.0,5513063300.0,-0.0029015807264698434
sh000300,2005-02-16,1023.32,1023.58,1018.49,1033.25,1213129300.0,7438168199.999999,0.006608579352123334
sh000300,2005-02-04,992.25,1016.86,989.94,1021.03,1573621500.0,9549870600.0,0.023801373311048923
sh000300,2005-02-03,1005.56,993.22,992.16,1014.19,1697454000.0,10057310300.0,-0.013596051285616362
sh000300,2005-02-02,956.70,1006.91,956.70,1006.93,1705733800.0,10202904300.0,0.053308227417751874
sh000300,2005-02-01,953.33,955.95,952.74,965.48,743306700.0,4275706800.0,0.0011205596514745064
sh000300,2005-01-31,965.79,954.88,953.14,965.79,678870600.0,3863573600.0,-0.014785237461437672
sh000300,2005-01-28,974.63,969.21,965.21,975.62,574880700.0,3280950300.0000005,-0.005561084719329368
sh000300,2005-01-27,987.34,974.63,973.77,987.70,694536500.0,4094398900.0,-0.015455638277453887
sh000300,2005-01-26,995.78,989.93,988.48,999.47,766329000.0,4719440400.0,-0.007867465774018312
sh000300,2005-01-25,995.64,997.78,985.24,997.95,986252900.0,6157022400.0,-0.00035065572620807117
sh000300,2005-01-24,1001.85,998.13,986.24,1001.85,1435946200.0,8360161500.0,0.015805007123956827
sh000300,2005-01-21,954.46,982.6,943.44,984.27,1445006000.0,8152086100.0,0.027555555555555555
sh000300,2005-01-20,963.21,956.25,952.23,963.21,772710600.0,4399350600.0,-0.011331561915199462
sh000300,2005-01-19,974.33,967.21,965.26,974.33,633809100.0,3427951300.0,-0.007674234884937792
sh000300,2005-01-18,967.37,974.69,960.29,974.87,731184800.0,4117944099.9999995,0.007483590883249791
sh000300,2005-01-17,979.11,967.45,965.08,981.52,728818900.0,4249807800.0000005,-0.021106737764466477
sh000300,2005-01-14,996.62,988.31,987.23,1006.46,729784200.0,4162921200.0,-0.008596822084904976
sh000300,2005-01-13,996.08,996.88,992.70,999.47,604406600.0,3842173300.0,0.00013042387760209273
sh000300,2005-01-12,996.65,996.75,989.26,996.98,501452500.0,3093299699.9999995,-0.0003911185991937183
sh000300,2005-01-11,994.19,997.14,991.09,999.55,584908000.0,3704076700.0,0.0032800740532055173
sh000300,2005-01-10,983.76,993.88,979.79,993.96,579169800.0,3762932900.0,0.010081710638643715
sh000300,2005-01-07,983.04,983.96,979.81,995.71,729869400.0,4737469400.0,0.000803523297090214
sh000300,2005-01-06,993.33,983.17,980.33,993.79,628802900.0,3921015400.0,-0.009460385266381821
sh000300,2005-01-05,981.58,992.56,979.88,997.32,711910900.0,4529208200.0,0.00994108609163713
sh000300,2005-01-04,994.77,982.79,980.66,994.77,741286900.0,4431977400.0,
