index_code,date,open,close,low,high,volume,money,change
sh000001,2026-05-22,4096.17,4112.9,4067.75,4120.09,58945964400.0,1285847521700.0,0.00873621630106336
sh000001,2026-05-21,4174.38,4077.28,4074.22,4199.53,72721870100.0,1595726694700.0,-0.02039796452820397
sh000001,2026-05-20,4152.70,4162.18,4139.97,4169.85,62415203500.0,1358926939199.9998,-0.0017651827299892675
sh000001,2026-05-19,4122.96,4169.54,4107.99,4170.29,61761106700.0,1306522478000.0,0.00919998160487756
sh000001,2026-05-18,4120.14,4131.53,4108.60,4145.66,62723313700.0,1315084195400.0,-0.0009334065227223354
sh000001,2026-05-15,4174.18,4135.39,4114.09,4191.81,73316235700.0,1519240026500.0,-0.01017970664828427
sh000001,2026-05-14,4256.16,4177.92,4177.92,4258.86,76423500400.0,1498116800600.0,-0.01523840502337015
sh000001,2026-05-13,4192.31,4242.57,4192.31,4245.07,70501873900.0,1447463947700.0,0.006662727874547025
sh000001,2026-05-12,4229.28,4214.49,4199.34,4230.18,71898400200.0,1465272590600.0,-0.0024922958944574303
sh000001,2026-05-11,4201.35,4225.02,4186.08,4229.58,76273628700.0,1584366746200.0,0.010782425627100967
sh000001,2026-05-08,4163.85,4179.95,4154.25,4183.06,69701909400.0,1331673066100.0,-3.349210184477869e-05
sh000001,2026-05-07,4168.45,4180.09,4163.14,4180.21,68557424900.0,1359099510000.0,0.004788265864135388
sh000001,2026-05-06,4135.45,4160.17,4129.91,4166.15,70117748000.0,1465903193400.0,0.011675129372398008
sh000001,2026-04-30,4107.30,4112.16,4100.97,4118.76,65691272800.0,1276194739100.0,0.001132072715586796
sh000001,2026-04-29,4061.82,4107.51,4061.82,4112.15,61422145100.0,1126615371100.0,0.0070783398387699314
sh000001,2026-04-28,4076.14,4078.64,4062.87,4090.20,60050749800.0,1113955561900.0,-0.001884326805894787
sh000001,2026-04-27,4074.81,4086.34,4071.08,4092.83,58995086700.0,1136051921700.0,0.001578470060540793
sh000001,2026-04-24,4081.03,4079.9,4061.15,4092.61,60503179800.0,1143000195100.0,-0.003261467049410549
sh000001,2026-04-23,4110.79,4093.25,4070.46,4114.84,67116609200.0,1234396207600.0,-0.0031683332278034104
sh000001,2026-04-22,4074.81,4106.26,4074.68,4106.84,58246634600.0,1093625892400.0,0.005184720984656499
sh000001,2026-04-21,4075.85,4085.08,4062.13,4086.64,57668945000.0,1033349016200.0,0.0007226619436422332
sh000001,2026-04-20,4053.37,4082.13,4051.69,4083.19,58984137900.0,1084578006400.0,0.007577571376032655
sh000001,2026-04-17,4043.38,4051.43,4038.43,4058.60,54879140600.0,1013520660200.0,-0.0010158918025916508
sh000001,2026-04-16,4030.14,4055.55,4028.91,4057.83,54587696700.0,976565489700.0,0.0070371299236942075
sh000001,2026-04-15,4039.47,4027.21,4020.90,4050.62,56945858900.0,1028851871500.0,0.00014404104673126916
sh000001,2026-04-14,4006.73,4026.63,3992.41,4026.63,57025900300.0,998435132000.0,0.009544798122630871
sh000001,2026-04-13,3971.20,3988.56,3966.20,3991.26,54578176800.0,919436481800.0001,0.0005870222917951917
sh000001,2026-04-10,3985.46,3986.22,3979.81,4011.02,54641554100.0,955664107200.0,0.005055254817619925
sh000001,2026-04-09,3967.63,3966.17,3955.25,3979.13,54156980100.0,902481840100.0,-0.007216520650813463
sh000001,2026-04-08,3930.25,3995.0,3926.25,3995.00,64413535200.0,1074211701300.0,0.02695004832706105
sh000001,2026-04-07,3884.15,3890.16,3875.68,3902.61,47361507600.0,723905837300.0,0.0025927166825596704
sh000001,2026-04-03,3927.59,3880.1,3871.30,3929.53,49269908200.0,713830332099.9999,-0.009999260070063687
sh000001,2026-04-02,3940.80,3919.29,3900.12,3952.58,54421283500.0,811896567000.0,-0.007410315178989824
sh000001,2026-04-01,3939.57,3948.55,3929.92,3955.94,56461159800.0,897278213900.0,0.014566299918290948
sh000001,2026-03-31,3924.07,3891.86,3891.86,3948.81,60670498300.0,891945339599.9999,-0.008011133512944468
sh000001,2026-03-30,3884.28,3923.29,3872.78,3924.29,59558947900.0,839822434700.0,0.0024452439111637414
sh000001,2026-03-27,3852.09,3913.72,3852.09,3924.11,56134296300.0,799696430900.0,0.006335688646157855
sh000001,2026-03-26,3924.96,3889.08,3880.57,3937.10,61597398100.0,848361335100.0,-0.010875315373972572
sh000001,2026-03-25,3892.27,3931.84,3891.82,3933.06,68834362600.0,967854261200.0,0.013026630389974425
sh000001,2026-03-24,3849.63,3881.28,3807.99,3881.42,68062203900.0,931418842700.0,0.01783241723660467
sh000001,2026-03-23,3904.95,3813.28,3794.68,3906.62,80473885000.0,1086248286000.0,-0.03633262152360972
sh000001,2026-03-20,4004.57,3957.05,3955.71,4022.70,66679838700.0,964863108600.0,-0.012354769065655025
sh000001,2026-03-19,4028.54,4006.55,3994.17,4042.02,66725542200.0,935264956100.0,-0.01388882052089846
sh000001,2026-03-18,4053.31,4062.98,4023.03,4065.37,62387310200.0,876327491400.0,0.003227232210098574
sh000001,2026-03-17,4086.30,4049.91,4049.58,4108.40,67877122400.0,951228129300.0001,-0.00853899466068031
sh000001,2026-03-16,4092.25,4084.79,4048.09,4096.13,73222709800.0,1037223834000.0,-0.002602888571463402
sh000001,2026-03-13,4117.57,4095.45,4086.85,4134.08,79205476400.0,1063918169400.0,-0.008149475672664885
sh000001,2026-03-12,4133.20,4129.1,4103.16,4141.65,78615118200.0,1078215329800.0,-0.0010475561458642701
sh000001,2026-03-11,4123.67,4133.43,4112.80,4135.84,70772716900.0,1063600874400.0,0.0024956707751859764
sh000001,2026-03-10,4098.59,4123.14,4098.59,4123.96,67492219400.0,1036427205300.0,0.00647854318215102
sh000001,2026-03-09,4098.70,4096.6,4052.55,4106.53,79780355600.0,1194106193200.0,-0.006689798481641085
sh000001,2026-03-06,4085.90,4124.19,4085.90,4129.46,64676576000.0,978805927099.9999,0.0038018093886680315
sh000001,2026-03-05,4109.78,4108.57,4090.62,4125.62,68974653500.0,1068043734800.0,0.006393188437392006
sh000001,2026-03-04,4087.63,4082.47,4055.41,4106.04,76516953100.0,1113081986100.0,-0.009753364316415603
sh000001,2026-03-03,4189.41,4122.68,4116.01,4197.23,92113917000.0,1425790202300.0,-0.014323660698275398
sh000001,2026-03-02,4151.80,4182.59,4131.37,4188.77,86157921800.0,1345892469400.0,0.0047347028979936034
sh000001,2026-02-27,4128.90,4162.88,4128.36,4166.23,68204764600.0,1072367831600.0,0.003918844941555033
sh000001,2026-02-26,4151.07,4146.63,4127.15,4152.19,65170282600.0,1067198717400.0,-0.00014467487937719348
sh000001,2026-02-25,4123.78,4147.23,4122.70,4167.84,72478721400.0,1085969561200.0,0.007242416956290354
sh000001,2026-02-24,4129.13,4117.41,4105.94,4131.55,56632224900.0,938611376000.0,0.008657372362551374
sh000001,2026-02-13,4115.92,4082.07,4079.77,4123.84,50079947200.0,846808337500.0,-0.012566460733136386
sh000001,2026-02-12,4136.99,4134.02,4124.13,4140.59,52937011600.0,897955034800.0,0.0004937100373187953
sh000001,2026-02-11,4124.43,4131.98,4122.43,4142.56,50068527800.0,822607547300.0,0.0008744371265172468
sh000001,2026-02-10,4127.77,4128.37,4117.56,4134.34,52462096900.0,882201747000.0,0.0012805929533432625
sh000001,2026-02-09,4103.54,4123.09,4093.06,4123.16,57263258200.0,949726336000.0,0.01414558316402581
sh000001,2026-02-06,4040.30,4065.58,4029.97,4095.03,55670980100.0,898655033000.0,-0.0025368505760663407
sh000001,2026-02-05,4075.03,4075.92,4048.94,4088.90,59672223600.0,946988891300.0,-0.006406318560772228
sh000001,2026-02-04,4064.68,4102.2,4062.68,4104.62,67425424400.0,1063544769900.0,0.008471534562189298
sh000001,2026-02-03,4043.91,4067.74,4002.78,4069.42,63768424900.0,1110720213000.0,0.01294652306542976
sh000001,2026-02-02,4079.71,4015.75,4013.66,4103.41,73295369800.0,1163532654200.0,-0.024818174091477463
sh000001,2026-01-30,4131.99,4117.95,4064.78,4152.85,80434274600.0,1269855689000.0,-0.009627270934444043
sh000001,2026-01-29,4155.92,4157.98,4138.30,4170.21,90590837100.0,1485795395400.0,0.0016236112583227769
sh000001,2026-01-28,4150.22,4151.24,4138.02,4170.15,82302674800.0,1365526057100.0,0.00273919659895161
sh000001,2026-01-27,4125.22,4139.9,4101.83,4158.80,75499086900.0,1289432378900.0,0.001764018380636001
sh000001,2026-01-26,4144.78,4132.61,4124.70,4160.99,88743973100.0,1451859840000.0,-0.0008582840122239865
sh000001,2026-01-23,4130.11,4136.16,4120.20,4143.75,78211545400.0,1336857054800.0,0.003294053723639001
sh000001,2026-01-22,4126.07,4122.58,4109.92,4140.84,70969540900.0,1201764210200.0,0.0013699495256185301
sh000001,2026-01-21,4103.53,4116.94,4103.53,4135.96,66698950700.0,1180184557000.0,0.0007997763543325931
sh000001,2026-01-20,4116.37,4113.65,4080.29,4128.93,73436249600.0,1221485626200.0,-8.507535245516618e-05
sh000001,2026-01-19,4090.72,4114.0,4090.06,4126.52,68890587000.0,1190137813600.0,0.002947407427271731
sh000001,2026-01-16,4127.06,4101.91,4091.81,4140.23,76358846500.0,1338017280000.0,-0.0025993288916987822
sh000001,2026-01-15,4106.22,4112.6,4096.85,4133.07,68025079100.0,1175915097400.0,-0.003269439105787697
sh000001,2026-01-14,4138.65,4126.09,4103.62,4190.87,95255128900.0,1607041237800.0,-0.003061303385555103
sh000001,2026-01-13,4169.70,4138.76,4126.23,4179.70,86838271700.0,1481574218600.0002,-0.006369304418179733
sh000001,2026-01-12,4134.89,4165.29,4119.88,4168.36,83945608900.0,1446230122000.0,0.010887213227745551
sh000001,2026-01-09,4086.76,4120.43,4083.62,4121.72,72983798500.0,1289205972300.0,0.00917222224943548
sh000001,2026-01-08,4077.72,4082.98,4067.12,4093.87,66613133700.0,1183188756000.0,-0.0006828578211696135
sh000001,2026-01-07,4083.84,4085.77,4069.44,4098.78,68338435200.0,1197422798300.0,0.0005142433154490256
sh000001,2026-01-06,4026.02,4083.67,4025.09,4083.67,70247227000.0,1175768705000.0,0.014974822414761668
sh000001,2026-01-05,3986.97,4023.42,3983.58,4025.26,59695045500.0,1067334169200.0,0.013752129085576659
sh000001,2025-12-31,3968.73,3968.84,3955.49,3977.54,49075149000.0,829511897500.0,0.000938180937777533
sh000001,2025-12-30,3947.87,3965.12,3947.42,3979.99,52593258800.0,887533318600.0,-4.035024008397503e-05
sh000001,2025-12-29,3964.65,3965.28,3956.95,3983.98,56368719700.0,903819726800.0001,0.0004036652807493102
sh000001,2025-12-26,3957.83,3963.68,3945.52,3977.71,55548959200.0,893644363900.0,0.0010253509175122133
sh000001,2025-12-25,3937.72,3959.62,3936.08,3964.07,46931309300.0,785018650100.0,0.004737436404927742
sh000001,2025-12-24,3920.35,3940.95,3912.31,3947.04,47489644700.0,773928624500.0,0.005349517089372924
sh000001,2025-12-23,3919.11,3919.98,3910.74,3937.13,52115695200.0,806853443000.0,0.0006688177752363078
sh000001,2025-12-22,3900.54,3917.36,3900.52,3920.01,52293899200.0,789756386800.0001,0.0069169376293232165
sh000001,2025-12-19,3878.23,3890.45,3871.78,3902.67,51351189300.0,738066004800.0,0.0036322642059452015
sh000001,2025-12-18,3857.26,3876.37,3856.42,3888.29,46117262500.0,704895595200.0,0.0015735295637524516
sh000001,2025-12-17,3822.51,3870.28,3818.00,3881.75,51231369200.0,766820526300.0,0.011888172222934035
sh000001,2025-12-16,3861.51,3824.81,3815.84,3862.43,51249482700.0,733294004000.0,-0.011145525243541732
sh000001,2025-12-15,3865.40,3867.92,3863.63,3896.98,50092279000.0,764604815500.0,-0.005509918109709799
sh000001,2025-12-12,3869.41,3889.35,3850.60,3891.81,57394713000.0,909950905500.0,0.004138568463230463
sh000001,2025-12-11,3903.89,3873.32,3862.82,3904.96,52565860000.0,764350151600.0,-0.00696833739264191
sh000001,2025-12-10,3901.13,3900.5,3876.47,3906.12,49733150400.0,730359828400.0,-0.00230718860627388
sh000001,2025-12-09,3916.51,3909.52,3902.13,3923.90,52453825600.0,781160399400.0,-0.0037104238445698767
sh000001,2025-12-08,3909.23,3924.08,3904.74,3936.31,54734978900.0,839439003400.0,0.0054499194170354315
sh000001,2025-12-05,3873.12,3902.81,3863.31,3907.78,50036876800.0,716742448900.0,0.006971481943036206
sh000001,2025-12-04,3879.74,3875.79,3859.05,3888.86,44504029000.0,623712571500.0,-0.0005698813821557458
sh000001,2025-12-03,3894.16,3878.0,3869.95,3901.70,48561727000.0,647166528200.0,-0.005056815412126658
sh000001,2025-12-02,3908.46,3897.71,3888.33,3908.77,45558449400.0,627440672500.0,-0.0041645269174069854
sh000001,2025-12-01,3894.21,3914.01,3890.95,3914.46,53755413300.0,785658341900.0,0.00653448541891688
sh000001,2025-11-28,3870.94,3888.6,3856.25,3888.89,44993197300.0,645755815100.0,0.0034423496746023297
sh000001,2025-11-27,3867.20,3875.26,3864.13,3895.59,44402194700.0,698519107200.0,0.0028673612512875035
sh000001,2025-11-26,3867.43,3864.18,3861.18,3879.92,45758975500.0,701019872500.0,-0.00150903612901232
sh000001,2025-11-25,3850.57,3870.02,3845.14,3882.03,47872761100.0,722788782800.0,0.008666143657295011
sh000001,2025-11-24,3848.66,3836.77,3816.58,3854.33,50460171600.0,715539247400.0,0.0004902357042835259
sh000001,2025-11-21,3896.66,3834.89,3834.75,3912.01,63164625100.0,824931134800.0,-0.02446165782678933
sh000001,2025-11-20,3960.70,3931.05,3927.51,3967.97,53474954000.0,711341284000.0,-0.003975432888915775
sh000001,2025-11-19,3937.92,3946.74,3930.07,3960.05,53114960100.0,720908759200.0,0.0017589680720644374
sh000001,2025-11-18,3962.44,3939.81,3926.59,3966.89,59441104600.0,790948598400.0,-0.008111721210564915
sh000001,2025-11-17,3988.56,3972.03,3958.95,3992.40,59201795000.0,805733125699.9999,-0.004625998310984314
sh000001,2025-11-14,4007.13,3990.49,3990.31,4034.08,62201711800.0,837969502200.0,-0.009681101873681652
sh000001,2025-11-13,3996.51,4029.5,3994.77,4030.40,61303106100.0,876400923600.0,0.007339743108991215
sh000001,2025-11-12,3996.56,4000.14,3980.68,4020.38,58619322800.0,840467209900.0,-0.0006545483616305914
sh000001,2025-11-11,4023.88,4002.76,3991.52,4024.94,58199492100.0,858362142600.0,-0.003941671228786081
sh000001,2025-11-10,4001.79,4018.6,3990.84,4018.70,63404999300.0,960588645800.0,0.005263210558440701
sh000001,2025-11-07,3994.32,3997.56,3993.69,4012.01,59650703400.0,875486746400.0,-0.0025450625785975456
sh000001,2025-11-06,3973.35,4007.76,3973.35,4008.80,62736754700.0,930275554400.0,0.009702084776721076
sh000001,2025-11-05,3922.58,3969.25,3922.58,3979.75,61499161800.0,827133577000.0,0.002287769021183328
sh000001,2025-11-04,3973.46,3960.19,3938.52,3985.88,61549379200.0,852938368400.0,-0.004106605775904493
sh000001,2025-11-03,3954.08,3976.52,3937.02,3977.31,64124594500.0,941703699300.0001,0.0054946027475542
sh000001,2025-10-31,3985.06,3954.79,3951.73,3986.74,67561540600.0,1031104616800.0001,-0.008053876445358599
sh000001,2025-10-30,4007.82,3986.9,3984.83,4025.70,66848560900.0,1070058589400.0,-0.007327585133691694
sh000001,2025-10-29,3990.27,4016.33,3986.94,4016.33,61291746600.0,968215713300.0,0.007048257117210133
sh000001,2025-10-28,3986.89,3988.22,3976.83,4010.73,57735768400.0,940760864500.0,-0.0021816689767673036
sh000001,2025-10-27,3969.22,3996.94,3963.10,3999.07,63758954500.0,1043404043199.9999,0.01180413689052262
sh000001,2025-10-24,3929.12,3950.31,3928.96,3950.31,56785844300.0,858491253199.9999,0.007112973911447273
sh000001,2025-10-23,3904.16,3922.41,3877.53,3926.22,56518926400.0,718931052000.0,0.0022101508523770796
sh000001,2025-10-22,3896.07,3913.76,3893.33,3918.59,54311734400.0,741524798400.0,-0.0006562266203307132
sh000001,2025-10-21,3870.75,3916.33,3868.15,3919.32,59941571300.0,837938398300.0,0.01357181493261983
sh000001,2025-10-20,3865.55,3863.89,3850.37,3877.72,54926171200.0,772503219599.9999,0.006284246932099835
sh000001,2025-10-17,3912.04,3839.76,3835.36,3921.06,61756301800.0,873181597900.0001,-0.019526432308623276
sh000001,2025-10-16,3900.68,3916.23,3899.17,3931.05,59545149100.0,869264580500.0,0.0010275522019522754
sh000001,2025-10-15,3867.54,3912.21,3857.67,3912.29,64501295500.0,961552165600.0,0.012154516031387619
sh000001,2025-10-14,3910.78,3865.23,3851.12,3918.44,80083963100.0,1209983827700.0,-0.00623987659082148
sh000001,2025-10-13,3800.11,3889.5,3800.11,3895.83,70950610100.0,1085413591300.0,-0.0019322407063840918
sh000001,2025-10-10,3915.48,3897.03,3886.31,3933.01,71891767300.0,1132127151700.0,-0.009390005516056177
sh000001,2025-10-09,3898.31,3933.97,3885.74,3936.58,72521850100.0,1216888716100.0,0.013183852806494256
sh000001,2025-09-30,3869.70,3882.78,3866.28,3887.57,56973463100.0,973274951600.0,0.005242677726774891
sh000001,2025-09-29,3828.17,3862.53,3809.54,3881.00,60846639900.0,968212397600.0,0.00899138217031381
sh000001,2025-09-26,3839.86,3828.11,3828.11,3856.61,55127533500.0,927864903400.0,-0.006537253782472163
sh000001,2025-09-25,3852.43,3853.3,3840.46,3866.11,58995053100.0,1001211369100.0,-8.82282724903316e-05
sh000001,2025-09-24,3804.48,3853.64,3804.33,3854.92,60205667000.0,1015707870500.0,0.008323237820625273
sh000001,2025-09-23,3830.14,3821.83,3774.53,3838.61,70190286800.0,1071697826100.0,-0.0017630557543527603
sh000001,2025-09-22,3822.01,3828.58,3806.20,3831.74,56832568600.0,941799982099.9999,0.0022224607273650943
sh000001,2025-09-19,3830.44,3820.09,3811.90,3843.17,68229261300.0,1016348310699.9999,-0.0030195789814335683
sh000001,2025-09-18,3876.06,3831.66,3801.00,3899.96,87602738900.0,1365962423600.0002,-0.011526336699051232
sh000001,2025-09-17,3854.07,3876.34,3848.95,3882.67,66343471300.0,1006679080900.0,0.0037468894602874503
sh000001,2025-09-16,3865.98,3861.87,3838.65,3876.69,67343972300.0,989786137900.0001,0.000354876311358554
sh000001,2025-09-15,3876.10,3860.5,3855.97,3879.74,64479394400.0,986171993900.0,-0.0026094145610499053
sh000001,2025-09-12,3875.51,3870.6,3866.54,3892.74,70064178400.0,1093807300699.9999,-0.0012153866400365088
sh000001,2025-09-11,3806.06,3875.31,3796.43,3875.31,61701293000.0,1016794001400.0,0.016549412153548326
sh000001,2025-09-10,3806.58,3812.22,3794.06,3827.00,53453982500.0,821113584500.0,0.001294884287774245
sh000001,2025-09-09,3816.66,3807.29,3791.72,3834.67,60023938000.0,917795306200.0,-0.0051086536149931305
sh000001,2025-09-08,3811.67,3826.84,3803.60,3833.14,66006689800.0,1025883750000.0,0.0037586786657608506
sh000001,2025-09-05,3761.88,3812.51,3745.31,3817.16,62622338000.0,979061710200.0,0.012382232041382224
sh000001,2025-09-04,3807.76,3765.88,3732.84,3808.40,71022793300.0,1107892043200.0,-0.012502753332843786
sh000001,2025-09-03,3865.29,3813.56,3794.88,3868.39,64566851000.0,1012296084000.0,-0.011552228670366205
sh000001,2025-09-02,3877.09,3858.13,3828.68,3885.31,76261883300.0,1222777664000.0,-0.004489708504385237
sh000001,2025-09-01,3869.75,3875.53,3853.66,3879.05,74770953600.0,1208347980900.0,0.004562031970512859
sh000001,2025-08-29,3842.82,3857.93,3839.21,3867.61,73946236600.0,1221691851600.0,0.0037282755749816765
sh000001,2025-08-28,3796.71,3843.6,3761.42,3845.09,78835194700.0,1265185534200.0,0.011380530740589645
sh000001,2025-08-27,3869.61,3800.35,3800.35,3887.20,85863349900.0,1326848744000.0,-0.017586173023332763
sh000001,2025-08-26,3871.47,3868.38,3859.76,3888.60,73456530500.0,1114187895300.0,-0.0039087847232950335
sh000001,2025-08-25,3848.16,3883.56,3839.97,3883.56,88547480200.0,1360903869000.0,0.01510810923842576
sh000001,2025-08-22,3772.28,3825.76,3772.28,3825.76,69813627700.0,1095091495699.9999,0.014494444591763855
sh000001,2025-08-21,3770.68,3771.1,3757.99,3787.98,69155295900.0,997741900800.0,0.0012983875036176595
sh000001,2025-08-20,3716.68,3766.21,3704.99,3767.43,67983642600.0,1017500164100.0,0.010441902830206518
sh000001,2025-08-19,3728.49,3727.29,3718.15,3746.67,69609975000.0,1060899235699.9999,-0.00019849625673618032
sh000001,2025-08-18,3712.50,3728.03,3702.38,3745.94,77601666900.0,1133941943200.0,0.008456030534764292
sh000001,2025-08-15,3659.81,3696.77,3658.38,3702.26,67852170300.0,960624988900.0,0.00827232956219115
sh000001,2025-08-14,3685.52,3666.44,3662.57,3704.77,64782958700.0,949464273600.0,-0.004620655579265165
sh000001,2025-08-13,3668.66,3683.46,3666.55,3688.63,61352888400.0,887022595699.9999,0.0047846106843574265
sh000001,2025-08-12,3647.96,3665.92,3647.96,3669.04,53662373900.0,778161034200.0,0.00503625721374612
sh000001,2025-08-11,3637.05,3647.55,3629.63,3656.85,55139334800.0,751329446800.0001,0.0034166591016002723
sh000001,2025-08-08,3634.85,3635.13,3625.45,3645.37,52640757200.0,713569731100.0,-0.0012473658326166426
sh000001,2025-08-07,3637.78,3639.67,3622.52,3645.12,53550120200.0,749699997300.0,0.0015630202614758115
sh000001,2025-08-06,3615.81,3633.99,3613.99,3634.31,51246727300.0,707221251600.0,0.004530628040689821
sh000001,2025-08-05,3588.81,3617.6,3586.97,3617.60,49979778000.0,656382505100.0,0.009569364637723288
sh000001,2025-08-04,3547.16,3583.31,3547.16,3583.31,45857361800.0,639775598500.0,0.00656188991418416
sh000001,2025-08-01,3568.26,3559.95,3550.04,3581.75,50956308000.0,684645226000.0,-0.003710948978649542
sh000001,2025-07-31,3604.70,3573.21,3562.61,3606.37,65450934900.0,845893058100.0,-0.011756994457535419
sh000001,2025-07-30,3608.35,3615.72,3593.73,3636.17,63722191600.0,819627949100.0,0.0016649536943409426
sh000001,2025-07-29,3595.81,3609.71,3585.94,3611.35,61064205800.0,793606423700.0,0.003271316364364063
sh000001,2025-07-28,3594.23,3597.94,3582.15,3606.27,59418787700.0,761265438400.0,0.0011909863481798233
sh000001,2025-07-25,3604.45,3593.66,3586.22,3610.03,69718954900.0,821609575900.0,-0.0033474497535866954
sh000001,2025-07-24,3578.91,3605.73,3577.11,3608.73,77326583500.0,852239625300.0,0.006540490746168581
sh000001,2025-07-23,3588.88,3582.3,3577.59,3613.02,76767238800.0,857045959500.0,0.00012284120540728694
sh000001,2025-07-22,3561.63,3581.86,3547.25,3584.72,71615523000.0,840573441900.0,0.006199803921017821
sh000001,2025-07-21,3542.82,3559.79,3542.57,3560.63,63364973600.0,730905862900.0001,0.007160883637762794
sh000001,2025-07-18,3519.48,3534.48,3518.23,3536.01,49348408800.0,643627574900.0,0.005018724248826434
sh000001,2025-07-17,3500.37,3516.83,3499.19,3517.28,47221105600.0,609791010300.0,0.003724548915742254
sh000001,2025-07-16,3502.90,3503.78,3489.14,3511.81,47087857800.0,572419318700.0,-0.0003480741797431408
sh000001,2025-07-15,3519.81,3505.0,3483.38,3527.04,57207472600.0,646851665100.0,-0.00416234568778151
sh000001,2025-07-14,3513.25,3519.65,3513.25,3532.12,57208470500.0,623102482300.0,0.002697867345834215
sh000001,2025-07-11,3511.37,3510.18,3506.80,3555.22,66418524900.0,753549049100.0,0.00014246313054178117
sh000001,2025-07-10,3491.50,3509.68,3491.50,3526.59,56415980500.0,613160543900.0,0.0047608823234708275
sh000001,2025-07-09,3498.72,3493.05,3491.20,3512.67,52392008800.0,595962525100.0,-0.0012666262566189967
sh000001,2025-07-08,3474.63,3497.48,3474.63,3499.89,49348477300.0,567506524800.0,0.007010967052773598
sh000001,2025-07-07,3467.98,3473.13,3462.79,3474.80,43663134000.0,476197431400.0,0.00023327343102019782
sh000001,2025-07-04,3459.59,3472.32,3455.49,3497.22,50019521000.0,567241277900.0,0.0032272510581743408
sh000001,2025-07-03,3456.15,3461.15,3446.97,3463.62,43854346500.0,500211767800.0,0.0018409223136572894
sh000001,2025-07-02,3458.17,3454.79,3447.96,3461.33,49811677600.0,543130721700.0,-0.0008560480080977984
sh000001,2025-07-01,3445.85,3457.75,3441.04,3459.59,44435673900.0,553556536200.0,0.0038671129911189706
sh000001,2025-06-30,3423.47,3444.43,3420.11,3447.46,45734804900.0,567137246000.0,0.0058991364481941755
sh000001,2025-06-27,3450.69,3424.23,3421.04,3462.63,52312943200.0,605731616300.0,-0.007023445316011512
sh000001,2025-06-26,3451.72,3448.45,3446.19,3462.75,49654107700.0,603095111900.0,-0.0021759448143358062
sh000001,2025-06-25,3419.09,3455.97,3417.41,3459.01,50938406400.0,620173277600.0,0.010349152334260037
sh000001,2025-06-24,3380.08,3420.57,3380.08,3423.78,46096380000.0,544882077600.0,0.011530113142377285
sh000001,2025-06-23,3349.46,3381.58,3347.65,3389.45,38456139700.0,442789178500.0,0.006452572993243866
sh000001,2025-06-20,3358.91,3359.9,3357.71,3370.80,35022366200.0,410873272600.0,-0.0006573253105937038
sh000001,2025-06-19,3384.29,3362.11,3353.94,3386.92,41532765500.0,473258595400.0,-0.007878871934395848
sh000001,2025-06-18,3386.14,3388.81,3369.99,3391.71,37868489100.0,441011095400.0,0.0004162484501386565
sh000001,2025-06-17,3388.18,3387.4,3376.42,3393.31,39001244700.0,458038158700.0,-0.0003924774177936907
sh000001,2025-06-16,3369.37,3388.73,3368.88,3389.76,40538327800.0,481594409500.0,0.0034734971868521924
sh000001,2025-06-13,3397.48,3377.0,3370.59,3401.55,51006522100.0,605384839400.0,-0.0075411589756249064
sh000001,2025-06-12,3397.97,3402.66,3388.87,3408.20,40949061000.0,501624560600.0,9.993181123468808e-05
sh000001,2025-06-11,3385.46,3402.32,3385.46,3413.51,42409031300.0,501807385800.0,0.005170141986870824
sh000001,2025-06-10,3402.01,3384.82,3365.67,3406.45,48161856800.0,557427629000.0,-0.004397356291749088
sh000001,2025-06-09,3388.78,3399.77,3383.07,3402.05,42734794700.0,511879937000.0,0.004256563556017667
sh000001,2025-06-06,3384.29,3385.36,3379.76,3391.45,38012288600.0,452743716100.0,0.00037232942288945026
sh000001,2025-06-05,3378.22,3384.1,3371.15,3387.76,40625209300.0,498241228900.0,0.002339908773177024
sh000001,2025-06-04,3363.39,3376.2,3363.39,3379.64,38649464300.0,446844610700.0,0.004229650384594663
sh000001,2025-06-03,3340.07,3361.98,3340.07,3367.00,39806077200.0,468292670300.0,0.004328616366292337
sh000001,2025-05-30,3358.81,3347.49,3341.65,3361.28,38560217000.0,443358967700.00006,-0.004745127770592661
sh000001,2025-05-29,3340.40,3363.45,3337.42,3368.63,39323380600.0,453741382200.0,0.007042063755827277
sh000001,2025-05-28,3341.85,3339.93,3336.73,3348.23,34155544300.0,389341214700.0,-0.00022749791210807668
sh000001,2025-05-27,3346.50,3340.69,3332.49,3351.57,34407115700.0,394408732900.0,-0.0018375542302589976
sh000001,2025-05-26,3346.56,3346.84,3336.36,3362.31,34756210100.0,400526568400.00006,-0.0004569387493018606
sh000001,2025-05-23,3376.87,3348.37,3348.37,3389.47,40022700400.0,468587869600.0,-0.00941367201252008
sh000001,2025-05-22,3381.87,3380.19,3376.23,3390.59,39421720600.0,438334515300.0,-0.0021785527679133443
sh000001,2025-05-21,3380.21,3387.57,3380.21,3394.75,41249616500.0,465956993400.00006,0.0020973352896631603
sh000001,2025-05-20,3371.69,3380.48,3369.96,3387.80,40554453400.0,450290477200.0,0.0038306439639148593
sh000001,2025-05-19,3365.88,3367.58,3356.65,3373.60,40307480500.0,437177569200.0,3.563516715865411e-05
sh000001,2025-05-16,3374.71,3367.46,3356.66,3380.29,39540103000.0,435647042700.00006,-0.003951704024467428
sh000001,2025-05-15,3398.43,3380.82,3378.02,3402.87,42410091600.0,461292249400.0,-0.006795046930771487
sh000001,2025-05-14,3374.24,3403.95,3368.08,3417.31,46493444100.0,534872944600.0,0.008616628196048914
sh000001,2025-05-13,3386.23,3374.87,3370.25,3386.23,42624070000.0,506608943800.0,0.0016709999881279192
sh000001,2025-05-12,3352.97,3369.24,3344.27,3372.47,41823991000.0,522080702400.0,0.008150807899461432
sh000001,2025-05-09,3350.41,3342.0,3335.13,3351.22,39890919100.0,464862361500.0,-0.002983293556085953
sh000001,2025-05-08,3331.21,3352.0,3327.90,3359.73,42837776600.0,501611375500.0,0.002791181899499451
sh000001,2025-05-07,3354.97,3342.67,3324.81,3356.69,51115960600.0,595230089100.0,0.008009384489658045
sh000001,2025-05-06,3295.25,3316.11,3286.99,3316.45,47436961700.0,551825065600.0,0.011308222248652688
sh000001,2025-04-30,3284.08,3279.03,3277.55,3292.20,43579433500.0,505572584200.0,-0.0023184701747980263
sh000001,2025-04-29,3281.45,3286.65,3277.63,3294.98,38896167200.0,430881033500.0,-0.0005352130664970645
sh000001,2025-04-28,3292.06,3288.41,3279.88,3296.93,41066586300.0,441916383100.0,-0.00201817265846449
sh000001,2025-04-25,3300.39,3295.06,3288.75,3305.26,41104319200.0,445417627299.99994,-0.0006763129721680805
sh000001,2025-04-24,3295.15,3297.29,3286.24,3313.51,39284474900.0,434706037200.0,0.000282129379072682
sh000001,2025-04-23,3308.15,3296.36,3293.06,3312.19,41163321200.0,486209315200.00006,-0.0010303779668824342
sh000001,2025-04-22,3289.17,3299.76,3288.33,3311.15,40316761500.0,452675442000.0,0.0025308148737783753
sh000001,2025-04-21,3273.14,3291.43,3270.01,3298.64,37930758800.0,429391687800.0,0.004486179819515046
sh000001,2025-04-18,3270.35,3276.73,3262.39,3283.09,35883619300.0,380313472600.0,-0.0011004956803258858
sh000001,2025-04-17,3261.72,3280.34,3258.15,3285.92,38201269800.0,442596764000.0,0.0013247863247862757
sh000001,2025-04-16,3267.67,3276.0,3233.79,3276.00,42953485400.0,489200692700.00006,0.002552285121463216
sh000001,2025-04-15,3260.69,3267.66,3246.34,3268.98,39666289500.0,456332610400.0,0.0014864487972023888
sh000001,2025-04-14,3251.98,3262.81,3244.73,3272.72,47137322000.0,543811431500.0,0.007590566451425529
sh000001,2025-04-11,3219.51,3238.23,3211.35,3249.85,47553180400.0,580791402200.0,0.004525939621049524
sh000001,2025-04-10,3227.84,3223.64,3201.57,3239.94,59120827300.0,682356544800.0,0.01155701155701161
sh000001,2025-04-09,3110.01,3186.81,3070.08,3186.81,68479717400.0,755430247400.0,0.01311694298294408
sh000001,2025-04-08,3094.26,3145.55,3085.12,3145.55,66224238700.0,730166160699.9999,0.015814220850099314
sh000001,2025-04-07,3193.10,3096.58,3040.69,3217.78,66219958400.0,735367327500.0,-0.07343784129909858
sh000001,2025-04-03,3319.61,3342.01,3319.61,3358.43,40051782700.0,486510413000.0,-0.0024237865396268266
sh000001,2025-04-02,3344.17,3350.13,3343.12,3361.13,35012736400.0,411666039500.0,0.0005047126423050052
sh000001,2025-04-01,3340.71,3348.44,3338.78,3357.62,42258867000.0,499415666000.0,0.003804241924604712
sh000001,2025-03-31,3343.34,3335.75,3317.74,3361.74,47257197800.0,531475775800.0,-0.004642960513948302
sh000001,2025-03-28,3372.04,3351.31,3346.08,3375.05,41228428900.0,468807615300.0,-0.006651352352723294
sh000001,2025-03-27,3362.71,3373.75,3351.17,3394.03,41477631400.0,496457111700.0,0.0014990946062278798
sh000001,2025-03-26,3365.67,3368.7,3365.67,3382.34,42853377000.0,485185602299.99994,-0.0003798242126066276
sh000001,2025-03-25,3370.00,3369.98,3361.05,3379.99,45635739300.0,516435662200.0,-1.4836663175143983e-05
sh000001,2025-03-24,3364.83,3370.03,3340.24,3373.69,51331026000.0,586745474400.0,0.0015453975386572338
sh000001,2025-03-21,3401.76,3364.83,3355.84,3414.71,52086263000.0,623164007300.0,-0.012942401619266852
sh000001,2025-03-20,3425.22,3408.95,3404.66,3427.05,45163068200.0,565607596600.0,-0.005101519657486064
sh000001,2025-03-19,3424.17,3426.43,3414.59,3439.05,44031629900.0,559970207900.0,-0.0009709134166823175
sh000001,2025-03-18,3434.57,3429.76,3423.30,3437.07,45491606300.0,586338207300.0,0.0010595044554644328
sh000001,2025-03-17,3430.81,3426.13,3422.46,3436.35,51568513800.0,639349980400.0,0.0019212998163506967
sh000001,2025-03-14,3361.69,3419.56,3360.61,3421.23,58266338800.0,750041647200.0,0.018111012198062992
sh000001,2025-03-13,3371.09,3358.73,3341.12,3377.12,51901347900.0,636211623500.0,-0.003911717952976401
sh000001,2025-03-12,3385.69,3371.92,3370.22,3392.41,50219510000.0,648501625900.0,-0.0023403543965228035
sh000001,2025-03-11,3335.44,3379.83,3334.83,3379.83,44846832300.0,592285777900.0,0.004061007201083822
sh000001,2025-03-10,3373.26,3366.16,3347.19,3375.80,45038083200.0,595026433900.0,-0.0018947087515382988
sh000001,2025-03-07,3373.18,3372.55,3363.93,3390.94,51766355100.0,687879051000.0,-0.0025287628286650987
sh000001,2025-03-06,3353.57,3381.1,3348.68,3387.05,53999270900.0,736438106700.0,0.011711690145902454
sh000001,2025-03-05,3324.70,3341.96,3314.15,3342.71,46095269600.0,587767599800.0,0.005339614524954905
sh000001,2025-03-04,3300.50,3324.21,3297.53,3327.82,42999611100.0,568728427200.0,0.002194800613820602
sh000001,2025-03-03,3328.40,3316.93,3304.59,3349.02,50241786200.0,643980683000.0,-0.0011954590623024508
sh000001,2025-02-28,3374.66,3320.9,3318.72,3383.19,56831950400.0,758054890400.0001,-0.019822553319598812
sh000001,2025-02-27,3378.45,3388.06,3353.57,3388.78,57581502000.0,774059980100.0,0.0023223409196468925
sh000001,2025-02-26,3351.21,3380.21,3351.21,3380.21,55399203100.0,747887357900.0001,0.010212071583125093
sh000001,2025-02-25,3345.65,3346.04,3337.84,3369.56,52757856200.0,727509770100.0,-0.00800170766343622
sh000001,2025-02-24,3374.08,3373.03,3355.87,3384.81,59818820300.0,802847050100.0,-0.0017992903456827136
sh000001,2025-02-21,3356.69,3379.11,3339.03,3381.06,60819020600.0,855656954800.0,0.008454747849754307
sh000001,2025-02-20,3347.59,3350.78,3338.03,3355.56,50435711400.0,670099045700.0,-0.00022676142907429586
sh000001,2025-02-19,3320.78,3351.54,3320.58,3352.09,50291296500.0,675146370400.0001,0.008136586363622689
sh000001,2025-02-18,3348.98,3324.49,3314.30,3366.01,56267924000.0,696798784100.0,-0.009338971282812358
sh000001,2025-02-17,3355.42,3355.83,3333.19,3357.12,58954656900.0,750113054900.0,0.0027220681742123887
sh000001,2025-02-14,3328.48,3346.72,3322.53,3349.08,53233296500.0,667555376400.0,0.004273093912041448
sh000001,2025-02-13,3343.23,3332.48,3332.48,3359.18,56863116100.0,705799792000.0,-0.004156718135064907
sh000001,2025-02-12,3312.26,3346.39,3310.39,3346.39,51343782800.0,647387578500.0,0.008538121673508092
sh000001,2025-02-11,3323.67,3318.06,3304.44,3324.17,51194354100.0,632166670900.0,-0.0012371431925518594
sh000001,2025-02-10,3308.04,3322.17,3299.24,3325.36,54658974900.0,677038155500.0,0.0055998329130935165
sh000001,2025-02-07,3269.23,3303.67,3262.51,3324.43,60055845100.0,757613811200.0,0.010092764151578004
sh000001,2025-02-06,3226.58,3270.66,3225.85,3271.43,46084273000.0,590421697800.0,0.012748142895627534
sh000001,2025-02-05,3270.16,3229.49,3220.28,3271.02,40638818100.0,521103029300.0,-0.006494185688796006
sh000001,2025-01-27,3256.61,3250.6,3250.60,3274.39,38746764200.0,450231535800.0,-0.0006241103353287203
sh000001,2025-01-24,3222.88,3252.63,3221.71,3260.01,39865303300.0,480685058000.0,0.006956311761646461
sh000001,2025-01-23,3237.60,3230.16,3229.57,3273.52,45824680300.0,539800587200.0,0.005146843746304697
sh000001,2025-01-22,3235.49,3213.62,3203.38,3235.50,36481751800.0,452312867400.0,-0.008943385287206063
sh000001,2025-01-21,3256.83,3242.62,3229.07,3258.61,38458371800.0,468263378900.0,-0.0005424765286434763
sh000001,2025-01-20,3256.15,3244.38,3238.12,3268.26,40333794800.0,469741031400.0,0.0007896798711835018
sh000001,2025-01-17,3226.76,3241.82,3219.77,3256.51,38359926000.0,456553133000.0,0.0017892293952774807
sh000001,2025-01-16,3239.03,3236.03,3217.10,3265.28,43065553900.0,499055442400.0,0.002760975730682569
sh000001,2025-01-15,3234.72,3227.12,3222.24,3245.90,40472319900.0,466216166900.0,-0.0042641949557844505
sh000001,2025-01-14,3165.16,3240.94,3159.43,3245.22,46921270400.0,538983836000.0,0.025367316721294886
sh000001,2025-01-13,3148.83,3160.76,3140.98,3172.70,37274202300.0,411773991800.0,-0.0024490929519144222
sh000001,2025-01-10,3211.71,3168.52,3168.52,3220.11,40366334800.0,465939368000.0,-0.013349359623091472
sh000001,2025-01-09,3220.72,3211.39,3205.91,3228.97,38294355700.0,434445510300.0,-0.005813935489463518
sh000001,2025-01-08,3218.86,3230.17,3175.72,3246.29,47286439000.0,508148444900.0,0.00016410497764463017
sh000001,2025-01-07,3203.31,3229.64,3190.46,3230.85,40966052900.0,436388386599.99994,0.0070846793808387876
sh000001,2025-01-06,3209.78,3206.92,3185.46,3219.49,43097840300.0,444188212800.0,-0.0014043588058901824
sh000001,2025-01-03,3267.08,3211.43,3205.78,3273.57,51759201400.0,523159754700.0,-0.01567174243538816
sh000001,2025-01-02,3347.94,3262.56,3242.09,3351.72,56137519900.0,603340526700.0,-0.02661288397737316
sh000001,2024-12-31,3406.97,3351.76,3351.76,3413.45,50273106200.0,562584237400.0,-0.016308957453489925
sh000001,2024-12-30,3395.40,3407.33,3394.96,3412.84,45526238300.0,522245330200.00006,0.002114618809813784
sh000001,2024-12-27,3397.29,3400.14,3388.32,3418.95,50048813000.0,586090438900.0,0.0006062246915905511
sh000001,2024-12-26,3389.34,3398.08,3380.26,3401.10,42217727100.0,518937022600.0,0.001393902780438161
sh000001,2024-12-25,3395.11,3393.35,3374.01,3406.21,47131559200.0,522168241900.0,-5.3042112490575555e-05
sh000001,2024-12-24,3353.54,3393.53,3352.95,3394.90,47199267300.0,530758037600.0,0.0126131663911484
sh000001,2024-12-23,3367.90,3351.26,3348.28,3384.99,55674724800.0,623117789300.0,-0.0049909889046249045
sh000001,2024-12-20,3364.48,3368.07,3362.82,3390.62,49096462100.0,596821938600.0,-0.000581597196464112
sh000001,2024-12-19,3355.90,3370.03,3346.47,3377.53,51390906300.0,559130979000.0,-0.0036011956679212753
sh000001,2024-12-18,3371.30,3382.21,3371.30,3396.46,51252497900.0,539790684400.0,0.006163933255788345
sh000001,2024-12-17,3381.81,3361.49,3357.77,3396.21,56894150500.0,584789337300.0,-0.007335374874864575
sh000001,2024-12-16,3390.08,3386.33,3376.54,3401.93,62557899600.0,675237492900.0001,-0.0016362607167706988
sh000001,2024-12-13,3442.93,3391.88,3390.75,3442.93,77746414400.0,850714863000.0,-0.02011266791853239
sh000001,2024-12-12,3432.28,3461.5,3425.98,3464.12,70009668900.0,734168982700.0,0.008451590536316278
sh000001,2024-12-11,3416.09,3432.49,3416.09,3437.81,68154461000.0,692929618700.0,0.0028720352006919025
sh000001,2024-12-10,3490.29,3422.66,3417.77,3494.87,79466803400.0,860483994800.0,0.005916185896964743
sh000001,2024-12-09,3402.63,3402.53,3385.96,3426.65,69490520500.0,649443191300.0,-0.0004553359498012943
sh000001,2024-12-06,3370.94,3404.08,3364.21,3418.26,69818657200.0,685981058100.0,0.010454575138177269
sh000001,2024-12-05,3353.06,3368.86,3353.06,3377.06,54388574600.0,565551128300.0,0.0012512445573833464
sh000001,2024-12-04,3376.57,3364.65,3352.94,3388.02,62102886200.0,653467546700.0,-0.004190824580251551
sh000001,2024-12-03,3366.29,3378.81,3348.37,3386.62,66303013900.0,683982592800.0,0.004408468540241017
sh000001,2024-12-02,3328.48,3363.98,3323.01,3369.30,66847776200.0,709509517800.0,0.011279257829644784
sh000001,2024-11-29,3295.21,3326.46,3293.69,3357.50,58022710200.0,663851511000.0,0.00933337379009025
sh000001,2024-11-28,3308.28,3295.7,3290.36,3319.26,51195304700.0,558164131700.0,-0.004254059182181358
sh000001,2024-11-27,3250.59,3309.78,3227.36,3309.88,51120230300.0,571617596000.0,0.015344687952487224
sh000001,2024-11-26,3256.86,3259.76,3252.87,3285.33,47221930400.0,509490596300.0,-0.0012255803122778186
sh000001,2024-11-25,3274.88,3263.76,3232.92,3285.46,53889739000.0,596502088300.0,-0.0010498318126584971
sh000001,2024-11-22,3368.04,3267.19,3267.19,3372.00,63068779000.0,707626460300.0,-0.030622478044149082
sh000001,2024-11-21,3362.94,3370.4,3348.86,3378.52,53033183000.0,614517433700.0,0.0007155603193598203
sh000001,2024-11-20,3337.68,3367.99,3333.00,3375.25,56615428900.0,627858323200.0,0.006569018024452866
sh000001,2024-11-19,3324.88,3346.01,3284.13,3346.76,62502415100.0,651575376300.0,0.006666967522601874
sh000001,2024-11-18,3344.69,3323.85,3309.01,3386.90,74395069200.0,755809644500.0,-0.002065613243943498
sh000001,2024-11-15,3369.81,3330.73,3330.73,3391.32,63028558300.0,745937122400.0,-0.014530273622419987
sh000001,2024-11-14,3429.51,3379.84,3376.15,3441.77,63155669000.0,762884198800.0,-0.017282687074038794
sh000001,2024-11-13,3406.92,3439.28,3404.53,3442.30,67366234800.0,829435317000.0,0.0050584897003773666
sh000001,2024-11-12,3469.89,3421.97,3402.04,3489.42,81792652400.0,1039600859300.0001,-0.013861391845121362
sh000001,2024-11-11,3432.37,3470.07,3416.73,3471.12,81802543600.0,1024334899500.0,0.005147293108941797
sh000001,2024-11-08,3502.13,3452.3,3443.19,3509.82,96403456200.0,1107932295600.0,-0.005290060103841809
sh000001,2024-11-07,3359.99,3470.66,3356.26,3470.66,95955668000.0,1048841306100.0,0.025666334693732695
sh000001,2024-11-06,3395.22,3383.81,3367.08,3421.00,89585593000.0,1026807640400.0001,-0.0009388867401438628
sh000001,2024-11-05,3306.81,3386.99,3302.05,3386.99,82112490200.0,929931429400.0,0.023194903042405013
sh000001,2024-11-04,3275.68,3310.21,3263.84,3310.21,66507745400.0,692341763300.0,0.011674780945045926
sh000001,2024-11-01,3275.58,3272.01,3258.73,3305.32,85205532000.0,878112793900.0,-0.0023812282381350247
sh000001,2024-10-31,3267.98,3279.82,3252.39,3295.74,78464909400.0,864970969000.0,0.0041576859018321866
sh000001,2024-10-30,3273.64,3266.24,3244.81,3291.68,66901809000.0,730619786700.0,-0.006137396125255212
sh000001,2024-10-29,3328.09,3286.41,3284.21,3340.46,72532615400.0,806573822300.0,-0.010772981759075262
sh000001,2024-10-28,3300.46,3322.2,3279.72,3322.20,67237313100.0,717510218000.0,0.006818801709246314
sh000001,2024-10-25,3280.76,3299.7,3276.13,3319.36,59565170700.0,677255321300.0,0.005926359495893596
sh000001,2024-10-24,3287.82,3280.26,3266.88,3292.94,51982707400.0,585248947000.0,-0.006824512534818972
sh000001,2024-10-23,3285.25,3302.8,3277.07,3331.08,65044412800.0,760066419599.9999,0.005152364518377306
sh000001,2024-10-22,3263.82,3285.87,3255.14,3294.96,57491378100.0,698861461300.0,0.005434333605661923
sh000001,2024-10-21,3276.06,3268.11,3239.10,3300.66,66815029900.0,855781454000.0,0.0020082414550093297
sh000001,2024-10-18,3165.97,3261.56,3152.82,3313.98,69301462300.0,827948922099.9999,0.02908455281474609
sh000001,2024-10-17,3220.73,3169.38,3169.38,3241.57,52861177200.0,557347351400.0,-0.01048096286236122
sh000001,2024-10-16,3169.17,3202.95,3167.74,3236.85,51581399700.0,533062408900.0,0.0005185409631742743
sh000001,2024-10-15,3265.75,3201.29,3201.29,3285.21,56605455800.0,619091471900.0,-0.025280727821893167
sh000001,2024-10-14,3241.43,3284.32,3203.90,3294.62,63146685900.0,701499242600.0,0.020691541268095026
sh000001,2024-10-11,3287.87,3217.74,3187.99,3297.75,60602743300.0,664332794500.0,-0.02549720920794807
sh000001,2024-10-10,3277.69,3301.93,3228.12,3379.81,83450025700.0,947788515000.0,0.013216278084974498
sh000001,2024-10-09,3427.22,3258.86,3249.16,3437.16,99275725600.0,1264311454400.0,-0.06617036030924583
sh000001,2024-10-08,3674.40,3489.78,3372.19,3674.40,131346019500.0,1510513250800.0002,0.04594035666117202
sh000001,2024-09-30,3194.72,3336.5,3153.70,3358.59,110233791700.0,1167772550000.0,0.08063727316009883
sh000001,2024-09-27,3049.10,3087.53,3017.45,3087.53,49228716300.0,480612559500.0,0.028850863893100653
sh000001,2024-09-26,2893.75,3000.95,2889.01,3000.95,57631926100.0,524669070900.00006,0.036128729314196306
sh000001,2024-09-25,2901.42,2896.31,2889.05,2952.45,56825981600.0,516698093600.0,0.011588715845944675
sh000001,2024-09-24,2770.75,2863.13,2761.37,2863.15,47761954500.0,442795296900.0,0.04154722581959458
sh000001,2024-09-23,2735.39,2748.92,2731.36,2760.48,25764215400.0,235214505900.0,0.004424859599314601
sh000001,2024-09-20,2734.23,2736.81,2717.95,2741.16,28564462700.0,255433329899.99997,0.0002887405793816633
sh000001,2024-09-19,2723.21,2736.02,2697.78,2747.74,31520838900.0,280536046200.0,0.006896602484837588
sh000001,2024-09-18,2705.35,2717.28,2689.70,2724.11,24781713200.0,213090588600.0,0.00487779622719664
sh000001,2024-09-13,2718.99,2704.09,2703.37,2728.78,25127003800.0,227818801100.0,-0.004795518784595387
sh000001,2024-09-12,2722.14,2717.12,2716.56,2734.68,24008431500.0,218571098700.0,-0.0017194503637300018
sh000001,2024-09-11,2732.73,2721.8,2710.62,2732.73,24226490000.0,219755948400.0,-0.008159056042037816
sh000001,2024-09-10,2737.88,2744.19,2718.63,2750.12,26215901500.0,226408493000.0,0.002813823547683336
sh000001,2024-09-09,2754.72,2736.49,2726.97,2756.56,26146884700.0,236605848500.0,-0.01060087280037314
sh000001,2024-09-06,2791.76,2765.81,2765.64,2804.09,25364537500.0,228570135000.0,-0.008069404047613027
sh000001,2024-09-05,2785.26,2788.31,2777.47,2796.02,24204094800.0,227514507200.0,0.0014474118982286122
sh000001,2024-09-04,2786.50,2784.28,2781.94,2800.61,25745350000.0,234711697300.0,-0.006671471077210667
sh000001,2024-09-03,2809.17,2802.98,2794.91,2814.90,27573613900.0,252782482500.0,-0.0028672662075246436
sh000001,2024-09-02,2832.35,2811.04,2810.37,2839.28,34071419300.0,314813036700.0,-0.010966818074667262
sh000001,2024-08-30,2819.65,2842.21,2817.01,2867.96,39751697500.0,384092892100.0,0.006765588305096104
sh000001,2024-08-29,2829.45,2823.11,2815.38,2831.43,27751053400.0,257644228800.0,-0.005046820538303964
sh000001,2024-08-28,2844.33,2837.43,2830.96,2852.56,22873062300.0,213862368700.0,-0.003966679888933067
sh000001,2024-08-27,2850.88,2848.73,2843.16,2853.78,23069300600.0,215686326200.0,-0.0023778506191516335
sh000001,2024-08-26,2855.47,2855.52,2844.38,2860.65,22735152300.0,216806649000.0,0.00040289100572099557
sh000001,2024-08-23,2844.77,2854.37,2839.34,2860.73,22669256500.0,214581900300.0,0.0019657606616187984
sh000001,2024-08-22,2856.20,2848.77,2845.50,2861.61,24539941500.0,230124077200.0,-0.0027340386056052823
sh000001,2024-08-21,2858.94,2856.58,2848.15,2863.89,22920002700.0,209909187800.0,-0.0035162872471796724
sh000001,2024-08-20,2895.55,2866.66,2855.33,2896.52,26365800200.0,237307804000.0,-0.009334167337671562
sh000001,2024-08-19,2877.95,2893.67,2877.77,2905.15,26168773000.0,242994885300.0,0.00494542322612479
sh000001,2024-08-16,2877.94,2879.43,2873.06,2888.68,26365344100.0,243608265400.0,0.0007194094586704392
sh000001,2024-08-15,2844.20,2877.36,2839.39,2889.09,27190000000.0,254987115600.0,0.009369792854261316
sh000001,2024-08-14,2866.24,2850.65,2850.40,2866.24,21788517000.0,207457552399.99997,-0.006032183266793223
sh000001,2024-08-13,2860.41,2867.95,2845.31,2867.95,23167460100.0,210908509400.0,0.0034112378419983713
sh000001,2024-08-12,2858.89,2858.2,2851.30,2869.27,24424137100.0,217626684500.0,-0.0013940374328749172
sh000001,2024-08-09,2879.87,2862.19,2862.19,2887.85,28425391600.0,252884027000.0,-0.002686504756263308
sh000001,2024-08-08,2864.76,2869.9,2850.87,2886.40,28912863200.0,271107919500.0,2.4391688706382197e-05
sh000001,2024-08-07,2864.01,2869.83,2857.72,2886.94,26309715000.0,263793649800.0,0.000889344605340181
sh000001,2024-08-06,2878.65,2867.28,2845.34,2888.20,29730080300.0,295835558800.0,0.0023001363302690425
sh000001,2024-08-05,2889.36,2860.7,2860.70,2919.03,35554057200.0,356863001400.0,-0.015364811003187318
sh000001,2024-08-02,2913.02,2905.34,2902.72,2931.26,31220503900.0,314917985400.0,-0.009224557442904846
sh000001,2024-08-01,2940.12,2932.39,2928.83,2947.88,34662113700.0,352586120400.0,-0.0021641854529987903
sh000001,2024-07-31,2877.54,2938.75,2876.30,2940.59,41272341700.0,418871723400.00006,0.020647379571423485
sh000001,2024-07-30,2885.22,2879.3,2865.15,2885.22,26247883700.0,269477482600.00003,-0.004339782492176147
sh000001,2024-07-29,2889.47,2891.85,2878.58,2898.95,25689972700.0,260094898400.0,0.0003286173855892027
sh000001,2024-07-26,2886.00,2890.9,2875.40,2899.12,27838753600.0,275443435000.0,0.0014410719358168844
sh000001,2024-07-25,2891.89,2886.74,2872.85,2897.77,27463950000.0,273281622500.0,-0.005241303261599994
sh000001,2024-07-24,2909.15,2901.95,2894.29,2922.03,30611885300.0,288660361600.0,-0.004603189303587607
sh000001,2024-07-23,2960.50,2915.37,2915.37,2960.50,29629599400.0,307194049900.0,-0.01647988340946349
sh000001,2024-07-22,2978.19,2964.22,2946.56,2978.60,27874955900.0,316415459900.0,-0.006065767810858103
sh000001,2024-07-19,2963.51,2982.31,2955.12,2986.24,28093241300.0,319112460500.0,0.001739930738664297
sh000001,2024-07-18,2951.14,2977.13,2937.90,2978.09,27802266500.0,301283750600.0,0.00481968375044306
sh000001,2024-07-17,2970.81,2962.85,2957.95,2972.79,28230799100.0,305469106000.0,-0.004519033699559971
sh000001,2024-07-16,2963.90,2976.3,2959.67,2977.36,26078363000.0,279121370500.0,0.0007700041358300602
sh000001,2024-07-15,2963.85,2974.01,2959.13,2977.31,26899259700.0,268733339500.0,0.0009120586948474507
sh000001,2024-07-12,2965.61,2971.3,2963.30,2977.14,30371301400.0,302581576000.0,0.00030635707769022247
sh000001,2024-07-11,2957.25,2970.39,2947.40,2971.36,32837242400.0,337653177100.0,0.010556719830167038
sh000001,2024-07-10,2949.03,2939.36,2935.33,2958.86,30154945600.0,306035255400.0,-0.0067615742539796075
sh000001,2024-07-09,2919.57,2959.37,2904.04,2963.78,31506203100.0,320361092800.0,0.012633235812417709
sh000001,2024-07-08,2939.84,2922.45,2917.23,2947.61,27753342400.0,270872022900.0,-0.009315475282464347
sh000001,2024-07-05,2954.37,2949.93,2920.20,2957.11,27232455600.0,271508929400.0,-0.0025832017500855287
sh000001,2024-07-04,2984.83,2957.57,2955.29,2995.57,27426878900.0,259006711000.0,-0.008318859434411463
sh000001,2024-07-03,2995.66,2982.38,2978.07,2998.54,24628464200.0,257840296800.0,-0.004881531926820393
sh000001,2024-07-02,2992.86,2997.01,2989.47,3004.99,28136468300.0,282559369500.0,0.000761337416060881
sh000001,2024-07-01,2965.25,2994.73,2961.86,2996.41,29778223500.0,294321888800.0,0.009210082900855898
sh000001,2024-06-28,2940.30,2967.4,2939.98,2985.47,31520143200.0,313347004200.0,0.007315375867746221
sh000001,2024-06-27,2962.70,2945.85,2944.90,2963.06,27054851900.0,266670979400.0,-0.008975519170538293
sh000001,2024-06-26,2943.45,2972.53,2933.33,2976.67,28238840900.0,276215175500.0,0.007637288135593279
sh000001,2024-06-25,2962.77,2950.0,2935.54,2971.65,27320993800.0,296569297300.0,-0.004421045526644352
sh000001,2024-06-24,2982.83,2963.1,2960.13,2990.64,29865388400.0,318595817700.0,-0.01168724609257743
sh000001,2024-06-21,2998.24,2998.14,2985.93,3011.91,25500125100.0,280275384800.0,-0.002428928875638947
sh000001,2024-06-20,3015.72,3005.44,3001.77,3028.51,29551590700.0,324101266400.0,-0.004178194529580348
sh000001,2024-06-19,3029.10,3018.05,3015.33,3030.23,26129624800.0,300290286700.0,-0.004026070456232933
sh000001,2024-06-18,3015.07,3030.25,3012.52,3031.98,27362599900.0,317319995700.0,0.004761446869746555
sh000001,2024-06-17,3017.72,3015.89,3012.05,3026.62,29576344800.0,338146875600.0,-0.0055199612217778915
sh000001,2024-06-14,3020.96,3032.63,3011.58,3037.90,34874675300.0,396194698300.0,0.001224859025659386
sh000001,2024-06-13,3038.09,3028.92,3022.82,3040.40,29786246300.0,336871037100.0,-0.002814842615729396
sh000001,2024-06-12,3025.30,3037.47,3021.31,3042.04,27945210600.0,312058601500.0,0.0031109129637885147
sh000001,2024-06-11,3042.13,3028.05,3013.86,3043.20,31048194200.0,332683377800.0,-0.007613198395427512
sh000001,2024-06-07,3053.92,3051.28,3031.04,3065.02,31634248400.0,318911097500.0,0.000816717451841642
sh000001,2024-06-06,3069.44,3048.79,3040.83,3077.67,36986710400.0,371317019000.0,-0.0054185424414432415
sh000001,2024-06-05,3086.05,3065.4,3064.74,3092.35,29054234400.0,299722764400.0,-0.008346273291925388
sh000001,2024-06-04,3071.32,3091.2,3063.59,3095.32,30928759800.0,325589691900.0,0.004128647486267623
sh000001,2024-06-03,3085.98,3078.49,3061.28,3097.20,35756336200.0,367608352500.0,-0.0026953392013114863
sh000001,2024-05-31,3094.76,3086.81,3086.81,3107.60,27607281600.0,301121881300.0,-0.0015751953630388504
sh000001,2024-05-30,3103.71,3091.68,3085.38,3121.22,30238076200.0,318475183000.0,-0.006216610629311337
sh000001,2024-05-29,3108.03,3111.02,3100.98,3128.14,28997034600.0,297512177300.0,0.00046630241480327683
sh000001,2024-05-28,3122.39,3109.57,3106.36,3130.31,31006697400.0,320985406500.0,-0.00463182289599362
sh000001,2024-05-27,3094.14,3124.04,3091.99,3125.51,31939676500.0,345383767800.0,0.011386040849890033
sh000001,2024-05-24,3110.75,3088.87,3087.79,3130.42,30653227900.0,322748606400.0,-0.008830730428476485
sh000001,2024-05-23,3149.88,3116.39,3110.28,3150.63,35394372700.0,356689462900.0,-0.013344773218005868
sh000001,2024-05-22,3157.19,3158.54,3152.46,3166.92,35409808200.0,364137830700.0,0.00018049569818590072
sh000001,2024-05-21,3164.68,3157.97,3148.34,3165.22,33578357200.0,346584200800.0,-0.004156220929316001
sh000001,2024-05-20,3156.15,3171.15,3155.99,3174.27,42686728000.0,448816915000.0,0.005427976271627166
sh000001,2024-05-17,3121.71,3154.03,3116.78,3154.03,38391524400.0,389572549300.0,0.010130028183448658
sh000001,2024-05-16,3127.18,3122.4,3116.16,3137.88,36741736100.0,377502921500.0,0.0008013077342221564
sh000001,2024-05-15,3141.25,3119.9,3117.93,3142.97,32102796200.0,333005622200.0,-0.008223741723012101
sh000001,2024-05-14,3148.85,3145.77,3137.61,3155.81,34352619400.0,370069674900.0,-0.0007147349762708366
sh000001,2024-05-13,3139.48,3148.02,3126.17,3157.37,39703056500.0,425963088200.0,-0.0020700258356977086
sh000001,2024-05-10,3158.59,3154.55,3137.15,3163.14,38428749500.0,406707822800.0,7.291587410285238e-05
sh000001,2024-05-09,3128.16,3154.32,3128.16,3158.46,36088146200.0,398979066900.0,0.008259602107093533
sh000001,2024-05-08,3141.49,3128.48,3126.17,3144.99,33400032000.0,367220116500.0,-0.006118675621239245
sh000001,2024-05-07,3139.66,3147.74,3133.69,3151.22,37910256400.0,426951665900.00006,0.002235156269899896
sh000001,2024-05-06,3132.51,3140.72,3126.77,3142.38,45065689900.0,511256135600.0,0.011562667078928834
sh000001,2024-04-30,3110.16,3104.82,3104.29,3123.29,44021321300.0,473803228500.0,-0.002640505743581767
sh000001,2024-04-29,3086.68,3113.04,3080.59,3119.69,50692544500.0,554918811200.0,0.007899917115623767
sh000001,2024-04-26,3054.98,3088.64,3054.98,3092.43,43938256300.0,484160093000.0,0.011706901634511269
sh000001,2024-04-25,3037.93,3052.9,3034.65,3060.26,29228014800.0,315797661200.0,0.0026536872458797767
sh000001,2024-04-24,3029.40,3044.82,3019.12,3045.64,30526409300.0,335157362700.0,0.007557958689336175
sh000001,2024-04-23,3038.61,3021.98,3016.52,3044.94,32559512800.0,348651765400.0,-0.0074295473953884805
sh000001,2024-04-22,3059.06,3044.6,3042.54,3078.42,35721639900.0,382192259200.0,-0.006740048152522271
sh000001,2024-04-19,3060.30,3065.26,3055.06,3080.32,37554385500.0,396614941100.0,-0.0029145604413476356
sh000001,2024-04-18,3060.03,3074.22,3057.76,3102.55,41632134900.0,441432075800.0,0.000924665785412282
sh000001,2024-04-17,3008.06,3071.38,3002.06,3071.38,41335836800.0,416254660800.0,0.021386266365598372
sh000001,2024-04-16,3043.55,3007.07,3005.34,3052.43,44807047300.0,435170805500.0,-0.01645526561958277
sh000001,2024-04-15,3013.67,3057.38,2995.54,3066.94,46123924400.0,459849043300.0,0.012555183525585711
sh000001,2024-04-12,3035.58,3019.47,3014.83,3043.56,33422977100.0,363119193000.0,-0.004871055450276107
sh000001,2024-04-11,3013.57,3034.25,3009.90,3050.34,34089439200.0,364147836500.0,0.002285842640214364
sh000001,2024-04-10,3045.96,3027.33,3013.59,3049.61,34899172100.0,364717833500.0,-0.0069574288019839114
sh000001,2024-04-09,3044.61,3048.54,3033.21,3051.59,33348996500.0,347834663500.0,0.0004889975550121939
sh000001,2024-04-08,3057.33,3047.05,3045.47,3077.35,40293674000.0,421808399700.0,-0.007249209917570831
sh000001,2024-04-03,3074.89,3069.3,3057.40,3079.02,36321138000.0,392704394000.0,-0.0018406743502353828
sh000001,2024-04-02,3076.88,3074.96,3063.98,3085.54,36730426200.0,396705813300.0,-0.000786383222091569
sh000001,2024-04-01,3049.02,3077.38,3049.02,3078.49,37539364000.0,420902006800.0,0.011906601735516276
sh000001,2024-03-29,3008.38,3041.17,3008.17,3041.30,33482278500.0,364571210100.0,0.010133990553566452
sh000001,2024-03-28,2988.59,3010.66,2984.12,3033.37,35320002600.0,392929088700.0,0.005853384739771705
sh000001,2024-03-27,3026.81,2993.14,2993.14,3030.45,34319801000.0,376242896100.0,-0.012647287793421058
sh000001,2024-03-26,3026.92,3031.48,3006.26,3036.49,34592878700.0,396410716100.0,0.0017083510942368374
sh000001,2024-03-25,3040.50,3026.31,3026.31,3065.26,38748538900.0,443472341300.0,-0.007125914115018617
sh000001,2024-03-22,3070.55,3048.03,3027.76,3073.21,39474048600.0,456762466599.99994,-0.009450425886627367
sh000001,2024-03-21,3084.41,3077.11,3069.27,3090.05,36687796800.0,437634616300.0,-0.0008377466563193048
sh000001,2024-03-20,3058.65,3079.69,3056.65,3081.75,34918772900.0,407432569700.0,0.005527693975368564
sh000001,2024-03-19,3077.98,3062.76,3062.63,3090.05,38412368000.0,446930657800.0,-0.007186548803376325
sh000001,2024-03-18,3057.21,3084.93,3055.92,3085.31,40665350800.0,485520636500.0,0.009916062121886782
sh000001,2024-03-15,3031.52,3054.64,3023.22,3056.45,36026846300.0,405917704000.0,0.005401171076580669
sh000001,2024-03-14,3042.41,3038.23,3020.64,3060.00,36407229000.0,436338838300.0,-0.001839787373144941
sh000001,2024-03-13,3053.34,3043.83,3031.90,3061.95,36504745300.0,442453946300.0,-0.003962774138235758
sh000001,2024-03-12,3068.18,3055.94,3044.86,3075.13,41574391400.0,494558502800.0,-0.004080222652405485
sh000001,2024-03-11,3042.62,3068.46,3035.45,3068.46,36160882100.0,427851361300.0,0.0073669903677586746
sh000001,2024-03-08,3026.17,3046.02,3016.90,3049.19,31920439200.0,370647474799.99994,0.006150492171500321
sh000001,2024-03-07,3040.21,3027.4,3023.12,3063.69,37715439100.0,423391257000.0,-0.004121805436309356
sh000001,2024-03-06,3041.75,3039.93,3034.35,3060.56,34098273900.0,401334635600.0,-0.002578917838827466
sh000001,2024-03-05,3027.10,3047.79,3022.18,3052.54,38350995500.0,458900476800.0,0.0027901069650677623
sh000001,2024-03-04,3026.61,3039.31,3007.68,3040.34,38776000200.0,461727516599.99994,0.004060098710943372
sh000001,2024-03-01,3013.82,3027.02,3003.76,3032.23,37913218400.0,442984248200.0,0.0039301266595250794
sh000001,2024-02-29,2943.62,3015.17,2943.62,3015.17,40969637400.0,452808746100.0,0.0193789407846916
sh000001,2024-02-28,3016.26,2957.85,2957.85,3031.49,54410909300.0,576555221700.0,-0.01911138525209921
sh000001,2024-02-27,2966.42,3015.48,2961.15,3015.48,37298468700.0,412614978500.0,0.012918959227684157
sh000001,2024-02-26,3002.12,2977.02,2967.06,3009.48,40902655800.0,427564895800.0,-0.009271584888581264
sh000001,2024-02-23,2992.91,3004.88,2979.97,3009.14,38008327000.0,398232220700.0,0.005528115755799146
sh000001,2024-02-22,2945.45,2988.36,2944.50,2988.36,35413253600.0,365264217900.0,0.012673841732859792
sh000001,2024-02-21,2906.02,2950.96,2898.05,2994.61,44424546300.0,450922050700.0,0.00965877792337988
sh000001,2024-02-20,2902.88,2922.73,2887.47,2927.31,35013873500.0,357057492000.0,0.004188226239804305
sh000001,2024-02-19,2886.59,2910.54,2867.71,2910.54,45896770400.0,442148454600.0,0.015576258766879514
sh000001,2024-02-08,2832.49,2865.9,2827.90,2867.47,53110889300.0,482939732000.0,0.012792875569848539
sh000001,2024-02-07,2791.51,2829.7,2770.53,2829.70,54711743900.0,495919878100.0,0.014414821347271456
sh000001,2024-02-06,2680.48,2789.49,2669.67,2802.93,50284931300.0,441215054099.99994,0.032307128662307116
sh000001,2024-02-05,2716.08,2702.19,2635.09,2739.74,47899029200.0,424877418300.0,-0.010241195538706727
sh000001,2024-02-02,2773.29,2730.15,2666.33,2791.68,42623019900.0,392661142299.99994,-0.014649516013772401
sh000001,2024-02-01,2773.42,2770.74,2752.78,2805.01,35288918500.0,337547960500.0,-0.006386831866023734
sh000001,2024-01-31,2815.50,2788.55,2782.59,2834.01,37710396500.0,355636999799.99994,-0.014831144697282861
sh000001,2024-01-30,2866.28,2830.53,2829.25,2881.35,33566122600.0,329254005900.0,-0.018322373897119992
sh000001,2024-01-29,2910.61,2883.36,2883.33,2923.90,41058131100.0,397014731400.0,-0.009229542783706912
sh000001,2024-01-26,2897.91,2910.22,2890.48,2924.31,42110908400.0,402400231300.0,0.0014142616762613525
sh000001,2024-01-25,2823.83,2906.11,2821.71,2906.79,44200904500.0,437679811300.0,0.030254150462462492
sh000001,2024-01-24,2782.14,2820.77,2743.40,2823.70,36907060000.0,357316181599.99994,0.01796837220044889
sh000001,2024-01-23,2746.89,2770.98,2724.16,2784.84,30874941700.0,312191330200.0,0.005311391192668546
sh000001,2024-01-22,2826.50,2756.34,2735.37,2828.32,35016575800.0,359918989600.0,-0.02681232081573859
sh000001,2024-01-19,2836.97,2832.28,2822.84,2849.88,26666438800.0,296717043800.0,-0.004743866356499815
sh000001,2024-01-18,2822.67,2845.78,2760.98,2849.26,39039685500.0,400709904700.0,0.0042913305242058275
sh000001,2024-01-17,2887.29,2833.62,2833.62,2887.49,26125130800.0,283073939800.0,-0.020860472911101935
sh000001,2024-01-16,2881.56,2893.99,2861.13,2896.68,28628671400.0,300837919200.0,0.002667784595449474
sh000001,2024-01-15,2872.56,2886.29,2869.22,2904.46,24461123600.0,269229737100.0,0.0014954996217877436
sh000001,2024-01-12,2880.04,2881.98,2878.88,2904.17,26160293100.0,282877466300.0,-0.0016177922505326015
sh000001,2024-01-11,2873.80,2886.65,2867.72,2896.18,26705076400.0,298552532900.0,0.0031101226674081772
sh000001,2024-01-10,2886.98,2877.7,2870.42,2903.16,24404652600.0,281192192400.0,-0.005374578760909077
sh000001,2024-01-09,2887.11,2893.25,2878.41,2900.73,26295597500.0,294446373700.0,0.001977461784079093
sh000001,2024-01-08,2923.46,2887.54,2887.54,2924.46,27027505500.0,290730589600.0,-0.014215582517974279
sh000001,2024-01-05,2949.82,2929.18,2916.72,2967.97,30104023900.0,325917001200.0,-0.00851964053006582
sh000001,2024-01-04,2965.51,2954.35,2936.63,2966.68,26498092400.0,296291346900.0,-0.004347459769146522
sh000001,2024-01-03,2957.11,2967.25,2953.29,2971.28,28545594500.0,321018391300.0,0.001677761724077298
sh000001,2024-01-02,2972.78,2962.28,2962.28,2976.27,30414179300.0,345950729200.0,-0.004252200892121749
sh000001,2023-12-29,2950.84,2974.93,2950.02,2975.03,29067268700.0,349002967299.99994,0.00684671878701737
sh000001,2023-12-28,2913.11,2954.7,2909.39,2961.65,33921311600.0,392449073500.0,0.013754841985720079
sh000001,2023-12-27,2900.15,2914.61,2890.17,2917.96,24790088200.0,279048608000.0,0.0054262335798653805
sh000001,2023-12-26,2917.97,2898.88,2892.84,2917.97,22814085500.0,260220552800.0,-0.006828125160596166
sh000001,2023-12-25,2909.88,2918.81,2903.99,2920.63,22981417800.0,261487251000.0,0.001382608635986271
sh000001,2023-12-22,2919.29,2914.78,2906.51,2935.70,29662836700.0,327498019600.0,-0.0013464852623247259
sh000001,2023-12-21,2892.02,2918.71,2882.02,2924.26,28254182700.0,315943775500.0,0.005719976155280193
sh000001,2023-12-20,2932.12,2902.11,2902.04,2937.10,26556245400.0,290838402100.0,-0.010326048035902313
sh000001,2023-12-19,2928.76,2932.39,2914.13,2940.50,26592698000.0,283234126200.0,0.0005425139893542319
sh000001,2023-12-18,2936.58,2930.8,2924.33,2951.15,29308699900.0,304915893000.0,-0.0039965200369744824
sh000001,2023-12-15,2966.30,2942.56,2940.03,2976.31,28932764200.0,322083690800.0,-0.005552570302704618
sh000001,2023-12-14,2979.70,2958.99,2958.07,2986.18,27145765000.0,312658124600.0,-0.003290936283162127
sh000001,2023-12-13,2997.34,2968.76,2968.76,2997.34,28275409800.0,331476614700.0,-0.0115467597155261
sh000001,2023-12-12,2986.33,3003.44,2980.45,3003.75,28763876200.0,333170576400.0,0.004011445992565532
sh000001,2023-12-11,2956.29,2991.44,2930.42,2995.67,36021634400.0,405351583200.0,0.007368094936623715
sh000001,2023-12-08,2965.39,2969.56,2962.33,2980.83,36913870500.0,423492311900.0,0.0011293873326567727
sh000001,2023-12-07,2965.65,2966.21,2949.14,2976.01,29624368700.0,348039624000.0,-0.0009161549783928136
sh000001,2023-12-06,2966.95,2968.93,2959.60,2985.31,29410418700.0,336218906400.0,-0.0011338021061132464
sh000001,2023-12-05,3017.01,2972.3,2972.30,3017.01,29394327800.0,340454488100.0,-0.016742145813140263
sh000001,2023-12-04,3033.30,3022.91,3022.35,3038.98,28816205300.0,344279696000.0,-0.0028796295074613454
sh000001,2023-12-01,3027.35,3031.64,3010.23,3035.76,28608970000.0,335547176400.0,0.0006502358342657111
sh000001,2023-11-30,3021.10,3029.67,3013.77,3030.91,28294535700.0,326755696100.0,0.002640906247828312
sh000001,2023-11-29,3038.46,3021.69,3017.66,3038.98,27795644800.0,322141206100.0,-0.005548699215086161
sh000001,2023-11-28,3028.60,3038.55,3020.23,3039.69,26892074600.0,317303697700.0,0.002259458389682445
sh000001,2023-11-27,3038.19,3031.7,3015.01,3038.36,31051786800.0,350705835500.0,-0.003048369434752729
sh000001,2023-11-24,3060.33,3040.97,3037.20,3060.33,28778841300.0,311509355900.0,-0.006822650284467713
sh000001,2023-11-23,3041.68,3061.86,3034.30,3062.87,27659205900.0,315612515600.0,0.005996169022969511
sh000001,2023-11-22,3060.50,3043.61,3043.61,3067.96,28905649000.0,330385482700.0,-0.007927169133585044
sh000001,2023-11-21,3074.83,3067.93,3063.34,3089.77,33073310200.0,391558034900.0,-0.00012710538666116378
sh000001,2023-11-20,3056.93,3068.32,3043.51,3072.51,28755699800.0,367109310200.00006,0.0045672266293868
sh000001,2023-11-17,3043.62,3054.37,3033.75,3055.86,26760639300.0,328568598800.0,0.0011275250497388978
sh000001,2023-11-16,3066.86,3050.93,3050.93,3071.45,27107946000.0,329364382700.0,-0.007126980666031013
sh000001,2023-11-15,3077.03,3072.83,3064.35,3080.13,30425010700.0,389515978000.0,0.005484167574695498
sh000001,2023-11-14,3046.82,3056.07,3044.43,3059.53,29484473300.0,358249840200.00006,0.003131431497474191
sh000001,2023-11-13,3044.03,3046.53,3028.17,3048.62,29043058800.0,344120017200.0,0.0024876849722110794
sh000001,2023-11-10,3043.56,3038.97,3027.09,3044.00,28554649700.0,346913084500.0,-0.0046867630875649935
sh000001,2023-11-09,3047.65,3053.28,3045.83,3063.47,31562176400.0,388556747100.0,0.0002981289948467136
sh000001,2023-11-08,3051.15,3052.37,3037.29,3062.99,33567783400.0,415289260100.0,-0.0016027370824297504
sh000001,2023-11-07,3052.92,3057.27,3042.47,3064.58,32685345500.0,401065573900.0,-0.0003727426996380512
sh000001,2023-11-06,3047.13,3058.41,3037.69,3058.99,37294963000.0,447638159900.0,0.009109805991817321
sh000001,2023-11-03,3012.47,3030.8,3012.47,3040.98,26848634700.0,329300477500.0,0.007107705497090944
sh000001,2023-11-02,3028.66,3009.41,3009.12,3038.64,26879458100.0,311936400800.0,-0.004521878349233233
sh000001,2023-11-01,3038.18,3023.08,3013.93,3038.33,28011044500.0,347121456500.0,0.0014277338121155836
sh000001,2023-10-31,3019.65,3018.77,3006.61,3023.00,31985996700.0,386277226400.0,-0.0009200575863381744
sh000001,2023-10-30,3009.61,3021.55,3002.35,3028.26,36060423800.0,439587974799.99994,0.0012492627030467052
sh000001,2023-10-27,2978.40,3017.78,2974.88,3029.21,32180371700.0,385692318100.0,0.009865140715456855
sh000001,2023-10-26,2960.10,2988.3,2956.01,2990.33,29181451100.0,332258828000.0,0.004771175242341386
sh000001,2023-10-25,2986.41,2974.11,2972.42,2993.30,33239200400.0,362846635500.0,0.004007102733067036
sh000001,2023-10-24,2944.31,2962.24,2929.09,2964.76,31098538900.0,339902176900.0,0.007808008056367388
sh000001,2023-10-23,2969.79,2939.29,2923.51,2973.66,27890412800.0,304028962500.0,-0.014672852708292772
sh000001,2023-10-20,2995.36,2983.06,2977.17,3006.27,26711359400.0,307388393300.0,-0.007429984128515699
sh000001,2023-10-19,3043.20,3005.39,3004.77,3043.20,30403891000.0,355069177000.0,-0.01743218546380665
sh000001,2023-10-18,3076.58,3058.71,3057.06,3076.58,26864715500.0,310306035800.0,-0.008039565428895723
sh000001,2023-10-17,3076.43,3083.5,3064.89,3084.07,25901958800.0,300026228500.0,0.0031524394806445866
sh000001,2023-10-16,3091.06,3073.81,3063.69,3091.13,26388236300.0,314394203000.0,-0.0046274408212169105
sh000001,2023-10-13,3092.00,3088.1,3080.55,3094.92,25508523500.0,309538085300.0,-0.00637086135332543
sh000001,2023-10-12,3101.71,3107.9,3092.18,3109.99,27482799800.0,325865894400.0,0.009399277678177054
sh000001,2023-10-11,3085.70,3078.96,3071.94,3095.66,25991869200.0,326562386200.0,0.001209661684941743
sh000001,2023-10-10,3104.37,3075.24,3073.19,3109.98,25532737900.0,293653291700.0,-0.007000503726283025
sh000001,2023-10-09,3100.00,3096.92,3072.64,3103.36,26442220500.0,302662162100.0,-0.00435945577531438
sh000001,2023-09-28,3117.75,3110.48,3105.94,3121.84,23632998100.0,288396222800.0,0.001016953516213226
sh000001,2023-09-27,3104.04,3107.32,3103.84,3125.45,24049583000.0,293421022400.0,0.001627840258907165
sh000001,2023-09-26,3114.02,3102.27,3102.27,3120.29,22264431300.0,270006131000.0,-0.004281665548640623
sh000001,2023-09-25,3131.21,3115.61,3112.15,3131.21,25807188500.0,294635829600.0,-0.005369633160198228
sh000001,2023-09-22,3084.76,3132.43,3078.80,3132.56,28597835100.0,321443778900.0,0.01547314163451885
sh000001,2023-09-21,3103.18,3084.7,3084.70,3113.49,22865910000.0,243536277500.0,-0.007678771911200477
sh000001,2023-09-20,3118.67,3108.57,3108.16,3122.13,22812446200.0,243019998700.0,-0.00524486713429928
sh000001,2023-09-19,3123.99,3124.96,3113.53,3131.13,25365276100.0,274062664400.0,-0.0003103076524425541
sh000001,2023-09-18,3110.44,3125.93,3098.50,3128.70,25944425700.0,299644725400.0,0.002626902820632937
sh000001,2023-09-15,3133.59,3117.74,3107.45,3141.96,29202636500.0,326091455900.0,-0.0028178023700246024
sh000001,2023-09-14,3124.85,3126.55,3111.86,3135.03,26399013800.0,281641855500.0,0.001114288184382639
sh000001,2023-09-13,3137.77,3123.07,3106.97,3143.76,24970103800.0,282015557200.0,-0.0044595895520008755
sh000001,2023-09-12,3140.34,3137.06,3134.32,3147.51,23467205100.0,281897501800.0,-0.0018200446738239062
sh000001,2023-09-11,3119.61,3142.78,3113.82,3155.10,29044291700.0,351883736000.0,0.008361354244205588
sh000001,2023-09-08,3114.23,3116.72,3104.67,3126.04,22812506400.0,270006714899.99997,-0.00180312905343738
sh000001,2023-09-07,3152.20,3122.35,3120.82,3152.27,26926473300.0,317186963300.0,-0.011313836254939758
sh000001,2023-09-06,3147.14,3158.08,3136.90,3162.15,26700223000.0,324001129700.0,0.0011761461084147662
sh000001,2023-09-05,3169.74,3154.37,3150.08,3169.74,29406184900.0,342760613400.00006,-0.007141822943224296
sh000001,2023-09-04,3145.94,3177.06,3143.38,3177.06,36639114000.0,404500273000.0,0.013982286762945773
sh000001,2023-09-01,3126.02,3133.25,3123.19,3143.85,29231099200.0,334739632900.0,0.0042854212341501
sh000001,2023-08-31,3134.55,3119.88,3113.95,3139.98,31344824200.0,362507128800.0,-0.005501826504395679
sh000001,2023-08-30,3144.41,3137.14,3126.90,3153.69,34751186700.0,414729469600.0,0.0003986109206637334
sh000001,2023-08-29,3091.94,3135.89,3090.44,3145.76,39887578000.0,443979437000.0,0.012021402938063197
sh000001,2023-08-28,3219.04,3098.64,3089.12,3219.04,48560776400.0,517234120900.00006,0.011282379319010216
sh000001,2023-08-25,3068.62,3064.07,3053.04,3085.05,29334768600.0,317757173400.0,-0.005895063330564665
sh000001,2023-08-24,3085.91,3082.24,3072.95,3106.18,30002463700.0,332447831300.0,0.001247401247401081
sh000001,2023-08-23,3116.27,3078.4,3077.61,3116.38,27224412400.0,297986364400.0,-0.013437681270891177
sh000001,2023-08-22,3103.78,3120.33,3074.53,3126.78,30931633500.0,348637687600.0,0.008842604866504011
sh000001,2023-08-21,3125.99,3092.98,3092.98,3134.96,26575342300.0,293721061600.0,-0.012442727374319396
sh000001,2023-08-18,3165.10,3131.95,3131.95,3179.12,29439035200.0,320449006900.0,-0.010048234052102867
sh000001,2023-08-17,3137.35,3163.74,3123.25,3167.45,29469258600.0,320785474100.0,0.004320456616076163
sh000001,2023-08-16,3164.70,3150.13,3149.72,3176.63,28172829200.0,303611332600.0,-0.008201676227417742
sh000001,2023-08-15,3180.56,3176.18,3147.35,3186.23,27325192200.0,300827985400.0,-0.0007078966659640473
sh000001,2023-08-14,3159.71,3178.43,3141.66,3180.51,29984032700.0,322632054400.0,-0.0033926471741005937
sh000001,2023-08-11,3254.48,3189.25,3189.25,3254.48,33013775000.0,339187129799.99994,-0.02006722874981559
sh000001,2023-08-10,3242.21,3254.56,3234.12,3257.03,28741214200.0,307263291700.0,0.0031037235436077726
sh000001,2023-08-09,3251.15,3244.49,3240.29,3257.08,27121853800.0,309778299600.0,-0.004946911936993592
sh000001,2023-08-08,3260.72,3260.62,3246.67,3274.52,31652073300.0,355750325300.0,-0.002511602010505265
sh000001,2023-08-07,3276.78,3268.83,3258.54,3276.78,36034148400.0,393056934200.0,-0.005854480426267017
sh000001,2023-08-04,3296.09,3288.08,3281.73,3315.05,47092769700.0,497188089400.0,0.0023228449668644124
sh000001,2023-08-03,3254.57,3280.46,3247.27,3280.86,38469131700.0,389530672000.0,0.005754685454472996
sh000001,2023-08-02,3281.86,3261.69,3252.30,3290.82,40534149900.0,388952704000.0,-0.008891049696895914
sh000001,2023-08-01,3288.76,3290.95,3279.57,3305.34,45989083300.0,441023318600.0,-2.7346978462738925e-05
sh000001,2023-07-31,3287.21,3291.04,3281.01,3322.13,45903099400.0,511505348400.00006,0.0046124306685431105
sh000001,2023-07-28,3206.74,3275.93,3200.99,3280.28,41106843400.0,436923617400.0,0.018422778836498566
sh000001,2023-07-27,3225.48,3216.67,3210.47,3245.60,32711886700.0,332145068300.0,-0.001973298417948355
sh000001,2023-07-26,3228.09,3223.03,3212.88,3229.89,31720605100.0,328306929400.0,-0.002627246620785173
sh000001,2023-07-25,3201.46,3231.52,3201.46,3231.75,34861771400.0,410846601100.0,0.021288430420711935
sh000001,2023-07-24,3157.47,3164.16,3151.13,3178.73,21659521100.0,260119088900.0,-0.0011332965038276521
sh000001,2023-07-21,3163.42,3167.75,3157.33,3185.64,22533136300.0,280673190400.0,-0.0005584441808222929
sh000001,2023-07-20,3201.91,3169.52,3165.67,3209.06,23893289100.0,302376024100.0,-0.009165822610696428
sh000001,2023-07-19,3195.01,3198.84,3181.56,3204.36,21735586000.0,281206091200.0,0.0003189672964707402
sh000001,2023-07-18,3206.79,3197.82,3190.00,3210.25,23503025900.0,307331649300.0,-0.003679551848655427
sh000001,2023-07-17,3219.02,3209.63,3195.89,3219.02,25020837600.0,322074497100.0,-0.008669734688204533
sh000001,2023-07-14,3240.97,3237.7,3234.00,3248.38,27332749400.0,368337829099.99994,0.00037695273877780267
sh000001,2023-07-13,3202.70,3236.48,3202.70,3238.47,27662050800.0,373242517800.0,0.012624642927540508
sh000001,2023-07-12,3220.38,3196.13,3193.44,3224.33,27142338600.0,365433182299.99994,-0.007835175717163745
sh000001,2023-07-11,3211.12,3221.37,3200.38,3221.68,22760046700.0,309950254700.0,0.005515497705777639
sh000001,2023-07-10,3208.73,3203.7,3192.66,3216.53,23656036700.0,311462495600.0,0.0022179746669126477
sh000001,2023-07-07,3197.47,3196.61,3189.21,3212.05,25568846900.0,313607453200.0,-0.0027951347186303543
sh000001,2023-07-06,3215.86,3205.57,3199.72,3229.48,24611903200.0,320808312600.0,-0.005392575125273358
sh000001,2023-07-05,3240.05,3222.95,3218.60,3241.84,26401642600.0,351234984700.0,-0.0069021831235460684
sh000001,2023-07-04,3241.23,3245.35,3233.99,3246.96,27924872100.0,387115944099.99994,0.0004223207294742348
sh000001,2023-07-03,3209.16,3243.98,3209.16,3246.86,31237139500.0,421353472400.0,0.013091572300331755
sh000001,2023-06-30,3178.92,3202.06,3177.99,3212.99,26537987300.0,359739563400.00006,0.006184050930435614
sh000001,2023-06-29,3185.42,3182.38,3179.53,3196.50,25034007400.0,340636710900.00006,-0.0021947839391982527
sh000001,2023-06-28,3183.49,3189.38,3157.12,3192.66,27623194800.0,360118192500.0,-1.8812079863539388e-05
sh000001,2023-06-27,3153.31,3189.44,3148.27,3194.41,28760432700.0,354487810600.0,0.01232138436244301
sh000001,2023-06-26,3177.23,3150.62,3144.25,3181.08,30812981100.0,398859657400.0,-0.014784702460990062
sh000001,2023-06-21,3230.11,3197.9,3197.90,3236.36,29437737200.0,406234561400.0,-0.01310348232912395
sh000001,2023-06-20,3252.54,3240.36,3237.79,3252.84,29826059600.0,433243981500.0,-0.004745362905083428
sh000001,2023-06-19,3271.16,3255.81,3251.78,3271.16,32775304700.0,455226178200.0,-0.0053523476093152444
sh000001,2023-06-16,3256.30,3273.33,3255.50,3276.55,32628184600.0,444375632400.0,0.00625580237197898
sh000001,2023-06-15,3230.45,3252.98,3229.15,3252.98,31325575200.0,437522981500.0,0.007429567759578148
sh000001,2023-06-14,3238.12,3228.99,3226.77,3248.46,30353726000.0,404009517800.0,-0.0014472719850820992
sh000001,2023-06-13,3223.90,3233.67,3215.50,3235.09,28062845400.0,377193491400.0,0.0014989949919941292
sh000001,2023-06-12,3225.30,3228.83,3210.71,3239.44,31378444400.0,403241619600.0,-0.0007984130766445219
sh000001,2023-06-09,3213.03,3231.41,3206.10,3231.41,31415550100.0,413341768400.00006,0.0055452002277824874
sh000001,2023-06-08,3194.83,3213.59,3180.54,3225.53,29353074100.0,353551633200.0,0.004950340238166762
sh000001,2023-06-07,3197.47,3197.76,3188.01,3210.33,25806340000.0,331083866700.0,0.0007573528951536623
sh000001,2023-06-06,3228.41,3195.34,3189.27,3247.35,30828587200.0,387492228800.0,-0.011477397879001594
sh000001,2023-06-05,3231.81,3232.44,3221.63,3244.18,27806020300.0,357810090600.0,0.0007337302287566683
sh000001,2023-06-02,3212.45,3230.07,3211.74,3233.99,29466709800.0,377507927700.00006,0.007938513962610472
sh000001,2023-06-01,3196.15,3204.63,3189.52,3225.09,31233075900.0,400981483200.0,2.1843872481719373e-05
sh000001,2023-05-31,3214.66,3204.56,3190.27,3216.36,29457333800.0,384999190200.00006,-0.006094516176055609
sh000001,2023-05-30,3214.67,3224.21,3186.63,3230.63,30353246000.0,376622572900.0,0.0008567570503965616
sh000001,2023-05-29,3219.76,3221.45,3208.96,3230.97,29738948700.0,377875996100.0,0.0027859922178987695
sh000001,2023-05-26,3198.88,3212.5,3179.82,3220.77,26170047900.0,333319266000.0,0.0035111174974853387
sh000001,2023-05-25,3197.36,3201.26,3168.57,3207.02,28358892500.0,347709231700.0,-0.001089008503003308
sh000001,2023-05-24,3237.70,3204.75,3204.38,3237.70,28872025700.0,342677325700.0,-0.012780940411060149
sh000001,2023-05-23,3294.79,3246.24,3246.24,3298.23,27527908300.0,324667932900.0,-0.015237511641240431
sh000001,2023-05-22,3278.60,3296.47,3276.54,3308.53,27388999800.0,342448401599.99994,0.0039378232030065075
sh000001,2023-05-19,3288.89,3283.54,3268.22,3302.34,28540406400.0,359507956500.0,-0.004179151553382776
sh000001,2023-05-18,3288.41,3297.32,3284.17,3313.86,30996747200.0,368435071000.0,0.0039857135462497695
sh000001,2023-05-17,3281.97,3284.23,3269.89,3298.52,28574405000.0,340482661500.0,-0.0020540931452237565
sh000001,2023-05-16,3310.16,3290.99,3282.49,3317.90,32247941000.0,385386011200.0,-0.005965433709684276
sh000001,2023-05-15,3269.88,3310.74,3235.87,3310.74,38804588700.0,431706863300.0,0.01172853842486754
sh000001,2023-05-12,3304.46,3272.36,3271.43,3319.13,34731498300.0,387081199300.0,-0.011237177259748266
sh000001,2023-05-11,3323.66,3309.55,3307.29,3333.25,35425827100.0,401313953400.00006,-0.00289230676528629
sh000001,2023-05-10,3347.70,3319.15,3305.25,3349.72,45173973100.0,489553667299.99994,-0.011472241167237995
sh000001,2023-05-09,3402.39,3357.67,3356.12,3418.95,57301330900.0,619108477500.0,-0.010995581737849758
sh000001,2023-05-08,3340.99,3395.0,3340.99,3400.18,53410365900.0,564661993500.0,0.018143649722597077
sh000001,2023-05-05,3350.65,3334.5,3321.19,3364.14,43650449400.0,499294430500.0,-0.0047635250085062975
sh000001,2023-05-04,3306.48,3350.46,3302.03,3352.75,48336491600.0,550494850300.0,0.008181700553972382
sh000001,2023-04-28,3283.12,3323.27,3283.12,3324.88,40155478500.0,514904620700.0,0.011378991320437626
sh000001,2023-04-27,3256.23,3285.88,3253.11,3299.30,34159053400.0,466175350400.0,0.006672589687815922
sh000001,2023-04-26,3255.22,3264.1,3239.99,3277.98,35791784200.0,480418149400.0,-0.00023584399991427585
sh000001,2023-04-25,3276.40,3264.87,3229.45,3288.57,38089572900.0,494240131400.0,-0.0032179177568609774
sh000001,2023-04-24,3300.81,3275.41,3264.93,3303.09,35425562600.0,473265986300.0,-0.007830343565790154
sh000001,2023-04-21,3364.00,3301.26,3301.26,3367.61,38739509800.0,530517857800.0,-0.019533535489734244
sh000001,2023-04-20,3367.05,3367.03,3344.02,3371.37,35035496500.0,499672394200.0,-0.0009198458219712435
sh000001,2023-04-19,3391.35,3370.13,3364.64,3394.96,34612344300.0,476496941000.0,-0.006836941883046954
sh000001,2023-04-18,3379.23,3393.33,3375.78,3396.17,34839948600.0,474287388900.0,0.002280239011581253
sh000001,2023-04-17,3337.06,3385.61,3336.39,3385.61,40280992600.0,523790271000.0,0.01421745577640321
sh000001,2023-04-14,3326.37,3338.15,3316.81,3340.08,33829927500.0,478345417500.0,0.005963789341723036
sh000001,2023-04-13,3321.27,3318.36,3309.25,3334.47,34786210600.0,477587943400.00006,-0.002650893549492328
sh000001,2023-04-12,3316.86,3327.18,3315.40,3330.71,34302531500.0,482066170100.0,0.004107352492930483
sh000001,2023-04-11,3317.08,3313.57,3298.25,3317.45,32056605500.0,466895849300.0,-0.0005399112011968965
sh000001,2023-04-10,3331.51,3315.36,3309.92,3332.72,34081984500.0,516434325400.0,-0.003693297071506896
sh000001,2023-04-07,3312.48,3327.65,3308.06,3328.85,28303224700.0,436372798900.0,0.004534161678183102
sh000001,2023-04-06,3302.75,3312.63,3296.06,3314.53,32715542400.0,506500167200.0,2.113169270900883e-05
sh000001,2023-04-04,3297.18,3312.56,3290.99,3312.56,38587161700.0,555811064000.0,0.004902317679893242
sh000001,2023-04-03,3277.34,3296.4,3276.42,3299.73,35767677500.0,513390565500.0,0.0071924860825087755
sh000001,2023-03-31,3263.41,3272.86,3260.04,3278.42,28361374600.0,396689286300.0,0.003559984668455307
sh000001,2023-03-30,3243.07,3261.25,3220.98,3263.74,29989829500.0,401634271100.0,0.006540002345635676
sh000001,2023-03-29,3253.62,3240.06,3229.58,3254.56,29690050800.0,405542776900.0,-0.0016392533385921615
sh000001,2023-03-28,3256.60,3245.38,3241.74,3264.10,29568266000.0,396882943400.00006,-0.0018515101187180916
sh000001,2023-03-27,3261.82,3251.4,3229.70,3261.82,33786120600.0,453585768700.0,-0.004363602958063484
sh000001,2023-03-24,3282.74,3265.65,3260.84,3282.74,32451333700.0,430761598900.0,-0.006389484733695383
sh000001,2023-03-23,3258.78,3286.65,3252.99,3286.65,30611839300.0,426564792600.0,0.006399755033300147
sh000001,2023-03-22,3263.41,3265.75,3255.74,3279.39,29084046200.0,382509081300.0,0.0031022990800608774
sh000001,2023-03-21,3240.84,3255.65,3237.89,3256.00,30181077900.0,388047055900.00006,0.006411306651498805
sh000001,2023-03-20,3253.93,3234.91,3231.65,3267.99,39251739100.0,480292404900.0,-0.004811493439571879
sh000001,2023-03-17,3245.26,3250.55,3240.16,3279.92,34300102200.0,431983057700.00006,0.007332137135136474
sh000001,2023-03-16,3244.47,3226.89,3224.72,3257.43,32738963200.0,392910208400.00006,-0.011160447521075256
sh000001,2023-03-15,3261.03,3263.31,3256.86,3273.12,30516879800.0,373276384400.0,0.005546465514850718
sh000001,2023-03-14,3261.92,3245.31,3216.99,3262.00,31990603300.0,409976276100.0,-0.00715574999235169
sh000001,2023-03-13,3228.12,3268.7,3228.12,3268.70,29492808700.0,364414206500.0,0.011956360213988493
sh000001,2023-03-10,3255.51,3230.08,3229.50,3262.15,28113541000.0,342198577600.0,-0.014044180715426124
sh000001,2023-03-09,3285.94,3276.09,3260.00,3289.06,26402185900.0,328825695500.0,-0.0021807660092895143
sh000001,2023-03-08,3271.88,3283.25,3263.69,3283.25,26044354700.0,312822175700.0,-0.0005631487625946674
sh000001,2023-03-07,3320.21,3285.1,3284.41,3342.86,38995795600.0,430081145200.00006,-0.011116696718572738
sh000001,2023-03-06,3332.02,3322.03,3308.73,3333.06,34053044600.0,431616811100.0,-0.0019108337664756059
sh000001,2023-03-03,3314.77,3328.39,3302.62,3330.60,34399691900.0,388860006700.0,0.005358464349900949
sh000001,2023-03-02,3308.01,3310.65,3306.46,3320.74,32852001600.0,389390626900.0,-0.0005132307878091824
sh000001,2023-03-01,3279.14,3312.35,3272.04,3315.16,31839870400.0,384387413800.0,0.009982894307554835
sh000001,2023-02-28,3265.74,3279.61,3246.14,3280.42,25162503200.0,318030137300.0,0.006623634527613387
sh000001,2023-02-27,3257.00,3258.03,3251.72,3276.58,24285534400.0,324605090900.0,-0.002794475936287122
sh000001,2023-02-24,3287.26,3267.16,3253.97,3288.39,23420630600.0,308004347700.0,-0.006181026196357187
sh000001,2023-02-23,3293.52,3287.48,3275.36,3307.44,26232430400.0,334364534400.0,-0.0011151117390577614
sh000001,2023-02-22,3292.05,3291.15,3286.72,3307.03,25540398500.0,320515620000.0,-0.004648391662533391
sh000001,2023-02-21,3291.63,3306.52,3282.44,3308.79,32440944900.0,390691271599.99994,0.004917424946965898
sh000001,2023-02-20,3230.47,3290.34,3225.84,3291.04,32500773300.0,397720315300.0,0.020570591993846143
sh000001,2023-02-17,3244.73,3224.02,3223.26,3262.47,27845123700.0,355625842500.0,-0.007697682077420054
sh000001,2023-02-16,3281.74,3249.03,3231.34,3308.83,38086354500.0,468382512200.0,-0.009590030757600121
sh000001,2023-02-15,3294.02,3280.49,3274.55,3296.20,26993912300.0,357621816100.0,-0.0038836661322452226
sh000001,2023-02-14,3288.97,3293.28,3279.19,3293.73,27097416800.0,355558052400.0,0.0027769657994738406
sh000001,2023-02-13,3256.99,3284.16,3252.63,3285.09,29721318800.0,397011413400.00006,0.007204040887302199
sh000001,2023-02-10,3266.44,3260.67,3247.23,3269.99,26062692600.0,341749872000.0,-0.0029690739302467017
sh000001,2023-02-09,3227.73,3270.38,3225.77,3270.38,25475452900.0,351760831700.0,0.011840562357098072
sh000001,2023-02-08,3251.50,3232.11,3230.44,3257.11,23453048100.0,293332736100.0,-0.00491981441400946
sh000001,2023-02-07,3245.23,3248.09,3233.83,3250.03,25094645000.0,321257641900.0,0.0028993114521258523
sh000001,2023-02-06,3244.70,3238.7,3226.21,3250.35,26705310700.0,349127264900.0,-0.00757183436957054
sh000001,2023-02-03,3275.66,3263.41,3235.35,3275.66,29334281400.0,378648523000.0,-0.006774873922213764
sh000001,2023-02-02,3291.78,3285.67,3272.41,3295.76,33341313300.0,428662803400.00006,0.00022831606249162917
sh000001,2023-02-01,3262.20,3284.92,3245.41,3284.92,33950941000.0,413395187700.00006,0.008984325806976834
sh000001,2023-01-31,3266.14,3255.67,3252.01,3277.25,30016295700.0,375260749600.0,-0.004175180159788572
sh000001,2023-01-30,3308.87,3269.32,3266.76,3310.49,35332582900.0,453177014099.99994,0.0013813973860654638
sh000001,2023-01-20,3247.20,3264.81,3247.20,3267.06,27321918200.0,329028168400.0,0.0075703334279753065
sh000001,2023-01-19,3221.52,3240.28,3210.38,3240.28,22646503000.0,296815557300.0,0.0049218306604930095
sh000001,2023-01-18,3227.59,3224.41,3220.37,3234.82,21210973000.0,266068176700.00003,5.272560355318312e-05
sh000001,2023-01-17,3229.44,3224.24,3211.76,3231.26,22659223000.0,302611778500.0,-0.0010379261306424636
sh000001,2023-01-16,3198.52,3227.59,3197.32,3251.37,30674954900.0,413219641000.0,0.0101023061925134
sh000001,2023-01-13,3170.35,3195.31,3167.51,3195.31,22022689700.0,288062499100.0,0.010071282934770664
sh000001,2023-01-12,3167.27,3163.45,3153.40,3171.59,21667130500.0,275371843300.0,0.0005091971763275804
sh000001,2023-01-11,3172.38,3161.84,3160.89,3184.76,23774286900.0,309248892900.0,-0.002419932418575743
sh000001,2023-01-10,3178.02,3169.51,3165.14,3178.16,23298417500.0,310357698600.0,-0.0020685876930051084
sh000001,2023-01-09,3169.37,3176.08,3165.43,3183.58,25811521800.0,342693771000.0,0.00583980441088916
sh000001,2023-01-06,3155.07,3157.64,3151.84,3170.74,25738025500.0,338539843700.0,0.000766982967907115
sh000001,2023-01-05,3132.76,3155.22,3130.23,3159.43,25700301800.0,335635934500.0,0.010148806474746364
sh000001,2023-01-04,3117.57,3123.52,3109.45,3129.09,27331362600.0,316391228700.0,0.0022493109279289047
sh000001,2023-01-03,3087.51,3116.51,3073.05,3119.86,28137036200.0,331392138900.0,0.00882088267093084
sh000001,2022-12-30,3084.52,3089.26,3082.20,3096.31,21754534400.0,250355950900.0,0.005062302762143478
sh000001,2022-12-29,3076.73,3073.7,3064.46,3086.00,21557067600.0,253916981200.0,-0.004437390684718601
sh000001,2022-12-28,3088.62,3087.4,3079.43,3098.65,22455415100.0,260508525700.0,-0.002639255452146161
sh000001,2022-12-27,3077.75,3095.57,3074.31,3098.08,22221832200.0,267946785400.0,0.009789402262555758
sh000001,2022-12-26,3048.20,3065.56,3047.35,3071.84,20650389300.0,255470265300.0,0.0064644912619382655
sh000001,2022-12-23,3038.84,3045.87,3031.54,3061.87,19202030500.0,233335246200.0,-0.002802486879712407
sh000001,2022-12-22,3085.80,3054.43,3044.60,3096.24,22363953700.0,266315477399.99997,-0.004556105605183158
sh000001,2022-12-21,3078.33,3068.41,3060.55,3085.80,18906792000.0,226852792600.00003,-0.0017437869456725652
sh000001,2022-12-20,3098.95,3073.77,3061.51,3100.75,21883676600.0,261716073400.0,-0.010733412291768607
sh000001,2022-12-19,3165.31,3107.12,3096.10,3170.26,27851354100.0,307934621500.0,-0.01917382712619886
sh000001,2022-12-16,3156.13,3167.86,3151.61,3175.35,25977179500.0,307227738400.0,-0.000249317532703186
sh000001,2022-12-15,3177.20,3168.65,3158.45,3179.10,24302333300.0,305204998600.0,-0.002480694342568812
sh000001,2022-12-14,3178.55,3176.53,3168.59,3189.84,26562356900.0,333950671100.0,6.296574978059688e-05
sh000001,2022-12-13,3179.44,3176.33,3171.48,3187.20,28582120000.0,333539763000.0,-0.0008524586038552995
sh000001,2022-12-12,3195.87,3179.04,3176.58,3196.72,33338179200.0,394919615300.0,-0.008702973230016009
sh000001,2022-12-09,3197.12,3206.95,3182.91,3212.11,37334320900.0,447750222000.0,0.0030024864340782997
sh000001,2022-12-08,3196.02,3197.35,3187.26,3206.72,32096929400.0,364935622700.00006,-0.0007094592482856932
sh000001,2022-12-07,3204.94,3199.62,3188.67,3226.08,35411307800.0,402146133100.0,-0.004018639514650535
sh000001,2022-12-06,3200.28,3212.53,3195.08,3224.82,37359029600.0,435248700200.00006,0.0002241726627665308
sh000001,2022-12-05,3181.92,3211.81,3177.06,3213.44,44739843700.0,479203617400.0,0.017638634534589803
sh000001,2022-12-02,3160.58,3156.14,3149.84,3170.90,30781248400.0,366318678800.0,-0.0029474296076096307
sh000001,2022-12-01,3187.99,3165.47,3164.53,3198.41,38701305600.0,462184974000.0,0.004483806888498032
sh000001,2022-11-30,3141.40,3151.34,3137.37,3158.57,37271832100.0,404504379300.0,0.0005048019684101845
sh000001,2022-11-29,3096.11,3149.75,3096.11,3152.00,39144974800.0,439102619300.0,0.02312777119098275
sh000001,2022-11-28,3055.29,3078.55,3034.70,3080.18,30581128400.0,338549350800.0,-0.007460448981039369
sh000001,2022-11-25,3085.46,3101.69,3077.97,3111.42,31143197900.0,325426338400.0,0.004007367340927326
sh000001,2022-11-24,3104.10,3089.31,3084.86,3113.24,26748292800.0,308190185800.0,-0.002454059045952195
sh000001,2022-11-23,3084.74,3096.91,3075.32,3108.24,32615544900.0,356400844300.0,0.002580173133825747
sh000001,2022-11-22,3084.23,3088.94,3076.32,3118.12,32756592700.0,374142821100.0,0.0012641651323808123
sh000001,2022-11-21,3078.06,3085.04,3056.17,3085.24,25604554900.0,345025496500.0,-0.00393899084346061
sh000001,2022-11-18,3116.73,3097.24,3096.89,3126.71,29995427600.0,389207386500.0,-0.005838680374779748
sh000001,2022-11-17,3110.96,3115.43,3087.17,3115.44,28702840700.0,377900109300.0,-0.0014583426816838774
sh000001,2022-11-16,3133.65,3119.98,3115.35,3145.75,30342984400.0,386992905100.0,-0.004498927915050022
sh000001,2022-11-15,3081.13,3134.08,3074.50,3135.59,33147057700.0,446460007900.0,0.01643640137510527
sh000001,2022-11-14,3100.87,3083.4,3075.22,3121.41,36178821600.0,454546731400.0,-0.0012600047290665106
sh000001,2022-11-11,3099.65,3087.29,3070.30,3117.74,40960453400.0,513784597299.99994,0.016850398368976283
sh000001,2022-11-10,3031.69,3036.13,3022.85,3047.98,27037179800.0,335925917700.00006,-0.003949910930164613
sh000001,2022-11-09,3064.46,3048.17,3046.19,3073.92,23563732400.0,306860895700.0,-0.005325519091267994
sh000001,2022-11-08,3077.31,3064.49,3047.46,3078.28,25652200700.0,338966942000.0,-0.004330987517138896
sh000001,2022-11-07,3062.86,3077.82,3054.46,3088.19,32056709700.0,424429131500.0,0.0022860492379834785
sh000001,2022-11-04,2997.00,3070.8,2997.00,3081.59,32980674000.0,458770093700.0,0.024347773874928702
sh000001,2022-11-03,2981.20,2997.81,2977.72,3003.72,25934856700.0,370653283800.0,-0.0018512537582782151
sh000001,2022-11-02,2960.65,3003.37,2954.95,3019.05,32507824800.0,457581522000.0,0.011508150343526813
sh000001,2022-11-01,2899.50,2969.2,2896.76,2969.20,31980957800.0,431015902900.0,0.026169180364128852
sh000001,2022-10-31,2893.20,2893.48,2885.09,2926.02,30199420300.0,396654162100.0,-0.0076990874266528175
sh000001,2022-10-28,2967.02,2915.93,2908.98,2974.24,29253130800.0,385261361900.0,-0.02245130577625809
sh000001,2022-10-27,3005.04,2982.9,2981.69,3017.26,26560825400.0,381330371100.0,-0.0055342557092848965
sh000001,2022-10-26,2977.56,2999.5,2977.56,3028.35,26868949200.0,372845274600.0,0.007801685325305341
sh000001,2022-10-25,2969.16,2976.28,2944.26,3001.72,25555416000.0,337519280800.0,-0.0004298821854135104
sh000001,2022-10-24,3034.75,2977.56,2965.17,3064.42,29808535600.0,394725942500.0,-0.0201946079705686
sh000001,2022-10-21,3038.04,3038.93,3026.96,3055.42,24525412200.0,315110985800.0,0.00127839739048774
sh000001,2022-10-20,3029.30,3035.05,3013.69,3070.26,24473614500.0,340091337800.0,-0.0030646634125831573
sh000001,2022-10-19,3073.26,3044.38,3044.38,3081.39,23089531000.0,313108348700.0,-0.011872922725384316
sh000001,2022-10-18,3094.93,3080.96,3074.22,3099.92,24563475700.0,326002905400.0,-0.0012901385440236002
sh000001,2022-10-17,3060.52,3084.94,3052.71,3087.19,26260861800.0,349214469700.0,0.00421550851402519
sh000001,2022-10-14,3035.03,3071.99,3035.03,3084.27,27730406100.0,372050694600.0,0.01844275882189117
sh000001,2022-10-13,3008.30,3016.36,3004.50,3036.25,24968328100.0,317764786700.0,-0.0030242835092265663
sh000001,2022-10-12,2976.72,3025.51,2934.09,3025.51,24801355700.0,306871328800.0,0.01534336312290474
sh000001,2022-10-11,2978.06,2979.79,2953.50,2986.91,20863595000.0,246715637000.0,0.00189634013079365
sh000001,2022-10-10,3026.94,2974.15,2968.28,3029.45,24340482800.0,290120024200.0,-0.016611614242872053
sh000001,2022-09-30,3042.17,3024.39,3021.93,3054.61,20411533600.0,240262768400.0,-0.005527423385505714
sh000001,2022-09-29,3067.47,3041.2,3026.08,3076.76,23003041600.0,276441059400.0,-0.001270906744344269
sh000001,2022-09-28,3089.10,3045.07,3044.86,3089.10,23009865000.0,276039741600.0,-0.01576994434137291
sh000001,2022-09-27,3056.39,3093.86,3048.37,3094.04,23273530300.0,290065702700.0,0.013971414806488003
sh000001,2022-09-26,3067.57,3051.23,3048.51,3102.65,26269862800.0,293536440800.0,-0.012025761162036908
sh000001,2022-09-23,3106.81,3088.37,3072.24,3124.66,24305771900.0,285552915200.0,-0.006606817180297875
sh000001,2022-09-22,3098.77,3108.91,3092.82,3125.68,22114068900.0,269978597700.0,-0.0026530389647052566
sh000001,2022-09-21,3116.01,3117.18,3091.30,3129.82,23297249600.0,269513754500.0,-0.0016749882302452557
sh000001,2022-09-20,3127.84,3122.41,3114.04,3140.03,21994253400.0,268600300200.0,0.0021857748106304253
sh000001,2022-09-19,3122.75,3115.6,3101.22,3135.56,24911366200.0,289918817100.0,-0.0034544524053224945
sh000001,2022-09-16,3189.83,3126.4,3126.40,3191.83,31647589300.0,355085342900.0,-0.02297557438935971
sh000001,2022-09-15,3248.97,3199.92,3174.39,3254.18,32520612100.0,392490591500.0,-0.011619933653329362
sh000001,2022-09-14,3224.68,3237.54,3221.96,3250.80,25519336500.0,306452822200.0,-0.00804583614192056
sh000001,2022-09-13,3272.05,3263.8,3259.66,3278.17,27618982300.0,339021890600.0,0.0005364724636347518
sh000001,2022-09-09,3241.18,3262.05,3236.51,3266.20,28382766500.0,338566713300.0,0.008177797557787025
sh000001,2022-09-08,3245.56,3235.59,3233.80,3253.70,28168035800.0,328657091600.0,-0.003296070283307917
sh000001,2022-09-07,3232.14,3246.29,3227.82,3253.77,30101446600.0,368608741500.0,0.0008756108464751389
sh000001,2022-09-06,3207.93,3243.45,3203.82,3244.64,31886968900.0,378636070300.0,0.013606632686544273
sh000001,2022-09-05,3183.95,3199.91,3172.04,3199.91,28067563300.0,339591536300.0,0.004214682031583372
sh000001,2022-09-02,3189.64,3186.48,3173.79,3198.28,25045691100.0,313337604100.0,0.00047096057118101164
sh000001,2022-09-01,3196.54,3184.98,3181.63,3214.56,27466054100.0,336978641200.0,-0.00535891622477469
sh000001,2022-08-31,3216.53,3202.14,3184.39,3232.02,34440882900.0,431758007400.0,-0.0077713945748972835
sh000001,2022-08-30,3240.18,3227.22,3212.63,3243.75,29431891400.0,353775673800.0,-0.004168813816640138
sh000001,2022-08-29,3203.10,3240.73,3199.00,3240.73,29701509700.0,363729979799.99994,0.0013936011766815248
sh000001,2022-08-26,3250.63,3236.22,3232.28,3266.27,30992755400.0,397556251300.0,-0.0030897189064305053
sh000001,2022-08-25,3223.46,3246.25,3199.12,3248.35,33619616500.0,419464277000.0,0.009657253048021897
sh000001,2022-08-24,3279.17,3215.2,3212.39,3281.88,36614057700.0,458360278400.00006,-0.01862512285499751
sh000001,2022-08-23,3274.43,3276.22,3262.63,3284.60,31656635600.0,418311744000.0,-0.00047898126481571435
sh000001,2022-08-22,3249.70,3277.79,3247.19,3278.17,31453786900.0,427653295800.0,0.0060495752099396505
sh000001,2022-08-19,3275.62,3258.08,3258.06,3286.49,33353547100.0,457863361100.0,-0.0059373798641664255
sh000001,2022-08-18,3286.37,3277.54,3270.56,3289.14,30169477800.0,418075199700.0,-0.004552729967532643
sh000001,2022-08-17,3282.10,3292.53,3263.35,3296.00,32612475900.0,423859011400.0,0.004469352142238314
sh000001,2022-08-16,3278.68,3277.88,3271.57,3295.02,30359227400.0,409210082299.99994,0.0005463830358751753
sh000001,2022-08-15,3268.37,3276.09,3261.82,3286.89,28710677300.0,387257744600.0,-0.00024413391966149334
sh000001,2022-08-12,3275.77,3276.89,3272.84,3288.22,29993292800.0,403906156300.0,-0.0014565754631027383
sh000001,2022-08-11,3243.47,3281.67,3237.90,3281.67,30060537600.0,427399149600.0,0.015990613061219516
sh000001,2022-08-10,3242.36,3230.02,3217.81,3253.17,25758359200.0,390066120100.0,-0.005361162519284424
sh000001,2022-08-09,3235.74,3247.43,3227.54,3248.77,25960546700.0,391415560300.0,0.0032438143549597953
sh000001,2022-08-08,3218.85,3236.93,3214.08,3237.97,25426805000.0,392277178500.0,0.0030678363696647892
sh000001,2022-08-05,3195.23,3227.03,3184.45,3228.89,27468372900.0,414055641500.0,0.011912675915008997
sh000001,2022-08-04,3179.43,3189.04,3155.70,3191.00,26089894300.0,371146916100.0,0.008019167612298261
sh000001,2022-08-03,3188.89,3163.67,3159.46,3217.55,32488567300.0,455409764900.0,-0.007092933116151445
sh000001,2022-08-02,3231.26,3186.27,3155.19,3231.26,39417616800.0,475962696200.0,-0.02260457183523723
sh000001,2022-08-01,3246.62,3259.96,3225.55,3264.30,29220480500.0,399000239700.0,0.0020656330304558157
sh000001,2022-07-29,3282.81,3253.24,3246.37,3294.80,30733104700.0,410553093400.00006,-0.008938091379341873
sh000001,2022-07-28,3287.50,3282.58,3277.11,3305.71,28805505600.0,395925555500.0,0.002081959606320183
sh000001,2022-07-27,3271.78,3275.76,3265.73,3282.57,24913148500.0,339768241100.0,-0.000512595196250687
sh000001,2022-07-26,3254.19,3277.44,3246.04,3282.41,25946867600.0,334421587000.0,0.008322078273684141
sh000001,2022-07-25,3269.71,3250.39,3243.03,3273.18,27124574400.0,348281871000.0,-0.005987822518249364
sh000001,2022-07-22,3276.20,3269.97,3246.73,3293.64,30069006600.0,383576011599.99994,-0.0006204156479218126
sh000001,2022-07-21,3297.66,3272.0,3272.00,3300.53,33235870700.0,420696576700.0,-0.009900990099009799
sh000001,2022-07-20,3291.55,3304.72,3287.74,3308.35,30151512300.0,383422746800.0,0.007711705997688556
sh000001,2022-07-19,3278.72,3279.43,3256.02,3283.93,31565191800.0,396042358300.0,0.00040572282724737896
sh000001,2022-07-18,3235.09,3278.1,3226.23,3278.47,34834602200.0,423357272299.99994,0.015501570602776793
sh000001,2022-07-15,3261.38,3228.06,3228.06,3288.92,38015637100.0,460877019099.99994,-0.016357176375946803
sh000001,2022-07-14,3277.45,3281.74,3261.49,3299.25,35592643200.0,431969353500.0,-0.0007764235192385671
sh000001,2022-07-13,3279.60,3284.29,3266.48,3297.02,33184566900.0,394134617500.0,0.0008593709526523163
sh000001,2022-07-12,3307.22,3281.47,3277.08,3319.25,33460053900.0,410950560700.0,-0.009690425461283625
sh000001,2022-07-11,3341.10,3313.58,3297.01,3341.10,34266919300.0,424942266300.0,-0.012663583704798476
sh000001,2022-07-08,3380.37,3356.08,3354.12,3386.31,32292107200.0,421883933100.0,-0.002472952086553404
sh000001,2022-07-07,3353.13,3364.4,3332.31,3375.86,33440020200.0,438203112900.0,0.002697185092464416
sh000001,2022-07-06,3391.03,3355.35,3333.10,3391.03,38463004700.0,487474666900.0,-0.014300696527351442
sh000001,2022-07-05,3411.13,3404.03,3372.06,3424.84,41169967200.0,516605703900.0,-0.00041110814199663004
sh000001,2022-07-04,3381.82,3405.43,3364.09,3405.62,35773791900.0,489347955300.0,0.005251443482778617
sh000001,2022-07-01,3400.26,3387.64,3378.36,3404.05,35048929900.0,458435288500.0,-0.0032307230581823942
sh000001,2022-06-30,3358.93,3398.62,3358.93,3417.01,38124317800.0,510307202900.0,0.011036673885623127
sh000001,2022-06-29,3399.68,3361.52,3358.47,3414.65,44057355900.0,561306976800.0,-0.013988577999008545
sh000001,2022-06-28,3377.68,3409.21,3358.87,3412.10,41205651600.0,525512509300.0,0.008883785759309148
sh000001,2022-06-27,3364.00,3379.19,3364.00,3393.31,41411773800.0,541573846100.0,0.008788715575789308
sh000001,2022-06-24,3324.74,3349.75,3322.95,3356.71,39081973400.0,509615998500.0,0.008915259852717572
sh000001,2022-06-23,3269.05,3320.15,3262.29,3320.15,40061421100.0,474200107500.0,0.0162065377081293
sh000001,2022-06-22,3309.12,3267.2,3266.54,3311.02,37552978200.0,440850994300.0,-0.011951420138384905
sh000001,2022-06-21,3313.79,3306.72,3279.83,3329.39,39445689100.0,471793645400.0,-0.0026271102089321374
sh000001,2022-06-20,3315.78,3315.43,3292.93,3333.90,41346041000.0,527751758000.0,-0.00041003500372349677
sh000001,2022-06-17,3265.51,3316.79,3262.89,3323.28,39530070000.0,497252170200.00006,0.009560537898203547
sh000001,2022-06-16,3306.84,3285.38,3277.53,3319.69,43322086800.0,506053993800.0,-0.0060597626315644915
sh000001,2022-06-15,3289.10,3305.41,3288.85,3358.55,55058413100.0,621972527700.0,0.005016859689076281
sh000001,2022-06-14,3224.21,3288.91,3195.82,3289.13,45038818700.0,513844989500.0,0.01024711646265608
sh000001,2022-06-13,3256.28,3255.55,3229.31,3272.99,43857831200.0,511966171800.0,-0.00891370329666974
sh000001,2022-06-10,3214.18,3284.83,3210.81,3286.62,43986573000.0,504153681100.0,0.014165084363759961
sh000001,2022-06-09,3259.49,3238.95,3223.48,3270.56,42272837200.0,468458214300.0,-0.007610783782044828
sh000001,2022-06-08,3245.02,3263.79,3216.01,3266.63,43418327000.0,508408534900.0,0.006795691229455558
sh000001,2022-06-07,3235.42,3241.76,3222.64,3253.09,40220322000.0,482203196900.0,0.0016654461634486584
sh000001,2022-06-06,3196.96,3236.37,3181.65,3237.07,42202783500.0,517314346900.0,0.012802538601641045
sh000001,2022-06-02,3170.31,3195.46,3163.76,3197.28,36177063200.0,413729263900.0,0.004179550996807224
sh000001,2022-06-01,3179.69,3182.16,3160.04,3190.61,36566443200.0,402419941200.0,-0.0013400576821082089
sh000001,2022-05-31,3149.94,3186.43,3142.00,3188.60,37452326500.0,432528021900.0,0.011867033336932176
sh000001,2022-05-30,3141.96,3149.06,3123.15,3150.89,34936228500.0,376667694200.0,0.006012318544265094
sh000001,2022-05-27,3135.03,3130.24,3112.54,3151.05,35946386600.0,372631595500.0,0.002282980746755481
sh000001,2022-05-26,3111.48,3123.11,3079.48,3133.28,37030551800.0,377364655300.0,0.005036267562575247
sh000001,2022-05-25,3070.17,3107.46,3069.95,3107.63,34225922700.0,342322167700.00006,0.011895419302947463
sh000001,2022-05-24,3149.06,3070.93,3070.93,3153.13,41631215800.0,438605376500.0,-0.024128814119471542
sh000001,2022-05-23,3150.49,3146.86,3127.90,3150.51,35337632500.0,381178569200.0,9.21638482538345e-05
sh000001,2022-05-20,3107.09,3146.57,3107.09,3146.57,37233663600.0,415306218200.0,0.016018934697251463
sh000001,2022-05-19,3046.71,3096.96,3042.67,3096.96,33660074900.0,360018210700.0,0.0035580269476795934
sh000001,2022-05-18,3095.89,3085.98,3071.31,3105.84,31503792300.0,338849162200.0,-0.002495393864951234
sh000001,2022-05-17,3076.50,3093.7,3057.64,3093.70,33035653700.0,351671298500.0,0.006490443269621782
sh000001,2022-05-16,3100.55,3073.75,3063.40,3102.58,33810849200.0,348957705500.0,-0.0034140869181786826
sh000001,2022-05-13,3068.03,3084.28,3059.25,3086.10,33173785200.0,340942192700.00006,0.009587592758077967
sh000001,2022-05-12,3044.80,3054.99,3032.95,3072.16,34444047700.0,368879652299.99994,-0.0012129335992415724
sh000001,2022-05-11,3035.39,3058.7,3034.67,3100.90,42399191200.0,472963382200.0,0.007530041108885666
sh000001,2022-05-10,2965.78,3035.84,2957.40,3043.78,37066098000.0,384012598400.00006,0.010552104762095116
sh000001,2022-05-09,2990.20,3004.14,2983.61,3015.94,29206155600.0,299983258900.0,0.0008595530324231326
sh000001,2022-05-06,3011.32,3001.56,2992.72,3030.69,34326421800.0,346214397700.00006,-0.021579263045349184
sh000001,2022-05-05,3044.85,3067.76,3042.12,3082.23,38307287500.0,409352003200.0,0.006793433670489124
sh000001,2022-04-29,2986.06,3047.06,2968.33,3048.49,42393279400.0,440422728800.0,0.024056622796994054
sh000001,2022-04-28,2945.81,2975.48,2936.79,2991.51,37537177500.0,388743021900.0,0.005814189326230013
sh000001,2022-04-27,2866.82,2958.28,2863.65,2959.18,42306019100.0,422928346500.0,0.024892341057985323
sh000001,2022-04-26,2930.45,2886.43,2878.26,2957.68,40161515400.0,395985961300.0,-0.014369081888059299
sh000001,2022-04-25,3034.27,2928.51,2928.51,3043.82,43360610800.0,427077210400.0,-0.051316522618014004
sh000001,2022-04-22,3058.40,3086.92,3049.36,3105.66,34200056300.0,348793631100.0,0.0023085839710892397
sh000001,2022-04-21,3138.43,3079.81,3069.68,3160.90,39193469400.0,396542033900.0,-0.02260833690357189
sh000001,2022-04-20,3189.89,3151.05,3142.05,3191.83,36204703700.0,373572708100.0,-0.013456354511385271
sh000001,2022-04-19,3192.09,3194.03,3174.71,3207.83,33994410400.0,362769876700.0,-0.0004662777889044012
sh000001,2022-04-18,3185.94,3195.52,3166.98,3204.03,34736512300.0,366380807900.0,-0.004895305240343206
sh000001,2022-04-15,3210.70,3211.24,3200.13,3229.87,40784208200.0,413498819900.0,-0.004464230354286336
sh000001,2022-04-14,3203.63,3225.64,3200.23,3240.00,37124234400.0,401191632100.0,0.01218142223282137
sh000001,2022-04-13,3199.80,3186.82,3183.53,3225.47,39115692500.0,398216898500.0,-0.008250008558100097
sh000001,2022-04-12,3165.12,3213.33,3140.90,3214.54,41832192300.0,422455849000.0,0.014587339326140647
sh000001,2022-04-11,3239.86,3167.13,3156.51,3239.86,42416018500.0,435129505100.0,-0.026052862216891848
sh000001,2022-04-08,3239.88,3251.85,3208.35,3257.09,41382679900.0,414037258400.00006,0.004680693298730221
sh000001,2022-04-07,3267.81,3236.7,3236.48,3290.26,40262666000.0,398081845500.0,-0.014232068294436018
sh000001,2022-04-06,3269.43,3283.43,3255.69,3288.11,42964277900.0,433556392500.0,0.00021628405712337262
sh000001,2022-04-01,3234.67,3282.72,3226.30,3287.23,37821046000.0,405675715400.0,0.009384416702539866
sh000001,2022-03-31,3256.14,3252.2,3246.06,3272.04,39843993400.0,428089033600.0,-0.004408253229657766
sh000001,2022-03-30,3217.59,3266.6,3216.30,3266.60,36675367700.0,413008941300.0,0.019557170234149268
sh000001,2022-03-29,3216.01,3203.94,3196.46,3229.18,31627364900.0,363964468700.0,-0.0032851143257116577
sh000001,2022-03-28,3185.17,3214.5,3159.83,3230.22,34499487300.0,374472280000.0,0.0007035588872563725
sh000001,2022-03-25,3247.16,3212.24,3211.64,3257.11,34002000600.0,389770396000.0,-0.011697525736402814
sh000001,2022-03-24,3256.06,3250.26,3236.66,3266.89,32900665400.0,390727516500.0,-0.006349681904476601
sh000001,2022-03-23,3264.79,3271.03,3251.98,3279.89,34987537000.0,405422033500.0,0.0034265275195868306
sh000001,2022-03-22,3249.54,3259.86,3239.53,3279.11,36119615800.0,402798964000.0,0.0018963084989658263
sh000001,2022-03-21,3255.62,3253.69,3223.39,3267.50,35422848800.0,421076289700.0,0.000805888522855458
sh000001,2022-03-18,3207.15,3251.07,3197.36,3260.78,37303561100.0,428415081599.99994,0.011206703493580328
sh000001,2022-03-17,3215.01,3215.04,3202.93,3260.17,42081345800.0,532549484000.0,0.013981095716732117
sh000001,2022-03-16,3107.67,3170.71,3023.30,3177.79,44466718900.0,522305342500.0,0.03483715571627677
sh000001,2022-03-15,3192.36,3063.97,3063.97,3196.92,46503716400.0,508158410100.0,-0.04949853111340685
sh000001,2022-03-14,3271.89,3223.53,3223.53,3297.80,33796868700.0,418055596100.0,-0.026050305914343874
sh000001,2022-03-11,3259.32,3309.75,3217.42,3315.66,38406712700.0,458687054700.0,0.004144304312078795
sh000001,2022-03-10,3312.18,3296.09,3291.24,3326.58,37833637600.0,466084008400.00006,0.012191414419034707
sh000001,2022-03-09,3303.71,3256.39,3147.68,3321.48,46628556900.0,519833299600.0,-0.011276654531763852
sh000001,2022-03-08,3372.55,3293.53,3287.34,3383.63,41592676600.0,485623581000.0,-0.0235200986699714
sh000001,2022-03-07,3438.56,3372.86,3360.74,3438.56,39358899900.0,458156894799.99994,-0.02169303728626748
sh000001,2022-03-04,3459.98,3447.65,3437.70,3474.88,39352658100.0,430669055300.0,-0.009611876671521413
sh000001,2022-03-03,3495.93,3481.11,3473.34,3500.29,41259428900.0,443621777200.0,-0.0008839931232222931
sh000001,2022-03-02,3478.29,3484.19,3467.00,3486.62,32936768400.0,380143816200.0,-0.0013299587540808178
sh000001,2022-03-01,3471.36,3488.83,3465.72,3491.13,32600166200.0,412562471200.0,0.007659626087785254
sh000001,2022-02-28,3450.32,3462.31,3425.52,3462.31,34583838800.0,413804526700.0,0.0031581295760283457
sh000001,2022-02-25,3445.34,3451.41,3440.93,3480.18,37754255600.0,441659490600.0,0.006253717244515844
sh000001,2022-02-24,3474.37,3429.96,3400.21,3486.98,48835490100.0,569794044200.0,-0.01696401702420358
sh000001,2022-02-23,3458.51,3489.15,3458.18,3490.76,32560489500.0,415630339799.99994,0.009256179222770111
sh000001,2022-02-22,3473.29,3457.15,3437.67,3473.39,32627948400.0,387678927600.0,-0.009585717109616976
sh000001,2022-02-21,3488.41,3490.61,3471.69,3492.20,30154174000.0,345398586100.0,-4.297058520208452e-05
sh000001,2022-02-18,3451.63,3490.76,3447.03,3490.76,29514996300.0,327220393300.0,0.00655125085062469
sh000001,2022-02-17,3464.21,3468.04,3454.28,3480.97,29726268200.0,355783125700.0,0.0006376538953152266
sh000001,2022-02-16,3457.07,3465.83,3453.80,3475.06,27499391300.0,325563412500.0,0.005728231125710526
sh000001,2022-02-15,3428.04,3446.09,3421.64,3447.49,27555932200.0,341638876500.0,0.005019131611488259
sh000001,2022-02-14,3451.85,3428.88,3415.45,3457.26,31527444800.0,361677855100.0,-0.009838432550282161
sh000001,2022-02-11,3472.28,3462.95,3459.33,3500.15,36135609000.0,426297923500.0,-0.006586515429256701
sh000001,2022-02-10,3481.91,3485.91,3464.22,3488.86,35566626700.0,404969419400.0,0.001712668285463792
sh000001,2022-02-09,3450.82,3479.95,3444.08,3484.74,35024993600.0,393719989799.99994,0.007912808496711055
sh000001,2022-02-08,3428.54,3452.63,3390.46,3453.19,36609386500.0,387969865700.0,0.006720939590270536
sh000001,2022-02-07,3407.76,3429.58,3407.76,3434.03,32048521100.0,357140422900.0,0.020271074301489778
sh000001,2022-01-28,3407.59,3361.44,3356.56,3417.05,29085525700.0,353774612600.0,-0.009666347499447614
sh000001,2022-01-27,3456.10,3394.25,3392.02,3456.36,28060653400.0,346533957900.0,-0.017773687881076583
sh000001,2022-01-26,3442.69,3455.67,3417.76,3462.12,27512282800.0,338312361500.0,0.006585961212446145
sh000001,2022-01-25,3509.28,3433.06,3433.06,3519.83,32735381300.0,383727737500.0,-0.025836310444339206
sh000001,2022-01-24,3508.24,3524.11,3500.14,3531.61,28026834200.0,358009694300.0,0.0004371808083303286
sh000001,2022-01-21,3546.75,3522.57,3514.89,3547.00,32653488000.0,417768922600.0,-0.009139086260147478
sh000001,2022-01-20,3556.23,3555.06,3540.55,3576.26,37950984600.0,459701843400.00006,-0.0008768527730468323
sh000001,2022-01-19,3567.63,3558.18,3541.66,3578.73,33323526900.0,420763364200.0,-0.003285797120935796
sh000001,2022-01-18,3541.89,3569.91,3531.33,3579.31,37714643500.0,470832038600.0,0.00797363955422159
sh000001,2022-01-17,3522.09,3541.67,3519.43,3546.09,31288673300.0,438272981599.99994,0.005796220671009822
sh000001,2022-01-14,3544.07,3521.26,3519.32,3548.42,37693702400.0,463197641900.0,-0.009563294948892631
sh000001,2022-01-13,3601.03,3555.26,3555.16,3601.07,36936836500.0,457005419300.0,-0.01172225727811227
sh000001,2022-01-12,3578.16,3597.43,3572.10,3599.50,34313295600.0,435817893000.0,0.008406588478012234
sh000001,2022-01-11,3589.90,3567.44,3562.75,3602.15,35976186300.0,441300566900.0,-0.007257507958770226
sh000001,2022-01-10,3572.74,3593.52,3555.13,3593.52,35622261000.0,443400848600.0,0.003905529760807269
sh000001,2022-01-07,3588.99,3579.54,3577.10,3607.23,43630696100.0,502891435400.0,-0.0018237183777272126
sh000001,2022-01-06,3581.22,3586.08,3559.88,3594.49,37154054300.0,474284290000.0,-0.002531166728786838
sh000001,2022-01-05,3628.26,3595.18,3583.47,3628.26,42390202800.0,538963631700.0,-0.010227594959709041
sh000001,2022-01-04,3649.15,3632.33,3610.09,3651.89,40502776900.0,510251060600.0,-0.0020468270060278737
sh000001,2021-12-31,3626.24,3639.78,3624.94,3642.84,32968193200.0,433489803100.0,0.005689118283372929
sh000001,2021-12-30,3596.49,3619.19,3595.50,3628.92,30783929100.0,413947692800.0,0.00616902974701139
sh000001,2021-12-29,3630.92,3597.0,3596.32,3630.92,30513176600.0,410425339500.0,-0.009120935729220347
sh000001,2021-12-28,3619.64,3630.11,3607.36,3631.08,31620224200.0,408761369700.0,0.003910430672821041
sh000001,2021-12-27,3613.05,3615.97,3601.94,3632.19,32923529300.0,407482648400.00006,-0.0005748953165379822
sh000001,2021-12-24,3645.39,3618.05,3612.07,3648.96,39034762500.0,476261146300.0,-0.006941432861056085
sh000001,2021-12-23,3625.47,3643.34,3618.05,3643.55,38292573400.0,449988152700.00006,0.0057196172935611855
sh000001,2021-12-22,3632.68,3622.62,3616.55,3635.90,39482517700.0,432451306599.99994,-0.000692388962602819
sh000001,2021-12-21,3591.45,3625.13,3591.45,3627.09,40818434800.0,428379392299.99994,0.008773931433659898
sh000001,2021-12-20,3620.04,3593.6,3589.36,3643.95,42385141000.0,491828987600.0,-0.010670748494092108
sh000001,2021-12-17,3670.26,3632.36,3631.66,3673.65,40848783700.0,491952923500.0,-0.011608100091972218
sh000001,2021-12-16,3648.93,3675.02,3644.66,3675.02,38132950700.0,465911359500.0,0.007508985286336589
sh000001,2021-12-15,3655.05,3647.63,3645.24,3668.40,37747766700.0,481134370300.0,-0.0037962272601890223
sh000001,2021-12-14,3669.81,3661.53,3654.66,3671.68,36217193400.0,487468521300.0,-0.005310941354167764
sh000001,2021-12-13,3686.94,3681.08,3678.06,3708.94,42409200900.0,574187961700.0,0.00401761970351977
sh000001,2021-12-10,3654.37,3666.35,3651.35,3667.85,41998880100.0,556324240500.0,-0.0018213795657003873
sh000001,2021-12-09,3641.16,3673.04,3638.70,3688.40,43191815700.0,568529389600.0,0.009751015100740279
sh000001,2021-12-08,3602.82,3637.57,3591.99,3637.72,36103665700.0,486034352100.0,0.011816115869143662
sh000001,2021-12-07,3611.22,3595.09,3572.57,3614.22,40384259400.0,524119459400.0,0.0016103373628915119
sh000001,2021-12-06,3615.24,3589.31,3586.81,3626.13,41867674300.0,528229670800.0,-0.005022966488608227
sh000001,2021-12-03,3576.45,3607.43,3573.21,3608.47,37755104800.0,493565554799.99994,0.009398853893850756
sh000001,2021-12-02,3573.25,3573.84,3567.14,3586.87,35404152400.0,468424828200.0,-0.000852696057189295
sh000001,2021-12-01,3561.89,3576.89,3558.69,3576.89,32987351700.0,467522790600.0,0.00364769956424027
sh000001,2021-11-30,3570.75,3563.89,3546.36,3582.12,34918793800.0,493605518000.0,0.0003340163359251136
sh000001,2021-11-29,3528.67,3562.7,3526.36,3563.68,33361833100.0,490038170200.00006,-0.00039000137482503305
sh000001,2021-11-26,3576.11,3564.09,3554.88,3576.11,30100006600.0,434625236100.0,-0.005605187239480114
sh000001,2021-11-25,3593.39,3584.18,3579.53,3597.15,30645151800.0,450558843100.0,-0.00237147549196981
sh000001,2021-11-24,3590.02,3592.7,3575.29,3602.74,33677524600.0,481020420000.0,0.0010058259893175325
sh000001,2021-11-23,3580.51,3589.09,3577.36,3598.38,36001159300.0,508083893800.0,0.0019569635519027795
sh000001,2021-11-22,3562.76,3582.08,3562.75,3585.19,33000938500.0,509123407000.0,0.006097680859011856
sh000001,2021-11-19,3519.28,3560.37,3517.65,3561.91,31798997600.0,440593606000.0,0.011264773298567565
sh000001,2021-11-18,3531.49,3520.71,3513.11,3537.98,31242692700.0,432898314200.0,-0.004709713713860864
sh000001,2021-11-17,3518.56,3537.37,3513.52,3537.51,27673567100.0,401552317900.0,0.004423886716697911
sh000001,2021-11-16,3530.46,3521.79,3517.81,3549.77,31039990900.0,444700782800.0,-0.0032575779016783546
sh000001,2021-11-15,3542.90,3533.3,3521.29,3550.44,31301761200.0,464065405700.0,-0.0016388347319938878
sh000001,2021-11-12,3534.15,3539.1,3527.39,3543.65,30868335400.0,443398367000.0,0.0017861237152505538
sh000001,2021-11-11,3486.45,3532.79,3482.83,3534.20,32208795700.0,464803859200.0,0.011547734261809772
sh000001,2021-11-10,3498.94,3492.46,3448.44,3498.94,30703070800.0,443112742299.99994,-0.004145993726831998
sh000001,2021-11-09,3507.11,3507.0,3489.04,3514.95,28731598900.0,421200703300.0,0.0023923650114472395
sh000001,2021-11-08,3491.97,3498.63,3484.24,3507.27,29818372200.0,421968075400.0,0.0020220130199308795
sh000001,2021-11-05,3520.21,3491.57,3491.46,3525.87,35453356500.0,485823223500.0,-0.010008874724614092
sh000001,2021-11-04,3505.89,3526.87,3503.01,3527.95,31944082900.0,468829179600.0,0.00809766359681463
sh000001,2021-11-03,3501.11,3498.54,3480.49,3512.61,30660766900.0,449115126700.0,-0.002022461012713861
sh000001,2021-11-02,3543.38,3505.63,3477.66,3559.05,41756317300.0,585519469800.0,-0.010960705096375145
sh000001,2021-11-01,3530.40,3544.48,3519.29,3556.59,38225132500.0,564100255100.0,-0.0008062379134788911
sh000001,2021-10-29,3519.33,3547.34,3502.80,3547.34,35880937700.0,527231831400.0,0.00821959856981258
sh000001,2021-10-28,3548.70,3518.42,3509.49,3552.04,37817166600.0,502982768100.0,-0.01232065710171204
sh000001,2021-10-27,3589.86,3562.31,3553.13,3589.86,35062094000.0,470777794099.99994,-0.00982032665858723
sh000001,2021-10-26,3612.83,3597.64,3589.71,3625.02,33727829100.0,465179593700.0,-0.003385172832187422
sh000001,2021-10-25,3574.26,3609.86,3564.21,3611.09,32119681600.0,443961628800.0,0.007608999050968679
sh000001,2021-10-22,3594.75,3582.6,3578.76,3607.58,35315720300.0,455441250100.0,-0.003388246290454533
sh000001,2021-10-21,3590.05,3594.78,3576.35,3610.96,35231086700.0,453571672500.0,0.0021689434067466706
sh000001,2021-10-20,3583.24,3587.0,3574.30,3596.05,34424500800.0,450482950900.00006,-0.0017115901089573837
sh000001,2021-10-19,3562.30,3593.15,3560.62,3596.79,33419765200.0,440181531800.0,0.007009254121194797
sh000001,2021-10-18,3571.05,3568.14,3539.48,3571.05,34095061600.0,455787893400.00006,-0.001184087874436357
sh000001,2021-10-15,3551.99,3572.37,3542.69,3578.77,32029298400.0,425924720900.00006,0.003959778319862384
sh000001,2021-10-14,3555.11,3558.28,3547.18,3569.69,29496919600.0,377519263100.0,-0.0009770450563766353
sh000001,2021-10-13,3543.49,3561.76,3515.65,3569.13,32505066700.0,405020008800.0,0.0041782494206275
sh000001,2021-10-12,3581.30,3546.94,3515.14,3583.64,40539374800.0,461983492100.0,-0.012464814809658886
sh000001,2021-10-11,3600.36,3591.71,3586.75,3614.70,39436115900.0,468673831400.0,-0.0001280563002308277
sh000001,2021-10-08,3609.09,3592.17,3571.73,3612.55,40716114800.0,492964826400.0,0.006726136927332593
sh000001,2021-09-30,3541.93,3568.17,3541.93,3572.43,39562962600.0,445734703100.0,0.009015097743680478
sh000001,2021-09-29,3573.52,3536.29,3518.05,3573.52,45251115100.0,511106926300.0,-0.01830260228414693
sh000001,2021-09-28,3577.89,3602.22,3568.82,3610.92,44416880700.0,500081996100.0,0.005411922977087924
sh000001,2021-09-27,3625.96,3582.83,3559.92,3640.81,51080279500.0,640673648200.0,-0.008369613652655539
sh000001,2021-09-24,3637.87,3613.07,3607.79,3651.43,50730477200.0,606788609100.0,-0.00800336058777329
sh000001,2021-09-23,3651.27,3642.22,3632.28,3670.95,53499548600.0,633218929100.0,0.0037839431829769232
sh000001,2021-09-22,3563.21,3628.49,3560.50,3629.45,47229605300.0,559874729600.0,0.004017742261280599
sh000001,2021-09-17,3595.27,3613.97,3569.27,3620.96,51685021000.0,628834394300.0,0.001907354682028961
sh000001,2021-09-16,3664.84,3607.09,3606.73,3677.92,54674147400.0,673955340400.0001,-0.013437375212651204
sh000001,2021-09-15,3651.16,3656.22,3638.32,3677.53,47497000100.0,604231544100.0,-0.00174193196090211
sh000001,2021-09-14,3709.63,3662.6,3655.63,3723.85,56495238600.0,693778088300.0,-0.014203161461711744
sh000001,2021-09-13,3699.25,3715.37,3692.82,3716.83,55748401900.0,696192354700.0,0.00331073071013277
sh000001,2021-09-10,3691.19,3703.11,3681.64,3722.87,63520043300.0,759084638100.0,0.0027023148386329243
sh000001,2021-09-09,3666.82,3693.13,3662.16,3693.45,60481033000.0,679465424400.0,0.0048813802823799435
sh000001,2021-09-08,3673.40,3675.19,3661.00,3695.32,58643619300.0,674348482700.0,-0.000380787632017765
sh000001,2021-09-07,3621.71,3676.59,3615.14,3681.93,54772187500.0,658867924800.0,0.015111020304484413
sh000001,2021-09-06,3580.14,3621.86,3580.14,3626.29,52171327600.0,654085732900.0,0.011204082943158777
sh000001,2021-09-03,3602.74,3581.73,3569.40,3613.95,61453235300.0,743840780600.0,-0.00425627738362655
sh000001,2021-09-02,3559.90,3597.04,3557.68,3597.37,57268403900.0,691113292800.0,0.008393372767794505
sh000001,2021-09-01,3543.87,3567.1,3514.67,3582.32,66727630500.0,842528984400.0,0.006535099352697804
sh000001,2021-08-31,3519.02,3543.94,3496.39,3543.94,52420505600.0,703504818900.0,0.004475433300738407
sh000001,2021-08-30,3535.07,3528.15,3512.99,3539.49,51278571600.0,699116242800.0,0.0017006609580485499
sh000001,2021-08-27,3494.42,3522.16,3493.38,3530.19,45534590600.0,595518692600.0,0.005854366214880891
sh000001,2021-08-26,3537.31,3501.66,3499.45,3537.32,50290314700.0,622393476000.0,-0.01093667911354157
sh000001,2021-08-25,3517.92,3540.38,3510.07,3540.39,45004701900.0,598611868700.0,0.007372377627352211
sh000001,2021-08-24,3482.27,3514.47,3481.14,3522.70,43023646300.0,616084137900.0,0.01073874143330844
sh000001,2021-08-23,3436.80,3477.13,3436.67,3481.25,38472744000.0,564308155500.0,0.014530261165397018
sh000001,2021-08-20,3442.51,3427.33,3394.97,3453.15,39113691800.0,552667602600.0,-0.011028552466419539
sh000001,2021-08-19,3475.30,3465.55,3446.01,3480.46,38238303100.0,537926524400.0,-0.005663804159768526
sh000001,2021-08-18,3442.35,3485.29,3437.69,3487.44,38920375600.0,535463068100.0,0.01111407667001263
sh000001,2021-08-17,3512.11,3446.98,3438.12,3531.72,42288580400.0,570430624000.0,-0.020003752835949906
sh000001,2021-08-16,3514.34,3517.34,3510.90,3537.85,39109972100.0,535458941400.0,0.00029576543525866583
sh000001,2021-08-13,3514.47,3516.3,3500.80,3540.08,37818728200.0,532907854300.0,-0.0023945028569481996
sh000001,2021-08-12,3522.72,3524.74,3513.45,3538.40,38107459300.0,538163449900.0,-0.002230639015801339
sh000001,2021-08-11,3527.11,3532.62,3524.04,3544.09,38378355400.0,541942732600.0,0.0007620547716242765
sh000001,2021-08-10,3488.66,3529.93,3477.06,3529.93,34511299200.0,553440311800.0,0.010101212431645079
sh000001,2021-08-09,3441.75,3494.63,3438.70,3502.84,34991009400.0,539498929600.0,0.010525615705144098
sh000001,2021-08-06,3465.48,3458.23,3436.93,3466.39,33682440000.0,516406643100.0,-0.002400080771949087
sh000001,2021-08-05,3461.72,3466.55,3449.39,3486.16,34843692200.0,540401110900.00006,-0.0030685432615709107
sh000001,2021-08-04,3442.94,3477.22,3440.78,3477.60,34874421800.0,546820756000.0,0.00847740277669029
sh000001,2021-08-03,3446.78,3447.99,3435.46,3470.66,40069808100.0,603419198500.0,-0.004705148818372695
sh000001,2021-08-02,3385.69,3464.29,3367.64,3464.29,43292787100.0,657885783900.0,0.019700591047165927
sh000001,2021-07-30,3398.20,3397.36,3370.45,3404.88,38144095600.0,568820969700.0,-0.0042090206699259
sh000001,2021-07-29,3403.84,3411.72,3382.57,3416.61,34456942800.0,539748855400.0,0.014912586008406725
sh000001,2021-07-28,3355.82,3361.59,3312.72,3385.54,39582541900.0,564697720100.0,-0.005793835288272042
sh000001,2021-07-27,3467.45,3381.18,3380.28,3483.87,46907544300.0,702741087500.0,-0.02487714279122355
sh000001,2021-07-26,3538.01,3467.44,3424.74,3538.01,44288220300.0,639061193800.0,-0.023366381252816648
sh000001,2021-07-23,3571.72,3550.4,3541.51,3571.85,44642124600.0,604195152700.0,-0.006806108433364155
sh000001,2021-07-22,3563.66,3574.73,3558.29,3576.47,38106705400.0,566769499200.0,0.0033879180163136624
sh000001,2021-07-21,3543.05,3562.66,3543.05,3569.09,33897874800.0,517239989200.0,0.007314542282691239
sh000001,2021-07-20,3515.07,3536.79,3509.19,3538.64,29378059400.0,422649888600.0,-0.0006583557494518333
sh000001,2021-07-19,3530.49,3539.12,3506.34,3544.88,33676094600.0,486952459400.0,-5.0857514197755194e-05
sh000001,2021-07-16,3559.53,3539.3,3537.73,3566.00,36601477900.0,518640630100.0,-0.007094785094498901
sh000001,2021-07-15,3519.06,3564.59,3514.26,3565.93,36325916400.0,507481841300.0,0.010228142270086504
sh000001,2021-07-14,3560.83,3528.5,3525.49,3560.83,37222172200.0,507716415400.0,-0.010660251449592262
sh000001,2021-07-13,3547.59,3566.52,3542.82,3567.48,36241671100.0,511917230700.0,0.005265175430684499
sh000001,2021-07-12,3545.20,3547.84,3527.39,3565.03,40363955800.0,564759282700.0,0.006739328450749094
sh000001,2021-07-09,3512.23,3524.09,3485.05,3529.31,34988431700.0,493020839300.0,-0.00039994327045800304
sh000001,2021-07-08,3557.22,3525.5,3521.06,3558.68,35087785700.0,526858673000.0,-0.007940974528100053
sh000001,2021-07-07,3508.59,3553.72,3504.47,3557.88,31883918900.0,457607653200.0,0.0066454028881723914
sh000001,2021-07-06,3533.13,3530.26,3496.93,3538.35,31407021100.0,492886901200.0,-0.0011487358247130874
sh000001,2021-07-05,3516.92,3534.32,3510.58,3534.32,28809483700.0,445431942100.0,0.004422012299787337
sh000001,2021-07-02,3569.89,3518.76,3514.34,3569.89,29194554800.0,452263194300.0,-0.019510808687074666
sh000001,2021-07-01,3600.55,3588.78,3573.94,3607.70,29188319200.0,450639037000.0,-0.0006738694586766458
sh000001,2021-06-30,3572.62,3591.2,3569.50,3594.12,26816281800.0,414698378900.0,0.005043126850592383
sh000001,2021-06-29,3601.68,3573.18,3570.53,3601.83,30607117800.0,440898705200.00006,-0.009203159964174534
sh000001,2021-06-28,3612.25,3606.37,3594.22,3614.36,32127497400.0,456029594400.0,-0.00032986284358405005
sh000001,2021-06-25,3567.38,3607.56,3564.52,3614.30,34608783200.0,483898970900.00006,0.01147014705676197
sh000001,2021-06-24,3568.58,3566.65,3548.82,3570.49,33544075400.0,461273595600.0,0.00012057584781643982
sh000001,2021-06-23,3559.40,3566.22,3549.85,3577.47,31070951800.0,470347635600.0,0.002476520839599594
sh000001,2021-06-22,3539.79,3557.41,3536.81,3560.19,30753639900.0,437092259200.0,0.007999025269326054
sh000001,2021-06-21,3515.50,3529.18,3504.01,3540.30,28089827700.0,426562789099.99994,0.0011574139740715417
sh000001,2021-06-18,3520.50,3525.1,3503.18,3535.62,29670858500.0,446297401400.0,-0.00014181983208527704
sh000001,2021-06-17,3508.32,3525.6,3507.35,3534.20,27722991800.0,388761041700.0,0.002066321237632618
sh000001,2021-06-16,3556.71,3518.33,3513.56,3561.09,31259730600.0,410609314700.0,-0.010749150864880708
sh000001,2021-06-15,3587.47,3556.56,3547.19,3592.95,34916856600.0,444719204200.0,-0.009245769203983567
sh000001,2021-06-11,3614.11,3589.75,3587.15,3614.40,36055497000.0,495372693100.0,-0.00584625269326422
sh000001,2021-06-10,3587.53,3610.86,3584.13,3624.34,31817480800.0,442117285400.0,0.00541849974940134
sh000001,2021-06-09,3576.80,3591.4,3572.64,3598.71,29832329600.0,403236322800.0,0.0031535343886082146
sh000001,2021-06-08,3598.75,3580.11,3563.25,3621.52,30449147000.0,443161808000.0,-0.005397911955416501
sh000001,2021-06-07,3597.14,3599.54,3581.90,3600.38,30371867700.0,432219952200.0,0.00214374805113815
sh000001,2021-06-04,3565.47,3591.84,3561.89,3618.80,33089303800.0,435280519900.0,0.0021287815167081447
sh000001,2021-06-03,3595.42,3584.21,3584.21,3618.51,35423303100.0,443506527299.99994,-0.003594522314950166
sh000001,2021-06-02,3626.33,3597.14,3584.60,3629.29,34855842000.0,454678066400.0,-0.007606125731437818
sh000001,2021-06-01,3608.60,3624.71,3581.91,3626.07,35281141300.0,471663104799.99994,0.002552911369997801
sh000001,2021-05-31,3600.07,3615.48,3580.65,3615.66,33152377000.0,449694381000.0,0.00408244880275932
sh000001,2021-05-28,3610.77,3600.78,3582.36,3622.18,34920883000.0,452445032000.0,-0.00223616941685012
sh000001,2021-05-27,3585.73,3608.85,3579.26,3626.36,30955148600.0,429004239300.0,0.00431072867733806
sh000001,2021-05-26,3586.84,3593.36,3585.37,3603.49,34198028800.0,455831256700.0,0.003356285636102685
sh000001,2021-05-25,3502.54,3581.34,3502.44,3584.58,34124112700.0,472213531400.0,0.02403582212462263
sh000001,2021-05-24,3486.27,3497.28,3469.87,3498.30,28950924200.0,367181627900.0,0.003074663852049131
sh000001,2021-05-21,3510.84,3486.56,3479.67,3518.38,28382628500.0,356025931300.0,-0.005811334097532317
sh000001,2021-05-20,3500.88,3506.94,3486.07,3517.74,32600933300.0,390355321500.0,-0.0011449859867386225
sh000001,2021-05-19,3521.11,3510.96,3503.82,3521.11,27832111700.0,349973152299.99994,-0.00511474889558261
sh000001,2021-05-18,3520.65,3529.01,3510.86,3529.01,27130855800.0,336028774700.0,0.003237984773795999
sh000001,2021-05-17,3490.41,3517.62,3490.14,3530.51,32213596900.0,424476783400.00006,0.007804307840407088
sh000001,2021-05-14,3436.09,3490.38,3422.56,3490.64,33698230900.0,411116942800.0,0.01773998845326208
sh000001,2021-05-13,3432.14,3429.54,3418.38,3448.02,31932532700.0,356376917800.0,-0.009590643274853816
sh000001,2021-05-12,3429.75,3462.75,3428.39,3466.37,31144454700.0,343860406400.0,0.0060723157604196665
sh000001,2021-05-11,3406.60,3441.85,3384.70,3448.10,35093411200.0,390326273800.0,0.004043185656900983
sh000001,2021-05-10,3423.59,3427.99,3401.93,3429.74,37417088400.0,399717549000.0,0.0026675480495017556
sh000001,2021-05-07,3446.41,3418.87,3416.78,3457.89,35378538900.0,411078841599.99994,-0.006512111772363882
sh000001,2021-05-06,3446.07,3441.28,3426.85,3471.24,31042419200.0,400525169600.0,-0.0016188647058481553
sh000001,2021-04-30,3468.30,3446.86,3426.90,3469.09,31266035400.0,401442334700.0,-0.008069296958185812
sh000001,2021-04-29,3458.08,3474.9,3447.59,3478.23,27663138700.0,371611589900.0,0.005157546708628891
sh000001,2021-04-28,3432.16,3457.07,3423.33,3457.07,24738112000.0,349669207299.99994,0.004200301515419946
sh000001,2021-04-27,3440.09,3442.61,3417.26,3443.85,25303239300.0,327046020000.0,0.00041846232531383976
sh000001,2021-04-26,3484.11,3441.17,3438.57,3497.12,27697077100.0,388161675600.0,-0.009498671625165156
sh000001,2021-04-23,3462.09,3474.17,3456.33,3482.36,24936043300.0,323015935300.0,0.0026146356104135293
sh000001,2021-04-22,3482.83,3465.11,3456.32,3485.36,25111451000.0,317081034900.0,-0.002251701013265328
sh000001,2021-04-21,3456.30,3472.93,3450.11,3481.25,25377785900.0,323914146200.0,-2.879404769506877e-06
sh000001,2021-04-20,3467.15,3472.94,3463.46,3494.30,28530008200.0,358982768200.0,-0.0013256459288867317
sh000001,2021-04-19,3427.55,3477.55,3414.36,3479.01,30273581900.0,368472467500.0,0.014863042881906985
sh000001,2021-04-16,3407.19,3426.62,3394.13,3432.63,25857967200.0,295951094700.0,0.008128885345352721
sh000001,2021-04-15,3409.61,3398.99,3373.09,3409.61,23400505400.0,272569196800.0,-0.005189187290735031
sh000001,2021-04-14,3397.02,3416.72,3392.98,3420.03,23324232700.0,269010070600.0,0.00596207238691937
sh000001,2021-04-13,3411.29,3396.47,3387.90,3425.39,27062605400.0,290539879900.0,-0.004828667281970178
sh000001,2021-04-12,3445.97,3412.95,3403.90,3456.16,30957723900.0,338890339600.0,-0.010934076761681788
sh000001,2021-04-09,3475.44,3450.68,3442.14,3475.45,28008519600.0,306422226300.0,-0.009151340253549911
sh000001,2021-04-08,3467.49,3482.55,3459.32,3495.91,33175532900.0,348011326800.0,0.0008391696818339511
sh000001,2021-04-07,3483.42,3479.63,3453.19,3483.42,29578697800.0,323650987000.0,-0.0009589516992680736
sh000001,2021-04-06,3491.63,3482.97,3471.76,3493.28,23474667100.0,286329672700.0,-0.0004075318778896664
sh000001,2021-04-02,3472.63,3484.39,3462.83,3487.59,26265487300.0,317953200800.0,0.005210121367555942
sh000001,2021-04-01,3444.81,3466.33,3438.83,3470.03,27524429500.0,292651912300.0,0.007094897890996599
sh000001,2021-03-31,3452.21,3441.91,3420.83,3452.21,28304926100.0,314174120200.0,-0.004272886121943542
sh000001,2021-03-30,3432.53,3456.68,3423.32,3457.63,28542308100.0,331625651200.0,0.006223619480103526
sh000001,2021-03-29,3429.63,3435.3,3409.89,3449.83,28482424300.0,327944119700.0,0.004964412447013622
sh000001,2021-03-26,3373.32,3418.33,3373.32,3423.22,27461498700.0,322408619900.0,0.016274278375188356
sh000001,2021-03-25,3355.07,3363.59,3344.97,3382.23,27067609700.0,290223442600.0,-0.0010305726657676706
sh000001,2021-03-24,3394.13,3367.06,3362.18,3415.29,31739869700.0,344800038200.0,-0.013029420989532525
sh000001,2021-03-23,3445.34,3411.51,3390.05,3445.42,32638940900.0,343477167700.00006,-0.009272704040145907
sh000001,2021-03-22,3406.12,3443.44,3404.23,3443.66,31255908400.0,332535035800.0,0.01139027098153722
sh000001,2021-03-19,3423.87,3404.66,3389.29,3439.52,30916171600.0,339992292800.0,-0.01686653749418876
sh000001,2021-03-18,3449.64,3463.07,3449.38,3478.14,28440389100.0,316529174100.0,0.005084819549854069
sh000001,2021-03-17,3435.73,3445.55,3410.28,3454.06,28005981800.0,306630472100.0,-0.0003423534770636838
sh000001,2021-03-16,3424.65,3446.73,3406.17,3448.88,31666874700.0,332388484700.0,0.007830523838067815
sh000001,2021-03-15,3441.88,3419.95,3392.51,3457.49,36781329300.0,381646491300.0,-0.009594333175020564
sh000001,2021-03-12,3447.20,3453.08,3417.24,3454.51,35802703500.0,381964281200.0,0.0047281942953245615
sh000001,2021-03-11,3369.90,3436.83,3369.90,3436.83,32211204400.0,369805365500.0,0.023554533704217784
sh000001,2021-03-10,3389.84,3357.74,3354.82,3397.03,29974916600.0,339571691500.0,-0.0004614070235079426
sh000001,2021-03-09,3415.34,3359.29,3328.31,3429.15,40765253900.0,456196190300.0,-0.01815625721559233
sh000001,2021-03-08,3524.98,3421.41,3421.22,3542.30,38704795400.0,453859203300.0,-0.023009774442531272
sh000001,2021-03-05,3463.31,3501.99,3456.67,3523.57,35640922300.0,408849901900.0,-0.0004281445073340828
sh000001,2021-03-04,3546.64,3503.49,3487.38,3552.20,39361612000.0,462233734200.0,-0.020523358215214338
sh000001,2021-03-03,3500.16,3576.9,3498.72,3577.62,34765684600.0,415490345700.0,0.01946935948628936
sh000001,2021-03-02,3566.85,3508.59,3485.36,3566.85,33983048600.0,427680453100.0,-0.012054401081263766
sh000001,2021-03-01,3531.48,3551.4,3511.99,3552.57,31548752600.0,402477044200.0,0.012060141119609735
sh000001,2021-02-26,3514.56,3509.08,3500.70,3550.41,33328006700.0,424485913900.0,-0.021190778371291907
sh000001,2021-02-25,3595.54,3585.05,3568.47,3608.56,36623229900.0,444735017100.0,0.005883706314111947
sh000001,2021-02-24,3638.94,3564.08,3531.59,3645.65,36215895200.0,484430414600.0,-0.019877019877019952
sh000001,2021-02-23,3617.70,3636.36,3617.70,3672.15,39887317400.0,479631810200.00006,-0.0016692107488386343
sh000001,2021-02-22,3707.19,3642.44,3642.44,3717.27,48882147800.0,599323102100.0,-0.014536669038491157
sh000001,2021-02-19,3661.78,3696.17,3634.01,3699.65,36105980400.0,484990205800.0,0.005662030386138994
sh000001,2021-02-18,3721.09,3675.36,3663.66,3731.69,34030906500.0,483546564600.0,0.005545691077374348
sh000001,2021-02-10,3612.61,3655.09,3612.50,3662.77,25794082400.0,392643389600.0,0.01431945142070612
sh000001,2021-02-09,3539.77,3603.49,3528.68,3604.01,25382176000.0,371567972500.0,0.020110688049370884
sh000001,2021-02-08,3504.56,3532.45,3492.13,3542.21,24979961900.0,359187319200.0,0.010330832615914387
sh000001,2021-02-05,3509.49,3496.33,3492.96,3536.54,29014617400.0,397391919600.0,-0.0015791607888380188
sh000001,2021-02-04,3503.78,3501.86,3465.77,3524.72,29883485400.0,418742552800.0,-0.0043925613608125635
sh000001,2021-02-03,3531.15,3517.31,3508.51,3544.01,29735171600.0,413731472000.0,-0.004632564352176738
sh000001,2021-02-02,3510.81,3533.68,3495.57,3535.50,26454063000.0,384127851100.0,0.008102063173270002
sh000001,2021-02-01,3477.17,3505.28,3469.88,3506.39,27756790100.0,371473066300.0,0.006376558610651006
sh000001,2021-01-29,3521.72,3483.07,3446.55,3531.60,29366266400.0,416528621000.0,-0.0063078073023352665
sh000001,2021-01-28,3534.67,3505.18,3496.88,3549.54,27086246100.0,391574388000.0,-0.019074591278747666
sh000001,2021-01-27,3567.55,3573.34,3546.49,3578.80,26410716100.0,396270389600.0,0.0010954129931111112
sh000001,2021-01-26,3610.97,3569.43,3564.74,3610.97,27813988400.0,436326664600.0,-0.015123170650950257
sh000001,2021-01-25,3605.36,3624.24,3591.02,3637.10,32734107000.0,527257347700.00006,0.004849241006446237
sh000001,2021-01-22,3616.54,3606.75,3585.03,3616.54,32446308400.0,485452192400.0,-0.00400689262853271
sh000001,2021-01-21,3590.92,3621.26,3585.80,3636.24,32746699500.0,469855226599.99994,0.010652816423812883
sh000001,2021-01-20,3564.12,3583.09,3556.44,3589.96,27227166100.0,397144766200.0,0.004685423314397141
sh000001,2021-01-19,3596.36,3566.38,3553.02,3603.15,32343954100.0,467402582400.0,-0.008297601370327645
sh000001,2021-01-18,3554.80,3596.22,3544.26,3608.77,30165256500.0,451740700500.0,0.008367027630258095
sh000001,2021-01-15,3566.28,3566.38,3533.79,3589.27,32461274400.0,480343781000.0,0.00013460837376255697
sh000001,2021-01-14,3584.93,3565.9,3559.60,3599.06,34766681900.0,511325103700.0,-0.00910063496033231
sh000001,2021-01-13,3613.28,3598.65,3575.59,3622.35,38812779100.0,554853439100.0,-0.002685445384858376
sh000001,2021-01-12,3518.01,3608.34,3517.47,3608.34,32340615300.0,485771186300.0,0.02175845957808309
sh000001,2021-01-11,3571.32,3531.5,3516.99,3597.70,36247915400.0,526895927299.99994,-0.010814792821509767
sh000001,2021-01-08,3577.69,3570.11,3544.89,3588.06,34555789600.0,502170815600.0,-0.0017029248923436935
sh000001,2021-01-07,3552.91,3576.2,3526.62,3576.20,40534822600.0,545709628100.0,0.007130626774207949
sh000001,2021-01-06,3530.91,3550.88,3513.13,3556.80,37023092600.0,521799529799.99994,0.0062913043971117855
sh000001,2021-01-05,3492.19,3528.68,3484.72,3528.68,40799593400.0,568019462200.0,0.007342361888231563
sh000001,2021-01-04,3474.68,3502.96,3457.21,3511.66,38079080000.0,523367700800.0,0.008606218705640822
sh000001,2020-12-31,3419.73,3473.07,3419.73,3474.92,33567392600.0,450482318900.0,0.017168211571409797
sh000001,2020-12-30,3375.01,3414.45,3374.42,3414.45,29102354300.0,377542350900.00006,0.01047930773237371
sh000001,2020-12-29,3399.29,3379.04,3376.09,3407.09,31176918500.0,382102563800.0,-0.005371928802074599
sh000001,2020-12-28,3396.36,3397.29,3383.65,3412.52,31618154200.0,398159968800.0,0.0002149233341970369
sh000001,2020-12-25,3351.79,3396.56,3348.35,3397.01,29454689500.0,359094444700.0,0.009946151032823813
sh000001,2020-12-24,3382.19,3363.11,3354.02,3394.07,27504445000.0,363321144300.0,-0.005679533574587836
sh000001,2020-12-23,3362.47,3382.32,3360.20,3394.21,29952352700.0,413254779099.99994,0.007608481938047751
sh000001,2020-12-22,3410.97,3356.78,3353.86,3415.75,32303765400.0,432199556500.0,-0.01864893862718786
sh000001,2020-12-21,3394.39,3420.57,3381.12,3423.61,28375979400.0,383898951599.99994,0.007561342013019612
sh000001,2020-12-18,3400.49,3394.9,3382.75,3413.81,28099264100.0,354027376900.0,-0.0029281587843293932
sh000001,2020-12-17,3367.28,3404.87,3354.01,3406.15,27546363100.0,364740477200.0,0.011253408098652162
sh000001,2020-12-16,3371.26,3366.98,3359.17,3378.66,22081397600.0,308823385300.0,-7.424500256891786e-05
sh000001,2020-12-15,3366.58,3367.23,3348.42,3373.56,22566740200.0,315289741300.0,-0.0005609773472003976
sh000001,2020-12-14,3349.53,3369.12,3338.63,3371.13,23980792600.0,316229132900.0,0.006551764315739339
sh000001,2020-12-11,3381.01,3347.19,3325.17,3383.18,29861715800.0,379848803600.0,-0.007734312004932908
sh000001,2020-12-10,3365.73,3373.28,3357.75,3384.89,24730830400.0,321616357200.0,0.00039146371843079564
sh000001,2020-12-09,3416.08,3371.96,3371.92,3422.54,26074742400.0,339317806300.0,-0.011207619539144509
sh000001,2020-12-08,3417.69,3410.18,3403.03,3428.66,22690732800.0,304635033500.0,-0.0018790610548499176
sh000001,2020-12-07,3446.65,3416.6,3414.31,3449.58,25452250800.0,336836800300.0,-0.00812290613079103
sh000001,2020-12-04,3436.73,3444.58,3417.05,3448.40,25627670500.0,329393208300.0,0.0007088613478825057
sh000001,2020-12-03,3448.54,3442.14,3428.80,3452.16,29845993000.0,352422286599.99994,-0.002098927923279037
sh000001,2020-12-02,3453.52,3449.38,3435.87,3465.73,31281111400.0,383340845100.0,-0.0007416119631279416
sh000001,2020-12-01,3388.99,3451.94,3386.91,3457.64,31618898000.0,385250751300.0,0.01774300068401069
sh000001,2020-11-30,3418.16,3391.76,3391.76,3456.74,38498996800.0,454500571800.0,-0.004855778963767876
sh000001,2020-11-27,3373.84,3408.31,3364.49,3408.31,28064989400.0,326069547200.0,0.011448988494627166
sh000001,2020-11-26,3360.06,3369.73,3344.28,3371.45,25588682200.0,317308635000.0,0.0022008547644045695
sh000001,2020-11-25,3417.51,3362.33,3362.33,3423.49,32211020700.0,383477785200.00006,-0.011898954396647565
sh000001,2020-11-24,3407.41,3402.82,3396.24,3413.93,30099414400.0,359505804900.0,-0.0034177871365854706
sh000001,2020-11-23,3384.10,3414.49,3377.99,3431.65,37387204700.0,431504375600.0,0.010883048674701579
sh000001,2020-11-20,3359.60,3377.73,3356.31,3380.15,26127121900.0,312659789100.0,0.004353139523473937
sh000001,2020-11-19,3339.09,3363.09,3330.45,3367.33,25326299200.0,319520194500.0,0.004717234786245639
sh000001,2020-11-18,3337.33,3347.3,3333.99,3358.89,28753125900.0,358745367400.0,0.0022156351986586387
sh000001,2020-11-17,3347.15,3339.9,3323.95,3347.70,28363247900.0,353623369900.0,-0.0021123583420227243
sh000001,2020-11-16,3325.62,3346.97,3313.65,3346.97,27959376100.0,333750600100.0,0.011138636294975912
sh000001,2020-11-13,3327.23,3310.1,3291.64,3327.23,22789836400.0,301527966900.0,-0.008560269327997916
sh000001,2020-11-12,3344.46,3338.68,3329.49,3350.28,21650130900.0,286927436400.0,-0.0010531984920112425
sh000001,2020-11-11,3354.02,3342.2,3339.04,3365.84,27120465300.0,355802065500.0,-0.005342023421573527
sh000001,2020-11-10,3387.62,3360.15,3346.17,3387.62,27870111300.0,390008391700.0,-0.004025218378471251
sh000001,2020-11-09,3329.43,3373.73,3329.43,3380.82,31021977100.0,429948921900.0,0.018589077822327438
sh000001,2020-11-06,3326.46,3312.16,3292.15,3326.46,23486413200.0,325485056700.0,-0.002400508413827218
sh000001,2020-11-05,3305.58,3320.13,3291.60,3320.41,22680146200.0,316292710000.0,0.013025410076157096
sh000001,2020-11-04,3273.43,3277.44,3254.11,3286.62,18851412800.0,270723846500.0,0.0019473750179603844
sh000001,2020-11-03,3239.81,3271.07,3237.85,3278.38,21529786400.0,303730147800.0,0.014247531874783004
sh000001,2020-11-02,3228.72,3225.12,3209.91,3242.80,22677913700.0,325321869100.0,0.00018297240217934885
sh000001,2020-10-30,3278.63,3224.53,3219.42,3279.86,23018880300.0,328917241600.0,-0.014727765504639834
sh000001,2020-10-29,3235.76,3272.73,3231.12,3289.77,18470358900.0,278605665200.0,0.0010675263975725713
sh000001,2020-10-28,3256.22,3269.24,3238.38,3275.87,17318196500.0,256213458200.0,0.0045846751395066665
sh000001,2020-10-27,3240.74,3254.32,3235.54,3258.34,14911556600.0,217487420900.0,0.0009842761878984252
sh000001,2020-10-26,3258.70,3251.12,3226.60,3264.45,16773179500.0,235462468400.0,-0.008200122025625367
sh000001,2020-10-23,3308.16,3278.0,3276.62,3326.05,17420898200.0,249912883299.99997,-0.010415094339622621
sh000001,2020-10-22,3315.82,3312.5,3281.37,3320.88,16594998700.0,236428248900.0,-0.003765390884866826
sh000001,2020-10-21,3332.15,3325.02,3304.17,3332.15,17763211500.0,246848139000.0,-0.000925452961148987
sh000001,2020-10-20,3307.15,3328.1,3293.77,3328.10,16508476200.0,227823367100.0,0.004657874161929643
sh000001,2020-10-19,3351.10,3312.67,3307.84,3371.09,21230354000.0,283882790200.0,-0.007100552698150131
sh000001,2020-10-16,3334.46,3336.36,3319.11,3348.95,19429542100.0,253448029500.0,0.0012544340341760218
sh000001,2020-10-15,3342.92,3332.18,3330.00,3354.58,19103128200.0,263848674000.0,-0.002574249127449413
sh000001,2020-10-14,3353.62,3340.78,3332.96,3353.62,19865938200.0,281159984700.0,-0.00564625344147629
sh000001,2020-10-13,3353.12,3359.75,3334.50,3361.83,20492610300.0,288505837500.0,0.0003811259293666769
sh000001,2020-10-12,3287.33,3358.47,3286.11,3359.15,25962240800.0,355700113700.0,0.02640216620620528
sh000001,2020-10-09,3262.61,3272.08,3260.19,3280.51,18832564800.0,264171043800.0,0.01678967076335036
sh000001,2020-09-30,3232.71,3218.05,3202.34,3244.91,15350445700.0,205762857300.0,-0.00195697750871493
sh000001,2020-09-29,3231.86,3224.36,3219.79,3242.79,15134987000.0,207307813800.0,0.0021227463302595506
sh000001,2020-09-28,3224.98,3217.53,3210.89,3238.18,15598278300.0,209672387600.00003,-0.0005870622658739055
sh000001,2020-09-25,3234.37,3219.42,3208.03,3239.47,16482241900.0,220674477000.0,-0.0011665498048510914
sh000001,2020-09-24,3262.88,3223.18,3221.24,3265.35,20673601100.0,258259919700.0,-0.017236280036954543
sh000001,2020-09-23,3278.84,3279.71,3264.89,3289.76,16917806800.0,240742428800.0,0.0016522615520875306
sh000001,2020-09-22,3290.67,3274.3,3265.70,3320.23,21401506500.0,269113293700.0,-0.012855221981705967
sh000001,2020-09-21,3348.90,3316.94,3313.07,3350.59,21650309300.0,287691308100.0,-0.006335958587096235
sh000001,2020-09-18,3270.91,3338.09,3268.53,3338.32,25626078800.0,337025892900.0,0.020685290052714578
sh000001,2020-09-17,3277.32,3270.44,3248.50,3290.41,20293197200.0,279311053400.0,-0.004104850300859941
sh000001,2020-09-16,3293.17,3283.92,3271.08,3302.46,20044336400.0,242270893500.0,-0.0035683076026797877
sh000001,2020-09-15,3277.13,3295.68,3263.75,3297.69,19768440000.0,251763868500.0,0.0051451593718452315
sh000001,2020-09-14,3275.92,3278.81,3261.15,3283.53,21392413700.0,269219919700.0,0.005661968807029849
sh000001,2020-09-11,3225.78,3260.35,3220.54,3262.50,22169883000.0,254844994300.0,0.007892247482085502
sh000001,2020-09-10,3282.23,3234.82,3227.64,3285.47,31247280400.0,309676743600.0,-0.0060867133898476755
sh000001,2020-09-09,3281.00,3254.63,3238.56,3289.61,35150974700.0,341054534099.99994,-0.018631536415773642
sh000001,2020-09-08,3301.22,3316.42,3276.44,3324.39,27106627800.0,320229901300.0,0.007237463516562848
sh000001,2020-09-07,3349.92,3292.59,3285.63,3368.24,26061656700.0,357726463900.0,-0.01871030616593694
sh000001,2020-09-04,3336.41,3355.37,3328.55,3360.11,22163655000.0,308179657600.0,-0.008747466750172905
sh000001,2020-09-03,3404.03,3384.98,3374.26,3425.63,25534627900.0,350706563900.0,-0.005821193609022557
sh000001,2020-09-02,3420.47,3404.8,3377.21,3421.40,26154631900.0,345638982299.99994,-0.0017035075836873137
sh000001,2020-09-01,3389.74,3410.61,3381.71,3410.61,24699924900.0,326850955300.0,0.004396762945860777
sh000001,2020-08-31,3416.55,3395.68,3395.47,3442.74,32347389000.0,436930125400.0,-0.0023884999456491585
sh000001,2020-08-28,3346.29,3403.81,3339.65,3405.88,27132554900.0,379367046400.0,0.016029324410243184
sh000001,2020-08-27,3333.49,3350.11,3312.99,3351.83,23709935300.0,317153391500.0,0.006117594767159007
sh000001,2020-08-26,3371.81,3329.74,3320.14,3382.60,29445103600.0,381928906599.99994,-0.01299509719645009
sh000001,2020-08-25,3392.88,3373.58,3364.16,3408.87,27711342100.0,355997790800.0,-0.00356210347231245
sh000001,2020-08-24,3391.11,3385.64,3368.03,3396.57,26622784100.0,345683380000.0,0.001467160452926608
sh000001,2020-08-21,3380.23,3380.68,3358.00,3393.92,28748834000.0,361281752700.00006,0.004988257677100982
sh000001,2020-08-20,3385.96,3363.9,3352.78,3394.56,33560098200.0,401815550100.0,-0.012977791340119116
sh000001,2020-08-19,3444.56,3408.13,3406.16,3454.46,40572221400.0,498262158300.0,-0.01244824099052766
sh000001,2020-08-18,3441.93,3451.09,3432.64,3456.72,38072927500.0,493052155300.0,0.0035739211352796563
sh000001,2020-08-17,3373.90,3438.8,3369.37,3450.90,43459826000.0,537425075100.0,0.023421921966608306
sh000001,2020-08-14,3315.67,3360.1,3302.74,3362.03,30599837600.0,367467421700.0,0.011855826881438603
sh000001,2020-08-13,3328.18,3320.73,3309.46,3338.15,32429127800.0,387162288600.0,0.00043985575141514133
sh000001,2020-08-12,3327.49,3319.27,3263.27,3335.73,37832895900.0,480731246100.0,-0.006292866787015461
sh000001,2020-08-11,3379.49,3340.29,3336.09,3409.06,40045270600.0,514020764099.99994,-0.011529185470148695
sh000001,2020-08-10,3341.53,3379.25,3335.04,3399.93,38137963000.0,527083944600.0,0.0075163086904150855
sh000001,2020-08-07,3370.59,3354.04,3307.71,3374.13,40392963300.0,561435649600.0,-0.009573418850362891
sh000001,2020-08-06,3380.76,3386.46,3334.33,3392.70,41530251000.0,570488248100.0,0.0026350383116806597
sh000001,2020-08-05,3363.33,3377.56,3333.88,3383.64,38582302700.0,526515054700.0,0.0017409666962264758
sh000001,2020-08-04,3376.44,3371.69,3352.50,3391.07,44232855100.0,604942141500.0,0.0011045229025199443
sh000001,2020-08-03,3332.18,3367.97,3327.68,3368.10,40746086700.0,572430759800.0,0.01751052111625029
sh000001,2020-07-31,3280.80,3310.01,3261.61,3333.79,35375897900.0,495778040700.0,0.007055451774055088
sh000001,2020-07-30,3299.57,3286.82,3282.16,3312.45,34070412100.0,476974005600.0,-0.002346299191088308
sh000001,2020-07-29,3221.99,3294.55,3209.99,3294.55,32492406200.0,453094399500.0,0.020629127994151064
sh000001,2020-07-28,3226.13,3227.96,3208.49,3245.30,28937786100.0,389873696200.0,0.007091534772855512
sh000001,2020-07-27,3210.39,3205.23,3174.66,3221.98,29931902100.0,402231919300.0,0.0026464212314305513
sh000001,2020-07-24,3310.65,3196.77,3184.96,3319.13,42705402600.0,584311865000.0,-0.038597219340112066
sh000001,2020-07-23,3306.15,3325.11,3257.83,3336.30,40704249900.0,546887089700.0,-0.0024151255865304533
sh000001,2020-07-22,3315.18,3333.16,3311.79,3381.98,39333533500.0,540577040600.0,0.0036947926610035875
sh000001,2020-07-21,3330.55,3320.89,3300.57,3336.68,35925202900.0,488862180400.0,0.0020337039663260725
sh000001,2020-07-20,3243.91,3314.15,3220.68,3314.15,41855530600.0,544045656200.0,0.031118840868290976
sh000001,2020-07-17,3214.40,3214.13,3181.27,3252.78,35965241300.0,486536118300.0,0.0012554126039687752
sh000001,2020-07-16,3356.36,3210.1,3209.73,3373.53,49061312300.0,679468340600.0,-0.04498259601939736
sh000001,2020-07-15,3422.08,3361.3,3345.75,3432.45,49203054200.0,674727409800.0,-0.015615207548716925
sh000001,2020-07-14,3435.02,3414.62,3366.08,3451.22,54321149200.0,707327005200.0,-0.008326339053637666
sh000001,2020-07-13,3379.39,3443.29,3369.04,3458.79,55800687500.0,717397053100.0,0.017725193005686757
sh000001,2020-07-10,3418.93,3383.32,3372.51,3433.11,55612001100.0,703197550400.0001,-0.019495216760032297
sh000001,2020-07-09,3403.48,3450.59,3393.64,3456.97,62000182300.0,751406830400.0001,0.013853630444491394
sh000001,2020-07-08,3337.55,3403.44,3327.71,3421.53,58708168500.0,696807634500.0,0.017367442472215
sh000001,2020-07-07,3380.95,3345.34,3336.24,3407.08,65784015900.0,793638372400.0,0.003738508437147514
sh000001,2020-07-06,3187.84,3332.88,3187.84,3337.27,64387890600.0,724153675699.9999,0.05711412993488363
sh000001,2020-07-03,3104.00,3152.81,3104.00,3152.81,45879385100.0,535489334700.0,0.02013867991988527
sh000001,2020-07-02,3023.72,3090.57,3021.67,3092.44,39112799600.0,478216482299.99994,0.02134515099240586
sh000001,2020-07-01,2991.18,3025.98,2984.98,3026.19,27331314000.0,369883802299.99994,0.013840726110424306
sh000001,2020-06-30,2965.11,2984.67,2965.11,2990.83,21495721400.0,297312328400.0,0.007816931845809005
sh000001,2020-06-29,2973.08,2961.52,2951.77,2977.91,22062272900.0,293886016000.0,-0.006051249349734111
sh000001,2020-06-24,2972.98,2979.55,2971.22,2982.94,21320073200.0,297008784100.0,0.0030061064693567285
sh000001,2020-06-23,2960.89,2970.62,2949.85,2972.40,22521220800.0,305378770500.0,0.00180422018905535
sh000001,2020-06-22,2966.90,2965.27,2959.03,2983.44,26788383400.0,346028748400.00006,-0.0007952473859612619
sh000001,2020-06-19,2938.79,2967.63,2935.82,2973.32,26431396100.0,319089106600.0,0.00963147938979092
sh000001,2020-06-18,2929.88,2939.32,2920.11,2942.90,25869137700.0,289367727800.0,0.0011751201517780085
sh000001,2020-06-17,2932.67,2935.87,2919.04,2936.62,23465439100.0,278007110700.0,0.0014053039993178196
sh000001,2020-06-16,2912.83,2931.75,2909.13,2931.78,22331306500.0,270948558500.0,0.01443583630619738
sh000001,2020-06-15,2908.28,2890.03,2890.03,2922.54,24320504600.0,293361556800.0,-0.01017556357757865
sh000001,2020-06-12,2876.80,2919.74,2872.62,2930.25,23600864200.0,274321726200.0,-0.00039713786846529153
sh000001,2020-06-11,2939.79,2920.9,2912.19,2952.65,23372294700.0,289023256100.0,-0.007762208067940479
sh000001,2020-06-10,2951.28,2943.75,2934.84,2951.33,20792596900.0,243968496500.0,-0.004181170524777511
sh000001,2020-06-09,2939.54,2956.11,2932.94,2957.12,20904858500.0,251414696200.0,0.006242830446222758
sh000001,2020-06-08,2941.98,2937.77,2934.21,2950.07,23112436000.0,274611815600.0,0.002378190255220458
sh000001,2020-06-05,2923.19,2930.8,2909.12,2930.80,21736067300.0,253141142500.0,0.003956495675259131
sh000001,2020-06-04,2931.84,2919.25,2910.75,2932.97,22660587300.0,254345984500.0,-0.0014093323800955515
sh000001,2020-06-03,2930.39,2923.37,2922.66,2942.76,25566398000.0,300447817000.0,0.0006743342233175298
sh000001,2020-06-02,2916.32,2921.4,2909.13,2926.36,25610804900.0,294402745900.0,0.0020477253784176863
sh000001,2020-06-01,2871.96,2915.43,2871.96,2917.15,26019605000.0,307416215100.0,0.022115098077024165
sh000001,2020-05-29,2835.58,2852.35,2829.63,2855.38,20679280400.0,233798996600.0,0.0021537337240269405
sh000001,2020-05-28,2838.21,2846.22,2820.15,2861.92,20754601900.0,239234260600.0,0.0033206429780032742
sh000001,2020-05-27,2847.32,2836.8,2831.93,2849.00,19814934300.0,227934395700.0,-0.003425198925014472
sh000001,2020-05-26,2827.90,2846.55,2825.90,2848.34,17456236900.0,207427833700.0,0.01014205261234169
sh000001,2020-05-25,2816.24,2817.97,2802.47,2821.50,17288555700.0,202115352600.00003,0.001492659314727085
sh000001,2020-05-22,2863.05,2813.77,2808.02,2863.05,20906371200.0,245229603700.0,-0.018881279812547058
sh000001,2020-05-21,2890.72,2867.92,2864.21,2891.52,20353203800.0,250569937600.00003,-0.005485931464001559
sh000001,2020-05-20,2896.47,2883.74,2876.18,2896.47,21051998500.0,269176553600.0,-0.005119748290542292
sh000001,2020-05-19,2897.69,2898.58,2887.58,2900.22,19722240500.0,256277803100.0,0.00805447552009797
sh000001,2020-05-18,2872.52,2875.42,2862.27,2889.98,22602288200.0,289089595500.0,0.0024263890728823956
sh000001,2020-05-15,2880.71,2868.46,2863.37,2884.22,18898359200.0,246878191100.0,-0.0006549746719901606
sh000001,2020-05-14,2887.06,2870.34,2869.18,2887.06,19777620200.0,237336974700.0,-0.009561601766705174
sh000001,2020-05-13,2882.96,2898.05,2875.54,2900.26,18506131000.0,223866906900.0,0.0022444631963369766
sh000001,2020-05-12,2894.62,2891.56,2871.23,2897.90,19708298500.0,238476218800.0,-0.0011192483073096948
sh000001,2020-05-11,2901.57,2894.8,2884.38,2914.28,22512041000.0,271930641500.0,-0.00018650659335339714
sh000001,2020-05-08,2882.71,2895.34,2879.20,2903.80,22682207500.0,276562717000.0,0.008295258260433647
sh000001,2020-05-07,2876.47,2871.52,2864.58,2882.02,22673695700.0,268607485300.0,-0.00230009659015884
sh000001,2020-05-06,2831.63,2878.14,2830.65,2879.26,24982661600.0,303890031000.0,0.0063145086850717735
sh000001,2020-04-30,2832.38,2860.08,2832.38,2865.59,24245527800.0,277440934000.0,0.013335978798486359
sh000001,2020-04-29,2801.38,2822.44,2800.74,2831.76,20206180700.0,222720221700.00003,0.004419897367278658
sh000001,2020-04-28,2819.99,2810.02,2758.25,2821.75,25387274500.0,270534752600.00003,-0.0019428234516903897
sh000001,2020-04-27,2812.24,2815.49,2802.96,2832.67,21013098100.0,225293706300.0,0.0024781647338640855
sh000001,2020-04-24,2834.94,2808.53,2802.50,2834.94,23518507600.0,244122291500.0,-0.010558393517702935
sh000001,2020-04-23,2850.51,2838.5,2835.90,2853.64,24877903700.0,262662040500.0,-0.0019268771229051795
sh000001,2020-04-22,2814.07,2843.98,2808.48,2843.98,21732000000.0,232796777800.0,0.006002808621122568
sh000001,2020-04-21,2842.24,2827.01,2808.02,2842.24,23323587000.0,248688585700.0,-0.008953392578570085
sh000001,2020-04-20,2840.41,2852.55,2833.26,2852.99,21184707800.0,233759313200.0,0.004953337866260066
sh000001,2020-04-17,2835.56,2838.49,2830.02,2854.96,24573675000.0,280025229100.0,0.006578154145123527
sh000001,2020-04-16,2798.43,2819.94,2796.84,2823.34,20300377300.0,222432600900.0,0.0031196974925031817
sh000001,2020-04-15,2826.66,2811.17,2808.70,2829.75,20562114600.0,231631632200.0,-0.005698056082170888
sh000001,2020-04-14,2794.80,2827.28,2789.43,2827.30,20269656900.0,223605697300.0,0.015892635777294606
sh000001,2020-04-13,2784.60,2783.05,2774.08,2792.89,17712455400.0,184120284100.0,-0.004855844355527883
sh000001,2020-04-10,2827.19,2796.63,2789.98,2833.01,23345476800.0,246376307200.0,-0.010357762128879289
sh000001,2020-04-09,2825.84,2825.9,2820.43,2832.40,23818484300.0,247392988000.0,0.0037401833506787163
sh000001,2020-04-08,2805.92,2815.37,2800.30,2823.21,24351530500.0,253159668100.0,-0.0019108325415846394
sh000001,2020-04-07,2806.97,2820.76,2801.84,2823.28,27019818600.0,286627794300.0,0.02053914811558677
sh000001,2020-04-03,2773.58,2763.99,2754.07,2780.59,20083740400.0,214062212000.0,-0.0059878301398239575
sh000001,2020-04-02,2720.23,2780.64,2719.90,2780.64,21786460000.0,233111575700.0,0.016865848485291712
sh000001,2020-04-01,2743.54,2734.52,2731.08,2773.36,21725342700.0,225624646600.0,-0.005737555902992519
sh000001,2020-03-31,2767.31,2750.3,2743.12,2771.17,21859867400.0,224271061600.0,0.0011247775015379435
sh000001,2020-03-30,2739.72,2747.21,2723.05,2759.10,23970660400.0,250687144200.00003,-0.00901450111824531
sh000001,2020-03-27,2792.98,2772.2,2771.76,2805.55,24076406600.0,253630725900.0,0.0026366138499986924
sh000001,2020-03-26,2761.90,2764.91,2753.43,2788.50,23408402200.0,248279785000.0,-0.00599657030691092
sh000001,2020-03-25,2775.30,2781.59,2757.80,2788.64,27314446600.0,293191204400.0,0.02172683328190894
sh000001,2020-03-24,2703.02,2722.44,2667.13,2723.41,25702193000.0,278999306600.0,0.023408278418296513
sh000001,2020-03-23,2677.59,2660.17,2656.50,2703.33,24982025000.0,268423242000.0,-0.031122296603317223
sh000001,2020-03-20,2727.02,2745.62,2702.49,2751.90,25201950700.0,281583369700.0,0.016094710469148232
sh000001,2020-03-19,2719.41,2702.13,2646.80,2736.82,30230274700.0,330518008500.0,-0.009759011419106178
sh000001,2020-03-18,2792.32,2728.76,2728.76,2815.87,29115985200.0,318611391600.0,-0.018304528643996898
sh000001,2020-03-17,2796.28,2779.64,2715.22,2826.91,30614967700.0,323012822800.0,-0.0034453706193421363
sh000001,2020-03-16,2897.30,2789.25,2784.66,2898.03,35187866500.0,375627000800.0,-0.034002555906117116
sh000001,2020-03-13,2804.23,2887.43,2799.98,2910.88,36645043600.0,393019665200.00006,-0.01233457271959193
sh000001,2020-03-12,2936.02,2923.49,2906.28,2944.47,30777845700.0,328209202400.0,-0.015169175211890207
sh000001,2020-03-11,3001.76,2968.52,2968.52,3010.03,35247097000.0,378766619000.0,-0.009423510724916317
sh000001,2020-03-10,2918.93,2996.76,2904.80,3000.30,39329664800.0,425017184799.99994,0.01816674537677243
sh000001,2020-03-09,2987.18,2943.29,2940.71,2989.21,41456073600.0,438143854600.0,-0.030060866499039496
sh000001,2020-03-06,3039.94,3034.51,3029.46,3052.44,36206153300.0,377388542700.00006,-0.01210086988227932
sh000001,2020-03-05,3036.15,3071.68,3022.93,3074.26,44542580600.0,482770471400.0,0.01992582188619596
sh000001,2020-03-04,2981.81,3011.67,2974.36,3012.00,35333827800.0,389893917500.0,0.006271509238531259
sh000001,2020-03-03,3006.89,2992.9,2976.62,3026.84,41010804700.0,447053681500.0,0.00739499079412842
sh000001,2020-03-02,2899.31,2970.93,2899.31,2982.51,36733336900.0,397244201200.0,0.03146547234663033
sh000001,2020-02-28,2924.64,2880.3,2878.54,2948.13,40121691400.0,432657775000.0,-0.03711726890714151
sh000001,2020-02-27,2992.49,2991.33,2980.48,3009.46,35052365800.0,395955641500.0,0.0011379115307252885
sh000001,2020-02-26,2978.42,2987.93,2974.94,3028.78,46904955200.0,495341447299.99994,-0.008337067091485517
sh000001,2020-02-25,2982.07,3013.05,2943.72,3016.95,44162276200.0,513128644600.0,-0.0059975653447610355
sh000001,2020-02-24,3027.89,3031.23,3007.36,3042.18,37043004400.0,451601363100.0,-0.002776617198577469
sh000001,2020-02-21,3022.25,3039.67,3020.14,3058.90,36455727600.0,445062076700.0,0.003141758658812277
sh000001,2020-02-20,2981.88,3030.15,2968.45,3031.37,34573288100.0,413761364099.99994,0.01840088727566047
sh000001,2020-02-19,2979.52,2975.4,2971.82,2998.27,31514115100.0,381331160400.0,-0.003206062372486107
sh000001,2020-02-18,2981.41,2984.97,2960.78,2990.60,31166591300.0,374998562600.0,0.00045247048886909447
sh000001,2020-02-17,2924.99,2983.62,2924.99,2983.64,31319800700.0,367014340100.0,0.02283502627690681
sh000001,2020-02-14,2899.87,2917.01,2899.57,2926.94,25065062700.0,308080368700.0,0.003764534233518191
sh000001,2020-02-13,2927.14,2906.07,2901.24,2935.41,27480484400.0,334526327400.0,-0.007116744678670295
sh000001,2020-02-12,2895.56,2926.9,2892.42,2926.90,24873342900.0,297534420500.0,0.008694992883408581
sh000001,2020-02-11,2894.54,2901.67,2882.24,2913.82,26916833500.0,302956847200.0,0.0038678563150194023
sh000001,2020-02-10,2860.50,2890.49,2851.05,2891.85,29492978400.0,341520398300.0,0.005052226039305108
sh000001,2020-02-07,2858.93,2875.96,2838.77,2875.96,30947964200.0,362384162500.0,0.0032966917959469377
sh000001,2020-02-06,2826.89,2866.51,2807.61,2876.59,31639214200.0,358582589700.0,0.0171818501183425
sh000001,2020-02-05,2792.37,2818.09,2778.86,2842.74,30976182300.0,349184114799.99994,0.012503188672398524
sh000001,2020-02-04,2685.27,2783.29,2685.27,2786.16,36404620000.0,374068466800.0,0.013354644452616027
sh000001,2020-02-03,2716.70,2746.61,2716.70,2766.58,21591210300.0,257019597399.99997,-0.07724430796934689
sh000001,2020-01-23,3037.95,2976.53,2955.35,3045.04,27276323400.0,327490360400.0,-0.027516131667075006
sh000001,2020-01-22,3038.49,3060.75,3006.27,3069.25,22385286500.0,278456924000.0,0.0028209715150682158
sh000001,2020-01-21,3085.79,3052.14,3051.23,3085.79,23483073900.0,286268098200.0,-0.014099793590650611
sh000001,2020-01-20,3082.11,3095.79,3070.48,3096.31,21049334100.0,271122455400.0,0.006597301251829002
sh000001,2020-01-17,3081.46,3075.5,3067.25,3091.95,19030429900.0,242273045300.0,0.00046192682038204147
sh000001,2020-01-16,3095.73,3074.08,3070.88,3096.37,20337547500.0,236843360100.00003,-0.00516498168308499
sh000001,2020-01-15,3103.17,3090.04,3082.04,3107.94,20231302300.0,232913446700.00003,-0.005401020979651228
sh000001,2020-01-14,3120.67,3106.82,3105.61,3127.17,22997376900.0,271542441400.0,-0.002808474853718601
sh000001,2020-01-13,3091.49,3115.57,3075.38,3115.57,21062100400.0,258524058000.0,0.007528401281897912
sh000001,2020-01-10,3102.29,3092.29,3081.40,3105.22,21044246200.0,241555668100.0,-0.0008368660497337643
sh000001,2020-01-09,3082.64,3094.88,3080.13,3097.33,24343564900.0,271716020900.0,0.009126509265086291
sh000001,2020-01-08,3094.24,3066.89,3059.13,3094.24,29787255300.0,306517394500.0,-0.012210126256119613
sh000001,2020-01-07,3085.49,3104.8,3084.33,3105.45,27658311100.0,288159227700.0,0.00693712480662656
sh000001,2020-01-06,3070.91,3083.41,3065.31,3107.20,31257584200.0,331182549900.0,-0.00012322499262273912
sh000001,2020-01-03,3089.02,3083.79,3074.52,3093.82,26149666700.0,289991708400.0,-0.000457020614546777
sh000001,2020-01-02,3066.34,3085.2,3066.34,3098.10,29247020800.0,327197122600.0,0.011501186838550614
sh000001,2019-12-31,3036.39,3050.12,3030.51,3051.68,21742902200.0,226763991400.0,0.003322346563509493
sh000001,2019-12-30,2998.17,3040.02,2983.34,3041.40,24806653000.0,267382994400.0,0.01164044405398923
sh000001,2019-12-27,3006.85,3005.04,3003.63,3036.11,24710277900.0,258118739400.0,-0.0007681181106289348
sh000001,2019-12-26,2981.25,3007.35,2980.40,3007.35,18244042600.0,195586079100.0,0.008541591210913912
sh000001,2019-12-25,2980.43,2981.88,2970.66,2988.29,17565402800.0,189608562700.0,-0.00026821516220298935
sh000001,2019-12-24,2965.83,2982.68,2960.68,2983.82,16303025000.0,167366667300.0,0.006726858492954069
sh000001,2019-12-23,2999.04,2962.75,2960.44,3009.34,20571661700.0,218484273100.0,-0.01404021378130682
sh000001,2019-12-20,3019.64,3004.94,3002.26,3027.48,21507575500.0,223305036000.0,-0.004020456933382377
sh000001,2019-12-19,3017.15,3017.07,3007.99,3021.42,20862426400.0,220688292399.99997,9.943520801858341e-06
sh000001,2019-12-18,3021.47,3017.04,3011.72,3033.23,24408969100.0,259173631800.0,-0.0017800305715287568
sh000001,2019-12-17,2985.26,3022.42,2982.50,3039.38,29303225400.0,302090897500.0,0.012742972600765956
sh000001,2019-12-16,2970.97,2984.39,2958.71,2984.64,21186211900.0,237666763200.0,0.005630660987707481
sh000001,2019-12-13,2937.78,2967.68,2935.85,2969.98,21197858500.0,234036541400.0,0.017827622869293736
sh000001,2019-12-12,2926.34,2915.7,2913.48,2926.34,15176080400.0,166044163400.0,-0.0029817878416917853
sh000001,2019-12-11,2922.60,2924.42,2915.00,2928.26,16554108700.0,175716091700.00003,0.0024337405564009984
sh000001,2019-12-10,2908.94,2917.32,2902.79,2919.20,17012399800.0,180617291500.0,0.0009744448409321205
sh000001,2019-12-09,2914.46,2914.48,2905.25,2919.59,16079652700.0,174546478200.0,0.0008482113729004759
sh000001,2019-12-06,2902.28,2912.01,2894.75,2912.01,13412887800.0,149507333300.0,0.004324928348974355
sh000001,2019-12-05,2886.52,2899.47,2885.08,2902.00,14316309600.0,159736592300.0,0.007418036774005321
sh000001,2019-12-04,2876.91,2878.12,2869.42,2882.50,12554365300.0,135879221500.0,-0.0022809997573404184
sh000001,2019-12-03,2869.88,2884.7,2857.32,2884.86,12377874200.0,135278611900.0,0.003091302972032084
sh000001,2019-12-02,2874.45,2875.81,2870.24,2888.89,12875580600.0,139351761500.0,0.0013335747463423253
sh000001,2019-11-29,2885.97,2871.98,2858.58,2892.39,12261296800.0,140371316400.0,-0.0061286850838671025
sh000001,2019-11-28,2902.36,2889.69,2883.43,2909.84,11952246800.0,122616545200.0,-0.004650057350707337
sh000001,2019-11-27,2905.40,2903.19,2893.42,2914.49,13386220500.0,137449697200.0,-0.001331241873232747
sh000001,2019-11-26,2912.52,2907.06,2897.93,2915.04,17000466300.0,165496766200.0,0.00030624498910936104
sh000001,2019-11-25,2885.61,2906.17,2880.65,2906.61,17858742900.0,174234583299.99997,0.007236707575321688
sh000001,2019-11-22,2906.24,2885.29,2873.99,2925.02,15862336500.0,180593829200.00003,-0.0063196539515917305
sh000001,2019-11-21,2902.55,2903.64,2891.53,2910.36,12345860700.0,139851207900.0,-0.0025454732828361637
sh000001,2019-11-20,2928.11,2911.05,2907.42,2930.49,13735753000.0,158543195600.0,-0.007818704221895678
sh000001,2019-11-19,2904.28,2933.99,2902.86,2933.99,13541760400.0,155770741300.0,0.008521242953389185
sh000001,2019-11-18,2889.55,2909.2,2884.09,2911.38,12443317700.0,144677413700.0,0.006177066688801691
sh000001,2019-11-15,2911.35,2891.34,2891.20,2917.83,13551946300.0,152576392700.0,-0.006367982074800493
sh000001,2019-11-14,2907.74,2909.87,2899.62,2917.37,12914544800.0,151576183400.0,0.0015936721234734996
sh000001,2019-11-13,2913.02,2905.24,2893.97,2913.86,12976584100.0,146943636700.0,-0.00328665234903025
sh000001,2019-11-12,2913.00,2914.82,2891.51,2918.30,12972915400.0,139060726200.0,0.001666683848974504
sh000001,2019-11-11,2949.96,2909.97,2906.77,2949.96,15791610500.0,166285140300.0,-0.018288363054875245
sh000001,2019-11-08,2993.98,2964.18,2962.84,2998.76,14974210700.0,173867227200.0,-0.004877950522205965
sh000001,2019-11-07,2978.15,2978.71,2969.12,2988.96,13695267800.0,155834877700.0,3.6930101390053593e-05
sh000001,2019-11-06,2992.04,2978.6,2969.72,2995.56,16526354700.0,183985236200.0,-0.004332187888593242
sh000001,2019-11-05,2977.70,2991.56,2968.03,3008.31,17989159300.0,203691630200.0,0.005400791130200533
sh000001,2019-11-04,2964.58,2975.49,2964.58,2983.06,16724836400.0,188710094700.0,0.005844770468528049
sh000001,2019-11-01,2924.34,2958.2,2917.15,2959.83,15990737300.0,175630839100.0,0.009948584187418508
sh000001,2019-10-31,2944.84,2929.06,2923.52,2946.75,16157148300.0,181801937399.99997,-0.0034906032687833655
sh000001,2019-10-30,2949.46,2939.32,2934.83,2953.30,15879811000.0,181529501300.0,-0.005030160653717641
sh000001,2019-10-29,2979.04,2954.18,2954.18,2979.04,16611005800.0,195288081600.0,-0.008681062398282036
sh000001,2019-10-28,2958.69,2980.05,2956.96,2980.13,17373148100.0,198817012200.0,0.008501047402138306
sh000001,2019-10-25,2940.47,2954.93,2920.52,2958.24,13686070600.0,160224090600.0,0.0047638154047031644
sh000001,2019-10-24,2944.01,2940.92,2927.06,2953.04,12654029000.0,141667233000.0,-0.00023796411501142423
sh000001,2019-10-23,2952.97,2941.62,2934.63,2957.30,12381288100.0,139653650500.0,-0.004319011095390679
sh000001,2019-10-22,2945.60,2954.38,2934.39,2954.64,11748204800.0,130381741199.99998,0.005021057143440366
sh000001,2019-10-21,2933.90,2939.62,2917.69,2940.32,13247510700.0,145685881200.0,0.0005037200405699771
sh000001,2019-10-18,2982.34,2938.14,2933.24,2987.20,14999067800.0,162018272300.0,-0.013162800227049076
sh000001,2019-10-17,2979.99,2977.33,2969.57,2986.72,12252761400.0,136051252100.00002,-0.00046328779908089146
sh000001,2019-10-16,2992.61,2978.71,2975.92,3010.42,14988549600.0,166791549400.0,-0.004125641497133126
sh000001,2019-10-15,3005.66,2991.05,2986.30,3005.66,15537690400.0,169531932500.0,-0.005595303004109153
sh000001,2019-10-14,2993.96,3007.88,2989.81,3026.38,20861480200.0,221201755700.0,0.011507704310512956
sh000001,2019-10-11,2954.82,2973.66,2943.01,2980.79,16120374600.0,182747393100.0,0.008803444029432894
sh000001,2019-10-10,2923.71,2947.71,2918.23,2949.24,13423975200.0,157159976800.0,0.007812339735918883
sh000001,2019-10-09,2902.08,2924.86,2891.54,2924.86,13042414400.0,150940230800.0,0.003874971255195536
sh000001,2019-10-08,2905.76,2913.57,2905.76,2933.02,12553581200.0,151980792000.0,0.0028844929247313633
sh000001,2019-09-30,2927.92,2905.19,2905.19,2936.48,11664681100.0,142591702500.0,-0.009201376454980426
sh000001,2019-09-27,2929.49,2932.17,2920.93,2939.08,13290577700.0,153311002400.0,0.0010515211208941277
sh000001,2019-09-26,2964.48,2929.09,2928.26,2970.04,18893254100.0,216277562900.0,-0.008912408685030515
sh000001,2019-09-25,2977.67,2955.43,2955.43,2977.67,16854313500.0,203782754200.00003,-0.010018959314517017
sh000001,2019-09-24,2979.48,2985.34,2973.76,3002.90,16390276100.0,206245805600.0,0.0027745307482500703
sh000001,2019-09-23,2998.40,2977.08,2960.83,2998.40,16813945000.0,199130548800.0,-0.009768996657187001
sh000001,2019-09-20,3004.81,3006.45,2996.19,3011.34,18214530200.0,218390586900.0,0.0023905737376970215
sh000001,2019-09-19,2992.92,2999.28,2975.40,2999.28,16269061500.0,193206549500.0,0.004561805429955212
sh000001,2019-09-18,2984.08,2985.66,2982.40,2996.40,16804669900.0,199953631600.0,0.0025317985843418267
sh000001,2019-09-17,3023.71,2978.12,2970.57,3023.71,22333806100.0,237738935900.0,-0.017365338612554737
sh000001,2019-09-16,3041.92,3030.75,3020.05,3042.93,22187895900.0,237442265400.0,-0.00016165001781442978
sh000001,2019-09-12,3016.63,3031.24,3005.19,3033.47,19696870100.0,224576025300.0,0.007454774478946824
sh000001,2019-09-11,3029.93,3008.81,3004.22,3030.56,22983736200.0,263389555000.0,-0.004101019462465216
sh000001,2019-09-10,3027.41,3021.2,3005.38,3027.41,24001294700.0,275321751600.0,-0.0011703485258236501
sh000001,2019-09-09,3023.78,3024.74,3005.69,3026.24,24337775200.0,286236532100.0,0.008381117482330946
sh000001,2019-09-06,2996.62,2999.6,2981.60,2999.94,21682603500.0,258318744899.99997,0.004601689295546274
sh000001,2019-09-05,2972.66,2985.86,2972.66,3015.84,30543870600.0,340200666599.99994,0.009619903902401195
sh000001,2019-09-04,2927.75,2957.41,2925.88,2957.41,22549590700.0,251212694000.0,0.009303277989181291
sh000001,2019-09-03,2925.94,2930.15,2915.20,2930.15,18900121600.0,225070157300.0,0.0020655857679772183
sh000001,2019-09-02,2886.94,2924.11,2883.68,2928.48,20278680700.0,226043693299.99997,0.013120876988746755
sh000001,2019-08-30,2907.38,2886.24,2874.10,2914.58,19395995100.0,224751169899.99997,-0.0016188618156158796
sh000001,2019-08-29,2896.00,2890.92,2878.59,2898.60,17861308200.0,196332770500.0,-0.000981422094437745
sh000001,2019-08-28,2901.63,2893.76,2887.01,2905.44,18309790300.0,201805050600.0,-0.0029047030001481122
sh000001,2019-08-27,2879.52,2902.19,2879.41,2919.64,20814179400.0,230999692900.0,0.0134866617543834
sh000001,2019-08-26,2851.02,2863.57,2849.24,2870.49,16989536300.0,191036667900.0,-0.011686218476373744
sh000001,2019-08-23,2885.15,2897.43,2878.74,2902.46,15915682600.0,192567132700.0,0.004851843631218156
sh000001,2019-08-22,2887.66,2883.44,2867.55,2888.50,14920621500.0,169662167200.0,0.0010797373912017072
sh000001,2019-08-21,2875.47,2880.33,2872.56,2885.59,15901966500.0,183187275200.0,0.00011458333333336235
sh000001,2019-08-20,2879.08,2880.0,2875.00,2892.08,18967720600.0,209774344400.0,-0.00107523152162603
sh000001,2019-08-19,2835.52,2883.1,2829.85,2883.10,21454666800.0,247092216300.0,0.020992839486936088
sh000001,2019-08-16,2817.57,2823.82,2811.80,2840.32,14858234400.0,186139370300.0,0.0028482136515377565
sh000001,2019-08-15,2762.34,2815.8,2756.83,2815.90,15277215200.0,173670539200.00003,0.0024529087795623905
sh000001,2019-08-14,2824.49,2808.91,2807.72,2829.89,14401464100.0,173944883299.99997,0.004164789830047866
sh000001,2019-08-13,2798.05,2797.26,2790.61,2802.04,13091650500.0,153957510600.0,-0.006298423795466301
sh000001,2019-08-12,2781.98,2814.99,2776.62,2814.99,13156343300.0,162523259800.0,0.014502207406072554
sh000001,2019-08-09,2805.59,2774.75,2770.48,2808.33,14824029300.0,171140338800.0,-0.0070852194449911865
sh000001,2019-08-08,2784.18,2794.55,2782.24,2799.69,14953956400.0,178156148400.0,0.009343802823005953
sh000001,2019-08-07,2789.02,2768.68,2768.68,2792.69,15771675200.0,176475728400.0,-0.0031970506487708494
sh000001,2019-08-06,2776.99,2777.56,2733.92,2787.42,23112372700.0,255209231200.0,-0.015573276625908239
sh000001,2019-08-05,2854.58,2821.5,2821.50,2863.69,16741942300.0,196891483100.0,-0.01615850256639151
sh000001,2019-08-02,2861.33,2867.84,2851.44,2872.47,18488844300.0,216327400600.0,-0.014071239733633112
sh000001,2019-08-01,2920.85,2908.77,2901.75,2927.34,14238981300.0,171115635700.0,-0.008095454064947827
sh000001,2019-07-31,2944.40,2932.51,2926.49,2944.40,14105234800.0,164607873500.0,-0.00671670607043906
sh000001,2019-07-30,2946.26,2952.34,2946.26,2965.63,14831646200.0,170866349899.99997,0.0038524180468613167
sh000001,2019-07-29,2943.92,2941.01,2932.98,2948.47,12799184600.0,147439134500.0,-0.001198829019133596
sh000001,2019-07-26,2928.06,2944.54,2924.45,2948.33,13934338800.0,158774666100.0,0.002444371816869406
sh000001,2019-07-25,2923.19,2937.36,2916.15,2937.36,14568438500.0,175356381700.00003,0.004816507484743049
sh000001,2019-07-24,2907.93,2923.28,2907.79,2936.45,15524576200.0,178858104000.0,0.008048442381566545
sh000001,2019-07-23,2886.90,2899.94,2883.05,2901.36,12931050800.0,148077349300.0,0.004492599507442074
sh000001,2019-07-22,2925.79,2886.97,2879.69,2927.16,18067496000.0,204289434200.00003,-0.012731687299090355
sh000001,2019-07-19,2909.68,2924.2,2909.68,2939.60,14946955300.0,149071212000.0,0.007934702431424467
sh000001,2019-07-18,2921.74,2901.18,2901.18,2921.74,14988882800.0,149088843100.0,-0.010406966630169046
sh000001,2019-07-17,2933.02,2931.69,2924.46,2942.07,14963161600.0,152162962600.0,-0.002018640940625316
sh000001,2019-07-16,2938.64,2937.62,2931.29,2944.82,13181175100.0,140766389000.0,-0.001553264744968974
sh000001,2019-07-15,2921.55,2942.19,2886.70,2955.00,16764339700.0,176533201200.0,0.003971950657726264
sh000001,2019-07-12,2915.34,2930.55,2905.81,2938.53,13779475900.0,142918869600.0,0.004383499670980395
sh000001,2019-07-11,2928.06,2917.76,2907.89,2945.80,14369252200.0,152181408000.0,0.0008438239632284628
sh000001,2019-07-10,2935.19,2915.3,2908.16,2936.75,13548353800.0,141236258600.0,-0.004415636749845464
sh000001,2019-07-09,2928.82,2928.23,2912.81,2937.76,14511060400.0,154251421800.0,-0.0017488477377478606
sh000001,2019-07-08,2997.81,2933.36,2918.72,2997.81,21154126800.0,205568813500.0,-0.025804866060457066
sh000001,2019-07-05,3004.74,3011.06,2990.92,3014.85,15675542900.0,163180842800.0,0.0019332834206804428
sh000001,2019-07-04,3015.68,3005.25,2991.91,3024.50,19441513300.0,202266388600.0,-0.0033197800521348464
sh000001,2019-07-03,3031.83,3015.26,3006.32,3031.83,21229617300.0,218657994400.0,-0.009421999119562097
sh000001,2019-07-02,3042.58,3043.94,3033.78,3048.48,21452062400.0,229566616500.0,-0.0003152812900260038
sh000001,2019-07-01,3024.62,3044.9,3014.69,3045.37,25084043300.0,266541056900.0,0.02216269201847676
sh000001,2019-06-28,2992.24,2978.88,2961.22,2992.24,18143152300.0,183641767300.0,-0.005976394742374325
sh000001,2019-06-27,2982.61,2996.79,2981.04,3011.54,19539704900.0,208618648100.0,0.006891152714126214
sh000001,2019-06-26,2964.62,2976.28,2958.46,2986.91,17444953300.0,172516055200.0,-0.0019416043218301038
sh000001,2019-06-25,3004.91,2982.07,2948.99,3004.91,24369924400.0,244315077399.99997,-0.008669780429832241
sh000001,2019-06-24,3004.29,3008.15,2994.42,3012.83,21049389400.0,211237183000.0,0.0020553101619598113
sh000001,2019-06-21,2990.37,3001.98,2989.25,3010.35,28697383500.0,276662458500.0,0.004974691341492754
sh000001,2019-06-20,2917.33,2987.12,2915.09,2997.39,29101153700.0,288296546400.0,0.023757625608334942
sh000001,2019-06-19,2944.12,2917.8,2916.21,2953.34,23075697300.0,225567258000.0,0.009563484374567555
sh000001,2019-06-18,2891.09,2890.16,2874.31,2898.33,14770532000.0,136935231700.0,0.0008796171241367556
sh000001,2019-06-17,2880.42,2887.62,2877.39,2902.48,15396496000.0,143141637300.0,0.0019604645433506374
sh000001,2019-06-14,2913.00,2881.97,2879.66,2924.32,21543579600.0,194303111800.0,-0.009884084459621967
sh000001,2019-06-13,2905.29,2910.74,2885.92,2918.42,21295779100.0,191748206700.00003,0.00046745354680366447
sh000001,2019-06-12,2917.22,2909.38,2903.88,2924.70,24025577500.0,223063953299.99997,-0.005584950029394409
sh000001,2019-06-11,2854.07,2925.72,2854.07,2927.43,26052579600.0,254479985799.99997,0.025801769204068403
sh000001,2019-06-10,2833.01,2852.13,2824.36,2861.13,16658591800.0,162489831400.0,0.00860386165924032
sh000001,2019-06-06,2862.33,2827.8,2822.19,2862.33,17706441100.0,164850546700.0,-0.011749411131536047
sh000001,2019-06-05,2882.94,2861.42,2858.57,2888.77,18156104700.0,175200844200.00003,-0.0003004597733275993
sh000001,2019-06-04,2887.64,2862.28,2851.97,2888.39,18846354100.0,181118915500.0,-0.009619110889663829
sh000001,2019-06-03,2901.74,2890.08,2875.90,2920.83,21594355400.0,208073320300.0,-0.002973746852037107
sh000001,2019-05-31,2904.50,2898.7,2895.58,2922.91,19523058000.0,191280403600.0,-0.002446822056500597
sh000001,2019-05-30,2903.42,2905.81,2881.38,2907.85,20575878900.0,197105555799.99997,-0.0030500566095995607
sh000001,2019-05-29,2894.83,2914.7,2890.66,2934.98,19895882100.0,202855039200.00003,0.0016460990202447068
sh000001,2019-05-28,2890.27,2909.91,2887.08,2924.04,22331055700.0,227253813700.0,0.006060752736500641
sh000001,2019-05-27,2851.28,2892.38,2833.04,2898.13,19672090200.0,193768714300.0,0.013806567846364803
sh000001,2019-05-24,2847.84,2852.99,2846.02,2871.86,16720549000.0,162689316200.0,0.00016476659234632152
sh000001,2019-05-23,2880.84,2852.52,2846.96,2885.14,19734030900.0,192869487300.0,-0.013549123353044812
sh000001,2019-05-22,2905.52,2891.7,2879.64,2912.40,20002690500.0,193629366600.0,-0.004910580632284556
sh000001,2019-05-21,2867.71,2905.97,2862.50,2919.24,21138702200.0,202777774100.0,0.012321465895631434
sh000001,2019-05-20,2874.80,2870.6,2838.45,2882.63,20947244200.0,199210776200.0,-0.004059258231273732
sh000001,2019-05-17,2955.77,2882.3,2873.80,2956.78,26630164300.0,247875177700.0,-0.02483667206863993
sh000001,2019-05-16,2933.50,2955.71,2929.06,2956.17,24838570100.0,226203068900.0,0.00579511889691986
sh000001,2019-05-15,2902.64,2938.68,2902.64,2945.39,23051970100.0,226262785600.0,0.019097589479853294
sh000001,2019-05-14,2872.83,2883.61,2872.83,2909.20,20834535300.0,201223315400.0,-0.006922178867724393
sh000001,2019-05-13,2905.07,2903.71,2892.17,2921.41,21202988200.0,202624125000.0,-0.012078075401213306
sh000001,2019-05-10,2878.23,2939.21,2838.38,2941.45,28230680800.0,274176262000.0,0.03095810168540325
sh000001,2019-05-09,2871.20,2850.95,2845.04,2888.86,20004113300.0,197446880700.0,-0.014793901360168227
sh000001,2019-05-08,2873.14,2893.76,2866.70,2929.43,23153051900.0,218892618299.99997,-0.011150256801041425
sh000001,2019-05-07,2914.29,2926.39,2889.07,2937.28,25328176900.0,245444215200.0,0.00685713892501516
sh000001,2019-05-06,2984.73,2906.46,2876.47,2986.54,32697226900.0,314336519400.0,-0.05583528784994518
sh000001,2019-04-30,3052.62,3078.34,3052.62,3088.41,22230251700.0,225498129200.00003,0.0051722448979591995
sh000001,2019-04-29,3090.63,3062.5,3050.03,3107.76,29211488600.0,289063278900.0,-0.007743649559357246
sh000001,2019-04-26,3108.16,3086.4,3085.80,3129.21,28087385400.0,274776402300.0,-0.011982086093033195
sh000001,2019-04-25,3190.59,3123.83,3123.03,3193.75,32587912900.0,309076083700.0,-0.02429402706763162
sh000001,2019-04-24,3203.56,3201.61,3156.61,3210.65,27487216400.0,278410852500.0,0.0009441660231539473
sh000001,2019-04-23,3211.87,3198.59,3186.76,3231.58,32836120700.0,324870183400.0,-0.005116577087687757
sh000001,2019-04-22,3278.49,3215.04,3206.88,3279.49,35321738700.0,359154297100.0,-0.017047817047817104
sh000001,2019-04-19,3250.15,3270.8,3226.81,3274.33,31519800400.0,315131920200.0,0.006338071503292131
sh000001,2019-04-18,3261.07,3250.2,3241.83,3271.39,32553994200.0,323508178600.0,-0.003959400818848269
sh000001,2019-04-17,3250.15,3263.12,3239.80,3275.33,35754179600.0,354509888100.0,0.002925989672977636
sh000001,2019-04-16,3164.40,3253.6,3153.21,3253.60,35791875200.0,360166633600.0,0.02385620195167082
sh000001,2019-04-15,3233.46,3177.79,3177.27,3253.98,34880978500.0,355666127700.00006,-0.0033995791295948763
sh000001,2019-04-12,3184.86,3188.63,3168.04,3199.28,28978899600.0,288908971200.0,-0.00041693312768809054
sh000001,2019-04-11,3241.55,3189.96,3185.55,3254.13,35303187900.0,360684555900.00006,-0.016030574380076046
sh000001,2019-04-10,3224.65,3241.93,3204.88,3264.78,38013440800.0,395669974900.0,0.0007006908132334289
sh000001,2019-04-09,3240.39,3239.66,3215.70,3251.65,36416999700.0,380272975900.00006,-0.001587149940982746
sh000001,2019-04-08,3271.27,3244.81,3210.52,3288.45,50451840300.0,506431236800.0,-0.0005421105967221562
sh000001,2019-04-04,3233.69,3246.57,3216.85,3254.14,46911766900.0,475156382100.0,0.009411435500419785
sh000001,2019-04-03,3159.15,3216.3,3152.33,3219.26,43054863500.0,442622041000.0,0.012427521861484214
sh000001,2019-04-02,3183.27,3176.82,3164.91,3193.27,44706898100.0,462662081800.0,0.0020376234875534305
sh000001,2019-04-01,3111.66,3170.36,3111.66,3176.62,46612469300.0,480085938400.00006,0.025754183437083356
sh000001,2019-03-29,3000.68,3090.76,2999.99,3093.03,37508299100.0,386699608700.0,0.03199396315118164
sh000001,2019-03-28,3009.80,2994.94,2991.78,3025.78,28810642500.0,289554565500.0,-0.009190398052085436
sh000001,2019-03-27,3012.26,3022.72,2987.77,3022.76,29139035700.0,295075954800.0,0.008548263321210392
sh000001,2019-03-26,3057.56,2997.1,2988.49,3062.69,35349802100.0,341444826599.99994,-0.015093508772506481
sh000001,2019-03-25,3058.80,3043.03,3041.95,3087.00,38027876200.0,375375662800.0,-0.01968977014641682
sh000001,2019-03-22,3100.73,3104.15,3064.88,3107.28,36484834600.0,356678335000.0,0.0008673334494078144
sh000001,2019-03-21,3094.12,3101.46,3086.85,3125.02,41425118200.0,403939834700.0,0.003500893018921758
sh000001,2019-03-20,3084.17,3090.64,3053.45,3102.52,35855750500.0,349295405500.0,-0.00010999747652851166
sh000001,2019-03-19,3099.90,3090.98,3076.36,3113.43,35090886000.0,353216791300.0,-0.0017568676083994372
sh000001,2019-03-18,3027.80,3096.42,3009.51,3096.42,39779717900.0,398469604799.99994,0.024710846363862116
sh000001,2019-03-15,3000.88,3021.75,2999.43,3048.12,34120613900.0,344721502700.00006,0.010385563197790493
sh000001,2019-03-14,3013.60,2990.69,2968.82,3041.16,37314179800.0,356240351200.0,-0.011979054824162838
sh000001,2019-03-13,3062.33,3026.95,3013.93,3065.29,45321462500.0,451247303700.0,-0.01090085644918326
sh000001,2019-03-12,3049.08,3060.31,3029.90,3093.39,51117315800.0,487066630200.00006,0.011007634646959641
sh000001,2019-03-11,2969.08,3026.99,2963.58,3028.25,42621302900.0,404368420300.0,0.019236597011306866
sh000001,2019-03-08,3038.34,2969.86,2969.58,3075.05,57785547300.0,525598246400.0,-0.043960571976744967
sh000001,2019-03-07,3103.67,3106.42,3074.98,3129.94,58381706500.0,525725224700.0,0.001392605009509662
sh000001,2019-03-06,3060.43,3102.1,3050.11,3103.83,55500636500.0,485478321300.0,0.01566669395105169
sh000001,2019-03-05,3019.88,3054.25,3009.45,3054.96,42414252900.0,382768537200.0,0.008809015781581442
sh000001,2019-03-04,3015.94,3027.58,3006.94,3090.80,52564943600.0,480603655500.0,0.01121576486305953
sh000001,2019-03-01,2954.40,2994.0,2930.83,2994.00,34578620000.0,307337666700.0,0.01803838895594967
sh000001,2019-02-28,2950.05,2940.95,2930.20,2965.30,35020660200.0,298763953100.0,-0.004357069828222593
sh000001,2019-02-27,2939.93,2953.82,2924.64,2997.49,47497645300.0,411837618700.0,0.004181511599445242
sh000001,2019-02-26,2969.10,2941.52,2938.62,2995.68,56555796700.0,492396545200.00006,-0.006672790144802376
sh000001,2019-02-25,2838.39,2961.28,2838.39,2961.80,52865859000.0,465991432600.0,0.05600467864618808
sh000001,2019-02-22,2749.46,2804.23,2736.33,2804.23,30148141100.0,264518879200.00003,0.01905298350170792
sh000001,2019-02-21,2759.94,2751.8,2744.98,2794.01,29864996900.0,253033376900.0,-0.003411535480693173
sh000001,2019-02-20,2761.06,2761.22,2739.98,2767.41,24597252700.0,205446929300.0,0.002021301689256516
sh000001,2019-02-19,2759.50,2755.65,2737.59,2780.78,28804627100.0,247121050500.0,0.0004683483640481878
sh000001,2019-02-18,2699.82,2754.36,2699.82,2754.36,26043600700.0,224184077200.0,0.026830550367396233
sh000001,2019-02-15,2712.79,2682.39,2679.78,2715.63,19600426500.0,169823260300.0,-0.013718424826267617
sh000001,2019-02-14,2715.54,2719.7,2707.49,2729.46,19703734900.0,170330837100.0,-0.0005034784110663493
sh000001,2019-02-13,2674.52,2721.07,2666.52,2727.08,24379401000.0,207125315900.0,0.018406446373166574
sh000001,2019-02-12,2654.03,2671.89,2648.83,2674.48,18410117900.0,156741540400.0,0.006778703040807743
sh000001,2019-02-11,2613.17,2653.9,2613.17,2654.10,15489885800.0,137307190000.0,0.013623707619269565
sh000001,2019-02-01,2597.78,2618.23,2590.55,2618.48,13198685000.0,111522628300.0,0.013023442971171084
sh000001,2019-01-31,2581.33,2584.57,2571.58,2606.63,15430386900.0,126013247400.0,0.0034904759316349843
sh000001,2019-01-30,2584.75,2575.58,2575.41,2598.81,12050257100.0,101103927500.0,-0.007196684976390144
sh000001,2019-01-29,2592.36,2594.25,2559.98,2601.74,15558111200.0,126749049400.0,-0.0010512210336621752
sh000001,2019-01-28,2615.71,2596.98,2591.10,2630.32,14698176500.0,127465636700.0,-0.0018218716848853456
sh000001,2019-01-25,2596.26,2601.72,2595.63,2617.00,15939402600.0,135415167700.0,0.0038700616200240123
sh000001,2019-01-24,2584.65,2591.69,2569.70,2597.29,15404204600.0,131575040300.0,0.0041418055017434785
sh000001,2019-01-23,2575.26,2581.0,2572.41,2589.51,13142679800.0,105101323600.0,0.0005039345660349248
sh000001,2019-01-22,2609.64,2579.7,2573.06,2609.64,15253777300.0,122995435399.99998,-0.011802291506257556
sh000001,2019-01-21,2599.06,2610.51,2599.06,2618.98,16342511500.0,139915486200.0,0.005585494662963653
sh000001,2019-01-18,2567.74,2596.01,2565.90,2598.88,19076723700.0,151270430600.0,0.014209029394758765
sh000001,2019-01-17,2573.58,2559.64,2557.71,2582.56,16246813400.0,127546126700.0,-0.004193867150115604
sh000001,2019-01-16,2569.07,2570.42,2563.01,2574.24,14930153900.0,126876314400.0,2.7233645223390113e-05
sh000001,2019-01-15,2537.37,2570.35,2532.43,2571.50,16026553000.0,137374981300.00002,0.013636883471292771
sh000001,2019-01-14,2553.33,2535.77,2533.01,2556.29,14482546400.0,116243416800.0,-0.007071731477819587
sh000001,2019-01-11,2539.55,2553.83,2533.36,2554.79,14944410000.0,122375663400.0,0.007388268707348766
sh000001,2019-01-10,2543.85,2535.1,2531.66,2551.83,15987432600.0,132692331500.0,-0.0036355061214062845
sh000001,2019-01-09,2536.42,2544.35,2536.16,2574.41,19188793000.0,160812527000.0,0.007081054123160513
sh000001,2019-01-08,2530.30,2526.46,2520.16,2531.35,15809918100.0,123379039800.0,-0.0026173566671535697
sh000001,2019-01-07,2528.70,2533.09,2515.51,2536.98,17730501000.0,145513241600.0,0.00724490729143068
sh000001,2019-01-04,2446.02,2514.87,2440.91,2515.32,16887766700.0,139298675000.0,0.02049619373792777
sh000001,2019-01-03,2461.78,2464.36,2455.93,2488.48,12439749700.0,106922789500.0,-0.00037723756637142447
sh000001,2019-01-02,2497.88,2465.29,2456.42,2500.28,10993201300.0,97592572000.0,-0.011471991659649627
sh000001,2018-12-28,2483.62,2493.9,2478.33,2505.11,11924525000.0,105980853000.0,0.00435344671357063
sh000001,2018-12-27,2527.72,2483.09,2483.09,2532.00,13540684300.0,112479760500.0,-0.00608416156651137
sh000001,2018-12-26,2501.12,2498.29,2492.08,2513.83,10879962900.0,93989532600.0,-0.0026069737546011718
sh000001,2018-12-25,2503.95,2504.82,2462.84,2513.96,14067056000.0,114766008800.00002,-0.008781128685679929
sh000001,2018-12-24,2506.74,2527.01,2500.44,2529.44,9733985200.0,85760935800.0,0.004276204669647399
sh000001,2018-12-21,2526.55,2516.25,2498.69,2527.42,11567120000.0,101360622800.0,-0.00789348137225132
sh000001,2018-12-20,2544.51,2536.27,2516.02,2554.86,12056649600.0,103504982800.0,-0.005212664145970325
sh000001,2018-12-19,2578.68,2549.56,2547.08,2579.87,10766179700.0,93713175000.0,-0.010513651446645844
sh000001,2018-12-18,2583.63,2576.65,2563.57,2599.15,11703337000.0,99306536400.0,-0.00820640731032296
sh000001,2018-12-17,2587.26,2597.97,2573.87,2598.97,11736325000.0,102960848500.0,0.0016308496611070478
sh000001,2018-12-14,2627.28,2593.74,2593.74,2629.16,14594248800.0,123724985200.0,-0.0153034300791558
sh000001,2018-12-13,2607.14,2634.05,2599.46,2645.84,15073811500.0,132396107000.0,0.012259093441961522
sh000001,2018-12-12,2608.11,2602.15,2595.08,2610.01,10351830100.0,88998195800.0,0.00310706259227711
sh000001,2018-12-11,2587.01,2594.09,2583.20,2596.15,10130436400.0,85404123400.0,0.003679514660022143
sh000001,2018-12-10,2589.19,2584.58,2576.24,2599.76,11319966900.0,99148143000.0,-0.008177628372648127
sh000001,2018-12-07,2609.34,2605.89,2599.28,2614.58,10907499300.0,97727662600.0,0.00027253395158877147
sh000001,2018-12-06,2629.82,2605.18,2603.13,2633.68,14166165000.0,129092979700.0,-0.01684271702499429
sh000001,2018-12-05,2629.83,2649.81,2625.91,2660.39,15450205600.0,133730209000.0,-0.00605785533166292
sh000001,2018-12-04,2651.56,2665.96,2644.90,2666.08,16794055800.0,144143400000.0,0.004203706493897785
sh000001,2018-12-03,2647.13,2654.8,2629.18,2665.30,20747895500.0,187831789100.0,0.02573613220049542
sh000001,2018-11-30,2564.56,2588.19,2555.32,2590.21,13932902100.0,112219827200.0,0.008081980494188734
sh000001,2018-11-29,2613.78,2567.44,2567.44,2617.55,15716873800.0,129472448000.0,-0.013183484898567799
sh000001,2018-11-28,2575.45,2601.74,2561.56,2601.96,14596347300.0,119578491700.0,0.010510043966628801
sh000001,2018-11-27,2585.83,2574.68,2566.17,2592.54,12365843600.0,102226561400.0,-0.00043869695357967586
sh000001,2018-11-26,2580.84,2575.81,2568.04,2595.00,13431454000.0,108158093000.0,-0.0014227673794718898
sh000001,2018-11-23,2640.67,2579.48,2577.35,2642.04,19147454900.0,149975643900.0,-0.024929784571884328
sh000001,2018-11-22,2655.90,2645.43,2634.48,2658.00,14930906300.0,125570173800.00002,-0.0022930330264643306
sh000001,2018-11-21,2619.82,2651.51,2617.78,2653.80,18259644700.0,149375782400.0,0.002139199123155189
sh000001,2018-11-20,2684.29,2645.85,2643.36,2690.83,21589130900.0,180870411800.0,-0.021327829377365104
sh000001,2018-11-19,2681.90,2703.51,2674.18,2703.51,23166282700.0,196562706700.00003,0.00910750211824074
sh000001,2018-11-16,2669.78,2679.11,2657.03,2695.57,24219884900.0,204983603900.0,0.004100188518722625
sh000001,2018-11-15,2632.14,2668.17,2631.89,2668.17,20784872100.0,171882491600.0,0.013649971127252858
sh000001,2018-11-14,2648.31,2632.24,2627.96,2658.31,23844935100.0,176970430700.0,-0.008527692400409959
sh000001,2018-11-13,2600.50,2654.88,2597.35,2666.49,24928244700.0,189607223500.0,0.009260526435837857
sh000001,2018-11-12,2593.20,2630.52,2590.21,2631.17,17503130800.0,142351428400.0,0.012178369829964675
sh000001,2018-11-09,2621.24,2598.87,2598.16,2621.24,15244630700.0,121260494100.0,-0.013947329480997084
sh000001,2018-11-08,2660.09,2635.63,2632.30,2662.37,15963548700.0,128668816700.0,-0.002161781519986028
sh000001,2018-11-07,2659.84,2641.34,2639.25,2675.68,17320198600.0,147261808700.0,-0.006776066421996241
sh000001,2018-11-06,2660.72,2659.36,2635.32,2660.86,16366947900.0,138800936400.0,-0.0022773061007040907
sh000001,2018-11-05,2665.43,2665.43,2639.27,2673.19,19376010000.0,168588913400.0,-0.0041285569105691255
sh000001,2018-11-02,2649.25,2676.48,2628.87,2676.48,22502692100.0,207861569000.0,0.026950702928356662
sh000001,2018-11-01,2617.03,2606.24,2603.65,2636.80,20090393200.0,180253805600.0,0.0013293478511435808
sh000001,2018-10-31,2573.01,2602.78,2567.03,2612.92,18055034800.0,154894735300.0,0.013523879986760301
sh000001,2018-10-30,2538.57,2568.05,2521.78,2586.92,16668230900.0,152385935000.0,0.010208095668935213
sh000001,2018-10-29,2593.59,2542.1,2529.19,2595.54,13424192300.0,122500040500.0,-0.021836581564922963
sh000001,2018-10-26,2610.90,2598.85,2580.85,2626.12,15893611900.0,133415492800.0,-0.0019010676703280494
sh000001,2018-10-25,2540.93,2603.8,2531.53,2606.10,16203297900.0,137630180900.0,0.00019206391887216512
sh000001,2018-10-24,2579.97,2603.3,2577.77,2640.40,16006040700.0,142082168700.0,0.0032641830100623714
sh000001,2018-10-23,2652.65,2594.83,2583.26,2659.81,17834354300.0,166919412300.0,-0.0226187247634545
sh000001,2018-10-22,2565.64,2654.88,2565.64,2675.41,21188844900.0,197309813000.0,0.040937552686367784
sh000001,2018-10-19,2460.08,2550.47,2449.20,2553.39,14732355800.0,130095922300.0,0.025759927928507453
sh000001,2018-10-18,2544.91,2486.42,2485.62,2544.91,12542851300.0,106576761100.0,-0.029352633695215125
sh000001,2018-10-17,2574.31,2561.61,2517.57,2582.55,12995399700.0,117388355700.0,0.006000793298590601
sh000001,2018-10-16,2567.76,2546.33,2536.44,2597.72,11941914400.0,106792245500.0,-0.008477084225692155
sh000001,2018-10-15,2605.91,2568.1,2564.74,2611.97,11857619700.0,105214738300.0,-0.014887357062575934
sh000001,2018-10-12,2574.04,2606.91,2536.67,2615.92,17008163500.0,142803208900.0,0.00907697429029275
sh000001,2018-10-11,2643.07,2583.46,2560.32,2661.29,19715070200.0,170057762500.0,-0.05223343996712948
sh000001,2018-10-10,2723.72,2725.84,2703.06,2743.55,11348573600.0,111312455300.0,0.0017750761665704662
sh000001,2018-10-09,2713.73,2721.01,2711.20,2734.31,11677189900.0,110292457800.0,0.0016565372481602836
sh000001,2018-10-08,2768.21,2716.51,2710.18,2771.94,14950138800.0,141531551800.0,-0.03715951583461807
sh000001,2018-09-28,2794.26,2821.35,2791.84,2821.76,13429045600.0,125369989400.0,0.010595428706519527
sh000001,2018-09-27,2805.79,2791.77,2786.32,2810.51,12399769600.0,123447711600.0,-0.00535839618641798
sh000001,2018-09-26,2785.32,2806.81,2783.34,2827.34,13956770600.0,145058769400.0,0.009230027974140187
sh000001,2018-09-25,2775.07,2781.14,2771.16,2790.03,11198317900.0,108528047800.0,-0.005840971159758124
sh000001,2018-09-21,2733.87,2797.48,2722.03,2797.49,15801664200.0,148976357200.0,0.025003297621315923
sh000001,2018-09-20,2732.17,2729.24,2724.08,2743.96,11138746300.0,104875868900.0,-0.0005895600270978685
sh000001,2018-09-19,2694.80,2730.85,2690.99,2746.08,14155031800.0,140107010300.0,0.011444656382525675
sh000001,2018-09-18,2644.30,2699.95,2644.30,2700.19,11576799300.0,113031888600.0,0.018161317449722603
sh000001,2018-09-17,2671.29,2651.79,2647.92,2671.29,8823888800.0,86962599200.0,-0.011131248042242747
sh000001,2018-09-14,2688.78,2681.64,2675.29,2694.92,10000500800.0,104992360000.0,-0.001838768992548201
sh000001,2018-09-13,2679.21,2686.58,2653.19,2689.06,10733501400.0,112464143200.0,0.011471663447673475
sh000001,2018-09-12,2659.74,2656.11,2647.17,2672.07,9002675800.0,93448206199.99998,-0.00326103272290601
sh000001,2018-09-11,2668.49,2664.8,2652.70,2680.57,9986594600.0,96884582200.0,-0.0017531504263001985
sh000001,2018-09-10,2698.01,2669.48,2667.32,2703.43,10355917000.0,102860716600.0,-0.012145209636235887
sh000001,2018-09-07,2696.68,2702.3,2683.72,2728.55,10752329300.0,113840071300.00002,0.003979060703896309
sh000001,2018-09-06,2697.58,2691.59,2683.74,2719.41,9901783300.0,106266080200.0,-0.004714643868744317
sh000001,2018-09-05,2741.38,2704.34,2704.34,2745.47,10500226900.0,107269446900.0,-0.016810999861847198
sh000001,2018-09-04,2720.65,2750.58,2712.38,2756.61,10901030700.0,113708888000.0,0.010971320197152856
sh000001,2018-09-03,2716.40,2720.73,2692.36,2722.85,10221301100.0,104817688000.0,-0.0016585634345472888
sh000001,2018-08-31,2730.11,2725.25,2710.54,2744.63,10975874200.0,114813353900.0,-0.004562157107687259
sh000001,2018-08-30,2769.33,2737.74,2736.35,2780.53,10606094300.0,106400401300.00002,-0.0113928118759683
sh000001,2018-08-29,2774.86,2769.29,2762.35,2778.54,10015692900.0,101220664900.0,-0.0031281722690588154
sh000001,2018-08-28,2782.29,2777.98,2769.40,2791.39,11874936700.0,125118576700.0,-0.0010500197777698617
sh000001,2018-08-27,2736.32,2780.9,2736.32,2780.90,13276257800.0,141429679600.0,0.018857417116394437
sh000001,2018-08-24,2717.08,2729.43,2705.32,2748.82,10051626900.0,102665800500.0,0.0017653837966395969
sh000001,2018-08-23,2714.87,2724.62,2700.80,2736.01,9844647000.0,107826017200.0,0.003687454183105343
sh000001,2018-08-22,2731.96,2714.61,2709.06,2731.96,9366464000.0,98463969900.0,-0.0070304298365296836
sh000001,2018-08-21,2700.34,2733.83,2696.29,2739.17,11358683900.0,122260216300.00002,0.01310372173861496
sh000001,2018-08-20,2673.07,2698.47,2653.11,2698.47,11078416400.0,114047616400.0,0.011052953011835953
sh000001,2018-08-17,2723.89,2668.97,2665.59,2730.33,11244529400.0,115499397000.0,-0.0133890780314877
sh000001,2018-08-16,2691.43,2705.19,2672.74,2732.95,12027787800.0,117580995000.0,-0.006635429595411413
sh000001,2018-08-15,2777.25,2723.26,2721.24,2777.70,11616178700.0,118707674100.0,-0.020748230826764802
sh000001,2018-08-14,2780.74,2780.96,2766.57,2789.44,10957107700.0,112465397000.0,-0.0017624655852569449
sh000001,2018-08-13,2769.02,2785.87,2742.56,2789.80,12753224100.0,129460540399.99998,-0.003377085189120388
sh000001,2018-08-10,2791.40,2795.31,2777.51,2806.12,12153223200.0,123112594300.0,0.00033281085607539396
sh000001,2018-08-09,2729.58,2794.38,2726.22,2801.66,15166033300.0,151079880200.0,0.01833408039882367
sh000001,2018-08-08,2771.13,2744.07,2741.07,2779.91,14768871500.0,139969762800.0,-0.012700719947326133
sh000001,2018-08-07,2711.74,2779.37,2696.04,2779.37,14957974300.0,147259486400.0,0.027432758136302526
sh000001,2018-08-06,2736.53,2705.16,2692.32,2760.47,12975305800.0,132993799700.0,-0.012873845075973223
sh000001,2018-08-03,2763.40,2740.44,2740.43,2777.66,12700636300.0,129134687500.0,-0.009963800839589254
sh000001,2018-08-02,2815.34,2768.02,2726.48,2815.34,17417900300.0,169769315400.0,-0.020006868399344402
sh000001,2018-08-01,2882.51,2824.53,2823.93,2897.40,14951434800.0,151692873000.0,-0.018032957863996613
sh000001,2018-07-31,2866.90,2876.4,2854.32,2884.68,11893111700.0,119528767899.99998,0.00256182360014634
sh000001,2018-07-30,2871.94,2869.05,2850.30,2896.01,15165224900.0,145988585400.0,-0.0015799052752828446
sh000001,2018-07-27,2879.69,2873.59,2864.11,2889.69,14637161000.0,132419371800.0,-0.0029976788805889942
sh000001,2018-07-26,2905.79,2882.23,2875.70,2915.30,16842820200.0,157496681800.0,-0.007376922149708198
sh000001,2018-07-25,2911.45,2903.65,2894.04,2912.31,16780020700.0,166412077100.0,-0.0006573603711503839
sh000001,2018-07-24,2862.27,2905.56,2862.27,2911.46,22957830700.0,228701875500.0,0.016093497555550895
sh000001,2018-07-23,2815.20,2859.54,2809.62,2863.57,17338279700.0,186996844700.0,0.010698872854128405
sh000001,2018-07-20,2769.75,2829.27,2753.84,2837.86,14590768800.0,155661124300.0,0.020457701394023475
sh000001,2018-07-19,2791.02,2772.55,2764.49,2805.01,11448649300.0,129374568300.0,-0.005277584437763272
sh000001,2018-07-18,2801.78,2787.26,2786.04,2818.40,12096116500.0,138557147800.0,-0.003884737306701247
sh000001,2018-07-17,2806.89,2798.13,2774.76,2806.92,10540922000.0,124035197800.0,-0.0056537931230543625
sh000001,2018-07-16,2827.08,2814.04,2804.49,2837.51,10776715100.0,129411192700.0,-0.006054012814444842
sh000001,2018-07-13,2831.43,2831.18,2818.85,2835.46,11768934800.0,146300880600.0,-0.002283571675253615
sh000001,2018-07-12,2771.04,2837.66,2771.04,2844.19,14698020000.0,170319086500.0,0.021560460369288936
sh000001,2018-07-11,2780.70,2777.77,2752.44,2794.36,12682114900.0,138318174300.0,-0.017633141535490893
sh000001,2018-07-10,2819.71,2827.63,2800.63,2828.49,11706274800.0,132633113100.0,0.004447428342054138
sh000001,2018-07-09,2752.45,2815.11,2752.45,2815.79,12154930900.0,135654524800.0,0.02470852458658368
sh000001,2018-07-06,2731.35,2747.23,2691.02,2768.87,13629438000.0,148193040000.0,0.004883169707521784
sh000001,2018-07-05,2755.34,2733.88,2727.94,2777.52,12922611200.0,132993668200.0,-0.009151435416236309
sh000001,2018-07-04,2776.63,2759.13,2754.16,2793.18,12326218100.0,131016165000.0,-0.00996092418430572
sh000001,2018-07-03,2774.57,2786.89,2722.45,2786.89,14249846600.0,161668028600.0,0.004082059115998238
sh000001,2018-07-02,2841.58,2775.56,2756.81,2845.68,13703503400.0,147562760000.0,-0.025236881106405096
sh000001,2018-06-29,2789.81,2847.42,2782.38,2848.37,12567168500.0,135652377899.99998,0.02171588503354971
sh000001,2018-06-28,2799.90,2786.9,2782.45,2825.99,11835790700.0,129687431400.0,-0.00934174137452981
sh000001,2018-06-27,2842.40,2813.18,2798.80,2854.26,12942083300.0,142413494400.0,-0.011014199282126103
sh000001,2018-06-26,2829.99,2844.51,2803.79,2850.24,12591846800.0,138447246800.0,-0.005186511572600638
sh000001,2018-06-25,2903.45,2859.34,2857.87,2908.62,12191768700.0,132350471600.0,-0.010526825757156355
sh000001,2018-06-22,2855.59,2889.76,2837.14,2891.97,12614312900.0,127161473900.0,0.004850807250826872
sh000001,2018-06-21,2912.00,2875.81,2872.62,2940.59,15437833200.0,159713161800.0,-0.013691253991281793
sh000001,2018-06-20,2889.98,2915.73,2872.16,2925.56,14430142000.0,153334278100.0,0.0027202509096160288
sh000001,2018-06-19,2982.65,2907.82,2871.35,2984.97,23055006700.0,241203641100.0,-0.03775108375525327
sh000001,2018-06-15,3037.45,3021.9,3008.73,3048.80,14453257100.0,162196016400.0,-0.0073123620309050175
sh000001,2018-06-14,3038.07,3044.16,3032.41,3066.05,11546948700.0,147588827000.0,-0.0018493015935472368
sh000001,2018-06-13,3071.46,3049.8,3044.12,3071.46,11960788600.0,155935263100.0,-0.009740892265731493
sh000001,2018-06-12,3053.03,3079.8,3034.10,3081.45,11327509600.0,154469092300.0,0.008850948971101724
sh000001,2018-06-11,3057.34,3052.78,3037.91,3063.61,10856378600.0,143037323800.0,-0.004685131147808219
sh000001,2018-06-08,3100.60,3067.15,3053.29,3100.68,13468822000.0,161178782900.0,-0.013619552982794603
sh000001,2018-06-07,3121.18,3109.5,3105.58,3128.72,12778497000.0,167174304100.0,-0.0018233296310324887
sh000001,2018-06-06,3109.17,3115.18,3103.53,3117.53,12019613500.0,162879956700.0,0.00031147546247667357
sh000001,2018-06-05,3088.01,3114.21,3080.05,3114.77,11873559200.0,164806307500.0,0.0074469702606438926
sh000001,2018-06-04,3083.43,3091.19,3076.99,3098.40,11459390200.0,154671613300.0,0.00521927456961313
sh000001,2018-06-01,3084.75,3075.14,3059.79,3102.09,12987219900.0,166548881800.0,-0.006567661776725298
sh000001,2018-05-31,3061.83,3095.47,3054.27,3098.08,14047553200.0,185199037000.0,0.017764611499815786
sh000001,2018-05-30,3081.14,3041.44,3041.00,3085.40,15511512600.0,191995196700.00003,-0.02532318952974877
sh000001,2018-05-29,3129.62,3120.46,3112.15,3143.21,13571780000.0,177826106400.0,-0.004663357872845331
sh000001,2018-05-28,3136.81,3135.08,3115.96,3149.66,12875591800.0,168191258400.0,-0.0019800719447363724
sh000001,2018-05-25,3148.41,3141.3,3131.07,3156.73,12861084300.0,166554049900.0,-0.004231848224050205
sh000001,2018-05-24,3167.94,3154.65,3152.07,3173.53,12408580000.0,160658185500.0,-0.00451567706755529
sh000001,2018-05-23,3205.44,3168.96,3168.96,3205.44,15780764800.0,199358101000.0,-0.01412105091231508
sh000001,2018-05-22,3211.25,3214.35,3192.23,3214.59,14429268400.0,185721667800.0,0.0001586886714957103
sh000001,2018-05-21,3206.18,3213.84,3203.34,3219.74,16445941300.0,202663464500.0,0.006432217455297096
sh000001,2018-05-18,3151.08,3193.3,3144.78,3193.45,13651691800.0,168038057500.0,0.012370493424807005
sh000001,2018-05-17,3170.01,3154.28,3148.62,3172.77,11399556700.0,150598842200.0,-0.004823998207958757
sh000001,2018-05-16,3180.23,3169.57,3166.81,3191.95,13052496800.0,174590979800.0,-0.007064270766763081
sh000001,2018-05-15,3180.42,3192.12,3164.52,3192.81,12454905100.0,162990790000.0,0.005699379022882534
sh000001,2018-05-14,3167.04,3174.03,3163.48,3183.82,12932735300.0,172410691100.0,0.003404715388554802
sh000001,2018-05-11,3179.80,3163.26,3162.21,3180.76,13065974900.0,167364290400.0,-0.0035124637334180697
sh000001,2018-05-10,3169.05,3174.41,3155.53,3176.14,13300075600.0,165440363900.0,0.004830413244068632
sh000001,2018-05-09,3160.14,3159.15,3145.66,3165.37,12263726800.0,153456426200.0,-0.0007433180452316446
sh000001,2018-05-08,3135.30,3161.5,3134.06,3169.70,14692706100.0,189011647399.99997,0.007925678432972871
sh000001,2018-05-07,3094.90,3136.64,3091.66,3136.84,13894818600.0,178243870000.0,0.014755599266263797
sh000001,2018-05-04,3093.12,3091.03,3086.78,3104.09,11871126500.0,148436363400.0,-0.003170088298085072
sh000001,2018-05-03,3074.52,3100.86,3056.16,3105.66,13998562000.0,173444959100.0,0.006387163359492298
sh000001,2018-05-02,3087.41,3081.18,3064.76,3097.60,13418456600.0,168246153000.0,-0.00034066244245245514
sh000001,2018-04-27,3082.41,3082.23,3049.91,3088.03,13122564300.0,179520260000.0,0.0023414405713113595
sh000001,2018-04-26,3119.50,3075.03,3067.93,3121.93,13397273600.0,163783774600.0,-0.013771780998534155
sh000001,2018-04-25,3112.40,3117.97,3107.00,3122.91,12731105300.0,161298141700.0,-0.0035027948851524826
sh000001,2018-04-24,3069.75,3128.93,3069.75,3136.04,16227480600.0,195545006100.0,0.01985651937249222
sh000001,2018-04-23,3063.44,3068.01,3045.94,3085.06,13168634000.0,157854795100.0,-0.0011492606314746912
sh000001,2018-04-20,3105.46,3071.54,3065.92,3111.17,15514709100.0,185139069100.0,-0.014704655832782687
sh000001,2018-04-19,3094.27,3117.38,3090.29,3127.44,16005680500.0,196198984700.0,0.008403959371158676
sh000001,2018-04-18,3091.91,3091.4,3041.63,3096.89,15929050300.0,202238970000.0,0.008021390374331583
sh000001,2018-04-17,3112.97,3066.8,3064.03,3118.76,14722284600.0,185428029300.0,-0.014096732194235906
sh000001,2018-04-16,3152.89,3110.65,3096.10,3153.11,15441569500.0,192233349300.0,-0.015321061711590533
sh000001,2018-04-13,3192.04,3159.05,3155.51,3197.90,12755231000.0,163651750600.0,-0.006638030790903526
sh000001,2018-04-12,3203.28,3180.16,3177.05,3205.25,14823131300.0,185040054600.0,-0.008703024862222963
sh000001,2018-04-11,3197.37,3208.08,3191.59,3220.85,17586719700.0,211420424000.0,0.005566839690062331
sh000001,2018-04-10,3144.26,3190.32,3139.08,3190.65,16820135900.0,206087413100.0,0.01657909243568967
sh000001,2018-04-09,3125.44,3138.29,3110.30,3146.09,13960862100.0,177236920100.00003,0.002293116498621739
sh000001,2018-04-04,3147.05,3131.11,3128.87,3163.34,14697668200.0,193492824200.00003,-0.001759850540229424
sh000001,2018-04-03,3130.01,3136.63,3119.13,3144.33,15221667400.0,189692715200.0,-0.008393452158903303
sh000001,2018-04-02,3169.78,3163.18,3159.99,3192.34,17772777700.0,226253566400.0,-0.0018050427593171436
sh000001,2018-03-30,3161.79,3168.9,3152.89,3177.72,15464659600.0,196006696900.0,0.002648290001993292
sh000001,2018-03-29,3127.26,3160.53,3098.25,3174.51,17031238400.0,210920223299.99997,0.012247420963459543
sh000001,2018-03-28,3130.57,3122.29,3117.53,3165.21,16350048800.0,208617851700.00003,-0.014008494781551528
sh000001,2018-03-27,3164.80,3166.65,3143.57,3172.78,18907338300.0,227085087300.0,0.01050827770190077
sh000001,2018-03-26,3117.32,3133.72,3091.46,3134.28,18636635000.0,215910259100.0,-0.006039152996105135
sh000001,2018-03-23,3172.77,3152.76,3110.66,3188.24,27553201300.0,293405066000.0,-0.03392697366001929
sh000001,2018-03-22,3281.26,3263.48,3242.76,3288.80,15043297700.0,184471728800.0,-0.0053246773038295725
sh000001,2018-03-21,3299.73,3280.95,3268.88,3314.21,16839827700.0,208617686700.00003,-0.0029447159215229
sh000001,2018-03-20,3257.22,3290.64,3252.43,3292.57,13988108100.0,166979881400.0,0.003473355187924021
sh000001,2018-03-19,3264.93,3279.25,3251.05,3280.57,13795498000.0,169772207000.0,0.002865548582822619
sh000001,2018-03-16,3290.21,3269.88,3269.28,3300.57,14120364700.0,167761534900.0,-0.006450711158241473
sh000001,2018-03-15,3277.51,3291.11,3273.20,3297.10,14857360600.0,179516618100.0,-8.203246054849789e-05
sh000001,2018-03-14,3298.67,3291.38,3287.36,3304.98,15749108500.0,183457630400.0,-0.005697472086615973
sh000001,2018-03-13,3324.12,3310.24,3307.38,3333.88,17711435300.0,202375117000.0,-0.004947846213965823
sh000001,2018-03-12,3319.21,3326.7,3313.56,3333.56,20653243600.0,247894176200.0,0.005905351100790046
sh000001,2018-03-09,3291.43,3307.17,3283.56,3309.72,16842450900.0,202349181900.0,0.00570488473152686
sh000001,2018-03-08,3268.35,3288.41,3261.55,3289.50,14982751900.0,175895391200.0,0.005116652963165436
sh000001,2018-03-07,3288.86,3271.67,3264.76,3308.41,16866501900.0,193489335400.0,-0.005462603810751254
sh000001,2018-03-06,3266.49,3289.64,3243.65,3290.25,19535804600.0,224381789500.0,0.01004320019159155
sh000001,2018-03-05,3255.87,3256.93,3236.72,3269.40,14483598800.0,174148634500.0,0.0007374336693777295
sh000001,2018-03-02,3248.45,3254.53,3242.27,3269.94,15086106300.0,178602991900.0,-0.00587094310805647
sh000001,2018-03-01,3235.09,3273.75,3228.58,3280.15,15909832000.0,185277782000.0,0.004399569247194979
sh000001,2018-02-28,3264.06,3259.41,3239.84,3277.83,15104353600.0,180233815200.0,-0.009920809703317435
sh000001,2018-02-27,3328.67,3292.07,3284.63,3328.67,17421936800.0,204394381500.0,-0.011262715605919071
sh000001,2018-02-26,3307.29,3329.57,3281.62,3335.99,18856860200.0,213333034899.99997,0.012328900401943566
sh000001,2018-02-23,3275.43,3289.02,3258.49,3294.13,14579036800.0,159502514800.0,0.006259637271458951
sh000001,2018-02-22,3237.57,3268.56,3234.12,3269.92,13873044500.0,157303882500.0,0.021693194463546783
sh000001,2018-02-14,3188.25,3199.16,3171.38,3203.50,10032282700.0,114552203000.0,0.004458454737265027
sh000001,2018-02-13,3176.11,3184.96,3176.11,3219.22,15152759700.0,172045207000.0,0.009774486149904948
sh000001,2018-02-12,3128.37,3154.13,3113.61,3168.13,15331083100.0,171003182200.0,0.007757560266466568
sh000001,2018-02-09,3172.85,3129.85,3062.74,3180.11,25638917600.0,272095086800.0,-0.04052666268144278
sh000001,2018-02-08,3281.05,3262.05,3225.71,3307.16,20126249900.0,222348685300.0,-0.014266029263339863
sh000001,2018-02-07,3412.74,3309.26,3304.01,3425.54,26093971400.0,295264429900.0,-0.018213104297390648
sh000001,2018-02-06,3418.01,3370.65,3364.22,3440.12,28055547700.0,318818541800.0,-0.03350537634408601
sh000001,2018-02-05,3411.67,3487.5,3406.24,3487.72,21767375400.0,252198769300.0,0.007342406876790886
sh000001,2018-02-02,3419.22,3462.08,3388.86,3463.16,20812055100.0,236278755600.0,0.004380646246859632
sh000001,2018-02-01,3478.67,3446.98,3424.42,3495.09,26050470700.0,292882256300.0,-0.00972469209929816
sh000001,2018-01-31,3470.51,3480.83,3454.73,3495.45,20725340300.0,242657958600.0,-0.0020584803369256832
sh000001,2018-01-30,3511.50,3488.01,3484.66,3523.05,18636997500.0,224681692500.0,-0.009931876241839332
sh000001,2018-01-29,3563.64,3523.0,3510.27,3587.03,23602696500.0,285417004400.0,-0.009873163712399546
sh000001,2018-01-26,3535.49,3558.13,3534.20,3574.90,22269829500.0,258149514600.0,0.002767514676000671
sh000001,2018-01-25,3555.17,3548.31,3528.03,3571.48,24341342200.0,287989535000.0,-0.0031352982326020573
sh000001,2018-01-24,3553.48,3559.47,3527.11,3569.49,25295449600.0,307629217100.0,0.0036571267446778855
sh000001,2018-01-23,3504.34,3546.5,3504.34,3547.22,23870590400.0,282091889300.0,0.012892133342472523
sh000001,2018-01-22,3476.99,3501.36,3475.67,3503.39,21748753400.0,261295714100.0,0.0038705681994117835
sh000001,2018-01-19,3481.62,3487.86,3474.29,3498.43,24753673300.0,294189072400.0,0.0037729333045544156
sh000001,2018-01-18,3449.88,3474.75,3448.79,3476.55,22003955500.0,267692640500.0,0.008732331398943805
sh000001,2018-01-17,3438.58,3444.67,3430.51,3465.20,26104503000.0,316532678900.0,0.002351167872804094
sh000001,2018-01-16,3403.47,3436.59,3401.96,3437.58,21147546800.0,266578815200.0,0.0076528592665570105
sh000001,2018-01-15,3428.95,3410.49,3402.31,3442.50,23200928300.0,286362732900.0,-0.005380671577805418
sh000001,2018-01-12,3423.88,3428.94,3417.98,3435.42,17406340400.0,215961455700.0,0.0010480680806341791
sh000001,2018-01-11,3415.59,3425.35,3405.64,3426.48,17381213300.0,218414134100.0,0.0010286893270559094
sh000001,2018-01-10,3414.11,3421.83,3398.84,3430.21,20909499700.0,254515441300.0,0.002322856557016806
sh000001,2018-01-09,3406.11,3413.9,3403.59,3417.23,19148855100.0,238249975100.00003,0.0012963853725493912
sh000001,2018-01-08,3391.55,3409.48,3384.56,3412.73,23616510600.0,286213219100.0,0.00522738999041783
sh000001,2018-01-05,3386.46,3391.75,3380.25,3402.07,21306068100.0,248187840500.0,0.0017839685029137353
sh000001,2018-01-04,3371.00,3385.71,3365.30,3392.83,20695528800.0,243090768700.0,0.0049271172505498395
sh000001,2018-01-03,3347.74,3369.11,3345.29,3379.92,21383614900.0,258366523200.0,0.006206078851248353
sh000001,2018-01-02,3314.03,3348.33,3314.03,3349.05,20227886000.0,227788461100.0,0.012445686190912353
sh000001,2017-12-29,3295.25,3307.17,3292.77,3308.22,14158683600.0,170356755100.00003,0.0032732876670771294
sh000001,2017-12-28,3272.29,3296.38,3263.73,3304.10,17537167000.0,208019859600.0,0.0062885785980744124
sh000001,2017-12-27,3302.46,3275.78,3270.35,3307.08,16267489000.0,198264675200.0,-0.00917692037796558
sh000001,2017-12-26,3277.84,3306.12,3274.33,3307.30,14243450100.0,174679263800.0,0.007822073733561696
sh000001,2017-12-25,3296.21,3280.46,3270.44,3312.30,14689363500.0,177293589899.99997,-0.005034788569210136
sh000001,2017-12-22,3297.69,3297.06,3293.44,3307.33,12404732600.0,152099443900.0,-0.0009090743804658352
sh000001,2017-12-21,3281.12,3300.06,3267.40,3309.22,14212792700.0,173740095600.0,0.0037869455318604306
sh000001,2017-12-20,3296.74,3287.61,3276.12,3300.21,13774511800.0,167961847900.0,-0.0027089008475552623
sh000001,2017-12-19,3266.02,3296.54,3266.02,3296.94,11514013400.0,150786582700.0,0.008757864329604015
sh000001,2017-12-18,3268.03,3267.92,3254.18,3280.54,12070038900.0,149738224100.0,0.0005449858242452255
sh000001,2017-12-15,3287.53,3266.14,3259.39,3287.53,13094061800.0,161877917400.0,-0.007987996744056147
sh000001,2017-12-14,3302.93,3292.44,3282.57,3309.53,12054423500.0,151346087700.0,-0.003209164890525029
sh000001,2017-12-13,3278.40,3303.04,3273.32,3304.01,11199864700.0,145295312000.0,0.0067757657407774285
sh000001,2017-12-12,3320.31,3280.81,3280.33,3320.31,12460482700.0,160978615200.0,-0.012458611763289329
sh000001,2017-12-11,3290.49,3322.2,3288.29,3322.67,13196598400.0,172986431400.0,0.009790303313991888
sh000001,2017-12-08,3264.48,3289.99,3258.76,3297.13,13320931400.0,165761649800.0,0.005482801301935902
sh000001,2017-12-07,3283.28,3272.05,3259.16,3291.28,13210590000.0,161764588900.0,-0.006651568325055535
sh000001,2017-12-06,3291.31,3293.96,3254.61,3296.20,15160445200.0,179174378900.0,-0.0029421735761332446
sh000001,2017-12-05,3301.69,3303.68,3300.51,3315.74,20827886200.0,243489600100.00003,-0.001794767979405476
sh000001,2017-12-04,3310.38,3309.62,3304.10,3324.00,14805328800.0,185025359600.0,-0.0024113671849096407
sh000001,2017-12-01,3315.11,3317.62,3302.44,3324.52,13919830000.0,177490258000.0,0.0001296277873741314
sh000001,2017-11-30,3328.64,3317.19,3306.28,3340.92,15659585100.0,192076785100.00003,-0.00619259046215237
sh000001,2017-11-29,3335.57,3337.86,3305.57,3343.06,18380593200.0,217769438100.0,0.0012598765320999128
sh000001,2017-11-28,3311.23,3333.66,3300.78,3333.80,13824779900.0,167062933400.0,0.0034404601728357243
sh000001,2017-11-27,3346.66,3322.23,3315.26,3347.05,16643917000.0,205803398500.0,-0.00941911014902419
sh000001,2017-11-24,3340.38,3353.82,3328.33,3360.75,15956966300.0,207623884899.99997,0.0005668393040407782
sh000001,2017-11-23,3425.01,3351.92,3342.33,3429.42,21526539300.0,270469024000.0,-0.02289488873212342
sh000001,2017-11-22,3417.33,3430.46,3404.29,3442.18,21356709300.0,273674733400.0,0.005852514294091726
sh000001,2017-11-21,3382.36,3410.5,3377.60,3419.80,19687180300.0,265303849899.99997,0.005335455724560845
sh000001,2017-11-20,3361.36,3392.4,3337.12,3393.11,17652468300.0,228308136800.0,0.0028052771134912113
sh000001,2017-11-17,3392.68,3382.91,3373.30,3403.29,24945815300.0,313750356100.0,-0.004806942707950346
sh000001,2017-11-16,3393.19,3399.25,3390.59,3409.65,15668433200.0,220862463000.0,-0.00096105239645905
sh000001,2017-11-15,3416.21,3402.52,3396.38,3423.75,16879207600.0,239734189100.0,-0.007881500488402304
sh000001,2017-11-14,3446.55,3429.55,3419.69,3450.49,19647267400.0,267435423299.99997,-0.005304770522994051
sh000001,2017-11-13,3435.18,3447.84,3435.09,3449.16,20538905400.0,266738129800.0,0.004419300427946693
sh000001,2017-11-10,3423.18,3432.67,3414.33,3438.79,18927650300.0,255772110000.0,0.0014236578086754825
sh000001,2017-11-09,3410.67,3427.79,3408.62,3428.77,15865042600.0,205433672300.0,0.0036100554537310536
sh000001,2017-11-08,3409.15,3415.46,3404.88,3434.49,18543647000.0,242025594100.0,0.0005536725480947968
sh000001,2017-11-07,3389.47,3413.57,3387.95,3415.15,19057174600.0,242595949400.0,0.0074966722448992495
sh000001,2017-11-06,3369.69,3388.17,3356.53,3389.38,15463646800.0,204311225500.0,0.004872854965092266
sh000001,2017-11-03,3377.74,3371.74,3347.36,3380.57,17271479000.0,207437946200.0,-0.0034197280178287492
sh000001,2017-11-02,3391.65,3383.31,3372.21,3391.65,16686426700.0,210014970700.0,-0.0037103456805391843
sh000001,2017-11-01,3393.97,3395.91,3388.60,3410.35,18056612700.0,231978378200.0,0.0007573658990844834
sh000001,2017-10-31,3381.00,3393.34,3376.12,3397.10,15349820600.0,199929584500.0,0.0008848670044891982
sh000001,2017-10-30,3413.87,3390.34,3357.28,3419.73,20834928600.0,257776652900.0,-0.007746992077405479
sh000001,2017-10-27,3404.50,3416.81,3402.11,3421.10,17025717300.0,212377188000.0,0.002711609739491694
sh000001,2017-10-26,3397.52,3407.57,3391.45,3414.24,18376862500.0,238596126800.0,0.0031410992375400237
sh000001,2017-10-25,3384.86,3396.9,3382.03,3398.30,12313122200.0,160060696700.0,0.002552940308418794
sh000001,2017-10-24,3376.60,3388.25,3374.12,3388.69,13989751100.0,178552878900.0,0.0022332653000858294
sh000001,2017-10-23,3382.28,3380.7,3374.71,3385.29,13084628900.0,164369441800.0,0.0006067512172021061
sh000001,2017-10-20,3363.51,3378.65,3360.10,3379.77,12717285100.0,155065093900.0,0.002516193545132772
sh000001,2017-10-19,3374.64,3370.17,3359.63,3378.74,15847649500.0,187921292300.0,-0.003436050139127511
sh000001,2017-10-18,3373.53,3381.79,3371.92,3383.23,15722879100.0,194298766700.00003,0.0028914247755067457
sh000001,2017-10-17,3373.23,3372.04,3365.56,3382.41,12538172500.0,162910828200.0,-0.0019032283844461206
sh000001,2017-10-16,3393.21,3378.47,3374.77,3400.51,17433062000.0,221650689800.0,-0.0035540271108857047
sh000001,2017-10-13,3384.49,3390.52,3383.24,3395.75,13995476400.0,181118458200.0,0.001305336522843481
sh000001,2017-10-12,3385.53,3386.1,3372.53,3390.20,16180938000.0,201667864100.0,-0.0006433942885476496
sh000001,2017-10-11,3381.49,3388.28,3379.16,3395.78,18147670400.0,231154505900.0,0.001563705479472377
sh000001,2017-10-10,3373.34,3382.99,3358.80,3384.03,17942384100.0,231148615100.00003,0.0025515798457789174
sh000001,2017-10-09,3403.25,3374.38,3366.97,3410.17,19173605700.0,227440593900.0,0.0075964334983607
sh000001,2017-09-29,3340.31,3348.94,3340.31,3357.02,14486244300.0,175892823000.0,0.002784731288402398
sh000001,2017-09-28,3343.84,3339.64,3336.18,3344.60,14944430000.0,181955627399.99997,-0.0016829732727104973
sh000001,2017-09-27,3340.82,3345.27,3340.30,3349.69,14308694500.0,168981337700.0,0.0005054462582023689
sh000001,2017-09-26,3336.35,3343.58,3332.60,3347.16,13262859500.0,159039634000.0,0.0006075025063219108
sh000001,2017-09-25,3344.59,3341.55,3334.94,3350.96,16962129300.0,202401690500.0,-0.003275138477508044
sh000001,2017-09-22,3347.16,3352.53,3334.98,3356.45,17923400700.0,206583469000.0,-0.001572453474139368
sh000001,2017-09-21,3364.70,3357.81,3356.88,3377.88,19744869500.0,231946124400.0,-0.0024331550802139112
sh000001,2017-09-20,3352.18,3366.0,3346.54,3370.10,19219666100.0,225839069300.0,0.0027287568069969126
sh000001,2017-09-19,3365.53,3356.84,3344.71,3370.40,19112969100.0,220728730000.0,-0.0017901429140672054
sh000001,2017-09-18,3352.51,3362.86,3352.51,3371.75,19031967600.0,227938635400.0,0.002755231660116708
sh000001,2017-09-15,3365.15,3353.62,3345.33,3365.53,21976581600.0,252910687800.0,-0.005282624880243669
sh000001,2017-09-14,3383.47,3371.43,3361.33,3391.64,22130648700.0,256744421300.0,-0.0037586986392448285
sh000001,2017-09-13,3374.72,3384.15,3366.54,3387.14,19455071500.0,230733408900.0,0.0013789062846760736
sh000001,2017-09-12,3381.49,3379.49,3370.85,3391.07,27291031900.0,325024952000.0,0.0009092470723428558
sh000001,2017-09-11,3365.35,3376.42,3360.05,3384.81,21901101900.0,256888810500.0,0.0033221999025330184
sh000001,2017-09-08,3364.43,3365.24,3353.69,3380.89,19840518400.0,235160227399.99997,-7.725449413165109e-05
sh000001,2017-09-07,3383.63,3365.5,3363.18,3387.80,22111868500.0,264037023500.0,-0.005875246278862933
sh000001,2017-09-06,3372.43,3385.39,3364.76,3391.01,22909078500.0,262034653500.0,0.00031616395612710235
sh000001,2017-09-05,3377.20,3384.32,3371.57,3390.82,21655294600.0,245596608299.99997,0.0014025411441658253
sh000001,2017-09-04,3369.72,3379.58,3359.13,3381.40,26742784900.0,296348432300.0,0.003700491814963458
sh000001,2017-09-01,3365.99,3367.12,3358.47,3381.93,28249758400.0,313722092700.0,0.0018775235731862683
sh000001,2017-08-31,3361.46,3360.81,3340.69,3367.36,23441978100.0,269133107800.0,-0.0008383799645026446
sh000001,2017-08-30,3361.82,3363.63,3357.08,3376.65,24686331200.0,279640796600.0,-0.000475450414978984
sh000001,2017-08-29,3362.06,3365.23,3354.46,3374.59,21950453500.0,268916094800.0,0.0007672520184973664
sh000001,2017-08-28,3336.13,3362.65,3336.13,3375.03,25746143800.0,305319883100.0,0.009344083181250573
sh000001,2017-08-25,3271.46,3331.52,3271.46,3331.91,20583948200.0,227141029400.0,0.018343211544516125
sh000001,2017-08-24,3287.96,3271.51,3266.36,3297.99,16346893700.0,186245056600.0,-0.004924415244699776
sh000001,2017-08-23,3283.80,3287.7,3274.44,3299.46,17983220800.0,204330421400.0,-0.0007689432045784317
sh000001,2017-08-22,3287.61,3290.23,3274.94,3293.48,18653799100.0,222927491500.0,0.0010100672059776272
sh000001,2017-08-21,3274.58,3286.91,3270.48,3287.52,18612248300.0,209718592900.0,0.00556486942901202
sh000001,2017-08-18,3253.24,3268.72,3248.08,3275.08,19112248300.0,218437740700.0,8.872761539935325e-05
sh000001,2017-08-17,3253.85,3268.43,3251.46,3269.14,20362255100.0,228376944200.00003,0.006770472362118696
sh000001,2017-08-16,3247.85,3246.45,3228.87,3248.78,17685205100.0,200832533700.0,-0.001479426437750453
sh000001,2017-08-15,3235.23,3251.26,3235.10,3263.59,18229799700.0,204595858600.0,0.004293621963575189
sh000001,2017-08-14,3206.04,3237.36,3206.04,3240.05,19034679600.0,209096078700.0,0.008982278544135358
sh000001,2017-08-11,3237.92,3208.54,3200.75,3245.12,26296299500.0,266998262399.99997,-0.016313328734575028
sh000001,2017-08-10,3269.73,3261.75,3236.18,3282.52,24068462200.0,251854039700.0,-0.00421911300933886
sh000001,2017-08-09,3277.81,3275.57,3263.85,3277.94,23559790700.0,237815125500.0,-0.0019196372799652472
sh000001,2017-08-08,3277.19,3281.87,3269.66,3285.48,25204353700.0,255770184500.0,0.0007348770834221252
sh000001,2017-08-07,3257.67,3279.46,3243.72,3280.10,23117337900.0,231874371800.0,0.00532788895428693
sh000001,2017-08-04,3269.32,3262.08,3261.31,3287.19,27590634000.0,285634760400.0,-0.003315072427457988
sh000001,2017-08-03,3279.99,3272.93,3262.16,3293.37,23327700400.0,243549542700.0,-0.0036924744144704036
sh000001,2017-08-02,3288.52,3285.06,3282.04,3305.43,26673062800.0,279352341800.0,-0.002302104086690293
sh000001,2017-08-01,3274.37,3292.64,3273.50,3292.64,23719459400.0,256419942200.0,0.00599139024084705
sh000001,2017-07-31,3252.75,3273.03,3251.19,3276.95,24603944000.0,253525920799.99997,0.0060831663203453346
sh000001,2017-07-28,3240.17,3253.24,3232.96,3256.37,18222688000.0,198428584100.0,0.0010646874557660446
sh000001,2017-07-27,3243.76,3249.78,3220.64,3251.93,22848594500.0,242572081500.0,0.0006496965516817887
sh000001,2017-07-26,3244.46,3247.67,3228.04,3264.85,21354200500.0,228460518500.0,0.0012269976477405908
sh000001,2017-07-25,3249.14,3243.69,3233.14,3261.65,20557387300.0,213405499000.0,-0.0021257613978957757
sh000001,2017-07-24,3230.90,3250.6,3230.07,3261.10,23305639900.0,250631194300.0,0.003897491646026152
sh000001,2017-07-21,3236.59,3237.98,3231.96,3247.71,20600325100.0,221956909899.99997,-0.002120276375560115
sh000001,2017-07-20,3227.51,3244.86,3225.43,3246.24,23210839200.0,245825421900.0,0.004295910219190402
sh000001,2017-07-19,3181.40,3230.98,3179.73,3232.94,27242072600.0,269771019600.0,0.013618524455933478
sh000001,2017-07-18,3159.73,3187.57,3150.13,3187.67,19062306000.0,196452361500.0,0.003497604251273545
sh000001,2017-07-17,3219.79,3176.46,3139.50,3230.35,26620527400.0,274653250100.00003,-0.014262572848976918
sh000001,2017-07-14,3212.03,3222.42,3204.85,3222.98,16012677300.0,174312138200.0,0.0013237377880528367
sh000001,2017-07-13,3192.36,3218.16,3190.34,3219.27,19530361100.0,210820896300.0,0.006448707443847512
sh000001,2017-07-12,3201.93,3197.54,3177.93,3215.20,18690088000.0,201799622200.0,-0.0017171187371997076
sh000001,2017-07-11,3201.52,3203.04,3199.22,3226.91,18783726200.0,205493366300.0,-0.0029850932102358785
sh000001,2017-07-10,3208.46,3212.63,3203.21,3223.34,19892801000.0,222828311800.0,-0.0016563288543052224
sh000001,2017-07-07,3203.82,3217.96,3195.29,3219.52,17671541600.0,201938313200.0,0.0017183200308799051
sh000001,2017-07-06,3203.86,3212.44,3188.77,3215.95,17580928700.0,202209617000.0,0.0016556859247987
sh000001,2017-07-05,3179.22,3207.13,3174.71,3207.31,14829648300.0,173554012100.0,0.007644212642955894
sh000001,2017-07-04,3192.89,3182.8,3174.31,3193.06,14111496700.0,161454562400.0,-0.0041021180195937035
sh000001,2017-07-03,3192.00,3195.91,3177.02,3196.29,14030571700.0,156575784400.0,0.0010900787174659143
sh000001,2017-06-30,3176.95,3192.43,3171.57,3193.24,12146454300.0,143195603500.0,0.0013707395720281568
sh000001,2017-06-29,3174.98,3188.06,3174.28,3188.77,12875547000.0,147249798100.0,0.004682969872683795
sh000001,2017-06-28,3183.63,3173.2,3170.79,3193.44,14651672000.0,162081099700.0,-0.005640511406367565
sh000001,2017-06-27,3183.42,3191.2,3172.46,3193.46,14820119800.0,167523800300.0,0.0018082274348283356
sh000001,2017-06-26,3157.00,3185.44,3156.98,3187.89,17357921100.0,200419302200.0,0.00873056838945252
sh000001,2017-06-23,3138.44,3157.87,3118.09,3158.05,15484364800.0,175568524200.00003,0.003310616530842525
sh000001,2017-06-22,3152.24,3147.45,3146.64,3186.98,19134400600.0,220438439500.0,-0.0027754807189636077
sh000001,2017-06-21,3148.99,3156.21,3132.62,3157.03,13668826800.0,167048216000.0,0.0051592192381553215
sh000001,2017-06-20,3148.02,3140.01,3134.61,3150.46,14119180200.0,162498014600.0,-0.0013866052659196049
sh000001,2017-06-19,3122.16,3144.37,3121.78,3146.77,13489175800.0,151741797900.0,0.006787975038182292
sh000001,2017-06-16,3126.37,3123.17,3117.86,3134.25,12965275800.0,149215477600.0,-0.0029752688755589896
sh000001,2017-06-15,3125.59,3132.49,3117.08,3137.59,14695424500.0,171124529400.0,0.0005813452072558345
sh000001,2017-06-14,3146.75,3130.67,3125.35,3149.17,13834704200.0,160641229600.0,-0.007315124265158124
sh000001,2017-06-13,3134.01,3153.74,3131.04,3155.99,12831827900.0,148457870000.0,0.004414181433685327
sh000001,2017-06-12,3149.53,3139.88,3135.31,3164.95,14672942500.0,170223276900.0,-0.005863728470111407
sh000001,2017-06-09,3147.45,3158.4,3146.11,3165.92,16013633400.0,181584884800.0,0.002561636399996292
sh000001,2017-06-08,3136.47,3150.33,3132.83,3153.26,15227765900.0,178894298500.0,0.003184378711791336
sh000001,2017-06-07,3101.76,3140.33,3098.95,3140.77,17322901400.0,194287945500.0,0.012314119653270339
sh000001,2017-06-06,3084.54,3102.13,3078.79,3102.86,11343996300.0,127804624200.0,0.0033865302135422937
sh000001,2017-06-05,3102.11,3091.66,3084.83,3105.51,13257030000.0,143429802000.0,-0.0044694320472445925
sh000001,2017-06-02,3094.23,3105.54,3081.85,3110.39,14250492500.0,154454348000.0,0.0009411400687160398
sh000001,2017-06-01,3108.42,3102.62,3097.68,3113.52,16301571900.0,180782624800.0,-0.004670888431210218
sh000001,2017-05-31,3125.33,3117.18,3111.56,3143.28,15295043000.0,177913309899.99997,0.0022893449000982447
sh000001,2017-05-26,3101.29,3110.06,3100.39,3120.66,15592348600.0,171327384600.0,0.000717542465321408
sh000001,2017-05-25,3055.34,3107.83,3052.83,3114.66,19139184100.0,201910125000.0,0.01427834782381665
sh000001,2017-05-24,3047.57,3064.08,3022.30,3064.81,13981335300.0,152669201600.0,0.0006956351344731271
sh000001,2017-05-23,3069.39,3061.95,3050.84,3084.24,17831059900.0,195073653700.0,-0.0044640534776049234
sh000001,2017-05-22,3087.17,3075.68,3063.15,3103.94,15368373000.0,170340982700.0,-0.00483720147672162
sh000001,2017-05-19,3086.71,3090.63,3081.28,3095.48,12963523000.0,150164226200.0,0.00015856886742993126
sh000001,2017-05-18,3082.33,3090.14,3077.96,3103.44,14862003500.0,168149514100.0,-0.0046063058071665886
sh000001,2017-05-17,3107.80,3104.44,3101.30,3119.58,16867415800.0,194560594100.0,-0.0027369449013158187
sh000001,2017-05-16,3082.87,3112.96,3060.53,3113.51,17377556400.0,193292104600.0,0.007355439562751087
sh000001,2017-05-15,3085.93,3090.23,3085.93,3098.91,13566072800.0,158269607700.0,0.0021793345894776106
sh000001,2017-05-12,3054.11,3083.51,3051.87,3090.49,15968409900.0,175107245799.99997,0.007189286297566655
sh000001,2017-05-11,3036.79,3061.5,3016.53,3063.56,19134190100.0,197604070100.00003,0.0028564128433754554
sh000001,2017-05-10,3078.17,3052.78,3051.59,3090.82,16079445200.0,181624151700.00003,-0.009008190149097706
sh000001,2017-05-09,3064.85,3080.53,3056.56,3084.21,13506667400.0,152795901600.0,0.0006236580794578561
sh000001,2017-05-08,3090.07,3078.61,3067.69,3093.45,18052690400.0,198171689400.0,-0.007872924615860533
sh000001,2017-05-05,3114.77,3103.04,3092.09,3117.61,17621364100.0,200273908200.0,-0.007779699875614332
sh000001,2017-05-04,3127.11,3127.37,3111.39,3143.82,17796748500.0,200170851600.0,-0.0025451703956496097
sh000001,2017-05-03,3138.31,3135.35,3123.75,3148.29,16376392400.0,190236600700.0,-0.002659278368551843
sh000001,2017-05-02,3147.23,3143.71,3136.54,3154.78,15422296200.0,176389916700.00003,-0.0034710555178687486
sh000001,2017-04-28,3144.02,3154.66,3136.58,3154.73,16288989900.0,183195769800.0,0.000783582207925182
sh000001,2017-04-27,3131.35,3152.19,3097.33,3155.00,21179307300.0,235748319400.0,0.003610487606858115
sh000001,2017-04-26,3132.92,3140.85,3131.42,3152.95,16987810700.0,197112873000.0,0.0020034645900393055
sh000001,2017-04-25,3123.89,3134.57,3117.45,3145.27,15341830700.0,174129249600.0,0.0016104654692556952
sh000001,2017-04-24,3164.25,3129.53,3111.21,3164.25,18627743400.0,197845253600.0,-0.013746592502718036
sh000001,2017-04-21,3170.29,3173.15,3158.63,3180.79,16476174000.0,184131440700.0,0.00033101100217525214
sh000001,2017-04-20,3165.67,3172.1,3148.18,3178.18,19087398500.0,220098232700.0,0.0004446981571835096
sh000001,2017-04-19,3184.67,3170.69,3147.07,3189.44,21323807500.0,225806056500.0,-0.008139618545316862
sh000001,2017-04-18,3215.40,3196.71,3196.49,3225.05,18866135300.0,211866767700.0,-0.007901507369257321
sh000001,2017-04-17,3229.95,3222.17,3199.91,3229.95,21273718900.0,227214681400.0,-0.007362749416987335
sh000001,2017-04-14,3276.14,3246.07,3238.90,3276.71,21450855800.0,224106679500.0,-0.009124043028608364
sh000001,2017-04-13,3265.22,3275.96,3261.49,3281.14,20734687500.0,223287214700.0,0.0006506141125226517
sh000001,2017-04-12,3283.84,3273.83,3262.28,3284.93,26938179000.0,311505523800.0,-0.004603264851914091
sh000001,2017-04-11,3266.22,3288.97,3244.40,3290.39,28128124800.0,326622406900.0,0.005988884776670922
sh000001,2017-04-10,3285.46,3269.39,3265.01,3285.46,23269461600.0,279415195400.0,-0.005242467945792306
sh000001,2017-04-07,3280.62,3286.62,3275.05,3295.19,23610894200.0,266738322900.0,0.0017128924108502641
sh000001,2017-04-06,3272.19,3281.0,3265.76,3286.67,24528799900.0,262335587600.00003,0.003268803263299258
sh000001,2017-04-05,3235.66,3270.31,3233.24,3270.65,24832020200.0,273201155700.0,0.014833158004164293
sh000001,2017-03-31,3206.25,3222.51,3205.54,3226.25,19644292200.0,214036160000.0,0.003822144138756034
sh000001,2017-03-30,3235.14,3210.24,3195.85,3240.02,24713547900.0,265694871600.0,-0.009585630501248055
sh000001,2017-03-29,3252.87,3241.31,3233.28,3262.10,21610557500.0,245371852600.00003,-0.003578290474799739
sh000001,2017-03-28,3265.63,3252.95,3246.09,3265.63,16171001300.0,203452481800.0,-0.004288390430247202
sh000001,2017-03-27,3268.92,3266.96,3262.12,3283.24,20185267500.0,249185540300.0,-0.0007615959870925781
sh000001,2017-03-24,3247.35,3269.45,3241.12,3275.21,21977791400.0,267094164300.0,0.006433639623832033
sh000001,2017-03-23,3245.81,3248.55,3221.93,3262.09,19302914400.0,258246691000.0,0.0010261245770704086
sh000001,2017-03-22,3246.22,3245.22,3229.13,3255.78,18973164900.0,244545459000.0,-0.005025125628140836
sh000001,2017-03-21,3250.25,3261.61,3246.70,3262.22,16271930600.0,219121269800.0,0.0033222489164239644
sh000001,2017-03-20,3241.11,3250.81,3228.12,3251.13,17054843000.0,213951759500.0,0.004126704659531466
sh000001,2017-03-17,3271.87,3237.45,3232.28,3274.19,20058322300.0,262184046500.0,-0.009633092072659721
sh000001,2017-03-16,3247.16,3268.94,3247.16,3269.77,18941600200.0,244508344500.0,0.008384334435615148
sh000001,2017-03-15,3235.40,3241.76,3227.74,3243.71,14405568200.0,185727250400.0,0.0007501551246709148
sh000001,2017-03-14,3235.25,3239.33,3231.52,3246.33,14694602200.0,191535126700.00003,0.0007136193165317994
sh000001,2017-03-13,3209.45,3237.02,3193.16,3237.12,16367376000.0,206919741900.0,0.007551139829928166
sh000001,2017-03-10,3213.73,3212.76,3208.45,3222.32,13667274300.0,173663170200.0,-0.0012403823735135378
sh000001,2017-03-09,3233.70,3216.75,3205.28,3233.88,16737110800.0,199217646800.0,-0.007378126677898944
sh000001,2017-03-08,3240.53,3240.66,3230.61,3245.30,16073138800.0,198225782600.00003,-0.0005397219969096589
sh000001,2017-03-07,3233.09,3242.41,3226.82,3242.66,16406423500.0,209931208400.0,0.0026407987952514755
sh000001,2017-03-06,3217.33,3233.87,3215.07,3234.66,15609215800.0,193769172399.99997,0.004834835674624172
sh000001,2017-03-03,3219.20,3218.31,3206.61,3221.16,15708236800.0,192707923000.0,-0.003628449271369072
sh000001,2017-03-02,3250.52,3230.03,3228.66,3256.81,18121507600.0,223043958800.0,-0.005204916644337754
sh000001,2017-03-01,3240.07,3246.93,3237.87,3259.98,19067755000.0,225940967900.0,0.0016040817711528987
sh000001,2017-02-28,3225.97,3241.73,3225.97,3242.68,15124431800.0,186019288800.0,0.004048119033902564
sh000001,2017-02-27,3249.19,3228.66,3224.09,3251.65,18258107100.0,211395715900.0,-0.0076135032872998165
sh000001,2017-02-24,3246.86,3253.43,3233.53,3253.96,18640636200.0,213839036900.0,0.0006305015101280009
sh000001,2017-02-23,3258.83,3251.38,3236.36,3264.08,20917980000.0,236822582300.0,-0.0030172757434333564
sh000001,2017-02-22,3252.69,3261.22,3243.84,3261.38,20745377600.0,234815325799.99997,0.002425207402876328
sh000001,2017-02-21,3242.22,3253.33,3239.88,3254.34,21167306600.0,233551176100.0,0.004126594155483332
sh000001,2017-02-20,3198.96,3239.96,3198.96,3241.46,23215209600.0,250276131800.0,0.01182981062309496
sh000001,2017-02-17,3227.71,3202.08,3199.42,3238.40,22622817700.0,248572751600.0,-0.008527319003474032
sh000001,2017-02-16,3210.36,3229.62,3207.79,3230.28,21695594200.0,226587612000.0,0.005175864226157012
sh000001,2017-02-15,3215.46,3212.99,3206.56,3236.00,24150770600.0,257965244500.0,-0.0015351483717793712
sh000001,2017-02-14,3216.14,3217.93,3205.29,3219.40,18879808800.0,204253821900.0,0.0003388418447916042
sh000001,2017-02-13,3198.99,3216.84,3198.99,3219.41,22019150800.0,236158766800.0,0.006300247129852776
sh000001,2017-02-10,3183.01,3196.7,3182.80,3205.05,23934891300.0,245772163900.0,0.004247325002042057
sh000001,2017-02-09,3164.69,3183.18,3162.57,3186.84,19164032700.0,209723158600.0,0.005115283329859999
sh000001,2017-02-08,3148.09,3166.98,3132.03,3167.45,14492018700.0,170854126300.0,0.004405202515627593
sh000001,2017-02-07,3154.40,3153.09,3140.04,3159.54,12833744200.0,152559086100.0,-0.0012321902577779875
sh000001,2017-02-06,3143.09,3156.98,3135.39,3158.84,12719828300.0,150067694700.0,0.005353213361060094
sh000001,2017-02-03,3160.08,3140.17,3136.01,3162.68,9222473600.0,108023659900.0,-0.006014237916921239
sh000001,2017-01-26,3149.22,3159.17,3148.91,3163.10,11387677200.0,125013193900.0,0.0030544045974820744
sh000001,2017-01-25,3137.65,3149.55,3133.19,3151.47,11207382700.0,126765830000.0,0.002227490413835964
sh000001,2017-01-24,3134.59,3142.55,3131.22,3149.53,12597388100.0,134553852200.0,0.001842659806106317
sh000001,2017-01-23,3125.42,3136.77,3125.42,3145.84,13266039200.0,148145735900.0,0.004364197570393857
sh000001,2017-01-20,3095.82,3123.14,3095.21,3125.66,12236677700.0,141471811400.0,0.007042208106277981
sh000001,2017-01-19,3104.97,3101.3,3094.01,3115.78,12385142000.0,139280461500.0,-0.0037616326320827342
sh000001,2017-01-18,3104.77,3113.01,3098.59,3123.72,13178012800.0,144546719300.0,0.0013638834651648057
sh000001,2017-01-17,3087.03,3108.77,3072.34,3108.91,13615786100.0,154757554700.0,0.001720676799541243
sh000001,2017-01-16,3104.49,3103.43,3044.29,3105.14,25788599600.0,262826041800.0,-0.0029973399812386337
sh000001,2017-01-13,3116.08,3112.76,3102.16,3130.51,15627421400.0,174438554000.0,-0.002093425106354241
sh000001,2017-01-12,3133.60,3119.29,3115.98,3144.97,14888924000.0,161922296500.0,-0.005566270821710351
sh000001,2017-01-11,3156.69,3136.75,3136.27,3167.03,17836222100.0,189186459400.0,-0.007881910509319412
sh000001,2017-01-10,3167.57,3161.67,3157.33,3174.58,17975921600.0,194963216600.0,-0.0030177470011729657
sh000001,2017-01-09,3148.53,3171.24,3147.74,3173.14,17171407500.0,192110579300.0,0.005364072129650621
sh000001,2017-01-06,3163.78,3154.32,3153.03,3172.03,18370896600.0,207296038400.0,-0.003503495597726558
sh000001,2017-01-05,3157.91,3165.41,3154.28,3168.50,17472764500.0,199692026700.00003,0.0020957391912725942
sh000001,2017-01-04,3133.79,3158.79,3130.11,3160.10,16786085000.0,195914292600.00003,0.00729291563560297
sh000001,2017-01-03,3105.31,3135.92,3105.31,3136.46,14156718700.0,159887139500.0,0.01040069080176842
sh000001,2016-12-30,3097.35,3103.64,3089.99,3108.84,13326713000.0,151732781800.0,0.002435321856529171
sh000001,2016-12-29,3095.84,3096.1,3087.34,3111.80,13262329200.0,149919182800.0,-0.0019792150188250313
sh000001,2016-12-28,3113.77,3102.24,3094.55,3118.78,13572708700.0,154329653000.0,-0.003987594151528606
sh000001,2016-12-27,3117.39,3114.66,3113.75,3127.88,14152893900.0,162193908500.0,-0.002533169792831025
sh000001,2016-12-26,3095.58,3122.57,3068.42,3122.88,15257188100.0,170555610900.0,0.003993376525248005
sh000001,2016-12-23,3134.93,3110.15,3103.75,3138.40,16617676900.0,189281177500.0,-0.009367554689192037
sh000001,2016-12-22,3132.16,3139.56,3126.89,3143.17,16780499000.0,185981556900.0,0.0006788996089155397
sh000001,2016-12-21,3107.24,3137.43,3107.24,3140.25,18670660700.0,204247805200.0,0.011134816686433124
sh000001,2016-12-20,3115.90,3102.88,3084.80,3117.01,15742675900.0,171611881100.0,-0.0048747947454843565
sh000001,2016-12-19,3120.70,3118.08,3110.08,3125.28,15416971600.0,174500240700.0,-0.001569014210785924
sh000001,2016-12-16,3111.51,3122.98,3106.35,3128.87,16498869900.0,189844752900.0,0.0016999820379257624
sh000001,2016-12-15,3125.76,3117.68,3100.91,3138.78,18999062600.0,212863239300.0,-0.007275841975717623
sh000001,2016-12-14,3149.38,3140.53,3136.35,3170.02,20135888700.0,219206160200.0,-0.004598990821035431
sh000001,2016-12-13,3138.99,3155.04,3118.71,3162.50,18516449500.0,203175456900.0,0.0006565238489424363
sh000001,2016-12-12,3233.67,3152.97,3149.90,3245.09,27470846100.0,294260138500.0,-0.024717898591967602
sh000001,2016-12-09,3209.34,3232.88,3207.04,3244.80,20402395600.0,226387156300.0,0.0054457185331704405
sh000001,2016-12-08,3225.55,3215.37,3211.47,3228.12,17071017300.0,197802065200.0,-0.0021320572024430273
sh000001,2016-12-07,3198.47,3222.24,3189.49,3222.43,16907284700.0,189443846600.0,0.007060147203600264
sh000001,2016-12-06,3202.03,3199.65,3196.52,3215.31,15757269300.0,177170154400.0,-0.001578926018266813
sh000001,2016-12-05,3203.78,3204.71,3194.88,3219.52,22301039400.0,238598033000.0,-0.012062863766400311
sh000001,2016-12-02,3270.12,3243.84,3235.28,3279.71,25956720500.0,281559095600.0,-0.009003119166837159
sh000001,2016-12-01,3257.03,3273.31,3256.26,3279.67,23775986400.0,261553934500.0,0.00716301080297721
sh000001,2016-11-30,3272.14,3250.03,3239.52,3277.27,24357605300.0,262808738200.0,-0.010018520097961559
sh000001,2016-11-29,3269.23,3282.92,3263.40,3301.21,32083628700.0,348149349700.0,0.0018065303631369378
sh000001,2016-11-28,3270.05,3277.0,3267.67,3288.34,28155125300.0,300460150900.0,0.004616884430737489
sh000001,2016-11-25,3241.24,3261.94,3209.60,3262.44,23392160100.0,259117040400.0,0.006231221504500839
sh000001,2016-11-24,3237.43,3241.74,3232.87,3257.86,23232452700.0,267224712399.99997,0.00018512005035264956
sh000001,2016-11-23,3247.94,3241.14,3231.59,3262.88,24995959200.0,277942467700.0,-0.0022195884064217797
sh000001,2016-11-22,3220.98,3248.35,3220.98,3249.68,26163154700.0,292484830600.0,0.009384273573326274
sh000001,2016-11-21,3188.50,3218.15,3188.28,3229.76,23065284400.0,263177808100.0,0.007920798281164876
sh000001,2016-11-18,3207.19,3192.86,3187.50,3212.39,20982663900.0,235352062300.0,-0.004859044086708453
sh000001,2016-11-17,3198.50,3208.45,3187.21,3211.05,21420624000.0,226775851200.0,0.001057702507909264
sh000001,2016-11-16,3208.50,3205.06,3195.41,3210.89,22176699300.0,244854511200.0,-0.0006018104203630026
sh000001,2016-11-15,3209.95,3206.99,3195.04,3214.29,24088635000.0,267003870900.0,-0.001052838146381907
sh000001,2016-11-14,3187.71,3210.37,3186.80,3221.46,32960831300.0,346974628500.0,0.0044836735460132005
sh000001,2016-11-11,3169.40,3196.04,3166.07,3202.74,31085457900.0,343773951300.0,0.007807572967382104
sh000001,2016-11-10,3148.54,3171.28,3148.54,3172.31,24419260200.0,285992810500.0,0.013716408225369792
sh000001,2016-11-09,3146.08,3128.37,3096.95,3146.95,24111495800.0,277229392700.0,-0.006200979068518908
sh000001,2016-11-08,3140.94,3147.89,3134.95,3156.88,19084697900.0,221585117200.0,0.004646813454056931
sh000001,2016-11-07,3124.89,3133.33,3117.10,3139.20,17941849000.0,210602324400.0,0.0025629375551943223
sh000001,2016-11-04,3126.35,3125.32,3119.54,3141.33,19768319700.0,239043257300.0,-0.0011569413283731844
sh000001,2016-11-03,3096.76,3128.94,3094.10,3140.93,22298626000.0,265820360400.0,0.008447399548139778
sh000001,2016-11-02,3115.73,3102.73,3099.82,3118.98,18272206700.0,221676542100.0,-0.006312371094400526
sh000001,2016-11-01,3101.66,3122.44,3097.04,3122.61,16023203200.0,195831592300.0,0.007079526139416759
sh000001,2016-10-31,3097.19,3100.49,3081.07,3102.30,15150676400.0,178427745400.0,-0.0012176775860347488
sh000001,2016-10-28,3111.70,3104.27,3101.24,3128.64,18177412300.0,212593009899.99997,-0.0025961090494320826
sh000001,2016-10-27,3112.60,3112.35,3100.39,3114.76,15800878900.0,182237125300.0,-0.0012707336561510463
sh000001,2016-10-26,3129.84,3116.31,3110.39,3129.84,19166326300.0,215767706400.0,-0.004990517059713873
sh000001,2016-10-25,3127.97,3131.94,3121.05,3132.50,20338089800.0,220861464100.0,0.0011795732438264483
sh000001,2016-10-24,3092.05,3128.25,3090.79,3137.03,24052234900.0,250354393600.0,0.012070761645324612
sh000001,2016-10-21,3081.39,3090.94,3069.27,3101.85,18738807200.0,201953662399.99997,0.002100853958229232
sh000001,2016-10-20,3084.91,3084.46,3076.29,3089.68,16069136400.0,177674542700.0,-8.428641821611738e-05
sh000001,2016-10-19,3085.75,3084.72,3076.77,3096.22,18247014300.0,197481136400.0,0.0002723841394605131
sh000001,2016-10-18,3037.40,3083.88,3037.40,3084.19,18204246000.0,196036128000.0,0.014043937037390153
sh000001,2016-10-17,3064.69,3041.17,3033.75,3068.81,16373326500.0,180594077100.0,-0.007389492168248024
sh000001,2016-10-14,3056.99,3063.81,3043.18,3064.79,15537370500.0,163792994600.0,0.0008035670537507311
sh000001,2016-10-13,3057.97,3061.35,3052.64,3065.00,15475672500.0,166335869100.0,0.0009318293281019852
sh000001,2016-10-12,3057.32,3058.5,3048.89,3060.51,14249357700.0,159982961400.0,-0.002202104232933655
sh000001,2016-10-11,3051.62,3065.25,3048.02,3066.10,16727349600.0,183787648400.0,0.005613259233499868
sh000001,2016-10-10,3020.46,3048.14,3014.62,3048.24,16005110400.0,175521792600.00003,0.014457350151429349
sh000001,2016-09-30,2994.25,3004.7,2993.06,3009.20,10133356200.0,112794538500.0,0.0020743843547397223
sh000001,2016-09-29,2992.17,2998.48,2991.91,3009.20,11321391900.0,122728570100.0,0.0035543834048448186
sh000001,2016-09-28,3000.70,2987.86,2984.32,3000.70,10462569700.0,116437377500.0,-0.0034387643128974688
sh000001,2016-09-27,2974.59,2998.17,2969.13,2998.23,12170145000.0,133372708400.0,0.005952161265320832
sh000001,2016-09-26,3028.24,2980.43,2980.12,3028.24,14433028600.0,162257246400.0,-0.01762418009822353
sh000001,2016-09-23,3044.79,3033.9,3032.80,3046.80,12559097600.0,147377736300.0,-0.0027643468285611927
sh000001,2016-09-22,3038.42,3042.31,3035.07,3054.44,13930955400.0,159031064100.0,0.005433148152432121
sh000001,2016-09-21,3021.58,3025.87,3017.54,3032.45,11572121300.0,134133726400.0,0.0009493880251405518
sh000001,2016-09-20,3027.17,3023.0,3015.88,3027.82,11892411700.0,139662303200.0,-0.001007914608152638
sh000001,2016-09-19,3005.32,3026.05,3005.32,3026.65,11922502700.0,133168828100.0,0.007725993639376094
sh000001,2016-09-14,3008.90,3002.85,2995.42,3017.94,13341340100.0,148148969900.0,-0.0068331178001727055
sh000001,2016-09-13,3025.03,3023.51,3008.74,3029.72,13538758000.0,152791306000.0,0.0005062905777006854
sh000001,2016-09-12,3037.51,3021.98,2999.93,3040.95,20601208600.0,221846569000.0,-0.01847118242200818
sh000001,2016-09-09,3095.43,3078.85,3078.22,3101.79,16069292400.0,182056232500.0,-0.00552334501526186
sh000001,2016-09-08,3089.95,3095.95,3083.90,3096.78,14588377100.0,165944472700.0,0.001300158800490392
sh000001,2016-09-07,3091.33,3091.93,3087.88,3105.68,18695676300.0,207162121500.0,0.00039473130769307474
sh000001,2016-09-06,3071.06,3090.71,3053.19,3095.51,17290852400.0,193057729100.0,0.006057745516096613
sh000001,2016-09-05,3070.71,3072.1,3065.33,3085.49,14496331700.0,161243675300.0,0.001548567982134319
sh000001,2016-09-02,3057.49,3067.35,3050.49,3072.53,15044692000.0,170592139899.99997,0.0013188348551076423
sh000001,2016-09-01,3083.96,3063.31,3062.88,3088.70,15519109300.0,177093295300.0,-0.007188485459359684
sh000001,2016-08-31,3072.92,3085.49,3063.40,3087.70,14136860900.0,168986117700.0,0.003515813027697101
sh000001,2016-08-30,3071.44,3074.68,3065.97,3082.99,14043481100.0,163878823000.0,0.0015146431793824355
sh000001,2016-08-29,3068.46,3070.03,3058.79,3074.94,14450000700.0,166397346200.0,-9.119600300933062e-05
sh000001,2016-08-26,3069.85,3070.31,3063.89,3087.65,14966390100.0,176309498200.0,0.000645302167628703
sh000001,2016-08-25,3073.44,3068.33,3041.51,3073.44,17403298000.0,200859751400.0,-0.0056871945765876175
sh000001,2016-08-24,3092.02,3085.88,3079.55,3097.15,14570744000.0,168362528500.0,-0.001239598538374076
sh000001,2016-08-23,3081.57,3089.71,3073.53,3101.11,16136896500.0,179183487700.0,0.0015884284607479149
sh000001,2016-08-22,3107.38,3084.81,3083.59,3112.74,18538792700.0,207638874500.0,-0.007493323895627513
sh000001,2016-08-19,3100.39,3108.1,3082.77,3113.34,19434745300.0,212050971100.0,0.0012853925924016796
sh000001,2016-08-18,3107.75,3104.11,3093.32,3125.58,22935908100.0,256969677000.0,-0.0017494492772266446
sh000001,2016-08-17,3106.99,3109.55,3090.28,3114.25,21383963700.0,243405250600.0,-0.00015755424367525084
sh000001,2016-08-16,3130.53,3110.04,3102.07,3140.44,27832893400.0,308544861200.0,-0.004850889543069226
sh000001,2016-08-15,3056.48,3125.2,3053.87,3137.48,29761650600.0,327991129300.0,0.02443069883009308
sh000001,2016-08-12,3000.27,3050.67,2999.04,3051.05,16817365700.0,179304885200.0,0.015995923587243333
sh000001,2016-08-11,3013.68,3002.64,3001.17,3038.05,16187948100.0,179861525600.0,-0.005336645962732978
sh000001,2016-08-10,3023.47,3018.75,3017.09,3033.20,16467516500.0,184525184700.0,-0.0022903942254303145
sh000001,2016-08-09,3001.31,3025.68,2998.68,3025.91,16999544600.0,187716865300.0,0.007123170942788137
sh000001,2016-08-08,2972.62,3004.28,2959.05,3004.72,15572983300.0,172089654300.0,0.009265293781704598
sh000001,2016-08-05,2978.78,2976.7,2971.56,2991.68,14185710100.0,161795980400.0,-0.0019212521333275001
sh000001,2016-08-04,2976.41,2982.43,2958.93,2982.86,13393330100.0,153307963500.0,0.0013329035810452083
sh000001,2016-08-03,2963.21,2978.46,2956.79,2981.16,14114133200.0,159088262500.0,0.0024164669771948866
sh000001,2016-08-02,2950.08,2971.28,2946.64,2971.28,11546890000.0,129266872700.0,0.006057445850361942
sh000001,2016-08-01,2971.95,2953.39,2931.96,2972.88,14740776300.0,162372674300.0,-0.008709982747856948
sh000001,2016-07-29,2992.54,2979.34,2972.92,3000.05,15010153400.0,170198566600.0,-0.005002805311389524
sh000001,2016-07-28,2980.50,2994.32,2968.18,3003.36,19056495000.0,217626998800.0,0.0007754010695186775
sh000001,2016-07-27,3050.37,2992.0,2939.23,3057.42,28016091500.0,316811388900.0,-0.01907106816997084
sh000001,2016-07-26,3014.04,3050.17,3013.80,3050.61,15669450600.0,185474467700.0,0.011386583461269417
sh000001,2016-07-25,3008.09,3015.83,3003.29,3027.12,14420658200.0,175422000799.99997,0.0009990639998405104
sh000001,2016-07-22,3038.12,3012.82,3007.46,3039.27,16201018100.0,197517350400.0,-0.00861793807851896
sh000001,2016-07-21,3027.60,3039.01,3027.37,3053.33,16376737000.0,200278455500.0,0.0036692096832788845
sh000001,2016-07-20,3034.71,3027.9,3022.63,3043.00,13824281500.0,171472917200.0,-0.0028650464335111536
sh000001,2016-07-19,3040.23,3036.6,3014.29,3043.60,15536146600.0,187206723200.0,-0.002286795726057611
sh000001,2016-07-18,3047.64,3043.56,3031.64,3058.32,17749656200.0,206667709300.0,-0.0035163539927316467
sh000001,2016-07-15,3056.68,3054.3,3044.54,3062.68,17286639800.0,202840549600.0,9.168243822910149e-05
sh000001,2016-07-14,3054.97,3054.02,3036.52,3057.05,18019480400.0,208939031300.0,-0.002179247163221376
sh000001,2016-07-13,3049.51,3060.69,3048.20,3069.05,25365938400.0,279350871900.0,0.0037089506719398813
sh000001,2016-07-12,2992.52,3049.38,2984.42,3049.68,25948629500.0,288656744100.0,0.018184125118533956
sh000001,2016-07-11,2993.75,2994.92,2990.91,3022.94,22433822400.0,271916499899.99997,0.0022857410586696325
sh000001,2016-07-08,3000.33,2988.09,2983.88,3001.55,16898685900.0,209672668100.0,-0.009533122296434993
sh000001,2016-07-07,3009.35,3016.85,2994.64,3024.11,22268166700.0,270197134200.00003,-0.00014582622154324376
sh000001,2016-07-06,2998.52,3017.29,2984.83,3017.65,21237092000.0,246497841000.0,0.003625610782366895
sh000001,2016-07-05,2991.75,3006.39,2990.64,3010.27,23520445000.0,270418011600.0,0.0059526199558321835
sh000001,2016-07-04,2924.29,2988.6,2922.52,2992.50,22201713200.0,253150365200.0,0.01913738542121335
sh000001,2016-07-01,2931.80,2932.48,2925.81,2944.99,14124622700.0,173006184800.0,0.0009796525817429291
sh000001,2016-06-30,2931.48,2929.61,2922.31,2938.14,15446493000.0,187459798100.0,-0.0006754014033339972
sh000001,2016-06-29,2918.53,2931.59,2915.06,2934.00,19321558600.0,223406351300.0,0.006533770978108588
sh000001,2016-06-28,2885.01,2912.56,2878.82,2913.58,17387104700.0,211079306300.0,0.005822426356321575
sh000001,2016-06-27,2840.56,2895.7,2840.28,2895.73,15669747200.0,189854731200.0,0.014507986224244762
sh000001,2016-06-24,2883.76,2854.29,2807.60,2899.57,19084260900.0,214913449700.0,-0.013025767991258541
sh000001,2016-06-23,2902.40,2891.96,2878.66,2904.11,13613737500.0,163680266700.0,-0.004677255597047125
sh000001,2016-06-22,2872.73,2905.55,2869.51,2905.98,13059042400.0,156339384100.0,0.009376215885720685
sh000001,2016-06-21,2898.38,2878.56,2869.18,2919.30,16435908900.0,198201921500.0,-0.003548173815515754
sh000001,2016-06-20,2887.64,2888.81,2864.02,2891.66,13657105100.0,163734439600.0,0.0012824467697938324
sh000001,2016-06-17,2873.01,2885.11,2872.18,2900.30,17147251700.0,195432492200.0,0.00427802646876585
sh000001,2016-06-16,2878.40,2872.82,2865.39,2887.74,17388276700.0,201957155000.0,-0.004984050346181879
sh000001,2016-06-15,2814.69,2887.21,2811.78,2894.26,16667106900.0,197199330799.99997,0.01583989810674158
sh000001,2016-06-14,2824.23,2842.19,2822.06,2843.46,11975527400.0,138531751700.0,0.0032191227184643623
sh000001,2016-06-13,2897.27,2833.07,2832.51,2911.16,16925543400.0,198547765500.0,-0.03214378441902721
sh000001,2016-06-08,2932.38,2927.16,2908.37,2937.99,14304607100.0,177377309500.0,-0.0030244819552867064
sh000001,2016-06-07,2936.28,2936.04,2923.50,2938.44,13298786700.0,163605603300.0,0.0006611908251252796
sh000001,2016-06-06,2940.99,2934.1,2922.28,2945.94,14199374200.0,172426791400.0,-0.001558522874215651
sh000001,2016-06-03,2929.79,2938.68,2915.19,2945.52,17202102300.0,211302476500.0,0.004597929051732619
sh000001,2016-06-02,2911.22,2925.23,2906.52,2925.67,15971691600.0,185084899700.0,0.004022639359398061
sh000001,2016-06-01,2917.15,2913.51,2909.51,2929.08,18838642100.0,219868045400.0,-0.0010663027751299792
sh000001,2016-05-31,2822.59,2916.62,2822.59,2917.14,21526034100.0,236528504800.0,0.033364630020018105
sh000001,2016-05-30,2814.65,2822.45,2794.66,2830.97,10631958900.0,115587479300.0,0.000496269119653947
sh000001,2016-05-27,2817.97,2821.05,2809.80,2832.80,10984582300.0,123858864600.00002,-0.0004924816825158107
sh000001,2016-05-26,2813.54,2822.44,2780.76,2827.09,11476679700.0,127105183300.0,0.0026109289578664097
sh000001,2016-05-25,2835.03,2815.09,2807.75,2843.17,10352726500.0,117767628699.99998,-0.0023319523544567122
sh000001,2016-05-24,2839.68,2821.67,2807.19,2839.70,11145244500.0,121096058800.00002,-0.0077295025759147595
sh000001,2016-05-23,2826.31,2843.65,2826.26,2848.07,12047045500.0,139950365100.0,0.006430765745997213
sh000001,2016-05-20,2792.89,2825.48,2785.08,2825.95,10870089900.0,123794592300.0,0.00661581596844929
sh000001,2016-05-19,2802.31,2806.91,2801.55,2829.40,11159507100.0,124151052200.0,-0.00021371250681223586
sh000001,2016-05-18,2828.18,2807.51,2781.42,2828.26,14048782600.0,149396820900.0,-0.012719433972880112
sh000001,2016-05-17,2850.93,2843.68,2832.46,2860.32,12336906400.0,140000997900.0,-0.0025185382656462973
sh000001,2016-05-16,2816.78,2850.86,2804.99,2851.23,11465359200.0,126844299100.0,0.008400805062413585
sh000001,2016-05-13,2828.46,2827.11,2814.11,2850.09,11431971000.0,123692646900.0,-0.00308548376859219
sh000001,2016-05-12,2812.11,2835.86,2781.24,2839.28,13633765500.0,140838630900.0,-0.00041592645856236565
sh000001,2016-05-11,2843.54,2837.04,2818.70,2857.25,13579546600.0,146022521900.0,0.0015710003918674165
sh000001,2016-05-10,2822.33,2832.59,2820.16,2845.24,12082931000.0,128535266100.0,0.00016948494232216227
sh000001,2016-05-09,2896.16,2832.11,2821.83,2896.16,18037833000.0,188705685700.0,-0.027852055264738662
sh000001,2016-05-06,2998.40,2913.25,2913.04,3003.59,20679649800.0,234077434000.0,-0.028216982894350595
sh000001,2016-05-05,2987.02,2997.84,2977.20,2999.12,14483138300.0,163113776400.0,0.002196391499262873
sh000001,2016-05-04,2983.03,2991.27,2978.33,3004.42,16540710600.0,189046374899.99997,-0.00045778977758759165
sh000001,2016-05-03,2940.39,2992.64,2929.81,2993.53,16870364300.0,195816604800.0,0.01848675433581093
sh000001,2016-04-29,2935.38,2938.32,2930.36,2950.58,10931062800.0,128502732200.0,-0.002468096374580342
sh000001,2016-04-28,2955.74,2945.59,2916.37,2959.51,13866327400.0,154614699000.0,-0.0027355798041081014
sh000001,2016-04-27,2967.19,2953.67,2949.43,2976.02,13086764000.0,150286301500.0,-0.0037204438897695535
sh000001,2016-04-26,2944.72,2964.7,2933.97,2965.43,11771160400.0,134292458699.99998,0.006118771358855746
sh000001,2016-04-25,2949.97,2946.67,2917.02,2954.09,12585624300.0,140638756300.0,-0.004247712250442626
sh000001,2016-04-22,2933.03,2959.24,2926.78,2960.21,13721166800.0,148800430800.0,0.002150435674881157
sh000001,2016-04-21,2954.37,2952.89,2943.46,2990.67,18940684900.0,206477126900.0,-0.006623875555914371
sh000001,2016-04-20,3050.38,2972.58,2905.05,3055.69,28314421900.0,311154870400.0,-0.02308384984981049
sh000001,2016-04-19,3047.13,3042.82,3024.90,3054.50,15653320000.0,180948014300.0,0.003019455047698294
sh000001,2016-04-18,3058.46,3033.66,3022.97,3058.46,18330451200.0,208613086300.0,-0.014443881330162611
sh000001,2016-04-15,3085.03,3078.12,3066.87,3089.95,18961305100.0,224141313400.0,-0.0013755693689251336
sh000001,2016-04-14,3080.09,3082.36,3056.99,3086.70,20823783000.0,235056056300.0,0.005126131531578704
sh000001,2016-04-13,3041.36,3066.64,3041.36,3097.16,31000324600.0,331420683200.0,0.014217915433333728
sh000001,2016-04-12,3031.30,3023.65,3001.32,3036.83,18271866800.0,207079807900.0,-0.0033981990533823447
sh000001,2016-04-11,3006.91,3033.96,3006.91,3048.98,22001832400.0,252328393500.0,0.01641563036020588
sh000001,2016-04-08,2988.20,2984.96,2960.46,2996.17,18790463300.0,207337095100.00003,-0.007798113295351072
sh000001,2016-04-07,3058.34,3008.42,3007.06,3062.36,22091950600.0,243961813700.0,-0.013823555443373325
sh000001,2016-04-06,3039.74,3050.59,3029.00,3059.79,23226205100.0,254914554300.0,-0.0008122971304294069
sh000001,2016-04-05,3000.94,3053.07,2993.15,3057.33,25673034400.0,276654687100.0,0.014467375304449526
sh000001,2016-04-01,2997.09,3009.53,2956.25,3009.67,20654586600.0,217520534000.0,0.0018675597219632856
sh000001,2016-03-31,3009.37,3003.92,2992.92,3023.41,22041344500.0,252219758299.99997,0.001089763884491779
sh000001,2016-03-30,2941.22,3000.65,2941.22,3001.11,21037145100.0,234410621000.0,0.02767969368079659
sh000001,2016-03-29,2956.71,2919.83,2905.25,2962.20,18296534500.0,201625833200.0,-0.012843918832112888
sh000001,2016-03-28,2988.01,2957.82,2948.53,3008.17,20202124100.0,232323731400.0,-0.007253065183608798
sh000001,2016-03-25,2956.20,2979.43,2952.11,2981.41,17507434400.0,200818437500.0,0.006234443442520554
sh000001,2016-03-24,2986.80,2960.97,2960.54,2998.15,23700640300.0,274795125600.0,-0.01627596380018348
sh000001,2016-03-23,2991.17,3009.96,2980.86,3012.56,21697746200.0,256328163100.0,0.0035340872719513694
sh000001,2016-03-22,3001.63,2999.36,2988.43,3019.10,27037732200.0,311025316000.0,-0.006439644892010099
sh000001,2016-03-21,2978.46,3018.8,2973.76,3028.32,35240043800.0,380823080400.0,0.02153866977987584
sh000001,2016-03-18,2915.52,2955.15,2908.74,2971.55,31333273500.0,328241161500.0,0.01732287259495391
sh000001,2016-03-17,2875.41,2904.83,2857.19,2921.00,20029021300.0,213843633100.0,0.01198426716554657
sh000001,2016-03-16,2858.71,2870.43,2854.19,2881.53,18649253500.0,190193858299.99997,0.002115648467202247
sh000001,2016-03-15,2853.98,2864.37,2819.79,2865.79,16338666700.0,170219522399.99997,0.0017030949466689815
sh000001,2016-03-14,2830.08,2859.5,2823.03,2889.82,19481603000.0,202793146800.0,0.017503407097437584
sh000001,2016-03-11,2781.60,2810.31,2772.55,2815.61,12724755400.0,128450313800.00002,0.0019894963151532163
sh000001,2016-03-10,2847.57,2804.73,2803.48,2863.18,13897946100.0,141812410300.0,-0.020202196635179637
sh000001,2016-03-09,2839.41,2862.56,2811.72,2863.01,18335538300.0,177072557900.0,-0.013383240446820266
sh000001,2016-03-08,2895.67,2901.39,2802.56,2902.62,23348266100.0,220513953700.0,0.001397833875209642
sh000001,2016-03-07,2886.64,2897.34,2871.35,2911.84,21746683600.0,208559323400.0,0.008068472417932293
sh000001,2016-03-04,2848.54,2874.15,2808.85,2880.37,31249516900.0,294982112800.0,0.005031890788038007
sh000001,2016-03-03,2847.33,2859.76,2840.87,2878.45,28747821000.0,279971936100.0,0.00353723926897076
sh000001,2016-03-02,2733.77,2849.68,2732.54,2852.70,27096178300.0,259318766500.0,0.04262815704840883
sh000001,2016-03-01,2688.38,2733.17,2668.76,2747.56,18720744300.0,182185538100.0,0.016811881040781573
sh000001,2016-02-29,2754.81,2687.98,2638.96,2755.89,20741070900.0,194640196400.0,-0.02863172654045054
sh000001,2016-02-26,2760.06,2767.21,2715.87,2784.75,19111047200.0,190068987800.0,0.009470132238942108
sh000001,2016-02-25,2922.24,2741.25,2729.85,2922.24,27028441600.0,271767143299.99997,-0.06406842159172388
sh000001,2016-02-24,2889.88,2928.9,2872.27,2929.87,21341038400.0,227851643600.0,0.00880712836639308
sh000001,2016-02-23,2925.71,2903.33,2872.28,2928.05,19974066300.0,211548952200.0,-0.008147773625127197
sh000001,2016-02-22,2888.60,2927.18,2880.35,2933.96,23217604200.0,238682816500.0,0.02348235327025683
sh000001,2016-02-19,2854.90,2860.02,2840.49,2872.72,16339141300.0,178424845400.0,-0.0010024835044307734
sh000001,2016-02-18,2881.78,2862.89,2857.70,2893.21,21920387300.0,230775052800.0,-0.0015519610510090764
sh000001,2016-02-17,2829.76,2867.34,2824.36,2868.70,21690992500.0,225964250100.00003,0.010847608202864789
sh000001,2016-02-16,2758.58,2836.57,2758.58,2840.62,19596161400.0,198969133400.0,0.032907290073556306
sh000001,2016-02-15,2684.96,2746.2,2682.09,2760.36,12926393200.0,129321056000.0,-0.006256581351841373
sh000001,2016-02-05,2783.08,2763.49,2762.16,2790.06,14118628400.0,145553630900.0,-0.00630344262177196
sh000001,2016-02-04,2751.43,2781.02,2751.31,2793.30,17038201800.0,175347388400.0,0.015248699461531512
sh000001,2016-02-03,2719.57,2739.25,2696.88,2746.07,14839721700.0,146627121700.0,-0.0037533141545769144
sh000001,2016-02-02,2687.98,2749.57,2687.98,2755.16,15807821100.0,158936802700.0,0.022582144783085845
sh000001,2016-02-01,2730.98,2688.85,2655.62,2735.26,15638374400.0,152830741600.0,-0.017807568673290475
sh000001,2016-01-29,2652.85,2737.6,2649.79,2755.37,18667310600.0,180006812600.00003,0.03085485340743932
sh000001,2016-01-28,2711.16,2655.66,2647.49,2740.54,17112028000.0,167357413400.0,-0.029207913553349285
sh000001,2016-01-27,2756.08,2735.56,2638.30,2768.77,21572204600.0,207426675000.0,-0.005174940631830105
sh000001,2016-01-26,2907.72,2749.79,2743.84,2911.99,21083605400.0,212608150700.0,-0.06422302459409712
sh000001,2016-01-25,2934.08,2938.51,2911.83,2955.78,15303905700.0,164023396500.0,0.007525989521902643
sh000001,2016-01-22,2911.11,2916.56,2851.73,2931.36,15981073400.0,170062245400.0,0.012525690162750625
sh000001,2016-01-21,2934.39,2880.48,2880.08,2998.79,19167566800.0,203634572900.0,-0.0323211352206646
sh000001,2016-01-20,2993.01,2976.69,2951.92,3016.28,21650547400.0,234562924600.0,-0.010323365716451427
sh000001,2016-01-19,2914.41,3007.74,2906.40,3012.07,20527970300.0,222674800400.0,0.03222551684375241
sh000001,2016-01-18,2847.54,2913.84,2844.70,2945.45,16469969400.0,173619962700.0,0.004436447119411824
sh000001,2016-01-15,2988.05,2900.97,2883.87,3001.71,19872169700.0,206603969200.00003,-0.03546955264076612
sh000001,2016-01-14,2874.05,3007.65,2867.55,3012.29,21290564400.0,218013656700.00003,0.019680634662327057
sh000001,2016-01-13,3041.11,2949.6,2949.29,3059.01,19428210600.0,208376044600.0,-0.024235326809710078
sh000001,2016-01-12,3026.16,3022.86,2978.46,3047.66,20765962200.0,224135432100.0,0.0020419663871118487
sh000001,2016-01-11,3131.85,3016.7,3016.70,3166.22,27164369100.0,286379628100.0,-0.05326056596608719
sh000001,2016-01-08,3194.63,3186.41,3056.88,3235.45,28644082200.0,324167135400.0,0.01965119999999998
sh000001,2016-01-07,3309.66,3125.0,3115.89,3309.66,7056912300.0,79981988700.0,-0.07044951574137981
sh000001,2016-01-06,3291.19,3361.84,3288.93,3362.97,23888667000.0,285243223400.0,0.02254760912610898
sh000001,2016-01-05,3196.65,3287.71,3189.60,3328.14,26688208300.0,328417226100.0,-0.0025938487862001702
sh000001,2016-01-04,3536.59,3296.26,3295.74,3538.69,18441842300.0,240929155200.0,-0.0686373679778931
sh000001,2015-12-31,3570.47,3539.18,3538.35,3580.60,17696365900.0,254031073800.0,-0.009432166767425754
sh000001,2015-12-30,3566.73,3572.88,3538.11,3573.68,18788960900.0,267787665300.0,0.0025647213320838524
sh000001,2015-12-29,3528.40,3563.74,3515.52,3564.17,18255192300.0,250938907300.0,0.008478173513914111
sh000001,2015-12-28,3635.77,3533.78,3533.78,3641.59,26998327800.0,369042819400.0,-0.025946068121866173
sh000001,2015-12-25,3614.05,3627.91,3601.74,3635.26,19845111100.0,274660042600.00003,0.004268523926709955
sh000001,2015-12-24,3631.31,3612.49,3572.28,3640.22,22778522500.0,315421252100.0,-0.006490488409252926
sh000001,2015-12-23,3653.28,3636.09,3633.03,3684.57,29820180100.0,419902925900.00006,-0.004293808208074346
sh000001,2015-12-22,3645.99,3651.77,3616.87,3652.63,26117876300.0,360846042400.0,0.002553212517879322
sh000001,2015-12-21,3568.58,3642.47,3565.75,3651.06,29984928000.0,398316970700.0,0.017745378545722668
sh000001,2015-12-18,3574.94,3578.96,3568.16,3614.70,27370790400.0,365385806000.0,-0.0002905027932961213
sh000001,2015-12-17,3533.63,3580.0,3533.63,3583.41,28385647600.0,381439613300.0,0.018147483497763295
sh000001,2015-12-16,3522.09,3516.19,3506.29,3538.69,19348231000.0,265288652700.0,0.0016636517726154043
sh000001,2015-12-15,3518.13,3510.35,3496.85,3529.96,20047134100.0,276274949100.0,-0.0029312602430787704
sh000001,2015-12-14,3403.51,3520.67,3399.28,3521.78,21537462000.0,279213529500.0,0.025065655771593587
sh000001,2015-12-11,3441.60,3434.58,3410.92,3455.55,18290887800.0,245076424400.0,-0.006054116625669237
sh000001,2015-12-10,3469.81,3455.5,3446.27,3503.65,20042751700.0,279499705700.0,-0.004878414025872302
sh000001,2015-12-09,3462.58,3472.44,3454.88,3495.70,19569884500.0,267854865100.00003,0.0006829833403936281
sh000001,2015-12-08,3518.65,3470.07,3466.79,3518.65,22436731000.0,297821727300.0,-0.018903399275642885
sh000001,2015-12-07,3529.81,3536.93,3506.62,3543.95,20830257900.0,280561588000.0,0.003387243651755023
sh000001,2015-12-04,3558.15,3524.99,3510.41,3568.97,25173641100.0,319766835700.0,-0.016689819851484988
sh000001,2015-12-03,3525.73,3584.82,3517.23,3591.73,28111125500.0,338859090600.0,0.013545722113370129
sh000001,2015-12-02,3450.28,3536.91,3427.66,3538.85,30149148000.0,369183037700.00006,0.023319667506676245
sh000001,2015-12-01,3442.44,3456.31,3417.54,3483.41,25239075500.0,330256746800.0,0.0031665408951064844
sh000001,2015-11-30,3433.86,3445.4,3327.81,3470.37,30419790300.0,387503652800.0,0.0026481971888367983
sh000001,2015-11-27,3616.54,3436.3,3412.43,3621.90,35428752500.0,464311247700.00006,-0.05480601284537412
sh000001,2015-11-26,3659.57,3635.55,3629.86,3668.38,30676158200.0,426247412299.99994,-0.003393705471322006
sh000001,2015-11-25,3614.07,3647.93,3607.52,3648.37,27302485700.0,380802940000.0,0.008799511076819977
sh000001,2015-11-24,3602.89,3616.11,3563.10,3616.48,24881052400.0,327758498300.0,0.0016065102442726076
sh000001,2015-11-23,3630.87,3610.31,3598.87,3654.75,31599747400.0,414148234300.0,-0.005561217463159407
sh000001,2015-11-20,3620.79,3630.5,3607.92,3640.53,31080197200.0,413910905700.0,0.0037157249257684377
sh000001,2015-11-19,3573.78,3617.06,3561.04,3618.21,24791557600.0,328442613200.0,0.013616479891942479
sh000001,2015-11-18,3605.06,3568.47,3558.70,3617.07,29758073400.0,392338754799.99994,-0.010078229027962848
sh000001,2015-11-17,3629.98,3604.8,3598.07,3678.27,38357546800.0,521520359600.0,-0.00059884223833917
sh000001,2015-11-16,3522.46,3606.96,3519.42,3607.61,27618705700.0,369421833800.0,0.007294377855475265
sh000001,2015-11-13,3600.76,3580.84,3564.81,3632.56,34587093300.0,468668655600.0,-0.014330149467367659
sh000001,2015-11-12,3656.82,3632.9,3603.23,3659.31,36171760000.0,482832626400.0,-0.004753099102801195
sh000001,2015-11-11,3635.00,3650.25,3605.62,3654.88,36097265100.0,467822205500.0,0.0026809577831556908
sh000001,2015-11-10,3617.40,3640.49,3607.89,3669.53,42974657600.0,560055120100.0,-0.001752182687667303
sh000001,2015-11-09,3588.50,3646.88,3588.50,3673.76,50301668200.0,636184062200.0,0.015835522265830626
sh000001,2015-11-06,3514.44,3590.03,3508.83,3596.38,42916703300.0,543282200900.00006,0.0190784655474876
sh000001,2015-11-05,3459.22,3522.82,3455.53,3585.66,55325494700.0,678674611500.0,0.01826201570105579
sh000001,2015-11-04,3325.62,3459.64,3325.62,3459.65,33907873000.0,426104385800.0,0.04309705430096189
sh000001,2015-11-03,3330.32,3316.7,3302.18,3346.27,19289742800.0,244360566400.0,-0.0025202401145235642
sh000001,2015-11-02,3337.58,3325.08,3322.31,3391.06,23095112900.0,286019328100.0,-0.01699304668653323
sh000001,2015-10-30,3380.28,3382.56,3346.59,3417.20,24359511800.0,307266773400.0,-0.0014052407212782336
sh000001,2015-10-29,3387.77,3387.32,3362.51,3411.71,23567602600.0,294508414200.0,0.0035908983171368813
sh000001,2015-10-28,3417.01,3375.2,3367.23,3439.76,29352328400.0,361656185800.0,-0.017220193690781982
sh000001,2015-10-27,3409.14,3434.34,3332.62,3441.57,32817276800.0,408887226400.0,0.001387925052047212
sh000001,2015-10-26,3448.65,3429.58,3402.00,3457.52,36556085300.0,453942506400.0,0.005025744117828079
sh000001,2015-10-23,3377.55,3412.43,3360.22,3422.02,34737285400.0,425263086300.0,0.012969240725018816
sh000001,2015-10-22,3292.29,3368.74,3282.99,3373.78,32373934100.0,375452024700.0,0.014472939277497376
sh000001,2015-10-21,3428.56,3320.68,3265.44,3447.26,45845542800.0,518509230400.0,-0.03055180084838549
sh000001,2015-10-20,3377.55,3425.33,3357.86,3425.52,31897375800.0,383582515400.0,0.011406383795435016
sh000001,2015-10-19,3401.63,3386.7,3355.57,3423.40,37811218300.0,453303626900.0,-0.0013711353885621502
sh000001,2015-10-16,3358.30,3391.35,3334.85,3393.02,39546057500.0,459447813300.0,0.015961318965749483
sh000001,2015-10-15,3255.03,3338.07,3254.39,3338.30,31628385100.0,362565554099.99994,0.023182035531688072
sh000001,2015-10-14,3280.02,3262.44,3256.25,3307.32,29507773900.0,330277519400.0,-0.00934948363764454
sh000001,2015-10-13,3262.16,3293.23,3253.25,3298.63,29715313300.0,334806099300.0,0.0016942141218982965
sh000001,2015-10-12,3193.54,3287.66,3188.41,3318.71,38629471500.0,435541019200.0,0.03283225735513562
sh000001,2015-10-09,3146.64,3183.15,3137.79,3192.72,23485144500.0,256379112100.0,0.012658429196783061
sh000001,2015-10-08,3156.07,3143.36,3133.13,3172.28,23427605000.0,258830338700.0,0.029671315980843715
sh000001,2015-09-30,3052.84,3052.78,3039.74,3073.30,14664244900.0,156569197500.0,0.004818737780352578
sh000001,2015-09-29,3055.22,3038.14,3021.16,3068.30,16322267300.0,169686597200.0,-0.02019504895573998
sh000001,2015-09-28,3085.57,3100.76,3042.31,3103.07,15672753000.0,166422394800.0,0.002719614532637138
sh000001,2015-09-25,3130.85,3092.35,3063.00,3149.95,23626387100.0,248971120700.0,-0.016018124600262862
sh000001,2015-09-24,3126.49,3142.69,3109.69,3151.16,21288772300.0,231369054800.0,0.008601073850488916
sh000001,2015-09-23,3137.72,3115.89,3104.74,3164.04,23632267000.0,257560036000.0,-0.02188898864271316
sh000001,2015-09-22,3161.32,3185.62,3152.48,3213.48,27478615400.0,305071324500.0,0.009212618880166223
sh000001,2015-09-21,3072.09,3156.54,3060.86,3159.88,23989735400.0,259796673600.0,0.018922373721723007
sh000001,2015-09-18,3100.28,3097.92,3070.34,3122.05,20917539800.0,218442430000.0,0.003843087950331503
sh000001,2015-09-17,3131.98,3086.06,3085.31,3204.70,31760289200.0,337393271000.0,-0.02100080577109764
sh000001,2015-09-16,2998.04,3152.26,2983.54,3182.93,27752452400.0,281992257000.0,0.04894565032926601
sh000001,2015-09-15,3043.80,3005.17,2983.92,3081.70,24919444500.0,243904590400.0,-0.035196481315012185
sh000001,2015-09-14,3221.17,3114.8,3049.23,3229.48,34663115800.0,373576802400.0,-0.026694956300015837
sh000001,2015-09-11,3189.48,3200.23,3163.45,3223.76,22455782200.0,252769467200.0,0.0007317324861080277
sh000001,2015-09-10,3190.55,3197.89,3178.90,3243.28,27326175900.0,299581090500.0,-0.01393732520528268
sh000001,2015-09-09,3182.55,3243.09,3165.70,3256.74,37532797800.0,412991428300.0,0.02291157406677291
sh000001,2015-09-08,3054.44,3170.45,3011.12,3174.71,25541546500.0,263910382100.0,0.02922653404405895
sh000001,2015-09-07,3149.38,3080.42,3066.30,3217.58,29646811400.0,302689722300.0,-0.02523598414009376
sh000001,2015-09-02,3027.68,3160.17,3019.09,3194.48,43817015300.0,423262356100.0,-0.00203687212232595
sh000001,2015-09-01,3157.83,3166.62,3053.74,3180.33,43243246800.0,420411621800.0,-0.012280138116463224
sh000001,2015-08-31,3203.56,3205.99,3109.16,3207.86,39743138200.0,431068601200.0,-0.008155057465930371
sh000001,2015-08-28,3125.26,3232.35,3102.95,3235.84,44313692800.0,474631023300.0,0.04824247062676945
sh000001,2015-08-27,2978.03,3083.59,2906.49,3085.42,40030839800.0,404289306100.0,0.05339409487956437
sh000001,2015-08-26,2980.79,2927.29,2850.71,3092.04,46669966300.0,461788981400.0,-0.01270839165320381
sh000001,2015-08-25,3004.13,2964.97,2947.94,3123.03,35232511000.0,358735780100.0,-0.07630743541096174
sh000001,2015-08-24,3373.48,3209.91,3191.88,3388.36,33467179200.0,358818882700.00006,-0.08490652100782836
sh000001,2015-08-21,3609.96,3507.74,3490.54,3652.84,36992047900.0,450616485200.00006,-0.04272314691249879
sh000001,2015-08-20,3754.57,3664.29,3663.61,3788.01,39006305700.0,501194992600.0,-0.03421619299387735
sh000001,2015-08-19,3646.80,3794.11,3558.38,3811.43,47539623900.0,599513277300.0,0.012259348587040142
sh000001,2015-08-18,3999.13,3748.16,3743.39,4006.34,54377082200.0,722467247400.0,-0.06147478384543548
sh000001,2015-08-17,3947.84,3993.67,3907.40,3994.54,46043206000.0,626327680300.0,0.0071444062804197905
sh000001,2015-08-14,3976.41,3965.34,3939.84,4000.68,46798821700.0,647466472600.0,0.002725966984949091
sh000001,2015-08-13,3869.91,3954.56,3838.16,3955.79,43007330300.0,578685519600.0,0.01755902756335037
sh000001,2015-08-12,3881.23,3886.32,3871.14,3937.77,44268827800.0,597050259300.0,-0.010588328143974701
sh000001,2015-08-11,3928.81,3927.91,3891.18,3970.34,53892346000.0,712289933199.9999,-0.00012982318591192588
sh000001,2015-08-10,3786.03,3928.42,3775.85,3943.62,49730431900.0,652622008900.0,0.04919862935038366
sh000001,2015-08-07,3692.61,3744.21,3686.30,3756.74,34075718400.0,445485029400.0,0.022577931689944597
sh000001,2015-08-06,3625.50,3661.54,3614.74,3710.57,27407466300.0,357515147200.0,-0.00894014729724979
sh000001,2015-08-05,3745.65,3694.57,3676.39,3782.35,36642297900.0,483850277400.0,-0.0164965633268912
sh000001,2015-08-04,3621.86,3756.54,3601.29,3757.03,36290166600.0,464036243000.0,0.036884714221440795
sh000001,2015-08-03,3614.99,3622.91,3549.50,3648.94,36396873100.0,445991593500.0,-0.0111416507220784
sh000001,2015-07-31,3655.67,3663.73,3620.17,3729.51,35095574500.0,460472253800.0,-0.011344470919673943
sh000001,2015-07-30,3773.79,3705.77,3685.96,3844.37,45794322800.0,615977923200.0,-0.022010097198067125
sh000001,2015-07-29,3689.83,3789.17,3612.06,3792.07,43435208500.0,557491964600.0,0.0344444444444445
sh000001,2015-07-28,3573.14,3663.0,3537.36,3762.53,56333004200.0,685057523900.0,-0.016792106421584907
sh000001,2015-07-27,3985.57,3725.56,3720.44,4051.16,55600324700.0,721298088700.0,-0.08483361214077445
sh000001,2015-07-24,4124.75,4070.91,4044.83,4184.45,62742486000.0,843022070400.0001,-0.012854274573706581
sh000001,2015-07-23,4022.27,4123.92,4019.04,4132.61,56358596600.0,743531874300.0001,0.02431173063357539
sh000001,2015-07-22,3996.43,4026.04,3960.86,4042.34,52073222500.0,678831919300.0001,0.002080802851396779
sh000001,2015-07-21,3939.90,4017.68,3912.80,4041.82,50428802800.0,646416846800.0,0.00640513412706567
sh000001,2015-07-20,3948.42,3992.11,3927.12,4021.33,53910671400.0,688255569400.0,0.008783655729212692
sh000001,2015-07-17,3831.42,3957.35,3814.15,3994.48,48172626800.0,593066980700.0,0.035093822420079634
sh000001,2015-07-16,3758.50,3823.18,3688.44,3877.51,49225620000.0,569858938100.0,0.004593110334498274
sh000001,2015-07-15,3874.97,3805.7,3741.25,3914.27,60130132400.0,700536523000.0,-0.03026890118206438
sh000001,2015-07-14,3958.37,3924.49,3855.56,4035.44,67055879900.0,830074682800.0,-0.01156057717251957
sh000001,2015-07-13,3918.99,3970.39,3858.64,4030.20,64348900700.0,782430543300.0,0.023876940533291924
sh000001,2015-07-10,3707.46,3877.8,3677.44,3959.22,58636425500.0,680434151200.0,0.04541790565951276
sh000001,2015-07-09,3432.45,3709.33,3373.54,3748.48,65691461200.0,673310983800.0,0.05763588513881479
sh000001,2015-07-08,3467.40,3507.19,3421.52,3599.25,68035692200.0,700248338600.0,-0.05901055235529751
sh000001,2015-07-07,3654.78,3727.13,3585.40,3750.57,69881868800.0,776072544900.0,-0.012918740118276095
sh000001,2015-07-06,3975.21,3775.91,3653.04,3975.21,83113928600.0,943420425900.0,0.024136677768977766
sh000001,2015-07-03,3793.71,3686.92,3629.56,3927.13,54816311100.0,648054100400.0,-0.057721256296690004
sh000001,2015-07-02,4058.62,3912.77,3795.25,4080.39,58601561200.0,736006857600.0,-0.03476576954387345
sh000001,2015-07-01,4214.15,4053.7,4043.37,4317.05,59876942700.0,838070926200.0,-0.05225824250330835
sh000001,2015-06-30,4006.75,4277.22,3847.88,4279.97,70917663300.0,941524659900.0,0.055314172359938185
sh000001,2015-06-29,4289.77,4053.03,3875.05,4297.48,67378634900.0,904271395000.0,-0.0333518568426876
sh000001,2015-06-26,4399.93,4192.87,4139.53,4456.90,56521787400.0,787835743000.0,-0.07396781645751338
sh000001,2015-06-25,4711.76,4527.78,4483.55,4720.70,57279753300.0,865379730800.0,-0.03461936185409842
sh000001,2015-06-24,4604.58,4690.15,4552.13,4691.77,54300370900.0,815062691700.0,0.024835627303894547
sh000001,2015-06-23,4471.61,4576.49,4264.77,4577.94,47352612800.0,693617191300.0,0.021912039228646263
sh000001,2015-06-19,4689.93,4478.36,4476.50,4744.08,45268962600.0,685458198700.0,-0.06415400304261332
sh000001,2015-06-18,4942.52,4785.36,4780.87,4966.77,50744089900.0,785845075200.0,-0.03674389581110726
sh000001,2015-06-17,4890.55,4967.9,4767.22,4983.66,53710116800.0,830266749700.0,0.01646468593923589
sh000001,2015-06-16,5004.41,4887.43,4842.10,5029.68,55080140700.0,895420555900.0,-0.03467516230527801
sh000001,2015-06-15,5174.42,5062.99,5048.74,5176.79,63780398400.0,1064991965100.0,-0.020006387488265553
sh000001,2015-06-12,5143.34,5166.35,5103.40,5178.19,62562785400.0,1060167436300.0,0.008739473483820426
sh000001,2015-06-11,5101.44,5121.59,5050.77,5122.46,56399052200.0,974670611900.0,0.0030454128835653016
sh000001,2015-06-10,5049.20,5106.04,5001.49,5164.16,59696900100.0,1006428194300.0001,-0.0014647415777359063
sh000001,2015-06-09,5145.98,5113.53,5042.96,5147.45,72989381800.0,1150808588600.0,-0.003575687662221272
sh000001,2015-06-08,5045.69,5131.88,4997.48,5146.95,85503508500.0,1309924508000.0,0.021655949513248673
sh000001,2015-06-05,5016.09,5023.1,4898.07,5051.63,77224081200.0,1232300667100.0,0.015362535626932905
sh000001,2015-06-04,4912.94,4947.1,4647.41,4947.96,67495240200.0,1052270233000.0,0.007560112261149943
sh000001,2015-06-03,4924.38,4909.98,4822.44,4942.06,61145383900.0,1010179934599.9999,-0.00011200420321233473
sh000001,2015-06-02,4844.70,4910.53,4797.55,4911.57,62374809900.0,998745749700.0,0.016938166064024873
sh000001,2015-06-01,4633.10,4828.74,4615.23,4829.50,59338903500.0,934455504500.0,0.04705382350262588
sh000001,2015-05-29,4603.46,4611.74,4431.56,4698.19,61126240900.0,955365592099.9999,-0.0018462124507876432
sh000001,2015-05-28,4943.74,4620.27,4614.24,4986.50,78296459200.0,1247926031300.0,-0.0650463098805878
sh000001,2015-05-27,4932.85,4941.71,4857.06,4958.16,68116537900.0,1116261779800.0,0.006273799099961286
sh000001,2015-05-26,4854.85,4910.9,4779.08,4911.69,70489282900.0,1138509335000.0,0.0201711745398645
sh000001,2015-05-25,4660.08,4813.8,4656.83,4814.67,68246139100.0,1079295626000.0,0.03353658536585358
sh000001,2015-05-22,4584.98,4657.6,4562.99,4658.27,65559128700.0,1007173224900.0,0.02829942906597327
sh000001,2015-05-21,4456.44,4529.42,4438.26,4530.48,46499652000.0,729080613500.0,0.018696486284070613
sh000001,2015-05-20,4434.98,4446.29,4432.28,4520.54,51410622300.0,806080532000.0,0.006505868637593171
sh000001,2015-05-19,4285.78,4417.55,4285.78,4418.40,43673522400.0,693812586600.0,0.031296909762833724
sh000001,2015-05-18,4277.90,4283.49,4260.51,4324.83,38005745200.0,594559493100.0,-0.005848645411946518
sh000001,2015-05-15,4366.82,4308.69,4278.55,4366.82,43970619800.0,665965618500.0,-0.015901112529720596
sh000001,2015-05-14,4372.82,4378.31,4329.04,4397.75,44907793500.0,669882275600.0,0.0005827559098305901
sh000001,2015-05-13,4402.38,4375.76,4342.48,4415.63,51049047500.0,780754937500.0,-0.005784759680270479
sh000001,2015-05-12,4342.37,4401.22,4317.98,4402.31,52186640800.0,793463723400.0,0.01560834229436181
sh000001,2015-05-11,4231.27,4333.58,4187.82,4334.88,48875051500.0,715246611500.0,0.03035245558641142
sh000001,2015-05-08,4152.98,4205.92,4099.04,4206.86,39742809400.0,559648658800.0,0.02278823309120881
sh000001,2015-05-07,4197.90,4112.21,4108.01,4213.76,39456665300.0,540206291400.0,-0.027678535539230276
sh000001,2015-05-06,4311.64,4229.27,4187.37,4376.35,48173299300.0,716536206700.0,-0.016153683314296563
sh000001,2015-05-05,4479.85,4298.71,4282.24,4488.87,57285859600.0,805566079200.0,-0.04056503126911071
sh000001,2015-05-04,4441.34,4480.46,4387.43,4487.57,49417339800.0,717540809400.0,0.008737743856449764
sh000001,2015-04-30,4483.01,4441.65,4441.05,4507.34,52672797500.0,774349211700.0,-0.007811697217990465
sh000001,2015-04-29,4446.12,4476.62,4398.64,4499.94,51983420200.0,752401785900.0,9.15953451692264e-05
sh000001,2015-04-28,4527.63,4476.21,4432.90,4572.39,76767641600.0,1061172125699.9999,-0.011306710253125352
sh000001,2015-04-27,4441.93,4527.4,4441.93,4529.73,67108852100.0,975242093800.0,0.030432279018319575
sh000001,2015-04-24,4355.95,4393.69,4318.12,4416.38,62855499600.0,916872935500.0,-0.004716265225359284
sh000001,2015-04-23,4414.48,4414.51,4358.84,4444.41,66734466100.0,963024929300.0001,0.0036421590136617166
sh000001,2015-04-22,4304.60,4398.49,4297.95,4400.19,68030508600.0,976876960400.0001,0.024424611400170493
sh000001,2015-04-21,4212.19,4293.62,4188.57,4294.38,63447062700.0,862447782600.0,0.018149999525738147
sh000001,2015-04-20,4301.35,4217.08,4190.68,4356.00,85713280700.0,1147600605200.0,-0.016378606582231336
sh000001,2015-04-17,4254.72,4287.3,4238.91,4317.22,70170620500.0,915633037800.0,0.022046237979222116
sh000001,2015-04-16,4055.92,4194.82,4031.24,4195.31,55124295600.0,712082436700.0,0.02709492282378756
sh000001,2015-04-15,4135.65,4084.16,4069.01,4175.49,61300581200.0,773125881600.0,-0.012428788362398469
sh000001,2015-04-14,4125.78,4135.56,4091.26,4168.35,61068354100.0,814645192500.0,0.0033602558161540674
sh000001,2015-04-13,4072.72,4121.71,4057.29,4128.07,58981422700.0,781667346000.0,0.02166417553435407
sh000001,2015-04-10,3947.49,4034.31,3929.32,4040.35,48428361900.0,668504175900.0,0.019400990011446462
sh000001,2015-04-09,4006.13,3957.53,3900.03,4016.40,58517682500.0,816710896300.0,-0.009332108410662787
sh000001,2015-04-08,3976.53,3994.81,3903.65,4000.22,61808541900.0,839159306700.0,0.008438978335832514
sh000001,2015-04-07,3899.42,3961.38,3891.73,3961.67,57044753500.0,746424002000.0,0.025220436188026163
sh000001,2015-04-03,3803.38,3863.93,3792.21,3864.41,47303331100.0,635651328000.0,0.009971822739415215
sh000001,2015-04-02,3827.69,3825.78,3775.89,3835.45,47929967300.0,632028908300.0,0.004065307365056281
sh000001,2015-04-01,3748.34,3810.29,3742.21,3817.08,44745831900.0,592418305800.0,0.016646655460391013
sh000001,2015-03-31,3822.99,3747.9,3737.04,3835.57,56167603700.0,721294947400.0,-0.010212408591416477
sh000001,2015-03-30,3710.61,3786.57,3710.61,3795.94,56470235300.0,692125351300.0,0.02586491831703297
sh000001,2015-03-27,3686.13,3691.1,3656.83,3710.48,40894516500.0,509298463000.0,0.0024442573531409106
sh000001,2015-03-26,3641.94,3682.1,3615.01,3707.32,48864720300.0,619515611700.0,0.005837633477475679
sh000001,2015-03-25,3680.95,3660.73,3634.56,3693.15,52188634800.0,645498915800.0,-0.008311187324084757
sh000001,2015-03-24,3692.57,3691.41,3600.70,3715.87,63955466900.0,754884734800.0,0.000997903859555782
sh000001,2015-03-23,3640.10,3687.73,3635.49,3688.25,53606283200.0,661574620100.0,0.019464686563533284
sh000001,2015-03-20,3587.08,3617.32,3569.38,3632.34,51666166900.0,651771976700.0,0.009784298782615553
sh000001,2015-03-19,3576.02,3582.27,3546.84,3600.68,53734661400.0,612249692100.0,0.0013893159645541608
sh000001,2015-03-18,3510.50,3577.3,3503.85,3577.66,54521714400.0,617366988700.0,0.02125412164380447
sh000001,2015-03-17,3469.60,3502.85,3459.69,3504.12,52093950600.0,601500660500.0,0.015524889107934925
sh000001,2015-03-16,3391.16,3449.3,3377.09,3449.30,39913243000.0,479355308000.0,0.022648099119158438
sh000001,2015-03-13,3359.49,3372.91,3352.15,3391.25,32841015400.0,374041421900.0,0.007043220713458087
sh000001,2015-03-12,3314.81,3349.32,3300.49,3360.05,35729510500.0,407192390400.0,0.01775198274028389
sh000001,2015-03-11,3289.59,3290.9,3278.47,3325.05,28298553500.0,327573066500.0,0.0014698408737487956
sh000001,2015-03-10,3289.09,3286.07,3277.10,3309.92,28581757600.0,329955974300.0,-0.004947901683921674
sh000001,2015-03-09,3224.31,3302.41,3198.37,3307.70,32149544000.0,359927522100.0,0.018888124423436903
sh000001,2015-03-06,3248.04,3241.19,3234.53,3266.93,28291579100.0,328344152900.0,-0.002244126483770814
sh000001,2015-03-05,3264.09,3248.48,3221.67,3266.64,32066358500.0,373579996400.0,-0.009467820083975509
sh000001,2015-03-04,3264.18,3279.53,3250.48,3286.59,29363952200.0,346789769300.0,0.005050489572639094
sh000001,2015-03-03,3317.70,3263.05,3260.43,3317.70,38204461900.0,441593480100.0,-0.02194959655664397
sh000001,2015-03-02,3332.72,3336.28,3298.67,3336.76,34644567100.0,410259559500.0,0.007848231278131834
sh000001,2015-02-27,3296.83,3310.3,3291.01,3324.55,29916371700.0,335019568800.0,0.003619980838962311
sh000001,2015-02-26,3222.15,3298.36,3202.19,3300.62,30126387500.0,334347476000.0,0.021530952292464267
sh000001,2015-02-25,3256.48,3228.84,3215.55,3257.22,23334809400.0,265143351600.0,-0.0055652913077355315
sh000001,2015-02-17,3230.88,3246.91,3230.77,3255.73,22833262400.0,263340054100.0,0.007618639754713774
sh000001,2015-02-16,3206.14,3222.36,3195.88,3228.85,22379742900.0,265950695600.0,0.005783702630913767
sh000001,2015-02-13,3186.81,3203.83,3182.79,3237.16,26129043600.0,293017678900.0,0.009582721480295708
sh000001,2015-02-12,3157.96,3173.42,3134.24,3181.77,19459230900.0,229691579800.0,0.004978306995598203
sh000001,2015-02-11,3145.76,3157.7,3139.05,3166.42,17284009400.0,210862549400.0,0.005127976597837369
sh000001,2015-02-10,3090.49,3141.59,3084.25,3142.10,19381713900.0,225084912000.0,0.01501395745560763
sh000001,2015-02-09,3063.51,3095.12,3049.11,3119.03,20610838300.0,240719679100.0,0.006245306267088413
sh000001,2015-02-06,3120.09,3075.91,3052.94,3129.54,24674966600.0,266502786500.0,-0.019327090765910215
sh000001,2015-02-05,3251.21,3136.53,3135.82,3251.21,30613930500.0,348266954900.0,-0.0118457656113643
sh000001,2015-02-04,3212.82,3174.13,3171.14,3238.98,24909808600.0,290155154600.0,-0.009604013841262193
sh000001,2015-02-03,3156.09,3204.91,3129.73,3207.94,24819216400.0,283355954800.0,0.02448933925774366
sh000001,2015-02-02,3148.14,3128.3,3122.57,3175.13,25086162900.0,266849961800.0,-0.0255609962745611
sh000001,2015-01-30,3273.75,3210.36,3210.31,3288.50,25831254800.0,284265652100.0,-0.015921282530729886
sh000001,2015-01-29,3259.00,3262.3,3234.24,3286.79,27465861300.0,296424499700.0,-0.013140779371638267
sh000001,2015-01-28,3325.72,3305.74,3294.66,3354.80,30192709500.0,341564300100.0,-0.014083078831838236
sh000001,2015-01-27,3389.85,3352.96,3290.22,3390.22,37451755100.0,418298870200.00006,-0.008932424523672933
sh000001,2015-01-26,3347.26,3383.18,3321.31,3384.80,31754100700.0,358427470900.00006,0.00937417953552755
sh000001,2015-01-23,3357.10,3351.76,3328.29,3406.79,36624924000.0,420979534099.99994,0.0025184396441881862
sh000001,2015-01-22,3327.32,3343.34,3293.98,3352.38,35338296100.0,407874066599.99994,0.005936316234455896
sh000001,2015-01-21,3189.09,3323.61,3178.34,3337.00,41095602400.0,473758667200.0,0.047449614724003775
sh000001,2015-01-20,3114.56,3173.05,3100.48,3190.25,35708081100.0,416295210500.0,0.018194361993999486
sh000001,2015-01-19,3189.73,3116.35,3095.07,3262.21,40109878900.0,409885992000.0,-0.07704723826447513
sh000001,2015-01-16,3343.60,3376.5,3340.49,3400.32,33987675300.0,392253901900.0,0.012000743302782002
sh000001,2015-01-15,3224.07,3336.46,3207.54,3337.08,28254624000.0,330610537900.0,0.03538312583011627
sh000001,2015-01-14,3242.34,3222.44,3193.98,3268.48,24019074700.0,267204528500.0,-0.003974901863814884
sh000001,2015-01-13,3223.54,3235.3,3214.41,3259.39,23072575400.0,273588773800.0,0.0018517830379150002
sh000001,2015-01-12,3258.21,3229.32,3191.58,3275.19,32206467900.0,366273059500.0,-0.0170724506226011
sh000001,2015-01-09,3276.97,3285.41,3267.51,3404.83,41024087200.0,458648012600.0,-0.002444237974652874
sh000001,2015-01-08,3371.96,3293.46,3285.10,3381.57,37113117000.0,399230297400.0,-0.02385631085226514
sh000001,2015-01-07,3326.65,3373.95,3312.21,3374.90,39191888000.0,436416698900.0,0.006713512061943261
sh000001,2015-01-06,3330.80,3351.45,3303.18,3394.22,50166169500.0,532398463800.0,0.00027756885498364525
sh000001,2015-01-05,3258.63,3350.52,3253.88,3369.28,53135239100.0,549760106400.0,0.035811888656683166
sh000001,2014-12-31,3172.60,3234.68,3157.26,3239.36,40599852100.0,432319844000.0,0.021754306164930792
sh000001,2014-12-30,3160.80,3165.81,3130.35,3190.30,39772532000.0,437263253600.0,-0.0006975966060820404
sh000001,2014-12-29,3212.56,3168.02,3126.94,3223.86,51011143900.0,555904355400.0,0.0032999746643020966
sh000001,2014-12-26,3078.00,3157.6,3064.18,3164.16,46070093200.0,488915101900.0,0.0276839357664993
sh000001,2014-12-25,2992.46,3072.54,2969.87,3073.35,37694777600.0,379017700900.00006,0.03364474033903764
sh000001,2014-12-24,3039.21,2972.53,2934.91,3050.51,37680524600.0,378726756700.0,-0.01981131764387767
sh000001,2014-12-23,3085.08,3032.61,3025.67,3136.84,43776240000.0,419467701000.0,-0.03032502518025859
sh000001,2014-12-22,3129.27,3127.45,3090.51,3189.87,67937191500.0,624481484200.0,0.0060638229428038315
sh000001,2014-12-19,3053.08,3108.6,3018.42,3117.53,52107351100.0,515580288300.0,0.01670635024464273
sh000001,2014-12-18,3062.80,3057.52,3030.32,3089.79,43590495200.0,466524526300.0,-0.001143409713102117
sh000001,2014-12-17,3031.95,3061.02,2993.33,3076.60,54250317900.0,580338604900.0,0.013072890465725795
sh000001,2014-12-16,2953.81,3021.52,2943.91,3021.90,45384272300.0,492716183800.0,0.023058014098908952
sh000001,2014-12-15,2921.45,2953.42,2890.90,2960.23,40037169500.0,411487142100.0,0.005190305530313077
sh000001,2014-12-12,2929.36,2938.17,2914.96,2962.51,40948081100.0,420410250000.0,0.004248497815937169
sh000001,2014-12-11,2912.35,2925.74,2892.61,2965.68,48263273300.0,479801444600.0,-0.004853724987330166
sh000001,2014-12-10,2855.94,2940.01,2807.68,2946.71,51288691300.0,534989955000.0,0.029317956635752207
sh000001,2014-12-09,2992.49,2856.27,2834.59,3091.32,77199837900.0,793361276900.0,-0.054296649957288556
sh000001,2014-12-08,2907.81,3020.26,2879.85,3041.66,58757089000.0,593478048900.0,0.028121117219546354
sh000001,2014-12-05,2926.57,2937.65,2813.05,2978.03,64050029600.0,639191009200.0,0.01317141812613376
sh000001,2014-12-04,2783.47,2899.46,2772.43,2900.51,53268771800.0,509218572500.0,0.04315133548238537
sh000001,2014-12-03,2768.68,2779.52,2733.87,2824.18,56212028100.0,529777452700.00006,0.005782438466604534
sh000001,2014-12-02,2667.82,2763.54,2665.69,2777.37,43773338100.0,397238914600.0,0.031110082980120524
sh000001,2014-12-01,2691.73,2680.16,2668.84,2720.74,44679174100.0,401120189400.0,-0.0009989414202861147
sh000001,2014-11-28,2629.63,2682.84,2622.06,2683.18,46588003500.0,401951167900.0,0.019901235131097428
sh000001,2014-11-27,2615.37,2630.49,2599.11,2631.40,36407571900.0,338960830500.0,0.01003705339144112
sh000001,2014-11-26,2572.65,2604.35,2570.40,2605.07,33712724900.0,316521256700.0,0.014312977099236734
sh000001,2014-11-25,2532.00,2567.6,2527.08,2568.38,31431557200.0,282168802800.0,0.013707716117620894
sh000001,2014-11-24,2505.53,2532.88,2495.52,2546.75,36348583500.0,330291406300.0,0.01853393330357611
sh000001,2014-11-21,2452.64,2486.79,2446.65,2488.20,21223977400.0,197809793299.99997,0.013915503983430222
sh000001,2014-11-20,2443.28,2452.66,2437.48,2458.32,16549521300.0,150799911500.0,0.0006813573290793684
sh000001,2014-11-19,2452.15,2450.99,2442.71,2461.49,18623577100.0,167069370600.0,-0.002190223785504708
sh000001,2014-11-18,2474.18,2456.37,2449.81,2477.05,20106257000.0,174659491300.0,-0.007130124777183777
sh000001,2014-11-17,2506.86,2474.01,2472.45,2508.77,21568780000.0,199264903900.0,-0.0019404394026190097
sh000001,2014-11-14,2477.97,2478.82,2457.04,2481.02,22060761900.0,191924993700.0,-0.0027317238022054324
sh000001,2014-11-13,2495.00,2485.61,2471.41,2507.74,29503705800.0,258311915799.99997,-0.0035558513197139208
sh000001,2014-11-12,2454.60,2494.48,2444.81,2494.92,25293385200.0,215738617200.0,0.010045876574602985
sh000001,2014-11-11,2483.65,2469.67,2445.96,2508.62,41190406500.0,331257388500.0,-0.0016170305659202189
sh000001,2014-11-10,2436.63,2473.67,2428.19,2474.16,30062820300.0,245233684300.0,0.022951239987263117
sh000001,2014-11-07,2427.90,2418.17,2407.44,2454.42,29117224500.0,244157568400.0,-0.0031700098109536112
sh000001,2014-11-06,2419.62,2425.86,2401.75,2426.89,22200508800.0,179644372900.0,0.002732251730908297
sh000001,2014-11-05,2432.17,2419.25,2415.50,2434.36,26360665400.0,201859409100.0,-0.004702387809172648
sh000001,2014-11-04,2428.27,2430.68,2417.22,2435.22,30901303900.0,226503880900.0,0.00026748640963258907
sh000001,2014-11-03,2425.23,2430.03,2418.17,2436.78,29882123500.0,227196590000.0,0.004069945210686932
sh000001,2014-10-31,2393.18,2420.18,2384.48,2423.60,32576352200.0,249915443100.0,0.01217023269819495
sh000001,2014-10-30,2371.89,2391.08,2365.92,2397.26,29464594300.0,226611178100.0,0.007606309233342934
sh000001,2014-10-29,2343.72,2373.03,2339.71,2381.64,26558868700.0,225067075600.0,0.015039330672792062
sh000001,2014-10-28,2294.01,2337.87,2294.01,2338.28,17859035700.0,158147958700.0,0.020707811599517845
sh000001,2014-10-27,2293.57,2290.44,2279.84,2293.64,13026156800.0,113379981600.0,-0.0051427280782528895
sh000001,2014-10-24,2303.08,2302.28,2296.66,2314.88,13222528100.0,114330696100.0,-6.080558716470286e-05
sh000001,2014-10-23,2322.32,2302.42,2297.33,2329.93,16263630800.0,140596503800.0,-0.01037158023683138
sh000001,2014-10-22,2339.22,2326.55,2324.59,2352.12,15269842500.0,138524537500.0,-0.005603378268637216
sh000001,2014-10-21,2355.03,2339.66,2337.55,2361.65,16882828800.0,146786313200.0,-0.007243086819449074
sh000001,2014-10-20,2346.05,2356.73,2340.46,2357.51,16002230500.0,141820259800.0,0.006641949786005519
sh000001,2014-10-17,2352.78,2341.18,2312.83,2360.60,21230096200.0,179433162600.00003,-0.006501166984935303
sh000001,2014-10-16,2361.13,2356.5,2353.41,2389.68,24820116800.0,203805884899.99997,-0.007233524457907037
sh000001,2014-10-15,2358.23,2373.67,2344.37,2374.81,20280491500.0,171766747000.0,0.006014036991201399
sh000001,2014-10-14,2362.80,2359.48,2349.19,2380.51,19683141800.0,170160085100.00003,-0.0027599207103943257
sh000001,2014-10-13,2366.43,2366.01,2341.12,2366.86,20089931400.0,175425070600.0,-0.0035922747142603795
sh000001,2014-10-10,2380.75,2374.54,2365.08,2386.28,22467112600.0,192248234100.0,-0.006206656984895531
sh000001,2014-10-09,2383.86,2389.37,2367.11,2391.35,23592001000.0,200271758700.0,0.0027614686984585024
sh000001,2014-10-08,2368.58,2382.79,2354.29,2382.79,20439732600.0,180337576200.0,0.008003824237373447
sh000001,2014-09-30,2361.32,2363.87,2354.27,2365.49,19391869000.0,166933430200.0,0.0026127047007475923
sh000001,2014-09-29,2353.71,2357.71,2346.58,2363.06,20011102100.0,171130878200.0,0.004255192271650943
sh000001,2014-09-26,2339.29,2347.72,2329.96,2350.11,17474828500.0,148220808300.0,0.001117223146134494
sh000001,2014-09-25,2352.87,2345.1,2336.80,2365.15,22568832300.0,189260377900.0,0.0006485803770299725
sh000001,2014-09-24,2302.23,2343.58,2297.88,2345.75,22252572500.0,185690668000.0,0.0146597856017181
sh000001,2014-09-23,2289.09,2309.72,2289.02,2311.52,15685516900.0,135396857200.0,0.008668614375488604
sh000001,2014-09-22,2323.55,2289.87,2284.38,2323.55,17584235400.0,147841746400.0,-0.016991135246517408
sh000001,2014-09-19,2312.98,2329.45,2305.52,2331.56,17464848700.0,144345453400.0,0.005837827568190734
sh000001,2014-09-18,2303.85,2315.93,2297.93,2319.88,18908904500.0,144518521000.0,0.003483701562899455
sh000001,2014-09-17,2298.98,2307.89,2282.79,2309.05,21084245300.0,159121789600.0,0.004937841544925936
sh000001,2014-09-16,2341.03,2296.55,2293.87,2347.94,30269411100.0,237659244000.0,-0.018207546363193217
sh000001,2014-09-15,2330.19,2339.14,2321.59,2340.45,21511241400.0,185393630100.00003,0.003083256502069087
sh000001,2014-09-12,2308.35,2331.95,2302.77,2331.95,19347154000.0,162102898300.0,0.00876851467331119
sh000001,2014-09-11,2315.73,2311.68,2304.60,2343.60,22222179800.0,197232657000.0,-0.002855540697925374
sh000001,2014-09-10,2318.50,2318.3,2306.42,2321.91,18982899100.0,163454522900.0,-0.00353745707126063
sh000001,2014-09-09,2328.43,2326.53,2315.89,2331.92,19699031800.0,172908499100.0,4.298431502358646e-05
sh000001,2014-09-05,2311.30,2326.43,2307.45,2327.56,21318191700.0,185839820900.0,0.008483393010412232
sh000001,2014-09-04,2290.03,2306.86,2283.28,2307.70,19948997800.0,179385894200.00003,0.00796546405491494
sh000001,2014-09-03,2268.40,2288.63,2268.10,2290.55,21247899800.0,187558381500.0,0.009964475629399061
sh000001,2014-09-02,2239.68,2266.05,2234.38,2267.51,19212486900.0,170931776800.0,0.013661312183796959
sh000001,2014-09-01,2220.13,2235.51,2217.69,2236.29,12916658300.0,117215899900.0,0.008258163449395894
sh000001,2014-08-29,2198.95,2217.2,2193.26,2218.70,10520249600.0,93043872899.99998,0.0097366815130564
sh000001,2014-08-28,2210.48,2195.82,2194.86,2219.47,12422901400.0,109266624800.0,-0.00617795217857664
sh000001,2014-08-27,2207.03,2209.47,2204.05,2216.67,12088588500.0,104090409500.0,0.0010692715813891418
sh000001,2014-08-26,2225.29,2207.11,2200.62,2232.78,16350742400.0,134123068200.0,-0.009940473787383275
sh000001,2014-08-25,2241.10,2229.27,2222.01,2241.55,16211957800.0,134450234500.0,-0.00514992346517551
sh000001,2014-08-22,2228.97,2240.81,2225.27,2243.30,16011167200.0,140353020900.0,0.004640298413780108
sh000001,2014-08-21,2239.57,2230.46,2211.63,2240.08,16573349800.0,140879627700.0,-0.004352270546064907
sh000001,2014-08-20,2241.66,2240.21,2233.89,2248.94,16765838300.0,139628054200.0,-0.002280288420855703
sh000001,2014-08-19,2242.34,2245.33,2227.93,2246.02,17774459200.0,155445477500.0,0.0026166905562476916
sh000001,2014-08-18,2229.80,2239.47,2228.13,2242.03,16392862600.0,141492842900.0,0.005721394151962711
sh000001,2014-08-15,2207.23,2226.73,2203.24,2230.87,14997869100.0,129406906400.0,0.009182087225296565
sh000001,2014-08-14,2221.54,2206.47,2204.38,2230.89,17014912300.0,141706657500.0,-0.007382314834809001
sh000001,2014-08-13,2223.05,2222.88,2202.44,2230.99,17806280600.0,146490786500.0,0.0005761613251711317
sh000001,2014-08-12,2222.70,2221.6,2210.00,2222.98,15479904600.0,132393973000.0,-0.0013710021801183192
sh000001,2014-08-11,2199.43,2224.65,2198.31,2225.96,15058342100.0,126096838900.0,0.013771229886576641
sh000001,2014-08-08,2188.71,2194.43,2180.60,2199.58,13518144300.0,109728992100.00002,0.0030900455736009302
sh000001,2014-08-07,2216.66,2187.67,2185.76,2220.57,17523327400.0,137306468600.0,-0.013438738742801326
sh000001,2014-08-06,2212.00,2217.47,2192.99,2223.89,17771170700.0,140362855700.0,-0.0011171422779792106
sh000001,2014-08-05,2224.63,2219.95,2206.85,2226.84,17538698700.0,141474534800.0,-0.0015202421592835913
sh000001,2014-08-04,2190.04,2223.33,2186.92,2224.07,17409740300.0,140088823100.0,0.017402644945773815
sh000001,2014-08-01,2194.17,2185.3,2184.64,2218.79,19147504200.0,151884026700.0,-0.007385671978051844
sh000001,2014-07-31,2179.54,2201.56,2173.90,2202.13,16469165400.0,132438451500.0,0.009315802020869013
sh000001,2014-07-30,2178.18,2181.24,2177.24,2194.57,18492218700.0,149566550500.0,-0.0008931884077887364
sh000001,2014-07-29,2179.83,2183.19,2172.10,2193.52,20026425700.0,159282497700.0,0.0024059321839344783
sh000001,2014-07-28,2135.25,2177.95,2135.25,2181.50,23618575200.0,180414429600.0,0.024141709105101494
sh000001,2014-07-25,2108.71,2126.61,2106.71,2127.22,14249582600.0,111411573000.0,0.010237237893456763
sh000001,2014-07-24,2079.63,2105.06,2079.63,2107.95,16567699600.0,128677982600.0,0.012783318659219
sh000001,2014-07-23,2074.20,2078.49,2072.23,2088.19,13729221100.0,106702129200.0,0.0014502669262048684
sh000001,2014-07-22,2050.50,2075.48,2049.81,2078.09,12319186800.0,98702436600.0,0.010221564580818576
sh000001,2014-07-21,2057.77,2054.48,2049.18,2061.82,9385787000.0,75706180200.0,-0.002229161708926952
sh000001,2014-07-18,2047.50,2059.07,2046.00,2067.23,10664109400.0,82510264400.0,0.0016929446047120322
sh000001,2014-07-17,2062.89,2055.59,2046.19,2062.89,10449181200.0,79106281000.0,-0.005654773422081205
sh000001,2014-07-16,2068.34,2067.28,2061.57,2075.49,13712802000.0,102029806199.99998,-0.0014876639811433057
sh000001,2014-07-15,2065.90,2070.36,2059.68,2070.36,12448876800.0,102893914500.0,0.0017951757675465085
sh000001,2014-07-14,2047.74,2066.65,2044.90,2067.34,11511974000.0,96357013699.99998,0.009619142533317637
sh000001,2014-07-11,2033.87,2046.96,2033.00,2051.74,10508808300.0,86253717700.0,0.004228931385342971
sh000001,2014-07-10,2036.54,2038.34,2034.96,2045.53,9794381900.0,84748630800.0,-0.00013244318432659163
sh000001,2014-07-09,2061.64,2038.61,2037.60,2062.47,11330584100.0,97183492300.0,-0.01231092721969751
sh000001,2014-07-08,2058.13,2064.02,2047.20,2064.43,9505339300.0,81584449300.0,0.0019855043617986734
sh000001,2014-07-07,2058.13,2059.93,2050.89,2064.04,9716875400.0,81471314700.0,0.00026707067175535393
sh000001,2014-07-04,2062.36,2059.38,2054.22,2065.08,10500879200.0,83596436700.0,-0.0018660062135582578
sh000001,2014-07-03,2051.63,2063.23,2048.08,2066.64,12292658200.0,96182469100.0,0.0018500354468733438
sh000001,2014-07-02,2049.49,2059.42,2044.04,2060.60,10955391100.0,89304983500.0,0.004408938830850806
sh000001,2014-07-01,2051.23,2050.38,2041.94,2052.64,9845740900.0,83499762400.0,0.0010008152983163043
sh000001,2014-06-30,2038.61,2048.33,2038.53,2052.34,9666659800.0,80011169600.0,0.005804047119827516
sh000001,2014-06-27,2031.91,2036.51,2025.07,2043.98,9759201700.0,76710586600.0,-0.0010644142288147584
sh000001,2014-06-26,2025.66,2038.68,2025.31,2040.75,8095577800.0,66534274700.0,0.006507035299925912
sh000001,2014-06-25,2030.43,2025.5,2018.36,2030.62,6753961000.0,55989138000.0,-0.004144685411985649
sh000001,2014-06-24,2023.70,2033.93,2021.75,2034.71,7121463400.0,61684911000.0,0.0047224568631230035
sh000001,2014-06-23,2026.23,2024.37,2022.92,2033.32,7048516200.0,57772730100.0,-0.0011348665544959058
sh000001,2014-06-20,2013.41,2026.67,2010.53,2027.15,6716724600.0,53224269300.0,0.0014478144425666972
sh000001,2014-06-19,2054.62,2023.74,2017.65,2059.25,9291427400.0,74628946100.0,-0.01546080797073246
sh000001,2014-06-18,2064.38,2055.52,2051.75,2066.91,8724535000.0,70472931900.0,-0.0054095901679004355
sh000001,2014-06-17,2080.48,2066.7,2064.67,2080.48,8780048100.0,70923265300.0,-0.009242658127115444
sh000001,2014-06-16,2070.70,2085.98,2069.44,2087.32,9593977000.0,79953076100.0,0.007369417400711065
sh000001,2014-06-13,2049.21,2070.72,2048.62,2073.60,9717480600.0,82546974100.0,0.00926544199716317
sh000001,2014-06-12,2051.58,2051.71,2045.96,2057.11,8171118600.0,69306421800.0,-0.0015766806978271264
sh000001,2014-06-11,2049.13,2054.95,2045.41,2056.63,7444435400.0,63177390300.0,0.001179032705977301
sh000001,2014-06-10,2033.21,2052.53,2026.39,2052.76,7962371700.0,65406104800.00001,0.010849544447180559
sh000001,2014-06-09,2024.94,2030.5,2023.20,2045.26,6478831700.0,55139842300.00001,0.0002660150938935679
sh000001,2014-06-06,2040.86,2029.96,2022.16,2041.57,6602174400.0,55124242500.0,-0.005350633060248522
sh000001,2014-06-05,2019.44,2040.88,2016.18,2041.70,6794953600.0,56376142200.0,0.007926591368164315
sh000001,2014-06-04,2037.99,2024.83,2012.91,2038.48,7241277100.0,57467546400.0,-0.006613321820527762
sh000001,2014-06-03,2039.20,2038.31,2037.30,2049.58,7158412400.0,59296437000.0,-0.00044134738452639155
sh000001,2014-05-30,2040.39,2039.21,2031.37,2046.96,7514889800.0,62353642400.0,-0.0006811722042535662
sh000001,2014-05-29,2051.84,2040.6,2039.24,2057.08,8124292100.0,69472513700.0,-0.004697033991308386
sh000001,2014-05-28,2034.56,2050.23,2029.34,2052.66,8133864200.0,68602225000.0,0.007701910978295201
sh000001,2014-05-27,2039.79,2034.56,2032.84,2044.15,6757788900.0,55920518500.0,-0.003389697670317604
sh000001,2014-05-26,2042.03,2041.48,2035.09,2045.38,7028122000.0,59840433400.0,0.0033962950402297576
sh000001,2014-05-23,2020.12,2034.57,2017.74,2034.57,6348806500.0,51464940000.0,0.00657006169327512
sh000001,2014-05-22,2023.15,2021.29,2018.88,2041.96,7472847400.0,59501663400.0,-0.0018074520358527524
sh000001,2014-05-21,2001.31,2024.95,1991.06,2025.19,6181154700.0,48415094200.0,0.008380973248610646
sh000001,2014-05-20,2011.85,2008.12,2002.76,2018.16,6134538200.0,49549015100.0,0.0014662025354330588
sh000001,2014-05-19,2023.01,2005.18,1996.02,2023.27,6532943800.0,52975245900.0,-0.010520602023192716
sh000001,2014-05-16,2023.60,2026.5,2012.69,2027.76,6635366000.0,51625885300.0,0.0007555667491370155
sh000001,2014-05-15,2044.38,2024.97,2022.86,2047.32,7584515400.0,59773445300.0,-0.011201664135630951
sh000001,2014-05-14,2049.27,2047.91,2042.74,2056.57,7201112500.0,56455292300.00001,-0.001375120079191272
sh000001,2014-05-13,2055.08,2050.73,2043.55,2061.06,9722338800.0,73741718100.0,-0.0010424430187979672
sh000001,2014-05-12,2022.93,2052.87,2016.64,2055.51,11574207700.0,88097002899.99998,0.020749425698857182
sh000001,2014-05-09,2016.50,2011.14,2001.30,2020.45,7622424400.0,57505383700.0,-0.0020493531884064886
sh000001,2014-05-08,2006.85,2015.27,2005.69,2036.94,7786539300.0,59529365500.0,0.0025819867865954915
sh000001,2014-05-07,2023.15,2010.08,2008.45,2024.63,7436019200.0,57558051900.00001,-0.008855841107670459
sh000001,2014-05-06,2024.26,2028.04,2021.49,2038.71,7460941100.0,57548110900.0,0.0003403457715738245
sh000001,2014-05-05,2022.18,2027.35,2007.35,2028.96,7993339500.0,60093487699.99999,0.0004885607690636729
sh000001,2014-04-30,2020.44,2026.36,2016.58,2029.54,7452857800.0,57677357900.0,0.0029796964867299103
sh000001,2014-04-29,2001.90,2020.34,1997.64,2021.68,7622127500.0,56776481000.0,0.008410323984646695
sh000001,2014-04-28,2033.34,2003.49,2000.14,2035.99,8979526200.0,68541492600.0,-0.016218843910199787
sh000001,2014-04-25,2060.54,2036.52,2035.57,2065.64,9304233300.0,74155877500.0,-0.009970685891795505
sh000001,2014-04-24,2064.16,2057.03,2056.19,2075.76,7818595500.0,64407532400.0,-0.00500633652255511
sh000001,2014-04-23,2068.08,2067.38,2059.11,2076.35,7853152100.0,66156169600.0,-0.002629255655311691
sh000001,2014-04-22,2062.79,2072.83,2047.33,2073.66,9871988200.0,82468105700.0,0.003388468557432134
sh000001,2014-04-21,2085.98,2065.83,2065.23,2103.08,9637836900.0,81654552300.0,-0.01521630318198075
sh000001,2014-04-18,2091.48,2097.75,2081.19,2099.64,8815569500.0,72555982400.0,-0.0005431442333804215
sh000001,2014-04-17,2108.95,2098.89,2095.71,2110.72,8989632500.0,74257033500.0,-0.0029594512426844855
sh000001,2014-04-16,2097.21,2105.12,2092.16,2112.05,8936165700.0,75099477700.0,0.0016749143509706688
sh000001,2014-04-15,2125.90,2101.6,2098.15,2125.90,10753115100.0,91135360800.0,-0.014046182572224786
sh000001,2014-04-14,2127.41,2131.54,2116.61,2134.43,10207785300.0,86591714600.00002,0.0004693645742392949
sh000001,2014-04-11,2130.37,2130.54,2120.18,2138.65,13176835900.0,111636809800.0,-0.0017617017289042192
sh000001,2014-04-10,2105.88,2134.3,2098.08,2146.67,15678960900.0,129842345900.0,0.013803651840170517
sh000001,2014-04-09,2100.65,2105.24,2095.64,2108.75,10534047100.0,87366776100.0,0.0033170024972832834
sh000001,2014-04-08,2054.53,2098.28,2052.90,2102.45,13337098300.0,107966361300.00002,0.019161368349985386
sh000001,2014-04-04,2037.55,2058.83,2035.22,2060.10,8318905600.0,66368648200.0,0.00740323922297792
sh000001,2014-04-03,2063.50,2043.7,2037.45,2066.01,10861842100.0,79480900700.0,-0.007425970985774466
sh000001,2014-04-02,2049.42,2058.99,2046.74,2060.78,10265852500.0,77940636100.0,0.005631367645765772
sh000001,2014-04-01,2031.01,2047.46,2028.10,2050.68,8328657600.0,64512637000.0,0.006959096251924146
sh000001,2014-03-31,2043.05,2033.31,2024.19,2048.13,9435653600.0,71573688800.0,-0.004114198392523916
sh000001,2014-03-28,2046.85,2041.71,2035.24,2060.13,12168196500.0,94221958300.0,-0.0023844541407902486
sh000001,2014-03-27,2060.81,2046.59,2042.71,2073.98,11914937400.0,94996460800.0,-0.008276517078796619
sh000001,2014-03-26,2070.57,2063.67,2057.65,2074.57,10261111600.0,80463446300.0,-0.0017607422205667689
sh000001,2014-03-25,2063.32,2067.31,2057.49,2079.55,13182223200.0,100173660000.0,0.0004984803608416577
sh000001,2014-03-24,2050.83,2066.28,2043.33,2074.06,14770008500.0,110244496600.0,0.00911301901720063
sh000001,2014-03-21,1987.68,2047.62,1986.07,2052.47,14447765600.0,109438064700.0,0.02715853683006597
sh000001,2014-03-20,2017.22,1993.48,1993.00,2030.85,11033304800.0,88630977600.0,-0.01397318138426007
sh000001,2014-03-19,2019.98,2021.73,2002.44,2022.18,9518079700.0,79473241200.0,-0.0017134110211337594
sh000001,2014-03-18,2026.22,2025.2,2020.41,2034.92,9677719300.0,83580456700.0,0.0007560521231229078
sh000001,2014-03-17,2009.88,2023.67,1999.25,2024.37,8625037400.0,72017782000.0,0.009644072362972489
sh000001,2014-03-14,2008.83,2004.34,1990.98,2017.91,8777511100.0,69925888200.0,-0.007315104179564269
sh000001,2014-03-13,2000.69,2019.11,1996.53,2029.12,10097811600.0,77979057300.0,0.010722384353928804
sh000001,2014-03-12,1996.24,1997.69,1974.38,2011.06,10136171900.0,79293072700.0,-0.0017339942833156652
sh000001,2014-03-11,1994.42,2001.16,1985.60,2008.07,9270526500.0,76870326500.0,0.0010504937320541252
sh000001,2014-03-10,2042.35,1999.06,1995.55,2042.63,11569666600.0,95032992600.0,-0.02859697460044408
sh000001,2014-03-07,2058.38,2057.91,2050.47,2079.49,10370954000.0,89332133900.0,-0.0008108449295487485
sh000001,2014-03-06,2050.03,2059.58,2030.95,2065.79,10929013300.0,92561446600.0,0.0031659750228925088
sh000001,2014-03-05,2073.29,2053.08,2050.18,2074.81,10773308200.0,91623332600.0,-0.008877753479413109
sh000001,2014-03-04,2068.11,2071.47,2050.13,2074.02,11592579200.0,101116311300.00002,-0.0018166573504750927
sh000001,2014-03-03,2052.08,2075.24,2047.07,2078.33,12746089100.0,104980599500.0,0.009210718280406427
sh000001,2014-02-28,2040.62,2056.3,2020.94,2058.49,11163790700.0,95684072100.00002,0.004371504627933787
sh000001,2014-02-27,2045.10,2047.35,2036.39,2068.31,13216385200.0,112875752300.0,0.002988364972443369
sh000001,2014-02-26,2026.61,2041.25,2014.38,2041.63,11011268700.0,96117707800.0,0.003455870063218347
sh000001,2014-02-25,2077.28,2034.22,2026.54,2087.62,14013297800.0,127823834200.0,-0.020450813554261815
sh000001,2014-02-24,2099.72,2076.69,2058.79,2099.72,12355530800.0,107202449700.0,-0.01750493213290505
sh000001,2014-02-21,2131.59,2113.69,2098.33,2132.70,11766265100.0,99514289400.0,-0.011730986824264322
sh000001,2014-02-20,2152.89,2138.78,2136.48,2177.98,15705227600.0,130938438500.0,-0.0017595855405941885
sh000001,2014-02-19,2116.92,2142.55,2111.17,2152.96,15126124600.0,127818451199.99998,0.011080332409972415
sh000001,2014-02-18,2134.14,2119.07,2113.13,2134.14,14286930800.0,129786966500.0,-0.007656573414129286
sh000001,2014-02-17,2124.88,2135.42,2117.69,2136.45,14024444300.0,126213748900.0,0.009249237894935813
sh000001,2014-02-14,2097.32,2115.85,2095.09,2116.19,11151795000.0,97399672600.0,0.00831585970263049
sh000001,2014-02-13,2106.93,2098.4,2096.97,2122.83,14653263400.0,124377063699.99998,-0.005478776848850231
sh000001,2014-02-12,2103.83,2109.96,2096.51,2110.90,12633318600.0,110804071400.0,0.0029900126921047487
sh000001,2014-02-11,2086.18,2103.67,2082.52,2111.06,14221132400.0,125266774400.0,0.008436917265480126
sh000001,2014-02-10,2049.98,2086.07,2049.98,2087.98,12433183300.0,112722921000.0,0.020332599657618022
sh000001,2014-02-07,2022.32,2044.5,2014.70,2044.73,7359875500.0,67829921900.00001,0.005617093277195284
sh000001,2014-01-30,2045.93,2033.08,2031.47,2045.93,6261518400.0,58264498300.0,-0.008210116541701784
sh000001,2014-01-29,2042.18,2049.91,2039.77,2051.58,7386546200.0,67694123600.0,0.005592319880697083
sh000001,2014-01-28,2036.40,2038.51,2026.99,2047.13,7252904300.0,65751604400.00001,0.002562337087493205
sh000001,2014-01-27,2044.27,2033.3,2029.63,2044.85,8881542600.0,81914219500.0,-0.010265820997960473
sh000001,2014-01-24,2037.67,2054.39,2034.45,2060.99,9294792100.0,82346176500.0,0.0059789048957485935
sh000001,2014-01-23,2048.33,2042.18,2039.05,2052.53,8421058500.0,76083326600.0,-0.004664310954063611
sh000001,2014-01-22,2009.97,2051.75,2008.93,2052.34,9889285600.0,84126659400.0,0.021630126823050322
sh000001,2014-01-21,1992.02,2008.31,1992.02,2014.15,5984491100.0,52017917400.0,0.008567482736974164
sh000001,2014-01-20,2001.89,1991.25,1984.82,2005.94,5627124700.0,48298781000.0,-0.006833088106935392
sh000001,2014-01-17,2017.52,2004.95,2001.33,2017.87,6730572000.0,57039564100.0,-0.009265207293571165
sh000001,2014-01-16,2022.54,2023.7,2014.41,2034.71,7275571900.0,62829760800.0,0.0001729804532089041
sh000001,2014-01-15,2024.23,2023.35,2010.20,2027.41,6743622200.0,57740358300.0,-0.001721892206587583
sh000001,2014-01-14,2007.16,2026.84,2001.14,2027.43,7036661400.0,56687625199.99999,0.008598897271044459
sh000001,2014-01-13,2014.98,2009.56,2000.40,2027.18,6654477600.0,55616750599.99999,-0.0018576466497789434
sh000001,2014-01-10,2023.54,2013.3,2008.01,2029.30,7561612100.0,61044553200.0,-0.007062467326224842
sh000001,2014-01-09,2041.77,2027.62,2026.45,2057.20,7594188300.0,67605664100.0,-0.00817867869336808
sh000001,2014-01-08,2047.26,2044.34,2037.11,2062.95,7164736400.0,62941429800.00001,-0.0014555614168767494
sh000001,2014-01-07,2034.22,2047.32,2029.25,2052.28,6340293800.0,54638641600.0,0.0007870128219542583
sh000001,2014-01-06,2078.68,2045.71,2034.01,2078.68,8958760800.0,72895395000.0,-0.01796806743665802
sh000001,2014-01-03,2101.54,2083.14,2075.90,2102.17,8449724100.0,72372229200.0,-0.0124443559512466
sh000001,2014-01-02,2112.13,2109.39,2101.02,2113.11,6848548600.0,61921354700.0,-0.0031143961663154807
sh000001,2013-12-31,2090.68,2115.98,2087.42,2120.27,8047437500.0,71456281500.0,0.008796060127864491
sh000001,2013-12-30,2108.88,2097.53,2095.06,2112.01,7408505600.0,63038943300.0,-0.0017703747769184375
sh000001,2013-12-27,2074.59,2101.25,2069.59,2110.36,7675682700.0,66394444700.0,0.013578698567362935
sh000001,2013-12-26,2102.66,2073.1,2070.55,2102.66,7854140800.0,66767122200.0,-0.015785600683647094
sh000001,2013-12-25,2095.02,2106.35,2088.30,2107.23,6513909600.0,58136846600.0,0.0064216808176176254
sh000001,2013-12-24,2094.07,2092.91,2079.81,2111.80,7025146700.0,61697067300.00001,0.001531312957300246
sh000001,2013-12-23,2089.54,2089.71,2068.54,2099.52,6814663600.0,58435623900.0,0.0023599499230138044
sh000001,2013-12-20,2128.37,2084.79,2082.86,2131.74,8677521200.0,72198200200.0,-0.02020876120293824
sh000001,2013-12-19,2153.67,2127.79,2126.25,2159.14,7312347900.0,61496944000.0,-0.0095378628484184
sh000001,2013-12-18,2150.41,2148.28,2142.62,2156.59,6417358400.0,55420595199.99999,-0.0013016717183924609
sh000001,2013-12-17,2161.54,2151.08,2146.31,2165.54,7857893600.0,66921600599.99999,-0.004525975768906898
sh000001,2013-12-16,2197.23,2160.86,2159.99,2201.70,10138759400.0,86422957300.0,-0.016037667115952003
sh000001,2013-12-13,2188.26,2196.08,2183.84,2204.64,8510101200.0,72637502100.0,-0.0030506627928093
sh000001,2013-12-12,2199.32,2202.8,2194.90,2214.55,8610867100.0,76003328900.0,-0.0006215491545570329
sh000001,2013-12-11,2228.63,2204.17,2193.16,2228.63,10947315000.0,94389298200.0,-0.014891686666755888
sh000001,2013-12-10,2239.86,2237.49,2231.68,2250.50,10904313300.0,95556296199.99998,-0.0003172191939951885
sh000001,2013-12-09,2241.79,2238.2,2231.73,2249.17,9327363900.0,84432480300.0,0.00048723576399889446
sh000001,2013-12-06,2242.56,2237.11,2228.63,2248.15,10370092900.0,92254759100.0,-0.004428008152875251
sh000001,2013-12-05,2252.72,2247.06,2239.14,2255.26,12204841400.0,105837303400.0,-0.0020872561907131493
sh000001,2013-12-04,2219.97,2251.76,2215.92,2260.87,15729294300.0,135497944400.0,0.013087862795646776
sh000001,2013-12-03,2196.82,2222.67,2193.25,2227.93,11350641000.0,100776657100.00002,0.006931325514073494
sh000001,2013-12-02,2203.12,2207.37,2172.63,2231.92,17428199000.0,151936160400.0,-0.005913082639045331
sh000001,2013-11-29,2221.62,2220.5,2212.26,2224.94,10695905300.0,97834025500.0,0.0005091534985153245
sh000001,2013-11-28,2204.38,2219.37,2202.62,2234.39,13445677700.0,119645440100.0,0.008314138123730608
sh000001,2013-11-27,2181.73,2201.07,2176.85,2207.62,11538441100.0,102163491500.0,0.00824526927675251
sh000001,2013-11-26,2184.33,2183.07,2176.18,2192.58,10046083000.0,84536640900.0,-0.001395165864636727
sh000001,2013-11-25,2186.06,2186.12,2181.42,2209.15,10828265500.0,96747311900.0,-0.004671322812992429
sh000001,2013-11-22,2206.47,2196.38,2188.77,2211.07,11386645700.0,102450201000.0,-0.004257016824056881
sh000001,2013-11-21,2197.01,2205.77,2177.74,2206.53,13724551600.0,120005002500.0,-0.0003806744281953378
sh000001,2013-11-20,2201.47,2206.61,2186.64,2207.11,11896186100.0,104820413200.0,0.0061464664657362444
sh000001,2013-11-19,2198.32,2193.13,2186.11,2203.30,12508230700.0,115941880399.99998,-0.0018614430962761164
sh000001,2013-11-18,2147.37,2197.22,2143.77,2198.32,15750271400.0,143246234000.0,0.028742924296409234
sh000001,2013-11-15,2100.90,2135.83,2100.79,2153.21,12589452000.0,113364460500.0,0.01681496398493687
sh000001,2013-11-14,2087.12,2100.51,2078.99,2102.38,8379937300.0,72089883200.0,0.006020287939308755
sh000001,2013-11-13,2117.89,2087.94,2086.01,2117.91,8825709400.0,73376066500.0,-0.01825773355840077
sh000001,2013-11-12,2110.72,2126.77,2108.40,2127.94,7944673100.0,67951266400.0,0.008201112127691035
sh000001,2013-11-11,2103.30,2109.47,2093.63,2117.28,6967829900.0,59934058700.0,0.0015858470274863201
sh000001,2013-11-08,2120.92,2106.13,2103.51,2128.58,8309685900.0,70325214700.0,-0.01092796092796089
sh000001,2013-11-07,2136.63,2129.4,2119.19,2141.60,8184261000.0,70177472900.0,-0.004771897682287918
sh000001,2013-11-06,2149.39,2139.61,2138.78,2166.17,10048734400.0,86547130800.0,-0.008172479649922848
sh000001,2013-11-05,2139.84,2157.24,2124.85,2158.15,9190003100.0,77963321600.0,0.003540144117824884
sh000001,2013-11-04,2156.09,2149.63,2143.21,2160.58,7614794100.0,66305997100.0,3.256480395985584e-05
sh000001,2013-11-01,2139.88,2149.56,2132.63,2157.31,8911847700.0,76271865000.0,0.0037121604773977523
sh000001,2013-10-31,2155.51,2141.61,2137.47,2155.51,10806302000.0,88638835800.0,-0.008724993751330734
sh000001,2013-10-30,2126.69,2160.46,2121.84,2161.94,11964336200.0,95233751800.0,0.014843625226647061
sh000001,2013-10-29,2135.23,2128.86,2093.20,2163.66,14309281100.0,117347750200.0,-0.0023478468697717414
sh000001,2013-10-28,2135.88,2133.87,2123.07,2140.96,8840132200.0,77889328500.0,0.0004266371615031517
sh000001,2013-10-25,2163.69,2132.96,2122.68,2170.61,11392452000.0,99671699100.0,-0.014489539439639265
sh000001,2013-10-24,2178.82,2164.32,2159.87,2183.41,10300895300.0,90001867000.0,-0.008606987279614842
sh000001,2013-10-23,2213.27,2183.11,2177.73,2226.85,14634709000.0,125789855000.0,-0.01245787438083823
sh000001,2013-10-22,2227.34,2210.65,2204.24,2227.34,14913283100.0,134994866700.0,-0.008339164917191333
sh000001,2013-10-21,2198.11,2229.24,2190.39,2230.28,13669440800.0,123936339000.0,0.016163881519568823
sh000001,2013-10-18,2188.71,2193.78,2184.36,2203.29,10372463100.0,90814173200.0,0.0023942902574320968
sh000001,2013-10-17,2201.71,2188.54,2183.25,2211.03,12676794400.0,113138851000.0,-0.0020655975413462757
sh000001,2013-10-16,2228.11,2193.07,2183.40,2228.11,15463863700.0,138165496500.0,-0.01806206652607434
sh000001,2013-10-15,2237.93,2233.41,2221.14,2240.25,15372282500.0,138541635500.0,-0.00194836824159772
sh000001,2013-10-14,2232.22,2237.77,2226.40,2242.98,16598338600.0,151626936800.0,0.004317483113793985
sh000001,2013-10-11,2201.41,2228.15,2200.53,2228.87,15689217600.0,142271933000.0,0.0169882196145017
sh000001,2013-10-10,2214.41,2190.93,2186.48,2214.59,14977589600.0,136575144100.0,-0.009422317872111563
sh000001,2013-10-09,2191.39,2211.77,2185.18,2212.35,13087173700.0,117966138800.00002,0.0061732326448913355
sh000001,2013-10-08,2171.90,2198.2,2161.49,2200.02,12671020300.0,114992017800.0,0.01082003246469565
sh000001,2013-09-30,2167.73,2174.67,2165.16,2176.30,9281008100.0,88982759200.0,0.006777683643282684
sh000001,2013-09-27,2150.96,2160.03,2149.59,2165.78,10540178800.0,97811678200.0,0.001957500892936004
sh000001,2013-09-26,2192.23,2155.81,2154.72,2192.23,14041534600.0,125680363400.0,-0.019422245065976673
sh000001,2013-09-25,2206.23,2198.51,2193.72,2217.97,16021276200.0,143779983400.0,-0.00408601468609715
sh000001,2013-09-24,2219.47,2207.53,2187.24,2219.54,16041505500.0,143330958100.0,-0.006082736015560197
sh000001,2013-09-23,2199.36,2221.04,2198.34,2223.07,13317485800.0,121468259700.0,0.013317517165864379
sh000001,2013-09-18,2185.94,2191.85,2172.04,2195.90,11511188700.0,101333088800.00002,0.0028779809293728587
sh000001,2013-09-17,2230.39,2185.56,2184.92,2230.93,15454255500.0,132460428900.0,-0.02054315676257068
sh000001,2013-09-16,2244.46,2231.4,2226.17,2248.47,15488402000.0,133580632800.0,-0.0021554229905822453
sh000001,2013-09-13,2251.46,2236.22,2228.48,2259.42,17198422900.0,140600125800.0,-0.008596344226173946
sh000001,2013-09-12,2236.17,2255.61,2226.29,2270.27,20971511000.0,167300577600.0,0.006398158187099323
sh000001,2013-09-11,2244.96,2241.27,2233.00,2258.08,24434945500.0,195427637500.0,0.0014700756932590764
sh000001,2013-09-10,2214.81,2237.98,2202.82,2238.55,23720664900.0,191083879000.0,0.011507240612514291
sh000001,2013-09-09,2151.35,2212.52,2151.35,2218.53,21942708600.0,178881745300.0,0.033892681741503505
sh000001,2013-09-06,2119.33,2139.99,2119.02,2143.24,14326066000.0,119152339900.0,0.00827353552296195
sh000001,2013-09-05,2125.25,2122.43,2115.24,2127.86,12654410400.0,105776493200.0,-0.0024393453718238867
sh000001,2013-09-04,2121.68,2127.62,2115.75,2133.00,14200038600.0,116457424300.0,0.0021242422672398398
sh000001,2013-09-03,2100.45,2123.11,2095.46,2123.85,13889317500.0,112421234200.0,0.011751530891848994
sh000001,2013-09-02,2104.09,2098.45,2078.46,2108.68,14915852400.0,121084660300.0,3.335906747103934e-05
sh000001,2013-08-30,2097.22,2098.38,2089.10,2114.39,17007564900.0,132055680800.0,0.0005483423372734109
sh000001,2013-08-29,2108.44,2097.23,2088.24,2110.89,13326821900.0,105259324000.0,-0.001936896207110017
sh000001,2013-08-28,2092.31,2101.3,2080.86,2113.82,16139202600.0,132239100500.0,-0.0010791178805554802
sh000001,2013-08-27,2095.44,2103.57,2090.43,2105.38,12634196600.0,104591620300.0,0.003386645170214919
sh000001,2013-08-26,2061.42,2096.47,2056.13,2097.34,11993265200.0,99157897700.0,0.018960271402603146
sh000001,2013-08-23,2075.93,2057.46,2029.37,2079.85,11242635100.0,94571635900.0,-0.00467316846627186
sh000001,2013-08-22,2069.31,2067.12,2062.37,2083.33,9092830700.0,76018375000.0,-0.0028172275393640867
sh000001,2013-08-21,2076.27,2072.96,2056.91,2076.32,8744599100.0,72860722900.0,0.0001736948760011625
sh000001,2013-08-20,2081.97,2072.6,2066.07,2098.98,10738177300.0,89117930500.0,-0.006233218258534734
sh000001,2013-08-19,2055.13,2085.6,2052.70,2091.13,9744678300.0,81501386200.0,0.008291232565447615
sh000001,2013-08-16,2075.98,2068.45,2061.65,2198.85,15306332600.0,123125127300.0,-0.006450900147943361
sh000001,2013-08-15,2099.28,2081.88,2079.97,2108.41,9939665600.0,84735663100.0,-0.008694658451341208
sh000001,2013-08-14,2109.23,2100.14,2093.04,2122.97,11443780200.0,95791169700.0,-0.0028582823717095973
sh000001,2013-08-13,2101.32,2106.16,2093.80,2106.40,11770887500.0,96430370000.0,0.0023223939693899354
sh000001,2013-08-12,2058.42,2101.28,2055.72,2102.35,13512897400.0,116489710200.0,0.02389584064242012
sh000001,2013-08-09,2052.24,2052.24,2030.13,2061.71,9531642300.0,83036019700.0,0.0035894175754314084
sh000001,2013-08-08,2044.44,2044.9,2037.25,2058.56,8413329000.0,71954924300.0,-0.0009185159127995668
sh000001,2013-08-07,2056.37,2046.78,2043.75,2069.56,10771259400.0,91260307600.0,-0.00665857801504488
sh000001,2013-08-06,2043.65,2060.5,2034.96,2066.74,10558097500.0,88690559200.0,0.004886660684327637
sh000001,2013-08-05,2031.72,2050.48,2025.23,2050.91,8551796800.0,73277096100.0,0.010377349193365637
sh000001,2013-08-02,2039.51,2029.42,2025.65,2047.08,9359276700.0,78906252100.0,0.00017249281690623341
sh000001,2013-08-01,2000.82,2029.07,1997.06,2029.93,9125668600.0,77395281400.0,0.01768983849934802
sh000001,2013-07-31,2000.79,1993.8,1987.88,2015.47,7016060300.0,59394334200.0,0.0018793403213972493
sh000001,2013-07-30,1981.45,1990.06,1965.36,2006.23,7721978400.0,66157865300.0,0.006957410527700603
sh000001,2013-07-29,1997.84,1976.31,1969.85,1997.84,7868327400.0,65866980400.0,-0.01717681577442376
sh000001,2013-07-26,2013.19,2010.85,2000.80,2021.57,7380042900.0,65538619600.0,-0.0051059534823889585
sh000001,2013-07-25,2037.34,2021.17,2016.43,2045.37,9854536600.0,86249516100.0,-0.005980337672684688
sh000001,2013-07-24,2035.69,2033.33,2010.42,2042.77,10665577900.0,93700581500.0,-0.005161751179129981
sh000001,2013-07-23,2008.96,2043.88,2005.09,2051.53,10951736000.0,92711261500.0,0.019513557732596443
sh000001,2013-07-22,1977.73,2004.76,1970.64,2005.47,8292219000.0,69649507400.0,0.0060773342031967825
sh000001,2013-07-19,2025.32,1992.65,1990.25,2035.22,10457757100.0,87481520000.0,-0.015197192843728335
sh000001,2013-07-18,2038.40,2023.4,2016.90,2043.37,9213204900.0,76618528700.0,-0.01052363906656495
sh000001,2013-07-17,2061.19,2044.92,2043.23,2075.81,10325132100.0,87993978100.0,-0.010069128439478603
sh000001,2013-07-16,2054.60,2065.72,2038.54,2066.36,9673739900.0,82870901000.0,0.0030737257148960584
sh000001,2013-07-15,2046.12,2059.39,2037.25,2076.67,10147035700.0,88023339300.0,0.00975734129610828
sh000001,2013-07-12,2068.04,2039.49,2036.05,2074.86,12117417500.0,102972652400.0,-0.01616023232142938
sh000001,2013-07-11,2011.02,2072.99,2010.40,2092.87,15997077300.0,131049067800.0,0.03229870576108107
sh000001,2013-07-10,1962.84,2008.13,1960.28,2009.36,8979798100.0,72807806800.0,0.021715128850899212
sh000001,2013-07-09,1953.60,1965.45,1946.37,1969.15,6453873300.0,52223185800.0,0.0036665015549439683
sh000001,2013-07-08,1983.22,1958.27,1953.12,1983.22,8413649100.0,67187833900.0,-0.024377241929055438
sh000001,2013-07-05,2006.19,2007.2,2002.37,2021.54,9134522200.0,75137508100.0,0.0005483276008175775
sh000001,2013-07-04,1982.87,2006.1,1974.10,2022.14,10039418300.0,82685489800.0,0.00593199516615095
sh000001,2013-07-03,1996.51,1994.27,1965.52,1996.54,9346647100.0,76682437000.0,-0.006124910294234898
sh000001,2013-07-02,1992.89,2006.56,1978.43,2007.62,8641541800.0,73980843800.0,0.0056735029369900936
sh000001,2013-07-01,1965.99,1995.24,1957.57,1995.92,7805139300.0,62711812200.0,0.008099191091395008
sh000001,2013-06-28,1935.52,1979.21,1925.65,1987.98,10073796800.0,77513874700.0,0.014974282183168208
sh000001,2013-06-27,1955.13,1950.01,1942.37,1980.54,10581331800.0,84260408500.0,-0.0007635152446835436
sh000001,2013-06-26,1954.47,1951.5,1922.82,1959.16,10119252700.0,80892689200.0,-0.004087756633035844
sh000001,2013-06-25,1948.31,1959.51,1849.65,1963.57,13815851600.0,104743632300.0,-0.0018999205395162644
sh000001,2013-06-24,2068.86,1963.24,1958.40,2068.86,10919821500.0,87969841700.0,-0.052993102117601665
sh000001,2013-06-21,2058.98,2073.1,2042.88,2085.86,7967322400.0,67440066200.0,-0.005239872937879753
sh000001,2013-06-20,2132.81,2084.02,2082.83,2132.81,7778793000.0,68164538400.0,-0.027726329048962994
sh000001,2013-06-19,2150.82,2143.45,2115.79,2150.82,7542501600.0,67080569300.0,-0.007335744619759388
sh000001,2013-06-18,2158.55,2159.29,2138.35,2161.68,6963227100.0,63582678099.99999,0.0014237879251655094
sh000001,2013-06-17,2165.99,2156.22,2147.03,2169.36,7575779000.0,68440143900.0,-0.002691902092468279
sh000001,2013-06-14,2150.06,2162.04,2142.78,2163.85,7785747200.0,68747761900.0,0.0063676478802434655
sh000001,2013-06-13,2190.10,2148.36,2126.22,2190.10,9437109400.0,79714527200.0,-0.028287122891130334
sh000001,2013-06-07,2242.26,2210.9,2205.07,2250.63,8997807700.0,81058352200.0,-0.013919923643353815
sh000001,2013-06-06,2264.43,2242.11,2240.07,2266.69,8153869400.0,75261584800.0,-0.012690835913039877
sh000001,2013-06-05,2270.71,2270.93,2260.87,2276.87,7648330300.0,71142676100.0,-0.0006556886491054792
sh000001,2013-06-04,2297.10,2272.42,2264.76,2297.10,10189581800.0,92377181600.0,-0.011669022507339366
sh000001,2013-06-03,2300.21,2299.25,2294.11,2313.43,9688281400.0,91648607700.0,-0.0005868034425801083
sh000001,2013-05-31,2320.74,2300.6,2299.37,2325.53,10816255400.0,100703985200.0,-0.007399417538561104
sh000001,2013-05-30,2316.25,2317.75,2310.49,2325.72,11191303200.0,103546766800.0,-0.002697911377698925
sh000001,2013-05-29,2323.54,2324.02,2321.17,2334.34,12525072900.0,114311551700.0,0.0011631313218340988
sh000001,2013-05-28,2293.40,2321.32,2281.47,2322.10,13263299500.0,120352501400.0,0.012315313900954195
sh000001,2013-05-27,2286.66,2293.08,2283.94,2301.70,10732506100.0,99920157600.0,0.001988175815916593
sh000001,2013-05-24,2281.45,2288.53,2270.25,2292.60,10144121300.0,92021526800.0,0.005651082977760513
sh000001,2013-05-23,2293.81,2275.67,2274.10,2304.95,12401984400.0,111052053000.0,-0.011609624739402413
sh000001,2013-05-22,2303.75,2302.4,2292.43,2314.18,12836002600.0,115290459200.0,-0.0011756488844349988
sh000001,2013-05-21,2297.11,2305.11,2290.12,2305.30,12417317600.0,113025213300.0,0.002226096635203012
sh000001,2013-05-20,2286.33,2299.99,2281.90,2309.39,13915051400.0,128843530399.99998,0.007499331981234203
sh000001,2013-05-17,2249.81,2282.87,2248.41,2288.09,12612600600.0,111248809100.0,0.013793348461903943
sh000001,2013-05-16,2221.34,2251.81,2210.77,2252.87,11028437600.0,102255271600.0,0.012140417116145219
sh000001,2013-05-15,2217.09,2224.8,2213.58,2225.19,7172289300.0,66658264000.0,0.0035137414806427625
sh000001,2013-05-14,2238.90,2217.01,2205.87,2239.93,8324497500.0,75660470700.0,-0.011111011989722974
sh000001,2013-05-13,2247.68,2241.92,2231.36,2250.85,8621122400.0,79191481200.0,-0.0021853010686165852
sh000001,2013-05-10,2228.82,2246.83,2225.81,2247.67,9033547600.0,81280141900.0,0.00620697994151298
sh000001,2013-05-09,2246.96,2232.97,2221.38,2247.86,9853163700.0,91165292600.0,-0.0059342029114545225
sh000001,2013-05-08,2242.39,2246.3,2235.42,2255.21,9037193300.0,81390848400.0,0.004795176195886652
sh000001,2013-05-07,2227.86,2235.58,2219.44,2240.26,8645235600.0,79040924800.0,0.0019765414558281513
sh000001,2013-05-06,2212.50,2231.17,2212.50,2236.07,9226814600.0,81625607400.0,0.011639084107912145
sh000001,2013-05-03,2179.05,2205.5,2179.05,2222.81,8858346400.0,78315703400.0,0.014433425937850686
sh000001,2013-05-02,2170.78,2174.12,2161.14,2179.65,6833793600.0,59877609900.0,-0.0017402004674206273
sh000001,2013-04-26,2203.89,2177.91,2173.86,2210.58,7667397000.0,65251506900.00001,-0.009730324510869415
sh000001,2013-04-25,2213.19,2199.31,2191.85,2224.63,9670418800.0,84483236300.00002,-0.008569548126510229
sh000001,2013-04-24,2187.35,2218.32,2184.11,2226.12,9160026100.0,78977211800.0,0.015463209645966813
sh000001,2013-04-23,2242.62,2184.54,2182.81,2242.62,9654131500.0,82217516700.0,-0.025702779004268206
sh000001,2013-04-22,2236.40,2242.17,2232.26,2245.12,9523373000.0,82244998200.0,-0.0011003991731413088
sh000001,2013-04-19,2201.12,2244.64,2200.58,2250.11,10966055600.0,95383012000.0,0.021405169275573233
sh000001,2013-04-18,2181.82,2197.6,2175.44,2206.03,7161692700.0,61888122699.99999,0.0017321542528943024
sh000001,2013-04-17,2195.03,2193.8,2178.47,2197.51,6831418100.0,59986556200.0,-0.00047839260086102176
sh000001,2013-04-16,2169.63,2194.85,2165.78,2196.43,7999217800.0,66955845000.0,0.005916752981291795
sh000001,2013-04-15,2199.91,2181.94,2177.39,2204.99,7163232300.0,58162177699.99999,-0.011256219469090722
sh000001,2013-04-12,2218.10,2206.78,2204.44,2226.26,6684634000.0,56196878000.0,-0.005753418485729078
sh000001,2013-04-11,2236.98,2219.55,2217.26,2242.48,7363270400.0,62132700199.99999,-0.0029558022217929247
sh000001,2013-04-10,2224.93,2226.13,2212.56,2233.04,8061962100.0,71090219600.0,0.00016174177924943578
sh000001,2013-04-09,2215.47,2225.77,2215.47,2234.73,8289654400.0,73135035400.0,0.006411676667013255
sh000001,2013-04-08,2196.24,2211.59,2180.67,2212.59,8625747000.0,73666170000.0,-0.006156500950437849
sh000001,2013-04-03,2232.69,2225.29,2217.25,2241.34,8179526700.0,68801356900.0,-0.0010997692728953457
sh000001,2013-04-02,2234.90,2227.74,2220.44,2253.42,8971432300.0,77596667300.0,-0.0029806659505908772
sh000001,2013-04-01,2229.46,2234.4,2227.31,2243.95,7741177400.0,66997534000.0,-0.0009925691445126228
sh000001,2013-03-29,2238.49,2236.62,2228.81,2246.87,8556547300.0,73358185100.0,0.00014309350266050735
sh000001,2013-03-28,2273.55,2236.3,2232.91,2273.55,12765869800.0,107593508400.0,-0.028228014218297792
sh000001,2013-03-27,2299.38,2301.26,2289.00,2323.48,9633119500.0,85708419400.0,0.001562452397428693
sh000001,2013-03-26,2318.58,2297.67,2281.12,2319.99,10444901500.0,91811327600.0,-0.012485387154449024
sh000001,2013-03-25,2334.74,2326.72,2319.91,2344.89,9703152600.0,85418622400.0,-0.0006700225058843268
sh000001,2013-03-22,2321.40,2328.28,2314.97,2332.00,10116729900.0,85951321500.0,0.0017382025952570324
sh000001,2013-03-21,2318.21,2324.24,2311.60,2330.81,11920091000.0,104786065200.0,0.0029645675917095993
sh000001,2013-03-20,2257.74,2317.37,2257.42,2317.86,13124128400.0,113974254000.0,0.02655231834431193
sh000001,2013-03-19,2244.26,2257.43,2232.02,2261.31,8758210500.0,75512072300.0,0.007772252033463989
sh000001,2013-03-18,2267.29,2240.02,2239.21,2276.05,9312277200.0,81486175700.0,-0.016845154494382064
sh000001,2013-03-15,2269.31,2278.4,2250.00,2312.08,11647781300.0,101578107300.0,0.0035766513381609855
sh000001,2013-03-14,2255.77,2270.28,2253.31,2276.22,8029408600.0,69218592800.0,0.002787139405557637
sh000001,2013-03-13,2282.17,2263.97,2253.25,2286.33,9097278800.0,77688955800.0,-0.00990111999860066
sh000001,2013-03-12,2309.16,2286.61,2264.83,2333.29,11766445600.0,100637092899.99998,-0.010378301645899923
sh000001,2013-03-11,2314.68,2310.59,2296.58,2320.96,8411190300.0,73919947400.0,-0.0034589689512251054
sh000001,2013-03-08,2326.42,2318.61,2314.59,2333.67,9879414800.0,88438607000.0,-0.0024437570182721524
sh000001,2013-03-07,2340.44,2324.29,2304.27,2352.02,13975634800.0,126085892200.0,-0.00975212808561754
sh000001,2013-03-06,2333.62,2347.18,2321.60,2351.44,14133369200.0,125364797800.0,0.008971289295063745
sh000001,2013-03-05,2274.81,2326.31,2270.10,2328.14,13113659800.0,116721195600.0,0.02327351104073183
sh000001,2013-03-04,2332.08,2273.4,2259.25,2333.54,16175002500.0,143046508700.0,-0.036494865459353876
sh000001,2013-03-01,2364.54,2359.51,2330.86,2369.65,12031275200.0,111531114200.0,-0.0025701833369264904
sh000001,2013-02-28,2322.32,2365.59,2308.92,2366.16,12695049400.0,115918268400.0,0.022639437666975182
sh000001,2013-02-27,2297.77,2313.22,2292.03,2324.63,9782488700.0,88262924200.0,0.00866857945180377
sh000001,2013-02-26,2313.74,2293.34,2289.89,2340.71,11763866700.0,105917189200.0,-0.013964967194365907
sh000001,2013-02-25,2320.62,2325.82,2315.01,2338.78,8836737400.0,77642340900.0,0.00503854530369563
sh000001,2013-02-22,2322.94,2314.16,2308.76,2330.88,9698182800.0,87579821000.0,-0.005068896579892068
sh000001,2013-02-21,2378.82,2325.95,2309.17,2378.82,14405947800.0,126627831400.0,-0.02971408071150272
sh000001,2013-02-20,2383.49,2397.18,2370.61,2397.94,11028057700.0,97222299000.0,0.005988476274806809
sh000001,2013-02-19,2420.26,2382.91,2373.53,2427.08,12347333400.0,106330945000.0,-0.015960785609276718
sh000001,2013-02-18,2441.91,2421.56,2415.43,2444.80,11617499400.0,103657025100.0,-0.004456503864496031
sh000001,2013-02-08,2416.62,2432.4,2414.40,2443.03,10907038600.0,98965224600.00002,0.005734888548002193
sh000001,2013-02-07,2430.69,2418.53,2394.22,2433.89,12000863400.0,109335068100.0,-0.0065517071407446
sh000001,2013-02-06,2432.68,2434.48,2427.70,2441.73,11657996600.0,104583536900.0,0.0005548408839641805
sh000001,2013-02-05,2411.00,2433.13,2403.30,2437.42,15075450500.0,127096113100.0,0.002050944134423416
sh000001,2013-02-04,2425.92,2428.15,2417.59,2440.38,16755140200.0,152533693400.0,0.00377425569032086
sh000001,2013-02-01,2377.41,2419.02,2369.57,2421.15,14081817200.0,125554958200.0,0.01408556983675835
sh000001,2013-01-31,2383.43,2385.42,2371.23,2391.82,13970789200.0,116205037000.0,0.001234008260300179
sh000001,2013-01-30,2360.75,2382.48,2347.89,2383.76,14987890700.0,124856037000.0,0.009961932699726228
sh000001,2013-01-29,2347.22,2358.98,2337.35,2363.80,14185393400.0,124916965399.99998,0.005318559556786617
sh000001,2013-01-28,2295.35,2346.5,2295.35,2346.92,12838376000.0,116916369700.0,0.024091127307641846
sh000001,2013-01-25,2300.00,2291.3,2288.26,2308.38,9260574100.0,80267388600.0,-0.0049074958742290065
sh000001,2013-01-24,2320.26,2302.6,2287.30,2362.94,16103167400.0,135604340900.0,-0.007889146929437096
sh000001,2013-01-23,2308.52,2320.91,2296.49,2325.12,11817972200.0,96956218699.99998,0.002492289883117227
sh000001,2013-01-22,2326.49,2315.14,2301.30,2335.81,14946658400.0,123370049400.0,-0.005618025787941017
sh000001,2013-01-21,2321.49,2328.22,2305.10,2329.58,13468045800.0,113016061500.0,0.004812111848153
sh000001,2013-01-18,2295.81,2317.07,2285.97,2324.51,12543802600.0,105391533500.0,0.01407495262395475
sh000001,2013-01-17,2305.14,2284.91,2275.88,2305.60,11910183500.0,103214052400.0,-0.010647326261095547
sh000001,2013-01-16,2322.16,2309.5,2279.51,2326.76,15351116700.0,133107693500.0,-0.006957105018747134
sh000001,2013-01-15,2312.47,2325.68,2309.32,2332.78,16564598100.0,141013966800.0,0.006030089889001333
sh000001,2013-01-14,2236.29,2311.74,2235.11,2317.62,14474988900.0,123614926900.0,0.03064645563976809
sh000001,2013-01-11,2285.19,2243.0,2234.95,2290.21,12506827500.0,101550951800.0,-0.017804752020878722
sh000001,2013-01-10,2274.38,2283.66,2268.65,2295.48,12006667600.0,98236402899.99998,0.0036565963768051546
sh000001,2013-01-09,2271.30,2275.34,2259.05,2283.90,12201492400.0,102823099500.0,-0.000320728272856341
sh000001,2013-01-08,2284.65,2276.07,2262.98,2289.14,12290787700.0,106428762700.0,-0.004065005075786776
sh000001,2013-01-07,2271.66,2285.36,2266.86,2293.32,11816281300.0,96872865900.0,0.0036759054716974937
sh000001,2013-01-04,2289.51,2276.99,2256.56,2296.11,13946993100.0,114627764000.0,0.0034638826334321138
sh000001,2012-12-31,2236.46,2269.13,2236.46,2269.51,12803140200.0,105541831800.0,0.01606627112951986
sh000001,2012-12-28,2207.91,2233.25,2204.00,2234.87,11592493400.0,91970152899.99998,0.012398567478126843
sh000001,2012-12-27,2223.66,2205.9,2204.79,2234.72,12902350100.0,100393985399.99998,-0.005961795838909878
sh000001,2012-12-26,2211.59,2219.13,2206.79,2220.48,12185863000.0,97153766100.0,0.0024936641955899397
sh000001,2012-12-25,2154.32,2213.61,2146.86,2220.26,14332770800.0,114873959500.0,0.0252703735439197
sh000001,2012-12-24,2150.65,2159.05,2149.83,2170.39,7846966400.0,67970652000.0,0.002665663559821896
sh000001,2012-12-21,2169.57,2153.31,2148.17,2190.40,10337287200.0,84574353500.0,-0.0069361496068438555
sh000001,2012-12-20,2156.19,2168.35,2142.95,2174.82,9938418300.0,80073490900.0,0.0028257732721621576
sh000001,2012-12-19,2158.67,2162.24,2154.29,2175.40,9439152200.0,75813180700.0,-0.00010173598586804555
sh000001,2012-12-18,2155.86,2162.46,2144.73,2183.71,12609946700.0,99028894200.0,0.0009813270133405272
sh000001,2012-12-17,2152.10,2160.34,2151.94,2169.57,14424221800.0,110556699900.0,0.004514956082636301
sh000001,2012-12-14,2062.69,2150.63,2062.54,2152.50,16087381200.0,117707099300.0,0.04324562935366827
sh000001,2012-12-13,2077.42,2061.48,2059.47,2081.36,7227232400.0,52179639400.00001,-0.010202954775702988
sh000001,2012-12-12,2073.27,2082.73,2066.39,2085.93,7855914200.0,57115139800.00001,0.0038704390996289195
sh000001,2012-12-11,2077.56,2074.7,2070.19,2088.64,9337083000.0,67930370599.99999,-0.004352687676663081
sh000001,2012-12-10,2067.32,2083.77,2064.62,2087.01,11538322600.0,81469437300.0,0.01066063954136931
sh000001,2012-12-07,2028.77,2061.79,2023.96,2065.75,11515728900.0,82158975500.0,0.016040488064497094
sh000001,2012-12-06,2029.56,2029.24,2018.38,2036.61,8145921900.0,58452526300.0,-0.001314034578303258
sh000001,2012-12-05,1973.11,2031.91,1970.20,2040.60,11997304000.0,85475970200.0,0.02874226637099131
sh000001,2012-12-04,1956.62,1975.14,1949.46,1980.12,6237812300.0,43054547400.0,0.007842757058226235
sh000001,2012-12-03,1977.25,1959.77,1957.88,1988.19,6165337500.0,43027553600.0,-0.010277154919903775
sh000001,2012-11-30,1961.81,1980.12,1959.33,1983.42,5689341600.0,37739106800.0,0.008469612781323077
sh000001,2012-11-29,1972.93,1963.49,1961.82,1980.56,4954008800.0,33179658000.0,-0.005082289513154148
sh000001,2012-11-28,1984.48,1973.52,1968.21,1984.86,5050558700.0,34492569700.0,-0.008864135156716912
sh000001,2012-11-27,2012.08,1991.17,1990.34,2014.21,5662742200.0,39089182600.0,-0.013031237298385068
sh000001,2012-11-26,2023.34,2017.46,2014.03,2027.27,4477955100.0,33110722000.0,-0.004893014629719139
sh000001,2012-11-23,2020.02,2027.38,2017.00,2034.88,5155146900.0,38278378100.0,0.0058394233011347385
sh000001,2012-11-22,2021.21,2015.61,2009.72,2023.09,4557784700.0,33727414000.0,-0.0072451633240080415
sh000001,2012-11-21,2008.21,2030.32,1995.17,2031.15,5328202100.0,39658621500.0,0.010652489895067951
sh000001,2012-11-20,2020.43,2008.92,2004.17,2023.61,4258063500.0,33372963500.0,-0.003996073337365735
sh000001,2012-11-19,2013.25,2016.98,1995.72,2018.38,4532701800.0,36090720200.0,0.0011167749524749748
sh000001,2012-11-16,2026.56,2014.73,2001.72,2028.69,4958168000.0,36821292700.0,-0.00766392978342989
sh000001,2012-11-15,2045.46,2030.29,2029.87,2053.56,5055685700.0,37082797700.0,-0.012226211674499665
sh000001,2012-11-14,2047.26,2055.42,2040.17,2056.49,4809300000.0,35883690700.0,0.0036769553052165005
sh000001,2012-11-13,2078.13,2047.89,2044.04,2078.13,6108729300.0,44605159100.0,-0.015091835115208618
sh000001,2012-11-12,2069.21,2079.27,2061.84,2079.57,5669485500.0,42083753200.0,0.004929751047572095
sh000001,2012-11-09,2066.50,2069.07,2062.42,2077.23,5422346000.0,39065354600.0,-0.0011778847314278806
sh000001,2012-11-08,2091.25,2071.51,2070.65,2092.56,6659456100.0,49276099900.0,-0.016250896363731226
sh000001,2012-11-07,2102.42,2105.73,2093.29,2112.63,5938012800.0,47163781100.0,-0.00012820512820510555
sh000001,2012-11-06,2113.66,2106.0,2078.47,2114.79,7134385000.0,53697998800.0,-0.0037984323779701734
sh000001,2012-11-05,2113.33,2114.03,2104.58,2123.33,7153876200.0,53222132000.0,-0.0014265133086134307
sh000001,2012-11-02,2105.45,2117.05,2096.53,2119.22,7655722000.0,55869885500.0,0.005996873262593905
sh000001,2012-11-01,2070.02,2104.43,2069.95,2109.50,8288667000.0,62606643900.0,0.017183210239356317
sh000001,2012-10-31,2061.12,2068.88,2053.58,2070.48,5952723400.0,43159088500.0,0.0031662908817611246
sh000001,2012-10-30,2059.20,2062.35,2054.26,2075.91,6056909200.0,42767334900.0,0.0016561920211370929
sh000001,2012-10-29,2061.85,2058.94,2053.09,2068.24,5363500900.0,39078111000.0,-0.0035185194147738796
sh000001,2012-10-26,2100.10,2066.21,2058.06,2102.16,7860643500.0,54248873700.0,-0.01683019442514677
sh000001,2012-10-25,2114.76,2101.58,2100.61,2128.74,8539310900.0,55690216600.0,-0.006810051087197899
sh000001,2012-10-24,2106.83,2115.99,2104.67,2124.00,7288661800.0,49728088900.0,0.0007283217858071733
sh000001,2012-10-23,2132.11,2114.45,2111.92,2136.22,7268380600.0,54013091700.0,-0.008585119750933234
sh000001,2012-10-22,2118.52,2132.76,2112.75,2138.03,6011722200.0,47534435100.0,0.00209556923366061
sh000001,2012-10-19,2129.82,2128.3,2125.74,2136.87,6764127900.0,50605600300.0,-0.0015902875183538834
sh000001,2012-10-18,2108.50,2131.69,2107.49,2137.69,8719109200.0,65711759600.0,0.012381151394838641
sh000001,2012-10-17,2104.28,2105.62,2088.04,2113.16,5987406500.0,47070596500.0,0.0032446958038125917
sh000001,2012-10-16,2097.05,2098.81,2089.70,2111.78,5781843800.0,47242197200.0,5.241339877071205e-05
sh000001,2012-10-15,2105.02,2098.7,2085.12,2107.20,5394075100.0,42308632800.0,-0.0029597183754329626
sh000001,2012-10-12,2109.07,2104.93,2092.51,2127.31,6826297200.0,51434044800.00001,0.0009796135757322855
sh000001,2012-10-11,2114.23,2102.87,2101.14,2117.84,7449702900.0,56744435900.0,-0.008052114682491118
sh000001,2012-10-10,2111.59,2119.94,2102.53,2121.99,7891203500.0,60531573700.0,0.0022267082066724786
sh000001,2012-10-09,2081.59,2115.23,2081.59,2119.34,8456378800.0,67520373300.0,0.019672968829841597
sh000001,2012-10-08,2084.85,2074.42,2063.09,2096.26,5513161200.0,44793732500.0,-0.005632331018085801
sh000001,2012-09-28,2042.89,2086.17,2040.35,2089.63,7944895200.0,64802323500.0,0.014516223155929042
sh000001,2012-09-27,2003.10,2056.32,2002.32,2068.07,7669145700.0,60338935900.0,0.02602074674304089
sh000001,2012-09-26,2027.86,2004.17,1999.48,2033.04,5040082800.0,38415066400.0,-0.012378713737316915
sh000001,2012-09-25,2028.63,2029.29,2021.81,2039.10,4821940800.0,38445162500.0,-0.001918168002006726
sh000001,2012-09-24,2015.77,2033.19,2005.26,2040.85,5763777900.0,45575601300.0,0.0032071999171061627
sh000001,2012-09-21,2020.55,2026.69,2018.26,2041.95,6028945600.0,47695123400.0,0.0009136524367359122
sh000001,2012-09-20,2060.31,2024.84,2023.09,2060.31,6748265900.0,53959071000.0,-0.020789910195712413
sh000001,2012-09-19,2061.06,2067.83,2055.20,2069.95,5224362900.0,43550876100.0,0.004025170669178513
sh000001,2012-09-18,2069.34,2059.54,2053.66,2074.76,5379485000.0,43632379800.00001,-0.00912196295405343
sh000001,2012-09-17,2120.62,2078.5,2077.48,2121.58,7639223300.0,62461134400.00001,-0.021352732066765467
sh000001,2012-09-14,2127.39,2123.85,2111.12,2136.23,9124827100.0,76179406800.0,0.006382736758308916
sh000001,2012-09-13,2123.84,2110.38,2110.00,2130.08,7904497200.0,64590831400.0,-0.00760386541581437
sh000001,2012-09-12,2129.69,2126.55,2109.14,2137.89,8411474200.0,69157408700.0,0.002829454622621519
sh000001,2012-09-11,2127.52,2120.55,2107.22,2127.52,8042663800.0,65762864400.00001,-0.006716973708247087
sh000001,2012-09-10,2128.06,2134.89,2120.49,2140.17,10358002600.0,86110737800.0,0.003350941835545296
sh000001,2012-09-07,2062.99,2127.76,2062.99,2145.00,13993262400.0,111136695800.0,0.03696050528285699
sh000001,2012-09-06,2040.67,2051.92,2036.37,2052.95,5609181700.0,42728537000.0,0.006988339680420896
sh000001,2012-09-05,2038.87,2037.68,2029.05,2048.32,5764980300.0,44886467600.0,-0.0029212438529102602
sh000001,2012-09-04,2060.61,2043.65,2039.27,2063.82,5746218400.0,47574484900.0,-0.007527377801520019
sh000001,2012-09-03,2044.83,2059.15,2041.16,2066.78,6063549800.0,47911475400.0,0.005680042197390156
sh000001,2012-08-31,2046.29,2047.52,2044.65,2059.30,4614390400.0,35269787900.0,-0.002470050034346971
sh000001,2012-08-30,2044.03,2052.59,2032.54,2060.19,6196379200.0,50764221800.0,-0.0003165728312324312
sh000001,2012-08-29,2066.82,2053.24,2051.77,2073.95,5220980800.0,41622140100.0,-0.009603743096254669
sh000001,2012-08-28,2054.97,2073.15,2052.49,2083.96,5442210400.0,42097864000.0,0.008483686901362475
sh000001,2012-08-27,2085.37,2055.71,2055.38,2085.37,6031483300.0,47863250900.0,-0.017394006022656616
sh000001,2012-08-24,2108.36,2092.1,2089.22,2109.82,6017894800.0,49673673000.0,-0.009923949514214048
sh000001,2012-08-23,2106.96,2113.07,2097.08,2118.74,5847229900.0,50332396300.0,0.0025430443467080455
sh000001,2012-08-22,2118.88,2107.71,2097.61,2121.15,5844141200.0,48951230000.0,-0.004985200186944927
sh000001,2012-08-21,2106.38,2118.27,2103.07,2124.20,6075650500.0,51476983800.0,0.005367923453696299
sh000001,2012-08-20,2102.23,2106.96,2089.02,2110.78,4671749900.0,39258125500.0,-0.0037496039983165863
sh000001,2012-08-17,2111.65,2114.89,2100.79,2120.71,4439063400.0,39157482600.0,0.0012735536407537662
sh000001,2012-08-16,2116.08,2112.2,2109.66,2122.68,4517300900.0,38983892600.0,-0.003185540008022847
sh000001,2012-08-15,2138.28,2118.95,2118.50,2139.14,5460939400.0,45974551700.0,-0.011001064167429075
sh000001,2012-08-14,2137.05,2142.52,2119.25,2144.01,6757158900.0,59676955700.0,0.0030148683569903856
sh000001,2012-08-13,2164.04,2136.08,2134.55,2164.04,7135232200.0,63097889100.0,-0.01509122514189809
sh000001,2012-08-10,2172.96,2168.81,2165.28,2176.79,6836855900.0,60929040700.0,-0.0024331907455958923
sh000001,2012-08-09,2159.43,2174.1,2148.69,2175.54,7252924600.0,65269645700.0,0.006066663890161417
sh000001,2012-08-08,2158.98,2160.99,2153.02,2168.73,7286953600.0,62324848200.0,0.0015619061743958884
sh000001,2012-08-07,2153.09,2157.62,2148.90,2159.68,7504979800.0,61939172500.0,0.0012529467451227738
sh000001,2012-08-06,2129.15,2154.92,2127.26,2158.68,7184320400.0,61162418800.0,0.010371342835708841
sh000001,2012-08-03,2113.96,2132.8,2108.33,2133.27,5337132900.0,43755341400.0,0.01024071846076624
sh000001,2012-08-02,2120.15,2111.18,2103.50,2126.46,5346753900.0,41781302300.0,-0.005736191696179782
sh000001,2012-08-01,2101.72,2123.36,2101.71,2130.71,5380460200.0,44407565199.99999,0.009379025779248318
sh000001,2012-07-31,2109.33,2103.63,2100.25,2116.90,5345609700.0,43470814400.00001,-0.0029764302742769644
sh000001,2012-07-30,2128.16,2109.91,2107.63,2137.74,5199238300.0,42406106600.0,-0.008854920235254471
sh000001,2012-07-27,2132.01,2128.76,2120.63,2139.15,5207692000.0,46680223900.0,0.0012982126058327381
sh000001,2012-07-26,2134.99,2126.0,2124.16,2147.66,5288407600.0,44906166100.0,-0.0047515389836856325
sh000001,2012-07-25,2141.04,2136.15,2132.83,2151.45,4857589400.0,41112394800.0,-0.004863527734686235
sh000001,2012-07-24,2132.32,2146.59,2131.01,2158.95,5441128600.0,46650467100.0,0.002423648080694951
sh000001,2012-07-23,2154.17,2141.4,2135.56,2154.17,5567708100.0,47984498099.99999,-0.012560867640548867
sh000001,2012-07-20,2180.01,2168.64,2162.06,2185.73,6434667200.0,54549967000.0,-0.007414730598121699
sh000001,2012-07-19,2164.27,2184.84,2159.94,2197.79,7933804900.0,68350742600.0,0.0072564658153151385
sh000001,2012-07-18,2159.86,2169.1,2138.79,2170.30,6655265900.0,59282117100.0,0.003660020636778727
sh000001,2012-07-17,2142.43,2161.19,2141.48,2165.34,5518440800.0,52050624700.0,0.0061593325760256334
sh000001,2012-07-16,2187.89,2147.96,2146.15,2188.06,6748768100.0,62714719900.0,-0.017356695182762283
sh000001,2012-07-13,2180.17,2185.9,2177.92,2198.66,5754683800.0,56114765500.0,0.0001876009499015563
sh000001,2012-07-12,2172.06,2185.49,2152.68,2197.04,8213376200.0,79627358200.0,0.004647463891366055
sh000001,2012-07-11,2160.02,2175.38,2156.60,2176.49,5861447200.0,53413031900.00001,0.005054425163090626
sh000001,2012-07-10,2166.95,2164.44,2156.73,2178.20,5899397200.0,53225562100.0,-0.0029343885462108643
sh000001,2012-07-09,2210.71,2170.81,2168.61,2216.70,7511147200.0,69313222900.0,-0.023731999748153876
sh000001,2012-07-06,2203.73,2223.58,2185.52,2227.47,7655791700.0,70766413500.0,0.010098348740545493
sh000001,2012-07-05,2218.22,2201.35,2192.65,2218.22,5796793400.0,52088149200.0,-0.011655315155950419
sh000001,2012-07-04,2233.34,2227.31,2219.45,2239.27,5527365600.0,52367380300.0,-0.0008433556583333779
sh000001,2012-07-03,2225.57,2229.19,2219.05,2244.83,6270302100.0,60441034700.0,0.001383579427790993
sh000001,2012-07-02,2234.32,2226.11,2215.36,2234.87,6219620700.0,60638957800.0,0.00030555892569084087
sh000001,2012-06-29,2190.58,2225.43,2188.72,2226.49,6144188600.0,55964660599.99999,0.013475480909355797
sh000001,2012-06-28,2220.24,2195.84,2195.36,2224.16,5418218300.0,50299744700.0,-0.009513155580013644
sh000001,2012-06-27,2219.94,2216.93,2213.32,2233.54,5104912800.0,45220313800.0,-0.002313158451354047
sh000001,2012-06-26,2214.65,2222.07,2203.94,2229.24,5294079800.0,47281397800.0,-0.000917220820912612
sh000001,2012-06-25,2253.51,2224.11,2223.05,2253.51,5976895200.0,54809336000.0,-0.016263578783482502
sh000001,2012-06-21,2288.45,2260.88,2253.79,2288.45,5899201200.0,54696856200.0,-0.013956247165137325
sh000001,2012-06-20,2300.41,2292.88,2291.54,2304.46,5410395500.0,50568121900.00001,-0.003437949573841914
sh000001,2012-06-19,2313.46,2300.79,2298.39,2313.46,6013590500.0,57869602300.00001,-0.006588804214071486
sh000001,2012-06-18,2313.53,2316.05,2309.71,2325.05,6059462200.0,60309396100.0,0.003988122331317623
sh000001,2012-06-15,2299.78,2306.85,2283.40,2314.24,6868757900.0,67855914900.0,0.004747490145691424
sh000001,2012-06-14,2306.78,2295.95,2293.06,2314.59,7163372200.0,68928753600.0,-0.009905473237541762
sh000001,2012-06-13,2289.71,2318.92,2284.65,2319.71,7845434900.0,73945581900.0,0.012721690635385752
sh000001,2012-06-12,2295.07,2289.79,2280.95,2298.95,5994198200.0,55298586700.0,-0.0069692002116348295
sh000001,2012-06-11,2282.89,2305.86,2278.16,2311.77,6419796700.0,60177220500.0,0.010699335948629374
sh000001,2012-06-08,2306.22,2281.45,2276.71,2306.88,6792464100.0,63755911200.0,-0.005093474857509328
sh000001,2012-06-07,2324.67,2293.13,2288.67,2328.67,6023204800.0,59646400400.0,-0.007109610097205121
sh000001,2012-06-06,2315.56,2309.55,2301.03,2323.11,5853202800.0,58562081300.0,-0.001025121976538923
sh000001,2012-06-05,2313.74,2311.92,2304.05,2323.30,6607852800.0,64099737600.0,0.0014597907777609276
sh000001,2012-06-04,2346.98,2308.55,2308.23,2348.20,9017934700.0,86903299600.00002,-0.027340063367938483
sh000001,2012-06-01,2373.22,2373.44,2365.44,2388.09,7702192300.0,77078144800.0,0.0005100685852552633
sh000001,2012-05-31,2370.01,2372.23,2362.31,2382.99,7789022800.0,75383460200.0,-0.005216654715327507
sh000001,2012-05-30,2385.39,2384.67,2378.13,2391.69,8980979300.0,84828401300.00002,-0.002079811184948266
sh000001,2012-05-29,2361.00,2389.64,2358.37,2393.28,11715772500.0,111363644300.0,0.011971863790934956
sh000001,2012-05-28,2325.32,2361.37,2309.07,2361.74,9496210500.0,86735892400.0,0.011921750123202735
sh000001,2012-05-25,2350.54,2333.55,2327.41,2355.81,7401925200.0,68024547800.0,-0.007409707482443295
sh000001,2012-05-24,2359.68,2350.97,2344.58,2373.06,7920680500.0,76840602500.0,-0.005276207561859092
sh000001,2012-05-23,2369.26,2363.44,2350.55,2378.08,8421658000.0,84886660800.0,-0.004158748751743269
sh000001,2012-05-22,2355.73,2373.31,2354.87,2374.06,7677978000.0,75374527200.0,0.010650257633181281
sh000001,2012-05-21,2343.58,2348.3,2330.33,2360.39,7484034100.0,70052964600.0,0.0016122703154590745
sh000001,2012-05-18,2364.90,2344.52,2338.24,2369.60,8968941900.0,78956446700.0,-0.01444791478378571
sh000001,2012-05-17,2347.18,2378.89,2342.35,2383.31,8687003000.0,81458439800.0,0.013937490143594466
sh000001,2012-05-16,2369.29,2346.19,2344.50,2372.03,7673382900.0,74181725300.0,-0.012063970625389553
sh000001,2012-05-15,2367.08,2374.84,2354.61,2376.59,7792291600.0,77334728800.0,-0.002474031074502281
sh000001,2012-05-14,2408.26,2380.73,2377.98,2411.27,9052633900.0,89364340600.0,-0.005949945302257231
sh000001,2012-05-11,2406.07,2394.98,2393.38,2415.98,7486399500.0,75815758000.0,-0.006327196989498907
sh000001,2012-05-10,2409.95,2410.23,2402.20,2419.12,8169847100.0,81054861400.0,0.0006808962920215045
sh000001,2012-05-09,2432.47,2408.59,2407.51,2432.47,9790221200.0,99521226400.0,-0.016452419065041912
sh000001,2012-05-08,2451.58,2448.88,2431.02,2451.60,10485553700.0,104969661900.0,-0.0012520646832111515
sh000001,2012-05-07,2441.76,2451.95,2432.74,2451.95,10883010700.0,111395001300.00002,-2.446972075986764e-05
sh000001,2012-05-04,2437.47,2452.01,2427.97,2453.73,10220487100.0,102378296000.0,0.0048891839611817645
sh000001,2012-05-03,2433.59,2440.08,2427.73,2441.95,10224849300.0,102185836400.0,0.0006725611456503966
sh000001,2012-05-02,2421.08,2438.44,2407.79,2446.35,12800600600.0,123975243900.0,0.01757695132536541
sh000001,2012-04-27,2402.43,2396.32,2393.87,2408.42,9122835000.0,84016072400.0,-0.0034848421840560917
sh000001,2012-04-26,2408.56,2404.7,2393.26,2414.75,11552958700.0,104823228200.0,-0.0008766790897495325
sh000001,2012-04-25,2382.21,2406.81,2376.63,2411.42,13097286700.0,113070083400.0,0.007526697169744301
sh000001,2012-04-24,2380.24,2388.83,2350.40,2415.75,13372235400.0,117494693500.0,0.00010047768767340592
sh000001,2012-04-23,2403.52,2388.59,2383.07,2411.51,12290755800.0,109412433200.0,-0.0075908029548872324
sh000001,2012-04-20,2374.66,2406.86,2372.13,2407.29,11552206200.0,101772111700.0,0.011868176219084203
sh000001,2012-04-19,2378.63,2378.63,2369.46,2386.98,9427242100.0,89960919600.00002,-0.0009324400949239919
sh000001,2012-04-18,2341.14,2380.85,2337.86,2383.64,10861254400.0,93123038400.0,0.019640341072124645
sh000001,2012-04-17,2355.37,2334.99,2333.34,2363.01,8468844500.0,72470714400.0,-0.009350750732914026
sh000001,2012-04-16,2346.31,2357.03,2342.20,2364.11,8532268200.0,73752833500.0,-0.0009028637311584431
sh000001,2012-04-13,2351.51,2359.16,2346.94,2369.70,9877441400.0,92321434000.0,0.003530622835898223
sh000001,2012-04-12,2310.48,2350.86,2307.84,2351.05,9768789500.0,87315827000.0,0.01815992689254342
sh000001,2012-04-11,2286.72,2308.93,2280.03,2319.05,7513007000.0,67516503000.0,0.0013313904573564184
sh000001,2012-04-10,2281.02,2305.86,2258.85,2306.39,6734552600.0,63133960700.0,0.008784747438511209
sh000001,2012-04-09,2300.05,2285.78,2284.44,2304.65,5976063900.0,55129724500.0,-0.009004790704732146
sh000001,2012-04-06,2299.05,2306.55,2291.56,2309.64,7213652100.0,68863352300.0,0.0018720897908126588
sh000001,2012-04-05,2258.03,2302.24,2251.39,2303.82,8010145600.0,74602339800.0,0.017434229424736714
sh000001,2012-03-30,2256.04,2262.79,2246.25,2266.21,6202414700.0,55962029900.0,0.004719913327649872
sh000001,2012-03-29,2276.74,2252.16,2242.35,2280.96,7424808400.0,68018095500.0,-0.014320226882812315
sh000001,2012-03-28,2341.00,2284.88,2281.43,2341.42,8364528300.0,78231139000.0,-0.026542489285014237
sh000001,2012-03-27,2358.54,2347.18,2344.30,2363.77,6088111600.0,65159971600.0,-0.0014549476729346367
sh000001,2012-03-26,2349.09,2350.6,2339.14,2358.00,5542773300.0,54051832900.0,0.00045115214041890894
sh000001,2012-03-23,2369.08,2349.54,2342.12,2371.26,7686213900.0,74138713000.0,-0.01104063103751629
sh000001,2012-03-22,2376.99,2375.77,2364.13,2386.10,7934888000.0,76900869300.0,-0.0010217811790429465
sh000001,2012-03-21,2384.71,2378.2,2361.22,2396.72,9568653800.0,94949639300.0,0.000572188283603392
sh000001,2012-03-20,2407.54,2376.84,2376.03,2407.54,9790393500.0,94620915200.0,-0.013832991726758892
sh000001,2012-03-19,2401.22,2410.18,2383.67,2412.34,10215349000.0,102981667500.0,0.0022621988239892588
sh000001,2012-03-16,2377.76,2404.74,2368.31,2406.15,10367562200.0,102406003300.0,0.013046756846703644
sh000001,2012-03-15,2388.06,2373.77,2366.02,2403.74,12002549900.0,112260876500.0,-0.007301681561372231
sh000001,2012-03-14,2464.92,2391.23,2382.84,2476.22,17978602900.0,170736655200.0,-0.02628889277992008
sh000001,2012-03-13,2432.84,2455.79,2428.61,2457.22,10464971200.0,102576931900.0,0.0085959767707382
sh000001,2012-03-12,2438.55,2434.86,2420.84,2440.86,10622305900.0,108158111400.0,-0.0018856632205487278
sh000001,2012-03-09,2425.89,2439.46,2414.97,2440.51,10062405500.0,100411480200.0,0.007924702926934035
sh000001,2012-03-08,2401.10,2420.28,2401.10,2426.70,9678213400.0,93410826900.0,0.010643939552111181
sh000001,2012-03-07,2391.20,2394.79,2388.52,2413.70,9479063600.0,91730684700.0,-0.006496712232155755
sh000001,2012-03-06,2439.78,2410.45,2406.06,2442.00,10370901200.0,100674336000.0,-0.014130879345603309
sh000001,2012-03-05,2464.85,2445.0,2442.12,2469.84,11269332600.0,107604373400.0,-0.006376260317228155
sh000001,2012-03-02,2430.10,2460.69,2430.10,2461.12,10322837800.0,96453866900.0,0.014249089080507149
sh000001,2012-03-01,2418.79,2426.12,2418.33,2437.87,7508328900.0,71067886600.0,-0.0009759150747995493
sh000001,2012-02-29,2446.23,2428.49,2426.33,2453.07,9553695200.0,91908381800.0,-0.00953153932116857
sh000001,2012-02-28,2440.91,2451.86,2431.83,2458.65,11836199300.0,107000289100.0,0.001961537518491596
sh000001,2012-02-27,2447.41,2447.06,2444.63,2478.38,15807324400.0,144685593300.0,0.0030455437914764794
sh000001,2012-02-24,2410.88,2439.63,2405.27,2439.98,13490324900.0,121550205500.0,0.012483658774459894
sh000001,2012-02-23,2401.74,2409.55,2396.71,2416.80,11255359300.0,105469685100.0,0.002479624228757915
sh000001,2012-02-22,2380.50,2403.59,2374.03,2404.44,11868426900.0,109092241300.00002,0.009305333350130063
sh000001,2012-02-21,2365.49,2381.43,2345.05,2382.15,7934866900.0,74538521300.0,0.007543577593501327
sh000001,2012-02-20,2383.69,2363.6,2362.01,2388.01,8891158600.0,82306945800.0,0.0027235934464062694
sh000001,2012-02-17,2366.63,2357.18,2344.76,2372.51,7192483900.0,65121696800.0,0.00013577386862162477
sh000001,2012-02-16,2363.90,2356.86,2342.07,2373.80,9505116900.0,83758450000.0,-0.004157687919888353
sh000001,2012-02-15,2340.46,2366.7,2335.10,2374.28,9886102100.0,87632869300.0,0.009352729692037931
sh000001,2012-02-14,2348.88,2344.77,2332.25,2352.47,7313041300.0,66294933800.0,-0.0030146352248858754
sh000001,2012-02-13,2332.05,2351.86,2325.03,2365.34,8626358500.0,77715389600.0,-5.102084201391577e-05
sh000001,2012-02-10,2342.01,2351.98,2339.89,2368.98,9650161900.0,82222468100.0,0.0010171987453129194
sh000001,2012-02-09,2344.22,2349.59,2333.94,2363.61,9803232500.0,89658695600.0,0.0008775180721865006
sh000001,2012-02-08,2291.81,2347.53,2286.82,2350.97,8711452800.0,80885696800.0,0.024272437715432638
sh000001,2012-02-07,2319.42,2291.9,2278.83,2319.71,6732690600.0,58091080400.0,-0.01683296584503713
sh000001,2012-02-06,2334.25,2331.14,2317.42,2341.58,7573447700.0,67305626600.0,0.0003132495998559026
sh000001,2012-02-03,2306.66,2330.41,2300.98,2336.27,7894369700.0,70249339900.0,0.007718718649462053
sh000001,2012-02-02,2273.85,2312.56,2268.69,2312.56,6347187200.0,57682360400.0,0.019611301188670494
sh000001,2012-02-01,2288.07,2268.08,2263.34,2305.86,5355381100.0,48554972300.00001,-0.010699595657351346
sh000001,2012-01-31,2285.95,2292.61,2277.06,2296.38,4873832500.0,43777519900.0,0.0033128522914260827
sh000001,2012-01-30,2324.49,2285.04,2284.29,2324.49,5841368700.0,51868459400.00001,-0.014695229224878426
sh000001,2012-01-20,2300.50,2319.12,2293.89,2322.89,6992275300.0,62906415700.0,0.010034493571652536
sh000001,2012-01-19,2266.08,2296.08,2259.34,2305.71,7249886100.0,63886737699.99999,0.013104598522754252
sh000001,2012-01-18,2298.83,2266.38,2257.90,2311.58,8994042200.0,80655237000.0,-0.013922850007396459
sh000001,2012-01-17,2206.53,2298.38,2196.12,2298.38,8780356000.0,77406846600.0,0.0417869721102897
sh000001,2012-01-16,2230.43,2206.19,2206.04,2241.26,4585952200.0,42884791200.0,-0.017103422466563822
sh000001,2012-01-13,2277.08,2244.58,2225.74,2281.53,7147432200.0,64030025700.0,-0.013375765381251181
sh000001,2012-01-12,2268.74,2275.01,2265.26,2295.22,7156999400.0,63945881000.0,-0.0004569319654664783
sh000001,2012-01-11,2282.91,2276.05,2265.19,2290.64,8444178100.0,74264707800.0,-0.0042393273075675975
sh000001,2012-01-10,2221.83,2285.74,2218.27,2288.63,10958541500.0,91045903400.0,0.026888121156031897
sh000001,2012-01-09,2164.74,2225.89,2148.45,2226.22,7675983900.0,62132963500.0,0.028885088286955574
sh000001,2012-01-06,2148.15,2163.4,2132.63,2164.32,5058305400.0,39465868100.0,0.006958504968698431
sh000001,2012-01-05,2160.90,2148.45,2145.56,2183.40,5874344700.0,46603965300.0,-0.009652482956038377
sh000001,2012-01-04,2212.00,2169.39,2168.64,2217.52,4924553700.0,40632918500.0,-0.013653599585345289
sh000001,2011-12-30,2177.52,2199.42,2177.52,2200.99,5194383800.0,42698835599.99999,0.011897532159222735
sh000001,2011-12-29,2161.18,2173.56,2157.12,2181.96,4474920000.0,35989659800.0,0.0016359371615797258
sh000001,2011-12-28,2157.65,2170.01,2134.02,2170.67,4963343500.0,40007345200.0,0.0017542158885797132
sh000001,2011-12-27,2186.71,2166.21,2162.72,2196.97,4571217900.0,37400003600.0,-0.010912693882955682
sh000001,2011-12-26,2193.66,2190.11,2186.07,2213.45,4361366300.0,36403330900.0,-0.006653725088217488
sh000001,2011-12-23,2183.91,2204.78,2178.14,2219.79,5242132500.0,43478781900.00001,0.008452636875085684
sh000001,2011-12-22,2178.57,2186.3,2149.42,2201.59,5898611700.0,48023419100.0,-0.0022134495584510416
sh000001,2011-12-21,2230.18,2191.15,2188.71,2237.47,5087726200.0,46125532100.0,-0.011182663712301255
sh000001,2011-12-20,2209.70,2215.93,2206.52,2239.86,5276111300.0,46564369400.00001,-0.001041366128101573
sh000001,2011-12-19,2208.07,2218.24,2164.89,2221.45,5781846400.0,49717681300.0,-0.002966505456572288
sh000001,2011-12-16,2179.51,2224.84,2170.75,2225.54,5726590300.0,50568967300.00001,0.020147645467467612
sh000001,2011-12-15,2215.79,2180.9,2179.47,2216.91,5671218600.0,47305130400.0,-0.021368441835837193
sh000001,2011-12-14,2241.39,2228.52,2224.73,2256.74,4407982200.0,38621178600.0,-0.008925593371846396
sh000001,2011-12-13,2283.22,2248.59,2245.87,2285.81,5862747800.0,51593326500.0,-0.018742854150483823
sh000001,2011-12-12,2312.15,2291.54,2290.26,2315.81,3963257800.0,36516062500.0,-0.010249344568883934
sh000001,2011-12-09,2315.51,2315.27,2309.46,2331.26,3998855900.0,38885194100.0,-0.006245117648573828
sh000001,2011-12-08,2329.91,2329.82,2302.64,2346.65,5147352000.0,49219492900.0,-0.0012474654160574694
sh000001,2011-12-07,2325.56,2332.73,2317.81,2339.85,4157030600.0,39767464600.0,0.0029321856821631354
sh000001,2011-12-06,2326.66,2325.91,2310.16,2331.89,4591707700.0,42625594800.00001,-0.003137281793908042
sh000001,2011-12-05,2363.11,2333.23,2327.61,2363.13,5221496900.0,48641215800.0,-0.011619631797886942
sh000001,2011-12-02,2374.90,2360.66,2344.85,2378.30,5986884500.0,57320156600.0,-0.010976764452041654
sh000001,2011-12-01,2392.49,2386.86,2376.92,2423.56,9865004600.0,95200516900.0,0.022906390218607298
sh000001,2011-11-30,2406.33,2333.41,2319.44,2407.33,7661110400.0,72215263500.0,-0.03273931661132734
sh000001,2011-11-29,2398.99,2412.39,2388.20,2413.33,5512319000.0,57068885000.0,0.012320449176048909
sh000001,2011-11-28,2383.89,2383.03,2372.16,2396.83,4606466600.0,46414831600.0,0.0011805631412225015
sh000001,2011-11-25,2393.33,2380.22,2372.62,2403.94,4536255200.0,46246206900.00001,-0.007228212133219447
sh000001,2011-11-24,2379.15,2397.55,2370.70,2409.72,5215415000.0,51411098500.0,0.0010396399255134803
sh000001,2011-11-23,2415.20,2395.06,2390.65,2418.56,5054785000.0,50043359800.00001,-0.007282509129041825
sh000001,2011-11-22,2400.98,2412.63,2387.83,2414.85,5144323300.0,50689583500.0,-0.001035140965496728
sh000001,2011-11-21,2416.73,2415.13,2396.09,2419.24,5017036600.0,49511107900.0,-0.0005917502565629951
sh000001,2011-11-18,2448.39,2416.56,2411.04,2448.51,7218080700.0,70566565900.0,-0.01887497208745259
sh000001,2011-11-17,2467.70,2463.05,2459.17,2482.53,6641428500.0,65902702000.0,-0.0015849466549923141
sh000001,2011-11-16,2529.07,2466.96,2456.86,2529.46,9338210900.0,92396963100.0,-0.024824489279615558
sh000001,2011-11-15,2525.95,2529.76,2518.70,2534.06,7922775000.0,80497345500.0,0.0004152314816645575
sh000001,2011-11-14,2498.67,2528.71,2496.34,2529.63,8122981200.0,82523780200.0,0.01919728505328333
sh000001,2011-11-11,2483.96,2481.08,2472.76,2496.53,6613766800.0,65005133500.0,0.000621082942803941
sh000001,2011-11-10,2498.59,2479.54,2478.14,2507.45,8711108800.0,85463858300.0,-0.01797284666444887
sh000001,2011-11-09,2512.59,2524.92,2489.02,2527.70,7820857200.0,78141603200.0,0.008419068311074085
sh000001,2011-11-08,2514.26,2503.84,2500.02,2524.82,7867265600.0,76914038700.0,-0.002374691210455082
sh000001,2011-11-07,2518.90,2509.8,2507.62,2536.18,7886717400.0,78893506800.0,-0.007313243338382791
sh000001,2011-11-04,2525.24,2528.29,2512.90,2536.78,10187367500.0,99981183300.0,0.008053937458384564
sh000001,2011-11-03,2510.84,2508.09,2507.30,2535.24,13657632500.0,136305609700.0,0.0015893870476935135
sh000001,2011-11-02,2437.87,2504.11,2433.72,2505.12,10546820000.0,102082766300.00002,0.013801507680099911
sh000001,2011-11-01,2450.33,2470.02,2445.53,2491.36,8889241700.0,85052779100.0,0.0007171072622302876
sh000001,2011-10-31,2470.25,2468.25,2455.21,2478.31,8417256200.0,81783447200.0,-0.002086188703045555
sh000001,2011-10-28,2462.09,2473.41,2456.18,2483.76,11003272100.0,104186688300.0,0.01551972606451768
sh000001,2011-10-27,2432.47,2435.61,2426.31,2449.70,8240896100.0,75098560000.0,0.0033491522072273128
sh000001,2011-10-26,2398.19,2427.48,2394.73,2448.98,10744716800.0,98578021100.0,0.007391053546751181
sh000001,2011-10-25,2366.40,2409.67,2357.39,2414.05,9088887600.0,83635006500.0,0.016596845165019358
sh000001,2011-10-24,2322.02,2370.33,2307.15,2371.09,7087407100.0,62971553900.0,0.02289763385362953
sh000001,2011-10-21,2330.51,2317.27,2313.78,2340.31,4843672500.0,43725376600.0,-0.006047946057468279
sh000001,2011-10-20,2365.91,2331.37,2315.90,2368.64,6542521500.0,57867763700.0,-0.01940685843592682
sh000001,2011-10-19,2387.83,2377.51,2374.42,2401.69,5853463700.0,53173514700.0,-0.002508925986683175
sh000001,2011-10-18,2423.28,2383.49,2378.67,2425.65,7952574400.0,69338909200.0,-0.02331994754958211
sh000001,2011-10-17,2434.49,2440.4,2424.73,2452.99,5826768200.0,57704518700.0,0.00370982734085179
sh000001,2011-10-14,2429.89,2431.38,2409.29,2437.59,6067316000.0,58276063500.0,-0.0030383919894700906
sh000001,2011-10-13,2412.83,2438.79,2406.28,2439.64,8786010600.0,82192311800.0,0.007764462809917383
sh000001,2011-10-12,2335.49,2420.0,2318.63,2421.69,9150856800.0,84438390300.0,0.030436189600258956
sh000001,2011-10-11,2401.74,2348.52,2323.41,2412.38,6397580600.0,62773516000.0,0.001590760793077406
sh000001,2011-10-10,2363.08,2344.79,2338.69,2368.15,4174530600.0,39926413200.0,-0.006116428311051858
sh000001,2011-09-30,2368.40,2359.22,2348.22,2377.54,4881837200.0,46104608500.0,-0.00258736587551911
sh000001,2011-09-29,2378.42,2365.34,2358.57,2387.54,5919123900.0,57021447500.0,-0.011170288370693005
sh000001,2011-09-28,2427.29,2392.06,2383.40,2430.27,5575844700.0,55720881100.0,-0.00951947164654987
sh000001,2011-09-27,2410.99,2415.05,2395.16,2423.91,5523143200.0,55315102100.0,0.009138468481267648
sh000001,2011-09-26,2416.23,2393.18,2384.64,2441.73,5742504200.0,58915927600.0,-0.016431307435598175
sh000001,2011-09-23,2411.83,2433.16,2400.14,2440.75,6730269300.0,67947197800.0,-0.004052295072572987
sh000001,2011-09-22,2491.21,2443.06,2442.46,2499.98,7469540900.0,74891290600.0,-0.0278158028778811
sh000001,2011-09-21,2450.12,2512.96,2438.85,2517.67,8668927600.0,88188034900.0,0.02664079256460017
sh000001,2011-09-20,2433.72,2447.75,2426.70,2460.03,4626589200.0,47956372400.0,0.004085667756451583
sh000001,2011-09-19,2469.60,2437.79,2437.17,2469.60,4874682200.0,48599667200.0,-0.0179467760258466
sh000001,2011-09-16,2490.18,2482.34,2475.76,2499.48,4798685400.0,49584868800.0,0.0013271212762953066
sh000001,2011-09-15,2482.86,2479.05,2477.65,2496.57,5600368800.0,55860904600.0,-0.0023261148650006724
sh000001,2011-09-14,2478.59,2484.83,2439.37,2485.93,5406597700.0,54761652500.0,0.005474851292841754
sh000001,2011-09-13,2467.73,2471.3,2453.80,2477.08,4993091900.0,51851701400.0,-0.010589530577519657
sh000001,2011-09-09,2506.97,2497.75,2487.15,2528.42,5125338000.0,53535159300.0,-0.0004762019096097303
sh000001,2011-09-08,2523.96,2498.94,2498.11,2524.38,5527195200.0,60046842300.00001,-0.006816131378448387
sh000001,2011-09-07,2480.94,2516.09,2475.22,2516.75,5966586000.0,61951469200.0,0.018445509447403863
sh000001,2011-09-06,2465.56,2470.52,2459.54,2482.24,4922317300.0,50140331700.0,-0.0033162009730749453
sh000001,2011-09-05,2510.10,2478.74,2478.20,2510.10,5503106600.0,56402274300.0,-0.01959434872719812
sh000001,2011-09-02,2551.56,2528.28,2517.62,2557.31,5443658100.0,55969022200.0,-0.010860549913146778
sh000001,2011-09-01,2569.80,2556.04,2547.86,2584.80,5729092700.0,59881556000.0,-0.004401442738398598
sh000001,2011-08-31,2566.53,2567.34,2545.10,2574.42,5916972000.0,62236266900.00001,0.0002883191771214655
sh000001,2011-08-30,2592.60,2566.6,2563.69,2615.14,7591068600.0,79541815200.0,-0.0038076237865867224
sh000001,2011-08-29,2595.47,2576.41,2570.84,2595.47,7369609500.0,78406747900.0,-0.013697319107721984
sh000001,2011-08-26,2602.21,2612.19,2593.24,2616.64,7785045000.0,81503341300.0,-0.0011738794613155301
sh000001,2011-08-25,2546.40,2615.26,2545.05,2616.30,10453797800.0,104570297600.0,0.02918826173020239
sh000001,2011-08-24,2562.41,2541.09,2536.26,2569.28,6546246900.0,70690689400.0,-0.005062607183968781
sh000001,2011-08-23,2524.88,2554.02,2514.95,2554.18,6094419300.0,63210700199.99999,0.015167775631394376
sh000001,2011-08-22,2534.57,2515.86,2507.78,2553.42,6121442900.0,65524543000.0,-0.007299673290298125
sh000001,2011-08-19,2519.65,2534.36,2513.75,2538.27,7060680100.0,73771901700.0,-0.009810624855927097
sh000001,2011-08-18,2601.99,2559.47,2556.86,2603.49,7098927700.0,76087950200.0,-0.016065291435689022
sh000001,2011-08-17,2603.96,2601.26,2596.04,2617.17,7010914600.0,72200596500.0,-0.0026493671808202057
sh000001,2011-08-16,2627.85,2608.17,2601.50,2636.36,8522686100.0,90247920900.0,-0.007080939709224632
sh000001,2011-08-15,2598.14,2626.77,2584.41,2627.10,8867684200.0,90997350600.0,0.01295711426555135
sh000001,2011-08-12,2593.40,2593.17,2585.85,2605.45,9717120600.0,100034768300.0,0.004516736328737725
sh000001,2011-08-11,2508.86,2581.51,2505.01,2582.16,9559726500.0,100089141500.0,0.012682509669776243
sh000001,2011-08-10,2562.39,2549.18,2544.95,2579.16,10036934300.0,104038323000.0,0.009148598415720688
sh000001,2011-08-09,2468.03,2526.07,2437.68,2537.41,10372389200.0,107745074500.0,-0.00029681576052109637
sh000001,2011-08-08,2599.29,2526.82,2497.92,2614.19,11030249600.0,117550544100.0,-0.03792234296114094
sh000001,2011-08-05,2620.28,2626.42,2605.14,2644.58,7857183300.0,87777760000.0,-0.021467638336239325
sh000001,2011-08-04,2683.19,2684.04,2675.53,2698.81,5887211100.0,69338642000.0,0.00207206299071494
sh000001,2011-08-03,2659.12,2678.49,2654.36,2688.06,6398161000.0,73381007600.0,-0.0002873927875609583
sh000001,2011-08-02,2689.97,2679.26,2651.28,2689.97,6999318100.0,77994116100.0,-0.009068785182226313
sh000001,2011-08-01,2697.58,2703.78,2688.53,2712.89,5900071100.0,66073995400.0,0.0007587730824323291
sh000001,2011-07-29,2706.50,2701.73,2681.27,2721.53,7547165500.0,83784760900.0,-0.002602647686412385
sh000001,2011-07-28,2701.77,2708.78,2684.66,2712.09,7847491500.0,90451815600.0,-0.005401158072913637
sh000001,2011-07-27,2690.14,2723.49,2680.43,2726.80,8040778100.0,92082368200.0,0.007569283359784906
sh000001,2011-07-26,2685.75,2703.03,2677.12,2704.94,7288145400.0,79482934700.0,0.005311018131101797
sh000001,2011-07-25,2759.63,2688.75,2680.75,2759.63,11124224900.0,120856437800.0,-0.029608884108864197
sh000001,2011-07-22,2769.86,2770.79,2763.80,2782.17,7021183700.0,82498349700.0,0.001771581660875876
sh000001,2011-07-21,2795.90,2765.89,2763.42,2799.85,8176058200.0,95769511800.0,-0.010135243950884165
sh000001,2011-07-20,2810.44,2794.21,2779.38,2817.28,8403061600.0,99677739100.0,-0.0009903538816866675
sh000001,2011-07-19,2804.92,2796.98,2790.69,2809.31,9274088400.0,110120383500.0,-0.006997575168016357
sh000001,2011-07-18,2821.36,2816.69,2807.11,2826.96,10810862300.0,129581321199.99998,-0.0012339681650397338
sh000001,2011-07-15,2803.59,2820.17,2794.16,2821.34,10747006400.0,127720321000.0,0.003462091345127538
sh000001,2011-07-14,2798.21,2810.44,2788.98,2811.70,10450208000.0,125648830399.99998,0.005351495986378074
sh000001,2011-07-13,2756.03,2795.48,2756.03,2797.27,9192912800.0,107695952100.00002,0.014847998605958201
sh000001,2011-07-12,2783.72,2754.58,2752.19,2783.72,9667447500.0,111535233100.0,-0.017165651570455576
sh000001,2011-07-11,2789.45,2802.69,2780.67,2807.32,8606359500.0,101442076100.0,0.0017585434113598364
sh000001,2011-07-08,2797.03,2797.77,2784.13,2807.38,8621160900.0,102765056000.0,0.0012525632812863119
sh000001,2011-07-07,2813.19,2794.27,2793.89,2825.12,11651214300.0,140065119700.0,-0.0057676980444621995
sh000001,2011-07-06,2811.81,2810.48,2780.73,2811.81,10310439300.0,122088884700.0,-0.002087801275405199
sh000001,2011-07-05,2812.72,2816.36,2799.11,2818.14,11012422400.0,128654526199.99998,0.0012585234746624874
sh000001,2011-07-04,2770.94,2812.82,2770.94,2813.27,12196226000.0,143818650600.0,0.019374057752522322
sh000001,2011-07-01,2767.83,2759.36,2752.97,2778.67,9207287800.0,105453231500.0,-0.0009847651045588046
sh000001,2011-06-30,2729.99,2762.08,2729.99,2774.37,9096712400.0,103037468900.0,0.012314548759748911
sh000001,2011-06-29,2757.40,2728.48,2727.25,2759.23,8822419700.0,99001117800.0,-0.01113366193099441
sh000001,2011-06-28,2759.71,2759.2,2736.40,2763.28,8827745000.0,104045742100.00002,0.0003516748059442243
sh000001,2011-06-27,2746.79,2758.23,2743.50,2769.04,10160101800.0,116169106800.0,0.004376941311844407
sh000001,2011-06-24,2678.05,2746.21,2674.30,2759.71,12577362800.0,142646189200.0,0.02156049474565247
sh000001,2011-06-23,2640.66,2688.25,2630.34,2693.42,7377268800.0,82454849400.0,0.014694336659972995
sh000001,2011-06-22,2648.53,2649.32,2633.47,2657.73,5831380200.0,64614596300.0,0.0010731235452374754
sh000001,2011-06-21,2628.02,2646.48,2618.81,2648.02,6482187100.0,73287995200.0,0.009625178826895509
sh000001,2011-06-20,2635.83,2621.25,2610.99,2637.88,6005986400.0,65210745100.0,-0.008161736327105151
sh000001,2011-06-17,2661.41,2642.82,2641.39,2675.03,6444263300.0,74389549400.0,-0.008054708964523316
sh000001,2011-06-16,2685.63,2664.28,2663.12,2691.94,7092787000.0,76584465500.0,-0.015210151436185648
sh000001,2011-06-15,2717.68,2705.43,2705.07,2730.48,7485694500.0,85433282700.0,-0.00901451993377389
sh000001,2011-06-14,2696.22,2730.04,2691.67,2735.55,8309751400.0,95202692899.99998,0.010983639339648521
sh000001,2011-06-13,2687.65,2700.38,2669.40,2703.42,6306945900.0,73168505500.0,-0.001759613180833397
sh000001,2011-06-10,2696.13,2705.14,2672.32,2707.74,7340029400.0,83170621000.0,0.0006621414171306128
sh000001,2011-06-09,2743.54,2703.35,2702.70,2747.33,8346926800.0,95128112400.0,-0.017067291085667402
sh000001,2011-06-08,2742.04,2750.29,2715.25,2754.12,7429466100.0,87503873900.0,0.0021827059723791287
sh000001,2011-06-07,2720.97,2744.3,2717.31,2745.77,6502129300.0,79144376100.0,0.005967698184031089
sh000001,2011-06-03,2701.77,2728.02,2701.25,2732.43,6798394500.0,78273698800.0,0.008443061090204873
sh000001,2011-06-02,2715.32,2705.18,2676.54,2728.00,8602115800.0,94278925000.0,-0.013992717517686937
sh000001,2011-06-01,2737.06,2743.57,2726.50,2744.56,6855550100.0,77624943900.0,3.6450188994452404e-05
sh000001,2011-05-31,2707.56,2743.47,2702.10,2744.93,6790038300.0,77797110800.0,0.01371214472575688
sh000001,2011-05-30,2704.49,2706.36,2689.21,2728.06,6517438800.0,71116809700.0,-0.001324747689071648
sh000001,2011-05-27,2739.39,2709.95,2708.55,2746.84,8252105200.0,91901556000.0,-0.009713030736005268
sh000001,2011-05-26,2755.39,2736.53,2734.54,2764.89,7874131500.0,92594926300.00002,-0.001900253123928497
sh000001,2011-05-25,2764.56,2741.74,2737.33,2771.18,7440653400.0,86236385800.0,-0.009150506313560292
sh000001,2011-05-24,2766.06,2767.06,2744.78,2771.75,7485289800.0,88842176400.0,-0.0027067257268694744
sh000001,2011-05-23,2853.29,2774.57,2771.12,2853.29,9862204500.0,111438407100.00002,-0.029347970585560046
sh000001,2011-05-20,2858.31,2858.46,2850.45,2866.76,7074378600.0,84003220800.0,-0.00038817024937320976
sh000001,2011-05-19,2879.39,2859.57,2856.83,2884.14,7699453800.0,91205057100.00002,-0.004594868367464144
sh000001,2011-05-18,2846.73,2872.77,2843.68,2877.43,7682697000.0,90328330000.0,0.0070107299221457975
sh000001,2011-05-17,2846.45,2852.77,2821.20,2869.23,9481984700.0,109798830100.0,0.0012986693903624946
sh000001,2011-05-16,2864.38,2849.07,2846.31,2877.09,8464825100.0,95786245700.0,-0.007648822896312524
sh000001,2011-05-13,2846.31,2871.03,2832.25,2871.99,9323881500.0,103905983200.0,0.009475823464881517
sh000001,2011-05-12,2864.98,2844.08,2843.10,2876.45,10024096100.0,114204493300.0,-0.013643520541579135
sh000001,2011-05-11,2890.35,2883.42,2868.35,2897.14,9247712200.0,107106378100.0,-0.0024942659558643276
sh000001,2011-05-10,2876.98,2890.63,2865.10,2891.03,8129717600.0,96056705100.0,0.0063255885199446915
sh000001,2011-05-09,2868.24,2872.46,2861.42,2885.18,8157615500.0,94006376500.0,0.0029924333686000004
sh000001,2011-05-06,2842.76,2863.89,2834.46,2881.71,9106390900.0,105181008400.0,-0.0029626792925777634
sh000001,2011-05-05,2854.77,2872.4,2849.91,2880.13,9108442700.0,98812236400.0,0.002226083558384051
sh000001,2011-05-04,2916.85,2866.02,2860.08,2916.97,11148113100.0,125355694500.0,-0.02256675044932288
sh000001,2011-05-03,2911.51,2932.19,2890.23,2933.46,9640272200.0,102708976600.0,0.0071028435416673474
sh000001,2011-04-29,2886.63,2911.51,2871.01,2913.56,8753425500.0,93221530200.0,0.008475809133229983
sh000001,2011-04-28,2937.95,2887.04,2884.84,2953.19,10523087500.0,115790131500.0,-0.013116110220447674
sh000001,2011-04-27,2946.33,2925.41,2907.66,2961.13,10549247500.0,114841131000.0,-0.004617248160926679
sh000001,2011-04-26,2956.95,2938.98,2931.50,2970.28,9515481900.0,112451141199.99998,-0.008759000994957744
sh000001,2011-04-25,3003.03,2964.95,2964.64,3003.61,11731662200.0,140504366100.0,-0.015136919867664078
sh000001,2011-04-22,3025.70,3010.52,3004.47,3032.97,11852561300.0,137406934400.0,-0.005335897207161655
sh000001,2011-04-21,3021.77,3026.67,3012.54,3035.47,12151066400.0,147387019400.0,0.006528014259870263
sh000001,2011-04-20,3005.98,3007.04,2992.67,3019.12,11974165700.0,143797579100.0,0.0026675202731540892
sh000001,2011-04-19,3038.81,2999.04,2996.22,3038.81,14189639400.0,166127877500.0,-0.019065655326706676
sh000001,2011-04-18,3040.53,3057.33,3037.19,3067.46,13748873900.0,160812208600.0,0.0022291208412963393
sh000001,2011-04-15,3036.35,3050.53,3020.16,3062.53,12853098900.0,148683828500.0,0.0025931427970447007
sh000001,2011-04-14,3049.67,3042.64,3036.73,3058.24,12948710700.0,148647665900.0,-0.0025439286650931203
sh000001,2011-04-13,3006.83,3050.4,2994.47,3050.40,12820265500.0,147378535700.0,0.009608224083776706
sh000001,2011-04-12,3012.79,3021.37,3003.45,3039.12,14599054700.0,165602471900.0,-0.0004565379207674969
sh000001,2011-04-11,3037.91,3022.75,3019.89,3059.57,14718957600.0,182751284100.0,-0.002399324096870603
sh000001,2011-04-08,3005.37,3030.02,2998.34,3031.10,11433779400.0,147122038500.0,0.0073506188682508355
sh000001,2011-04-07,3003.20,3007.91,2990.31,3012.29,12473459100.0,152941715600.0,0.002182344004051373
sh000001,2011-04-06,2964.21,3001.36,2963.90,3005.24,14165061300.0,176487792700.0,0.011440953558827571
sh000001,2011-04-01,2932.48,2967.41,2924.39,2967.85,9984409400.0,125719196000.0,0.013421626919753571
sh000001,2011-03-31,2954.65,2928.11,2914.38,2961.63,10893561100.0,134408182899.99998,-0.009357967636182685
sh000001,2011-03-30,2955.45,2955.77,2935.75,2968.18,12649354800.0,152547180200.0,-0.0007809119428818789
sh000001,2011-03-29,2979.87,2958.08,2953.54,2994.17,16854324600.0,199600754500.0,-0.008686327077747968
sh000001,2011-03-28,2985.36,2984.0,2979.20,3005.78,15601687800.0,196335110500.0,0.0020787088497922213
sh000001,2011-03-25,2948.54,2977.81,2946.70,2985.08,13639636700.0,171136870400.0,0.010554143434542196
sh000001,2011-03-24,2949.85,2946.71,2942.13,2958.66,10895597900.0,137266005800.0,-0.0006003093119166802
sh000001,2011-03-23,2919.02,2948.48,2911.63,2950.42,11260347500.0,138318531100.0,0.010050905403646393
sh000001,2011-03-22,2917.69,2919.14,2884.75,2923.39,9511745700.0,120190606800.0,0.0034374419931664235
sh000001,2011-03-21,2913.91,2909.14,2895.15,2927.07,9676027500.0,122405131600.0,0.0007740230968491524
sh000001,2011-03-18,2920.81,2906.89,2900.87,2930.61,10063733500.0,127487190100.0,0.0033099782556171853
sh000001,2011-03-17,2906.96,2897.3,2885.65,2935.63,13779782700.0,170585811600.0,-0.011430326190801199
sh000001,2011-03-16,2894.25,2930.8,2894.25,2934.02,13077723700.0,165811913800.0,0.01192572490038879
sh000001,2011-03-15,2927.98,2896.26,2850.95,2927.98,15495195100.0,187646016800.0,-0.01408278101735072
sh000001,2011-03-14,2923.98,2937.63,2914.46,2939.65,11691061800.0,152525993400.0,0.0013054741291158578
sh000001,2011-03-11,2942.42,2933.8,2927.68,2966.98,11599448000.0,152652657600.0,-0.007892761249044589
sh000001,2011-03-10,2995.77,2957.14,2954.37,2995.77,12379988900.0,166466133700.0,-0.014992588644804683
sh000001,2011-03-09,3002.55,3002.15,2989.34,3012.04,12479073500.0,165317764200.0,0.0007366814002947031
sh000001,2011-03-08,2996.73,2999.94,2976.60,3001.62,12668115400.0,168656782300.0,0.001244906064661766
sh000001,2011-03-07,2952.72,2996.21,2952.72,3000.43,16010588400.0,207910763299.99997,0.018318939880570095
sh000001,2011-03-04,2902.19,2942.31,2898.08,2944.46,11827724100.0,144491217000.0,0.013548147076452466
sh000001,2011-03-03,2918.73,2902.98,2900.76,2937.56,15048888400.0,177696887600.00003,-0.0037167831807839447
sh000001,2011-03-02,2905.51,2913.81,2883.57,2924.96,13344225800.0,165439298100.0,-0.0017506474997602828
sh000001,2011-03-01,2906.28,2918.92,2901.55,2931.58,13655504800.0,172228926400.0,0.0047744445018158554
sh000001,2011-02-28,2880.17,2905.05,2861.82,2906.17,11870576300.0,148337062900.0,0.00920251792562965
sh000001,2011-02-25,2876.78,2878.56,2848.65,2890.32,10009403900.0,124246938000.0,-1.3895643715677863e-05
sh000001,2011-02-24,2861.39,2878.6,2854.56,2881.54,10977258800.0,137321708100.0,0.005578785941598996
sh000001,2011-02-23,2844.99,2862.63,2839.20,2868.48,11108305900.0,137631214900.0,0.0024899142713061817
sh000001,2011-02-22,2941.32,2855.52,2851.62,2944.41,15300462200.0,191781551900.0,-0.026167618722823804
sh000001,2011-02-21,2886.54,2932.25,2884.19,2932.82,11885588300.0,146223076300.0,0.01119391404205139
sh000001,2011-02-18,2924.23,2899.79,2890.26,2924.23,11377546300.0,142026766600.0,-0.009282668707464414
sh000001,2011-02-17,2929.25,2926.96,2905.03,2939.28,13041549800.0,169047618000.0,0.001046547419542465
sh000001,2011-02-16,2893.68,2923.9,2882.55,2924.19,12780569700.0,160067647900.0,0.008505677349926355
sh000001,2011-02-15,2900.43,2899.24,2892.64,2934.47,15244989800.0,187333868000.0,3.7942417207892376e-05
sh000001,2011-02-14,2828.57,2899.13,2828.57,2906.26,15424297000.0,179797617900.0,0.025394983960131956
sh000001,2011-02-11,2815.12,2827.33,2807.61,2835.41,10775817100.0,127724538699.99998,0.0032538961591961346
sh000001,2011-02-10,2769.65,2818.16,2760.18,2819.06,9791976300.0,117148637100.00002,0.01589727691542353
sh000001,2011-02-09,2778.70,2774.06,2764.87,2804.21,8725778800.0,104839248000.0,-0.008896161431388827
sh000001,2011-02-01,2795.07,2798.96,2785.30,2805.05,7335009200.0,90093971300.00002,0.002963424816084803
sh000001,2011-01-31,2751.53,2790.69,2748.54,2790.92,9150281400.0,106841488900.0,0.013782581055308274
sh000001,2011-01-28,2741.31,2752.75,2733.29,2759.44,8542799200.0,98480284000.0,0.0013094956622956566
sh000001,2011-01-27,2690.83,2749.15,2677.21,2753.00,10556916300.0,115247052000.0,0.014892148212683809
sh000001,2011-01-26,2677.17,2708.81,2676.77,2710.74,6075089900.0,67295416000.0,0.01172019436549232
sh000001,2011-01-25,2691.69,2677.43,2661.45,2701.04,6948141200.0,75578247300.0,-0.006784829284940508
sh000001,2011-01-24,2716.52,2695.72,2690.65,2736.11,8792080700.0,96191099700.0,-0.007207333286683992
sh000001,2011-01-21,2668.68,2715.29,2667.29,2746.18,9563903800.0,102843431000.0,0.014057102309861236
sh000001,2011-01-20,2752.80,2677.65,2676.13,2752.80,8604719100.0,95850318800.00002,-0.029168630579021748
sh000001,2011-01-19,2707.82,2758.1,2700.81,2759.60,7849316900.0,89943624600.00002,0.018132285952646265
sh000001,2011-01-18,2696.15,2708.98,2683.37,2715.41,6037727600.0,67738468900.0,0.0008571449683374421
sh000001,2011-01-17,2772.45,2706.66,2698.78,2780.94,9251911300.0,104849169100.0,-0.030336684173192907
sh000001,2011-01-14,2817.05,2791.34,2780.44,2817.05,7675388000.0,90644705300.0,-0.012861997871068787
sh000001,2011-01-13,2830.53,2827.71,2810.87,2837.53,7488626500.0,87930916300.00002,0.0022720022684576957
sh000001,2011-01-12,2811.78,2821.3,2788.13,2828.47,7924611700.0,88093030300.0,0.006151816123107556
sh000001,2011-01-11,2783.48,2804.05,2770.34,2810.76,8055378000.0,94484834000.0,0.004384252510020392
sh000001,2011-01-10,2832.62,2791.81,2786.86,2847.36,9078087200.0,110796771400.0,-0.016552768775539017
sh000001,2011-01-07,2820.67,2838.8,2807.87,2868.00,11312956800.0,137163500600.0,0.005169605552014955
sh000001,2011-01-06,2838.44,2824.2,2816.95,2853.88,8470561600.0,113251589900.0,-0.005069418267520276
sh000001,2011-01-05,2833.12,2838.59,2824.30,2850.49,10441528200.0,135264799900.0,-0.004928750460098441
sh000001,2011-01-04,2825.33,2852.65,2810.11,2855.40,11007279100.0,145659819300.0,0.01587205492721
sh000001,2010-12-31,2759.16,2808.08,2758.13,2808.93,8335021400.0,108441746000.0,0.017575138245675026
sh000001,2010-12-30,2751.97,2759.58,2724.54,2768.13,7317204600.0,86056703400.0,0.0029256450047789873
sh000001,2010-12-29,2735.48,2751.53,2721.48,2753.02,6394127800.0,76202882900.0,0.006783778938086238
sh000001,2010-12-28,2768.03,2732.99,2730.41,2775.15,8433263200.0,96990632600.0,-0.017404904005177357
sh000001,2010-12-27,2842.81,2781.4,2774.54,2876.81,9780727800.0,123390148300.0,-0.01896189280322791
sh000001,2010-12-24,2841.35,2835.16,2813.50,2853.49,8121684800.0,95886756300.00002,-0.007025728315156132
sh000001,2010-12-23,2874.20,2855.22,2849.84,2893.71,8900248800.0,109372940600.0,-0.007880746377567083
sh000001,2010-12-22,2910.73,2877.9,2867.05,2917.20,9832555700.0,126067397500.0,-0.009028552539151247
sh000001,2010-12-21,2857.59,2904.12,2846.63,2908.17,10682562300.0,136465367500.0,0.017946524963896593
sh000001,2010-12-20,2901.47,2852.92,2804.56,2911.56,11375549500.0,146605402000.0,-0.014106312246435326
sh000001,2010-12-17,2896.77,2893.74,2881.00,2898.81,7367713600.0,93857086800.0,-0.0015182151310840775
sh000001,2010-12-16,2908.87,2898.14,2891.86,2921.27,8760631300.0,109770051800.0,-0.004557928975994496
sh000001,2010-12-15,2927.26,2911.41,2905.65,2939.05,10946248900.0,143370183700.0,-0.005353458053760085
sh000001,2010-12-14,2928.30,2927.08,2912.42,2933.41,12094493600.0,152967337100.0,0.0014129560888829218
sh000001,2010-12-13,2850.33,2922.95,2847.66,2923.77,12887846800.0,159949594300.0,0.028830991467913014
sh000001,2010-12-10,2798.74,2841.04,2792.52,2850.42,8049610800.0,98203063200.0,0.01070456607196868
sh000001,2010-12-09,2837.62,2810.95,2808.51,2854.70,9462255200.0,108747831199.99998,-0.013199698092011825
sh000001,2010-12-08,2868.73,2848.55,2843.94,2880.56,8670737900.0,110227180900.0,-0.009496289805484226
sh000001,2010-12-07,2843.77,2875.86,2809.11,2884.53,8678549700.0,111266697700.0,0.0065379150071049885
sh000001,2010-12-06,2850.38,2857.18,2831.70,2871.41,8977305500.0,110832357300.0,0.00518922189816462
sh000001,2010-12-03,2846.73,2842.43,2822.74,2853.40,8352101000.0,105926905600.0,-0.00041496548401509514
sh000001,2010-12-02,2860.46,2843.61,2841.47,2870.81,10419575500.0,132216371800.0,0.007140200818148035
sh000001,2010-12-01,2810.54,2823.45,2795.81,2834.20,8126329600.0,104257887100.00002,0.0011595004574176393
sh000001,2010-11-30,2863.41,2820.18,2758.92,2881.16,13932486300.0,173085021700.00003,-0.016111025830670367
sh000001,2010-11-29,2861.15,2866.36,2841.79,2878.83,10245254200.0,133970912200.0,-0.0018595257164744083
sh000001,2010-11-26,2890.29,2871.7,2851.96,2894.42,11086619100.0,143563927900.0,-0.009164119161152007
sh000001,2010-11-25,2875.86,2898.26,2856.96,2901.68,13160845300.0,167185489100.0,0.013398882494038311
sh000001,2010-11-24,2794.86,2859.94,2794.86,2861.49,11615623800.0,147881633000.0,0.011194082622653978
sh000001,2010-11-23,2872.17,2828.28,2791.58,2872.17,11631195600.0,145079505600.0,-0.019446187555687944
sh000001,2010-11-22,2861.61,2884.37,2852.77,2904.97,12711771600.0,162685478700.0,-0.001454006653811457
sh000001,2010-11-19,2879.66,2888.57,2806.64,2888.75,12377846000.0,155775076600.0,0.008068540717862893
sh000001,2010-11-18,2855.61,2865.45,2827.18,2873.70,10222618200.0,127770552400.0,0.009366435822830255
sh000001,2010-11-17,2852.48,2838.86,2824.12,2891.05,12378026100.0,158701993100.0,-0.019236217153675517
sh000001,2010-11-16,3007.64,2894.54,2885.75,3007.64,17108937300.0,221674190400.0,-0.03976565895150286
sh000001,2010-11-15,2984.87,3014.41,2939.68,3016.13,15315244800.0,197094095400.0,0.009703762259499316
sh000001,2010-11-12,3121.92,2985.44,2975.16,3150.15,23308495800.0,298405913600.0,-0.05156080235343441
sh000001,2010-11-11,3108.51,3147.74,3102.77,3186.72,21027474300.0,286984448900.0,0.01039366236967787
sh000001,2010-11-10,3120.44,3115.36,3093.88,3124.26,18505242300.0,248974312200.0,-0.0062647527910685286
sh000001,2010-11-09,3159.02,3135.0,3110.34,3159.02,19245574600.0,248089377300.0,-0.007757532022370617
sh000001,2010-11-08,3140.40,3159.51,3124.09,3160.70,20541796000.0,259242023200.0,0.009589391276561887
sh000001,2010-11-05,3129.87,3129.5,3105.92,3142.59,21195580300.0,273178387100.0,0.013787116043719738
sh000001,2010-11-04,3035.37,3086.94,3035.37,3087.42,17685709600.0,228103071000.0,0.01845931527322775
sh000001,2010-11-03,3044.02,3030.99,3017.10,3069.07,18984803200.0,243967884600.0,-0.004741530752635947
sh000001,2010-11-02,3061.63,3045.43,3029.32,3089.57,22494728300.0,306509480700.0,-0.0028126862299526767
sh000001,2010-11-01,2986.89,3054.02,2986.89,3054.05,18624318000.0,251047187700.0,0.025238012112097197
sh000001,2010-10-29,2993.30,2978.84,2955.48,2996.77,14710975400.0,194560385900.0,-0.004591355953725507
sh000001,2010-10-28,2989.29,2992.58,2969.30,3007.01,14353793300.0,185681185100.00003,-0.0014914666088321482
sh000001,2010-10-27,3031.65,2997.05,2988.87,3056.40,17626828000.0,230105302300.0,-0.014627458458543963
sh000001,2010-10-26,3065.84,3041.54,3017.82,3073.38,19877890800.0,260361924700.0,-0.0032378368104030164
sh000001,2010-10-25,2979.71,3051.42,2959.30,3051.54,19211424300.0,251711409500.0,0.025673604388512405
sh000001,2010-10-22,2976.75,2975.04,2954.62,2997.62,14707988100.0,194901562500.0,-0.0028456224673457653
sh000001,2010-10-21,3009.23,2983.53,2958.55,3018.24,16143614100.0,205073033700.0,-0.006797716340152027
sh000001,2010-10-20,2947.51,3003.95,2942.50,3041.15,20780442400.0,262064859300.0,0.000699568599363598
sh000001,2010-10-19,2949.63,3001.85,2931.91,3002.37,17066782800.0,199628281900.0,0.0157754218791768
sh000001,2010-10-18,2985.46,2955.23,2944.72,3026.10,26331693800.0,301231086900.0,-0.005361542293245702
sh000001,2010-10-15,2863.74,2971.16,2858.22,2971.16,23656855800.0,272950778600.0,0.03178175049658982
sh000001,2010-10-14,2881.55,2879.64,2864.52,2919.41,22946170900.0,264682458600.0,0.006388570469986199
sh000001,2010-10-13,2842.14,2861.36,2826.22,2862.03,18528167100.0,228385387900.0,0.007021162028711281
sh000001,2010-10-12,2795.76,2841.41,2782.34,2843.43,16742832700.0,211787463200.0,0.012280276742644869
sh000001,2010-10-11,2755.03,2806.94,2755.03,2823.60,20753526500.0,253469816300.0,0.024901962216201667
sh000001,2010-10-08,2681.25,2738.74,2677.99,2747.80,13575954300.0,167614337400.0,0.03128412522687385
sh000001,2010-09-30,2599.72,2655.66,2597.60,2656.00,8958036100.0,107081515700.0,0.017229227634179667
sh000001,2010-09-29,2608.92,2610.68,2603.93,2634.12,8861866300.0,105883851600.0,-0.00025657227104758373
sh000001,2010-09-28,2625.33,2611.35,2607.02,2625.33,9311743000.0,115009083300.0,-0.006324273108140432
sh000001,2010-09-27,2600.54,2627.97,2597.14,2629.04,7684465800.0,90540412800.0,0.014053365746367952
sh000001,2010-09-21,2593.76,2591.55,2580.18,2601.10,5810140600.0,66352718900.0,0.0010970715143836518
sh000001,2010-09-20,2601.48,2588.71,2573.63,2607.35,7946951900.0,89768763300.0,-0.0038403965074710333
sh000001,2010-09-17,2607.55,2598.69,2592.53,2615.08,8317135700.0,94655424400.0,-0.0014524663108507196
sh000001,2010-09-16,2646.92,2602.47,2583.34,2653.27,11899820000.0,128503047300.0,-0.018861451460886025
sh000001,2010-09-15,2688.39,2652.5,2645.86,2688.49,12203981500.0,138474774700.0,-0.013397705800961113
sh000001,2010-09-14,2694.07,2688.52,2678.97,2703.78,12071241000.0,141033358700.0,7.439590524938033e-05
sh000001,2010-09-13,2665.66,2688.32,2660.61,2696.67,11791891400.0,140796348400.0,0.009428471656384607
sh000001,2010-09-10,2657.24,2663.21,2628.83,2667.84,11304115100.0,134130260600.0,0.002582491012103061
sh000001,2010-09-09,2698.64,2656.35,2651.60,2698.64,13298943400.0,156158833500.0,-0.01444742495241702
sh000001,2010-09-08,2687.71,2695.29,2674.32,2695.85,11351940900.0,130961458900.0,-0.0011377281015135798
sh000001,2010-09-07,2698.22,2698.36,2679.02,2704.93,11223153900.0,123619813500.0,0.0007825683820121832
sh000001,2010-09-06,2667.20,2696.25,2664.24,2698.60,14420906600.0,160243816000.0,0.0153875701874302
sh000001,2010-09-03,2658.13,2655.39,2631.85,2660.54,12945652600.0,145975238600.0,-0.0001468495131374814
sh000001,2010-09-02,2646.89,2655.78,2636.42,2659.98,12407623800.0,142065831000.0,0.012543463673519328
sh000001,2010-09-01,2641.05,2622.88,2604.49,2662.88,12716494000.0,138493970600.0,-0.006033045323632025
sh000001,2010-08-31,2644.79,2638.8,2626.79,2647.25,11089024500.0,124753743800.00002,-0.005224944018456856
sh000001,2010-08-30,2622.27,2652.66,2620.19,2656.36,11047952500.0,120862400100.0,0.016056750193431668
sh000001,2010-08-27,2602.50,2610.74,2588.64,2613.49,7046609400.0,75183467800.0,0.0027885752915328688
sh000001,2010-08-26,2604.88,2603.48,2590.61,2616.96,8031385700.0,81805454800.0,0.002657341580078354
sh000001,2010-08-25,2634.95,2596.58,2595.73,2645.50,10969582800.0,108265742200.0,-0.020273100127909616
sh000001,2010-08-24,2636.53,2650.31,2614.56,2667.17,10724363900.0,106318342800.0,0.004144928524610014
sh000001,2010-08-23,2637.82,2639.37,2629.71,2656.12,8813653900.0,91492887899.99998,-0.001112662783700591
sh000001,2010-08-20,2677.02,2642.31,2636.91,2683.29,11617218400.0,119817337600.0,-0.016990453798019334
sh000001,2010-08-19,2669.43,2687.98,2659.30,2701.93,12844161300.0,133233657200.0,0.008131118028728901
sh000001,2010-08-18,2674.50,2666.3,2654.41,2687.76,13625434800.0,128831042400.0,-0.0020921519972751934
sh000001,2010-08-17,2663.18,2671.89,2654.01,2677.57,12263829400.0,128597720000.0,0.003824608991963796
sh000001,2010-08-16,2603.79,2661.71,2596.77,2665.31,12586282300.0,130736851400.0,0.021103310699351674
sh000001,2010-08-13,2576.69,2606.7,2564.84,2607.03,8882045000.0,91342498300.0,0.01212201220743303
sh000001,2010-08-12,2584.92,2575.48,2570.96,2608.76,9267520300.0,96005861100.0,-0.012279961649089177
sh000001,2010-08-11,2587.62,2607.5,2586.02,2618.45,8694146100.0,88751832000.0,0.004712419131728041
sh000001,2010-08-10,2672.79,2595.27,2594.34,2675.31,12701002100.0,129567701199.99998,-0.02890893647592363
sh000001,2010-08-09,2656.36,2672.53,2650.40,2676.09,11996475000.0,126557183699.99998,0.005319008873792219
sh000001,2010-08-06,2618.71,2658.39,2598.91,2659.41,12092728600.0,123364528400.0,0.014358430378973885
sh000001,2010-08-05,2636.24,2620.76,2606.62,2640.59,11351438200.0,115426381300.00002,-0.006731046192562373
sh000001,2010-08-04,2620.50,2638.52,2589.99,2638.90,11212373700.0,112845728900.0,0.004385230300723242
sh000001,2010-08-03,2678.79,2627.0,2626.72,2681.79,12797109400.0,130397499800.0,-0.017032613413557218
sh000001,2010-08-02,2635.81,2672.52,2633.65,2675.76,11294463300.0,110228613000.0,0.013277725118483463
sh000001,2010-07-30,2642.85,2637.5,2614.73,2643.03,9477378800.0,94120939800.0,-0.0040103922782954715
sh000001,2010-07-29,2635.05,2648.12,2623.94,2656.41,13912360500.0,131200311100.0,0.005490458145698485
sh000001,2010-07-28,2574.32,2633.66,2564.16,2636.00,12897953800.0,121947192700.0,0.022633640991391424
sh000001,2010-07-27,2581.59,2575.37,2565.64,2588.00,8660523600.0,85156951199.99998,-0.005141616576788133
sh000001,2010-07-26,2576.37,2588.68,2556.47,2589.48,9332648600.0,88588775200.0,0.006473485923569999
sh000001,2010-07-23,2566.85,2572.03,2549.24,2579.52,11437314900.0,101168593500.0,0.003754278199039396
sh000001,2010-07-22,2525.98,2562.41,2522.20,2563.24,10593421700.0,95754900500.0,0.010657137560690755
sh000001,2010-07-21,2529.62,2535.39,2520.15,2553.45,11424783200.0,105772526000.0,0.0026337331387691343
sh000001,2010-07-20,2477.75,2528.73,2477.46,2530.33,11859837400.0,111641750900.0,0.021535739389679343
sh000001,2010-07-19,2399.58,2475.42,2392.27,2484.19,8883896200.0,79475296800.0,0.021099134997339508
sh000001,2010-07-16,2414.68,2424.27,2389.07,2428.46,7079330300.0,55992242800.0,-1.2374706100826138e-05
sh000001,2010-07-15,2465.99,2424.3,2423.65,2487.24,10553923900.0,72186340200.0,-0.01867683489580796
sh000001,2010-07-14,2456.10,2470.44,2456.10,2494.59,7294614500.0,70221217600.0,0.008223516400099662
sh000001,2010-07-13,2468.69,2450.29,2439.24,2468.69,6632701900.0,63392043200.0,-0.016232254127320545
sh000001,2010-07-12,2468.54,2490.72,2455.81,2501.02,8292234900.0,81580605500.0,0.008013209654703424
sh000001,2010-07-09,2416.58,2470.92,2398.68,2485.60,8589014800.0,81834661800.0,0.023091733432706096
sh000001,2010-07-08,2429.68,2415.15,2402.00,2436.28,5448595400.0,50449202500.0,-0.0024658009516256296
sh000001,2010-07-07,2407.67,2421.12,2392.57,2421.68,5611070000.0,52493745400.0,0.004855940433797334
sh000001,2010-07-06,2358.28,2409.42,2356.55,2409.78,6136429500.0,55618257300.00001,0.019234755388227498
sh000001,2010-07-05,2358.76,2363.95,2335.57,2378.09,4799645200.0,42999668099.99999,-0.007952494859205239
sh000001,2010-07-02,2371.32,2382.9,2319.74,2386.40,6832957000.0,61545270300.0,0.0038377447036175294
sh000001,2010-07-01,2393.95,2373.79,2371.78,2410.77,4996768600.0,46415158500.0,-0.010248627192634974
sh000001,2010-06-30,2409.54,2398.37,2382.36,2411.44,5521056900.0,51154351300.0,-0.011816814651531837
sh000001,2010-06-29,2534.50,2427.05,2425.93,2541.14,7374490400.0,71361871400.0,-0.04268956486068598
sh000001,2010-06-28,2550.65,2535.28,2528.39,2561.49,4320393800.0,45257330900.0,-0.006870833039540614
sh000001,2010-06-25,2556.54,2552.82,2534.27,2572.83,5007885200.0,51687997800.0,-0.005427096522840125
sh000001,2010-06-24,2563.64,2566.75,2554.34,2586.90,4885657100.0,51020728800.0,-0.00121406919416156
sh000001,2010-06-23,2576.34,2569.87,2546.52,2593.67,5877682200.0,61894821200.0,-0.007273921273225903
sh000001,2010-06-22,2579.63,2588.7,2572.96,2598.35,6368145900.0,65898436600.0,0.0009627988446412328
sh000001,2010-06-21,2517.29,2586.21,2504.31,2587.34,7855442500.0,81694028100.0,0.029042423663666606
sh000001,2010-06-18,2556.60,2513.22,2505.33,2568.86,6721845300.0,72840913100.0,-0.018369299873059353
sh000001,2010-06-17,2588.97,2560.25,2559.72,2595.51,5495703900.0,61650699800.00001,-0.003770516043176131
sh000001,2010-06-11,2574.90,2569.94,2566.62,2590.98,6651928000.0,73920367300.0,0.0028721054562199644
sh000001,2010-06-10,2561.55,2562.58,2554.79,2581.05,7458396400.0,80569289000.0,-0.008239578616571208
sh000001,2010-06-09,2523.88,2583.87,2501.12,2589.47,9603098400.0,102662530100.0,0.02781280455060764
sh000001,2010-06-08,2510.08,2513.95,2491.65,2531.88,6303246800.0,69342653300.0,0.0008838529619026314
sh000001,2010-06-07,2508.33,2511.73,2491.66,2527.10,6569798800.0,70153784000.0,-0.01639260805375964
sh000001,2010-06-04,2536.23,2553.59,2527.87,2556.97,5651849500.0,60645956500.0,0.0003643258404959493
sh000001,2010-06-03,2575.77,2552.66,2551.53,2596.14,6950232800.0,74462434100.0,-0.007295579874155189
sh000001,2010-06-02,2548.54,2571.42,2521.06,2572.34,6486663400.0,69692518800.0,0.0012226081268396083
sh000001,2010-06-01,2577.76,2568.28,2534.27,2598.90,7466611300.0,79814661800.0,-0.009208572034797302
sh000001,2010-05-31,2647.87,2592.15,2591.53,2665.39,7874388200.0,87203750800.0,-0.02395538770300132
sh000001,2010-05-28,2680.40,2655.77,2641.41,2686.54,8694799800.0,98648768100.0,-5.6477604747140475e-05
sh000001,2010-05-27,2615.11,2655.92,2583.55,2662.08,8788356900.0,96516279200.0,0.011474641917289752
sh000001,2010-05-26,2620.85,2625.79,2610.51,2644.94,6871046400.0,75195627900.0,0.0012048973740099722
sh000001,2010-05-25,2654.36,2622.63,2609.09,2659.74,9326905000.0,101697412600.0,-0.018998137217496658
sh000001,2010-05-24,2596.32,2673.42,2596.32,2680.49,11249727200.0,121771226199.99998,0.034797485601040457
sh000001,2010-05-21,2492.58,2583.52,2481.97,2584.45,8385609000.0,86998295700.0,0.010790550638903884
sh000001,2010-05-20,2571.54,2555.94,2551.45,2609.64,6639004400.0,71961660700.0,-0.012315432740425236
sh000001,2010-05-19,2581.63,2587.81,2554.98,2623.96,7137218600.0,76631733600.0,-0.002686162217991561
sh000001,2010-05-18,2555.14,2594.78,2529.63,2603.32,8279238600.0,84659769200.0,0.013613653498337985
sh000001,2010-05-17,2663.88,2559.93,2557.24,2663.88,8264832600.0,88207607300.0,-0.050692901881237096
sh000001,2010-05-14,2692.10,2696.63,2677.19,2712.86,7336802400.0,82576727200.0,-0.005120807523307458
sh000001,2010-05-13,2653.58,2710.51,2646.90,2711.07,8307773300.0,90736116100.0,0.020634783165330628
sh000001,2010-05-12,2628.02,2655.71,2604.20,2668.12,8254416000.0,90582042100.00002,0.003074517387642306
sh000001,2010-05-11,2745.60,2647.57,2638.53,2751.07,8789710700.0,100980560600.0,-0.018967970475329388
sh000001,2010-05-10,2690.86,2698.76,2646.59,2713.06,8185405000.0,95439351199.99998,0.00386106130829722
sh000001,2010-05-07,2685.99,2688.38,2665.81,2732.18,9202626000.0,108502459600.00002,-0.018731977953790446
sh000001,2010-05-06,2838.95,2739.7,2735.00,2838.95,9264931600.0,113199426000.0,-0.041107397231507026
sh000001,2010-05-05,2804.51,2857.15,2770.33,2857.29,9534057800.0,114155797800.0,0.007713523884766094
sh000001,2010-05-04,2821.35,2835.28,2809.13,2862.55,6607984400.0,78762912100.0,-0.01230748865223763
sh000001,2010-04-30,2867.65,2870.61,2820.95,2875.81,8873444400.0,105989978000.0,0.0007599976293652944
sh000001,2010-04-29,2912.20,2868.43,2867.94,2928.93,8934443400.0,112206328600.0,-0.010998748418283522
sh000001,2010-04-28,2883.17,2900.33,2865.47,2916.68,8374941100.0,104850717899.99998,-0.0026135429669902344
sh000001,2010-04-27,2962.15,2907.93,2866.34,2962.15,10827127300.0,131158554700.0,-0.020734130324970623
sh000001,2010-04-26,2988.08,2969.5,2965.83,2996.83,8914667500.0,116254419500.0,-0.0047058192616824535
sh000001,2010-04-23,2995.57,2983.54,2966.78,3015.63,10351871300.0,135881395900.0,-0.005314254470774937
sh000001,2010-04-22,3021.29,2999.48,2978.46,3023.64,12172666400.0,153337726600.0,-0.01114305306466934
sh000001,2010-04-21,2984.62,3033.28,2972.10,3034.33,11630851400.0,146027651600.0,0.01803975794840129
sh000001,2010-04-20,2980.08,2979.53,2941.35,2998.91,10173224900.0,124783817700.0,-0.00025836325202155397
sh000001,2010-04-19,3096.78,2980.3,2977.77,3096.78,12936050500.0,156394431300.0,-0.0479187298342012
sh000001,2010-04-16,3159.67,3130.3,3121.37,3159.67,8093491800.0,102904446800.0,-0.010954290246037002
sh000001,2010-04-15,3168.14,3164.97,3135.99,3181.66,10626390800.0,136812954000.0,-0.00038216399572987836
sh000001,2010-04-14,3161.55,3166.18,3145.55,3167.66,10643584700.0,137919385500.0,0.0015595096876235282
sh000001,2010-04-13,3129.69,3161.25,3101.48,3173.63,14398204000.0,184689462100.0,0.010222864191534065
sh000001,2010-04-12,3151.89,3129.26,3111.90,3156.21,13796270100.0,175003844800.0,-0.00511548794251826
sh000001,2010-04-09,3118.93,3145.35,3114.79,3146.46,10542596000.0,134094153800.00002,0.008541993324162833
sh000001,2010-04-08,3143.45,3118.71,3110.26,3143.83,11464338900.0,142179596700.0,-0.009373550768370653
sh000001,2010-04-07,3156.31,3148.22,3132.24,3161.08,10352157000.0,126771627800.0,-0.0033115098712119817
sh000001,2010-04-06,3170.61,3158.68,3141.93,3177.97,11681470300.0,144082622100.0,0.00022799528809724912
sh000001,2010-04-02,3154.77,3157.96,3141.87,3159.60,12278938300.0,150050854800.0,0.003348774551855227
sh000001,2010-04-01,3111.94,3147.42,3111.94,3148.34,12677921300.0,154014263500.0,0.012321854164053292
sh000001,2010-03-31,3129.57,3109.11,3101.76,3130.11,10114335100.0,122804448400.0,-0.006188328480055683
sh000001,2010-03-30,3123.83,3128.47,3113.77,3132.58,10243151500.0,125184598699.99998,0.0014949740700427316
sh000001,2010-03-29,3076.05,3123.8,3071.69,3130.28,13189511400.0,155187158100.0,0.020943092832024002
sh000001,2010-03-26,3017.22,3059.72,3009.91,3067.71,9307771600.0,108957224500.0,0.013427486933538235
sh000001,2010-03-25,3051.36,3019.18,3012.31,3051.36,9019054200.0,105285006800.0,-0.012310218822890517
sh000001,2010-03-24,3058.93,3056.81,3052.21,3076.75,8926636500.0,103520051700.0,0.001205320441645119
sh000001,2010-03-23,3076.96,3053.13,3051.21,3082.97,9286719000.0,108718260900.0,-0.006976562652459828
sh000001,2010-03-22,3069.66,3074.58,3061.76,3083.35,9649941100.0,113438658000.0,0.0022263874174883735
sh000001,2010-03-19,3046.75,3067.75,3031.02,3069.66,8848118900.0,103212258500.0,0.007110755099159816
sh000001,2010-03-18,3053.16,3046.09,3035.02,3063.59,9137912400.0,108541262600.0,-0.0014391177781857278
sh000001,2010-03-17,2999.81,3050.48,2994.89,3050.76,8708569900.0,105010317200.0,0.019259298859945595
sh000001,2010-03-16,2974.49,2992.84,2963.44,2993.84,5962799100.0,69931647600.0,0.005341054908731824
sh000001,2010-03-15,3010.72,2976.94,2963.49,3013.52,6374976800.0,74779819300.0,-0.012102568186871276
sh000001,2010-03-12,3051.47,3013.41,3011.97,3057.52,7141891200.0,84352943900.0,-0.012411184814241971
sh000001,2010-03-11,3050.64,3051.28,3025.31,3070.94,7987219500.0,96185690100.0,0.0007707622018218174
sh000001,2010-03-10,3067.15,3048.93,3034.74,3085.99,8461295300.0,98739579400.0,-0.006584906521045042
sh000001,2010-03-09,3053.26,3069.14,3028.69,3084.85,9238180300.0,107489645800.0,0.00521087504053086
sh000001,2010-03-08,3036.42,3053.23,3030.91,3058.83,8101195000.0,92751540600.0,0.0073142728946309354
sh000001,2010-03-05,3026.64,3031.06,3011.09,3044.17,9225966500.0,105764004600.00002,0.0025435193178473536
sh000001,2010-03-04,3098.07,3023.37,3016.22,3102.40,12638388900.0,144939960300.0,-0.02377462060058122
sh000001,2010-03-03,3074.10,3097.0,3061.47,3098.46,11715651900.0,136522058200.0,0.0077738837854810505
sh000001,2010-03-02,3089.71,3073.11,3060.96,3095.99,10532764700.0,124558675200.0,-0.004770324887299893
sh000001,2010-03-01,3057.01,3087.84,3054.55,3093.10,11103887800.0,131301895700.0,0.011763009757727927
sh000001,2010-02-26,3053.50,3051.94,3041.69,3067.52,10129629100.0,121468972400.0,-0.002836026687403126
sh000001,2010-02-25,3026.66,3060.62,3022.37,3063.00,11967078100.0,138961506700.0,0.012719295343096793
sh000001,2010-02-24,2964.98,3022.18,2955.07,3023.74,9291896200.0,105568658400.0,0.01327709566885038
sh000001,2010-02-23,2998.91,2982.58,2938.75,2998.91,8039285800.0,98223524200.0,-0.006932143570619997
sh000001,2010-02-22,3016.70,3003.4,3002.81,3026.66,6850514300.0,78744835900.0,-0.004880505478557895
sh000001,2010-02-12,2996.09,3018.13,2993.44,3018.86,5609212400.0,66931569800.00001,0.010929492547312014
sh000001,2010-02-11,2985.08,2985.5,2976.08,3001.64,5664630500.0,64892509400.00001,0.0010058675607711454
sh000001,2010-02-10,2967.14,2982.5,2958.22,2983.18,5558800500.0,67017903300.0,0.011414657967200537
sh000001,2010-02-09,2932.09,2948.84,2929.21,2957.47,6228220700.0,68112416200.0,0.004657311160852773
sh000001,2010-02-08,2936.45,2935.17,2922.19,2954.27,6329958200.0,73159984000.0,-0.0014390691977954617
sh000001,2010-02-05,2936.20,2939.4,2918.91,2959.23,9727498900.0,110882284800.0,-0.01866584760842782
sh000001,2010-02-04,2983.05,2995.31,2968.68,3015.13,9991836400.0,114601290100.0,-0.002839698519228828
sh000001,2010-02-03,2945.03,3003.84,2890.02,3005.13,10102253700.0,119046397300.0,0.023555990200053945
sh000001,2010-02-02,2955.75,2934.71,2930.56,2990.75,8248578900.0,97685864700.0,-0.0022608589224032416
sh000001,2010-02-01,2981.37,2941.36,2912.89,2981.37,8814711400.0,103760395700.0,-0.016033907717217022
sh000001,2010-01-29,2979.74,2989.29,2968.45,3024.85,8047587500.0,95656890399.99998,-0.001619830736037664
sh000001,2010-01-28,2985.21,2994.14,2963.89,3006.04,7336576700.0,85654271700.0,0.0025212531934197813
sh000001,2010-01-27,3020.54,2986.61,2972.63,3028.65,7655221400.0,90324580800.0,-0.010856497504462714
sh000001,2010-01-26,3094.85,3019.39,3001.96,3107.20,9350709200.0,109256964500.0,-0.024243716895951062
sh000001,2010-01-25,3103.32,3094.41,3092.93,3137.00,7836186200.0,95145982300.0,-0.010925049303360357
sh000001,2010-01-22,3118.72,3128.59,3062.63,3147.83,13775853800.0,163570680300.0,-0.009582570927486489
sh000001,2010-01-21,3154.19,3158.86,3126.90,3176.15,11433707900.0,142103163000.0,0.0022240906134494143
sh000001,2010-01-20,3252.04,3151.85,3148.33,3255.13,15824311200.0,192661666800.0,-0.029265107626729736
sh000001,2010-01-19,3242.22,3246.87,3236.84,3268.81,12994353200.0,162672571500.0,0.0030181335145655908
sh000001,2010-01-18,3213.64,3237.1,3202.21,3238.24,13506723800.0,169760710400.0,0.004016562504846277
sh000001,2010-01-15,3217.19,3224.15,3197.22,3241.81,12054113500.0,151441932700.0,0.002674503584145782
sh000001,2010-01-14,3183.38,3215.55,3165.60,3219.02,13595450400.0,168004201500.0,0.013518624750209707
sh000001,2010-01-13,3204.98,3172.66,3165.49,3232.82,15834427800.0,197329891900.0,-0.03094408317730457
sh000001,2010-01-12,3205.71,3273.97,3180.09,3275.20,14065524100.0,173949587800.0,0.019055326433740527
sh000001,2010-01-11,3301.61,3212.75,3197.33,3306.75,13632721600.0,177557637100.0,0.005240926157697112
sh000001,2010-01-08,3177.26,3196.0,3149.02,3198.92,9837714700.0,121739882100.00002,0.00100852548562691
sh000001,2010-01-07,3253.99,3192.78,3176.71,3268.82,12865282700.0,157229582000.0,-0.018880100300532776
sh000001,2010-01-06,3277.52,3254.22,3253.04,3295.87,12365138400.0,158040114700.0,-0.008518728406120335
sh000001,2010-01-05,3254.47,3282.18,3221.46,3290.51,12611506600.0,161858173000.0,0.011844279478136377
sh000001,2010-01-04,3289.75,3243.76,3243.32,3295.28,10944792700.0,133773495600.0,-0.010185710711168805
sh000001,2009-12-31,3265.00,3277.14,3250.03,3282.21,11652040200.0,138977366900.0,0.0044565683810458
sh000001,2009-12-30,3211.83,3262.6,3206.22,3267.00,12945603900.0,157757056700.0,0.015829327222457446
sh000001,2009-12-29,3190.17,3211.76,3166.76,3212.52,10261263700.0,117061832800.0,0.007206517853222794
sh000001,2009-12-28,3148.86,3188.78,3148.86,3202.09,9121160800.0,110610267800.0,0.015098604103331414
sh000001,2009-12-25,3149.23,3141.35,3128.15,3154.77,8454578300.0,101484901600.0,-0.0038244313298936294
sh000001,2009-12-24,3080.87,3153.41,3075.11,3156.53,10240620400.0,123313719100.0,0.025906213196780437
sh000001,2009-12-23,3048.20,3073.78,3041.35,3078.84,8005813400.0,90894879400.0,0.007624929520213097
sh000001,2009-12-22,3126.62,3050.52,3039.86,3129.31,8508078700.0,99479570600.0,-0.02319907011594724
sh000001,2009-12-21,3108.07,3122.97,3088.00,3123.99,7456812600.0,90229874500.0,0.002915966845328466
sh000001,2009-12-18,3154.81,3113.89,3108.03,3169.58,10186637600.0,116511537100.00002,-0.02050593253394062
sh000001,2009-12-17,3261.61,3179.08,3176.63,3272.98,10564658600.0,123804680800.0,-0.02338712402579257
sh000001,2009-12-16,3262.86,3255.21,3246.61,3299.33,10387351300.0,123169006900.0,-0.00587883192953953
sh000001,2009-12-15,3283.60,3274.46,3267.94,3303.18,10148456700.0,126068871800.0,-0.00861061491416637
sh000001,2009-12-14,3246.95,3302.9,3178.23,3315.03,11824332100.0,139330189900.0,0.01711565229173595
sh000001,2009-12-11,3260.45,3247.32,3242.37,3280.94,9154294500.0,107609651900.0,-0.002132589282970665
sh000001,2009-12-10,3258.35,3254.26,3225.56,3276.13,9430651600.0,112620839700.0,0.004534552425167648
sh000001,2009-12-09,3258.00,3239.57,3228.20,3284.65,11509503000.0,136331900900.0,-0.017317527436860214
sh000001,2009-12-08,3330.33,3296.66,3260.67,3330.38,13706557300.0,162702745000.0,-0.010576547915603807
sh000001,2009-12-07,3313.06,3331.9,3302.13,3334.01,13987600100.0,171777187500.0,0.004479897740153893
sh000001,2009-12-04,3256.61,3317.04,3214.84,3319.13,21594507200.0,257424740200.0,0.01605388665790608
sh000001,2009-12-03,3268.00,3264.63,3227.77,3270.37,15921998800.0,189142807300.0,-0.0015658689502254797
sh000001,2009-12-02,3252.98,3269.75,3245.96,3278.27,17505136300.0,203881129600.0,0.010629419909994553
sh000001,2009-12-01,3191.06,3235.36,3173.42,3240.66,16527976700.0,191224194300.0,0.0125371639595655
sh000001,2009-11-30,3114.29,3195.3,3114.29,3195.88,13886026300.0,160253602400.0,0.031986977837778374
sh000001,2009-11-27,3137.30,3096.26,3080.89,3169.75,14880272700.0,172027222300.0,-0.02356369324309826
sh000001,2009-11-26,3296.01,3170.98,3160.35,3305.33,21797883800.0,254470656100.0,-0.03622609166091728
sh000001,2009-11-25,3214.81,3290.17,3188.02,3291.17,18902673700.0,218005084000.0,0.020672988928286617
sh000001,2009-11-24,3352.22,3223.53,3214.03,3361.39,25021155400.0,290776929000.0,-0.034483894736211385
sh000001,2009-11-23,3312.97,3338.66,3305.50,3339.30,16953159000.0,203664331100.0,0.009161666691855475
sh000001,2009-11-20,3309.38,3308.35,3280.18,3332.53,17607402500.0,200567008600.0,-0.0036920927179042717
sh000001,2009-11-19,3311.19,3320.61,3285.80,3329.03,17461964800.0,194727737500.0,0.005261516757840035
sh000001,2009-11-18,3287.26,3303.23,3274.21,3315.87,15866395200.0,181541759400.0,0.006195760442780696
sh000001,2009-11-17,3291.04,3282.89,3275.30,3298.38,16603730500.0,194755903700.0,0.0023938565823422575
sh000001,2009-11-16,3206.43,3275.05,3206.43,3275.55,20037898100.0,228237188500.0,0.02741831756936941
sh000001,2009-11-13,3164.65,3187.65,3127.50,3189.09,15114749400.0,165544017400.0,0.00463291258923082
sh000001,2009-11-12,3181.46,3172.95,3163.08,3199.87,13803304700.0,152574674600.0,-0.0007054695939456845
sh000001,2009-11-11,3176.31,3175.19,3149.07,3186.60,12682170100.0,144489851100.0,-0.0010759419998049857
sh000001,2009-11-10,3203.17,3178.61,3176.25,3211.11,14244801900.0,162987782600.0,0.0009510043802882784
sh000001,2009-11-09,3162.15,3175.59,3141.77,3176.66,13918983500.0,158769551500.0,0.0036503963287444208
sh000001,2009-11-06,3176.14,3164.04,3156.99,3183.57,16349081400.0,180951326300.0,0.002849400167984628
sh000001,2009-11-05,3133.50,3155.05,3122.52,3158.72,14546576600.0,155331704800.0,0.00847360110466866
sh000001,2009-11-04,3119.31,3128.54,3096.35,3141.45,14537026800.0,163921599400.0,0.004595036333218783
sh000001,2009-11-03,3085.74,3114.23,3078.94,3121.20,15055225800.0,170322179800.0,0.012214584044333954
sh000001,2009-11-02,2933.82,3076.65,2923.52,3077.91,13728611000.0,154859076400.0,0.02697064272243277
sh000001,2009-10-30,3007.25,2995.85,2983.93,3027.13,10479218700.0,117402756199.99998,0.011950805108648321
sh000001,2009-10-29,2975.20,2960.47,2952.01,2993.44,11028223400.0,117301802899.99998,-0.02337587791497464
sh000001,2009-10-28,3014.18,3031.33,2974.26,3038.06,10097313800.0,114190894900.0,0.003266632687508597
sh000001,2009-10-27,3086.09,3021.46,3020.49,3086.09,12088675700.0,139816121700.0,-0.02833510742642875
sh000001,2009-10-26,3114.29,3109.57,3083.18,3123.36,11482611800.0,131363244600.00002,0.0005534372637032714
sh000001,2009-10-23,3057.39,3107.85,3057.39,3123.46,13860090200.0,157263682700.0,0.018496367253171497
sh000001,2009-10-22,3068.68,3051.41,3045.03,3080.66,10303148800.0,119567159300.0,-0.006246356563396671
sh000001,2009-10-21,3080.52,3070.59,3062.56,3105.51,13548277000.0,155155390500.0,-0.004493507756650139
sh000001,2009-10-20,3062.55,3084.45,3053.64,3084.94,14365118700.0,167161044200.0,0.015199439154518712
sh000001,2009-10-19,2974.64,3038.27,2962.31,3039.61,12061559800.0,140591460100.0,0.02070798184524114
sh000001,2009-10-16,2992.75,2976.63,2931.92,3008.18,9222279900.0,104758646000.0,-0.0010604774161937502
sh000001,2009-10-15,2994.89,2979.79,2967.11,3014.26,9861758700.0,110455323600.0,0.003117288833978993
sh000001,2009-10-14,2945.67,2970.53,2943.74,3010.61,12963014800.0,141568371200.0,0.011695428429359112
sh000001,2009-10-13,2889.79,2936.19,2886.96,2937.82,7999790400.0,88547887500.0,0.014410187667560415
sh000001,2009-10-12,2927.02,2894.48,2893.57,2932.08,8818663100.0,99951801199.99998,-0.005920898987539891
sh000001,2009-10-09,2840.13,2911.72,2834.62,2912.55,8554655500.0,93167970399.99998,0.04759608984575969
sh000001,2009-09-30,2772.57,2779.43,2763.71,2803.86,6483325400.0,68136300000.0,0.00903599149041212
sh000001,2009-09-29,2763.76,2754.54,2712.30,2779.69,7356553900.0,74303751600.0,-0.003249478925428484
sh000001,2009-09-28,2844.37,2763.52,2752.77,2857.95,7187458600.0,75489556700.0,-0.026531963759845678
sh000001,2009-09-25,2836.70,2838.84,2812.92,2864.08,7516760100.0,81071372400.0,-0.005154982390355833
sh000001,2009-09-24,2824.58,2853.55,2783.11,2886.26,10254132600.0,110945106700.0,0.003809731524736959
sh000001,2009-09-23,2897.81,2842.72,2825.86,2924.20,10762636200.0,116786681700.0,-0.018922883125399137
sh000001,2009-09-22,2956.13,2897.55,2896.94,2982.90,12407469900.0,137830598100.0,-0.023410773809323215
sh000001,2009-09-21,2937.93,2967.01,2871.65,2968.70,13623198000.0,145766672600.0,0.0014648948414774932
sh000001,2009-09-18,3063.31,2962.67,2940.83,3068.03,16807658400.0,181458619100.0,-0.03188944730186327
sh000001,2009-09-17,3015.59,3060.26,3015.59,3064.23,16074039100.0,178151709300.0,0.020185284577509233
sh000001,2009-09-16,3027.51,2999.71,2960.59,3028.56,14741577800.0,168333695000.0,-0.011213918179930338
sh000001,2009-09-15,3029.10,3033.73,2999.43,3050.43,14446775500.0,160037378500.0,0.0023094154106400033
sh000001,2009-09-14,2990.93,3026.74,2984.84,3033.08,14371122500.0,157101544700.0,0.01235872753604772
sh000001,2009-09-11,2917.19,2989.79,2915.90,2999.33,12324666600.0,137963303000.0,0.022192363447389285
sh000001,2009-09-10,2934.96,2924.88,2911.21,2958.95,10589485700.0,116959730800.0,-0.007256657593016302
sh000001,2009-09-09,2944.17,2946.26,2900.11,2962.29,13075449400.0,153300824300.0,0.005384783380197211
sh000001,2009-09-08,2865.70,2930.48,2831.85,2931.23,12792938400.0,148628212400.0,0.01713222635641709
sh000001,2009-09-07,2877.62,2881.12,2860.00,2919.35,13118281200.0,146736291500.0,0.006817840306680312
sh000001,2009-09-04,2841.17,2861.61,2827.58,2875.98,12888993600.0,142234775800.0,0.005831241959634692
sh000001,2009-09-03,2722.30,2845.02,2715.62,2854.16,12989025100.0,138875482400.0,0.04790108177990926
sh000001,2009-09-02,2681.33,2714.97,2669.22,2729.71,8393471400.0,88188217100.00002,0.011644284798712157
sh000001,2009-09-01,2649.17,2683.72,2639.76,2727.08,9804258500.0,101721429900.0,0.005986318058288642
sh000001,2009-08-31,2817.63,2667.75,2663.00,2817.63,11824625000.0,124636800399.99998,-0.06744526670139028
sh000001,2009-08-28,2938.42,2860.69,2843.11,2949.43,12304850000.0,133753880600.0,-0.029089736627749163
sh000001,2009-08-27,2947.83,2946.4,2909.89,2988.03,13674590400.0,145246643800.0,-0.007143819921822336
sh000001,2009-08-26,2889.74,2967.6,2872.26,2995.80,13042535400.0,143733812900.0,0.01776527882570811
sh000001,2009-08-25,2980.10,2915.8,2823.64,2980.10,14523618000.0,160950171900.0,-0.025933460946138576
sh000001,2009-08-24,2982.19,2993.43,2944.92,3004.90,12287572100.0,138833922700.0,0.011030914255413249
sh000001,2009-08-21,2905.05,2960.77,2883.27,2969.52,12679030100.0,137911220100.0,0.016894607051841204
sh000001,2009-08-20,2798.37,2911.58,2798.37,2914.64,11003908600.0,122097426900.0,0.045232949690908075
sh000001,2009-08-19,2916.10,2785.58,2761.40,2929.06,11446946400.0,122264986100.0,-0.04304540207772223
sh000001,2009-08-18,2845.34,2910.88,2827.11,2920.64,10625152600.0,117884729900.0,0.014021312394840058
sh000001,2009-08-17,2994.87,2870.63,2867.39,3020.26,12505895900.0,137505293000.0,-0.05787388782954861
sh000001,2009-08-14,3138.15,3046.97,3039.30,3146.00,12581559200.0,146317184900.0,-0.029800417759889952
sh000001,2009-08-13,3112.57,3140.56,3060.12,3150.37,11693422600.0,138622307600.0,0.008943946130715252
sh000001,2009-08-12,3255.99,3112.72,3104.56,3255.99,13444746300.0,157502777800.0,-0.04656127765542639
sh000001,2009-08-11,3261.41,3264.73,3222.71,3273.02,10375229700.0,122590680100.0,0.004606494018019713
sh000001,2009-08-10,3287.76,3249.76,3201.06,3307.89,12668373800.0,153092244800.0,-0.003352051252955568
sh000001,2009-08-07,3352.66,3260.69,3244.10,3374.46,15316000700.0,184965518600.0,-0.028495410165269797
sh000001,2009-08-06,3401.48,3356.33,3309.61,3419.74,17482737400.0,216977962100.0,-0.021050021875455793
sh000001,2009-08-05,3467.05,3428.5,3385.42,3468.10,20250254300.0,240942030799.99997,-0.0123695066024474
sh000001,2009-08-04,3477.11,3471.44,3404.82,3478.01,21149015400.0,251125070500.0,0.002555890244008152
sh000001,2009-08-03,3429.69,3462.59,3398.45,3465.17,20081370600.0,236321894300.0,0.014809235476515692
sh000001,2009-07-31,3354.68,3412.06,3333.72,3414.15,19371437500.0,223913413700.0,0.027246233697419298
sh000001,2009-07-30,3281.20,3321.56,3215.75,3336.64,19801021300.0,219805237500.0,0.01687775338825581
sh000001,2009-07-29,3419.99,3266.43,3174.21,3454.02,27580119700.0,296925811700.0,-0.05000625296288652
sh000001,2009-07-28,3434.32,3438.37,3392.43,3439.92,20424581900.0,243639209500.0,0.0009198855382930304
sh000001,2009-07-27,3377.72,3435.21,3376.29,3435.93,19762363400.0,240590664400.0,0.01856431239992884
sh000001,2009-07-24,3343.76,3372.6,3306.91,3398.05,18973867600.0,223586942000.0,0.013252255527281154
sh000001,2009-07-23,3301.10,3328.49,3289.22,3331.06,16639775200.0,195399677900.0,0.009667477598267249
sh000001,2009-07-22,3207.99,3296.62,3207.26,3301.43,16821304300.0,205904362399.99997,0.025958465210801585
sh000001,2009-07-21,3275.67,3213.21,3207.50,3279.59,19756589700.0,232283940799.99997,-0.016440561752353866
sh000001,2009-07-20,3203.89,3266.92,3192.90,3269.18,19887079500.0,234137657900.0,0.024196329481399825
sh000001,2009-07-17,3181.06,3189.74,3158.57,3197.23,16469067200.0,186627471900.0,0.001884576001809135
sh000001,2009-07-16,3209.77,3183.74,3175.96,3221.07,19123018400.0,218405539500.0,-0.0015085226827242781
sh000001,2009-07-15,3156.63,3188.55,3156.63,3188.91,19591147900.0,217648397000.0,0.013795800531610558
sh000001,2009-07-14,3088.58,3145.16,3088.58,3147.59,16168847900.0,178310252200.0,0.020970213207988087
sh000001,2009-07-13,3098.96,3080.56,3076.30,3112.88,15661005700.0,172773199100.0,-0.01071636163947165
sh000001,2009-07-10,3124.79,3113.93,3099.99,3140.04,16116226900.0,178156523900.0,-0.002913836882771026
sh000001,2009-07-09,3073.52,3123.03,3064.21,3123.51,16728788200.0,184340942500.0,0.013717349883308527
sh000001,2009-07-08,3057.46,3080.77,3011.21,3097.96,15548918100.0,170730196900.0,-0.0028095615724481604
sh000001,2009-07-07,3118.27,3089.45,3077.48,3130.07,17877574100.0,188053086200.0,-0.01127159027993363
sh000001,2009-07-06,3091.48,3124.67,3090.10,3128.31,18323731600.0,203906253000.0,0.011753773025900527
sh000001,2009-07-03,3035.81,3088.37,3029.55,3088.86,15946794600.0,177437706900.0,0.009188791765378568
sh000001,2009-07-02,3015.08,3060.25,3015.08,3062.56,16196028400.0,181106413000.0,0.01731961504579216
sh000001,2009-07-01,2950.17,3008.15,2947.69,3009.71,13825013300.0,153787572600.0,0.01648667279411753
sh000001,2009-06-30,2990.12,2959.36,2953.36,2997.27,12581395800.0,143702358900.0,-0.005360785934910961
sh000001,2009-06-29,2930.31,2975.31,2918.39,2976.92,12854377400.0,136897820399.99998,0.016084911942791047
sh000001,2009-06-26,2930.50,2928.21,2910.35,2937.61,10956072000.0,115288196400.0,0.0010803234132750195
sh000001,2009-06-25,2926.62,2925.05,2909.09,2946.90,11961302000.0,129317187000.0,0.000941039592102122
sh000001,2009-06-24,2889.05,2922.3,2880.28,2923.47,14057426000.0,146582080300.0,0.010232654613337111
sh000001,2009-06-23,2853.49,2892.7,2841.90,2941.05,14446526700.0,144529047300.0,-0.001242965162448817
sh000001,2009-06-22,2900.57,2896.3,2884.13,2923.24,14697220000.0,148019601200.0,0.005488649500605902
sh000001,2009-06-19,2861.18,2880.49,2847.36,2886.50,15302336200.0,151320731400.0,0.009317074879988674
sh000001,2009-06-18,2812.99,2853.9,2810.85,2855.42,13884269400.0,147268582100.0,0.015579405861671392
sh000001,2009-06-17,2771.52,2810.12,2744.22,2813.61,11078374200.0,117977930200.0,0.01228377317166296
sh000001,2009-06-16,2762.74,2776.02,2753.69,2797.48,10338332700.0,108276959000.0,-0.0048502446631177865
sh000001,2009-06-15,2743.03,2789.55,2727.74,2790.98,10622501300.0,108611224700.0,0.016688777444091363
sh000001,2009-06-12,2793.97,2743.76,2722.22,2812.68,12769465100.0,123856774500.0,-0.01914689774498446
sh000001,2009-06-11,2812.28,2797.32,2787.45,2828.74,13411487700.0,132679466800.0,-0.006721704394141104
sh000001,2009-06-10,2796.90,2816.25,2790.00,2820.58,14526718800.0,144164564800.0,0.010172567784238362
sh000001,2009-06-09,2766.51,2787.89,2721.85,2788.37,13260156700.0,133368340800.0,0.007061993830237423
sh000001,2009-06-08,2753.35,2768.34,2729.03,2795.15,13323144700.0,139055628800.0,0.005247123160329714
sh000001,2009-06-05,2783.86,2753.89,2750.38,2791.65,14664811300.0,154008004600.0,-0.004824301470056747
sh000001,2009-06-04,2753.25,2767.24,2728.20,2778.24,17087892100.0,179530474700.0,-0.004084805602841857
sh000001,2009-06-03,2722.27,2778.59,2717.86,2778.68,15568165800.0,159933137300.0,0.01992805491318861
sh000001,2009-06-02,2739.44,2724.3,2713.47,2750.88,15635605800.0,161533528200.0,0.0011097718720602945
sh000001,2009-06-01,2668.40,2721.28,2668.40,2726.72,14795955100.0,156583372900.0,0.033555772466415945
sh000001,2009-05-27,2601.24,2632.93,2592.79,2635.31,10316772000.0,103279252700.0,0.017132945475897943
sh000001,2009-05-26,2615.01,2588.58,2585.91,2618.80,11451467000.0,118131294500.0,-0.008210696510741466
sh000001,2009-05-25,2555.34,2610.01,2538.62,2618.36,11200078500.0,112783408600.0,0.004777486910994888
sh000001,2009-05-22,2595.99,2597.6,2578.59,2617.75,9914729800.0,99118250399.99998,-0.004987321019527924
sh000001,2009-05-21,2639.14,2610.62,2598.87,2663.23,13892698100.0,138836441700.0,-0.015384267238940819
sh000001,2009-05-20,2680.55,2651.41,2651.01,2686.35,13824586100.0,137726378300.0,-0.009440799796763155
sh000001,2009-05-19,2679.40,2676.68,2660.56,2688.11,14746609700.0,148278271700.0,0.009009416536614356
sh000001,2009-05-18,2632.57,2652.78,2589.61,2656.84,11904889400.0,117756928300.0,0.0028428207435184927
sh000001,2009-05-15,2646.89,2645.26,2623.36,2661.37,11089018200.0,106608365500.0,0.0020341756664103983
sh000001,2009-05-14,2631.45,2639.89,2610.22,2651.49,12476244200.0,121454136800.0,-0.008964737946594581
sh000001,2009-05-13,2629.03,2663.77,2608.32,2670.21,14583600600.0,144852897900.0,0.017416745283919566
sh000001,2009-05-12,2562.36,2618.17,2558.96,2619.69,12300596000.0,113535287100.00002,0.014892915980230681
sh000001,2009-05-11,2646.29,2579.75,2579.75,2663.95,17824835900.0,172321991700.00003,-0.01748138556167045
sh000001,2009-05-08,2586.76,2625.65,2574.57,2634.06,16192097600.0,156218401000.0,0.010856801863366128
sh000001,2009-05-07,2612.12,2597.45,2566.12,2622.11,18181146000.0,174950684000.0,0.0019016246740621856
sh000001,2009-05-06,2563.56,2592.52,2552.63,2596.93,16070858300.0,154739266200.0,0.009807816650696743
sh000001,2009-05-05,2577.43,2567.34,2552.39,2590.78,15842228300.0,151483744800.0,0.0029024457891098088
sh000001,2009-05-04,2486.69,2559.91,2486.23,2560.54,15336999000.0,146556669900.0,0.033234177036370216
sh000001,2009-04-30,2477.93,2477.57,2461.37,2491.07,13115416800.0,128415988400.0,0.0038003557262609178
sh000001,2009-04-29,2401.66,2468.19,2395.48,2477.73,12653072200.0,121162110100.0,0.027795822506496037
sh000001,2009-04-28,2382.88,2401.44,2372.34,2411.44,9481529600.0,90832146500.0,-0.001625543060261414
sh000001,2009-04-27,2443.44,2405.35,2393.16,2452.93,11300818300.0,103129576199.99998,-0.01766315445560729
sh000001,2009-04-24,2477.16,2448.6,2445.66,2481.53,11379684500.0,108707319000.0,-0.006229834209298013
sh000001,2009-04-23,2440.68,2463.95,2422.79,2474.15,12611975600.0,113289481800.0,0.001056330875332634
sh000001,2009-04-22,2548.11,2461.35,2449.90,2579.22,19398409600.0,177684058299.99997,-0.029371054053307977
sh000001,2009-04-21,2523.26,2535.83,2499.60,2552.60,16462154200.0,154981760700.0,-0.008457610285204864
sh000001,2009-04-20,2500.17,2557.46,2497.32,2559.04,14790425100.0,140514630600.0,0.021374314081008317
sh000001,2009-04-17,2524.63,2503.94,2481.90,2539.35,16159359500.0,157622439900.0,-0.011913358825316744
sh000001,2009-04-16,2542.34,2534.13,2497.12,2549.31,18616311900.0,175385575200.0,-0.0007610230041875665
sh000001,2009-04-15,2514.59,2536.06,2485.93,2542.54,18108568800.0,174328823200.0,0.003513797988271561
sh000001,2009-04-14,2512.01,2527.18,2495.34,2532.09,16518009300.0,161980251300.0,0.005362612881409934
sh000001,2009-04-13,2468.08,2513.7,2464.06,2522.45,19134493200.0,187711671000.0,0.028422038842498276
sh000001,2009-04-10,2400.01,2444.23,2392.80,2444.98,15749119600.0,155514586700.0,0.027039178445972034
sh000001,2009-04-09,2345.01,2379.88,2331.88,2380.94,11323497600.0,106619208500.0,0.013840904153123335
sh000001,2009-04-08,2429.88,2347.39,2346.54,2435.39,14680915700.0,135641110600.0,-0.03763149911035679
sh000001,2009-04-07,2422.10,2439.18,2407.51,2449.54,12420922300.0,116789605500.0,0.008017257767234831
sh000001,2009-04-03,2446.12,2419.78,2406.50,2456.81,17025168400.0,157219614600.0,-0.0022718932581257123
sh000001,2009-04-02,2417.22,2425.29,2417.11,2450.00,18838598300.0,172522522000.0,0.007171867343294558
sh000001,2009-04-01,2380.98,2408.02,2380.98,2422.63,17985761900.0,166542111000.0,0.014667897067684565
sh000001,2009-03-31,2313.88,2373.21,2299.16,2375.71,14269549800.0,135218694600.00002,0.006433309019355127
sh000001,2009-03-30,2377.96,2358.04,2348.53,2380.19,13988060600.0,126966646900.0,-0.0069068917302606
sh000001,2009-03-27,2380.63,2374.44,2361.09,2392.77,18652838900.0,162372580300.0,0.005394419274251661
sh000001,2009-03-26,2296.05,2361.7,2274.90,2362.05,15855682200.0,142115262700.0,0.03061246754380198
sh000001,2009-03-25,2333.16,2291.55,2291.36,2355.69,14484246900.0,132141017300.0,-0.020043448140197206
sh000001,2009-03-24,2359.68,2338.42,2327.43,2369.45,16272708100.0,149657505400.0,0.005564442609697906
sh000001,2009-03-23,2286.25,2325.48,2276.81,2329.18,16006023500.0,150481167200.0,0.01945999500238904
sh000001,2009-03-20,2272.44,2281.09,2250.41,2294.12,15052366400.0,133689859500.0,0.006765941670785924
sh000001,2009-03-19,2227.34,2265.76,2220.16,2268.14,14582231900.0,127776268600.0,0.01890067589140787
sh000001,2009-03-18,2227.98,2223.73,2221.59,2255.01,14699459900.0,125865348699.99998,0.002434263612717702
sh000001,2009-03-17,2156.77,2218.33,2151.78,2225.19,13080542300.0,112232753400.0,0.030204942204719254
sh000001,2009-03-16,2122.41,2153.29,2108.61,2158.90,7338263500.0,61350177699.99999,0.011480376729219977
sh000001,2009-03-13,2148.42,2128.85,2124.98,2166.02,8350488700.0,71086096900.0,-0.002357208465330829
sh000001,2009-03-12,2127.73,2133.88,2086.02,2136.79,8721315100.0,70844692400.0,-0.0024029695842020526
sh000001,2009-03-11,2199.98,2139.02,2133.14,2203.53,10372345300.0,88140678300.0,-0.00905692194369434
sh000001,2009-03-10,2097.14,2158.57,2088.16,2159.27,8394026200.0,69210911800.0,0.018794100294985405
sh000001,2009-03-09,2205.75,2118.75,2116.45,2232.67,12430064700.0,103789266900.0,-0.033862134691588386
sh000001,2009-03-06,2180.79,2193.01,2171.67,2221.04,12386323300.0,105456001900.0,-0.012637995929907886
sh000001,2009-03-05,2220.15,2221.08,2173.49,2241.76,18244110500.0,154447113400.0,0.010449886493396399
sh000001,2009-03-04,2076.62,2198.11,2076.62,2201.73,15481127500.0,127892955200.0,0.061155819892538155
sh000001,2009-03-03,2047.21,2071.43,2037.02,2088.63,9778172800.0,79994309100.0,-0.010518522056891744
sh000001,2009-03-02,2066.23,2093.45,2052.99,2102.11,8746258700.0,72211342000.0,0.0050891806899200365
sh000001,2009-02-27,2100.06,2082.85,2064.92,2123.24,12290521000.0,98102105100.0,-0.0181025338833235
sh000001,2009-02-26,2201.67,2121.25,2102.35,2237.55,14863885200.0,127405686900.0,-0.03866634641094557
sh000001,2009-02-25,2222.51,2206.57,2142.60,2234.02,15237689800.0,131714313600.0,0.002690114284416012
sh000001,2009-02-24,2273.75,2200.65,2193.27,2295.59,18385310600.0,158380699100.0,-0.04559411565717464
sh000001,2009-02-23,2249.29,2305.78,2219.71,2313.59,16028911800.0,138632957900.0,0.019588941754957068
sh000001,2009-02-20,2234.37,2261.48,2206.21,2262.33,12893810500.0,109165791600.0,0.015423437338637491
sh000001,2009-02-19,2224.49,2227.13,2190.47,2247.62,12984405000.0,108339620200.0,0.007814974704279942
sh000001,2009-02-18,2271.26,2209.86,2206.06,2295.74,16246187900.0,135271731000.0,-0.047244162384023736
sh000001,2009-02-17,2387.35,2319.44,2316.93,2402.81,19811783600.0,169208652600.00003,-0.02927525435362155
sh000001,2009-02-16,2338.76,2389.39,2328.18,2389.88,21142761000.0,177943626100.0,0.029558900202086402
sh000001,2009-02-13,2249.19,2320.79,2236.18,2323.12,19971551200.0,164495583300.0,0.032338562957888506
sh000001,2009-02-12,2265.79,2248.09,2191.89,2274.20,17397684800.0,142103890000.0,-0.00563070036535418
sh000001,2009-02-11,2230.49,2260.82,2218.30,2305.71,20932807400.0,172321488299.99997,-0.0019159794451604206
sh000001,2009-02-10,2218.49,2265.16,2197.01,2266.40,17258736100.0,135681439600.00002,0.018182145088573298
sh000001,2009-02-09,2211.32,2224.71,2196.71,2238.89,19231268600.0,150469045900.0,0.019929031193266278
sh000001,2009-02-06,2102.08,2181.24,2102.08,2185.09,16086018900.0,120665866600.0,0.039665970772442494
sh000001,2009-02-05,2106.84,2098.02,2082.60,2149.48,16535219700.0,124500738400.0,-0.004616296999169767
sh000001,2009-02-04,2068.09,2107.75,2067.79,2108.26,15178586700.0,110696114200.0,0.022777451584571118
sh000001,2009-02-03,2011.77,2060.81,2005.02,2060.93,13440769400.0,96712688400.0,0.024422373339696213
sh000001,2009-02-02,2008.13,2011.68,1987.13,2012.74,8476627200.0,61818715800.0,0.010559311986979125
sh000001,2009-01-23,2001.17,1990.66,1986.35,2008.79,8596770600.0,62932392400.0,-0.0071273597845332715
sh000001,2009-01-22,1996.09,2004.95,1980.44,2009.85,8828449500.0,66506084600.0,0.010040201106286117
sh000001,2009-01-21,1965.94,1985.02,1960.53,2007.91,8728919800.0,68074243500.0,-0.0045584245603301765
sh000001,2009-01-20,1981.15,1994.11,1956.10,1994.81,7456538900.0,55559942600.0,0.0037449601594627957
sh000001,2009-01-19,1971.00,1986.67,1966.19,2018.51,10940136100.0,81124780600.0,0.01649065717034026
sh000001,2009-01-16,1928.92,1954.44,1928.92,1984.73,13297253800.0,100032422200.0,0.017826175262080746
sh000001,2009-01-15,1912.77,1920.21,1902.54,1937.73,11598440900.0,83224642500.0,-0.0044896753021198554
sh000001,2009-01-14,1862.31,1928.87,1862.31,1929.28,8791805100.0,64187216900.00001,0.03515136553663534
sh000001,2009-01-13,1880.87,1863.37,1861.81,1888.31,7383646000.0,49268185700.0,-0.019459573236509042
sh000001,2009-01-12,1897.70,1900.35,1886.83,1924.44,8364555700.0,59507232600.0,-0.0023676280671545147
sh000001,2009-01-09,1875.16,1904.86,1875.16,1909.35,7122477900.0,50131264100.0,0.014205241244183098
sh000001,2009-01-08,1890.24,1878.18,1862.26,1894.17,8037400000.0,55076814300.0,-0.02382004251537151
sh000001,2009-01-07,1938.97,1924.01,1920.52,1948.23,9236008600.0,63931164700.0,-0.006783160829053059
sh000001,2009-01-06,1878.83,1937.15,1871.97,1938.69,9906675600.0,69012567700.0,0.030004466374579986
sh000001,2009-01-05,1849.02,1880.72,1844.09,1880.72,6713671500.0,46100959100.0,0.03290293880196171
sh000001,2008-12-31,1834.95,1820.81,1814.75,1844.37,5039609900.0,33526169700.000004,-0.006601524351986798
sh000001,2008-12-30,1851.91,1832.91,1826.98,1862.94,5646622100.0,37852627000.0,-0.009494833772858868
sh000001,2008-12-29,1846.30,1850.48,1815.41,1856.33,5502139900.0,37095629500.0,-0.0005617006567576466
sh000001,2008-12-26,1852.91,1851.52,1840.19,1866.63,5325620100.0,34864413000.0,-0.00048585094093134273
sh000001,2008-12-25,1865.72,1852.42,1832.36,1877.77,6456614700.0,42169635300.0,-0.0061058053439209115
sh000001,2008-12-24,1873.58,1863.8,1850.86,1887.31,7449575600.0,48333598099.99999,-0.017620425567801523
sh000001,2008-12-23,1990.05,1897.23,1895.18,1990.05,9898595500.0,66982772300.00001,-0.045543727612991525
sh000001,2008-12-22,2016.45,1987.76,1965.35,2016.45,8682054800.0,60430366500.0,-0.015209615251231212
sh000001,2008-12-19,2006.21,2018.46,1997.12,2038.66,10218339200.0,72954018600.0,0.0013742192499839323
sh000001,2008-12-18,1978.97,2015.69,1958.98,2016.57,9216030400.0,64930771700.0,0.01966289292904766
sh000001,2008-12-17,1983.84,1976.82,1971.82,2003.38,9724727800.0,68394891300.0,0.0009164510559440675
sh000001,2008-12-16,1948.86,1975.01,1907.83,1976.72,7832854400.0,52832685900.0,0.005416494855857046
sh000001,2008-12-15,1977.03,1964.37,1936.56,1989.30,8153695100.0,55210424400.00001,0.005193888098576238
sh000001,2008-12-12,2014.58,1954.22,1932.27,2023.18,10814780800.0,73375910900.0,-0.03812608284769259
sh000001,2008-12-11,2072.58,2031.68,2028.73,2087.20,12169674400.0,87773804500.0,-0.02281734580014616
sh000001,2008-12-10,2025.03,2079.12,2005.56,2079.55,12825105000.0,93077445900.0,0.020306810486126814
sh000001,2008-12-09,2100.77,2037.74,2036.89,2100.81,14533417900.0,104021561900.0,-0.02536386116119893
sh000001,2008-12-08,2049.16,2090.77,2038.19,2091.28,16497306100.0,116505288300.0,0.03572171638611743
sh000001,2008-12-05,1984.26,2018.66,1975.71,2019.75,11849033600.0,80997863100.0,0.00857356982263302
sh000001,2008-12-04,1992.72,2001.5,1985.20,2055.21,17595228000.0,122821692100.00002,0.018362580835550757
sh000001,2008-12-03,1903.43,1965.41,1902.94,1965.83,13491612400.0,89000039000.0,0.04009758472513281
sh000001,2008-12-02,1856.97,1889.64,1846.53,1907.78,10428893400.0,67566346400.0,-0.002628495423884325
sh000001,2008-12-01,1865.74,1894.62,1838.10,1895.76,8189035300.0,52236308400.0,0.012537677162829386
sh000001,2008-11-28,1901.68,1871.16,1856.29,1915.27,7772228100.0,50507472600.0,-0.02435005683417968
sh000001,2008-11-27,2012.69,1917.86,1916.47,2022.48,12233712600.0,83969160800.0,0.010527535987522763
sh000001,2008-11-26,1890.33,1897.88,1873.18,1914.71,6514000300.0,42237583200.0,0.004849845397941532
sh000001,2008-11-25,1925.25,1888.72,1858.17,1939.37,6954117400.0,45757936700.0,-0.004396276343394456
sh000001,2008-11-24,1961.21,1897.06,1893.34,1974.47,8451944400.0,54807506500.0,-0.036727108393969754
sh000001,2008-11-21,1932.60,1969.39,1893.15,2013.18,12712308400.0,83780374500.0,-0.007243819816913244
sh000001,2008-11-20,1977.21,1983.76,1956.73,2030.87,13084057800.0,86046868699.99998,-0.01670904647900595
sh000001,2008-11-19,1889.35,2017.47,1883.84,2023.91,12880964500.0,84200307899.99998,0.060470030434759625
sh000001,2008-11-18,2020.99,1902.43,1889.87,2050.88,15669887900.0,101452985700.0,-0.06306852040640432
sh000001,2008-11-17,1981.26,2030.49,1963.85,2031.10,13684065600.0,90212326500.0,0.0221753488653067
sh000001,2008-11-14,1943.96,1986.44,1921.84,1987.26,13043949300.0,87849964200.0,0.030519659059664583
sh000001,2008-11-13,1837.27,1927.61,1825.88,1942.90,12106744100.0,78179424900.0,0.03684558740472599
sh000001,2008-11-12,1820.44,1859.11,1815.08,1863.90,6587332100.0,40990801900.0,0.008407418054794613
sh000001,2008-11-11,1872.07,1843.61,1840.92,1887.80,9087918500.0,56734541200.0,-0.01663644122039687
sh000001,2008-11-10,1782.31,1874.8,1782.31,1876.16,9127326300.0,56867292100.0,0.07271801385813426
sh000001,2008-11-07,1686.52,1747.71,1680.60,1762.23,4680765800.0,28642256300.0,0.01745919008918806
sh000001,2008-11-06,1720.42,1717.72,1703.10,1728.22,4568071200.0,27071743400.0,-0.02436087492403194
sh000001,2008-11-05,1716.22,1760.61,1716.22,1788.26,6031791100.0,37571925300.0,0.031587273686060735
sh000001,2008-11-04,1707.93,1706.7,1678.96,1717.10,3925345700.0,23806945400.0,-0.007599853468777784
sh000001,2008-11-03,1713.76,1719.77,1702.98,1750.32,3585833300.0,23130131400.0,-0.005217522081918502
sh000001,2008-10-31,1754.21,1728.79,1721.59,1765.68,4021961900.0,25155807700.0,-0.01974359410527271
sh000001,2008-10-30,1732.77,1763.61,1710.73,1788.20,5356092000.0,35407672700.0,0.02546792959687405
sh000001,2008-10-29,1786.20,1719.81,1719.34,1795.09,5218851800.0,35421622200.0,-0.029353997584404712
sh000001,2008-10-28,1671.40,1771.82,1664.93,1786.44,5984744100.0,39753246800.0,0.028125453332172867
sh000001,2008-10-27,1809.23,1723.35,1721.60,1809.23,5053479700.0,32207683900.0,-0.06320327024059313
sh000001,2008-10-24,1875.63,1839.62,1825.53,1888.10,4624458000.0,31704770200.0,-0.019162276866642514
sh000001,2008-10-23,1851.26,1875.56,1828.31,1879.85,4783006500.0,32972464800.0,-0.010686668565581092
sh000001,2008-10-22,1932.68,1895.82,1894.31,1950.79,4831036700.0,32351379300.0,-0.03201891214329111
sh000001,2008-10-21,1978.67,1958.53,1956.11,1996.66,5409673900.0,38697702600.0,-0.00784190556278841
sh000001,2008-10-20,1924.18,1974.01,1890.92,1979.84,4456978500.0,32116330000.0,0.022458757413306385
sh000001,2008-10-17,1921.84,1930.65,1902.60,1941.30,3864729800.0,26152709500.0,0.010843272563536122
sh000001,2008-10-16,1916.13,1909.94,1901.50,1943.32,5067244700.0,35148740300.0,-0.04247820441476535
sh000001,2008-10-15,1995.89,1994.67,1963.10,2013.49,4081795700.0,29604089400.0,-0.011227767533162791
sh000001,2008-10-14,2139.06,2017.32,2016.18,2146.73,6804248300.0,53353969200.0,-0.027127128575355708
sh000001,2008-10-13,1978.56,2073.57,1931.47,2074.47,5663380600.0,41943161600.0,0.036489600463867955
sh000001,2008-10-10,1995.96,2000.57,1963.18,2027.83,5407752700.0,38454350000.0,-0.03567469078078456
sh000001,2008-10-09,2125.57,2074.58,2063.41,2130.87,4507100100.0,35875033500.0,-0.00843123572090887
sh000001,2008-10-08,2095.91,2092.22,2059.09,2127.09,5075947300.0,40761269600.0,-0.030410039669299116
sh000001,2008-10-07,2101.09,2157.84,2072.90,2183.00,5690261100.0,47167609100.0,-0.007314582240746215
sh000001,2008-10-06,2267.39,2173.74,2172.57,2267.39,6093813700.0,47348416200.0,-0.05233283052428761
sh000001,2008-09-26,2304.12,2293.78,2246.28,2310.45,7825930700.0,66635113099.99999,-0.0016191512513601403
sh000001,2008-09-25,2214.58,2297.5,2211.45,2333.28,10123040400.0,83512907000.0,0.036399150130141944
sh000001,2008-09-24,2133.10,2216.81,2116.96,2218.29,6454781800.0,49021260500.0,0.006949775381442702
sh000001,2008-09-23,2209.12,2201.51,2181.96,2253.40,10016515200.0,77600430800.0,-0.015605367530998171
sh000001,2008-09-22,2241.72,2236.41,2164.80,2269.73,13993063600.0,113692449200.0,0.07774120640550519
sh000001,2008-09-19,2067.64,2075.09,2043.32,2075.09,5843353600.0,41555012500.0,0.09454911806903543
sh000001,2008-09-18,1876.12,1895.84,1802.33,1942.85,6633320200.0,43437772100.0,-0.0172157279489904
sh000001,2008-09-17,1971.94,1929.05,1922.68,1999.95,4585347200.0,32005441400.0,-0.028988644142874498
sh000001,2008-09-16,2049.81,1986.64,1974.39,2049.81,4622344500.0,33820604500.0,-0.04473305861026022
sh000001,2008-09-12,2077.55,2079.67,2064.29,2104.63,3031247500.0,22716506600.0,0.00033189352470919253
sh000001,2008-09-11,2143.40,2078.98,2070.43,2148.12,3644180300.0,27236533700.0,-0.03337424910264286
sh000001,2008-09-10,2131.80,2150.76,2102.91,2185.69,3901204200.0,28504635200.0,0.002320834381903003
sh000001,2008-09-09,2152.28,2145.78,2114.50,2161.35,3072269100.0,21768671800.0,0.001101044125743078
sh000001,2008-09-08,2210.34,2143.42,2135.38,2220.55,3766949700.0,27669314800.0,-0.026801970532815633
sh000001,2008-09-05,2224.53,2202.45,2199.37,2238.32,3860817100.0,27970605000.0,-0.032914582793612035
sh000001,2008-09-04,2270.52,2277.41,2249.12,2295.36,3416308900.0,25834811500.0,0.0003250361273261504
sh000001,2008-09-03,2301.94,2276.67,2248.07,2321.53,4225000600.0,32463648800.0,-0.012243534398604594
sh000001,2008-09-02,2312.10,2304.89,2284.92,2329.01,3419029100.0,25957452200.000004,-0.008709152997238845
sh000001,2008-09-01,2380.47,2325.14,2311.73,2380.47,3626524000.0,28678403200.0,-0.0301288495309443
sh000001,2008-08-29,2361.05,2397.37,2352.10,2420.85,4640576800.0,37316396900.0,0.02009667509169666
sh000001,2008-08-28,2341.96,2350.14,2333.03,2374.25,3475273400.0,28602903100.0,0.0034113955126697793
sh000001,2008-08-27,2343.88,2342.15,2310.46,2385.99,4095260400.0,32569013700.0,-0.0033743532135075416
sh000001,2008-08-26,2384.95,2350.08,2327.22,2403.02,4097946600.0,31328604000.0,-0.026224739679369446
sh000001,2008-08-25,2408.10,2413.37,2382.29,2443.99,3375721700.0,26848283400.0,0.0033842917309363507
sh000001,2008-08-22,2414.46,2405.23,2362.09,2426.71,4628459300.0,36347766900.0,-0.010893523925451842
sh000001,2008-08-21,2484.49,2431.72,2431.05,2518.44,6133199000.0,51914051800.0,-0.036286103801401515
sh000001,2008-08-20,2332.48,2523.28,2306.66,2523.47,7373666300.0,59038931800.0,0.07626883687997732
sh000001,2008-08-19,2297.25,2344.47,2284.59,2355.93,3859382100.0,27699092400.000004,0.010604042467896813
sh000001,2008-08-18,2451.78,2319.87,2318.93,2455.50,5365679600.0,35866644300.0,-0.05334998224931764
sh000001,2008-08-15,2434.41,2450.61,2414.57,2476.86,3129606800.0,27201869000.0,0.0055517258358364074
sh000001,2008-08-14,2432.20,2437.08,2409.01,2454.25,3130522600.0,27731353300.0,-0.0037689572006704974
sh000001,2008-08-13,2440.52,2446.3,2370.74,2458.77,4100523100.0,35322519400.0,-0.004435943350154514
sh000001,2008-08-12,2445.22,2457.2,2430.85,2484.75,3663263200.0,31055560400.0,-0.0052103786532367025
sh000001,2008-08-11,2595.90,2470.07,2453.71,2601.50,4716145000.0,41510408300.0,-0.052058548117218884
sh000001,2008-08-08,2724.43,2605.72,2595.92,2725.93,4850743700.0,46304907800.0,-0.04467696639511953
sh000001,2008-08-07,2717.50,2727.58,2691.36,2742.71,3949212100.0,38724122700.0,0.0030190816255235564
sh000001,2008-08-06,2711.60,2719.37,2678.86,2743.11,4060552500.0,41130300100.0,0.010636439654371443
sh000001,2008-08-05,2751.20,2690.75,2684.73,2762.26,4237855200.0,42511686400.0,-0.018597678846280052
sh000001,2008-08-04,2782.99,2741.74,2738.85,2793.26,3717031800.0,37566055900.0,-0.021443204774039826
sh000001,2008-08-01,2751.02,2801.82,2721.95,2830.76,4921541900.0,50743916800.0,0.009402965717003386
sh000001,2008-07-31,2844.65,2775.72,2774.10,2848.00,4453026900.0,43577577200.0,-0.02148646123800102
sh000001,2008-07-30,2884.59,2836.67,2822.19,2894.37,4894688400.0,48912863300.0,-0.004785444390259297
sh000001,2008-07-29,2868.01,2850.31,2827.70,2868.01,5863227800.0,59263834800.00001,-0.018153571637714028
sh000001,2008-07-28,2883.76,2903.01,2883.76,2924.45,6231879200.0,64491647000.0,0.01323164985515346
sh000001,2008-07-25,2875.77,2865.1,2851.93,2888.58,6253105900.0,63867379900.0,-0.015527662191740399
sh000001,2008-07-24,2861.81,2910.29,2849.10,2912.70,7250544500.0,77975696800.0,0.025526366791761346
sh000001,2008-07-23,2870.93,2837.85,2831.11,2887.58,6149797500.0,64221812100.0,-0.002905710230067582
sh000001,2008-07-22,2852.44,2846.12,2830.76,2868.62,6151910700.0,65130356200.0,-0.0053469955476651565
sh000001,2008-07-21,2759.88,2861.42,2745.64,2865.06,6648770000.0,69669133700.0,0.029891627105101293
sh000001,2008-07-18,2711.74,2778.37,2665.91,2785.53,5787350000.0,59102962300.00001,0.034859467069927375
sh000001,2008-07-17,2747.95,2684.78,2676.15,2773.28,5084233300.0,51451570100.0,-0.007794166016844795
sh000001,2008-07-16,2753.90,2705.87,2656.61,2765.15,6004392200.0,60360593500.0,-0.026472863336271524
sh000001,2008-07-15,2886.11,2779.45,2769.91,2896.33,7091523400.0,75183081200.0,-0.03432976867968851
sh000001,2008-07-14,2837.50,2878.26,2828.24,2895.30,5446592300.0,59458811200.0,0.007571859148717275
sh000001,2008-07-11,2863.81,2856.63,2821.31,2888.29,6482055300.0,69789668100.0,-0.006545062511954525
sh000001,2008-07-10,2879.62,2875.45,2862.06,2952.04,9090484100.0,99505895399.99998,-0.015442296827652413
sh000001,2008-07-09,2838.86,2920.55,2838.86,2920.55,9702611900.0,105832317700.0,0.03751398781505899
sh000001,2008-07-08,2805.61,2814.95,2754.62,2843.60,8020468000.0,87478469700.0,0.00807549061738988
sh000001,2008-07-07,2673.55,2792.4,2673.55,2801.53,7740584800.0,82037582100.0,0.0458857855567083
sh000001,2008-07-04,2691.21,2669.89,2645.83,2713.48,5729192800.0,62000179300.0,-0.012442991200393716
sh000001,2008-07-03,2610.81,2703.53,2566.53,2746.37,6814671700.0,74072058300.0,0.019534417154084327
sh000001,2008-07-02,2656.04,2651.73,2627.90,2700.90,4018179300.0,43562554300.0,4.52555240022523e-05
sh000001,2008-07-01,2743.16,2651.61,2644.78,2753.33,4068142300.0,42996490199.99999,-0.03087971930850475
sh000001,2008-06-30,2724.40,2736.1,2693.40,2766.80,3851885400.0,40556340500.0,-0.004486197574615325
sh000001,2008-06-27,2809.31,2748.43,2723.16,2822.26,6052991900.0,61718685199.99999,-0.052869721040026185
sh000001,2008-06-26,2904.09,2901.85,2851.12,2931.31,6551922800.0,69186564900.0,-0.0010877759456938696
sh000001,2008-06-25,2794.04,2905.01,2784.42,2910.48,6481910500.0,67510404500.0,0.036385755363857575
sh000001,2008-06-24,2747.32,2803.02,2728.83,2817.17,4838723100.0,49942894600.0,0.015432434194796452
sh000001,2008-06-23,2780.15,2760.42,2741.19,2813.14,4067003200.0,41900494900.0,-0.025185928086618015
sh000001,2008-06-20,2811.08,2831.74,2695.63,2917.33,7415683000.0,79217445700.0,0.030146933103420537
sh000001,2008-06-19,2921.72,2748.87,2742.15,2921.72,5679582700.0,59626571000.0,-0.06536625503209659
sh000001,2008-06-18,2772.37,2941.12,2729.71,2945.42,6634980300.0,69029288600.0,0.05237319974953025
sh000001,2008-06-17,2873.13,2794.75,2769.12,2893.47,4329814700.0,43840532600.0,-0.02760864270554253
sh000001,2008-06-16,2876.29,2874.1,2811.72,2917.81,4038592400.0,43220736500.0,0.001847462353597118
sh000001,2008-06-13,2960.91,2868.8,2865.50,2976.45,4106943000.0,45180876500.0,-0.030001386291939602
sh000001,2008-06-12,3011.56,2957.53,2900.12,3031.06,4953582400.0,56831225900.0,-0.022058434515779046
sh000001,2008-06-11,3042.16,3024.24,2992.35,3064.20,4693934500.0,54181027500.0,-0.0156526154417006
sh000001,2008-06-10,3202.11,3072.33,3045.06,3215.50,5090954600.0,60727533500.0,-0.07728693834524147
sh000001,2008-06-06,3362.00,3329.67,3312.72,3371.28,3476321700.0,42763182400.0,-0.00655796398788655
sh000001,2008-06-05,3355.93,3351.65,3326.54,3376.34,4183466300.0,53340180700.0,-0.0054185423349584205
sh000001,2008-06-04,3424.04,3369.91,3341.74,3428.47,4803815600.0,59171321500.0,-0.019348737050401632
sh000001,2008-06-03,3456.58,3436.4,3409.23,3469.06,5664249400.0,69390159100.0,-0.006545168601692963
sh000001,2008-06-02,3426.20,3459.04,3400.72,3483.61,4918607800.0,61959616300.0,0.007482487949087568
sh000001,2008-05-30,3414.25,3433.35,3390.88,3450.49,4849540700.0,64903877699.99999,0.009381320852344777
sh000001,2008-05-29,3447.77,3401.44,3400.77,3481.73,5143993300.0,67304826800.0,-0.01664917621414097
sh000001,2008-05-28,3382.77,3459.03,3354.25,3486.33,5247676000.0,68719496500.0,0.024773286800714667
sh000001,2008-05-27,3355.11,3375.41,3333.95,3383.68,4249931100.0,55213458000.0,0.003230753684010157
sh000001,2008-05-26,3442.29,3364.54,3361.99,3443.99,5277659600.0,67226185599.99999,-0.03125458885315391
sh000001,2008-05-23,3473.80,3473.09,3435.84,3521.39,5995055900.0,76183956600.0,-0.0035976279754305063
sh000001,2008-05-22,3493.07,3485.63,3469.79,3558.02,6850470300.0,93894974600.00002,-0.016522816214706304
sh000001,2008-05-21,3414.34,3544.19,3355.08,3560.53,7364107600.0,96569945200.0,0.029342232135596502
sh000001,2008-05-20,3601.55,3443.16,3432.38,3632.01,6637705300.0,88932320399.99998,-0.04482961417681075
sh000001,2008-05-19,3615.59,3604.76,3563.61,3624.84,4845016500.0,67598479700.0,-0.005372175606956464
sh000001,2008-05-16,3637.64,3624.23,3582.50,3661.07,6481285300.0,89546567700.0,-0.0035988035146756747
sh000001,2008-05-15,3676.84,3637.32,3636.22,3706.72,8395532200.0,112578312600.0,-0.0054983964149688536
sh000001,2008-05-14,3549.67,3657.43,3549.67,3661.97,8859207800.0,122318730800.0,0.027298721434509954
sh000001,2008-05-13,3515.71,3560.24,3508.32,3615.06,9074717700.0,122656336300.00002,-0.01840098373853738
sh000001,2008-05-12,3548.61,3626.98,3521.88,3668.86,7989122000.0,116693604100.0,0.0037332329686812216
sh000001,2008-05-09,3682.96,3613.49,3552.47,3693.16,8789842500.0,128933582100.00002,-0.011854497325559876
sh000001,2008-05-08,3538.92,3656.84,3523.02,3658.05,7517324200.0,108817352000.0,0.021706271042007286
sh000001,2008-05-07,3716.45,3579.15,3577.99,3774.07,9049714300.0,133546608600.0,-0.04134190437926877
sh000001,2008-05-06,3735.85,3733.5,3680.99,3786.02,9893225000.0,148301709500.0,-0.007314524555903978
sh000001,2008-05-05,3739.80,3761.01,3696.70,3768.22,9969691600.0,147566887300.0,0.018385588298209354
sh000001,2008-04-30,3545.57,3693.11,3543.02,3705.09,10761770800.0,156313294400.0,0.048163568815437374
sh000001,2008-04-29,3457.35,3523.41,3453.28,3544.23,6717525000.0,99574311100.0,0.01401263986738499
sh000001,2008-04-28,3497.38,3474.72,3460.25,3530.91,7574497500.0,109162265900.0,-0.023337783711615545
sh000001,2008-04-25,3572.55,3557.75,3527.84,3658.55,12962102100.0,184722794200.00003,-0.007055480975598938
sh000001,2008-04-24,3539.87,3583.03,3461.64,3593.20,14206628700.0,189595479700.0,0.0929436633895917
sh000001,2008-04-23,3116.41,3278.33,3089.89,3296.72,6623512500.0,86113923600.0,0.04147036492269174
sh000001,2008-04-22,3076.72,3147.79,2990.79,3148.73,4878741300.0,58797233800.0,0.009884567754685714
sh000001,2008-04-21,3305.15,3116.98,3073.56,3305.17,5995529300.0,79571085200.0,0.007209169313690866
sh000001,2008-04-18,3200.57,3094.67,3078.17,3203.71,4366534300.0,54581267300.00001,-0.039739476346214664
sh000001,2008-04-17,3286.41,3222.74,3180.20,3352.95,4584330500.0,62507958600.0,-0.020919917365414986
sh000001,2008-04-16,3349.93,3291.6,3283.08,3363.22,4009118400.0,53205727000.0,-0.01694864634820137
sh000001,2008-04-15,3282.57,3348.35,3212.15,3349.76,4466845700.0,59030368600.0,0.015676424998559035
sh000001,2008-04-14,3419.05,3296.67,3285.30,3427.88,5031170600.0,66952393900.0,-0.05617697665829724
sh000001,2008-04-11,3498.55,3492.89,3462.14,3517.82,4328424400.0,58985569100.0,0.006092046063357337
sh000001,2008-04-10,3378.14,3471.74,3344.87,3474.31,4545515000.0,59699251800.0,0.01693952095983775
sh000001,2008-04-09,3585.85,3413.91,3413.07,3606.89,5985204900.0,81203386700.0,-0.05498347423142724
sh000001,2008-04-08,3604.26,3612.54,3563.85,3656.96,6548482300.0,92719515500.0,0.003589267756040959
sh000001,2008-04-07,3418.52,3599.62,3386.51,3613.48,6099453700.0,84589696300.00002,0.04450647662379881
sh000001,2008-04-03,3323.43,3446.24,3271.29,3456.95,5088922400.0,66413044100.0,0.02937978661122842
sh000001,2008-04-02,3370.60,3347.88,3283.64,3464.53,6548728600.0,86430288900.0,0.005623040046137895
sh000001,2008-04-01,3461.09,3329.16,3308.90,3493.13,5483137600.0,73093942400.0,-0.041336593035410485
sh000001,2008-03-31,3465.91,3472.71,3445.56,3555.82,4711346900.0,66825473200.0,-0.030009915785651486
sh000001,2008-03-28,3378.63,3580.15,3357.23,3590.75,6329168400.0,90291919900.0,0.049438808262665335
sh000001,2008-03-27,3541.28,3411.49,3407.90,3541.28,5506986600.0,76938808900.0,-0.054166227688349555
sh000001,2008-03-26,3644.13,3606.86,3591.11,3698.33,4625181800.0,70507849600.0,-0.006270628881260287
sh000001,2008-03-25,3559.94,3629.62,3521.53,3659.21,5276533600.0,77829673400.0,0.0009458963816015853
sh000001,2008-03-24,3830.35,3626.19,3624.94,3840.48,5895967800.0,88537601500.0,-0.044879865563217436
sh000001,2008-03-21,3790.11,3796.58,3746.40,3838.06,6509346400.0,96409712700.0,-0.001963696586532837
sh000001,2008-03-20,3721.50,3804.05,3516.33,3857.62,7326269400.0,106243521700.0,0.01128240301360317
sh000001,2008-03-19,3746.05,3761.61,3677.82,3813.89,6158664300.0,88277827800.0,0.025269154242415937
sh000001,2008-03-18,3789.56,3668.9,3607.25,3862.77,5786100100.0,79535892300.0,-0.03956754492742243
sh000001,2008-03-17,3941.26,3820.05,3813.00,3941.26,4910027300.0,73613176800.0,-0.03599088493364322
sh000001,2008-03-14,3956.75,3962.67,3891.70,4000.78,4140725700.0,64286805100.0,-0.002163041452838632
sh000001,2008-03-13,4033.32,3971.26,3902.25,4055.45,6365340000.0,96343796100.0,-0.024289210146138163
sh000001,2008-03-12,4254.67,4070.12,4068.78,4272.98,5722445800.0,88663903699.99998,-0.02298673989649247
sh000001,2008-03-11,4121.65,4165.88,4063.47,4165.92,5133343900.0,79620807600.0,0.004722282516942844
sh000001,2008-03-10,4265.61,4146.3,4120.53,4265.61,6568220500.0,97355257700.0,-0.03586077962664991
sh000001,2008-03-07,4315.81,4300.52,4265.83,4341.29,5674740200.0,92203521900.0,-0.013866117555875968
sh000001,2008-03-06,4310.35,4360.99,4260.79,4427.50,8493214500.0,133186791700.0,0.015920235751808454
sh000001,2008-03-05,4316.25,4292.65,4210.96,4352.82,7410968000.0,113543590000.0,-0.009872100935312433
sh000001,2008-03-04,4454.18,4335.45,4321.27,4472.15,8695651500.0,135912352600.0,-0.023166684316186403
sh000001,2008-03-03,4323.70,4438.27,4279.35,4456.96,7851384000.0,125329686500.0,0.02063451181316034
sh000001,2008-02-29,4293.53,4348.54,4275.90,4364.81,4783538300.0,75515513700.0,0.011403625064251521
sh000001,2008-02-28,4343.28,4299.51,4265.50,4344.93,4792225300.0,75527784900.0,-0.007969451206146672
sh000001,2008-02-27,4256.53,4334.05,4222.46,4360.70,5052499100.0,82967322700.0,0.022620558824778536
sh000001,2008-02-26,4302.73,4238.18,4123.31,4331.64,5568663100.0,89872770399.99998,0.010888413440094835
sh000001,2008-02-25,4370.19,4192.53,4182.77,4391.33,5881193500.0,93047459900.0,-0.040674646304936335
sh000001,2008-02-22,4500.38,4370.29,4333.03,4500.38,6760198300.0,109824503699.99998,-0.034655127474498504
sh000001,2008-02-21,4534.17,4527.18,4452.67,4568.21,6130914800.0,100295840100.0,-0.0087255831470342
sh000001,2008-02-20,4682.59,4567.03,4556.81,4695.80,6647465300.0,114782705300.0,-0.020852048221701502
sh000001,2008-02-19,4582.28,4664.29,4544.94,4665.55,6066318800.0,103356946600.0,0.021045718726399265
sh000001,2008-02-18,4546.75,4568.15,4517.60,4601.22,5582461000.0,92538618800.00002,0.01579229419652073
sh000001,2008-02-15,4523.79,4497.13,4431.46,4523.79,4138651600.0,66980796500.0,-0.012123488682693528
sh000001,2008-02-14,4527.05,4552.32,4507.94,4576.98,3491300500.0,57516976500.0,0.013717176755620342
sh000001,2008-02-13,4525.03,4490.72,4454.64,4547.54,3691415100.0,61549818300.0,-0.023692849533665128
sh000001,2008-02-05,4622.54,4599.7,4550.43,4662.97,5261968400.0,93410147300.0,-0.01551099382085841
sh000001,2008-02-04,4415.02,4672.17,4415.02,4672.21,6337457800.0,109153400500.0,0.08132809661240925
sh000001,2008-02-01,4388.25,4320.77,4195.75,4411.70,5930714200.0,96452528200.0,-0.01428574687627615
sh000001,2008-01-31,4408.02,4383.39,4368.30,4487.32,4514155800.0,76189312100.0,-0.007800174292925344
sh000001,2008-01-30,4505.63,4417.85,4330.70,4554.34,5508003700.0,92566887200.0,-0.008992942928796488
sh000001,2008-01-29,4426.27,4457.94,4389.52,4517.60,5035622000.0,79564816500.0,0.00874574875149614
sh000001,2008-01-28,4720.56,4419.29,4409.08,4720.56,6935025700.0,108808414700.0,-0.07190724301665996
sh000001,2008-01-25,4716.98,4761.69,4657.71,4806.89,7792837000.0,129423208400.0,0.00931804066786368
sh000001,2008-01-24,4753.44,4717.73,4625.46,4767.80,9003815800.0,149235591800.0,0.0031213786797927856
sh000001,2008-01-23,4572.90,4703.05,4510.50,4705.07,8796397300.0,140348152200.0,0.03142716157684089
sh000001,2008-01-22,4818.00,4559.75,4511.95,4818.00,9249135100.0,154837414500.0,-0.07217302480038412
sh000001,2008-01-21,5188.79,4914.44,4891.29,5200.93,7564395800.0,130341708800.00002,-0.05135980820421171
sh000001,2008-01-18,5141.37,5180.51,5093.13,5187.61,6863562500.0,118366922100.00002,0.005605992666398718
sh000001,2008-01-17,5235.91,5151.63,5039.79,5312.29,9894195200.0,174740177300.0,-0.026269182570629823
sh000001,2008-01-16,5395.28,5290.61,5288.77,5396.04,8927834100.0,161954601900.0,-0.02813848440149236
sh000001,2008-01-15,5503.93,5443.79,5405.60,5505.04,8071950600.0,151530591000.0,-0.009841939649684384
sh000001,2008-01-14,5507.58,5497.9,5456.93,5522.78,7871409000.0,142250729200.0,0.0024103502847931946
sh000001,2008-01-11,5471.39,5484.68,5423.81,5500.06,8772475000.0,155874958900.0,0.005157114215235348
sh000001,2008-01-10,5449.16,5456.54,5407.31,5483.83,9655328500.0,174138308100.0,0.003813599077230334
sh000001,2008-01-09,5365.22,5435.81,5346.85,5437.76,7680586200.0,139448986300.0,0.009148746966971544
sh000001,2008-01-08,5414.56,5386.53,5344.65,5480.07,10247786300.0,184600542500.0,-0.00126266840214051
sh000001,2008-01-07,5357.45,5393.34,5332.60,5403.35,9193300100.0,162225796000.0,0.005925503164185164
sh000001,2008-01-04,5328.41,5361.57,5318.46,5372.46,8087523800.0,145545035000.0,0.007840431891064759
sh000001,2008-01-03,5269.80,5319.86,5211.05,5321.46,9851032300.0,170429834600.0,0.008923135861144127
sh000001,2008-01-02,5265.00,5272.81,5201.89,5295.02,7656660900.0,133028308600.0,0.0021381491420795484
sh000001,2007-12-28,5320.01,5261.56,5248.69,5336.50,7718703800.0,133680401600.0,-0.008915234634735314
sh000001,2007-12-27,5248.22,5308.89,5203.50,5316.52,8732418400.0,147037686600.0,0.014434348935194574
sh000001,2007-12-26,5209.04,5233.35,5158.76,5262.59,7445862800.0,122851642500.0,0.006185134911693035
sh000001,2007-12-25,5233.17,5201.18,5178.80,5254.40,7102362400.0,125073744000.0,-0.0063199000431770624
sh000001,2007-12-24,5132.91,5234.26,5104.65,5284.34,8508042200.0,140185415600.0,0.025967407453869162
sh000001,2007-12-21,5017.19,5101.78,5013.76,5112.39,6614270500.0,103477896500.0,0.011547444850243949
sh000001,2007-12-20,4965.29,5043.54,4923.29,5050.79,5774268900.0,87842464900.0,0.020591770576593893
sh000001,2007-12-19,4878.07,4941.78,4868.35,4960.42,5627577500.0,86406307899.99998,0.02183752845743636
sh000001,2007-12-18,4856.47,4836.17,4812.16,4905.49,4055804700.0,64859941000.0,-0.008323148975959427
sh000001,2007-12-17,5007.29,4876.76,4874.62,5007.35,6354672200.0,101523460500.0,-0.026188569682761842
sh000001,2007-12-14,4899.75,5007.91,4860.16,5011.20,5305272700.0,81629334300.0,0.010058410178215516
sh000001,2007-12-13,5078.18,4958.04,4954.36,5095.15,6728332400.0,105088959300.0,-0.02698438242070511
sh000001,2007-12-12,5148.25,5095.54,5054.56,5149.93,7215622700.0,112955426500.0,-0.015369810708240284
sh000001,2007-12-11,5180.54,5175.08,5103.75,5209.71,6684842700.0,106437709200.0,0.0025494389684457275
sh000001,2007-12-10,5010.83,5161.92,4990.72,5168.76,6881788900.0,107481990200.0,0.013779125489025379
sh000001,2007-12-07,5038.48,5091.76,5021.37,5096.80,4996157400.0,71663449300.0,0.01125902916940591
sh000001,2007-12-06,5055.84,5035.07,4995.47,5065.51,4315931100.0,64467198000.0,-0.0015031778925762573
sh000001,2007-12-05,4917.37,5042.65,4893.32,5052.75,5429978600.0,79741842400.0,0.02578576819253464
sh000001,2007-12-04,4882.15,4915.89,4882.15,4971.40,4283576600.0,60774976300.0,0.009711190668383995
sh000001,2007-12-03,4838.56,4868.61,4798.01,4899.67,5375077500.0,70035318100.0,-0.000650686196831618
sh000001,2007-11-30,4993.74,4871.78,4861.86,4993.74,4331466200.0,70500393700.0,-0.026292489202191405
sh000001,2007-11-29,4870.86,5003.33,4814.78,5011.19,5007154500.0,81196484500.0,0.04162476917343794
sh000001,2007-11-28,4870.84,4803.39,4778.73,4907.76,3275675700.0,53258090300.0,-0.011873831285447056
sh000001,2007-11-27,4919.91,4861.11,4857.04,4947.08,3083386400.0,52767856400.0,-0.01971021507002646
sh000001,2007-11-26,5102.53,4958.85,4952.43,5124.89,3675579700.0,60055135800.0,-0.014562421877018283
sh000001,2007-11-23,4946.26,5032.13,4896.99,5034.23,3087296200.0,50207938700.0,0.009624490385541362
sh000001,2007-11-22,5113.88,4984.16,4969.89,5154.86,4037033000.0,64731749500.0,-0.04412348515504683
sh000001,2007-11-21,5307.79,5214.23,5206.57,5344.93,4123160900.0,65960121700.0,-0.015012184294538877
sh000001,2007-11-20,5230.74,5293.7,5158.54,5338.17,4905739800.0,79327370600.0,0.004531464072776714
sh000001,2007-11-19,5325.30,5269.82,5240.42,5333.09,4109773100.0,63156668400.0,-0.008737328991943683
sh000001,2007-11-16,5273.08,5316.27,5224.31,5335.51,3738733100.0,61636813400.0,-0.009132811582641676
sh000001,2007-11-15,5391.02,5365.27,5338.90,5453.74,4781941900.0,80951217500.0,-0.008760893382033563
sh000001,2007-11-14,5246.57,5412.69,5165.06,5414.61,5099288000.0,88064090000.0,0.049353252735492736
sh000001,2007-11-13,5239.34,5158.12,5085.44,5311.70,4923731600.0,83044466200.0,-0.005707698742995482
sh000001,2007-11-12,5181.17,5187.73,5032.58,5250.09,5258270300.0,87430687500.0,-0.024044593775985224
sh000001,2007-11-09,5276.01,5315.54,5217.63,5382.70,4734126200.0,80762049300.0,-0.002716687742259971
sh000001,2007-11-08,5559.15,5330.02,5328.20,5559.15,4892466200.0,83761375800.0,-0.04851315117694721
sh000001,2007-11-07,5565.65,5601.78,5469.76,5610.95,4273032800.0,76304024300.0,0.011778050309126487
sh000001,2007-11-06,5593.35,5536.57,5510.16,5649.75,4506803900.0,83589505600.0,-0.017371704425454104
sh000001,2007-11-05,5748.18,5634.45,5603.47,5787.23,6413259700.0,154901017000.0,-0.024812169316748123
sh000001,2007-11-02,5812.46,5777.81,5740.40,5860.59,5954159600.0,106029856000.0,-0.02307631178045033
sh000001,2007-11-01,5978.94,5914.29,5912.50,6005.13,6488510300.0,110768491000.0,-0.006797911590204264
sh000001,2007-10-31,5984.71,5954.77,5871.48,6002.12,7102956400.0,119457835300.0,0.009763972332585746
sh000001,2007-10-30,5769.20,5897.19,5701.34,5899.65,5427882000.0,90650586700.0,0.025955114822546976
sh000001,2007-10-29,5641.98,5748.0,5617.98,5750.25,5016440200.0,82105126000.0,0.028332823460586853
sh000001,2007-10-26,5498.86,5589.63,5462.01,5628.83,5151917500.0,87405045000.0,0.004897175494706474
sh000001,2007-10-25,5794.22,5562.39,5546.04,5819.88,7171444800.0,119753910600.0,-0.04804290865652017
sh000001,2007-10-24,5804.02,5843.11,5793.56,5906.69,6029283100.0,108657305200.0,0.012076093941341126
sh000001,2007-10-23,5660.07,5773.39,5574.84,5776.02,5845396800.0,101206050700.0,0.018714279916645093
sh000001,2007-10-22,5742.79,5667.33,5654.91,5804.84,5443367400.0,95560238000.0,-0.025905586923453794
sh000001,2007-10-19,5869.12,5818.05,5766.86,5932.11,5522489200.0,103271964100.0,-0.0012411420566907916
sh000001,2007-10-18,6031.92,5825.28,5804.97,6055.47,6980542500.0,130346998300.0,-0.03495530359757992
sh000001,2007-10-17,6057.43,6036.28,5982.20,6088.89,7131258800.0,133700992300.0,-0.009156180339655373
sh000001,2007-10-16,6056.95,6092.06,6040.71,6124.04,8815215900.0,163547657200.0,0.010276795205378386
sh000001,2007-10-15,5934.77,6030.09,5866.13,6039.04,9870744200.0,193469592300.0,0.02148473894085634
sh000001,2007-10-12,5950.90,5903.26,5658.81,5959.36,11914843200.0,219294975000.0,-0.0016860497562244392
sh000001,2007-10-11,5798.39,5913.23,5755.99,5914.77,9470965700.0,177988529899.99997,0.02456397514666997
sh000001,2007-10-10,5742.65,5771.46,5727.24,5860.86,9244534400.0,165450578800.0,0.009722020542732634
sh000001,2007-10-09,5678.91,5715.89,5628.35,5725.41,8328903000.0,162493057100.0,0.004064819287690646
sh000001,2007-10-08,5683.31,5692.75,5620.00,5729.96,9598308300.0,155880381900.0,0.02529582335248448
sh000001,2007-09-28,5461.58,5552.3,5461.58,5560.42,8063128500.0,138811825700.0,0.026416977853366497
sh000001,2007-09-27,5338.11,5409.4,5306.82,5411.19,5888430000.0,96153707800.0,0.013277088031888873
sh000001,2007-09-26,5407.83,5338.52,5320.02,5463.90,6360858500.0,105528671000.0,-0.01610061409393493
sh000001,2007-09-25,5500.27,5425.88,5396.48,5509.23,9650957900.0,141709668200.0,-0.010780290282059624
sh000001,2007-09-24,5469.84,5485.01,5404.42,5506.06,8179847100.0,141849593000.0,0.005562206329622121
sh000001,2007-09-21,5482.51,5454.67,5363.35,5489.07,9283880900.0,150683711900.0,-0.0028134974753476483
sh000001,2007-09-20,5408.48,5470.06,5396.11,5482.42,8654720500.0,143185150100.0,0.013862142209750461
sh000001,2007-09-19,5439.02,5395.27,5336.07,5447.36,8972550000.0,150248633300.0,-0.00551868038287906
sh000001,2007-09-18,5446.73,5425.21,5339.92,5458.58,10269099400.0,167849067300.0,0.000704616343778941
sh000001,2007-09-17,5309.06,5421.39,5307.77,5427.17,10563860900.0,167122485800.0,0.020558414812751113
sh000001,2007-09-14,5290.26,5312.18,5201.85,5324.44,9467391200.0,152131382200.0,0.0073175957933779845
sh000001,2007-09-13,5193.41,5273.59,5178.87,5276.77,8655021600.0,140652710600.0,0.019518117476022834
sh000001,2007-09-12,5092.58,5172.63,5025.34,5192.30,9705885500.0,149242811400.0,0.011470540499846527
sh000001,2007-09-11,5362.94,5113.97,5093.92,5395.04,11005526200.0,169972939300.0,-0.045061985438696994
sh000001,2007-09-10,5208.32,5355.29,5169.90,5356.86,10236823500.0,153001820700.0,0.014801465934457303
sh000001,2007-09-07,5381.19,5277.18,5269.25,5405.36,11984102900.0,186645691000.0,-0.021595725351616468
sh000001,2007-09-06,5336.67,5393.66,5314.34,5412.32,10698796600.0,165201384900.0,0.015617468064593742
sh000001,2007-09-05,5296.07,5310.72,5223.67,5337.93,9624062400.0,150817120100.0,0.003150712877122208
sh000001,2007-09-04,5333.40,5294.04,5265.00,5357.93,12042636800.0,186424946700.00003,-0.0050779355992979225
sh000001,2007-09-03,5257.78,5321.06,5257.78,5327.54,12577964900.0,188862012200.0,0.019588681754339587
sh000001,2007-08-31,5184.09,5218.83,5158.37,5235.16,10355626100.0,156775077700.0,0.009858975053600227
sh000001,2007-08-30,5144.11,5167.88,5109.66,5186.53,10121058400.0,155042610300.0,0.011439632209463646
sh000001,2007-08-29,5147.71,5109.43,5063.41,5204.53,10082413900.0,161872469800.0,-0.016412913956366904
sh000001,2007-08-28,5134.14,5194.69,5058.45,5209.51,10543673900.0,166941754800.0,0.008654167281539005
sh000001,2007-08-27,5144.82,5150.12,5092.08,5192.06,11615424400.0,176176629600.0,0.008311030274077869
sh000001,2007-08-24,5070.65,5107.67,5052.24,5125.36,10899563600.0,165331338400.0,0.014938926853307333
sh000001,2007-08-23,5002.84,5032.49,4968.33,5050.38,9930942800.0,153367600800.0,0.010523927326468563
sh000001,2007-08-22,4876.35,4980.08,4861.27,4999.19,10811093800.0,162198413500.0,0.005018959842266968
sh000001,2007-08-21,4944.21,4955.21,4917.82,4982.98,10420410900.0,155844669000.0,0.010265328674009089
sh000001,2007-08-20,4773.83,4904.86,4758.40,4906.00,9915293700.0,145314066800.0,0.053320362412677236
sh000001,2007-08-17,4733.14,4656.57,4646.43,4814.37,9115904800.0,133777847700.0,-0.022847789820478637
sh000001,2007-08-16,4845.02,4765.45,4710.31,4845.02,9053841100.0,128304424000.0,-0.02144406022324996
sh000001,2007-08-15,4875.51,4869.88,4762.72,4916.31,9050967500.0,131310547300.0,-0.000597193804781182
sh000001,2007-08-14,4820.15,4872.79,4789.90,4876.85,8856820800.0,128066264800.0,0.010939697846084728
sh000001,2007-08-13,4768.62,4820.06,4728.89,4872.55,11418471400.0,161692702700.0,0.014884079362105007
sh000001,2007-08-10,4745.18,4749.37,4640.77,4769.62,10186705800.0,147223396500.0,-0.0009949306914033285
sh000001,2007-08-09,4658.59,4754.1,4658.59,4768.89,9766019800.0,138091129500.0,0.019501797064651605
sh000001,2007-08-08,4614.59,4663.16,4568.69,4711.32,11890916300.0,158919476900.0,0.0025649129370082235
sh000001,2007-08-07,4642.01,4651.23,4581.29,4687.44,11618108500.0,180146927800.0,0.004995559742529965
sh000001,2007-08-06,4600.12,4628.11,4564.31,4629.97,11170797900.0,167699345000.0,0.014765050638378963
sh000001,2007-08-03,4440.98,4560.77,4438.96,4562.69,11511667200.0,173672680000.0,0.034720820013930176
sh000001,2007-08-02,4316.57,4407.73,4290.81,4431.85,9827857800.0,140922818900.0,0.024920010417247784
sh000001,2007-08-01,4488.77,4300.56,4284.87,4502.30,12629287400.0,171068701900.0,-0.03812767975164544
sh000001,2007-07-31,4432.27,4471.03,4379.20,4476.63,10856141000.0,150412365400.0,0.006814133584941207
sh000001,2007-07-30,4348.61,4440.77,4345.79,4450.19,11258976800.0,153510486500.0,0.021956753870795653
sh000001,2007-07-27,4315.37,4345.36,4268.79,4357.34,10024581300.0,137558703100.0,-0.0002530795175844647
sh000001,2007-07-26,4347.78,4346.46,4304.19,4371.51,9921066900.0,132786189700.0,0.005201238676493913
sh000001,2007-07-25,4212.95,4323.97,4212.23,4325.38,9395004300.0,125682739500.0,0.026990758444112473
sh000001,2007-07-24,4238.32,4210.33,4192.72,4284.83,11098925200.0,141618784300.0,-0.0007191410180947821
sh000001,2007-07-23,4091.24,4213.36,4091.24,4220.32,12166896400.0,154332859400.0,0.03806743289355352
sh000001,2007-07-20,3918.41,4058.85,3918.41,4062.12,8311064600.0,104714346700.0,0.03728909720057039
sh000001,2007-07-19,3918.54,3912.94,3887.59,3947.33,4873759500.0,62965662500.0,-0.004356167590316651
sh000001,2007-07-18,3880.85,3930.06,3861.91,3971.61,6287183400.0,80028948100.0,0.00869310788231581
sh000001,2007-07-17,3809.56,3896.19,3767.22,3919.78,4871222300.0,60523645500.0,0.019432641185582078
sh000001,2007-07-16,3920.65,3821.92,3820.57,3931.87,4761528000.0,58881864100.0,-0.023625587574085394
sh000001,2007-07-13,3920.83,3914.4,3878.18,3935.51,4602447100.0,56375761400.0,-0.00040602759455454773
sh000001,2007-07-12,3874.04,3915.99,3861.04,3925.60,5515836300.0,70286328100.0,0.013004045818113985
sh000001,2007-07-11,3837.80,3865.72,3812.14,3879.29,5135388000.0,62299661100.0,0.003296115774120034
sh000001,2007-07-10,3895.91,3853.02,3841.80,3929.42,7656333400.0,93739498000.0,-0.007777051004063562
sh000001,2007-07-09,3809.67,3883.22,3782.73,3900.90,8348053900.0,99410612100.00002,0.026940113980456593
sh000001,2007-07-06,3599.82,3781.35,3563.54,3785.35,8073724100.0,92306322899.99998,0.045764919645894464
sh000001,2007-07-05,3769.64,3615.87,3614.53,3778.40,6340593600.0,73755081200.0,-0.05248717955436999
sh000001,2007-07-04,3906.01,3816.17,3800.27,3916.48,5647477700.0,72263450700.0,-0.021424615100571254
sh000001,2007-07-03,3854.72,3899.72,3821.46,3906.76,6974921700.0,85506976100.0,0.01653420361860025
sh000001,2007-07-02,3800.23,3836.29,3724.19,3859.86,7425406000.0,89585502300.0,0.004080404114429337
sh000001,2007-06-29,3824.29,3820.7,3779.81,3919.35,8609998500.0,104760685200.0,-0.02388738439527871
sh000001,2007-06-28,4080.19,3914.2,3912.81,4113.28,9783161000.0,127378549000.0,-0.04030794880596289
sh000001,2007-06-27,3985.72,4078.6,3948.29,4090.72,9511348100.0,126425584900.0,0.026483816005053562
sh000001,2007-06-26,3863.25,3973.37,3818.85,3976.19,9381746900.0,122451664900.0,0.008193185624245203
sh000001,2007-06-25,4102.79,3941.08,3912.42,4131.13,10160665500.0,140594187200.0,-0.036752251646726686
sh000001,2007-06-22,4230.97,4091.45,4024.49,4249.43,11969203700.0,167518680500.0,-0.03294160470074359
sh000001,2007-06-21,4170.89,4230.82,4147.05,4256.54,11291985600.0,161782945000.0,0.011838366831526947
sh000001,2007-06-20,4269.46,4181.32,4164.27,4312.00,13521277500.0,191919677900.0,-0.020658059922427086
sh000001,2007-06-19,4247.75,4269.52,4209.58,4280.85,12458181400.0,179301809600.0,0.0038017092409512454
sh000001,2007-06-18,4195.39,4253.35,4193.31,4267.74,12897774800.0,182221260900.0,0.029151654903251334
sh000001,2007-06-15,4085.66,4132.87,4067.36,4152.54,10866553200.0,151999781700.0,0.004291397036846112
sh000001,2007-06-14,4162.21,4115.21,4085.78,4179.73,13838560400.0,185906871500.0,-0.014670248630425542
sh000001,2007-06-13,4110.74,4176.48,4102.04,4193.45,16694849900.0,220478795700.0,0.0256228911579659
sh000001,2007-06-12,4011.68,4072.14,3910.00,4073.18,14947239800.0,205009209000.0,0.019135666519841443
sh000001,2007-06-11,3942.00,3995.68,3930.74,4000.42,13384273900.0,179227722600.00003,0.021093035260685733
sh000001,2007-06-08,3900.03,3913.14,3852.04,3935.79,13587719200.0,179390324000.0,0.005741749768685134
sh000001,2007-06-07,3787.70,3890.8,3779.50,3891.40,14236647500.0,177770803100.0,0.030315227523091348
sh000001,2007-06-06,3781.38,3776.32,3682.79,3821.70,14587385200.0,175206331700.00003,0.0024475060391282444
sh000001,2007-06-05,3564.43,3767.1,3404.15,3768.56,15713795900.0,179214278100.0,0.02634590235396672
sh000001,2007-06-04,3981.82,3670.4,3659.09,3987.27,11485935700.0,145977950800.0,-0.0825697246009488
sh000001,2007-06-01,4120.63,4000.74,3966.98,4181.28,16093498500.0,228347543000.0,-0.026501040234569784
sh000001,2007-05-31,4006.28,4109.65,3858.04,4178.11,17311531200.0,239521892200.0,0.013954785114566715
sh000001,2007-05-30,4087.41,4053.09,4015.51,4275.24,18559672900.0,271294175500.0,-0.06501388722283219
sh000001,2007-05-29,4288.98,4334.92,4262.02,4335.96,17209764200.0,248630290500.0,0.014702336784399472
sh000001,2007-05-28,4221.58,4272.11,4215.24,4283.93,17861517400.0,258106458000.0,0.022089679361114722
sh000001,2007-05-25,4133.19,4179.78,4111.26,4190.47,15419286000.0,220997704700.0,0.006901735190177005
sh000001,2007-05-24,4188.68,4151.13,4089.39,4208.39,18098438800.0,251632502200.0,-0.005410054843292933
sh000001,2007-05-23,4125.43,4173.71,4093.92,4175.44,16139947800.0,219307694400.0,0.015407334601666989
sh000001,2007-05-22,4091.14,4110.38,4086.83,4136.63,17356209000.0,233094574200.00003,0.009368331356529591
sh000001,2007-05-21,3902.35,4072.23,3892.98,4083.42,15617106200.0,209602322700.0,0.010413720206636778
sh000001,2007-05-18,4041.39,4030.26,3999.17,4052.10,13075627400.0,173636673299.99997,-0.004453732316607728
sh000001,2007-05-17,4002.49,4048.29,3983.00,4064.28,13927798800.0,187794811300.0,0.015617003341662494
sh000001,2007-05-16,3890.81,3986.04,3845.23,3987.41,13171977400.0,172408865900.0,0.02227647864422777
sh000001,2007-05-15,4055.83,3899.18,3891.36,4069.85,15667755300.0,205493668900.0,-0.0363805762667464
sh000001,2007-05-14,3970.66,4046.39,3940.36,4081.43,13932622100.0,185075205000.0,0.006144198444431259
sh000001,2007-05-11,4024.42,4021.68,3949.37,4039.67,14063821000.0,183254862200.0,-0.006919031039336221
sh000001,2007-05-10,4021.42,4049.7,3991.48,4072.14,17111394000.0,207740725000.0,0.009122646140505175
sh000001,2007-05-09,3961.10,4013.09,3875.38,4015.22,20839744900.0,255328664200.00003,0.015969579823848612
sh000001,2007-05-08,3937.94,3950.01,3901.33,3964.71,16056820000.0,205192339600.0,0.02830834593767162
sh000001,2007-04-30,3784.27,3841.27,3759.48,3851.35,14652571300.0,185961936600.0,0.02164968469654549
sh000001,2007-04-27,3788.75,3759.87,3720.60,3802.92,13217545600.0,162822800000.0,-0.0061299582877353265
sh000001,2007-04-26,3766.48,3783.06,3732.60,3784.68,11725696800.0,142165936600.0,0.010443487644098637
sh000001,2007-04-25,3708.57,3743.96,3653.99,3769.25,15176306100.0,175452455900.0,0.006297489873754447
sh000001,2007-04-24,3736.15,3720.53,3689.13,3762.39,17438934100.0,203917793200.0,0.002597759567112057
sh000001,2007-04-23,3615.79,3710.89,3615.79,3710.89,16349811600.0,183165718600.0,0.03534679984375866
sh000001,2007-04-20,3460.90,3584.2,3460.90,3591.46,13888929200.0,156130185100.0,0.039193741990478426
sh000001,2007-04-19,3610.02,3449.02,3358.93,3617.44,17272554100.0,187759225200.0,-0.04522754955154473
sh000001,2007-04-18,3614.68,3612.4,3564.23,3623.87,15048542400.0,167418751200.0,0.00014673839313150694
sh000001,2007-04-17,3611.63,3611.87,3510.50,3622.89,16066064600.0,176113092900.0,0.004290353794307755
sh000001,2007-04-16,3523.22,3596.44,3523.22,3597.22,13103910100.0,145536446100.0,0.022218306156150724
sh000001,2007-04-13,3537.22,3518.27,3504.16,3563.86,15069587600.0,166487192100.0,-0.003613676462675297
sh000001,2007-04-12,3503.23,3531.03,3488.08,3532.86,13538987900.0,148368251500.0,0.010245420889100076
sh000001,2007-04-11,3454.42,3495.22,3428.78,3497.52,14757211400.0,156207584300.0,0.014786792052933873
sh000001,2007-04-10,3405.23,3444.29,3351.11,3444.37,14780728400.0,152942402300.0,0.013339413642448505
sh000001,2007-04-09,3333.42,3398.95,3333.26,3399.51,13731410400.0,139936999400.0,0.022674276911411884
sh000001,2007-04-06,3287.68,3323.59,3273.86,3334.22,11964488100.0,121981473200.0,0.0013407087378056737
sh000001,2007-04-05,3286.16,3319.14,3259.63,3326.92,11452805100.0,114495514900.0,0.00838513279498354
sh000001,2007-04-04,3295.98,3291.54,3266.56,3308.15,11261610700.0,113258217200.0,7.291951508525685e-05
sh000001,2007-04-03,3265.68,3291.3,3251.52,3292.58,10860139100.0,107136258699.99998,0.011898173768677411
sh000001,2007-04-02,3196.59,3252.6,3196.59,3253.44,9735044600.0,93299356800.0,0.021551642912329916
sh000001,2007-03-30,3178.50,3183.98,3157.03,3212.39,8942400600.0,82999416800.0,-0.004240760084314843
sh000001,2007-03-29,3179.80,3197.54,3176.53,3273.73,14953966100.0,140362614700.0,0.0077276537809405355
sh000001,2007-03-28,3140.68,3173.02,3052.08,3180.33,16726793900.0,151116615400.0,0.010892593737156897
sh000001,2007-03-27,3126.02,3138.83,3103.78,3145.04,12457893100.0,114054540600.0,0.005129995100566553
sh000001,2007-03-26,3083.94,3122.81,3069.47,3123.18,12266053700.0,109828277600.0,0.015782505879406328
sh000001,2007-03-23,3071.81,3074.29,3008.15,3085.32,11868641700.0,104609177800.0,0.0009963434845321473
sh000001,2007-03-22,3080.60,3071.23,3059.38,3099.82,12606554500.0,112647269000.0,0.0045300224375117715
sh000001,2007-03-21,3042.10,3057.38,3020.95,3057.71,9919012700.0,89306939200.0,0.008304201569817371
sh000001,2007-03-20,3024.78,3032.2,2998.80,3033.02,9276189000.0,81627441300.0,0.005891641565265671
sh000001,2007-03-19,2864.26,3014.44,2852.86,3038.00,10997175200.0,94819910100.0,0.028650596489312452
sh000001,2007-03-16,2964.09,2930.48,2899.03,2979.71,12268130800.0,104617575800.0,-0.007189077480773687
sh000001,2007-03-15,2905.98,2951.7,2905.98,2955.46,10174575400.0,86641125800.0,0.015610753080345319
sh000001,2007-03-14,2933.68,2906.33,2868.81,2934.45,11373073900.0,93829876700.0,-0.019718091331932475
sh000001,2007-03-13,2958.10,2964.79,2932.23,2966.19,10718931600.0,88657286500.0,0.003343587452748098
sh000001,2007-03-12,2945.92,2954.91,2904.74,2958.63,10154244400.0,85496576400.0,0.005786426405165468
sh000001,2007-03-09,2934.49,2937.91,2891.81,2962.42,10713910500.0,89725963600.0,0.0033811359933879626
sh000001,2007-03-08,2904.19,2928.01,2871.46,2928.80,8895512300.0,73782479700.0,0.010847237613883953
sh000001,2007-03-07,2851.75,2896.59,2849.65,2911.42,8791393000.0,73844900600.0,0.01986141723411916
sh000001,2007-03-06,2776.17,2840.18,2756.96,2866.33,7704048600.0,63993290599.99999,0.019699782070936367
sh000001,2007-03-05,2827.68,2785.31,2723.06,2858.44,10691058400.0,84960180800.0,-0.01632333049623358
sh000001,2007-03-02,2792.94,2831.53,2777.80,2846.16,9394396500.0,74931594400.0,0.012276606165473325
sh000001,2007-03-01,2877.20,2797.19,2760.91,2878.36,12736486000.0,106613522200.0,-0.029114183272187066
sh000001,2007-02-28,2734.60,2881.07,2732.88,2888.90,12147916800.0,95421808400.0,0.03942578622478621
sh000001,2007-02-27,3048.83,2771.79,2763.40,3049.77,16137566300.0,129212458900.0,-0.08840689337630725
sh000001,2007-02-26,2999.09,3040.6,2960.75,3041.34,11205699200.0,91054567400.0,0.014050499087868262
sh000001,2007-02-16,3018.18,2998.47,2975.83,3036.35,11792172200.0,94064924200.0,0.001824250503673408
sh000001,2007-02-15,2923.67,2993.01,2923.67,2994.62,10883117700.0,86918918800.00002,0.030264122626149303
sh000001,2007-02-14,2836.82,2905.09,2823.38,2915.06,9404455500.0,74326325700.0,0.025855706653201027
sh000001,2007-02-13,2819.14,2831.87,2801.31,2835.09,7900167100.0,62209741500.0,0.008798897109900672
sh000001,2007-02-12,2729.84,2807.17,2728.78,2807.51,7900940300.0,63455731200.0,0.028120524906698474
sh000001,2007-02-09,2741.48,2730.39,2704.37,2747.94,8087443800.0,62974673300.0,-0.00268105328136814
sh000001,2007-02-08,2725.14,2737.73,2691.27,2751.16,8843429500.0,69597596600.0,0.00793393663159292
sh000001,2007-02-07,2688.96,2716.18,2681.33,2745.39,9488376400.0,77315160600.0,0.015128751354785752
sh000001,2007-02-06,2612.84,2675.7,2541.52,2677.04,8662995000.0,68761575700.0,0.024175706400667574
sh000001,2007-02-05,2658.07,2612.54,2610.33,2672.35,6922451200.0,54541808900.0,-0.022695560767766132
sh000001,2007-02-02,2791.49,2673.21,2666.86,2796.44,8544623600.0,65092192900.0,-0.04028821402799565
sh000001,2007-02-01,2744.81,2785.43,2706.29,2801.69,9344353100.0,69672869100.0,-0.00032659330878515025
sh000001,2007-01-31,2926.08,2786.34,2766.75,2929.65,11426597000.0,86136968600.0,-0.04921243721336532
sh000001,2007-01-30,2959.40,2930.56,2901.76,2980.51,11193172100.0,87664383200.0,-0.0049910703978597315
sh000001,2007-01-29,2897.25,2945.26,2885.86,2954.34,11206790600.0,89180334000.0,0.021751498667850866
sh000001,2007-01-26,2805.96,2882.56,2720.83,2905.98,10959913100.0,84624396199.99998,0.008815799143968128
sh000001,2007-01-25,2946.50,2857.37,2853.82,2947.15,11719721500.0,92960236900.0,-0.039581463667134
sh000001,2007-01-24,2955.42,2975.13,2927.72,2994.28,12205679000.0,97516182400.0,0.008812738628888539
sh000001,2007-01-23,2964.69,2949.14,2851.92,2970.69,14279180300.0,109027312200.0,0.005437765709006115
sh000001,2007-01-22,2857.90,2933.19,2857.90,2934.65,13857609000.0,103038439700.0,0.03565413581620014
sh000001,2007-01-19,2761.89,2832.21,2761.89,2833.45,12206189400.0,89644076199.99998,0.027287104005107032
sh000001,2007-01-18,2760.94,2756.98,2679.71,2784.04,11231395600.0,84133817300.0,-0.007888013242649983
sh000001,2007-01-17,2828.40,2778.9,2742.59,2870.42,12737748000.0,96777586600.0,-0.01493076972159002
sh000001,2007-01-16,2818.66,2821.02,2757.21,2830.80,11117857400.0,83325769100.0,0.00941782660035062
sh000001,2007-01-15,2660.07,2794.7,2658.88,2795.33,9176156100.0,66939481000.0,0.047445570085191235
sh000001,2007-01-12,2745.32,2668.11,2652.58,2782.02,10730376800.0,73434041000.0,-0.03682164246185171
sh000001,2007-01-11,2819.37,2770.11,2763.89,2841.18,12159871700.0,83986726400.0,-0.019631367719193826
sh000001,2007-01-10,2838.11,2825.58,2770.99,2841.74,11176936500.0,79050663300.0,0.006332359854690495
sh000001,2007-01-09,2711.05,2807.8,2691.36,2809.39,11075126700.0,86221973500.0,0.037160165484633634
sh000001,2007-01-08,2621.07,2707.2,2620.63,2708.44,10681324400.0,72165879300.0,0.024938194015893478
sh000001,2007-01-05,2668.58,2641.33,2617.02,2685.80,10615562500.0,70128701900.0,-0.027392367401646633
sh000001,2007-01-04,2728.19,2715.72,2684.82,2847.62,12015602100.0,83945528500.0,0.015044085712043076
sh000001,2006-12-29,2585.42,2675.47,2585.42,2698.90,8676901200.0,59092790000.0,0.042016053965002076
sh000001,2006-12-28,2538.95,2567.59,2530.33,2611.79,7871894100.0,50519293400.0,0.012300947409507268
sh000001,2006-12-27,2478.06,2536.39,2461.07,2538.66,7211821800.0,45140881900.00001,0.022849261814794186
sh000001,2006-12-26,2437.85,2479.73,2424.94,2505.70,7226149200.0,44811517100.0,0.018051860610240666
sh000001,2006-12-25,2350.13,2435.76,2350.13,2452.43,7393945000.0,47815717699.99999,0.039293074536944195
sh000001,2006-12-22,2334.27,2343.67,2321.92,2366.69,7048462000.0,46072199900.0,0.00031157434676098994
sh000001,2006-12-21,2372.46,2342.94,2339.91,2386.82,8318255100.0,53018987600.0,-0.01275487630677441
sh000001,2006-12-20,2356.26,2373.21,2332.93,2381.13,7829893500.0,49596491200.0,0.00381950612897497
sh000001,2006-12-19,2342.18,2364.18,2315.99,2381.63,8705492800.0,56275482000.0,0.01361241280552905
sh000001,2006-12-18,2277.28,2332.43,2277.28,2335.23,7825219300.0,52385973000.0,0.02573540729404411
sh000001,2006-12-15,2255.24,2273.91,2241.20,2275.49,6061194900.0,40412388700.0,0.011026583848722238
sh000001,2006-12-14,2226.00,2249.11,2212.91,2250.32,5843932000.0,37212845000.0,0.011536074406555574
sh000001,2006-12-13,2224.43,2223.46,2195.64,2244.41,5749274900.0,36314222600.0,0.0020324928457153835
sh000001,2006-12-12,2189.69,2218.95,2180.37,2228.64,7019177600.0,42334761700.0,0.017633570282045374
sh000001,2006-12-11,2085.06,2180.5,2084.27,2181.16,6267601700.0,37029535700.0,0.04148755277889227
sh000001,2006-12-08,2133.36,2093.64,2090.40,2164.02,8088971900.0,47201607000.0,-0.029261620493798546
sh000001,2006-12-07,2152.59,2156.75,2145.79,2206.51,9927876600.0,59313113600.0,6.955392747842737e-05
sh000001,2006-12-06,2175.38,2156.6,2097.42,2192.90,10434780700.0,62689425199.99999,-0.007675034970183403
sh000001,2006-12-05,2167.36,2173.28,2159.32,2195.53,8815717100.0,55124102100.0,0.0053801494228946645
sh000001,2006-12-04,2103.82,2161.65,2100.56,2164.59,8723279000.0,53276474800.00001,0.02835327418472433
sh000001,2006-12-01,2106.29,2102.05,2087.60,2112.58,7617896400.0,48697920500.0,0.0013147302183120768
sh000001,2006-11-30,2058.77,2099.29,2058.77,2102.06,7277973100.0,44083104300.0,0.022004878072528378
sh000001,2006-11-29,2005.99,2054.09,1992.54,2059.73,5600228000.0,34340079900.000004,0.007539044106105841
sh000001,2006-11-28,2042.38,2038.72,2016.47,2051.49,5507063800.0,33574996000.0,-0.004181157438161831
sh000001,2006-11-27,2042.19,2047.28,2022.38,2049.54,5784003100.0,35582112500.0,-0.0017212711075136333
sh000001,2006-11-24,2051.47,2050.81,2022.63,2057.91,6123208000.0,36224819000.0,-0.005600380147016137
sh000001,2006-11-23,2045.08,2062.36,2042.15,2071.24,6072194500.0,34778737400.0,0.01028725947407616
sh000001,2006-11-22,2031.30,2041.36,2010.79,2062.80,6488166900.0,39066635200.0,0.0018698927633677975
sh000001,2006-11-21,2013.07,2037.55,1988.93,2037.74,5389407600.0,32648156600.0,0.010048183692893398
sh000001,2006-11-20,1977.53,2017.28,1977.53,2018.00,5914690100.0,33369678500.0,0.02307040810633998
sh000001,2006-11-17,1934.64,1971.79,1925.15,1972.61,4941874000.0,27537479800.0,0.015575184775050932
sh000001,2006-11-16,1930.93,1941.55,1926.72,1976.05,6398356600.0,34948670500.0,0.00967788906570144
sh000001,2006-11-15,1888.54,1922.94,1878.69,1923.14,4668244100.0,26782036900.0,0.018376901241367705
sh000001,2006-11-14,1868.17,1888.24,1841.82,1888.43,4318802800.0,23697796900.0,0.013129302435386458
sh000001,2006-11-13,1878.70,1863.77,1852.10,1905.90,5001672900.0,27755542400.000004,-0.010396368173732906
sh000001,2006-11-10,1896.93,1883.35,1870.96,1920.18,6280942700.0,34716751200.0,-0.006923352737703614
sh000001,2006-11-09,1860.95,1896.48,1858.60,1899.10,4409618200.0,25651081800.0,0.015887980630162613
sh000001,2006-11-08,1885.86,1866.82,1865.22,1886.26,3777045400.0,22090043800.0,-0.012018861833365979
sh000001,2006-11-07,1889.53,1889.53,1862.93,1897.41,5484907400.0,31760892100.0,0.001707036489230207
sh000001,2006-11-06,1853.19,1886.31,1846.01,1886.52,4954451700.0,27619541200.0,0.010689256092072386
sh000001,2006-11-03,1851.40,1866.36,1850.15,1873.66,4986072000.0,26789660800.0,0.008129378656194675
sh000001,2006-11-02,1856.92,1851.31,1834.84,1857.15,5174172500.0,28282302799.999996,-0.0023710601333183368
sh000001,2006-11-01,1838.68,1855.71,1833.20,1855.89,4778352600.0,27078206700.0,0.009640966490568559
sh000001,2006-10-31,1811.47,1837.99,1811.47,1839.32,4655713500.0,24779224800.0,0.015654874396295426
sh000001,2006-10-30,1804.37,1809.66,1788.29,1815.61,4533594400.0,23152813100.0,0.0013723038103565788
sh000001,2006-10-27,1836.21,1807.18,1803.22,1842.73,7374892300.0,34485707300.0,-0.0019164388479275818
sh000001,2006-10-26,1804.89,1810.65,1791.95,1816.76,4873708200.0,25537889300.0,0.002214042564968377
sh000001,2006-10-25,1807.03,1806.65,1789.91,1825.61,4451225900.0,25910017000.0,0.0008143232253847721
sh000001,2006-10-24,1756.46,1805.18,1756.46,1805.27,3991120600.0,22516170700.0,0.026026065852369218
sh000001,2006-10-23,1789.65,1759.39,1753.49,1797.43,4444108500.0,24576748200.0,-0.017298197010656935
sh000001,2006-10-20,1792.60,1790.36,1786.34,1801.33,4146159900.0,23549793800.0,-0.0010545403822012078
sh000001,2006-10-19,1788.58,1792.25,1784.35,1799.29,4149060700.0,22721449300.0,0.00283126024653213
sh000001,2006-10-18,1762.40,1787.19,1760.88,1787.74,3681056300.0,20404556400.0,0.01320369635466867
sh000001,2006-10-17,1768.63,1763.9,1758.31,1777.60,3926234400.0,21755132300.0,-0.0041777225766385095
sh000001,2006-10-16,1787.70,1771.3,1766.31,1789.18,4676616000.0,24779036400.0,-0.007486019746058115
sh000001,2006-10-13,1776.51,1784.66,1773.23,1792.87,4253984200.0,23393103000.0,0.0036441755052918356
sh000001,2006-10-12,1790.63,1778.18,1774.14,1792.24,5316904600.0,28132397500.0,-0.006658845874532027
sh000001,2006-10-11,1784.52,1790.1,1771.02,1792.76,4928388200.0,26310183700.0,0.002935804488867433
sh000001,2006-10-10,1784.22,1784.86,1771.86,1793.14,5513649300.0,31459190800.0,-0.0002968539086699584
sh000001,2006-10-09,1768.14,1785.39,1763.11,1786.11,5293514300.0,29082449900.000004,0.01881398294929304
sh000001,2006-09-29,1740.06,1752.42,1740.06,1755.69,4123628500.0,23462273300.0,0.008900607958732598
sh000001,2006-09-28,1725.52,1736.96,1722.22,1740.79,3397985800.0,19916525600.0,0.00690998469600701
sh000001,2006-09-27,1711.51,1725.04,1709.77,1725.50,2924715800.0,16391910500.0,0.007240284005979092
sh000001,2006-09-26,1720.78,1712.64,1704.77,1721.58,3313453000.0,18519170800.0,-0.0056491926821762295
sh000001,2006-09-25,1722.74,1722.37,1709.77,1732.28,4016809300.0,22960247700.0,-0.0017329716696805608
sh000001,2006-09-22,1744.61,1725.36,1724.10,1746.62,4477782800.0,25509820099.999996,-0.008926417370325845
sh000001,2006-09-21,1731.59,1740.9,1731.22,1743.63,3953314600.0,21484098200.0,0.004877485641721302
sh000001,2006-09-20,1733.64,1732.45,1720.84,1737.73,3883657100.0,20820855400.0,-0.0016078467531868146
sh000001,2006-09-19,1735.30,1735.24,1728.29,1743.02,4345533000.0,23210633000.0,0.0012983340930992071
sh000001,2006-09-18,1727.92,1732.99,1719.16,1733.41,4484006200.0,23708205000.0,0.006937625286888904
sh000001,2006-09-15,1689.61,1721.05,1689.51,1722.66,4703230700.0,24114644100.0,0.01855961744461987
sh000001,2006-09-14,1689.63,1689.69,1672.88,1696.62,3388825800.0,18576806100.0,0.0001775788894216035
sh000001,2006-09-13,1695.35,1689.39,1687.05,1713.99,4304569100.0,22716904800.0,-0.0038151734223342837
sh000001,2006-09-12,1675.20,1695.86,1673.44,1699.59,3739045300.0,19830545500.0,0.012471865167734242
sh000001,2006-09-11,1668.16,1674.97,1653.01,1675.09,3059052900.0,16797589900.0,0.004190697730188653
sh000001,2006-09-08,1659.70,1667.98,1658.67,1671.31,2655202800.0,14102795500.0,0.004087431299249378
sh000001,2006-09-07,1683.78,1661.19,1655.41,1683.89,3152275400.0,17524649400.0,-0.006536612204865566
sh000001,2006-09-06,1665.13,1672.12,1656.86,1672.26,3357962300.0,18255683900.0,0.004831498485649677
sh000001,2006-09-05,1659.74,1664.08,1657.05,1669.90,4053349300.0,21946288100.0,0.003957719967179862
sh000001,2006-09-04,1635.33,1657.52,1635.12,1657.69,3309342600.0,17623874100.0,0.012726906133720961
sh000001,2006-09-01,1658.66,1636.69,1634.03,1660.52,3595457500.0,19724461600.0,-0.013233733661312863
sh000001,2006-08-31,1655.90,1658.64,1650.00,1661.47,3513501600.0,19087552000.0,0.0020843528537508593
sh000001,2006-08-30,1648.35,1655.19,1640.28,1656.23,3144285800.0,17230948800.0,0.0025257113784207252
sh000001,2006-08-29,1652.67,1651.02,1649.59,1667.53,4805041100.0,27063623000.0,0.0003514214391313608
sh000001,2006-08-28,1627.12,1650.44,1624.28,1651.29,3934124300.0,21633007200.000004,0.016888165961196133
sh000001,2006-08-25,1622.48,1623.03,1619.74,1630.05,2782161400.0,15295238100.0,6.161353526046298e-06
sh000001,2006-08-24,1612.70,1623.02,1601.89,1623.17,2506129700.0,13593692300.0,0.0065864549739518274
sh000001,2006-08-23,1614.39,1612.4,1608.74,1621.40,2721290700.0,15455406399.999998,-0.0005950314870827311
sh000001,2006-08-22,1601.52,1613.36,1598.78,1619.07,2670121100.0,15163018000.0,0.00762576897854661
sh000001,2006-08-21,1565.46,1601.15,1558.10,1602.13,2337431800.0,11999189700.0,0.0019586738589003616
sh000001,2006-08-18,1601.57,1598.02,1596.56,1614.37,2397424800.0,11727798700.000002,-0.003311857197208279
sh000001,2006-08-17,1612.41,1603.33,1592.85,1612.41,2339190400.0,12166972200.0,-0.008092006359772697
sh000001,2006-08-16,1596.06,1616.41,1591.86,1616.45,2856399800.0,15316278100.0,0.013004023413509147
sh000001,2006-08-15,1568.27,1595.66,1564.40,1596.65,2025921400.0,10942039800.0,0.015865133631282058
sh000001,2006-08-14,1605.20,1570.74,1566.72,1611.66,2565505000.0,13783639500.0,-0.021912536661000237
sh000001,2006-08-11,1605.60,1605.93,1596.22,1610.76,2345146700.0,12306050000.0,-8.094342677100741e-05
sh000001,2006-08-10,1578.35,1606.06,1577.86,1606.94,2632313600.0,13871479400.0,0.01741449539773332
sh000001,2006-08-09,1581.80,1578.57,1571.71,1585.17,2163603600.0,11468884400.0,-0.0012716850776297584
sh000001,2006-08-08,1547.91,1580.58,1547.91,1581.75,2338299800.0,12314675800.0,0.02141601612986599
sh000001,2006-08-07,1561.80,1547.44,1541.41,1570.05,2409920600.0,12761218200.0,-0.014463586281565521
sh000001,2006-08-04,1601.61,1570.15,1567.25,1612.10,2586705400.0,14401225400.0,-0.0193059598016313
sh000001,2006-08-03,1599.75,1601.06,1587.12,1609.43,2082229300.0,11909137000.0,0.00011868546477855624
sh000001,2006-08-02,1598.76,1600.87,1577.90,1608.78,2786576300.0,15048503200.0,0.00016243807048565984
sh000001,2006-08-01,1619.64,1600.61,1596.66,1625.04,3231066000.0,17900862700.0,-0.00751520713324616
sh000001,2006-07-31,1659.54,1612.73,1611.16,1659.54,3365448600.0,19558733800.0,-0.029662521133794195
sh000001,2006-07-28,1674.43,1662.03,1646.35,1678.53,3326896800.0,18805265800.0,-0.007843980013968799
sh000001,2006-07-27,1685.35,1675.17,1665.39,1701.61,3620183100.0,20668131600.0,-0.006806391367503606
sh000001,2006-07-26,1688.54,1686.65,1675.66,1691.43,3116723100.0,17543497600.0,0.0007060387075339403
sh000001,2006-07-25,1668.14,1685.46,1668.14,1690.61,3423780100.0,19580630100.0,0.011717108659375475
sh000001,2006-07-24,1648.75,1665.94,1632.69,1667.62,3118400800.0,17329901800.0,0.00036629376760166643
sh000001,2006-07-21,1653.81,1665.33,1653.51,1669.29,2996048900.0,16664622000.0,0.006168737010005421
sh000001,2006-07-20,1642.62,1655.12,1636.26,1658.05,2866119700.0,16518086800.0,0.006054122395390049
sh000001,2006-07-19,1681.77,1645.16,1637.49,1681.77,3505983000.0,20603536400.0,-0.023209143535698362
sh000001,2006-07-18,1682.36,1684.25,1666.31,1684.67,3140535400.0,18528216200.0,0.0008081336272720563
sh000001,2006-07-17,1662.05,1682.89,1653.60,1684.34,3220393300.0,19821153500.0,0.01061727950228497
sh000001,2006-07-14,1641.14,1665.21,1633.90,1676.75,4158780400.0,24614810200.0,0.005701274935528522
sh000001,2006-07-13,1736.21,1655.77,1654.49,1737.60,6747158900.0,39574756000.0,-0.04840804597701154
sh000001,2006-07-12,1745.88,1740.0,1738.00,1753.28,4878589100.0,30494774600.0,-0.0033279681064949385
sh000001,2006-07-11,1736.99,1745.81,1725.23,1746.72,4008545000.0,24372507900.0,0.006619270842342484
sh000001,2006-07-10,1730.70,1734.33,1715.83,1737.03,3904952600.0,23793270400.0,0.0023928007906646176
sh000001,2006-07-07,1746.52,1730.19,1724.68,1750.03,4943012700.0,29559549800.0,-0.006477286430429441
sh000001,2006-07-06,1715.28,1741.47,1711.65,1742.20,5006266900.0,29786950500.0,0.01333092821897397
sh000001,2006-07-05,1755.22,1718.56,1703.59,1757.47,6072080600.0,32521556400.0,0.02200945556183287
sh000001,2006-07-04,1700.32,1681.55,1670.13,1702.66,5431649200.0,32718658200.0,-0.009267769607843146
sh000001,2006-07-03,1677.31,1697.28,1670.02,1697.83,4863659200.0,28446545700.0,0.01499213615514794
sh000001,2006-06-30,1679.72,1672.21,1662.28,1690.95,4983707600.0,28588342400.000004,0.0003529510295403604
sh000001,2006-06-29,1641.93,1671.62,1641.93,1672.10,5179902800.0,29018734600.0,0.019721952796637465
sh000001,2006-06-28,1638.23,1639.29,1627.07,1642.35,3322060100.0,18652269200.0,-0.00015858009819769148
sh000001,2006-06-27,1636.70,1639.55,1627.59,1642.57,3645178400.0,21481437599.999996,0.0037344271327557355
sh000001,2006-06-26,1607.79,1633.45,1607.79,1635.80,3949925000.0,23927245400.0,0.017275846821655172
sh000001,2006-06-23,1594.50,1605.71,1582.02,1608.11,3502677800.0,20932009500.0,0.0060398353455675124
sh000001,2006-06-22,1593.10,1596.07,1587.80,1605.25,3246588800.0,18310093400.0,-0.0012827572397566822
sh000001,2006-06-21,1590.61,1598.12,1570.08,1617.71,3970588000.0,22426544900.000004,0.0036361809423925973
sh000001,2006-06-20,1583.87,1592.33,1572.58,1592.83,3553711100.0,20658724900.0,0.0038076266004323234
sh000001,2006-06-19,1559.99,1586.29,1544.93,1591.85,3556204700.0,20635199200.0,0.007507288166811676
sh000001,2006-06-16,1540.19,1574.47,1540.19,1574.48,3357261200.0,18773707600.0,0.026395389770401234
sh000001,2006-06-15,1531.25,1533.98,1528.23,1551.30,2847339800.0,15749530800.0,0.0017305218339613848
sh000001,2006-06-14,1540.64,1531.33,1512.52,1540.64,3243810300.0,17489724200.0,-0.0110881498224088
sh000001,2006-06-13,1552.10,1548.5,1532.06,1570.10,3245068300.0,18252967100.0,-0.0027691911385883117
sh000001,2006-06-12,1540.22,1552.8,1529.50,1566.45,3149627400.0,18350032500.0,0.0009153141074398352
sh000001,2006-06-09,1583.96,1551.38,1550.20,1594.44,4700391700.0,25969107000.0,-0.02520279737855713
sh000001,2006-06-08,1576.44,1591.49,1540.93,1596.12,5457687300.0,30237702200.000004,0.0012204712025416509
sh000001,2006-06-07,1678.24,1589.55,1588.97,1678.24,6508531600.0,37165949600.0,-0.053349055761019226
sh000001,2006-06-06,1681.22,1679.13,1672.81,1692.83,5842296000.0,32173005500.0,-0.0032588951811090006
sh000001,2006-06-05,1669.24,1684.62,1639.68,1685.29,6729777100.0,36276144300.0,0.009117048041212383
sh000001,2006-06-02,1688.78,1669.4,1659.14,1695.58,7814469100.0,44915922400.0,-0.008781669526597313
sh000001,2006-06-01,1639.67,1684.19,1635.75,1684.71,6784386400.0,38465780700.0,0.026131724852251237
sh000001,2006-05-31,1656.28,1641.3,1628.68,1667.23,5701597900.0,33089439900.000004,-0.009648281230201117
sh000001,2006-05-30,1654.98,1657.29,1634.90,1663.93,5308773300.0,31990664200.0,0.005307726837080029
sh000001,2006-05-29,1622.11,1648.54,1609.01,1648.84,5171516800.0,29314321500.0,0.02146986473675394
sh000001,2006-05-26,1596.56,1613.89,1593.09,1614.55,4372253200.0,24308642700.0,0.014113093255751163
sh000001,2006-05-25,1585.47,1591.43,1563.86,1598.56,4104937200.0,23023859700.000004,0.00032056923038248364
sh000001,2006-05-24,1609.74,1590.92,1562.39,1634.59,5727043200.0,32875831900.0,-0.008494593499735026
sh000001,2006-05-23,1647.96,1604.55,1597.10,1648.53,6990014500.0,38919582100.0,-0.03205665715543926
sh000001,2006-05-22,1656.75,1657.69,1646.68,1674.22,7725887300.0,43695717300.00001,-0.0011207857551744915
sh000001,2006-05-19,1620.21,1659.55,1610.04,1664.61,7708629100.0,41434527400.0,0.026136476058567393
sh000001,2006-05-18,1611.66,1617.28,1582.96,1630.07,6058510700.0,35559097700.0,-0.0048426299110851945
sh000001,2006-05-17,1613.23,1625.15,1592.19,1640.69,7098053400.0,42970463900.0,0.0073764140709748904
sh000001,2006-05-16,1658.69,1613.25,1604.78,1678.60,8827504000.0,53444626400.0,-0.0305512322049889
sh000001,2006-05-15,1616.26,1664.09,1606.57,1664.94,8772527000.0,52436501200.0,0.03821989855443175
sh000001,2006-05-12,1532.88,1602.83,1531.23,1603.21,6839375200.0,41492555000.0,0.04257242841717712
sh000001,2006-05-11,1547.56,1537.38,1536.29,1583.76,7321833500.0,42935467000.0,-0.005376239737592936
sh000001,2006-05-10,1537.56,1545.69,1518.34,1554.03,6271709600.0,35931317900.0,0.009489537344235632
sh000001,2006-05-09,1503.24,1531.16,1497.99,1532.75,6468390400.0,36327086900.0,0.02275065125910114
sh000001,2006-05-08,1446.99,1497.1,1446.99,1497.20,5162065500.0,29260804800.0,0.03949396619960832
sh000001,2006-04-28,1403.52,1440.22,1389.35,1444.71,4456204300.0,25076312400.000004,0.016580435227601553
sh000001,2006-04-27,1418.90,1416.73,1407.14,1424.47,3760844400.0,21064881100.0,-0.0005291079944690358
sh000001,2006-04-26,1399.07,1417.48,1397.35,1426.63,4841064900.0,27897759700.000004,0.01265207855576267
sh000001,2006-04-25,1405.90,1399.77,1386.13,1409.27,4324883600.0,24511654300.0,-0.00710744153384546
sh000001,2006-04-24,1423.41,1409.79,1402.27,1429.06,5201580300.0,28552131600.0,-0.004940746335024948
sh000001,2006-04-21,1385.92,1416.79,1383.45,1419.89,4556910300.0,24823370099.999996,0.022288765423190693
sh000001,2006-04-20,1398.10,1385.9,1376.96,1404.19,4330328800.0,23759758600.0,-0.00773251235054051
sh000001,2006-04-19,1389.13,1396.7,1378.80,1399.55,4057816300.0,21447388300.0,0.008367566474864807
sh000001,2006-04-18,1379.81,1385.11,1370.15,1391.38,3678518100.0,18176065100.0,0.004714893987422197
sh000001,2006-04-17,1360.64,1378.61,1353.40,1383.65,4221976100.0,20238073700.0,0.014026803183429637
sh000001,2006-04-14,1330.10,1359.54,1328.44,1360.09,3787121900.0,17964278900.0,0.020422868208326728
sh000001,2006-04-13,1359.28,1332.33,1331.68,1364.32,4129905500.0,20205465500.0,-0.020439222721357675
sh000001,2006-04-12,1361.74,1360.13,1355.66,1364.69,3712907200.0,18649703700.0,-0.0015415898930429828
sh000001,2006-04-11,1360.98,1362.23,1350.32,1366.52,4387040800.0,22753839600.0,0.002317744356476581
sh000001,2006-04-10,1344.24,1359.08,1339.52,1359.41,4141542800.0,20511655700.0,0.011995800352949004
sh000001,2006-04-07,1340.65,1342.97,1330.51,1345.29,4066605500.0,20781669100.0,0.0024109155507785474
sh000001,2006-04-06,1341.74,1339.74,1336.14,1348.52,4171507500.0,22006609000.0,-0.0003133954154728169
sh000001,2006-04-05,1330.56,1340.16,1326.53,1341.50,3776319800.0,20009046300.0,0.007790645209805991
sh000001,2006-04-04,1319.84,1329.8,1315.33,1330.11,3713405000.0,19932253300.0,0.007828900998128052
sh000001,2006-04-03,1298.68,1319.47,1298.68,1319.49,3280466900.0,17513531800.0,0.01630593853500728
sh000001,2006-03-31,1291.52,1298.3,1285.74,1298.75,2663685800.0,13957859400.0,0.0027650766188827003
sh000001,2006-03-30,1305.84,1294.72,1293.83,1308.50,2603882700.0,13523584700.0,-0.008310546351402048
sh000001,2006-03-29,1299.38,1305.57,1296.59,1313.13,3415223600.0,17299640400.0,0.00522024345737182
sh000001,2006-03-28,1295.76,1298.79,1293.00,1302.65,2501182600.0,11798730400.0,0.002214642879190043
sh000001,2006-03-27,1296.07,1295.92,1283.68,1296.59,2061324600.0,10310244100.0,0.0009423032362709804
sh000001,2006-03-24,1302.14,1294.7,1293.30,1308.06,2442393600.0,12420500900.0,-0.0059579564823487585
sh000001,2006-03-23,1296.19,1302.46,1289.53,1302.79,2546540800.0,12667480400.0,0.0044342991108266006
sh000001,2006-03-22,1289.46,1296.71,1281.13,1296.91,2233009000.0,10977860000.0,0.004889956602603718
sh000001,2006-03-21,1288.56,1290.4,1285.43,1297.61,2434568700.0,12044252300.0,0.0015367659614100582
sh000001,2006-03-20,1269.58,1288.42,1264.41,1288.97,2029717400.0,9830202800.0,0.014935484379184905
sh000001,2006-03-17,1273.01,1269.46,1265.61,1276.63,1875480400.0,9258870700.0,-0.0037121622364011397
sh000001,2006-03-16,1274.62,1274.19,1270.83,1277.19,1832269900.0,9294380400.0,-0.00048634698504079754
sh000001,2006-03-15,1259.23,1274.81,1258.15,1275.52,1845126900.0,9402430300.0,0.012525416190113159
sh000001,2006-03-14,1260.42,1259.04,1250.28,1262.75,1487571200.0,7156890100.0,-0.0005001309866871084
sh000001,2006-03-13,1245.30,1259.67,1245.30,1260.07,1377515300.0,6762688300.0,0.011255167984586256
sh000001,2006-03-10,1245.19,1245.65,1240.75,1253.91,1409562600.0,7034995100.0,0.0003854895315498208
sh000001,2006-03-09,1247.46,1245.17,1242.68,1253.76,1538593400.0,7572686300.0,-0.0041667333130728235
sh000001,2006-03-08,1256.69,1250.38,1238.16,1258.24,1984157400.0,9328367200.0,-0.007571909327576343
sh000001,2006-03-07,1288.26,1259.92,1257.54,1288.26,2265339500.0,10611753000.0,-0.022529791459781512
sh000001,2006-03-06,1292.75,1288.96,1286.64,1296.85,2032958200.0,9697600000.0,-0.0033557565916646492
sh000001,2006-03-03,1284.61,1293.3,1275.62,1295.41,2492545800.0,12505595100.0,0.0059346488601272895
sh000001,2006-03-02,1306.59,1285.67,1281.57,1307.64,2844572900.0,14619800300.0,-0.016011143510971215
sh000001,2006-03-01,1299.15,1306.59,1297.76,1308.20,2364067400.0,11713886700.0,0.0058197270270894386
sh000001,2006-02-28,1294.81,1299.03,1277.74,1299.47,2364742200.0,11698977900.0,0.0014184506510226402
sh000001,2006-02-27,1297.69,1297.19,1293.47,1304.61,2681978500.0,13278273100.0,0.0002467479392693761
sh000001,2006-02-24,1289.43,1296.87,1286.96,1297.34,2357814800.0,11377200900.0,0.006222601544012107
sh000001,2006-02-23,1284.13,1288.85,1273.94,1289.94,2287504700.0,10638933799.999998,0.0035974864315582167
sh000001,2006-02-22,1288.85,1284.23,1282.91,1297.94,2851784100.0,13583894000.0,-0.0032520451405597672
sh000001,2006-02-21,1266.65,1288.42,1256.81,1288.55,2665902100.0,12932889800.0,0.016472852927718273
sh000001,2006-02-20,1268.11,1267.54,1265.38,1279.42,2154279700.0,10469048200.0,0.00010257138573943614
sh000001,2006-02-17,1269.40,1267.41,1265.14,1280.04,2590306700.0,12612954600.0,-0.0025341759599568636
sh000001,2006-02-16,1298.50,1270.63,1268.56,1298.50,3235260700.0,15711529900.0,-0.021967871795069094
sh000001,2006-02-15,1289.14,1299.17,1288.64,1301.00,3014790400.0,14778787000.0,0.009981886452154587
sh000001,2006-02-14,1279.63,1286.33,1275.85,1286.42,2254170400.0,11114639700.0,0.005228032884248668
sh000001,2006-02-13,1283.78,1279.64,1267.56,1284.95,2613177200.0,12998010700.0,-0.0023544820919026987
sh000001,2006-02-10,1269.54,1282.66,1266.23,1284.10,2631421100.0,13158590300.0,0.010406081373823373
sh000001,2006-02-09,1288.97,1269.45,1266.81,1288.97,2907909100.0,14199096200.000002,-0.0159760011162271
sh000001,2006-02-08,1282.12,1290.06,1276.02,1291.74,3285729900.0,16340287400.0,0.00620856407456527
sh000001,2006-02-07,1289.45,1282.1,1270.40,1297.40,3840474100.0,19670593300.0,-0.004294711990245781
sh000001,2006-02-06,1263.00,1287.63,1263.00,1287.67,2917750700.0,14910754700.0,0.023512578991296218
sh000001,2006-01-25,1251.27,1258.05,1245.92,1260.17,2655866000.0,13682169600.0,0.004784115777199283
sh000001,2006-01-24,1256.01,1252.06,1247.01,1262.09,2967142100.0,15779296200.000002,-0.002954362661952481
sh000001,2006-01-23,1254.78,1255.77,1244.27,1257.35,2902866000.0,14114136700.0,0.00036644334865498784
sh000001,2006-01-20,1251.41,1255.31,1247.21,1258.70,3320392300.0,16220854900.0,0.002980232985506426
sh000001,2006-01-19,1235.08,1251.58,1230.85,1251.96,3361774900.0,15371377900.0,0.014780881339441443
sh000001,2006-01-18,1207.53,1233.35,1206.36,1234.53,2666785400.0,12458427100.0,0.02061335275230869
sh000001,2006-01-17,1200.26,1208.44,1198.84,1209.02,1972646200.0,9452655600.0,0.004630591834529296
sh000001,2006-01-16,1221.11,1202.87,1202.59,1221.39,2527431800.0,11984845900.0,-0.015219491428290821
sh000001,2006-01-13,1228.16,1221.46,1214.88,1231.22,2770857800.0,13205628799.999998,-0.004271623053721418
sh000001,2006-01-12,1208.77,1226.7,1205.28,1227.30,2701891600.0,12903535200.0,0.012922670409974968
sh000001,2006-01-11,1219.81,1211.05,1204.04,1223.56,3063146400.0,15064367500.0,-0.007840277891563274
sh000001,2006-01-10,1215.85,1220.62,1203.65,1220.76,2679454700.0,13496372600.0,0.004071828703513081
sh000001,2006-01-09,1210.32,1215.67,1205.25,1217.31,2870665700.0,14206400300.0,0.005167766367349724
sh000001,2006-01-06,1198.81,1209.42,1191.61,1215.54,3434285600.0,17130467200.0,0.010148086897692421
sh000001,2006-01-05,1183.31,1197.27,1180.45,1197.84,2948447900.0,14767201500.0,0.013810797994851631
sh000001,2006-01-04,1163.88,1180.96,1161.91,1181.00,2325854200.0,11970425000.0,0.01713951044734996
sh000001,2005-12-30,1171.58,1161.06,1158.97,1173.06,2002793400.0,10196713900.0,-0.007522267621766665
sh000001,2005-12-29,1157.51,1169.86,1157.51,1169.87,2180339900.0,10681224400.0,0.011088735814974493
sh000001,2005-12-28,1155.12,1157.03,1149.27,1157.20,1468028600.0,6585027600.0,0.0023737535627961215
sh000001,2005-12-27,1157.49,1154.29,1149.85,1158.16,1567388300.0,7091742300.0,-0.002187029961446041
sh000001,2005-12-26,1145.77,1156.82,1145.34,1159.78,1865313300.0,8583105000.0,0.010437866307965171
sh000001,2005-12-23,1135.71,1144.87,1135.07,1144.94,1447255300.0,6620143400.0,0.008482787780557333
sh000001,2005-12-22,1129.56,1135.24,1125.95,1136.00,1112153900.0,5187955200.0,0.003961937104248525
sh000001,2005-12-21,1135.98,1130.76,1128.94,1142.39,1229232200.0,5550112800.0,-0.004910502138444461
sh000001,2005-12-20,1131.80,1136.34,1126.99,1136.39,1171271000.0,5224166600.0,0.0040556660039761105
sh000001,2005-12-19,1127.84,1131.75,1123.50,1134.50,1222867800.0,5214816900.0,0.003760498798236922
sh000001,2005-12-16,1122.73,1127.51,1118.94,1127.94,1261077700.0,5810025300.0,0.0035156110933105555
sh000001,2005-12-15,1125.67,1123.56,1121.56,1134.85,1682425900.0,7606544000.0,-0.001626102950977093
sh000001,2005-12-14,1117.47,1125.39,1110.21,1127.63,1502212400.0,7022886800.000001,0.00674509102294607
sh000001,2005-12-13,1115.77,1117.85,1106.75,1119.42,1137609200.0,5192940000.0,0.0013257253419565185
sh000001,2005-12-12,1115.75,1116.37,1109.08,1118.53,1194463700.0,5462027500.0,0.0025954664654954662
sh000001,2005-12-09,1097.52,1113.48,1094.74,1114.58,1348701000.0,6071547000.0,0.01380289897297704
sh000001,2005-12-08,1100.69,1098.32,1092.99,1106.34,1039870900.0,4671671000.0,-0.0011822265873665527
sh000001,2005-12-07,1087.74,1099.62,1086.73,1100.05,1038938300.0,4594163200.0,0.01087526084998025
sh000001,2005-12-06,1077.58,1087.79,1074.01,1089.59,1105274500.0,4877158000.0,0.007959599703484033
sh000001,2005-12-05,1093.10,1079.2,1077.41,1093.10,1122496500.0,4817780000.0,-0.01378976322547032
sh000001,2005-12-02,1099.76,1094.29,1089.56,1102.76,1063697400.0,4672796700.0,-0.004059158134243512
sh000001,2005-12-01,1098.78,1098.75,1094.44,1104.56,893211900.0,4050471400.0,-0.00046394847442821074
sh000001,2005-11-30,1095.30,1099.26,1090.72,1099.58,1087597500.0,4617599400.0,0.0020692987173993593
sh000001,2005-11-29,1109.57,1096.99,1095.34,1110.31,1187993800.0,4850380700.0,-0.012450261968635745
sh000001,2005-11-28,1113.83,1110.82,1106.94,1119.35,1285240800.0,5410846100.0,-0.00367739389373245
sh000001,2005-11-25,1113.28,1114.92,1107.21,1115.08,1550915000.0,6192051300.0,0.0013921697189616111
sh000001,2005-11-24,1105.34,1113.37,1103.76,1117.94,1714095800.0,7054042700.0,0.006891250282613504
sh000001,2005-11-23,1096.56,1105.75,1093.95,1106.48,1260191900.0,4988739500.0,0.006453315857499087
sh000001,2005-11-22,1119.69,1098.66,1098.50,1119.69,1464680500.0,5958941100.0,-0.019001017911673856
sh000001,2005-11-21,1117.78,1119.94,1114.24,1122.88,1554390600.0,6496171899.999999,0.002632050134288244
sh000001,2005-11-18,1095.52,1117.0,1093.53,1122.61,2248062900.0,9760979100.0,0.01980261295888841
sh000001,2005-11-17,1094.88,1095.31,1090.36,1098.68,1196180200.0,5135462800.0,-0.0005292501984689446
sh000001,2005-11-16,1086.83,1095.89,1075.43,1096.30,1260864600.0,5363158700.0,0.007705676269643691
sh000001,2005-11-15,1088.51,1087.51,1082.51,1099.03,1221575300.0,5351842100.0,-0.001047168511459251
sh000001,2005-11-14,1089.56,1088.65,1083.02,1089.71,920268800.0,3894572800.0000005,-0.0014125978040524512
sh000001,2005-11-11,1085.69,1090.19,1078.58,1094.31,1256003200.0,5378455800.0,0.0017366534962786062
sh000001,2005-11-10,1106.94,1088.3,1086.10,1106.94,1615598500.0,7112323800.0,-0.01791273744529187
sh000001,2005-11-09,1110.55,1108.15,1107.64,1117.06,1672545300.0,7503735600.000001,-0.0018015583479710218
sh000001,2005-11-08,1099.94,1110.15,1092.54,1111.12,1531116400.0,6723296300.0,0.008631263344387463
sh000001,2005-11-07,1099.53,1100.65,1089.83,1100.95,1208227900.0,5464935500.0,0.0005454297531932717
sh000001,2005-11-04,1094.26,1100.05,1087.85,1100.43,1278313800.0,5950850800.0,0.004364220694440535
sh000001,2005-11-03,1104.59,1095.27,1090.82,1111.44,1686269400.0,7510888300.0,-0.008617022239520655
sh000001,2005-11-02,1090.00,1104.79,1090.00,1108.88,1876477900.0,8157757400.0,0.013615303454286742
sh000001,2005-11-01,1091.68,1089.95,1074.30,1094.15,1398550100.0,6325525500.0,-0.0026262330484433383
sh000001,2005-10-31,1079.04,1092.82,1078.29,1096.15,1483514200.0,6516479300.000001,0.011055908666167014
sh000001,2005-10-28,1097.59,1080.87,1067.41,1102.02,1797392900.0,8018876000.0,-0.01540381497203458
sh000001,2005-10-27,1093.93,1097.78,1087.48,1101.27,1720374200.0,8081971100.0,0.0005650953370519574
sh000001,2005-10-26,1119.43,1097.16,1094.57,1119.43,1921183500.0,8706265900.0,-0.022069309754706223
sh000001,2005-10-25,1140.17,1121.92,1121.29,1140.17,1692991400.0,8050067400.0,-0.016868652348028812
sh000001,2005-10-24,1141.33,1141.17,1133.92,1143.46,1727591300.0,8118829000.0,-0.00013142676900423922
sh000001,2005-10-21,1135.61,1141.32,1132.36,1145.99,1801115400.0,8653627200.0,0.004727320744750907
sh000001,2005-10-20,1133.45,1135.95,1119.38,1136.31,1737181700.0,8498979300.000001,0.0011810225540054287
sh000001,2005-10-19,1141.05,1134.61,1132.48,1150.59,1890839900.0,9088381800.0,-0.005774623203645413
sh000001,2005-10-18,1131.26,1141.2,1129.67,1142.04,1892809000.0,9264639100.0,0.008679665541197368
sh000001,2005-10-17,1138.38,1131.38,1121.97,1138.38,1513523800.0,7421971700.0,-0.0071694967311656255
sh000001,2005-10-14,1152.37,1139.55,1135.51,1154.32,1514599900.0,7740778300.0,-0.011330805736545657
sh000001,2005-10-13,1162.02,1152.61,1152.09,1165.36,1690523900.0,8600493500.0,-0.00795283384257861
sh000001,2005-10-12,1157.49,1161.85,1152.25,1165.67,1846723100.0,9335207400.0,0.004026996431009566
sh000001,2005-10-11,1137.95,1157.19,1133.90,1157.30,1342656000.0,6399253900.0,0.016014750428025915
sh000001,2005-10-10,1153.67,1138.95,1137.29,1153.67,1172006500.0,5461397800.0,-0.014416628447313395
sh000001,2005-09-30,1156.77,1155.61,1150.63,1158.70,1449348100.0,6959506600.0,0.00010385204545237947
sh000001,2005-09-29,1134.44,1155.49,1134.44,1155.78,1853699200.0,8633593100.0,0.020958321920531597
sh000001,2005-09-28,1131.32,1131.77,1129.05,1142.49,1475154300.0,6830650100.0,-0.001297165648935783
sh000001,2005-09-27,1155.05,1133.24,1132.53,1157.80,1809362900.0,8530863400.0,-0.018873805236182206
sh000001,2005-09-26,1150.93,1155.04,1147.27,1155.60,1453813300.0,6863233400.0,0.002656296116251955
sh000001,2005-09-23,1157.30,1151.98,1149.75,1164.60,1877439400.0,8582252800.0,-0.006879547570605937
sh000001,2005-09-22,1185.69,1159.96,1147.19,1185.69,2860227400.0,13184536900.0,-0.02359447470096543
sh000001,2005-09-21,1210.85,1187.99,1186.98,1210.85,3179946400.0,14256992900.0,-0.020311391862248618
sh000001,2005-09-20,1222.26,1212.62,1204.87,1223.56,3230069200.0,15130012500.0,-0.006562185101136486
sh000001,2005-09-19,1213.49,1220.63,1210.19,1220.97,2465689300.0,11635692400.0,0.006331670720145066
sh000001,2005-09-16,1217.42,1212.95,1208.56,1217.76,2239722500.0,10462806800.0,-0.0035571109358569775
sh000001,2005-09-15,1217.52,1217.28,1210.72,1218.94,2721749200.0,12897080300.0,1.643034355836015e-05
sh000001,2005-09-14,1209.27,1217.26,1204.55,1217.41,3224376100.0,14981766100.000002,0.008366745087643679
sh000001,2005-09-13,1188.25,1207.16,1186.22,1207.40,2591370500.0,11717912700.0,0.01594835929675731
sh000001,2005-09-12,1189.75,1188.21,1181.43,1191.93,1709668900.0,7740564000.0,-0.0011936484453149987
sh000001,2005-09-09,1194.50,1189.63,1184.42,1204.46,2215574600.0,10145676800.0,-0.004001975870932095
sh000001,2005-09-08,1196.27,1194.41,1184.79,1201.46,3052805600.0,14509460100.0,8.373035476560986e-05
sh000001,2005-09-07,1170.77,1194.31,1168.58,1194.59,2860285100.0,13196057600.0,0.017889407834180027
sh000001,2005-09-06,1197.23,1173.32,1172.06,1201.82,3368527300.0,15305132500.0,-0.019143635786059487
sh000001,2005-09-05,1189.06,1196.22,1184.01,1196.87,2670006600.0,11748627400.0,0.006199268200361763
sh000001,2005-09-02,1187.06,1188.85,1179.11,1188.91,2892049000.0,12859547700.0,0.0033082122994605445
sh000001,2005-09-01,1163.70,1184.93,1160.05,1185.76,3383047500.0,15061854200.0,0.019031647746818203
sh000001,2005-08-31,1145.81,1162.8,1140.10,1163.52,2167609900.0,9602700100.0,0.01431450030094461
sh000001,2005-08-30,1151.62,1146.39,1145.27,1153.77,1855186200.0,8143989900.0,-0.006964475975156592
sh000001,2005-08-29,1172.00,1154.43,1147.93,1172.01,2433319500.0,10038648700.0,-0.01487379038451675
sh000001,2005-08-26,1173.01,1171.86,1163.99,1174.54,2429635600.0,10435816300.0,-0.0005287936681224181
sh000001,2005-08-25,1168.00,1172.48,1157.18,1172.69,2423209800.0,10524238100.0,0.004575286598008654
sh000001,2005-08-24,1151.45,1167.14,1151.45,1171.43,2267410900.0,9988171100.0,0.014939650074785371
sh000001,2005-08-23,1158.83,1149.96,1139.24,1159.63,2184070800.0,9541762900.0,-0.007457276022786008
sh000001,2005-08-22,1148.97,1158.6,1142.68,1162.04,2403319800.0,10541833500.0,0.007320593298440148
sh000001,2005-08-19,1144.46,1150.18,1132.87,1157.37,3150118500.0,13643291200.000002,0.0018640465489008218
sh000001,2005-08-18,1194.44,1148.04,1146.56,1201.76,4920149600.0,22157494600.0,-0.037549357410527895
sh000001,2005-08-17,1175.18,1192.83,1160.08,1193.57,3230734100.0,14750159900.0,0.0132084126121228
sh000001,2005-08-16,1188.02,1177.28,1170.11,1192.92,3315537900.0,15905673700.000002,-0.008197066579051615
sh000001,2005-08-15,1167.03,1187.01,1163.85,1187.80,3031951900.0,14789329100.0,0.016345297623124866
sh000001,2005-08-12,1185.27,1167.92,1161.79,1192.05,4047875500.0,18050448600.0,-0.013231044796295888
sh000001,2005-08-11,1165.44,1183.58,1164.10,1184.26,3696703700.0,16887080000.0,0.015922336763860123
sh000001,2005-08-10,1153.21,1165.03,1144.95,1165.13,3142711500.0,13534191900.0,0.010845704667123535
sh000001,2005-08-09,1139.12,1152.53,1130.59,1152.94,2715409100.0,12046498200.0,0.011985459398707432
sh000001,2005-08-08,1131.80,1138.88,1131.80,1146.73,3023752600.0,13802876399.999998,0.008983468292077967
sh000001,2005-08-05,1102.62,1128.74,1102.60,1129.07,2709606900.0,12420792600.0,0.023716884789450443
sh000001,2005-08-04,1104.91,1102.59,1099.13,1108.16,1943679800.0,7868619800.0,-0.004613162408594551
sh000001,2005-08-03,1106.32,1107.7,1103.90,1120.68,3143645400.0,12776479100.0,0.0033150972790840783
sh000001,2005-08-02,1089.53,1104.04,1084.80,1104.04,1901501900.0,7692844500.0,0.013857385554892243
sh000001,2005-08-01,1082.80,1088.95,1081.12,1094.15,1473155100.0,6157191000.0,0.005466145905469011
sh000001,2005-07-29,1084.97,1083.03,1077.12,1088.48,1768394400.0,7214533100.000001,-0.0032396116147438425
sh000001,2005-07-28,1090.11,1086.55,1083.36,1097.63,2469584700.0,10644640200.0,-0.0030828233523869653
sh000001,2005-07-27,1072.56,1089.91,1068.50,1090.19,2381234800.0,10151048400.0,0.01593944873742803
sh000001,2005-07-26,1046.54,1072.81,1046.54,1078.06,2557751000.0,10988613300.0,0.026219628850200793
sh000001,2005-07-25,1045.27,1045.4,1040.59,1048.97,1413410800.0,6133576300.0,-0.0008792721156050121
sh000001,2005-07-22,1026.13,1046.32,1024.00,1054.64,2548834900.0,10988269700.0,0.02517072788375807
sh000001,2005-07-21,1020.69,1020.63,1009.99,1022.04,1114036000.0,4828597700.0,-0.0004113412663434568
sh000001,2005-07-20,1013.98,1021.05,1008.68,1025.10,1056855900.0,4443606900.0,0.006595291612445209
sh000001,2005-07-19,1011.01,1014.36,1004.66,1020.68,988231600.0,3987357600.0,0.002232980930737982
sh000001,2005-07-18,1023.38,1012.1,1008.52,1023.38,1096484200.0,4263923100.0,-0.013663119323275907
sh000001,2005-07-15,1039.61,1026.12,1021.99,1046.36,1275051400.0,5238358900.0,-0.013744449356990596
sh000001,2005-07-14,1035.53,1040.42,1033.17,1049.88,1257109300.0,5531865000.0,0.0029207916020010938
sh000001,2005-07-13,1044.58,1037.39,1033.81,1045.94,1282197400.0,5622988100.000001,-0.00838303892330039
sh000001,2005-07-12,1007.90,1046.16,1004.08,1048.92,1845780500.0,8182997700.0,0.034265941670786004
sh000001,2005-07-11,1026.79,1011.5,1009.04,1043.21,1133036100.0,4783909300.0,-0.006365547456728016
sh000001,2005-07-08,1036.41,1017.98,1015.40,1036.41,1033736700.0,4339924400.0,-0.01985364914307708
sh000001,2005-07-07,1033.22,1038.6,1030.50,1044.05,857042600.0,3675447700.0,0.0048860722751680186
sh000001,2005-07-06,1040.70,1033.55,1028.22,1044.78,919642800.0,4259548300.0,-0.0052837234370187725
sh000001,2005-07-05,1043.88,1039.04,1032.52,1047.82,1049488500.0,5146902400.0,-0.00786800091666029
sh000001,2005-07-04,1050.24,1047.28,1030.18,1050.24,1227595800.0,5092031900.0,-0.00787237469093105
sh000001,2005-07-01,1077.31,1055.59,1053.63,1077.31,1359781400.0,6137893199.999999,-0.02345181046126532
sh000001,2005-06-30,1103.48,1080.94,1078.10,1103.48,1378595900.0,6406963199.999999,-0.021764902849799483
sh000001,2005-06-29,1111.67,1104.99,1103.91,1113.52,1346937900.0,6542253100.000001,-0.003247368278624152
sh000001,2005-06-28,1120.94,1108.59,1105.34,1120.94,1345843100.0,6311797700.0,-0.014271233461374488
sh000001,2005-06-27,1108.47,1124.64,1108.47,1129.96,2184238100.0,10530160500.0,0.020655606781137648
sh000001,2005-06-24,1091.99,1101.88,1087.69,1102.23,1112107500.0,5084831500.0,0.007479199049099439
sh000001,2005-06-23,1100.56,1093.7,1092.48,1106.75,1148488600.0,5472687500.0,-0.00755877789170889
sh000001,2005-06-22,1098.96,1102.03,1090.75,1103.25,1235145300.0,5901879100.0,0.0004902450317296747
sh000001,2005-06-21,1115.67,1101.49,1098.90,1115.67,1547809000.0,7335782300.0,-0.012665602983094493
sh000001,2005-06-20,1087.85,1115.62,1073.41,1115.86,2146861900.0,10148733500.0,0.027643444699293473
sh000001,2005-06-17,1090.11,1085.61,1079.08,1094.67,1675256200.0,8420848100.000001,-0.0003683207336949712
sh000001,2005-06-16,1071.77,1086.01,1064.03,1086.35,1448308300.0,7028492900.0,0.01227582864173593
sh000001,2005-06-15,1090.46,1072.84,1070.06,1090.46,1526763300.0,7353765100.0,-0.01885757137892574
sh000001,2005-06-14,1108.34,1093.46,1092.40,1119.68,1836825500.0,8745408900.0,-0.01159732077484199
sh000001,2005-06-13,1105.96,1106.29,1085.87,1112.10,1920377900.0,8935488300.0,-0.0018045818332746988
sh000001,2005-06-10,1130.55,1108.29,1101.83,1130.55,2841080100.0,13613185600.0,-0.02012289465540873
sh000001,2005-06-09,1118.81,1131.05,1103.68,1146.42,4069092800.0,19595252100.0,0.013867226016959888
sh000001,2005-06-08,1044.18,1115.58,1040.16,1118.69,4028285200.0,19011909800.0,0.08209983122199138
sh000001,2005-06-07,1036.62,1030.94,1029.54,1055.63,1570305300.0,7466015900.0,-0.0033256636825925723
sh000001,2005-06-06,1010.38,1034.38,998.23,1034.85,1104359900.0,5027262800.0,0.02046091314470644
sh000001,2005-06-03,1013.90,1013.64,1000.52,1019.92,1001626800.0,4502218700.0,-0.002381749109304554
sh000001,2005-06-02,1036.73,1016.06,1008.75,1036.73,1146555600.0,5557807400.0,-0.02225771995496506
sh000001,2005-06-01,1059.61,1039.19,1035.71,1063.52,1006249000.0,4695648700.0,-0.020316005807266557
sh000001,2005-05-31,1061.61,1060.74,1057.75,1070.50,923922400.0,4241957000.0,0.0005470872321158282
sh000001,2005-05-30,1049.72,1060.16,1043.28,1063.95,859981600.0,4083244300.0,0.007804553448357954
sh000001,2005-05-27,1056.32,1051.95,1050.06,1068.21,1014625100.0,4902913700.0,-0.006535268729872312
sh000001,2005-05-26,1071.21,1058.87,1055.82,1077.44,949855600.0,4454779100.0,-0.012377114929020605
sh000001,2005-05-25,1072.52,1072.14,1064.88,1082.18,980759700.0,4489152100.0,-0.0015924011733480237
sh000001,2005-05-24,1066.00,1073.85,1057.54,1078.10,1102945400.0,5065246200.0,0.0028108774420081417
sh000001,2005-05-23,1095.31,1070.84,1069.44,1095.31,953394500.0,4305639100.0,-0.025862617919164554
sh000001,2005-05-20,1100.49,1099.27,1094.67,1108.61,958404100.0,4520424500.0,-0.0038152028129191384
sh000001,2005-05-19,1101.75,1103.48,1083.12,1107.23,1065816600.0,5120491800.0,0.00046238791626240783
sh000001,2005-05-18,1099.74,1102.97,1090.30,1108.84,1037840800.0,5061369100.0,0.00302826379542398
sh000001,2005-05-17,1091.26,1099.64,1083.94,1108.18,1156872700.0,5353712600.0,0.0038065853012863027
sh000001,2005-05-16,1105.40,1095.47,1082.14,1105.40,1022775900.0,5058195500.0,-0.01097839531251421
sh000001,2005-05-13,1101.61,1107.63,1093.28,1120.17,1347494700.0,6567864500.0,0.003297131314595303
sh000001,2005-05-12,1122.18,1103.99,1099.84,1122.92,1235588300.0,6506232900.0,-0.018038371565549216
sh000001,2005-05-11,1134.60,1124.27,1121.87,1140.17,1099556900.0,5633261000.0,-0.009942231145866343
sh000001,2005-05-10,1126.82,1135.56,1108.42,1135.80,1316415400.0,6768361100.0,0.0041738884369142415
sh000001,2005-05-09,1160.62,1130.84,1130.41,1165.39,1086935000.0,5551480600.000001,-0.024423068627874023
sh000001,2005-04-29,1168.33,1159.15,1155.99,1170.20,1410569600.0,7352285699.999999,-0.008527781579307336
sh000001,2005-04-28,1145.75,1169.12,1135.73,1172.71,1741974300.0,9044192200.0,0.017723458337685738
sh000001,2005-04-27,1165.10,1148.76,1148.14,1166.20,1361286500.0,7082585100.0,-0.014227607393550334
sh000001,2005-04-26,1155.64,1165.34,1151.64,1169.15,1397414100.0,7207425100.0,0.006364586301890185
sh000001,2005-04-25,1166.34,1157.97,1146.41,1166.34,1354764800.0,6908598400.0,-0.009596387242449933
sh000001,2005-04-22,1171.03,1169.19,1163.40,1177.89,1357836300.0,7266510500.0,-0.0028740533533464507
sh000001,2005-04-21,1182.21,1172.56,1167.99,1190.54,1326684400.0,7070086200.0,-0.0098210591205804
sh000001,2005-04-20,1198.96,1184.19,1178.64,1198.96,1118298400.0,5938906000.0,-0.013092757729810889
sh000001,2005-04-19,1196.28,1199.9,1191.23,1202.49,1095012600.0,6108772700.0,0.001803396396546919
sh000001,2005-04-18,1212.39,1197.74,1190.98,1212.39,1167117600.0,6296262200.0,-0.015793452537470443
sh000001,2005-04-15,1229.68,1216.96,1213.20,1229.68,1426229800.0,7801305400.0,-0.014072411753744851
sh000001,2005-04-14,1252.21,1234.33,1233.24,1253.60,1561619800.0,8614317300.0,-0.011112001281845973
sh000001,2005-04-13,1228.97,1248.2,1228.97,1254.32,1954707100.0,11064208899.999998,0.023525842346516335
sh000001,2005-04-12,1239.13,1219.51,1218.51,1239.13,1307588100.0,7600585400.0,-0.017292924083579853
sh000001,2005-04-11,1248.15,1240.97,1235.36,1252.81,1930075700.0,11032464800.0,-0.00604715983724724
sh000001,2005-04-08,1225.05,1248.52,1218.76,1249.20,1776899800.0,10084950500.0,0.018792483006797367
sh000001,2005-04-07,1216.73,1225.49,1213.65,1248.06,2427681400.0,14120363000.0,0.008741676064105697
sh000001,2005-04-06,1191.20,1214.87,1183.91,1220.42,1672796600.0,9920447900.0,0.019400041955107916
sh000001,2005-04-05,1200.69,1191.75,1189.26,1209.34,1158268400.0,6448636899.999999,-0.009326915883189124
sh000001,2005-04-04,1212.12,1202.97,1196.94,1218.28,1379440100.0,7947332100.0,-0.01683597996028008
sh000001,2005-04-01,1180.37,1223.57,1173.54,1237.80,1966033200.0,10792487100.0,0.035835224001896204
sh000001,2005-03-31,1168.83,1181.24,1162.03,1181.53,1043779000.0,5371672100.0,0.007394014856255904
sh000001,2005-03-30,1192.45,1172.57,1171.81,1192.45,1138348100.0,6153729600.0,-0.018786296463657592
sh000001,2005-03-29,1199.69,1195.02,1194.59,1209.23,923316000.0,5191811900.0,-0.004241277882860661
sh000001,2005-03-28,1204.85,1200.11,1185.46,1204.85,902323300.0,4909951000.0,-0.004578519114488033
sh000001,2005-03-25,1207.20,1205.63,1199.87,1211.16,952758900.0,5076361300.0,-0.0021188720317167897
sh000001,2005-03-24,1200.26,1208.19,1187.58,1208.61,1147719000.0,6700150699.999999,0.005442516539757802
sh000001,2005-03-23,1205.76,1201.65,1194.32,1218.01,1344060500.0,7851213100.000001,-0.004366486593974761
sh000001,2005-03-22,1230.68,1206.92,1202.43,1231.68,1465330900.0,8148375000.0,-0.019601153486860756
sh000001,2005-03-21,1226.14,1231.05,1220.82,1232.82,996368700.0,5815375699.999999,0.002973765683558671
sh000001,2005-03-18,1242.45,1227.4,1223.62,1248.03,1245243200.0,7341657900.0,-0.012931450445523796
sh000001,2005-03-17,1255.99,1243.48,1242.51,1257.79,1289554300.0,7813701000.0,-0.009644868149634722
sh000001,2005-03-16,1267.05,1255.59,1247.89,1268.19,1366337300.0,8330513800.0,-0.010676521108782477
sh000001,2005-03-15,1293.13,1269.14,1266.64,1293.26,1564271900.0,9678243200.0,-0.01883262466177027
sh000001,2005-03-14,1288.99,1293.5,1271.51,1304.11,1869250200.0,11968377500.0,0.002759818286121707
sh000001,2005-03-11,1284.51,1289.94,1278.15,1292.53,1499671400.0,9039329500.0,0.002884398591231685
sh000001,2005-03-10,1316.90,1286.23,1282.53,1316.90,1789766900.0,10537289300.0,-0.023207952672787524
sh000001,2005-03-09,1321.21,1316.79,1310.24,1326.08,2056718700.0,12224773500.0,-0.0011226835170337068
sh000001,2005-03-08,1298.25,1318.27,1296.91,1318.90,1798439800.0,11159503100.0,0.018960533028274495
sh000001,2005-03-07,1288.41,1293.74,1287.74,1296.88,1076224600.0,6283006000.0,0.0046827313603217124
sh000001,2005-03-04,1294.16,1287.71,1286.48,1299.60,1104995800.0,6269241700.0,-0.005122301713614608
sh000001,2005-03-03,1285.20,1294.34,1276.88,1295.25,1282360900.0,6981237900.0,0.005351664142296597
sh000001,2005-03-02,1303.31,1287.45,1285.92,1316.72,1862863500.0,10749393300.0,-0.01224480401408612
sh000001,2005-03-01,1305.25,1303.41,1295.64,1308.76,1398095200.0,7981055200.0,-0.0019831546707502756
sh000001,2005-02-28,1311.44,1306.0,1298.93,1315.14,1765143200.0,10244600500.0,-0.004906890981683065
sh000001,2005-02-25,1311.37,1312.44,1311.21,1328.53,2406961000.0,13978978600.000002,0.0019008359097676397
sh000001,2005-02-24,1307.04,1309.95,1296.98,1310.97,2011581500.0,11356347700.0,0.0003589210984513702
sh000001,2005-02-23,1309.62,1309.48,1299.15,1316.59,2418912700.0,13699232400.0,0.00015275571306361257
sh000001,2005-02-22,1285.63,1309.28,1282.78,1312.53,2260281500.0,12773513600.000002,0.019307424015944097
sh000001,2005-02-21,1259.53,1284.48,1259.51,1284.94,1253692200.0,6930691899.999999,0.02026259561387489
sh000001,2005-02-18,1275.66,1258.97,1258.56,1278.62,1068805000.0,5785501700.0,-0.013446905879495152
sh000001,2005-02-17,1280.03,1276.13,1263.71,1280.03,1121861200.0,6103111100.0,-0.002150319029150527
sh000001,2005-02-16,1276.02,1278.88,1270.32,1291.47,1444545500.0,7980113900.0,0.0077856579984241225
sh000001,2005-02-04,1238.61,1269.0,1235.64,1274.12,1702829300.0,9664344700.0,0.021484170617639853
sh000001,2005-02-03,1253.81,1242.31,1236.18,1269.16,2041522500.0,10897290900.0,-0.008135728542914222
sh000001,2005-02-02,1189.50,1252.5,1189.50,1253.16,1905406200.0,10397267000.0,0.053468244556029276
sh000001,2005-02-01,1189.50,1188.93,1187.26,1203.07,934022200.0,4907930800.0,-0.0024248628148544338
sh000001,2005-01-31,1210.76,1191.82,1190.17,1210.76,907806200.0,4668009600.0,-0.018003246351973923
sh000001,2005-01-28,1223.73,1213.67,1208.86,1226.30,817055700.0,4199937400.0,-0.009968267952263243
sh000001,2005-01-27,1239.58,1225.89,1223.88,1241.14,941282900.0,4955027500.0,-0.012939225095816242
sh000001,2005-01-26,1252.37,1241.96,1240.13,1254.23,964069100.0,5351521300.0,-0.009782894684387977
sh000001,2005-01-25,1252.35,1254.23,1239.16,1254.87,1181392400.0,6439329700.0,-0.0012342926308748225
sh000001,2005-01-24,1258.02,1255.78,1239.80,1265.95,1802020700.0,9786782700.0,0.01725422850106928
sh000001,2005-01-21,1201.93,1234.48,1189.21,1237.91,1697008000.0,9001891100.0,0.024983601657270427
sh000001,2005-01-20,1213.37,1204.39,1199.17,1213.96,1031028400.0,5383794399.999999,-0.011263350600520305
sh000001,2005-01-19,1225.08,1218.11,1214.64,1225.08,937719500.0,4677974200.0,-0.005989636460075998
sh000001,2005-01-18,1215.78,1225.45,1207.05,1226.04,1019028800.0,5294355400.0,0.007232975794188912
sh000001,2005-01-17,1235.57,1216.65,1214.06,1236.40,1002856500.0,5434886400.0,-0.023257494259886435
sh000001,2005-01-14,1255.87,1245.62,1243.87,1268.86,989832700.0,5272487600.0,-0.00850904633410543
sh000001,2005-01-13,1255.72,1256.31,1251.02,1259.50,874670700.0,5003680900.0,-0.00048531330554058005
sh000001,2005-01-12,1257.17,1256.92,1246.42,1257.19,676958500.0,3799863000.0,-0.0004294371192721247
sh000001,2005-01-11,1252.71,1257.46,1247.84,1260.87,772557000.0,4368276200.0,0.004040242733950761
sh000001,2005-01-10,1243.58,1252.4,1236.09,1252.72,723468300.0,4118291800.0,0.006145812412130969
sh000001,2005-01-07,1239.32,1244.75,1235.51,1256.31,894087100.0,5040041900.0,0.004292295652033484
sh000001,2005-01-06,1252.49,1239.43,1234.24,1252.74,792225400.0,4381370300.0,-0.009992491652954572
sh000001,2005-01-05,1241.68,1251.94,1235.75,1258.58,867865100.0,4916589300.0,0.007378678275143491
sh000001,2005-01-04,1260.78,1242.77,1238.18,1260.78,816177000.0,4418452000.0,-0.018736675878405107
sh000001,2004-12-31,1275.39,1266.5,1264.49,1280.83,830394900.0,4695701300.0,-0.005660629185607391
sh000001,2004-12-30,1273.15,1273.71,1264.15,1280.57,881285700.0,5014102700.0,-0.00047084304447109204
sh000001,2004-12-29,1278.69,1274.31,1270.89,1285.55,871398700.0,4767536600.0,-0.0036201854660892208
sh000001,2004-12-28,1280.93,1278.94,1271.91,1283.63,775821200.0,4318210100.0,-0.0010388433689767496
sh000001,2004-12-27,1285.41,1280.27,1276.73,1292.31,723114900.0,4172827400.0,-0.003711946709829994
sh000001,2004-12-24,1281.32,1285.04,1280.38,1290.66,718052100.0,4282648400.0000005,0.0018086566047148533
sh000001,2004-12-23,1308.58,1282.72,1280.72,1308.59,847608800.0,4917096500.0,-0.019004718676629118
sh000001,2004-12-22,1277.18,1307.57,1275.06,1307.73,1333967500.0,7370728900.0,0.025408376922292586
sh000001,2004-12-21,1275.09,1275.17,1271.03,1285.71,699952900.0,3734396400.0,-0.00022736894924180184
sh000001,2004-12-20,1286.07,1275.46,1272.15,1286.07,805310700.0,4603037800.0,-0.01164673883563605
sh000001,2004-12-17,1303.94,1290.49,1288.24,1303.94,766209900.0,4229595100.0,-0.01113392898193133
sh000001,2004-12-16,1311.03,1305.02,1302.49,1317.62,905880200.0,5060280800.0,-0.006115532538745638
sh000001,2004-12-15,1307.34,1313.05,1291.86,1317.82,1140508900.0,6514900000.0,0.004206340101716943
sh000001,2004-12-14,1309.07,1307.55,1303.15,1315.89,804598200.0,4652200400.0,-0.0016339744519696664
sh000001,2004-12-13,1312.61,1309.69,1299.80,1314.40,854945300.0,4859194700.0,-0.006093859089943199
sh000001,2004-12-10,1336.63,1317.72,1316.64,1340.37,1107238600.0,6280950500.0,-0.015752795392923513
sh000001,2004-12-09,1326.74,1338.81,1318.47,1352.46,1525791100.0,8334090699.999999,0.009325713941075175
sh000001,2004-12-08,1331.28,1326.44,1322.05,1337.87,859335800.0,4929901000.0,0.002032105760151115
sh000001,2004-12-07,1339.82,1323.75,1322.82,1340.88,1023680500.0,5960762500.0,-0.011861395598817714
sh000001,2004-12-06,1337.81,1339.64,1327.38,1342.83,1066478500.0,6326780500.0,0.0018247083457971769
sh000001,2004-12-03,1333.01,1337.2,1332.86,1343.71,1350501600.0,8201369600.0,0.0030830626589353205
sh000001,2004-12-02,1333.57,1333.09,1324.55,1334.06,1280448300.0,7714799600.0,-0.0013858300747600083
sh000001,2004-12-01,1340.92,1334.94,1332.97,1342.55,955342900.0,5797059399.999999,-0.00434824764873909
sh000001,2004-11-30,1336.00,1340.77,1332.29,1341.48,927724500.0,5475046400.0,0.0024973269629064987
sh000001,2004-11-29,1354.58,1337.43,1335.61,1354.58,1008315100.0,6080041500.0,-0.014225380141958954
sh000001,2004-11-26,1357.54,1356.73,1354.80,1362.49,1043493300.0,6121805699.999999,-0.0011779170010232098
sh000001,2004-11-25,1358.41,1358.33,1348.41,1362.16,1342533800.0,7758391000.0,-0.00058861183256953
sh000001,2004-11-24,1371.32,1359.13,1358.45,1380.77,1635543400.0,9764012700.0,-0.008831422653948207
sh000001,2004-11-23,1383.53,1371.24,1368.14,1383.79,1632852000.0,10039118900.0,-0.008517591936486824
sh000001,2004-11-22,1381.58,1383.02,1374.41,1387.34,1666743900.0,10273902400.0,0.002217455578422456
sh000001,2004-11-19,1369.81,1379.96,1365.24,1380.08,1410790400.0,8670277000.0,0.00886806108946292
sh000001,2004-11-18,1353.50,1367.83,1352.89,1368.06,1158909500.0,7315559000.0,0.008620053976728048
sh000001,2004-11-17,1370.70,1356.14,1350.52,1370.79,1223426100.0,7593392500.0,-0.010398499697166552
sh000001,2004-11-16,1372.58,1370.39,1361.28,1376.19,1416560700.0,8616093100.0,0.00024816612532396753
sh000001,2004-11-15,1354.48,1370.05,1354.48,1370.62,1423053500.0,8929425600.0,0.013185724216473682
sh000001,2004-11-12,1346.84,1352.22,1341.12,1360.33,1574410500.0,9490677800.0,0.003823112384657046
sh000001,2004-11-11,1358.65,1347.07,1346.03,1379.86,2742989500.0,16803175500.0,-0.005404647110507477
sh000001,2004-11-10,1310.32,1354.39,1302.70,1360.71,2331973800.0,14102138200.0,0.03591779292199204
sh000001,2004-11-09,1304.37,1307.43,1299.94,1313.15,711164000.0,4270396200.0,0.002453554971132421
sh000001,2004-11-08,1303.52,1304.23,1292.91,1307.62,737665600.0,4398204300.0,-0.0006895864779754568
sh000001,2004-11-05,1308.65,1305.13,1298.71,1315.94,999636000.0,6257655800.0,0.000268244455003952
sh000001,2004-11-04,1328.12,1304.78,1301.36,1338.26,1397438400.0,8753620400.0,-0.016559261352930066
sh000001,2004-11-03,1304.58,1326.75,1301.32,1327.50,1328283500.0,8411264200.0,0.019377194532588682
sh000001,2004-11-02,1303.88,1301.53,1290.99,1306.28,1096095500.0,6711524399.999999,-0.002880585923434653
sh000001,2004-11-01,1317.66,1305.29,1304.29,1323.10,1196191500.0,7218346800.000001,-0.01154830599603196
sh000001,2004-10-29,1316.60,1320.54,1304.07,1337.28,1790571500.0,11215927900.0,-0.015800378612846
sh000001,2004-10-28,1340.81,1341.74,1336.75,1356.63,1959382900.0,12244172800.0,-0.0007893952934167059
sh000001,2004-10-27,1326.92,1342.8,1314.87,1343.03,2076824200.0,12961627000.0,0.013602258488201846
sh000001,2004-10-26,1309.62,1324.78,1289.87,1325.20,1706971200.0,10965410300.0,0.010395454372116086
sh000001,2004-10-25,1337.25,1311.15,1308.89,1346.88,1756603300.0,11808958200.0,-0.013698320996569646
sh000001,2004-10-22,1310.85,1329.36,1294.04,1330.56,1792506100.0,11619270400.0,0.01435275266109648
sh000001,2004-10-21,1331.22,1310.55,1304.54,1340.96,1643646900.0,10673486200.000002,-0.015053585654376311
sh000001,2004-10-20,1337.71,1330.58,1311.88,1337.72,1186456100.0,7605659700.0,-0.005263079200370835
sh000001,2004-10-19,1339.06,1337.62,1334.47,1361.81,1304036900.0,8444424500.0,0.0016699241420108368
sh000001,2004-10-18,1332.52,1335.39,1316.32,1341.78,1011913600.0,6804062900.0,0.0036602230706792582
sh000001,2004-10-15,1328.47,1330.52,1312.55,1340.12,1354316800.0,8960323300.0,-0.0018155355829970743
sh000001,2004-10-14,1386.86,1332.94,1331.13,1387.36,1724777100.0,11661332800.0,-0.03878216222452979
sh000001,2004-10-13,1382.36,1386.72,1372.06,1393.65,1428411100.0,9790165000.0,0.0016468752708675982
sh000001,2004-10-12,1410.61,1384.44,1380.69,1410.61,1708983700.0,11572506399.999998,-0.020316314616282805
sh000001,2004-10-11,1424.23,1413.15,1409.22,1437.57,2321482900.0,16434170500.0,-0.006873142037907676
sh000001,2004-10-08,1395.67,1422.93,1373.93,1423.20,1381398400.0,9385252700.0,0.0187799813846925
sh000001,2004-09-30,1418.11,1396.7,1390.68,1420.05,1368002300.0,8289273800.0,-0.01641537735649745
sh000001,2004-09-29,1436.71,1420.01,1417.83,1438.98,1403657200.0,8741386300.0,-0.010852680779331103
sh000001,2004-09-28,1430.22,1435.59,1416.60,1438.05,1502751400.0,9323324400.0,0.0057377049180327155
sh000001,2004-09-27,1452.51,1427.4,1419.31,1466.40,2109919600.0,13007545000.0,-0.00568419292819522
sh000001,2004-09-24,1475.09,1435.56,1434.31,1496.21,4347562400.0,28871992500.0,-0.01994838815385247
sh000001,2004-09-23,1417.39,1464.78,1408.61,1464.98,2374493400.0,14807842500.0,0.03142625778967001
sh000001,2004-09-22,1444.25,1420.15,1414.70,1451.41,3223892400.0,19653057500.0,-0.019612580769867938
sh000001,2004-09-21,1466.20,1448.56,1436.51,1467.54,3840342400.0,22673550000.0,-0.01001899919355942
sh000001,2004-09-20,1423.97,1463.22,1422.90,1463.79,4494084800.0,26526600000.0,0.03429702410405033
sh000001,2004-09-17,1373.50,1414.7,1368.54,1415.64,3301870400.0,18987691300.0,0.03172403733955664
sh000001,2004-09-16,1364.25,1371.2,1354.20,1377.99,2405360400.0,13565218799.999998,0.011783977627413789
sh000001,2004-09-15,1303.29,1355.23,1301.38,1374.04,3096444200.0,17144888799.999998,0.04219600725952821
sh000001,2004-09-14,1266.23,1300.36,1266.23,1305.73,1319799600.0,7007988100.000001,0.031769709280182745
sh000001,2004-09-13,1285.32,1260.32,1259.43,1285.32,729331400.0,3844095900.0000005,-0.020791248407247442
sh000001,2004-09-10,1281.58,1287.08,1270.94,1287.75,651213800.0,3398917199.9999995,0.002156800149496707
sh000001,2004-09-09,1307.47,1284.31,1281.75,1307.47,866753800.0,4464117500.0,-0.019109009951654654
sh000001,2004-09-08,1322.84,1309.33,1302.11,1323.26,860049600.0,4076816900.0,-0.011296619320541601
sh000001,2004-09-07,1321.21,1324.29,1312.31,1325.68,630850700.0,3215600900.0000005,0.0021339871506731445
sh000001,2004-09-06,1326.46,1321.47,1315.96,1326.87,608546300.0,3216238100.0,-0.004257339200675059
sh000001,2004-09-03,1327.81,1327.12,1319.83,1333.22,820626900.0,4111095900.0000005,-0.0006099719111701818
sh000001,2004-09-02,1319.07,1327.93,1303.19,1328.61,920782000.0,4861987800.0,0.004896099768437967
sh000001,2004-09-01,1340.75,1321.46,1319.86,1340.77,675869300.0,3677390000.0,-0.015349537278512071
sh000001,2004-08-31,1342.30,1342.06,1331.76,1360.75,1259235200.0,6943955000.0,0.017166763932363605
sh000001,2004-08-30,1318.32,1319.41,1310.02,1322.23,628942300.0,3436927800.0000005,-0.0009086709929501113
sh000001,2004-08-27,1333.31,1320.61,1314.60,1337.73,712647900.0,4061751900.0,-0.010349065511608191
sh000001,2004-08-26,1339.62,1334.42,1330.22,1340.95,608427400.0,3515780000.0,-0.004000656824254656
sh000001,2004-08-25,1344.46,1339.78,1334.29,1346.97,687925500.0,3833918800.0,-0.0036069401991627448
sh000001,2004-08-24,1323.79,1344.63,1317.56,1347.15,1016638600.0,5484375600.000001,0.014501173221870944
sh000001,2004-08-23,1339.93,1325.41,1322.98,1339.94,677042100.0,3964250000.0,-0.012170763337159163
sh000001,2004-08-20,1338.31,1341.74,1327.77,1349.48,883586600.0,4986079100.0,0.0009623633854303204
sh000001,2004-08-19,1357.23,1340.45,1333.48,1357.27,862367200.0,5137114100.0,-0.013083300201734649
sh000001,2004-08-18,1359.87,1358.22,1357.03,1371.23,798051900.0,5141436900.0,-0.0014556682840758395
sh000001,2004-08-17,1354.38,1360.2,1344.81,1364.41,756885200.0,4745609100.0,0.004200781094270356
sh000001,2004-08-16,1366.52,1354.51,1350.84,1369.87,812160600.0,4719178100.0,-0.010186707588877963
sh000001,2004-08-13,1361.99,1368.45,1358.31,1377.82,859205000.0,5377718800.0,0.00018272182429468486
sh000001,2004-08-12,1378.79,1368.2,1357.08,1378.79,875534500.0,5170553800.0,-0.012101432532347522
sh000001,2004-08-11,1401.02,1384.96,1382.24,1401.25,794807800.0,4834778100.0,-0.011286649485639955
sh000001,2004-08-10,1396.62,1400.77,1390.94,1404.72,716267200.0,4532792800.0,0.0035247340330264443
sh000001,2004-08-09,1388.08,1395.85,1382.94,1397.59,822481800.0,5088668100.0,0.003876414999352651
sh000001,2004-08-06,1388.07,1390.46,1380.31,1400.95,923548400.0,5914393100.000001,0.0010222887749813392
sh000001,2004-08-05,1402.37,1389.04,1387.55,1413.08,1104324600.0,6826090000.0,-0.011014517518565192
sh000001,2004-08-04,1365.67,1404.51,1364.01,1424.55,1770908200.0,10878658799.999998,0.027996135435422342
sh000001,2004-08-03,1371.28,1366.26,1363.69,1378.20,779246400.0,5450750600.000001,-0.00506837942937044
sh000001,2004-08-02,1381.88,1373.22,1370.50,1383.08,727149900.0,4757135600.0,-0.009363728177752106
sh000001,2004-07-30,1408.49,1386.2,1384.74,1409.12,931176300.0,5895365000.0,-0.015014246836207445
sh000001,2004-07-29,1388.62,1407.33,1385.96,1407.36,1150894500.0,7160331899.999999,0.013335157436942469
sh000001,2004-07-28,1385.50,1388.81,1366.50,1397.17,1042229200.0,6219950000.0,0.003381185293288791
sh000001,2004-07-27,1387.00,1384.13,1373.42,1395.31,950809700.0,5857960000.0,-0.002551038791643534
sh000001,2004-07-26,1401.84,1387.67,1381.91,1401.88,844441100.0,5325876899.999999,-0.014018757993463082
sh000001,2004-07-23,1403.36,1407.4,1387.26,1408.46,1099760800.0,6963158800.0,-2.8420394475037192e-05
sh000001,2004-07-22,1448.13,1407.44,1404.54,1449.69,1323534000.0,8772963100.0,-0.028037899505538477
sh000001,2004-07-21,1446.52,1448.04,1436.85,1452.86,964404500.0,6550140000.0,6.906363523340175e-05
sh000001,2004-07-20,1457.23,1447.94,1440.06,1457.29,1244757100.0,8293448100.000001,-0.0065864401663076055
sh000001,2004-07-19,1456.77,1457.54,1447.05,1465.84,1349306100.0,8966335000.0,0.000968320136251366
sh000001,2004-07-16,1423.69,1456.13,1422.24,1458.39,2293594400.0,14594781299.999998,0.02433276587363009
sh000001,2004-07-15,1404.47,1421.54,1399.98,1422.26,1277115400.0,8411705600.000001,0.01266598278908071
sh000001,2004-07-14,1399.87,1403.76,1378.91,1408.99,1050690900.0,6593246300.0,0.003072613722435724
sh000001,2004-07-13,1395.35,1399.46,1389.16,1403.14,735862600.0,4600437500.0,0.0016533657803385893
sh000001,2004-07-12,1426.25,1397.15,1393.81,1426.25,893013400.0,5693310600.000001,-0.023415929822108827
sh000001,2004-07-09,1439.74,1430.65,1429.14,1451.75,741872900.0,4926661900.0,-0.006341246579338433
sh000001,2004-07-08,1436.47,1439.78,1426.95,1440.64,715849400.0,4666150900.0,0.0009593993325915928
sh000001,2004-07-07,1448.95,1438.4,1434.29,1448.96,811074900.0,5357676899.999999,-0.008341951051361485
sh000001,2004-07-06,1445.40,1450.5,1445.32,1466.78,1257950300.0,8308230000.0,0.00409112620189811
sh000001,2004-07-05,1440.17,1444.59,1429.12,1444.93,839889600.0,5442175600.000001,0.0023591615262386068
sh000001,2004-07-02,1441.12,1441.19,1428.07,1447.61,1106876500.0,7289870600.000001,8.327145801390046e-05
sh000001,2004-07-01,1398.20,1441.07,1396.35,1445.10,1458009900.0,9447359400.0,0.029953686497612653
sh000001,2004-06-30,1408.27,1399.16,1394.68,1415.84,870969900.0,5603837500.0,-0.006765150600912873
sh000001,2004-06-29,1384.64,1408.69,1376.22,1409.38,1065400000.0,6880065000.0,0.016972523426558306
sh000001,2004-06-28,1396.36,1385.18,1380.20,1397.52,831375700.0,5648445600.000001,-0.011369556994097474
sh000001,2004-06-25,1426.55,1401.11,1399.39,1434.47,985414500.0,7095025000.0,-0.018658728769042288
sh000001,2004-06-24,1438.31,1427.75,1426.49,1447.39,950689800.0,6965151300.0,-0.009009321663323466
sh000001,2004-06-23,1450.07,1440.73,1428.80,1450.11,871305600.0,6537909399.999999,-0.006858852400253745
sh000001,2004-06-22,1434.42,1450.68,1430.96,1456.13,1114137000.0,8352978800.0,0.012005832002064842
sh000001,2004-06-21,1421.83,1433.47,1414.97,1434.20,822123400.0,5892775600.000001,0.0043228473341274665
sh000001,2004-06-18,1442.48,1427.3,1411.03,1442.48,1052046000.0,7389533800.0,-0.012590799031476974
sh000001,2004-06-17,1475.27,1445.5,1443.53,1478.49,984752400.0,6830783800.0,-0.020278971411530344
sh000001,2004-06-16,1465.23,1475.42,1452.58,1491.69,1178713300.0,7916290000.0,0.007952014647009786
sh000001,2004-06-15,1436.08,1463.78,1433.03,1469.57,1072608600.0,7284825000.0,0.017404117491694127
sh000001,2004-06-14,1471.45,1438.74,1431.31,1471.45,1129566000.0,7664482500.0,-0.022641586337606157
sh000001,2004-06-11,1471.69,1472.07,1469.54,1499.46,1108633900.0,7828670600.000001,0.0025402835855456996
sh000001,2004-06-10,1465.56,1468.34,1456.32,1478.17,1133707400.0,7825038800.0,0.0001839149359363912
sh000001,2004-06-09,1492.20,1468.07,1464.16,1497.18,1236777000.0,8841883100.0,-0.01723110703503128
sh000001,2004-06-08,1514.78,1493.81,1488.63,1519.99,1075494500.0,7830858100.000001,-0.015384108361071847
sh000001,2004-06-07,1538.46,1517.15,1508.87,1538.50,997591100.0,7136523800.0,-0.016172856318372952
sh000001,2004-06-04,1541.09,1542.09,1534.99,1549.50,1174633500.0,8254706899.999999,-0.0009329264737323317
sh000001,2004-06-03,1566.42,1543.53,1540.74,1566.83,1178527400.0,9256826900.0,-0.015021664635274767
sh000001,2004-06-02,1580.21,1567.07,1562.24,1580.57,1452263000.0,11768786299.999998,-0.007970069508628552
sh000001,2004-06-01,1555.56,1579.66,1553.12,1579.82,1438647900.0,11152591299.999998,0.015264379045060394
sh000001,2004-05-31,1549.03,1555.91,1544.71,1556.79,809242600.0,5650059399.999999,0.004642543519809861
sh000001,2004-05-28,1558.42,1548.72,1545.65,1561.00,952594900.0,6709096899.999999,-0.005432897930875091
sh000001,2004-05-27,1524.94,1557.18,1515.97,1559.55,1352919400.0,9372702500.0,0.021476738999238965
sh000001,2004-05-26,1515.16,1524.44,1508.65,1529.91,809271200.0,5588707500.0,0.004209347518197681
sh000001,2004-05-25,1549.02,1518.05,1516.35,1549.59,1011128000.0,7124520000.0,-0.02083400522462664
sh000001,2004-05-24,1559.55,1550.35,1547.36,1562.33,931573600.0,6136397500.0,-0.00512086656869859
sh000001,2004-05-21,1548.56,1558.33,1545.62,1559.86,1014954000.0,6499431899.999999,0.005984274334112305
sh000001,2004-05-20,1556.69,1549.06,1542.22,1571.30,1055951100.0,7179557500.0,-0.005923159360581187
sh000001,2004-05-19,1559.26,1558.29,1548.16,1575.38,1321180500.0,9647800000.0,0.0018322789692948316
sh000001,2004-05-18,1537.34,1555.44,1526.24,1555.86,1260987000.0,9817235000.0,0.010052209148289526
sh000001,2004-05-17,1556.67,1539.96,1537.47,1562.39,887314200.0,6529651899.999999,-0.014545431275556853
sh000001,2004-05-14,1596.73,1562.69,1558.54,1597.32,1007276900.0,7395138800.0,-0.021833159110398848
sh000001,2004-05-13,1605.70,1597.57,1589.46,1606.07,956733600.0,7357137500.0,-0.003865890994344645
sh000001,2004-05-12,1568.41,1603.77,1564.14,1604.42,1187496600.0,8758265600.0,0.022773363264160906
sh000001,2004-05-11,1556.72,1568.06,1545.63,1570.76,820807500.0,6157000000.0,0.005024932381330727
sh000001,2004-05-10,1600.63,1560.22,1555.26,1603.07,726082500.0,5269381899.999999,-0.022167348755005922
sh000001,2004-04-30,1579.97,1595.59,1572.23,1599.56,1299005100.0,9997847500.0,0.010218747032194608
sh000001,2004-04-29,1605.30,1579.45,1578.09,1613.56,1423096400.0,11058967500.0,-0.01702140901170024
sh000001,2004-04-28,1606.42,1606.8,1589.10,1615.14,1326049800.0,10233720600.0,-0.003139230454257791
sh000001,2004-04-27,1636.44,1611.86,1608.81,1640.69,1337647700.0,10466140000.0,-0.014454295322531396
sh000001,2004-04-26,1633.27,1635.5,1623.05,1644.50,1094421200.0,8358153100.000001,0.0
sh000001,2004-04-23,1653.94,1635.5,1632.56,1653.99,1346393000.0,9905266300.0,-0.013445611325921814
sh000001,2004-04-22,1649.05,1657.79,1637.29,1659.79,1338303400.0,10312608800.0,0.003760035844464049
sh000001,2004-04-21,1669.38,1651.58,1645.08,1675.36,1586593900.0,12346707500.0,-0.010686346156150162
sh000001,2004-04-20,1674.36,1669.42,1659.95,1682.05,1367025700.0,11149700000.0,-0.0038606352445565983
sh000001,2004-04-19,1695.33,1675.89,1672.35,1698.69,1475902600.0,11779388799.999998,-0.010608905104317778
sh000001,2004-04-16,1678.97,1693.86,1656.30,1694.56,1902989400.0,14600336299.999998,0.008802439431117026
sh000001,2004-04-15,1697.24,1679.08,1674.91,1705.02,1650715600.0,13086201299.999998,-0.010653091046218477
sh000001,2004-04-14,1714.53,1697.16,1678.34,1716.82,2153045800.0,17010100000.0,-0.010483109250556844
sh000001,2004-04-13,1724.58,1715.14,1710.39,1734.92,2063689400.0,16871472500.0,-0.004556033407042359
sh000001,2004-04-12,1717.20,1722.99,1702.40,1729.62,2029337000.0,16483343799.999998,-0.002524097606159681
sh000001,2004-04-09,1770.91,1727.35,1721.59,1778.22,2682882800.0,22388757500.0,-0.024250401066498006
sh000001,2004-04-08,1774.40,1770.28,1765.02,1778.10,2446796600.0,20846147500.0,-0.0024062438364655936
sh000001,2004-04-07,1779.43,1774.55,1771.13,1783.01,2471708000.0,20685041300.0,-0.0016708672757550502
sh000001,2004-04-06,1767.32,1777.52,1754.74,1777.74,2542163200.0,20996527500.0,0.006249716951225004
sh000001,2004-04-05,1771.74,1766.48,1753.71,1774.12,2635105800.0,21888637500.0,-0.0012269244904306031
sh000001,2004-04-02,1760.47,1768.65,1756.65,1771.67,2321107200.0,19086850000.0,0.005972186673492086
sh000001,2004-04-01,1744.71,1758.15,1741.33,1758.98,1931217200.0,16210461299.999998,0.00949116339959355
sh000001,2004-03-31,1726.57,1741.62,1724.21,1745.70,1769536200.0,14335411299.999998,0.01005637135500037
sh000001,2004-03-30,1718.78,1724.28,1711.66,1727.18,1516751600.0,12430703799.999998,0.002680746887484098
sh000001,2004-03-29,1734.59,1719.67,1717.86,1740.31,1779993400.0,14482736299.999998,-0.008292725123266287
sh000001,2004-03-26,1737.06,1734.05,1720.88,1741.56,1797198200.0,14737128799.999998,-0.00139938265917261
sh000001,2004-03-25,1737.49,1736.48,1725.98,1751.81,1812306000.0,13998752500.0,-0.002051665182034923
sh000001,2004-03-24,1740.89,1740.05,1729.51,1752.42,2023307000.0,15730060000.0,-0.0009416141793315846
sh000001,2004-03-23,1755.32,1741.69,1731.49,1755.33,2072914600.0,16082771299.999998,-0.007974072871634541
sh000001,2004-03-22,1749.71,1755.69,1742.37,1760.08,2049081000.0,15249723799.999998,0.00447401694634042
sh000001,2004-03-19,1715.47,1747.87,1710.84,1748.19,2019352000.0,15102483799.999998,0.017824907119480926
sh000001,2004-03-18,1746.18,1717.26,1714.90,1755.10,2357800200.0,17903597500.0,-0.015953240501976884
sh000001,2004-03-17,1746.74,1745.1,1730.27,1750.71,2124453600.0,16670630000.0,-0.00025207099235768915
sh000001,2004-03-16,1741.62,1745.54,1730.74,1747.98,2514877600.0,19447108800.0,0.005367983320086145
sh000001,2004-03-15,1696.94,1736.22,1696.82,1738.98,2906509000.0,22021155000.0,0.024475730790563865
sh000001,2004-03-12,1692.87,1694.74,1680.45,1699.25,1839071800.0,13800067500.0,0.0018325412026198862
sh000001,2004-03-11,1680.31,1691.64,1672.67,1698.78,2065083000.0,15886191299.999998,0.008086670997038414
sh000001,2004-03-10,1639.68,1678.07,1639.68,1678.40,1895230400.0,13403623799.999998,0.025025960539979186
sh000001,2004-03-09,1636.21,1637.1,1634.71,1659.65,1879204400.0,12906082500.0,-2.44328524134918e-05
sh000001,2004-03-08,1660.64,1637.14,1635.44,1665.73,2276648200.0,13470868799.999998,-0.015017146982732599
sh000001,2004-03-05,1671.06,1662.1,1660.21,1675.03,1813341600.0,13443561299.999998,-0.0040566371257197975
sh000001,2004-03-04,1658.63,1668.87,1642.63,1670.16,1925523800.0,14827440000.0,0.004248379778674982
sh000001,2004-03-03,1686.96,1661.81,1654.56,1688.94,2054176600.0,16061371299.999998,-0.015095301313356457
sh000001,2004-03-02,1692.62,1687.28,1677.98,1694.81,2195920200.0,17513250000.0,-0.0014676640469653002
sh000001,2004-03-01,1676.22,1689.76,1661.34,1690.07,2145863400.0,17217835000.0,0.008769782755347677
sh000001,2004-02-27,1657.26,1675.07,1657.04,1675.32,2131624200.0,16570207500.0,0.012188047616169984
sh000001,2004-02-26,1642.41,1654.9,1628.84,1655.30,2508584800.0,18434900000.0,0.00456482414500603
sh000001,2004-02-25,1684.90,1647.38,1642.69,1700.50,2628583400.0,20368701300.0,-0.020757296558283178
sh000001,2004-02-24,1675.64,1682.3,1650.18,1683.04,2930568200.0,22155880000.0,0.0003865251390002822
sh000001,2004-02-23,1725.59,1681.65,1680.89,1730.28,3056685600.0,24061825000.0,-0.02329025700595322
sh000001,2004-02-20,1715.81,1721.75,1702.93,1722.57,2655260600.0,20231540000.0,0.0027547728040442365
sh000001,2004-02-19,1719.31,1717.02,1710.71,1728.02,2893169400.0,23778582500.0,-4.6590181119299245e-05
sh000001,2004-02-18,1704.75,1717.1,1697.32,1719.89,3109817400.0,25655280000.0,0.007823825985901811
sh000001,2004-02-17,1701.41,1703.77,1693.97,1710.86,3197601000.0,26081817500.0,0.004089979550102374
sh000001,2004-02-16,1661.45,1696.83,1661.44,1697.26,2546672800.0,19640211300.0,0.023086570115885108
sh000001,2004-02-13,1664.60,1658.54,1653.24,1672.44,2402573600.0,18694520000.0,-0.00317941135813149
sh000001,2004-02-12,1679.08,1663.83,1660.31,1693.01,2915669800.0,21897482500.0,-0.00830273698264361
sh000001,2004-02-11,1691.61,1677.76,1660.01,1692.90,2928874800.0,21184690000.0,-0.007835553899740444
sh000001,2004-02-10,1708.90,1691.01,1683.60,1715.46,3028473000.0,22508090000.0,-0.007349444976020414
sh000001,2004-02-09,1679.58,1703.53,1679.10,1703.77,2882514200.0,21600660000.0,0.014495083939280118
sh000001,2004-02-06,1690.56,1679.19,1671.40,1705.91,3676388400.0,27101690000.0,-0.008408968779341386
sh000001,2004-02-05,1690.94,1693.43,1674.62,1693.90,3634379200.0,26676505000.0,0.004907545871015273
sh000001,2004-02-04,1652.61,1685.16,1652.61,1685.77,3603992400.0,26920897500.0,0.02175494761350416
sh000001,2004-02-03,1625.29,1649.28,1615.81,1650.24,2819528400.0,21305722500.0,0.015641549868216753
sh000001,2004-02-02,1630.65,1623.88,1585.96,1650.29,4030988800.0,27519102500.0,0.020839488788166438
sh000001,2004-01-30,1631.11,1590.73,1589.40,1634.41,2650053600.0,19276342500.0,-0.023397018737260855
sh000001,2004-01-29,1605.25,1628.84,1603.31,1629.18,1991039200.0,15044351299.999998,0.017751479289940697
sh000001,2004-01-16,1589.38,1600.43,1579.24,1604.76,2198594400.0,16318783799.999998,0.008786692635944782
sh000001,2004-01-15,1591.82,1586.49,1582.36,1601.41,2028577400.0,14673937500.0,-0.003723891938056556
sh000001,2004-01-14,1612.92,1592.42,1585.91,1613.15,2276320000.0,15858112500.0,-0.012562938710717564
sh000001,2004-01-13,1622.05,1612.68,1596.72,1627.49,2843455400.0,20818691300.0,-0.003608234683537992
sh000001,2004-01-12,1579.88,1618.52,1573.77,1619.09,2615649600.0,18796961300.0,0.02342757055144884
sh000001,2004-01-09,1612.39,1581.47,1579.69,1618.76,3595828800.0,25376362500.0,-0.017799804984690692
sh000001,2004-01-08,1587.45,1610.13,1582.88,1616.58,3201322800.0,22433180000.0,0.014446824596774155
sh000001,2004-01-07,1574.10,1587.2,1565.09,1595.00,3448297200.0,23445570000.0,0.008053247973985656
sh000001,2004-01-06,1568.90,1574.52,1557.93,1589.08,3670357200.0,24432962500.0,0.003934070838779613
sh000001,2004-01-05,1516.80,1568.35,1516.70,1568.81,3278496600.0,21841255000.0,0.03372023279879244
sh000001,2004-01-02,1492.72,1517.19,1491.69,1526.24,1897808800.0,12733815000.0,0.01345989419120408
sh000001,2003-12-31,1513.62,1497.04,1491.25,1516.52,2164552400.0,11757363799.999998,-0.009691140379310625
sh000001,2003-12-30,1495.67,1511.69,1495.39,1513.73,1780048000.0,10963733799.999998,0.010197603629972685
sh000001,2003-12-29,1509.28,1496.43,1495.54,1512.98,1936386400.0,10895811299.999998,-0.012113970345528635
sh000001,2003-12-26,1513.11,1514.78,1504.13,1516.48,1992092200.0,12495655000.0,0.0014412270263124416
sh000001,2003-12-25,1514.93,1512.6,1504.25,1525.30,2496740000.0,15537781299.999998,-0.0008125086700619955
sh000001,2003-12-24,1501.36,1513.83,1498.98,1514.32,2415998200.0,15872842500.0,0.008789583111205701
sh000001,2003-12-23,1497.57,1500.64,1487.12,1507.04,2837257200.0,17794045000.0,0.005144143178651861
sh000001,2003-12-22,1444.17,1492.96,1441.59,1493.54,2992138000.0,19957982500.0,0.0322687704402298
sh000001,2003-12-19,1463.45,1446.29,1429.71,1470.21,2633992800.0,17173741299.999998,-0.007555067590749975
sh000001,2003-12-18,1450.85,1457.3,1445.08,1458.67,1581915100.0,10571695000.0,0.0022696011004126326
sh000001,2003-12-17,1465.61,1454.0,1453.88,1480.43,1876761000.0,12347583799.999998,-0.00841551072738922
sh000001,2003-12-16,1469.12,1466.34,1441.06,1469.13,1861889600.0,11572602500.0,-0.0027340243205745685
sh000001,2003-12-15,1471.24,1470.36,1465.51,1474.67,1298044000.0,8374266899.999999,-0.00029235988822340353
sh000001,2003-12-12,1469.70,1470.79,1459.55,1472.86,1607823200.0,10919983799.999998,0.0005238023972462535
sh000001,2003-12-11,1472.39,1470.02,1460.19,1475.38,2082242200.0,13944437500.0,0.00040832437288185197
sh000001,2003-12-10,1449.57,1469.42,1448.50,1469.71,2214878800.0,14404248799.999998,0.018048040350014283
sh000001,2003-12-09,1435.10,1443.37,1429.06,1443.61,1243296000.0,7997930600.000001,0.004670555315801739
sh000001,2003-12-08,1452.11,1436.66,1435.14,1459.48,1566441900.0,9378390600.0,-0.009964716908319016
sh000001,2003-12-05,1454.41,1451.12,1440.79,1456.87,1706673600.0,10803562500.0,-0.001163262918069119
sh000001,2003-12-04,1445.40,1452.81,1440.82,1454.32,1994111200.0,13498387500.0,0.005383971267032495
sh000001,2003-12-03,1434.70,1445.03,1424.35,1462.07,2354770400.0,14962536299.999998,0.006772056210853528
sh000001,2003-12-02,1437.24,1435.31,1430.24,1444.56,2147594400.0,13495357500.0,0.001821735185314477
sh000001,2003-12-01,1398.71,1432.7,1398.71,1432.82,2006792000.0,12735115000.0,0.02538594218561019
sh000001,2003-11-28,1388.31,1397.23,1385.82,1401.46,1300053400.0,8527278800.0,0.005852710388021043
sh000001,2003-11-27,1412.31,1389.1,1387.79,1415.74,1730476200.0,10391633800.0,-0.01615542067128939
sh000001,2003-11-26,1407.30,1411.91,1398.03,1413.77,1770189000.0,11546638799.999998,0.0024779540193975436
sh000001,2003-11-25,1407.76,1408.42,1400.90,1423.58,2775995400.0,17694561300.0,0.0031410032692076317
sh000001,2003-11-24,1360.33,1404.01,1360.23,1404.25,1989308600.0,12446350000.0,0.031177472898733738
sh000001,2003-11-21,1379.94,1361.56,1359.90,1394.57,2116155200.0,13294241299.999998,-0.010860800139483207
sh000001,2003-11-20,1338.60,1376.51,1336.14,1377.12,2173963800.0,13380560000.0,0.028113259689140913
sh000001,2003-11-19,1313.84,1338.87,1312.56,1341.56,1083691100.0,6814146899.999999,0.01694567661177615
sh000001,2003-11-18,1334.65,1316.56,1314.99,1336.10,1536595500.0,9432298100.0,-0.008689104736089082
sh000001,2003-11-17,1330.49,1328.1,1323.68,1333.41,633399100.0,3942945900.0000005,-0.00221629540588264
sh000001,2003-11-14,1318.72,1331.05,1312.79,1331.42,813528300.0,4988706600.0,0.008669228029493548
sh000001,2003-11-13,1313.93,1319.61,1307.40,1324.98,935641500.0,5532711899.999999,0.0013811001752934704
sh000001,2003-11-12,1341.57,1317.79,1316.85,1341.58,1029648400.0,6260571899.999999,-0.019224185409565164
sh000001,2003-11-11,1340.32,1343.62,1331.12,1350.39,980473800.0,5966233800.0,0.002626669651518476
sh000001,2003-11-10,1330.96,1340.1,1322.05,1340.87,906225300.0,5606498800.0,0.003662345249061838
sh000001,2003-11-07,1353.43,1335.21,1323.12,1353.45,1580900900.0,9473351300.0,-0.015905187980453817
sh000001,2003-11-06,1384.67,1356.79,1351.10,1385.84,1825472000.0,10916175000.0,-0.020446029557219192
sh000001,2003-11-05,1389.72,1385.11,1375.99,1396.86,1620542700.0,9471616900.0,-0.003195279047173538
sh000001,2003-11-04,1363.96,1389.55,1363.90,1412.91,2795526200.0,16062018799.999998,0.01868686128176189
sh000001,2003-11-03,1346.48,1364.06,1339.96,1367.34,1363962200.0,6996501899.999999,0.011688793295260735
sh000001,2003-10-31,1341.50,1348.3,1334.78,1364.66,1078833500.0,6659200000.0,0.0027293753672013032
sh000001,2003-10-30,1360.02,1344.63,1340.29,1360.07,959099100.0,6046510000.0,-0.01238349161580321
sh000001,2003-10-29,1372.35,1361.49,1344.42,1375.91,1425891800.0,9461567500.0,-0.005725427763942914
sh000001,2003-10-28,1366.00,1369.33,1356.49,1382.60,1100364700.0,6856010600.000001,-9.492792779641768e-05
sh000001,2003-10-27,1381.84,1369.46,1361.19,1383.60,860358100.0,5836268100.000001,-0.00895189712193245
sh000001,2003-10-24,1385.90,1381.83,1376.71,1389.88,942749200.0,6270222500.0,-0.0034760033173476534
sh000001,2003-10-23,1398.59,1386.65,1384.64,1407.39,1087905500.0,7184516899.999999,-0.008125836009756693
sh000001,2003-10-22,1366.11,1398.01,1363.09,1403.10,1618047400.0,10378621900.0,0.024708641794326747
sh000001,2003-10-21,1359.51,1364.3,1350.21,1364.61,745670800.0,4734607800.0,0.0035307098197867592
sh000001,2003-10-20,1369.71,1359.5,1355.55,1370.49,582328400.0,3794066900.0,-0.008084168746078202
sh000001,2003-10-17,1365.31,1370.58,1362.42,1375.66,575978000.0,3928826900.0,0.0037128984774918994
sh000001,2003-10-16,1381.46,1365.51,1362.98,1382.53,642742100.0,4506286900.0,-0.012717807823006244
sh000001,2003-10-15,1388.25,1383.1,1380.81,1401.54,747105500.0,4831307500.0,-0.003652290425524396
sh000001,2003-10-14,1399.84,1388.17,1382.48,1400.75,704352500.0,4591467800.0,-0.008209136504579662
sh000001,2003-10-13,1405.33,1399.66,1397.69,1411.88,925477600.0,6172278800.0,-0.003098268530850823
sh000001,2003-10-10,1369.00,1404.01,1367.11,1406.00,1367189800.0,8664782500.0,0.02544607316841585
sh000001,2003-10-09,1371.68,1369.17,1367.65,1379.99,606954300.0,3724658800.0,-0.0018371497933206138
sh000001,2003-10-08,1366.20,1371.69,1359.50,1373.08,474273200.0,3043700900.0000005,0.003313438076011588
sh000001,2003-09-30,1354.65,1367.16,1348.22,1371.07,669577000.0,4562766900.0,0.008721058922484426
sh000001,2003-09-29,1369.44,1355.34,1353.25,1369.48,569048700.0,3811852800.0000005,-0.01130693589332088
sh000001,2003-09-26,1374.60,1370.84,1367.75,1377.87,505871600.0,3695455900.0000005,-0.003959921237529862
sh000001,2003-09-25,1394.49,1376.29,1374.79,1394.74,538756500.0,3836610000.0,-0.01286731744403724
sh000001,2003-09-24,1391.40,1394.23,1386.79,1396.94,653477000.0,4622479700.0,0.0029205061251500464
sh000001,2003-09-23,1380.85,1390.17,1372.85,1390.35,658050900.0,4686069700.0,0.00631949270326615
sh000001,2003-09-22,1392.90,1381.44,1378.32,1395.07,540208600.0,3936828800.0,-0.007136850729856037
sh000001,2003-09-19,1390.84,1391.37,1383.72,1395.60,606852000.0,4248634099.9999995,0.0006328704269717988
sh000001,2003-09-18,1388.09,1390.49,1383.40,1395.20,644962800.0,4510698800.0,0.00048207681570278105
sh000001,2003-09-17,1406.25,1389.82,1386.78,1406.37,696921500.0,4640070900.0,-0.01157812388877033
sh000001,2003-09-16,1396.75,1406.1,1389.49,1406.72,754902000.0,5235278800.0,0.006125048299154168
sh000001,2003-09-15,1407.81,1397.54,1394.27,1416.08,783755900.0,5547685000.0,-0.008246047290584535
sh000001,2003-09-12,1426.34,1409.16,1407.95,1426.81,1089879700.0,7787901899.999999,-0.010393550380628613
sh000001,2003-09-11,1422.90,1423.96,1421.82,1429.56,498334700.0,3745070900.0000005,0.0005480684101799582
sh000001,2003-09-10,1419.52,1423.18,1415.72,1424.77,580567600.0,4279455000.0,0.002190032885702964
sh000001,2003-09-09,1424.69,1420.07,1414.88,1429.71,686980300.0,4955406900.0,-0.003969896123389494
sh000001,2003-09-08,1429.46,1425.73,1421.14,1429.56,657201900.0,4978959700.0,-0.004051609117517563
sh000001,2003-09-05,1446.94,1431.53,1424.17,1446.98,879756000.0,6924347500.0,-0.010984987184181727
sh000001,2003-09-04,1447.77,1447.43,1443.38,1453.43,775632200.0,6050173800.0,-0.0002900852988914071
sh000001,2003-09-03,1446.28,1447.85,1438.69,1451.23,793424500.0,6481000000.0,0.0009263676020212497
sh000001,2003-09-02,1450.51,1446.51,1442.01,1456.55,961867700.0,8304931899.999999,-0.00228304203280405
sh000001,2003-09-01,1423.35,1449.82,1420.12,1450.04,978772000.0,7584478100.000001,0.0195783344350835
sh000001,2003-08-29,1414.41,1421.98,1406.68,1422.35,625592200.0,4694267800.0,0.004443063099972333
sh000001,2003-08-28,1425.73,1415.69,1414.88,1428.35,525215100.0,4104474099.9999995,-0.0067842509962394715
sh000001,2003-08-27,1425.15,1425.36,1420.35,1432.35,518586100.0,3647685900.0000005,0.00010524764771502326
sh000001,2003-08-26,1420.85,1425.21,1417.83,1428.41,571906900.0,3994740000.0,0.002130532000168772
sh000001,2003-08-25,1434.21,1422.18,1419.26,1434.21,624752600.0,4575486900.0,-0.011606249305015082
sh000001,2003-08-22,1438.79,1438.88,1436.90,1446.28,565578500.0,4274153800.0,-0.0015335614014390098
sh000001,2003-08-21,1441.78,1441.09,1434.31,1442.86,635718600.0,4503730000.0,-0.0003953775508789281
sh000001,2003-08-20,1449.50,1441.66,1432.75,1450.47,630230600.0,4333948800.0,-0.005552834704872001
sh000001,2003-08-19,1444.66,1449.71,1444.23,1453.45,517471700.0,3780981900.0,0.003197032710765546
sh000001,2003-08-18,1449.67,1445.09,1442.48,1451.67,570670700.0,3851411900.0,-0.0035236519100814157
sh000001,2003-08-15,1454.68,1450.2,1447.11,1457.63,738029400.0,5558518800.0,-0.003915104059344809
sh000001,2003-08-14,1464.38,1455.9,1451.61,1475.02,775132600.0,6078918100.000001,-0.006774318986512595
sh000001,2003-08-13,1479.67,1465.83,1465.06,1481.12,538468500.0,3886657800.0000005,-0.009092261099994614
sh000001,2003-08-12,1473.99,1479.28,1472.39,1484.59,465133900.0,3413978800.0,0.0033030161217029175
sh000001,2003-08-11,1469.26,1474.41,1462.72,1474.72,511310400.0,3685130900.0000005,0.0021342105799750932
sh000001,2003-08-08,1487.17,1471.27,1468.44,1487.41,778644600.0,5647183800.0,-0.010824475416338797
sh000001,2003-08-07,1485.74,1487.37,1485.06,1497.10,621444500.0,4639300900.0,0.0007535744322959559
sh000001,2003-08-06,1493.03,1486.25,1482.69,1493.39,617008600.0,4505169700.0,-0.005393793791114265
sh000001,2003-08-05,1494.49,1494.31,1488.97,1497.01,624816000.0,4711414700.0,-4.015069895668688e-05
sh000001,2003-08-04,1476.82,1494.37,1471.89,1494.42,832509500.0,6225827500.0,0.01178087571176123
sh000001,2003-08-01,1476.47,1476.97,1464.98,1478.36,697427000.0,5217725900.0,0.00015574847298771566
sh000001,2003-07-31,1480.01,1476.74,1474.14,1482.60,623445000.0,4478336900.0,-0.0019666813097692915
sh000001,2003-07-30,1477.41,1479.65,1468.82,1483.07,737385000.0,4868421900.0,0.00159073986326419
sh000001,2003-07-29,1470.39,1477.3,1469.93,1480.58,609754200.0,4369304100.0,0.004699433483633442
sh000001,2003-07-28,1474.74,1470.39,1464.87,1474.74,724840900.0,4949229100.0,-0.00491320678103746
sh000001,2003-07-25,1494.58,1477.65,1471.29,1502.64,1562845300.0,9265612500.0,-0.010579530617027655
sh000001,2003-07-24,1503.06,1493.45,1491.20,1503.38,713057600.0,5360803800.0,-0.005791698565389636
sh000001,2003-07-23,1499.31,1502.15,1491.66,1505.31,787796200.0,5865801899.999999,0.0024424587418001575
sh000001,2003-07-22,1499.89,1498.49,1485.46,1510.31,1021311800.0,7617625600.000001,0.0017380957155939125
sh000001,2003-07-21,1501.39,1495.89,1483.57,1504.71,1221502500.0,8345613800.0,-0.007477640064757596
sh000001,2003-07-18,1539.05,1507.16,1506.49,1539.06,1363849100.0,9697510000.0,-0.020917784014135576
sh000001,2003-07-17,1529.97,1539.36,1529.36,1540.19,1523159800.0,10987322500.0,0.0064531314359688174
sh000001,2003-07-16,1525.50,1529.49,1520.41,1529.82,945800600.0,6264992500.0,0.002654971680302154
sh000001,2003-07-15,1521.56,1525.44,1516.89,1531.00,877040200.0,6418293100.000001,0.002648858624565431
sh000001,2003-07-14,1528.39,1521.41,1519.12,1529.33,695194400.0,5599810000.0,-0.004866402851816609
sh000001,2003-07-11,1532.64,1528.85,1523.24,1535.98,979539200.0,7966343100.000001,-0.0020105357294394333
sh000001,2003-07-10,1503.51,1531.93,1501.71,1532.19,1522135600.0,11165333799.999998,0.019037989503163155
sh000001,2003-07-09,1512.34,1503.31,1499.34,1513.28,628442000.0,4734685000.0,-0.00576050581341514
sh000001,2003-07-08,1501.62,1512.02,1500.98,1513.55,748361300.0,5524817500.0,0.00701974052268417
sh000001,2003-07-07,1500.85,1501.48,1490.97,1503.81,711030000.0,5265861899.999999,-0.0005790927546842628
sh000001,2003-07-04,1504.60,1502.35,1497.46,1510.17,729774600.0,5593961899.999999,-0.0013892212384675195
sh000001,2003-07-03,1501.90,1504.44,1497.74,1507.71,736623800.0,5955475600.000001,0.0031740104555637583
sh000001,2003-07-02,1485.44,1499.68,1477.87,1499.97,794131900.0,5699398800.0,0.01008958038661012
sh000001,2003-07-01,1485.52,1484.7,1482.82,1502.57,835971700.0,5577583800.0,-0.0008882787580247742
sh000001,2003-06-30,1493.69,1486.02,1483.69,1500.97,1141829900.0,5180380900.0,-0.0073678233859924
sh000001,2003-06-27,1516.81,1497.05,1494.44,1516.87,1025907000.0,6603170600.000001,-0.012095975926830316
sh000001,2003-06-26,1500.34,1515.38,1486.08,1517.21,1257449000.0,8089826899.999999,0.008854388581167605
sh000001,2003-06-25,1512.49,1502.08,1498.96,1515.92,911955300.0,5722193800.0,-0.006843291920948458
sh000001,2003-06-24,1509.11,1512.43,1504.72,1515.84,755453300.0,5240831900.0,0.0007013504304043128
sh000001,2003-06-23,1524.58,1511.37,1509.43,1524.91,912190800.0,5933593800.0,-0.011834164776033607
sh000001,2003-06-20,1537.50,1529.47,1528.30,1542.42,925328300.0,5717713800.0,-0.0060308692120227825
sh000001,2003-06-19,1554.02,1538.75,1530.38,1557.38,1450429400.0,8062165600.000001,-0.009736916621618241
sh000001,2003-06-18,1556.89,1553.88,1552.83,1565.92,1320788900.0,7332731899.999999,-0.0021192155049511996
sh000001,2003-06-17,1559.12,1557.18,1552.43,1564.94,995265900.0,6459903800.0,-0.0016220964153592643
sh000001,2003-06-16,1568.19,1559.71,1555.37,1569.55,922196000.0,6881059399.999999,-0.004506085768810952
sh000001,2003-06-13,1562.61,1566.77,1560.30,1572.41,1137888300.0,7710936899.999999,0.0029831445928905076
sh000001,2003-06-12,1566.92,1562.11,1556.53,1569.13,954745800.0,6839581899.999999,-0.002382108005926531
sh000001,2003-06-11,1540.72,1565.84,1540.70,1566.90,1551186600.0,9414198800.0,0.017598585874340378
sh000001,2003-06-10,1529.53,1538.76,1529.52,1541.39,816329000.0,5869898100.000001,0.005580896864503027
sh000001,2003-06-09,1536.27,1530.22,1527.84,1548.14,1134652200.0,7796983800.0,-0.005653315312037055
sh000001,2003-06-06,1553.19,1538.92,1538.10,1557.76,1387450000.0,9211238100.0,-0.011135742971887463
sh000001,2003-06-05,1575.31,1556.25,1555.45,1575.64,1302206700.0,9466433100.0,-0.011346093983266692
sh000001,2003-06-04,1560.67,1574.11,1546.62,1574.77,1592770600.0,11491873799.999998,0.007598064317902331
sh000001,2003-06-03,1577.08,1562.24,1561.08,1582.41,1266508700.0,9982816300.0,-0.009064210639822878
sh000001,2003-06-02,1577.99,1576.53,1564.61,1578.87,1311281700.0,10551492500.0,0.0001712915381979485
sh000001,2003-05-30,1570.92,1576.26,1567.28,1581.61,1832127400.0,14534563799.999998,0.005165289256198191
sh000001,2003-05-29,1549.05,1568.16,1543.34,1568.54,1691102000.0,13371712500.0,0.010536083670037
sh000001,2003-05-28,1569.33,1551.81,1549.06,1576.62,1734572000.0,12434883799.999998,-0.010539806419526343
sh000001,2003-05-27,1572.31,1568.34,1558.13,1575.63,1596647600.0,12030871299.999998,-0.000745455588049837
sh000001,2003-05-26,1563.21,1569.51,1561.04,1574.39,1735702200.0,12493192500.0,0.0054773985239851
sh000001,2003-05-23,1547.16,1560.96,1547.09,1571.69,2081333800.0,15523835000.0,0.00960474998544747
sh000001,2003-05-22,1532.19,1546.11,1522.19,1546.39,1098987500.0,8241790600.000001,0.008236168714296888
sh000001,2003-05-21,1534.60,1533.48,1530.05,1547.31,1044403100.0,7705705600.000001,-0.0013285401688026832
sh000001,2003-05-20,1553.69,1535.52,1530.67,1553.85,1326661500.0,9327630000.0,-0.012813012311549743
sh000001,2003-05-19,1557.29,1555.45,1546.75,1563.11,1650758100.0,11509472500.0,0.0006433143555597542
sh000001,2003-05-16,1555.91,1554.45,1543.17,1560.72,1813043800.0,13846645000.0,-0.0005400922014543452
sh000001,2003-05-15,1524.50,1555.29,1516.43,1555.56,2671550200.0,18580798800.0,0.021255220234811967
sh000001,2003-05-14,1480.11,1522.92,1477.25,1523.32,2025440600.0,13686120000.0,0.025321313395856748
sh000001,2003-05-13,1533.08,1485.31,1481.75,1534.80,2552959000.0,17854608800.0,-0.030394224052954888
sh000001,2003-05-12,1522.98,1531.87,1511.87,1536.89,1737874400.0,13231712500.0,0.006855347565464243
sh000001,2003-04-30,1511.15,1521.44,1510.60,1539.57,2096632400.0,15675221299.999998,0.008036785020969939
sh000001,2003-04-29,1535.88,1509.31,1508.32,1535.88,2067490000.0,15826240000.0,-0.018456255812289935
sh000001,2003-04-28,1483.47,1537.69,1473.27,1538.59,2646260800.0,19483490000.0,0.03398446693339596
sh000001,2003-04-25,1501.57,1487.15,1481.07,1513.33,1390183600.0,10041754400.0,-0.010933831696140484
sh000001,2003-04-24,1538.58,1503.59,1492.90,1542.11,2485448200.0,16087603799.999998,-0.024883913979610428
sh000001,2003-04-23,1568.13,1541.96,1540.07,1569.79,1766477000.0,12803645000.0,-0.017039695542140243
sh000001,2003-04-22,1570.57,1568.69,1563.59,1575.80,1355719900.0,10007189400.0,-0.0019214740632813587
sh000001,2003-04-21,1598.50,1571.71,1557.12,1598.58,2509894400.0,17700247500.0,-0.01956858048257093
sh000001,2003-04-18,1616.91,1603.08,1596.67,1620.81,2741489400.0,19793436300.0,-0.006519583539910778
sh000001,2003-04-17,1606.23,1613.6,1595.63,1621.23,3211898800.0,23319690000.0,0.004582129694192583
sh000001,2003-04-16,1633.53,1606.24,1598.83,1649.60,4480684000.0,33518757500.0,-0.015464581022023083
sh000001,2003-04-15,1619.95,1631.47,1606.73,1632.09,3815101200.0,27973087500.0,0.00952929019163773
sh000001,2003-04-14,1581.38,1616.07,1581.20,1616.65,4676975200.0,30599430000.0,0.024865872683687895
sh000001,2003-04-11,1552.00,1576.86,1548.53,1581.70,3941880000.0,23107810000.0,0.016555138668626457
sh000001,2003-04-10,1546.51,1551.18,1541.29,1559.87,4311101600.0,25276107500.0,0.004865029442821411
sh000001,2003-04-09,1519.99,1543.67,1510.34,1545.34,3176263600.0,18831223800.0,0.015205024497714659
sh000001,2003-04-08,1515.65,1520.55,1513.24,1523.95,1625378200.0,11405372500.0,0.00357725079696114
sh000001,2003-04-07,1521.90,1515.13,1512.50,1530.37,1354929300.0,9793485600.0,-0.0039444360442565385
sh000001,2003-04-04,1510.22,1521.13,1509.61,1521.78,1024091600.0,7722955600.000001,0.006218041581499412
sh000001,2003-04-03,1521.36,1511.73,1510.51,1522.67,947919900.0,7244443800.0,-0.006303736229064216
sh000001,2003-04-02,1522.49,1521.32,1516.79,1525.77,1109021400.0,7883659399.999999,-0.0008078552428492092
sh000001,2003-04-01,1513.00,1522.55,1508.84,1525.24,1522278100.0,11762211299.999998,0.007924108620529946
sh000001,2003-03-31,1491.39,1510.58,1490.99,1511.22,1184157100.0,9020447500.0,0.01249380001876732
sh000001,2003-03-28,1498.46,1491.94,1488.60,1508.26,1466078500.0,11204421299.999998,-0.004942141594690974
sh000001,2003-03-27,1455.44,1499.35,1447.01,1507.67,1505189400.0,11094010000.0,0.02958242633577557
sh000001,2003-03-26,1461.32,1456.27,1452.89,1465.43,627146900.0,5008053100.0,-0.004191739606126954
sh000001,2003-03-25,1478.05,1462.4,1461.75,1478.41,647523500.0,5034687800.0,-0.010400806620786684
sh000001,2003-03-24,1474.59,1477.77,1470.44,1477.97,652419100.0,4484137800.0,0.0021089607095872154
sh000001,2003-03-21,1464.18,1474.66,1461.92,1475.81,761792200.0,5048463800.0,0.006910019528316047
sh000001,2003-03-20,1469.66,1464.54,1460.80,1477.25,765574000.0,5749962500.0,-0.0036871751612289616
sh000001,2003-03-19,1458.58,1469.96,1452.59,1475.84,763742200.0,5726435600.000001,0.0068977799697236275
sh000001,2003-03-18,1468.99,1459.89,1458.98,1479.00,708874500.0,5252868100.000001,-0.0063841227276129064
sh000001,2003-03-17,1465.14,1469.27,1453.37,1469.53,718738100.0,5182568800.0,0.0022032141005703387
sh000001,2003-03-14,1464.99,1466.04,1461.35,1471.50,561344200.0,4274660000.0,0.0009490321919911615
sh000001,2003-03-13,1475.04,1464.65,1463.33,1477.86,603378900.0,4723874700.0,-0.007023681195381659
sh000001,2003-03-12,1468.75,1475.01,1458.50,1475.29,640367100.0,4665014700.0,0.0037154230887006534
sh000001,2003-03-11,1467.55,1469.55,1463.58,1473.96,633621000.0,4695946600.0,0.0004288865288781807
sh000001,2003-03-10,1492.21,1468.92,1467.64,1496.16,894734700.0,6341021300.0,-0.016187905618549325
sh000001,2003-03-07,1495.69,1493.09,1489.38,1502.43,833540100.0,5924448100.000001,-0.003503877624571161
sh000001,2003-03-06,1516.60,1498.34,1494.24,1517.35,998220800.0,7304290600.000001,-0.012417775082719351
sh000001,2003-03-05,1524.08,1517.18,1508.25,1524.12,814289000.0,6285591899.999999,-0.004670996522994075
sh000001,2003-03-04,1527.45,1524.3,1517.86,1529.75,919849900.0,7596248100.000001,-0.0007735270210033063
sh000001,2003-03-03,1511.59,1525.48,1511.05,1525.70,1023614400.0,8185411899.999999,0.008962055121599422
sh000001,2003-02-28,1512.87,1511.93,1501.42,1514.50,836010000.0,6120043800.0,-0.0011693202087599275
sh000001,2003-02-27,1514.02,1513.7,1508.75,1524.75,1041610000.0,6899608100.000001,0.0003436471536764074
sh000001,2003-02-26,1513.49,1513.18,1506.55,1515.46,848620000.0,6434831899.999999,0.0012572124291991837
sh000001,2003-02-25,1481.11,1511.28,1481.11,1511.65,1291280000.0,8746187500.0,0.019798372403740938
sh000001,2003-02-24,1476.07,1481.94,1474.47,1488.07,794770000.0,5768507500.0,0.0020759093091347047
sh000001,2003-02-21,1508.08,1478.87,1476.42,1508.13,1205340000.0,8170891899.999999,-0.020284996919489484
sh000001,2003-02-20,1513.01,1509.49,1507.23,1517.77,1001990000.0,7154948800.0,-0.0008670902832935701
sh000001,2003-02-19,1496.65,1510.8,1490.02,1511.13,1215715500.0,6911017500.0,0.00957586854397352
sh000001,2003-02-18,1495.14,1496.47,1488.83,1500.29,725274300.0,5527053800.0,-3.341084649721715e-05
sh000001,2003-02-17,1510.64,1496.52,1490.92,1514.64,1108640000.0,7890346899.999999,-0.009550282934577603
sh000001,2003-02-14,1503.37,1510.95,1500.98,1515.26,924860000.0,7083001899.999999,0.004393953494555847
sh000001,2003-02-13,1512.29,1504.34,1502.43,1519.29,1309330000.0,9590115000.0,-0.004190193755088889
sh000001,2003-02-12,1493.25,1510.67,1486.31,1510.99,1062770000.0,7613083100.000001,0.011997909911841242
sh000001,2003-02-11,1478.05,1492.76,1476.87,1492.89,597970000.0,4429543800.0,0.008505779741516228
sh000001,2003-02-10,1499.17,1480.17,1477.52,1499.64,799950000.0,5152615900.0,-0.013094992032324004
sh000001,2003-01-29,1501.29,1499.81,1498.37,1508.59,1269830000.0,8349480600.000001,-0.0005530973451328691
sh000001,2003-01-28,1497.10,1500.64,1489.17,1502.43,1047850000.0,7385133800.0,0.0029943321569885217
sh000001,2003-01-27,1481.61,1496.16,1480.97,1500.38,1467260000.0,9578025600.0,0.01155455793167337
sh000001,2003-01-24,1449.50,1479.07,1448.01,1483.56,1481460000.0,9364666900.0,0.01961230370462297
sh000001,2003-01-23,1460.25,1450.62,1448.70,1470.33,1142759900.0,7516205000.0,-0.006785208109384988
sh000001,2003-01-22,1448.83,1460.53,1446.35,1463.94,1213994400.0,7933576899.999999,0.003876581734701512
sh000001,2003-01-21,1485.87,1454.89,1454.61,1489.55,1755120000.0,10314684400.0,-0.018743086842744172
sh000001,2003-01-20,1475.71,1482.68,1458.12,1482.94,2248780000.0,11284691299.999998,0.0027051153731707522
sh000001,2003-01-17,1488.27,1478.68,1472.96,1492.72,2156670000.0,13633927500.0,-0.004671450303576852
sh000001,2003-01-16,1458.87,1485.62,1454.55,1486.06,2457540000.0,16006000000.0,0.01760370431256497
sh000001,2003-01-15,1477.45,1459.92,1448.27,1485.80,3702300000.0,21700755000.0,-0.0047244094488188
sh000001,2003-01-14,1386.90,1466.85,1386.59,1476.91,4101240000.0,23535100000.0,0.05809667390410511
sh000001,2003-01-13,1381.87,1386.31,1378.65,1391.19,860770000.0,5930495000.0,0.0010470372456421462
sh000001,2003-01-10,1398.38,1384.86,1384.63,1411.37,1626330000.0,10683680000.0,-0.008959624440023628
sh000001,2003-01-09,1374.62,1397.38,1365.37,1402.29,1852930000.0,11393615000.0,0.01844658071381211
sh000001,2003-01-08,1331.44,1372.07,1330.45,1373.12,982340000.0,5683200000.0,0.030036184556251122
sh000001,2003-01-07,1335.63,1332.06,1326.19,1346.82,734320000.0,4471625000.0,-0.0019630173524740613
sh000001,2003-01-06,1319.69,1334.68,1311.68,1334.89,675010000.0,4041578800.0,0.011220802048686807
sh000001,2003-01-03,1317.58,1319.87,1312.80,1323.63,457647400.0,2793520000.0,-0.000575482913458103
sh000001,2003-01-02,1347.43,1320.63,1317.47,1351.34,650070000.0,3992889099.9999995,-0.027267705225941907
sh000001,2002-12-31,1364.97,1357.65,1348.71,1370.53,989270000.0,6105621899.999999,-0.006374601130009538
sh000001,2002-12-30,1379.74,1366.36,1358.43,1379.75,779130000.0,5441173800.0,-0.012010383450111073
sh000001,2002-12-27,1379.33,1382.97,1367.85,1389.33,829360000.0,5802928800.0,-0.0008525087598887371
sh000001,2002-12-26,1419.97,1384.15,1382.36,1420.00,1255440000.0,7366368100.000001,-0.02628876132590463
sh000001,2002-12-25,1431.59,1421.52,1420.93,1433.79,676270000.0,4786427800.0,-0.006506712886925725
sh000001,2002-12-24,1429.53,1430.83,1420.38,1431.12,628670000.0,4684130600.0,0.00044049783247079866
sh000001,2002-12-23,1429.95,1430.2,1429.29,1439.85,829990000.0,5627800000.0,0.001582699553202449
sh000001,2002-12-20,1414.35,1427.94,1410.46,1431.36,722710000.0,5419815600.000001,0.010144312393888022
sh000001,2002-12-19,1411.28,1413.6,1402.64,1414.29,559840000.0,4269595900.0000005,0.001331708837446488
sh000001,2002-12-18,1416.67,1411.72,1409.84,1424.48,727120000.0,5359148100.000001,-0.0030930019066449654
sh000001,2002-12-17,1409.17,1416.1,1403.58,1418.21,670270000.0,4836217800.0,0.005381535228466738
sh000001,2002-12-16,1397.72,1408.52,1392.89,1409.94,759440000.0,5334785000.0,0.008318419357147944
sh000001,2002-12-13,1375.78,1396.9,1367.93,1401.60,690300100.0,4725832200.0,0.009386448540728898
sh000001,2002-12-12,1378.82,1383.91,1378.81,1399.77,655230000.0,3968507800.0000005,0.003422298595552542
sh000001,2002-12-11,1381.40,1379.19,1367.31,1383.15,524780000.0,3708062800.0000005,-0.0033602150537633824
sh000001,2002-12-10,1400.56,1383.84,1383.57,1406.90,604530000.0,4411084700.0,-0.01215673117419891
sh000001,2002-12-09,1404.51,1400.87,1395.93,1410.79,403830000.0,2848165900.0000005,-0.003315475301131965
sh000001,2002-12-06,1404.93,1405.53,1396.21,1417.00,444730000.0,3359054099.9999995,0.0004626729685097697
sh000001,2002-12-05,1411.89,1404.88,1395.08,1411.89,556980000.0,4040035000.0,-0.00676588073102613
sh000001,2002-12-04,1414.89,1414.45,1406.61,1432.90,930600000.0,6634546300.0,0.003981999375372691
sh000001,2002-12-03,1391.72,1408.84,1388.51,1409.89,634100000.0,4308322800.0,0.009429095494669193
sh000001,2002-12-02,1432.03,1395.68,1394.91,1432.03,868490000.0,5823430000.0,-0.026844608068722242
sh000001,2002-11-29,1420.43,1434.18,1409.20,1450.19,2143970000.0,12802017500.0,0.011745783158028544
sh000001,2002-11-28,1378.14,1417.53,1372.38,1417.85,962290000.0,6341840000.0,0.028126926563916577
sh000001,2002-11-27,1365.82,1378.75,1353.14,1384.00,883500000.0,5458558100.000001,0.005528125615350321
sh000001,2002-11-26,1398.44,1371.17,1371.01,1408.79,677580100.0,4291613800.0,-0.01950030033465866
sh000001,2002-11-25,1393.34,1398.44,1383.09,1403.51,536440000.0,3489413800.0,0.002106771766392068
sh000001,2002-11-22,1392.57,1395.5,1375.54,1409.00,854190000.0,5547687500.0,0.0035020098804139366
sh000001,2002-11-21,1421.23,1390.63,1389.29,1421.23,885480000.0,5651008800.0,-0.024694215339729375
sh000001,2002-11-20,1459.21,1425.84,1423.80,1459.21,705440000.0,4927904700.0,-0.024846632060567586
sh000001,2002-11-19,1450.70,1462.17,1441.73,1464.76,498070000.0,3774252800.0000005,0.007496778727890341
sh000001,2002-11-18,1463.72,1451.29,1447.49,1468.33,463530000.0,3744641900.0,-0.00847173923440081
sh000001,2002-11-15,1455.98,1463.69,1451.39,1481.22,728820000.0,5385145600.000001,0.001978368017524712
sh000001,2002-11-14,1488.91,1460.8,1459.71,1489.14,649290000.0,5054971900.0,-0.019899896676193962
sh000001,2002-11-13,1483.71,1490.46,1461.26,1491.24,802800000.0,5465478100.000001,0.003062096627655775
sh000001,2002-11-12,1504.58,1485.91,1481.16,1517.72,978970000.0,6362981899.999999,-0.012290614198351535
sh000001,2002-11-11,1519.60,1504.4,1501.99,1526.13,562640000.0,3963931900.0,-0.011687108705220717
sh000001,2002-11-08,1570.00,1522.19,1517.39,1573.10,1212770000.0,7783065000.0,-0.02062101091208557
sh000001,2002-11-07,1554.04,1554.24,1546.27,1559.82,813180100.0,5703075600.000001,0.001082083784201604
sh000001,2002-11-06,1558.91,1552.56,1548.73,1559.23,815640000.0,6297717500.0,-0.003645138104528267
sh000001,2002-11-05,1533.81,1558.24,1532.29,1565.23,1568670000.0,10865348799.999998,0.017234175893043657
sh000001,2002-11-04,1516.22,1531.84,1515.07,1532.23,710280000.0,4535390000.0,0.013953242076835348
sh000001,2002-11-01,1507.38,1510.76,1498.21,1511.10,610700100.0,3368208800.0,0.0021625207296849247
sh000001,2002-10-31,1510.03,1507.5,1506.00,1521.87,758620100.0,3502064699.9999995,-0.00146385729709686
sh000001,2002-10-30,1511.11,1509.71,1498.45,1513.46,825140000.0,3782618800.0,-0.0007743831409510182
sh000001,2002-10-29,1501.38,1510.88,1488.68,1511.77,681310000.0,4408917800.0,0.005430153321976272
sh000001,2002-10-28,1518.09,1502.72,1500.01,1518.60,650730000.0,4218756900.0,-0.011570008748215788
sh000001,2002-10-25,1535.80,1520.31,1517.42,1542.59,645570000.0,4547080000.0,-0.01054981386509779
sh000001,2002-10-24,1549.79,1536.52,1535.90,1550.43,515390000.0,4275155900.0000005,-0.008037599178809196
sh000001,2002-10-23,1549.77,1548.97,1539.48,1550.09,524550000.0,4212737800.0000005,0.0005619792003102031
sh000001,2002-10-22,1525.08,1548.1,1525.06,1553.87,736310000.0,5643713800.0,0.01519414005888775
sh000001,2002-10-21,1519.21,1524.93,1512.33,1525.26,388460000.0,2986795000.0,0.0035471261039525803
sh000001,2002-10-18,1511.18,1519.54,1500.54,1523.83,507760000.0,3632107800.0000005,0.0042561628444914845
sh000001,2002-10-17,1537.97,1513.1,1511.40,1538.79,511010000.0,3492705000.0,-0.015799504354783278
sh000001,2002-10-16,1524.91,1537.39,1524.91,1548.53,638460100.0,4139385000.0,0.008303109402976405
sh000001,2002-10-15,1531.58,1524.73,1522.10,1534.58,470120000.0,3060313100.0,-0.004537501305755809
sh000001,2002-10-14,1522.87,1531.68,1509.14,1532.63,657320000.0,4195782800.0000005,0.005006397427905984
sh000001,2002-10-11,1532.14,1524.05,1521.91,1536.87,819930000.0,4836951900.0,-0.004155749112982887
sh000001,2002-10-10,1532.18,1530.41,1528.35,1542.56,721730000.0,3785101900.0,-0.003230491673016811
sh000001,2002-10-09,1570.65,1535.37,1534.91,1571.52,1911840000.0,7776138100.000001,-0.017671258293399217
sh000001,2002-10-08,1577.05,1562.99,1558.48,1577.05,351170000.0,2743302800.0000005,-0.011779061974431237
sh000001,2002-09-27,1587.24,1581.62,1577.53,1591.84,624090000.0,4409333100.0,-0.0037980663244419066
sh000001,2002-09-26,1597.85,1587.65,1586.53,1599.98,577770000.0,4582341900.0,-0.0063773594352374285
sh000001,2002-09-25,1595.81,1597.84,1590.49,1602.35,440980000.0,3931279699.9999995,0.0006951707552309561
sh000001,2002-09-24,1602.20,1596.73,1594.28,1602.29,424590000.0,3429896900.0,-0.003656580909652485
sh000001,2002-09-23,1602.28,1602.59,1597.29,1604.30,357350000.0,2869485000.0,-0.0014455639257030528
sh000001,2002-09-20,1618.20,1604.91,1602.89,1618.20,422710000.0,3962043800.0,-0.008917158118998292
sh000001,2002-09-19,1593.57,1619.35,1585.07,1623.65,720890000.0,5842885000.0,0.015533870987971765
sh000001,2002-09-18,1603.61,1594.58,1593.53,1605.22,437200000.0,3771623800.0,-0.006417925327750429
sh000001,2002-09-17,1603.46,1604.88,1593.98,1612.02,609520000.0,4381738800.0,0.0004987282429804729
sh000001,2002-09-16,1624.13,1604.08,1598.74,1624.14,645360000.0,4811093800.0,-0.013335301643539021
sh000001,2002-09-13,1624.50,1625.76,1621.42,1626.07,354140000.0,3407443800.0,0.0007386615452800172
sh000001,2002-09-12,1619.94,1624.56,1614.60,1631.67,508310000.0,3879026900.0,0.0025920165889061764
sh000001,2002-09-11,1625.33,1620.36,1605.98,1626.84,622500000.0,4409098100.0,-0.0029228790666477877
sh000001,2002-09-10,1620.28,1625.11,1619.33,1627.35,698280000.0,4080371900.0,0.0021768892068230183
sh000001,2002-09-09,1628.45,1621.58,1617.01,1628.45,535390000.0,4267691900.0,-0.006007184101803453
sh000001,2002-09-06,1639.89,1631.38,1629.93,1644.80,698340000.0,5424378800.0,-0.006352744836491286
sh000001,2002-09-05,1662.89,1641.81,1639.82,1662.90,824160000.0,6363701899.999999,-0.013317547792328077
sh000001,2002-09-04,1674.45,1663.97,1662.49,1675.97,503610000.0,4207710000.0,-0.006033200523275606
sh000001,2002-09-03,1669.59,1674.07,1669.58,1680.28,625280000.0,4502165900.0,0.003175991898224373
sh000001,2002-09-02,1666.34,1668.77,1663.17,1669.91,464030000.0,3838687800.0000005,0.0012900361210115285
sh000001,2002-08-30,1666.98,1666.62,1664.82,1669.14,465870000.0,4330966900.0,-0.000419835424513626
sh000001,2002-08-29,1676.86,1667.32,1665.72,1680.17,569080000.0,4605190900.0,-0.00563583556480618
sh000001,2002-08-28,1680.75,1676.77,1675.53,1683.51,749002900.0,6627886899.999999,-0.0017384160172413399
sh000001,2002-08-27,1670.63,1679.69,1670.11,1680.06,744530000.0,7204788100.000001,0.005386995792157734
sh000001,2002-08-26,1682.14,1670.69,1668.82,1682.32,601960000.0,5469530000.0,-0.007438168737115336
sh000001,2002-08-23,1686.30,1683.21,1679.12,1688.12,696450000.0,6344268800.0,-0.001719935235542036
sh000001,2002-08-22,1672.70,1686.11,1672.43,1696.28,1221070000.0,9774311300.0,0.007505004332108323
sh000001,2002-08-21,1671.99,1673.55,1668.36,1677.95,738810000.0,6131586899.999999,0.0013163011936458968
sh000001,2002-08-20,1644.62,1671.35,1644.25,1673.92,1065640000.0,7683365600.000001,0.016450769324332537
sh000001,2002-08-19,1645.93,1644.3,1641.40,1650.09,421210000.0,3579265900.0000005,-0.001512032499590088
sh000001,2002-08-16,1632.96,1646.79,1624.05,1652.98,780580000.0,5575268800.0,0.00759925842985365
sh000001,2002-08-15,1646.62,1634.37,1632.13,1647.07,448880000.0,3395824099.9999995,-0.007499757092887749
sh000001,2002-08-14,1636.89,1646.72,1635.29,1647.09,412080000.0,3194771900.0,0.006165107568601336
sh000001,2002-08-13,1633.68,1636.63,1633.55,1642.41,371810000.0,3234214699.9999995,0.0012602702851516323
sh000001,2002-08-12,1642.48,1634.57,1633.09,1642.59,514020000.0,4434398100.0,-0.007577183449197111
sh000001,2002-08-09,1658.44,1647.05,1642.77,1658.77,550310000.0,4940853100.0,-0.00768164839137242
sh000001,2002-08-08,1668.51,1659.8,1657.47,1675.30,504190000.0,4162255000.0,-0.004951860244835293
sh000001,2002-08-07,1670.17,1668.06,1663.93,1670.81,422890000.0,3681794099.9999995,-0.0015323652296751478
sh000001,2002-08-06,1652.94,1670.62,1649.89,1679.81,806310000.0,6551085600.000001,0.010072794988996048
sh000001,2002-08-05,1661.40,1653.96,1652.40,1661.58,446080000.0,4149486900.0,-0.0047596984120297225
sh000001,2002-08-02,1653.64,1661.87,1653.17,1662.72,528350000.0,4189268800.0,0.005359919177742256
sh000001,2002-08-01,1650.05,1653.01,1639.23,1659.97,596530000.0,4811350000.0,0.0008597775476966163
sh000001,2002-07-31,1667.62,1651.59,1649.01,1671.48,641400000.0,5454498800.0,-0.010431396045536334
sh000001,2002-07-30,1666.58,1669.0,1656.85,1672.12,745220000.0,6268240000.0,0.0019991955189202493
sh000001,2002-07-29,1654.93,1665.67,1647.27,1665.96,617120000.0,4954139100.0,0.004929110105580836
sh000001,2002-07-26,1665.09,1657.5,1656.82,1670.23,591270000.0,4942847800.0,-0.004570268630901153
sh000001,2002-07-25,1675.47,1665.11,1662.38,1682.89,662980000.0,5311691899.999999,-0.004359005022721907
sh000001,2002-07-24,1673.68,1672.4,1667.44,1679.66,606800000.0,5377310000.0,-0.0008722354318758674
sh000001,2002-07-23,1676.90,1673.86,1670.38,1684.66,742050000.0,6779492500.0,-0.004253395280218508
sh000001,2002-07-22,1712.02,1681.01,1678.50,1712.33,1019600000.0,8456671899.999999,-0.01916725986953427
sh000001,2002-07-19,1706.36,1713.86,1703.38,1714.09,805890000.0,7540211899.999999,0.005249543964197523
sh000001,2002-07-18,1703.81,1704.91,1695.40,1711.69,955920000.0,8247313800.0,0.0018745739604635325
sh000001,2002-07-17,1692.45,1701.72,1680.20,1702.24,740890000.0,6361621899.999999,0.005970608056182991
sh000001,2002-07-16,1687.67,1691.62,1686.81,1704.77,796080000.0,7031970600.000001,0.0021801722810050883
sh000001,2002-07-15,1696.81,1687.94,1685.54,1697.38,964980000.0,8186136899.999999,-0.006100217864923652
sh000001,2002-07-12,1696.64,1698.3,1693.21,1706.44,903430000.0,8484571899.999999,0.0008014425966740291
sh000001,2002-07-11,1698.21,1696.94,1689.22,1712.20,1128860000.0,9491441300.0,-0.002867518303933392
sh000001,2002-07-10,1728.52,1701.82,1698.83,1729.73,1551180000.0,12283042500.0,-0.016283331117521005
sh000001,2002-07-09,1733.83,1729.99,1724.39,1741.92,1163770000.0,10558036299.999998,-0.0016965486199673752
sh000001,2002-07-08,1723.58,1732.93,1721.12,1737.86,1244140000.0,11257761299.999998,0.0062362457104037095
sh000001,2002-07-05,1709.84,1722.19,1704.19,1722.48,1411010000.0,11091697500.0,0.0052826972693416074
sh000001,2002-07-04,1731.90,1713.14,1710.29,1735.83,1709360000.0,13176298799.999998,-0.010271994084070868
sh000001,2002-07-03,1727.09,1730.92,1719.62,1736.08,1552910000.0,13421116299.999998,0.0034609698831851166
sh000001,2002-07-02,1707.45,1724.95,1698.83,1725.89,1519500000.0,12875245000.0,0.006558869353624708
sh000001,2002-07-01,1736.29,1713.71,1712.77,1740.38,2082540000.0,14944960000.0,-0.01099402109928671
sh000001,2002-06-28,1724.73,1732.76,1711.00,1747.23,4051580000.0,28413195000.0,0.005343622175161711
sh000001,2002-06-27,1714.74,1723.55,1706.14,1730.67,2611190000.0,19939251300.0,0.006211651517008976
sh000001,2002-06-26,1698.11,1712.91,1684.91,1719.08,2951870000.0,23376420000.0,0.0037032913587915495
sh000001,2002-06-25,1718.23,1706.59,1690.61,1748.89,5288990400.0,40354027500.0,-0.0004217160328235936
sh000001,2002-06-24,1704.70,1707.31,1647.50,1709.07,8505189600.0,53198040000.0,0.0925245725401862
sh000001,2002-06-21,1517.28,1562.72,1517.26,1564.92,1796780000.0,12360775000.0,0.03071595818355699
sh000001,2002-06-20,1511.12,1516.15,1510.53,1528.36,568050000.0,3876610000.0,0.005624573016641543
sh000001,2002-06-19,1523.95,1507.67,1506.43,1524.01,443430000.0,3031249699.9999995,-0.010760660599578697
sh000001,2002-06-18,1496.83,1524.07,1496.81,1527.77,836520000.0,5488623800.0,0.018599957226113517
sh000001,2002-06-17,1489.14,1496.24,1481.25,1496.84,448220000.0,2917967800.0000005,0.0020090541373121162
sh000001,2002-06-14,1508.64,1493.24,1493.24,1508.65,546150000.0,3769193800.0,-0.0122179518558454
sh000001,2002-06-13,1524.77,1511.71,1511.22,1529.44,577580100.0,3907997800.0000005,-0.008610739487421526
sh000001,2002-06-12,1531.75,1524.84,1513.92,1531.75,1173430000.0,4476743100.0,-0.003997491769869965
sh000001,2002-06-11,1515.99,1530.96,1515.75,1534.38,580530000.0,4781888800.0,0.009049386052213615
sh000001,2002-06-10,1529.34,1517.23,1511.26,1529.38,547940000.0,4358651900.0,-0.0080287150786853
sh000001,2002-06-07,1522.88,1529.51,1508.43,1540.83,1144540000.0,9337991900.0,0.005423136084561575
sh000001,2002-06-06,1458.61,1521.26,1455.31,1532.74,1096210000.0,8654916300.0,0.04053351573187425
sh000001,2002-06-05,1491.07,1462.0,1460.48,1491.07,541590000.0,4207617800.0000005,-0.019127681129277874
sh000001,2002-06-04,1484.01,1490.51,1474.36,1498.05,554620100.0,4391159700.0,0.004826912057168009
sh000001,2002-06-03,1510.25,1483.35,1480.09,1510.26,623340100.0,5158199700.0,-0.021362643742619092
sh000001,2002-05-31,1523.01,1515.73,1513.26,1532.03,485040000.0,4124154099.9999995,-0.0051131590002100324
sh000001,2002-05-30,1524.22,1523.52,1506.54,1530.77,671330000.0,5400516899.999999,-0.000846007043500463
sh000001,2002-05-29,1558.13,1524.81,1520.13,1558.15,660560000.0,5077518800.0,-0.0216294946487694
sh000001,2002-05-28,1557.62,1558.52,1557.23,1569.41,468060000.0,4089557800.0000005,0.002231439503552979
sh000001,2002-05-27,1555.04,1555.05,1545.62,1562.63,468210000.0,3788623800.0,0.0036012313887974212
sh000001,2002-05-24,1572.94,1549.47,1544.42,1574.13,637470000.0,5225714100.0,-0.01408746444728648
sh000001,2002-05-23,1571.08,1571.61,1568.10,1585.74,914900000.0,6934201899.999999,0.004551003841507306
sh000001,2002-05-22,1590.79,1564.49,1563.16,1591.03,770250000.0,6120363800.0,-0.014873025168281706
sh000001,2002-05-21,1575.02,1588.11,1564.55,1599.11,1249890000.0,10427692500.0,0.030216732726576767
sh000001,2002-05-20,1564.97,1541.53,1529.35,1564.98,601290000.0,5071495000.0,-0.016567783094098898
sh000001,2002-05-17,1549.08,1567.5,1540.58,1570.15,844510000.0,7875441899.999999,0.011616650532429773
sh000001,2002-05-16,1592.24,1549.5,1546.94,1592.24,1052690000.0,8446470000.0,-0.03056276785434975
sh000001,2002-05-15,1614.90,1598.35,1597.92,1618.14,781910000.0,6851160000.0,-0.011062781906040708
sh000001,2002-05-14,1622.33,1616.23,1613.55,1629.88,630820000.0,6205409399.999999,-0.004747712353904698
sh000001,2002-05-13,1634.90,1623.94,1618.46,1634.92,677730000.0,6262998100.000001,-0.008704675863752898
sh000001,2002-05-10,1650.91,1638.2,1636.86,1652.29,699730000.0,6503623800.0,-0.007500393800966898
sh000001,2002-05-09,1648.46,1650.58,1646.82,1659.25,653850000.0,6052170000.0,-0.0010832924829184964
sh000001,2002-05-08,1669.87,1652.37,1651.69,1670.92,533550000.0,5236770600.0,-0.009222005696297497
sh000001,2002-04-30,1668.31,1667.75,1657.82,1673.75,1127520000.0,10837828799.999998,0.001164598603682343
sh000001,2002-04-29,1643.55,1665.81,1640.56,1667.16,1273710000.0,11100216299.999998,0.01537251842325027
sh000001,2002-04-26,1615.52,1640.59,1615.52,1643.15,910490000.0,7497190600.000001,0.015266844893311537
sh000001,2002-04-25,1609.94,1615.92,1603.64,1616.76,590990000.0,5069207800.0,0.0030228732814003845
sh000001,2002-04-24,1623.47,1611.05,1609.21,1626.39,685950000.0,5270201899.999999,-0.008309993536671723
sh000001,2002-04-23,1626.63,1624.55,1621.87,1634.86,639610000.0,5265225000.0,-0.0018003293435250312
sh000001,2002-04-22,1633.64,1627.48,1619.16,1637.19,660940100.0,5641933800.0,-0.004702874930435419
sh000001,2002-04-19,1625.25,1635.17,1603.96,1635.53,1062240000.0,8564050600.000001,0.004317810507695974
sh000001,2002-04-18,1644.15,1628.14,1626.03,1646.25,956020000.0,7689960000.0,-0.009888105083921128
sh000001,2002-04-17,1641.72,1644.4,1630.23,1649.43,905020000.0,6295121899.999999,0.0025056544879260567
sh000001,2002-04-16,1647.51,1640.29,1635.75,1654.74,754760000.0,6515857500.0,-0.005583510154592353
sh000001,2002-04-15,1660.57,1649.5,1638.64,1664.52,1051330000.0,7538033100.000001,-0.00571435460343106
sh000001,2002-04-12,1648.45,1658.98,1648.45,1664.42,1123780000.0,8892155600.0,0.005728904597066986
sh000001,2002-04-11,1679.34,1649.53,1649.27,1680.30,1176640000.0,9992080000.0,-0.016767402214989957
sh000001,2002-04-10,1670.80,1677.66,1663.47,1677.94,1449370000.0,12817203799.999998,0.0060808865860679795
sh000001,2002-04-09,1641.85,1667.52,1640.69,1671.86,1875470000.0,16931501299.999998,0.01637765519763512
sh000001,2002-04-08,1633.83,1640.65,1631.07,1643.68,784040000.0,6698720600.000001,0.003676650516321711
sh000001,2002-04-05,1650.50,1634.64,1628.55,1657.09,1327020000.0,10183404400.0,-0.004300420296034613
sh000001,2002-04-04,1595.02,1641.7,1583.63,1643.54,1327280000.0,9569175000.0,0.029595298869245168
sh000001,2002-04-03,1582.74,1594.51,1582.67,1603.80,905680000.0,6710523800.0,0.007347366825027679
sh000001,2002-04-02,1608.52,1582.88,1575.97,1610.73,1070470000.0,7913958800.0,-0.015934001032010925
sh000001,2002-04-01,1598.03,1608.51,1589.41,1609.92,924630000.0,7113985000.0,0.0028679913461477913
sh000001,2002-03-29,1648.09,1603.91,1596.25,1648.09,1500740000.0,12098887500.0,-0.02832789109876599
sh000001,2002-03-28,1653.98,1650.67,1645.34,1666.52,954930000.0,9032368800.0,-0.0021520586617338466
sh000001,2002-03-27,1646.68,1654.23,1635.82,1655.18,918300000.0,7816612500.0,0.0028796954191623314
sh000001,2002-03-26,1674.70,1649.48,1641.91,1675.21,1376679900.0,10288308800.0,-0.015406287866578272
sh000001,2002-03-25,1667.85,1675.29,1663.40,1677.05,1110170000.0,9664671300.0,0.0033539159963824616
sh000001,2002-03-22,1684.07,1669.69,1659.52,1684.46,1358660000.0,11142367500.0,-0.009097814862731535
sh000001,2002-03-21,1686.95,1685.02,1675.25,1693.87,1835816600.0,14749020000.0,0.0014918187707650965
sh000001,2002-03-20,1673.27,1682.51,1664.37,1686.11,2622060000.0,20311537500.0,0.010298073689772869
sh000001,2002-03-19,1624.32,1665.36,1624.29,1665.62,1721190000.0,14494296299.999998,0.025543759391087884
sh000001,2002-03-18,1641.43,1623.88,1610.99,1657.68,1632300000.0,11684116299.999998,0.0017890411973005005
sh000001,2002-03-15,1671.83,1620.98,1620.56,1676.51,1754220000.0,15303350000.0,-0.026526138786295617
sh000001,2002-03-14,1621.08,1665.15,1621.08,1665.79,1649510000.0,12866096299.999998,0.025698675027565177
sh000001,2002-03-13,1636.94,1623.43,1621.80,1655.63,1975720000.0,15787237500.0,-0.01232592520487441
sh000001,2002-03-12,1665.24,1643.69,1641.58,1672.04,3077140000.0,22291020000.0,-0.012258952340318041
sh000001,2002-03-11,1643.59,1664.09,1632.62,1664.52,3635070000.0,21287872500.0,0.014528184556106938
sh000001,2002-03-08,1622.87,1640.26,1611.23,1645.29,3308430000.0,23828010000.0,0.016900185988840688
sh000001,2002-03-07,1569.17,1613.0,1569.07,1613.26,2201790000.0,16694921299.999998,0.027905761497823756
sh000001,2002-03-06,1564.69,1569.21,1563.92,1594.67,2105170000.0,16214352500.0,0.005852263986462214
sh000001,2002-03-05,1529.30,1560.08,1529.30,1566.07,1876360000.0,12438812500.0,0.02179722294996078
sh000001,2002-03-04,1497.83,1526.8,1494.83,1527.40,752630000.0,5573279399.999999,0.016145992785549845
sh000001,2002-03-01,1521.53,1502.54,1501.56,1521.57,729820100.0,5523418100.000001,-0.014534006689840728
sh000001,2002-02-28,1537.93,1524.7,1521.08,1544.39,902780000.0,6504765000.0,-0.008853814550938588
sh000001,2002-02-27,1531.32,1538.32,1524.69,1544.92,1161710000.0,7038142500.0,0.004499062967291856
sh000001,2002-02-26,1529.38,1531.43,1507.58,1531.72,929660000.0,6630672500.0,0.0007514964581645245
sh000001,2002-02-25,1540.49,1530.28,1521.66,1544.57,1137570000.0,8265858100.000001,0.015704026230900947
sh000001,2002-02-08,1520.72,1506.62,1506.07,1530.13,940400000.0,6845197500.0,-0.00578728908069881
sh000001,2002-02-07,1482.36,1515.39,1481.07,1521.03,1279870000.0,8823511900.0,0.01991519720016166
sh000001,2002-02-06,1517.81,1485.8,1484.25,1521.56,1185620000.0,8025753800.0,-0.021392628500671806
sh000001,2002-02-05,1510.57,1518.28,1502.09,1522.32,1397440000.0,9364809400.0,0.004598598585352054
sh000001,2002-02-04,1485.68,1511.33,1476.13,1513.67,1158470000.0,8102460600.000001,0.017203201033807458
sh000001,2002-02-01,1494.58,1485.77,1480.77,1507.64,1816690000.0,13016400000.0,-0.0039552984239141775
sh000001,2002-01-31,1413.22,1491.67,1413.22,1501.33,2758960200.0,17982561300.0,0.06806481408553577
sh000001,2002-01-30,1392.95,1396.61,1381.01,1408.05,711800000.0,4822857200.0,0.0027498958916698513
sh000001,2002-01-29,1343.36,1392.78,1339.20,1396.11,872610000.0,6006445600.000001,0.02444191092640957
sh000001,2002-01-28,1444.50,1359.55,1357.55,1448.60,1398410000.0,8988113800.0,-0.06333535425910108
sh000001,2002-01-25,1449.88,1451.48,1442.94,1464.90,977740000.0,7091905600.000001,-0.003378192804174729
sh000001,2002-01-24,1435.32,1456.4,1400.35,1478.54,1733060000.0,12071696299.999998,0.007910198827657311
sh000001,2002-01-23,1355.86,1444.97,1346.17,1445.70,1383950000.0,8804593800.0,0.06350234416975176
sh000001,2002-01-22,1360.29,1358.69,1348.79,1400.76,951990000.0,6096208800.0,-0.006057192184173776
sh000001,2002-01-21,1407.00,1366.97,1362.62,1412.21,567690000.0,4781876300.0,-0.03424376872209345
sh000001,2002-01-18,1405.55,1415.44,1376.89,1434.97,1055310000.0,7145716300.0,-0.002874211000901683
sh000001,2002-01-17,1476.36,1419.52,1416.30,1476.38,810910000.0,5227981600.0,-0.04061853719198172
sh000001,2002-01-16,1458.84,1479.62,1439.40,1482.18,637980100.0,5789749399.999999,0.013681361970335315
sh000001,2002-01-15,1475.34,1459.65,1458.02,1491.70,731250000.0,5276911899.999999,-0.01714351125505842
sh000001,2002-01-14,1519.93,1485.11,1484.46,1519.93,886710000.0,5710193800.0,-0.03287335812293646
sh000001,2002-01-11,1574.26,1535.59,1535.28,1574.27,548340000.0,4559825900.0,-0.025912816218822243
sh000001,2002-01-10,1556.74,1576.44,1523.66,1580.01,1248760100.0,6219619399.999999,0.009664713228936694
sh000001,2002-01-09,1580.71,1561.35,1552.56,1580.72,680860100.0,4483396900.0,-0.013963093478837507
sh000001,2002-01-08,1594.87,1583.46,1582.45,1607.72,607140000.0,4025047800.0000005,-0.008329366968110374
sh000001,2002-01-07,1605.74,1596.76,1584.66,1605.74,513400000.0,3273247800.0000005,-0.00907911802853445
sh000001,2002-01-04,1643.49,1611.39,1608.83,1643.50,526530000.0,3482604099.9999995,-0.021008888375851242
sh000001,2001-12-31,1641.43,1645.97,1638.32,1649.80,1063230000.0,6353920600.000001,0.003958572230219337
sh000001,2001-12-28,1626.96,1639.48,1619.53,1639.85,706050000.0,5788818800.0,0.007101086048454386
sh000001,2001-12-27,1635.46,1627.92,1625.46,1644.41,736070000.0,6132020000.0,-0.003501383413726411
sh000001,2001-12-26,1610.65,1633.64,1605.15,1634.33,722900000.0,5329963100.000001,0.013946386787241583
sh000001,2001-12-25,1604.67,1611.17,1593.03,1613.60,626390000.0,4668021600.0,0.0031567150239713015
sh000001,2001-12-24,1639.52,1606.1,1601.24,1640.14,663570000.0,4923334100.0,-0.020754325850232402
sh000001,2001-12-21,1627.44,1640.14,1624.50,1640.79,590250000.0,4309066600.0,0.005271093568040008
sh000001,2001-12-20,1669.48,1631.54,1628.47,1669.48,832090000.0,6489420600.000001,-0.02460692293896105
sh000001,2001-12-19,1688.92,1672.7,1671.94,1693.18,589980100.0,5211163100.0,-0.00864700199728552
sh000001,2001-12-18,1666.51,1687.29,1660.50,1687.77,682020000.0,5607603100.000001,0.012815587596191946
sh000001,2001-12-17,1673.24,1665.94,1662.68,1680.84,515200000.0,4110355900.0000005,-0.005711693752946778
sh000001,2001-12-14,1683.73,1675.51,1673.32,1692.91,684060100.0,5180201900.0,-0.007405169400655165
sh000001,2001-12-13,1713.78,1688.01,1687.09,1720.55,859530000.0,6472988100.000001,-0.015835165027373477
sh000001,2001-12-12,1724.88,1715.17,1714.18,1728.83,871970000.0,6643463800.0,-0.007929989357271738
sh000001,2001-12-11,1748.02,1728.88,1726.69,1748.98,912780000.0,6325175600.000001,-0.011322826360454674
sh000001,2001-12-10,1743.63,1748.68,1730.81,1748.97,738690000.0,5999253100.000001,0.00187348531290632
sh000001,2001-12-07,1752.02,1745.41,1743.33,1756.47,824510000.0,7075285000.0,-0.003294921138889184
sh000001,2001-12-06,1740.08,1751.18,1737.06,1754.77,969430000.0,9043439400.0,0.0034092927579745247
sh000001,2001-12-05,1765.56,1745.23,1745.11,1776.02,1362270000.0,10982960000.0,-0.013816057140274007
sh000001,2001-12-04,1763.79,1769.68,1754.87,1770.36,1021090000.0,8423788800.0,0.004039578794480914
sh000001,2001-12-03,1751.05,1762.56,1750.92,1767.44,1230890000.0,9966282500.0,0.008335287959313264
sh000001,2001-11-30,1732.13,1747.99,1731.96,1748.00,1214870000.0,8423145600.000001,0.009057322634647536
sh000001,2001-11-29,1735.38,1732.3,1728.89,1741.74,1053760000.0,8119015600.000001,-0.0015561959654178947
sh000001,2001-11-28,1725.54,1735.0,1725.16,1741.67,1333170000.0,9099995600.0,0.0072042679918031816
sh000001,2001-11-27,1705.51,1722.59,1704.85,1722.62,783990000.0,5832490000.0,0.009789611287949196
sh000001,2001-11-26,1710.13,1705.89,1696.00,1710.13,789330000.0,5452571899.999999,-0.0038947540524126856
sh000001,2001-11-23,1715.65,1712.56,1704.14,1721.97,1025490000.0,7311068100.000001,-0.0018941491190749282
sh000001,2001-11-22,1705.92,1715.81,1700.51,1715.93,954110000.0,7889111899.999999,0.005950775652826312
sh000001,2001-11-21,1700.66,1705.66,1690.23,1707.93,1072890000.0,7915235600.000001,0.0034887893959629768
sh000001,2001-11-20,1672.21,1699.73,1670.80,1703.74,1435310000.0,10571623799.999998,0.017869440502068956
sh000001,2001-11-19,1645.09,1669.89,1644.82,1669.99,685320000.0,5308959399.999999,0.014045762588355437
sh000001,2001-11-16,1725.45,1646.76,1644.61,1734.67,1769950000.0,13466400000.0,0.01567838948030653
sh000001,2001-11-15,1619.26,1621.34,1612.91,1624.81,444750000.0,2937435900.0000005,0.0026219776142477613
sh000001,2001-11-14,1615.75,1617.1,1614.59,1627.97,480170000.0,3173016900.0,0.0007240412641635885
sh000001,2001-11-13,1609.95,1615.93,1598.11,1623.45,557340100.0,3735970900.0000005,-0.003244530252468847
sh000001,2001-11-12,1631.80,1621.19,1619.11,1637.33,600570000.0,4482608100.0,-0.005624524644863627
sh000001,2001-11-09,1605.08,1630.36,1582.85,1637.90,965702900.0,6471715600.000001,0.015250300460186716
sh000001,2001-11-08,1566.52,1605.87,1550.47,1605.90,915718600.0,5584953800.0,0.007415074809447697
sh000001,2001-11-07,1669.43,1594.05,1591.77,1669.46,1191408300.0,6865674399.999999,-0.046210090469580245
sh000001,2001-11-06,1678.17,1671.28,1668.66,1685.52,673599500.0,4198029099.9999995,-0.004935787135993075
sh000001,2001-11-05,1687.84,1679.57,1671.23,1688.31,874956000.0,4335850000.0,-0.006964850563159541
sh000001,2001-11-02,1703.92,1691.35,1688.57,1711.74,962506500.0,5254941899.999999,-0.00960327916849657
sh000001,2001-11-01,1692.35,1707.75,1688.10,1717.74,954788800.0,7312840000.0,0.010999484954149041
sh000001,2001-10-31,1678.93,1689.17,1655.89,1689.17,773164100.0,4930860900.0,0.0038032529698057704
sh000001,2001-10-30,1702.86,1682.77,1680.44,1704.48,1031084700.0,5271434399.999999,-0.010414706435829868
sh000001,2001-10-29,1678.73,1700.48,1678.73,1701.12,950900000.0,6765477500.0,0.013469378024650203
sh000001,2001-10-26,1669.16,1677.88,1651.52,1681.90,960152200.0,7812440000.0,0.0008231434536236648
sh000001,2001-10-25,1708.03,1676.5,1673.05,1708.03,1449437700.0,12436051299.999998,-0.02419007485186775
sh000001,2001-10-24,1733.64,1718.06,1685.72,1744.92,3335495600.0,24759982500.0,0.0284335791590844
sh000001,2001-10-23,1642.22,1670.56,1625.15,1670.74,3754375600.0,17549061300.0,0.09856839419466401
sh000001,2001-10-22,1558.47,1520.67,1514.86,1563.40,800860100.0,4651355900.0,-0.032929504912715846
sh000001,2001-10-19,1610.44,1572.45,1550.91,1610.44,1137778200.0,6770308800.0,-0.02669629482910152
sh000001,2001-10-18,1642.01,1615.58,1609.38,1651.11,647182900.0,3872794699.9999995,-0.016730875738708684
sh000001,2001-10-17,1654.93,1643.07,1635.92,1661.88,584835900.0,3408161900.0,-0.007748052418624418
sh000001,2001-10-16,1689.19,1655.9,1649.20,1691.65,566865300.0,4020742800.0000005,-0.0185979801811198
sh000001,2001-10-15,1692.17,1687.28,1670.27,1703.59,668965900.0,5383448100.000001,-0.0023945652238178683
sh000001,2001-10-12,1637.75,1691.33,1598.79,1700.71,1287019300.0,8772683800.0,0.03235001495425216
sh000001,2001-10-11,1682.32,1638.33,1634.21,1693.22,846216800.0,5378806899.999999,-0.028625467654051606
sh000001,2001-10-10,1744.04,1686.61,1683.71,1744.64,685045400.0,5008204700.0,-0.03326187637564204
sh000001,2001-10-09,1724.17,1744.64,1722.22,1751.07,564003100.0,3487762800.0000005,0.01048924721840927
sh000001,2001-10-08,1766.13,1726.53,1723.04,1773.80,472097800.0,3301400900.0000005,-0.021723979669890703
sh000001,2001-09-28,1766.13,1764.87,1751.72,1774.30,586385500.0,4354290000.0,-3.399568254836005e-05
sh000001,2001-09-27,1765.62,1764.93,1750.76,1779.13,616796800.0,4099639099.9999995,-0.0016291343526735336
sh000001,2001-09-26,1793.65,1767.81,1765.17,1793.67,676213500.0,3720374099.9999995,-0.014532744665195052
sh000001,2001-09-25,1799.98,1793.88,1788.40,1813.31,707422700.0,3879626900.0,-0.0006016847172081174
sh000001,2001-09-24,1804.89,1794.96,1791.62,1808.70,779423000.0,3866252800.0000005,-0.006673971511106602
sh000001,2001-09-21,1815.56,1807.02,1803.80,1821.34,1370738300.0,5144999700.0,-0.006269178737585479
sh000001,2001-09-20,1826.42,1818.42,1814.46,1836.79,871519700.0,6270838800.0,-0.0023426912969292113
sh000001,2001-09-19,1800.24,1822.69,1784.91,1822.97,729266900.0,5217143800.0,0.013382482125184891
sh000001,2001-09-18,1784.59,1798.62,1780.05,1817.56,617507400.0,4747270900.0,0.007850454721199496
sh000001,2001-09-17,1811.90,1784.61,1782.50,1816.26,826090600.0,6032725600.000001,-0.018571475709147856
sh000001,2001-09-14,1838.67,1818.38,1814.74,1846.02,846518600.0,5979811899.999999,-0.011701659320292879
sh000001,2001-09-13,1851.62,1839.91,1837.82,1857.86,765711500.0,5211250000.0,-0.006849832667602196
sh000001,2001-09-12,1822.13,1852.6,1815.59,1858.69,1510782500.0,10528831299.999998,-0.0059985620620459645
sh000001,2001-09-11,1859.97,1863.78,1849.61,1871.13,1014317800.0,7189955000.0,0.0039051348483460924
sh000001,2001-09-10,1790.21,1856.53,1774.83,1858.20,1172759300.0,8272405600.000001,0.026364963180823153
sh000001,2001-09-07,1858.24,1808.84,1807.14,1858.24,1401328900.0,7703863800.0,-0.028320333483744853
sh000001,2001-09-06,1867.63,1861.56,1853.29,1876.47,998354200.0,6001718800.0,-0.0035915579653904572
sh000001,2001-09-05,1868.36,1868.27,1863.83,1888.90,1061844600.0,7934048100.000001,0.0031733928993320504
sh000001,2001-09-04,1815.27,1862.36,1814.92,1862.40,996310500.0,7722013100.000001,0.024857059525971392
sh000001,2001-09-03,1831.70,1817.19,1813.37,1831.80,693119500.0,4986549700.0,-0.00924138833458732
sh000001,2001-08-31,1838.21,1834.14,1831.52,1846.94,806533400.0,4298549700.0,-0.0029842957551247107
sh000001,2001-08-30,1846.19,1839.63,1831.02,1846.54,646377600.0,4541886900.0,-0.00428136873897178
sh000001,2001-08-29,1846.82,1847.54,1837.94,1865.48,849522400.0,6815100600.000001,0.002251287030959226
sh000001,2001-08-28,1816.66,1843.39,1795.57,1843.44,917373500.0,7567236899.999999,0.008832945683403981
sh000001,2001-08-27,1881.31,1827.25,1824.88,1881.31,976636600.0,8901882500.0,-0.03156137375450496
sh000001,2001-08-24,1903.39,1886.8,1883.24,1912.19,778367000.0,6963283800.0,-0.008507664254672975
sh000001,2001-08-23,1892.37,1902.99,1869.49,1903.47,777223000.0,7329076300.0,-0.00024166644776590918
sh000001,2001-08-22,1935.54,1903.45,1891.35,1935.56,992278900.0,7917710600.000001,-0.018268372815093303
sh000001,2001-08-21,1936.06,1938.87,1935.77,1947.40,840258100.0,6225617500.0,0.0022641626475194965
sh000001,2001-08-20,1923.10,1934.49,1917.10,1937.16,806458100.0,6612362500.0,0.005452182952182971
sh000001,2001-08-17,1916.84,1924.0,1909.67,1928.14,710546600.0,5365300000.0,0.002266038079858257
sh000001,2001-08-16,1948.27,1919.65,1918.49,1950.46,658261800.0,5657195000.0,-0.01422952099252306
sh000001,2001-08-15,1938.54,1947.36,1935.39,1949.16,543434700.0,5166753800.0,0.004031883848747642
sh000001,2001-08-14,1955.51,1939.54,1924.27,1960.95,885109800.0,7204286899.999999,-0.007958672190680804
sh000001,2001-08-13,1956.93,1955.1,1942.07,1963.14,994897900.0,8010707500.0,3.068990915777725e-05
sh000001,2001-08-10,1929.96,1955.04,1929.69,1956.40,1470514000.0,11342895000.0,0.015821551603198536
sh000001,2001-08-09,1894.69,1924.59,1894.05,1924.65,1071653500.0,8083123800.0,0.015523673338011745
sh000001,2001-08-08,1902.87,1895.17,1885.42,1907.95,1312759700.0,8252443800.0,-0.004601009490895147
sh000001,2001-08-07,1872.67,1903.93,1861.78,1911.21,1186023000.0,8960547500.0,0.011582621816771388
sh000001,2001-08-06,1953.41,1882.13,1867.86,1953.45,1232641000.0,8622763800.0,-0.03908734919767798
sh000001,2001-08-03,1956.54,1958.69,1948.90,1965.32,734847300.0,5793821899.999999,0.0008533382387507782
sh000001,2001-08-02,1989.64,1957.02,1912.73,1990.70,1139446900.0,8476730600.000001,-0.015053373797768499
sh000001,2001-08-01,1925.24,1986.93,1925.24,1986.94,1157092700.0,9527091300.0,0.034686927178803506
sh000001,2001-07-31,1939.26,1920.32,1909.30,1978.10,1177230800.0,9298430000.0,-0.01865271205322927
sh000001,2001-07-30,2056.76,1956.82,1955.97,2056.77,1231809700.0,10265158100.0,-0.052722282195640346
sh000001,2001-07-27,2093.87,2065.73,2063.89,2101.15,1054558700.0,8442653100.000001,-0.01350518860941452
sh000001,2001-07-26,2109.92,2094.01,2086.08,2116.56,915712800.0,8079202500.0,-0.008640034844195288
sh000001,2001-07-25,2130.45,2112.26,2108.76,2140.50,907512100.0,8783530600.0,-0.011322521004469843
sh000001,2001-07-24,2162.75,2136.45,2129.18,2162.75,1109545900.0,10686342500.0,-0.015011456839756576
sh000001,2001-07-23,2183.74,2169.01,2166.33,2185.86,973624200.0,10748552500.0,-0.004867820996320327
sh000001,2001-07-20,2153.24,2179.62,2153.14,2179.77,1294959700.0,12152170000.0,0.013654162752411159
sh000001,2001-07-19,2146.51,2150.26,2135.24,2150.27,853816200.0,7250356300.0,0.0017330215136919236
sh000001,2001-07-18,2142.01,2146.54,2137.41,2147.84,520087100.0,5801370000.0,0.002596941587497348
sh000001,2001-07-17,2145.49,2140.98,2121.28,2146.03,922822900.0,8814295600.0,-0.0024507976740717474
sh000001,2001-07-16,2176.34,2146.24,2142.08,2183.52,1112568800.0,11168681299.999998,-0.006986406581102611
sh000001,2001-07-13,2167.70,2161.34,2158.85,2178.02,806142600.0,7786050000.0,-0.0019164253817840482
sh000001,2001-07-12,2164.92,2165.49,2153.68,2168.40,746067500.0,7155175600.000001,-0.0014985659876241009
sh000001,2001-07-11,2190.98,2168.74,2167.67,2192.52,725115800.0,7264992500.0,-0.00960827115052676
sh000001,2001-07-10,2172.61,2189.78,2172.59,2189.79,729174700.0,7765128800.0,0.009273342367007054
sh000001,2001-07-09,2169.47,2169.66,2164.01,2175.17,890882800.0,7809558100.000001,-0.00039621841770642874
sh000001,2001-07-06,2179.81,2170.52,2168.78,2187.24,1069991600.0,9200348100.0,-0.005106203533089437
sh000001,2001-07-05,2202.30,2181.66,2176.75,2204.26,1283470800.0,9772015600.0,-0.009264052750606266
sh000001,2001-07-04,2212.97,2202.06,2199.63,2216.22,1437927600.0,8264960000.0,-0.004417156833933844
sh000001,2001-07-03,2206.85,2211.83,2191.68,2211.86,2036418400.0,9918120600.0,0.002647337476597844
sh000001,2001-07-02,2220.42,2205.99,2201.59,2223.21,1208340700.0,10422650600.0,-0.005428240375468518
sh000001,2001-06-29,2218.57,2218.03,2214.16,2225.35,1723025200.0,10937972500.0,-0.0005497352709247227
sh000001,2001-06-28,2231.37,2219.25,2213.58,2237.49,1336248400.0,13559903799.999998,-0.004744756326715449
sh000001,2001-06-27,2234.71,2229.83,2223.81,2237.52,1234923400.0,13473717500.0,-0.0016833886254864483
sh000001,2001-06-26,2234.07,2233.59,2223.50,2236.78,1601655300.0,16700823799.999998,0.0015200430454669345
sh000001,2001-06-25,2210.07,2230.2,2210.04,2230.22,1471550700.0,14893072500.0,0.010938002873888797
sh000001,2001-06-22,2191.36,2206.07,2188.94,2206.51,1227533100.0,11020003799.999998,0.007729027248018605
sh000001,2001-06-21,2164.12,2189.15,2164.09,2189.23,1092635500.0,8684445600.0,0.012033544139946173
sh000001,2001-06-20,2171.01,2163.12,2157.40,2180.73,806752000.0,8901811900.0,-0.0033771798474970804
sh000001,2001-06-19,2163.32,2170.45,2158.76,2174.21,916233800.0,10590191299.999998,0.0012917214494958529
sh000001,2001-06-18,2211.89,2167.65,2157.12,2214.11,1726269800.0,16784742500.0,-0.01959321021994853
sh000001,2001-06-15,2196.69,2210.97,2188.25,2212.09,1464923500.0,16089480000.0,0.00389120958953848
sh000001,2001-06-14,2243.30,2202.4,2201.01,2245.44,1790119600.0,18603638800.0,-0.017846790520955058
sh000001,2001-06-13,2227.07,2242.42,2226.88,2242.42,1394855600.0,16182048799.999998,0.008754093640911176
sh000001,2001-06-12,2213.54,2222.96,2211.86,2223.30,1382277800.0,14913968799.999998,0.003765883086037425
sh000001,2001-06-11,2223.79,2214.62,2206.64,2226.61,1532369800.0,14245826299.999998,-0.0038010498994635045
sh000001,2001-06-08,2229.21,2223.07,2211.75,2229.41,1512042500.0,14879943799.999998,-0.003022679062341549
sh000001,2001-06-07,2241.01,2229.81,2223.41,2242.69,1540484900.0,15027752500.0,-0.003882063882063913
sh000001,2001-06-06,2237.99,2238.5,2224.30,2241.09,1687838000.0,17704816300.0,0.0015704768253996804
sh000001,2001-06-05,2229.25,2234.99,2226.82,2235.50,2403872600.0,18306242500.0,0.003686938089977332
sh000001,2001-06-04,2223.91,2226.78,2222.23,2229.05,2563984200.0,19769075000.0,0.003239336994670161
sh000001,2001-06-01,2216.56,2219.59,2212.16,2223.26,1780580800.0,18117668800.0,0.0024071247279000563
sh000001,2001-05-31,2217.87,2214.26,2208.88,2222.65,1857308000.0,17550012500.0,0.0013838639652679063
sh000001,2001-05-30,2180.62,2211.2,2180.53,2211.21,1902493000.0,15352907500.0,0.014181664740308353
sh000001,2001-05-29,2177.65,2180.28,2176.56,2188.76,1206551000.0,13454567500.0,0.0002660916639907196
sh000001,2001-05-28,2194.45,2179.7,2171.68,2194.83,1494715100.0,15746170000.0,-0.0063275558675772725
sh000001,2001-05-25,2199.66,2193.58,2181.25,2204.24,1358086100.0,14234993799.999998,-0.0021471136787518663
sh000001,2001-05-24,2198.01,2198.3,2192.17,2202.84,1432894800.0,15911448799.999998,0.0003185293046961135
sh000001,2001-05-23,2210.85,2197.6,2175.28,2213.40,2026268600.0,18279593800.0,-0.005763819140946702
sh000001,2001-05-22,2215.77,2210.34,2205.25,2218.45,1525445100.0,15241006299.999998,-0.0014727141308275016
sh000001,2001-05-21,2207.78,2213.6,2202.74,2213.75,3365354000.0,21671125000.0,0.004642887939837692
sh000001,2001-05-18,2194.62,2203.37,2186.65,2203.37,3200143400.0,20012222500.0,0.003973298703665584
sh000001,2001-05-17,2201.98,2194.65,2187.84,2205.01,2791247200.0,18717248800.0,-0.002205046601500338
sh000001,2001-05-16,2195.37,2199.5,2187.41,2199.54,1894789200.0,18363618800.0,0.0038520168320357318
sh000001,2001-05-15,2184.79,2191.06,2176.79,2191.07,2465610200.0,18665826300.0,0.0057792854618150535
sh000001,2001-05-14,2161.61,2178.47,2160.12,2178.70,2525320000.0,17731585000.0,0.010698660579657737
sh000001,2001-05-11,2150.32,2155.41,2144.76,2155.42,1380646400.0,11580806299.999998,0.0037861853135128243
sh000001,2001-05-10,2134.19,2147.28,2134.19,2147.34,985055900.0,11340920000.0,0.006746714551618016
sh000001,2001-05-09,2140.55,2132.89,2127.32,2142.38,971903400.0,10656880000.0,-0.002385418079598134
sh000001,2001-05-08,2119.90,2137.99,2119.89,2138.04,848036800.0,8907720600.0,0.008876074708141779
sh000001,2001-04-30,2117.17,2119.18,2111.95,2122.50,1091178200.0,10858996299.999998,0.0019242498026106336
sh000001,2001-04-27,2104.03,2115.11,2104.03,2120.84,1362535000.0,11594616299.999998,0.004774210711333771
sh000001,2001-04-26,2113.39,2105.06,2102.83,2125.79,1328548400.0,13835975000.0,-0.006662954539019772
sh000001,2001-04-25,2168.05,2119.18,2115.26,2170.39,1819485600.0,18198271300.0,-0.021692664933961936
sh000001,2001-04-24,2151.34,2166.17,2151.34,2166.19,1351537200.0,14573171299.999998,0.00731946633929037
sh000001,2001-04-23,2150.34,2150.43,2132.55,2157.51,2182788400.0,19522696300.0,-0.0008874062648096537
sh000001,2001-04-20,2173.96,2152.34,2152.01,2179.57,2281270200.0,22646885000.0,-0.009448333310322132
sh000001,2001-04-19,2172.43,2172.87,2148.31,2175.58,2454431400.0,20928058800.0,0.00014268880951506802
sh000001,2001-04-18,2177.99,2172.56,2167.59,2179.74,2212785200.0,19396298800.0,-0.0018927908557987427
sh000001,2001-04-17,2173.30,2176.68,2163.19,2177.16,2855257800.0,22125990000.0,0.003975904725883828
sh000001,2001-04-16,2150.29,2168.06,2150.29,2168.08,3141958400.0,21432345000.0,0.010562132935582946
sh000001,2001-04-13,2135.67,2145.4,2130.59,2145.44,1864383400.0,14640448799.999998,0.004965336331272274
sh000001,2001-04-12,2132.81,2134.8,2124.81,2141.92,1864307000.0,16740408799.999998,0.0015951956460542593
sh000001,2001-04-11,2130.90,2131.4,2121.16,2134.51,1531106300.0,12168116299.999998,0.0013718710065400153
sh000001,2001-04-10,2119.54,2128.48,2119.36,2128.55,2074950800.0,12146328799.999998,0.005247075381251243
sh000001,2001-04-09,2108.97,2117.37,2100.97,2117.41,2586417400.0,13579796299.999998,0.004154395549674783
sh000001,2001-04-06,2116.38,2108.61,2103.26,2122.22,3739750800.0,13971971299.999998,-0.0018886679920475657
sh000001,2001-04-05,2084.81,2112.6,2081.64,2112.62,2304576600.0,13168250000.0,0.01046529425269771
sh000001,2001-04-04,2123.89,2090.72,2084.93,2128.16,2079302200.0,15919112500.0,-0.01522809166058281
sh000001,2001-04-03,2127.78,2123.05,2109.25,2129.83,2057391200.0,14183303799.999998,-0.0009552581549869821
sh000001,2001-04-02,2117.45,2125.08,2114.78,2126.97,2370018000.0,16927650000.0,0.005826474249444935
sh000001,2001-03-30,2101.10,2112.77,2096.28,2112.83,2436714800.0,15426431299.999998,0.005286297498168224
sh000001,2001-03-29,2107.22,2101.66,2096.93,2111.73,1551081200.0,15692846299.999998,-0.0024728625876300203
sh000001,2001-03-28,2109.75,2106.87,2096.92,2112.88,1567251800.0,15624801299.999998,-0.00018507445687776514
sh000001,2001-03-27,2096.50,2107.26,2090.90,2107.30,1788371400.0,16466797500.0,0.008316266962696384
sh000001,2001-03-26,2052.05,2089.88,2052.05,2089.99,2115424600.0,15400872500.0,0.01769627082988401
sh000001,2001-03-23,2091.18,2053.54,2052.55,2093.95,2422162200.0,19344248800.0,-0.01628240073196563
sh000001,2001-03-22,2071.20,2087.53,2068.14,2087.53,2361955600.0,18593021300.0,0.010230401811855527
sh000001,2001-03-21,2047.63,2066.39,2046.43,2066.39,1960641600.0,14004242500.0,0.010069459719717067
sh000001,2001-03-20,2039.55,2045.79,2037.17,2045.94,1243800400.0,11823416299.999998,0.004502558160088821
sh000001,2001-03-19,2019.85,2036.62,2017.49,2036.63,1391848400.0,12101587500.0,0.008107947570585639
sh000001,2001-03-16,2023.03,2020.24,2011.99,2024.28,1230971600.0,10720437500.0,-0.0011668149906061132
sh000001,2001-03-15,2019.73,2022.6,2017.59,2027.33,1372799700.0,11939290000.0,0.0019716439944119646
sh000001,2001-03-14,1996.15,2018.62,1994.94,2018.62,1067544600.0,9352683100.0,0.00996647821083707
sh000001,2001-03-13,2012.16,1998.7,1992.17,2012.77,1378721200.0,10923838799.999998,-0.00688181660082976
sh000001,2001-03-12,2013.31,2012.55,2004.96,2015.60,1231963500.0,10871811299.999998,0.0004424206873925307
sh000001,2001-03-09,2003.21,2011.66,1999.48,2015.50,1565366900.0,13225850000.0,0.0053775800889599434
sh000001,2001-03-08,1990.64,2000.9,1989.87,2002.25,1147460900.0,9397703800.0,0.004881527536435781
sh000001,2001-03-07,1991.28,1991.18,1986.04,1996.85,1389005400.0,10693875000.0,0.0005627971015949029
sh000001,2001-03-06,1986.73,1990.06,1977.11,1990.06,2087224000.0,14487168799.999998,0.0029533313174074927
sh000001,2001-03-05,1991.28,1984.2,1979.65,1993.81,1071935900.0,7948026899.999999,-0.000458412883920678
sh000001,2001-03-02,1969.06,1985.11,1968.96,1987.39,1516357800.0,9045783100.0,0.010172406774141107
sh000001,2001-03-01,1959.01,1965.12,1953.72,1968.36,1166736900.0,8403775600.000001,0.0030318806847762225
sh000001,2001-02-28,1964.36,1959.18,1950.93,1965.02,614135400.0,6860471899.999999,-0.0014576665103667175
sh000001,2001-02-27,1956.27,1962.04,1946.98,1962.28,739859400.0,6875915600.000001,0.00376018703733072
sh000001,2001-02-26,1940.77,1954.69,1935.55,1954.78,762434800.0,7163293800.0,0.009471428202546095
sh000001,2001-02-23,1906.91,1936.35,1906.55,1936.63,620974000.0,5815828100.000001,0.015252246678481018
sh000001,2001-02-22,1901.99,1907.26,1893.78,1922.46,505473400.0,5336661899.999999,-0.0010841499374125707
sh000001,2001-02-21,1948.42,1909.33,1901.21,1948.42,761781700.0,7654377500.0,-0.02247058703064686
sh000001,2001-02-20,1969.78,1953.22,1947.26,1980.39,643593400.0,6580741899.999999,-0.0072831694239028355
sh000001,2001-02-19,1942.58,1967.55,1935.65,1969.35,584608300.0,5439100000.0,0.013177408391521928
sh000001,2001-02-16,1942.05,1941.96,1911.87,1942.12,675021000.0,6347095000.0,-0.0023221404792240774
sh000001,2001-02-15,1963.45,1946.48,1944.56,1966.92,450675600.0,4397333800.0,-0.008516707416462932
sh000001,2001-02-14,1962.74,1963.2,1956.42,1966.84,438215300.0,4323174700.0,-0.00016806465905783163
sh000001,2001-02-13,1962.53,1963.53,1958.99,1974.00,540351400.0,5318757500.0,0.0011778382843332658
sh000001,2001-02-12,1958.66,1961.22,1935.59,1961.81,720307500.0,6802570000.0,0.0021717246559733727
sh000001,2001-02-09,1935.19,1956.97,1935.19,1963.33,1123701900.0,8405287500.0,0.013900546074377962
sh000001,2001-02-08,1977.56,1930.14,1926.40,1986.90,888573700.0,7956579399.999999,-0.02515227734173764
sh000001,2001-02-07,1995.60,1979.94,1978.60,1998.25,588222900.0,5378365600.000001,-0.007703063684339706
sh000001,2001-02-06,1999.72,1995.31,1956.18,1999.73,952842700.0,8394835600.000001,-0.006334566714640721
sh000001,2001-02-05,2069.86,2008.03,2005.68,2072.55,897424300.0,7827931899.999999,-0.0278755428178602
sh000001,2001-01-19,2046.58,2065.61,2046.54,2067.88,1183126400.0,9318026900.0,0.011012622913108006
sh000001,2001-01-18,2033.69,2043.11,2033.58,2049.36,1034157100.0,8913571900.0,0.004192511476570182
sh000001,2001-01-17,2046.38,2034.58,2031.76,2048.70,732413400.0,6883815600.000001,-0.0055281564502490665
sh000001,2001-01-16,2018.30,2045.89,2007.71,2045.95,1158372200.0,10803420000.0,0.006617661529983776
sh000001,2001-01-15,2097.09,2032.44,2030.29,2097.09,1499858800.0,14112385000.0,-0.03435562418339466
sh000001,2001-01-12,2116.85,2104.75,2100.27,2117.73,1066088200.0,11404471299.999998,-0.006790490481987876
sh000001,2001-01-11,2129.61,2119.14,2117.03,2131.37,1407220900.0,15104985000.0,-0.003048522313489732
sh000001,2001-01-10,2102.09,2125.62,2102.07,2125.67,1291688300.0,13466762500.0,0.011650818127302287
sh000001,2001-01-09,2099.32,2101.14,2082.84,2111.10,1164933800.0,11961120000.0,-0.00043766590868010713
sh000001,2001-01-08,2128.60,2102.06,2092.10,2131.98,1478708500.0,16322580000.0,-0.010934926833858882
sh000001,2001-01-05,2117.66,2125.3,2114.06,2125.38,1328817500.0,15279360000.0,0.003726250466371761
sh000001,2001-01-04,2125.49,2117.41,2113.18,2127.42,1342354000.0,14704512500.0,-0.0030556994208768007
sh000001,2001-01-03,2108.25,2123.9,2105.50,2123.90,1715767200.0,18199506300.0,0.009712522641159849
sh000001,2001-01-02,2077.08,2103.47,2074.88,2103.54,1865074600.0,14599877500.0,0.014463607076026674
sh000001,2000-12-29,2055.83,2073.48,2055.50,2073.88,1365868000.0,11484676299.999998,0.009631396990797292
sh000001,2000-12-28,2054.52,2053.7,2047.74,2061.05,1384240000.0,12094517500.0,-0.0022057680348258613
sh000001,2000-12-27,2077.72,2058.24,2056.00,2079.76,1176163200.0,12187668799.999998,-0.008683841696889183
sh000001,2000-12-26,2070.38,2076.27,2068.81,2076.41,1042805500.0,11202717500.0,0.003916505896517153
sh000001,2000-12-25,2071.57,2068.17,2062.04,2075.21,1206101200.0,12387263799.999998,-0.0007730327524313463
sh000001,2000-12-22,2078.43,2069.77,2066.22,2079.97,1203266000.0,13112525000.0,-0.003428202745451081
sh000001,2000-12-21,2075.56,2076.89,2074.34,2086.94,1249834900.0,12858221299.999998,0.0027133111569230817
sh000001,2000-12-20,2050.07,2071.27,2048.64,2071.31,1192071800.0,11602758799.999998,0.010853916243295458
sh000001,2000-12-19,2047.35,2049.03,2046.03,2056.76,1136818300.0,11497227500.0,0.002191191215671129
sh000001,2000-12-18,2038.45,2044.55,2024.29,2044.56,1126258800.0,9722610600.0,0.0025449160520947256
sh000001,2000-12-15,2052.79,2039.36,2036.88,2055.61,1320590700.0,8960870000.0,-0.005714062835189271
sh000001,2000-12-14,2057.00,2051.08,2046.94,2059.27,1419281300.0,7967483800.0,-0.002451218800459065
sh000001,2000-12-13,2057.38,2056.12,2050.18,2059.60,938510200.0,8980598800.0,-0.0014229863286469024
sh000001,2000-12-12,2045.17,2059.05,2037.90,2059.05,1099182800.0,9739956900.0,0.006338950578667735
sh000001,2000-12-11,2072.28,2046.08,2039.00,2072.48,1198653400.0,9804583800.0,-0.013062185263076675
sh000001,2000-12-08,2074.57,2073.16,2069.66,2083.27,1158323500.0,10927191299.999998,-0.0009060066311975534
sh000001,2000-12-07,2072.53,2075.04,2060.73,2078.14,968736100.0,10537900000.0,-0.0002842510466702919
sh000001,2000-12-06,2093.00,2075.63,2070.35,2095.44,1138332500.0,11312073799.999998,-0.007668513675675448
sh000001,2000-12-05,2094.99,2091.67,2085.80,2097.29,1389586400.0,9776104400.0,-0.00022465035800656175
sh000001,2000-12-04,2084.48,2092.14,2077.81,2092.32,1422885000.0,10347586300.0,0.004947546401260272
sh000001,2000-12-01,2073.09,2081.84,2071.50,2082.03,1228528600.0,9405847500.0,0.005423522536837089
sh000001,2000-11-30,2067.07,2070.61,2057.04,2072.29,846555000.0,8872508100.0,0.0015042321644498369
sh000001,2000-11-29,2081.50,2067.5,2055.94,2082.90,994362900.0,11117321299.999998,-0.00572280465518904
sh000001,2000-11-28,2052.78,2079.4,2052.78,2079.48,858896600.0,9509442500.0,0.01450477393921945
sh000001,2000-11-27,2041.16,2049.67,2031.93,2062.81,1058782600.0,11788421299.999998,-0.0018019158748787678
sh000001,2000-11-24,2119.01,2053.37,2045.51,2125.41,1649756200.0,17176943799.999998,-0.031173328803835054
sh000001,2000-11-23,2119.16,2119.44,2109.22,2125.72,1249207700.0,14551248799.999998,0.0029054086026591985
sh000001,2000-11-22,2097.28,2113.3,2091.62,2113.35,1214670700.0,12501190000.0,0.007302262175997942
sh000001,2000-11-21,2104.07,2097.98,2095.58,2112.91,1247971800.0,12454691299.999998,-0.0016227354275026862
sh000001,2000-11-20,2092.59,2101.39,2078.28,2101.40,1310295900.0,13832418799.999998,0.0038934856968144693
sh000001,2000-11-17,2098.89,2093.24,2084.90,2104.70,1180132600.0,13403346299.999998,-0.0013072643822937824
sh000001,2000-11-16,2081.14,2095.98,2080.61,2096.05,1282182000.0,14423035000.0,0.006758217214000606
sh000001,2000-11-15,2087.28,2081.91,2074.38,2092.65,1333426700.0,14746307500.0,-0.0015394797421731665
sh000001,2000-11-14,2072.79,2085.12,2055.21,2085.12,1244877700.0,14683290000.0,0.0069200643232776304
sh000001,2000-11-13,2054.48,2070.79,2053.44,2071.69,1440877700.0,15914337500.0,0.011394605999628826
sh000001,2000-11-10,2037.08,2047.46,2033.63,2051.34,1396590000.0,16278218799.999998,0.0073703062268755115
sh000001,2000-11-09,2016.22,2032.48,2014.84,2032.52,1405162800.0,13677701299.999998,0.009722242921938795
sh000001,2000-11-08,1999.15,2012.91,1998.35,2012.99,925427200.0,8958640000.0,0.007926572796282727
sh000001,2000-11-07,1993.45,1997.08,1990.06,1997.08,789874700.0,7594596899.999999,0.0029681041799545227
sh000001,2000-11-06,1983.07,1991.17,1982.75,1992.88,999681900.0,9323250600.0,0.004814218597821052
sh000001,2000-11-03,1984.99,1981.63,1977.21,1989.11,932081800.0,7778710000.0,-0.001325431143096134
sh000001,2000-11-02,1981.77,1984.26,1980.89,1992.86,893385100.0,9136830000.0,0.0034895011530526876
sh000001,2000-11-01,1961.08,1977.36,1959.72,1977.37,850194000.0,8529215600.000001,0.008193586873945113
sh000001,2000-10-31,1974.53,1961.29,1956.42,1979.99,909042200.0,8227959399.999999,-0.006227262132773914
sh000001,2000-10-30,1967.65,1973.58,1962.81,1974.24,993944900.0,9660755600.0,0.0031361027950451703
sh000001,2000-10-27,1968.17,1967.41,1957.74,1971.79,903711100.0,8183728100.000001,-0.0001321359780857012
sh000001,2000-10-26,1979.30,1967.67,1962.20,1980.63,1065276400.0,9040402500.0,-0.004845113162220249
sh000001,2000-10-25,1957.38,1977.25,1957.31,1978.99,1150654500.0,11748255000.0,0.010688326160074535
sh000001,2000-10-24,1960.37,1956.34,1945.53,1962.13,635728300.0,7483007500.0,-0.0013272484098544313
sh000001,2000-10-23,1952.96,1958.94,1945.67,1960.86,857797400.0,9817738800.0,0.0058948579174924465
sh000001,2000-10-20,1913.16,1947.46,1912.38,1947.47,938766100.0,10031147500.0,0.017790134941622737
sh000001,2000-10-19,1925.21,1913.42,1911.18,1927.37,596505800.0,6140575000.0,-0.004904178693085681
sh000001,2000-10-18,1911.71,1922.85,1911.71,1922.85,575503300.0,7864478100.000001,0.006996632608706976
sh000001,2000-10-17,1902.07,1909.49,1896.94,1909.49,417493600.0,4769536900.0,0.0035105974847724486
sh000001,2000-10-16,1917.45,1902.81,1897.91,1917.56,608503600.0,6261005600.000001,-0.008002460691496127
sh000001,2000-10-13,1927.35,1918.16,1911.36,1932.32,664271900.0,7491518800.0,-0.004236056314630976
sh000001,2000-10-12,1933.14,1926.32,1918.47,1933.33,722605600.0,7821239399.999999,-0.0038319724056616877
sh000001,2000-10-11,1944.25,1933.73,1931.46,1948.01,725288900.0,7847945000.0,-0.004335401488041679
sh000001,2000-10-10,1917.90,1942.15,1917.68,1942.17,667750600.0,7182732500.0,0.01399222074294526
sh000001,2000-10-09,1912.08,1915.35,1897.24,1915.50,516677600.0,5833385600.000001,0.002717049880638145
sh000001,2000-09-29,1888.20,1910.16,1888.07,1910.49,468232600.0,5269501899.999999,0.011046477777366226
sh000001,2000-09-28,1915.50,1889.29,1886.94,1917.06,504991900.0,5266124399.999999,-0.012956548542649493
sh000001,2000-09-27,1889.88,1914.09,1889.87,1914.11,432715900.0,4403170600.0,0.013910150808070565
sh000001,2000-09-26,1878.31,1887.83,1878.05,1890.67,435829200.0,4738101300.0,0.00635424940428897
sh000001,2000-09-25,1889.90,1875.91,1874.21,1896.72,475970200.0,4795766600.0,-0.008493747291197562
sh000001,2000-09-22,1904.57,1891.98,1888.09,1904.57,668312400.0,6664313800.0,-0.008037497837268148
sh000001,2000-09-21,1924.83,1907.31,1905.65,1927.52,639455400.0,6612151899.999999,-0.007792788809180773
sh000001,2000-09-20,1902.91,1922.29,1892.28,1922.30,704339600.0,6771358800.0,0.010057010745343264
sh000001,2000-09-19,1937.32,1903.15,1895.49,1937.37,919539900.0,8235510600.000001,-0.022396301528187945
sh000001,2000-09-18,1979.53,1946.75,1946.18,1981.13,689253800.0,6592223100.000001,-0.01601269693645979
sh000001,2000-09-15,1978.04,1978.43,1966.88,1978.47,633116400.0,6354914399.999999,-0.0005455895650943177
sh000001,2000-09-14,1989.97,1979.51,1973.02,1992.37,646759100.0,6688828800.0,-0.004741218940742309
sh000001,2000-09-13,1980.53,1988.94,1975.13,1995.32,888941600.0,8087867500.0,0.004971956950128975
sh000001,2000-09-12,1975.41,1979.1,1965.40,1979.32,668886400.0,7086691899.999999,0.0035800490862254453
sh000001,2000-09-11,1963.27,1972.04,1956.08,1972.08,735543500.0,7516738800.0,0.0064971852335771185
sh000001,2000-09-08,1955.15,1959.31,1945.92,1963.89,722321800.0,7371941899.999999,0.004434396563214538
sh000001,2000-09-07,1929.30,1950.66,1929.30,1963.23,846665700.0,7901185600.000001,0.012851067806906924
sh000001,2000-09-06,1955.50,1925.91,1923.60,1964.27,1101726700.0,9345979400.0,-0.019289231536976925
sh000001,2000-09-05,2015.06,1963.79,1959.59,2020.85,985113100.0,9262016300.0,-0.023281607480354127
sh000001,2000-09-04,1994.89,2010.6,1981.23,2010.60,984028900.0,9851581300.0,0.005370375926314841
sh000001,2000-09-01,2009.15,1999.86,1997.72,2026.35,1279555500.0,12399443799.999998,-0.010558084306352744
sh000001,2000-08-31,2062.84,2021.2,2019.45,2064.76,1611062400.0,14624561299.999998,-0.026462569961563154
sh000001,2000-08-30,2107.02,2076.14,2075.16,2108.10,1338050700.0,14229566299.999998,-0.013935064688337162
sh000001,2000-08-29,2103.03,2105.48,2094.61,2105.63,1452168400.0,13895733799.999998,0.0023279173946366694
sh000001,2000-08-28,2092.12,2100.59,2085.60,2100.70,1383249800.0,14829901299.999998,0.006656443187808669
sh000001,2000-08-25,2073.72,2086.7,2066.33,2086.72,1229048300.0,13769837500.0,0.0075030417736920985
sh000001,2000-08-24,2058.53,2071.16,2043.21,2073.95,1724685600.0,17520897500.0,0.006433680609547299
sh000001,2000-08-23,2064.04,2057.92,1980.35,2080.14,2637889800.0,23937117500.0,-0.008087916325251743
sh000001,2000-08-22,2112.02,2074.7,2074.52,2114.52,1605273300.0,16088882500.0,-0.01611901227776502
sh000001,2000-08-21,2095.38,2108.69,2093.42,2108.88,1585930400.0,16773112500.0,0.008855696638567112
sh000001,2000-08-18,2093.63,2090.18,2086.75,2097.31,1256434400.0,13224835000.0,-0.0006741282947424487
sh000001,2000-08-17,2086.81,2091.59,2086.56,2092.33,1392576000.0,14119773799.999998,0.0038973443342118497
sh000001,2000-08-16,2078.49,2083.47,2072.98,2083.47,1542030300.0,14042773799.999998,0.003202010766460095
sh000001,2000-08-15,2079.07,2076.82,2066.16,2082.74,1347927900.0,13165632500.0,0.00025044550402153476
sh000001,2000-08-14,2065.94,2076.3,2065.94,2076.33,1517075700.0,14327613799.999998,0.006607940194020445
sh000001,2000-08-11,2067.78,2062.67,2055.20,2070.30,1531396400.0,15937086299.999998,-0.0015828146025538281
sh000001,2000-08-10,2065.30,2065.94,2053.86,2067.75,1737943000.0,18483252500.0,0.0023093567762155764
sh000001,2000-08-09,2051.65,2061.18,2048.49,2061.28,1635086600.0,16297691299.999998,0.005492897283796427
sh000001,2000-08-08,2042.75,2049.92,2040.78,2050.07,1373800100.0,13860685000.0,0.005148522619176088
sh000001,2000-08-07,2025.18,2039.42,2017.90,2039.42,1371647500.0,13566323799.999998,0.006445054185830745
sh000001,2000-08-04,2037.47,2026.36,2013.45,2041.28,1959713600.0,15521478799.999998,-0.004881402543829516
sh000001,2000-08-03,2032.94,2036.3,2030.10,2038.65,1832131800.0,14065342500.0,0.00276754584671135
sh000001,2000-08-02,2030.79,2030.68,2018.48,2033.19,2390531600.0,12945081299.999998,0.0012474422503265803
sh000001,2000-08-01,2027.01,2028.15,2023.45,2031.93,2118798400.0,12749637500.0,0.0022781857536793293
sh000001,2000-07-31,2016.14,2023.54,2008.64,2023.57,1717384400.0,15897711299.999998,0.005340845294342644
sh000001,2000-07-28,2014.11,2012.79,2006.17,2016.94,1489665800.0,13794091299.999998,0.00021864983725494724
sh000001,2000-07-27,2017.46,2012.35,2004.55,2025.00,1739815600.0,15298522500.0,1.4908165699267784e-05
sh000001,2000-07-26,1999.44,2012.32,1999.40,2012.40,1516356700.0,12324952500.0,0.007883480752086003
sh000001,2000-07-25,1990.15,1996.58,1989.09,1997.85,1127279000.0,11347507500.0,0.0036898514005347938
sh000001,2000-07-24,1998.25,1989.24,1982.88,1999.90,1189727400.0,11698420000.0,-0.0035565084103910127
sh000001,2000-07-21,1994.42,1996.34,1991.84,1998.35,1173260200.0,11203135000.0,0.002400128542449087
sh000001,2000-07-20,1999.09,1991.56,1979.88,2003.80,1737083600.0,13944018799.999998,-0.0034376985933958215
sh000001,2000-07-19,2000.33,1998.43,1987.42,2004.46,2913858800.0,14962476299.999998,0.0022266912070771916
sh000001,2000-07-18,1982.50,1993.99,1981.74,1993.99,1756323600.0,12103265000.0,0.005805859327710827
sh000001,2000-07-17,1992.89,1982.48,1980.22,1997.94,1584549600.0,15937373799.999998,-0.0023701810093650355
sh000001,2000-07-14,1981.78,1987.19,1972.62,1987.22,1621570900.0,16739455000.0,0.00403698464025859
sh000001,2000-07-13,1978.55,1979.2,1963.55,1984.07,1816010800.0,19719280000.0,0.00295433699711678
sh000001,2000-07-12,1965.23,1973.37,1960.35,1974.41,1391952600.0,15147832500.0,0.0065441153967784604
sh000001,2000-07-11,1952.26,1960.54,1947.67,1960.60,1443838800.0,14692242500.0,0.006427038736768642
sh000001,2000-07-10,1938.84,1948.02,1932.96,1948.06,1452462700.0,14360280000.0,0.007879800702611295
sh000001,2000-07-07,1904.09,1932.79,1904.09,1932.83,1165036300.0,11055886299.999998,0.01589445743870077
sh000001,2000-07-06,1909.24,1902.55,1896.66,1910.05,980290300.0,9143208800.0,-0.0034779147177599334
sh000001,2000-07-05,1910.42,1909.19,1904.47,1918.91,1302842900.0,8821195600.0,0.0006604015870603774
sh000001,2000-07-04,1891.21,1907.93,1888.25,1907.94,1440475600.0,9438381900.0,0.006483298516595903
sh000001,2000-07-03,1917.44,1895.64,1890.53,1917.45,1577223800.0,12643818799.999998,-0.01684032550010106
sh000001,2000-06-30,1937.84,1928.11,1924.97,1941.40,1246758400.0,12924863799.999998,-0.004723165708268473
sh000001,2000-06-29,1949.85,1937.26,1924.47,1951.13,1191984100.0,12522757500.0,-0.005247807422926076
sh000001,2000-06-28,1943.98,1947.48,1940.05,1953.06,1123954000.0,12303475000.0,0.0023573009418909052
sh000001,2000-06-27,1949.78,1942.9,1938.14,1952.46,1198005200.0,11838917500.0,-0.0029456441415551815
sh000001,2000-06-26,1946.70,1948.64,1943.25,1953.34,1406204800.0,14374112500.0,0.004645215840134442
sh000001,2000-06-23,1915.31,1939.63,1913.65,1939.63,1199392300.0,13032201299.999998,0.013443753592141672
sh000001,2000-06-22,1918.16,1913.9,1906.30,1921.15,905429400.0,9815940600.0,0.00040248179684598817
sh000001,2000-06-21,1894.78,1913.13,1894.63,1913.15,834891100.0,8945308800.0,0.009380853140581014
sh000001,2000-06-20,1913.07,1895.35,1888.08,1913.07,1013549500.0,9985219400.0,-0.010369620041666527
sh000001,2000-06-19,1924.69,1915.21,1910.47,1926.98,1188086900.0,12280903799.999998,-0.00608737168775364
sh000001,2000-06-16,1945.70,1926.94,1919.40,1947.46,1470605200.0,15025915000.0,-0.007903042285137607
sh000001,2000-06-15,1933.06,1942.29,1925.91,1942.33,1411675800.0,14416820000.0,0.005175206620124273
sh000001,2000-06-14,1944.44,1932.29,1929.71,1949.17,1615082800.0,16248500000.0,-0.0032909159372147556
sh000001,2000-06-13,1918.19,1938.67,1917.19,1938.67,1442766300.0,14193640000.0,0.013651859288074775
sh000001,2000-06-12,1896.43,1912.56,1884.62,1912.59,1203959400.0,12715536299.999998,0.006192162206240637
sh000001,2000-06-09,1926.15,1900.79,1896.06,1929.95,1518552400.0,14747110000.0,-0.012684330540564392
sh000001,2000-06-08,1937.19,1925.21,1913.37,1938.55,1708662000.0,15829291299.999998,-0.005074856720567622
sh000001,2000-06-07,1934.38,1935.03,1921.38,1940.22,1557392500.0,16138943799.999998,0.004928487593090836
sh000001,2000-06-06,1898.59,1925.54,1891.67,1925.55,1712012600.0,16628333799.999998,0.013927723277991078
sh000001,2000-06-05,1921.97,1899.09,1889.81,1930.34,2921614600.0,22618255000.0,-0.008954990215264247
sh000001,2000-06-02,1906.16,1916.25,1897.71,1916.25,1784035000.0,17800631300.0,0.00670347624626344
sh000001,2000-06-01,1900.53,1903.49,1890.00,1906.82,1465459500.0,15643985000.0,0.00471879865931224
sh000001,2000-05-31,1875.46,1894.55,1869.34,1894.58,1576023000.0,16569980000.0,0.009097349092129337
sh000001,2000-05-30,1903.53,1877.47,1868.61,1908.31,1651899900.0,17225868800.0,-0.011207373271889365
sh000001,2000-05-29,1885.55,1898.75,1882.74,1900.67,1802915400.0,19215767500.0,0.010177589087156047
sh000001,2000-05-26,1885.75,1879.62,1860.92,1890.69,2060252200.0,19005423800.0,-0.0005742542670282846
sh000001,2000-05-25,1866.56,1880.7,1860.78,1880.72,1680910600.0,18651852500.0,0.013586707554338773
sh000001,2000-05-24,1835.56,1855.49,1831.84,1861.48,1586085900.0,16660807500.0,0.012777826295794936
sh000001,2000-05-23,1834.44,1832.08,1811.58,1836.99,1246957200.0,12811057500.0,0.004022490875412288
sh000001,2000-05-22,1785.89,1824.74,1783.30,1830.93,1465531100.0,15620500000.0,0.026386099908315197
sh000001,2000-05-19,1761.79,1777.83,1754.88,1777.98,955398800.0,10386751300.0,0.01096932682793672
sh000001,2000-05-18,1725.60,1758.54,1719.84,1758.54,835414200.0,8149676899.999999,0.019207140373246778
sh000001,2000-05-17,1727.43,1725.4,1722.71,1736.27,525767900.0,5511975600.000001,0.0004986837069596017
sh000001,2000-05-16,1706.73,1724.54,1706.73,1725.90,533545300.0,5462313100.000001,0.011703694143459842
sh000001,2000-05-15,1722.64,1704.59,1695.53,1726.72,709465400.0,6869030600.000001,-0.009310651455007202
sh000001,2000-05-12,1725.87,1720.61,1715.06,1740.95,740417900.0,7345571899.999999,-0.001995301760389867
sh000001,2000-05-11,1750.86,1724.05,1718.89,1762.13,843717000.0,8387408800.0,-0.016340596454592737
sh000001,2000-05-10,1801.43,1752.69,1750.01,1801.64,943105900.0,8811663100.0,-0.02986206438471417
sh000001,2000-05-09,1839.00,1806.64,1799.82,1839.29,911762100.0,9697479400.0,-0.016334175450823274
sh000001,2000-05-08,1848.17,1836.64,1828.10,1852.90,895863100.0,9643899400.0,0.00017426156661159986
sh000001,2000-04-28,1805.50,1836.32,1797.71,1836.33,1097131300.0,11703455000.0,0.016321402677617725
sh000001,2000-04-27,1835.60,1806.83,1803.58,1840.57,1233293400.0,12600127500.0,-0.01415881884350556
sh000001,2000-04-26,1835.67,1832.78,1826.39,1842.89,1016383800.0,10827206299.999998,-0.0003763355822565817
sh000001,2000-04-25,1838.05,1833.47,1815.63,1841.86,1077140500.0,11333897500.0,-0.0021388919124850636
sh000001,2000-04-24,1844.69,1837.4,1827.17,1848.97,1642779100.0,16139935000.0,-0.001987985182449137
sh000001,2000-04-21,1851.31,1841.06,1834.85,1858.27,1624463000.0,17533900000.0,-0.003232216044135705
sh000001,2000-04-20,1831.66,1847.03,1831.49,1847.51,1653310800.0,17018731299.999998,0.010017990824132905
sh000001,2000-04-19,1819.08,1828.71,1817.21,1831.57,1276616100.0,13630410000.0,0.00838709677419347
sh000001,2000-04-18,1794.34,1813.5,1779.29,1813.57,1320473500.0,12987600000.0,0.010272637126335749
sh000001,2000-04-17,1829.62,1795.06,1778.88,1829.93,1982174000.0,18754088800.0,-0.02105613332824341
sh000001,2000-04-14,1835.86,1833.67,1820.67,1840.19,1790547400.0,17220578800.0,0.001157489558024638
sh000001,2000-04-13,1807.84,1831.55,1807.71,1832.08,1654905900.0,15357807500.0,0.013400983771641117
sh000001,2000-04-12,1822.40,1807.33,1785.33,1823.83,1364303400.0,13172513799.999998,-0.007599510204978177
sh000001,2000-04-11,1826.40,1821.17,1812.01,1828.06,1424547700.0,14739642500.0,-0.002677896673712765
sh000001,2000-04-10,1826.61,1826.06,1815.99,1831.85,1680915400.0,16612291299.999998,0.003384801362712242
sh000001,2000-04-07,1816.79,1819.9,1807.54,1822.62,1608126300.0,16103048799.999998,0.005947577301922413
sh000001,2000-04-06,1775.78,1809.14,1775.68,1809.17,1500703400.0,14992096299.999998,0.021420505871725393
sh000001,2000-04-05,1756.30,1771.2,1746.30,1776.72,1360324000.0,12816257500.0,0.0059692506914903465
sh000001,2000-04-04,1795.16,1760.69,1755.98,1795.16,1712827200.0,15716263799.999998,-0.022382009994447505
sh000001,2000-04-03,1799.58,1801.0,1798.25,1816.86,1886111400.0,18757948800.0,0.0004277231242675317
sh000001,2000-03-31,1810.55,1800.23,1780.41,1810.90,2334036400.0,19751003800.0,-0.005936012545693536
sh000001,2000-03-30,1793.68,1810.98,1790.85,1811.06,2930543200.0,20108008800.0,0.012393714256964117
sh000001,2000-03-29,1797.88,1788.81,1763.62,1803.83,2302668200.0,20256068800.0,-0.0014680927075425565
sh000001,2000-03-28,1788.83,1791.44,1774.48,1799.95,2448436800.0,23132820000.0,0.008744812518652445
sh000001,2000-03-27,1736.70,1775.91,1736.70,1776.02,1992731200.0,20743190000.0,0.02624097081768273
sh000001,2000-03-24,1761.44,1730.5,1729.48,1770.26,2203672000.0,23298670000.0,-0.009580824614821126
sh000001,2000-03-23,1724.19,1747.24,1711.41,1747.28,1674314100.0,17916818800.0,0.015571507454445133
sh000001,2000-03-22,1713.24,1720.45,1711.16,1726.59,1465842200.0,17276591300.0,0.0059228682351841755
sh000001,2000-03-21,1704.09,1710.32,1692.68,1713.21,1635110300.0,17994161300.0,0.006514638811240259
sh000001,2000-03-20,1646.31,1699.25,1641.77,1699.28,1817380000.0,17930965000.0,0.024508621729169233
sh000001,2000-03-17,1602.36,1658.6,1602.34,1661.98,1533672400.0,14612991299.999998,0.031769236032920034
sh000001,2000-03-16,1671.10,1607.53,1596.07,1671.18,1979159000.0,14847116299.999998,-0.0439734280123939
sh000001,2000-03-15,1680.30,1681.47,1676.54,1695.16,1678216400.0,16438418799.999998,-0.0023021924229388313
sh000001,2000-03-14,1690.65,1685.35,1636.89,1700.37,2287044400.0,19944427500.0,-0.02517815001619561
sh000001,2000-03-13,1706.77,1728.88,1706.35,1729.01,1982662600.0,14365002500.0,0.01397612973226603
sh000001,2000-03-10,1731.94,1705.05,1701.79,1743.14,1587236500.0,17001648799.999998,-0.01575894016797985
sh000001,2000-03-09,1734.77,1732.35,1714.92,1741.22,1787738200.0,19294057500.0,0.0036615817801544104
sh000001,2000-03-08,1699.46,1726.03,1690.12,1726.04,1974594400.0,18284421300.0,0.01842695303280628
sh000001,2000-03-07,1661.95,1694.8,1654.44,1694.89,1768501800.0,17261327500.0,0.008155422969621018
sh000001,2000-03-06,1756.31,1681.09,1678.74,1762.83,2650471000.0,27772900000.0,-0.032755664491778025
sh000001,2000-03-03,1728.36,1738.02,1721.71,1750.65,2481549800.0,26829592500.0,0.014600031523458679
sh000001,2000-03-02,1697.56,1713.01,1682.54,1721.60,1959349600.0,21288410000.0,0.008994310082816037
sh000001,2000-03-01,1720.60,1697.74,1692.51,1721.14,2248767400.0,24727392500.0,-0.009821647283882906
sh000001,2000-02-29,1728.14,1714.58,1678.35,1733.14,2867874800.0,33285875000.0,0.005701347911265531
sh000001,2000-02-28,1639.80,1704.86,1639.70,1704.88,2612794600.0,25836020000.0,0.04491351941063271
sh000001,2000-02-25,1639.92,1631.58,1618.18,1650.37,1705805400.0,19152678800.0,-0.0016704297226352027
sh000001,2000-02-24,1593.95,1634.31,1593.93,1634.32,1393287600.0,15272157500.0,0.02469073877850425
sh000001,2000-02-23,1618.01,1594.93,1586.63,1630.55,1918573000.0,19418631300.0,-0.02288808973895562
sh000001,2000-02-22,1681.30,1632.29,1627.47,1687.51,2425177600.0,27083577500.0,-0.026741953563805154
sh000001,2000-02-21,1681.36,1677.14,1652.48,1697.01,3101120600.0,33845250000.0,0.005425366736806936
sh000001,2000-02-18,1623.96,1668.09,1583.58,1668.16,2678535400.0,26991470000.0,0.016725078474994604
sh000001,2000-02-17,1734.27,1640.65,1615.63,1770.88,5143906800.0,49913115000.0,-0.03098440148602266
sh000001,2000-02-16,1674.94,1693.11,1649.70,1695.88,3743554800.0,36009220000.0,0.013431736967803198
sh000001,2000-02-15,1709.22,1670.67,1663.01,1746.44,5254342800.0,38931622500.0,-0.0019534750349474717
sh000001,2000-02-14,1591.44,1673.94,1587.82,1674.13,4356913200.0,26578355000.0,0.0905146579804561
sh000001,2000-01-28,1514.56,1535.0,1510.75,1536.35,2938816200.0,22547307500.0,0.01873544071092481
sh000001,2000-01-27,1490.45,1506.77,1485.23,1506.92,1897997400.0,16943315000.0,0.01731797558604309
sh000001,2000-01-26,1477.30,1481.12,1469.98,1482.46,1038443800.0,9989914400.0,0.003122227414646739
sh000001,2000-01-25,1483.03,1476.51,1467.44,1490.46,1363598300.0,13492316299.999998,-0.0005618205694016831
sh000001,2000-01-24,1465.86,1477.34,1449.47,1477.41,1624150800.0,15353916299.999998,0.008361261082936888
sh000001,2000-01-21,1471.91,1465.09,1458.93,1476.46,1505077200.0,14361620000.0,-0.0012066591222066325
sh000001,2000-01-20,1443.09,1466.86,1443.09,1466.90,1007080300.0,9274223100.0,0.01814370592481529
sh000001,2000-01-19,1425.87,1440.72,1425.14,1443.67,800479300.0,6845387500.0,0.009883500862177819
sh000001,2000-01-18,1436.89,1426.62,1421.64,1443.59,776713100.0,7318323100.000001,-0.004681406235828467
sh000001,2000-01-17,1408.99,1433.33,1402.66,1433.38,764797700.0,6608525600.000001,0.01737587393973805
sh000001,2000-01-14,1426.22,1408.85,1401.71,1433.47,744701300.0,6558865000.0,-0.010944651933391447
sh000001,2000-01-13,1437.45,1424.44,1418.81,1444.07,861194300.0,7797346899.999999,-0.009443540423638042
sh000001,2000-01-12,1473.76,1438.02,1435.00,1489.28,1522193400.0,13359888799.999998,-0.028220411142196755
sh000001,2000-01-11,1547.68,1479.78,1468.76,1547.71,2192456800.0,17011217500.0,-0.042281779290794796
sh000001,2000-01-10,1531.71,1545.11,1506.40,1546.72,3125304600.0,20928767500.0,0.018798628511143445
sh000001,2000-01-07,1477.15,1516.6,1477.15,1522.83,3486939600.0,22073510000.0,0.035971419593699094
sh000001,2000-01-06,1406.04,1463.94,1400.25,1463.96,1348051700.0,10238071300.0,0.038491005050791616
sh000001,2000-01-05,1407.83,1409.68,1398.32,1433.78,1057939200.0,8652695600.0,0.002353576939212454
sh000001,2000-01-04,1368.69,1406.37,1361.21,1407.52,903282400.0,5801141899.999999,0.029116480557303648
sh000001,1999-12-30,1357.81,1366.58,1357.81,1366.68,401396700.0,2591440800.0,0.007111641720648709
sh000001,1999-12-29,1350.27,1356.93,1341.93,1358.14,505356700.0,3514495900.0000005,0.00601266292018221
sh000001,1999-12-28,1346.45,1348.82,1342.94,1368.25,489571400.0,3241320900.0000005,0.0025792544690972363
sh000001,1999-12-27,1353.53,1345.35,1341.05,1359.08,512089100.0,3515956900.0,-0.0073928152460214225
sh000001,1999-12-24,1367.69,1355.37,1352.10,1375.92,429204900.0,3020423800.0,-0.01028872694346683
sh000001,1999-12-23,1386.79,1369.46,1364.92,1387.19,511264400.0,3585627800.0000005,-0.013008915251061182
sh000001,1999-12-22,1393.83,1387.51,1383.56,1397.17,493602600.0,3674483800.0,-0.005725546399140136
sh000001,1999-12-21,1416.50,1395.5,1388.06,1416.50,566058300.0,3512110000.0,-0.016941988658377594
sh000001,1999-12-17,1434.63,1419.55,1416.74,1438.23,512298200.0,4062414099.9999995,-0.010676925435753715
sh000001,1999-12-16,1451.73,1434.87,1432.83,1451.94,606244800.0,4518402800.0,-0.011157360825879037
sh000001,1999-12-15,1423.76,1451.06,1423.74,1461.90,1092271700.0,7497986899.999999,0.02024946212366241
sh000001,1999-12-14,1415.71,1422.26,1411.07,1422.36,455119800.0,3354740000.0,0.0036341568403299718
sh000001,1999-12-13,1429.19,1417.11,1415.29,1430.41,504221900.0,4033531900.0,-0.00827886405307443
sh000001,1999-12-10,1416.37,1428.94,1413.45,1429.01,478345100.0,3769849099.9999995,0.008618438234526016
sh000001,1999-12-09,1424.91,1416.73,1413.63,1424.91,459200200.0,3166670900.0000005,-0.005698845492507876
sh000001,1999-12-08,1428.77,1424.85,1422.05,1430.98,469682100.0,3527056900.0,-0.0023875204794645555
sh000001,1999-12-07,1426.69,1428.26,1424.76,1438.04,466238100.0,3240297800.0000005,0.0008829712683953161
sh000001,1999-12-06,1436.80,1427.0,1422.73,1437.18,510372600.0,3474914099.9999995,-0.007117858658669762
sh000001,1999-12-03,1436.02,1437.23,1430.66,1440.54,454714000.0,3351249699.9999995,0.0009680744372633221
sh000001,1999-12-02,1446.69,1435.84,1433.54,1447.81,533560400.0,3668370900.0000005,-0.007794792415280027
sh000001,1999-12-01,1434.98,1447.12,1432.95,1447.68,497497000.0,3281840900.0000005,0.008467075966744897
sh000001,1999-11-30,1433.90,1434.97,1429.55,1439.61,490813400.0,2933553800.0,-0.000348317972510781
sh000001,1999-11-29,1444.01,1435.47,1432.96,1444.59,524622100.0,3210609699.9999995,-0.006258177513482011
sh000001,1999-11-26,1443.44,1444.51,1441.52,1449.03,710049800.0,3370556900.0,0.00018694953747289134
sh000001,1999-11-25,1451.88,1444.24,1439.94,1451.89,412201000.0,2812109099.9999995,-0.00710858117119717
sh000001,1999-11-24,1466.09,1454.58,1451.03,1467.84,420711100.0,2787514699.9999995,-0.008080849409791258
sh000001,1999-11-23,1464.93,1466.43,1461.38,1471.91,418541400.0,3094351900.0,0.0012563242955367926
sh000001,1999-11-22,1468.22,1464.59,1457.61,1468.94,615375300.0,3927765900.0000005,-0.0026422058332823406
sh000001,1999-11-19,1485.05,1468.47,1466.35,1489.90,570549700.0,4402418100.0,-0.009430334918547056
sh000001,1999-11-18,1466.49,1482.45,1454.47,1498.08,1014759700.0,7376700600.000001,0.013440070003213123
sh000001,1999-11-17,1429.71,1462.79,1427.36,1462.85,652597300.0,4210255000.0,0.02198669759382943
sh000001,1999-11-16,1463.34,1431.32,1428.75,1469.60,831806100.0,5363911300.0,-0.013930032930542735
sh000001,1999-11-15,1451.55,1451.54,1436.68,1454.09,808911000.0,3779303800.0,0.0008342928850675335
sh000001,1999-11-12,1446.26,1450.33,1444.13,1452.93,340813900.0,2791027800.0000005,0.004446260501000721
sh000001,1999-11-11,1449.62,1443.91,1440.98,1459.45,467745200.0,3636440000.0,-0.004303003137606454
sh000001,1999-11-10,1463.69,1450.15,1436.74,1463.73,679121800.0,8193187500.0,-0.009480680040709455
sh000001,1999-11-09,1474.00,1464.03,1461.48,1479.83,440600000.0,2771865900.0000005,-0.004995310524813501
sh000001,1999-11-08,1464.49,1471.38,1458.65,1477.14,478786100.0,2846963800.0,0.004197293257713897
sh000001,1999-11-05,1464.60,1465.23,1460.68,1478.83,560002500.0,3409865000.0,0.00027306922987646587
sh000001,1999-11-04,1474.14,1464.83,1457.14,1474.14,590695500.0,3622373100.0,-0.007352542556651964
sh000001,1999-11-03,1488.37,1475.68,1472.73,1492.31,484565800.0,3254257800.0000005,-0.007926210276509749
sh000001,1999-11-02,1491.76,1487.47,1481.57,1499.87,445031300.0,3305087800.0000005,-0.0037706784542226313
sh000001,1999-11-01,1501.74,1493.1,1488.23,1506.99,619149400.0,3918723100.0,-0.0076168447918328885
sh000001,1999-10-29,1515.18,1504.56,1494.71,1520.47,850593400.0,5345115000.0,-0.006582900305705408
sh000001,1999-10-28,1541.29,1514.53,1507.79,1542.05,1328165100.0,7062157500.0,-0.014503975742116815
sh000001,1999-10-27,1509.64,1536.82,1504.99,1537.30,1614689200.0,8538650000.0,0.036521950265399505
sh000001,1999-10-26,1467.52,1482.67,1467.51,1496.45,755550600.0,4267722800.0000005,0.009807460480701913
sh000001,1999-10-25,1499.14,1468.27,1465.14,1499.39,516771900.0,3466849099.9999995,-0.01949300816048516
sh000001,1999-10-22,1457.64,1497.46,1457.50,1512.93,784354800.0,5735193100.000001,0.02669125763611313
sh000001,1999-10-21,1486.93,1458.53,1452.71,1488.01,477268700.0,3722051900.0,-0.01837356898164655
sh000001,1999-10-20,1469.28,1485.83,1463.43,1490.76,431173900.0,3140631900.0,0.010150248147392738
sh000001,1999-10-19,1493.47,1470.9,1468.10,1493.49,486165500.0,3518621900.0,-0.02049052055378342
sh000001,1999-10-18,1547.27,1501.67,1499.46,1549.37,560254200.0,4076143100.0,-0.02728980437880546
sh000001,1999-10-15,1515.91,1543.8,1515.91,1550.71,567080900.0,4547041600.0,0.023244715754309864
sh000001,1999-10-14,1504.50,1508.73,1494.94,1535.24,403342800.0,2914682199.9999995,0.0008690345092940976
sh000001,1999-10-13,1540.60,1507.42,1504.39,1544.45,362632300.0,2575441900.0,-0.019755494862790934
sh000001,1999-10-12,1526.45,1537.8,1526.45,1538.28,233847200.0,2223011100.0,0.010062529557038458
sh000001,1999-10-11,1529.22,1522.48,1516.62,1538.34,333524000.0,2795087800.0000005,-0.007846101712587594
sh000001,1999-10-08,1568.24,1534.52,1531.80,1568.38,331275500.0,2626835900.0000005,-0.023034315910103853
sh000001,1999-09-30,1588.99,1570.7,1567.72,1595.01,455507200.0,4221161900.0,-0.008990819899681424
sh000001,1999-09-29,1593.72,1584.95,1581.00,1608.60,474940500.0,3992964099.9999995,-0.00407180963033249
sh000001,1999-09-28,1602.79,1591.43,1586.55,1606.02,409781300.0,3894049099.9999995,-0.006697208768163043
sh000001,1999-09-27,1624.46,1602.16,1598.71,1629.19,409240600.0,4329041900.0,-0.01060315068577733
sh000001,1999-09-24,1609.83,1619.33,1609.83,1631.40,448213600.0,4096265900.0000005,0.009431492332626856
sh000001,1999-09-23,1618.77,1604.2,1597.12,1622.67,548542300.0,4583101900.0,-0.007952704290502433
sh000001,1999-09-22,1625.17,1617.06,1613.58,1632.41,396418600.0,3827674099.9999995,-0.005247325586402507
sh000001,1999-09-21,1630.02,1625.59,1617.81,1630.27,472031400.0,4250864699.9999995,-0.005049454046907931
sh000001,1999-09-20,1649.12,1633.84,1628.89,1651.54,531333500.0,5106391900.0,-0.008929004707138422
sh000001,1999-09-17,1644.80,1648.56,1636.48,1662.17,707628500.0,6745161300.0,0.001853528693231965
sh000001,1999-09-16,1662.46,1645.51,1643.98,1664.96,731689500.0,7564463100.000001,-0.010398123646860657
sh000001,1999-09-15,1675.19,1662.8,1657.79,1679.14,1049849200.0,9434136300.0,-0.006031478459432527
sh000001,1999-09-14,1675.71,1672.89,1668.13,1681.85,955270800.0,10367408800.0,0.0016465685511393158
sh000001,1999-09-13,1664.51,1670.14,1656.17,1671.64,1089322200.0,11276781299.999998,0.006150861783328132
sh000001,1999-09-10,1690.03,1659.93,1656.72,1695.64,1956852600.0,19363256300.0,-0.009068007068150252
sh000001,1999-09-09,1590.71,1675.12,1590.70,1675.26,1974242000.0,16094581299.999998,0.06586917790786462
sh000001,1999-09-08,1563.62,1571.6,1563.61,1581.93,417984200.0,3897982800.0000005,0.005637353707151904
sh000001,1999-09-07,1558.86,1562.79,1556.74,1574.65,467062100.0,4175724099.9999995,0.0013519747802239745
sh000001,1999-09-06,1577.51,1560.68,1556.83,1577.56,553867600.0,4294626900.0,-0.017135947704186028
sh000001,1999-09-03,1613.30,1587.89,1583.45,1614.41,685660100.0,5628186899.999999,-0.014932132310975454
sh000001,1999-09-02,1591.58,1611.96,1572.42,1614.11,813152200.0,6637024399.999999,0.007758432059016718
sh000001,1999-09-01,1627.82,1599.55,1595.96,1629.08,685913900.0,6020398100.000001,-0.016944048379959664
sh000001,1999-08-31,1622.88,1627.12,1609.80,1630.01,735498600.0,6264333800.0,0.004990611720525617
sh000001,1999-08-30,1635.55,1619.04,1614.45,1637.31,895662600.0,8035936899.999999,-0.009094803843564536
sh000001,1999-08-27,1642.06,1633.9,1627.26,1644.47,822311600.0,7643605600.000001,-0.002643096512699672
sh000001,1999-08-26,1622.17,1638.23,1615.86,1638.23,823946700.0,7414836300.0,0.007664060721996435
sh000001,1999-08-25,1649.61,1625.77,1618.54,1651.09,926788800.0,8742103800.0,-0.013770344622589414
sh000001,1999-08-24,1650.54,1648.47,1638.96,1655.14,1096098300.0,11037606299.999998,0.002109422492401203
sh000001,1999-08-23,1631.44,1645.0,1626.95,1645.00,1064361500.0,10392370000.0,0.009865371747097784
sh000001,1999-08-20,1645.54,1628.93,1627.04,1651.17,1181703900.0,11063257500.0,-0.005379364245850948
sh000001,1999-08-19,1587.90,1637.74,1587.87,1645.84,1546797100.0,13525543799.999998,0.03527968999892539
sh000001,1999-08-18,1578.26,1581.93,1555.98,1582.02,682045000.0,5822306899.999999,0.00350162711477342
sh000001,1999-08-17,1562.56,1576.41,1562.56,1596.15,898064300.0,7506568800.0,0.01047388899216073
sh000001,1999-08-16,1568.90,1560.07,1546.84,1570.21,726984700.0,5594671300.0,-0.007525924040969634
sh000001,1999-08-13,1581.23,1571.9,1569.30,1591.49,667683400.0,5303876300.0,-0.002373638648422216
sh000001,1999-08-12,1583.51,1575.64,1566.71,1594.89,743342200.0,6072413800.0,-0.004900846280156634
sh000001,1999-08-11,1598.02,1583.4,1574.71,1607.68,945011500.0,7628823100.000001,-0.011703024061417433
sh000001,1999-08-10,1622.97,1602.15,1597.22,1623.03,1243992700.0,10060612500.0,-0.016385894256034872
sh000001,1999-08-09,1650.28,1628.84,1624.72,1651.64,1347972400.0,12042475000.0,-0.010779854122762833
sh000001,1999-08-06,1655.31,1646.59,1601.84,1656.59,1933093800.0,16274371299.999998,-0.004203103644302542
sh000001,1999-08-05,1654.53,1653.54,1641.86,1658.69,1462166100.0,13429341299.999998,0.002674137272379973
sh000001,1999-08-04,1630.99,1649.13,1630.99,1649.26,1528650800.0,13107403799.999998,0.01370140886626836
sh000001,1999-08-03,1622.30,1626.84,1609.12,1626.91,1262797300.0,10706505000.0,0.006533521419555877
sh000001,1999-08-02,1607.06,1616.28,1603.37,1622.38,1165873300.0,10524707500.0,0.009254055674197348
sh000001,1999-07-30,1599.94,1601.46,1587.34,1605.27,1456165600.0,9152122500.0,0.0035090797438372956
sh000001,1999-07-29,1610.12,1595.86,1585.84,1615.75,874300800.0,8343138800.0,-0.0008389681943401506
sh000001,1999-07-28,1592.45,1597.2,1584.25,1609.79,1070056200.0,9942726300.0,0.004079939146670375
sh000001,1999-07-27,1605.37,1590.71,1580.82,1607.05,1161682700.0,10119388800.0,-0.007066034968134183
sh000001,1999-07-26,1592.41,1602.03,1587.38,1607.07,1245122900.0,10853622500.0,0.01011992585026289
sh000001,1999-07-23,1552.25,1585.98,1552.24,1597.18,1329348400.0,11728377500.0,0.02273122980789699
sh000001,1999-07-22,1606.86,1550.73,1548.50,1606.86,1782073600.0,14771060000.0,-0.0366999832278343
sh000001,1999-07-21,1586.89,1609.81,1573.70,1626.95,2792007000.0,22773887500.0,0.022361234599263424
sh000001,1999-07-20,1476.03,1574.6,1471.51,1574.75,1730846000.0,12554145000.0,0.06458068529085637
sh000001,1999-07-19,1500.45,1479.08,1473.23,1509.99,1235310800.0,9035243100.0,-0.026754576440707
sh000001,1999-07-16,1547.46,1519.74,1512.78,1547.61,1493360300.0,10007526300.0,-0.019104909187137697
sh000001,1999-07-15,1565.04,1549.34,1545.07,1567.83,1597118500.0,10341508100.0,-0.006527649533189739
sh000001,1999-07-14,1526.98,1559.52,1526.22,1559.66,1120583600.0,9938033100.0,0.02275678440733997
sh000001,1999-07-13,1547.34,1524.82,1511.43,1547.34,1240941300.0,9683652500.0,-0.02238207894956179
sh000001,1999-07-12,1588.38,1559.73,1545.56,1589.90,1408012300.0,12909198799.999998,-0.0157879791765263
sh000001,1999-07-09,1577.79,1584.75,1563.16,1594.58,1342293500.0,12905582500.0,0.0042839308233892925
sh000001,1999-07-08,1579.14,1577.99,1560.43,1591.13,1439774800.0,13534553799.999998,0.00595416440888652
sh000001,1999-07-07,1515.16,1568.65,1507.55,1568.67,1571058300.0,13038783799.999998,0.03387708024386238
sh000001,1999-07-06,1568.83,1517.25,1504.37,1580.23,1796701800.0,13529407500.0,-0.04082006802291027
sh000001,1999-07-05,1627.25,1581.82,1573.73,1630.38,2420616200.0,19177637500.0,-0.019652563014012747
sh000001,1999-07-02,1570.56,1613.53,1532.44,1620.54,3438446000.0,25196810000.0,0.033790580411201976
sh000001,1999-07-01,1678.84,1560.79,1540.03,1678.84,3125692400.0,26844102500.0,-0.07614402490780925
sh000001,1999-06-30,1755.56,1689.43,1666.01,1756.18,4885793200.0,38079942500.0,-0.028622190534782987
sh000001,1999-06-29,1722.74,1739.21,1691.34,1742.15,4010595600.0,34287092500.0,0.027197665902809032
sh000001,1999-06-28,1606.28,1693.16,1606.28,1693.16,4138804400.0,31964195000.0,0.06230158232216132
sh000001,1999-06-25,1665.99,1593.86,1591.08,1705.21,5781329600.0,44490205000.0,-0.03642442159227621
sh000001,1999-06-24,1615.63,1654.11,1611.99,1654.55,3762046800.0,33116402500.0,0.029635854341736545
sh000001,1999-06-23,1571.27,1606.5,1566.63,1606.50,3026881800.0,27056020000.0,0.026885019559714562
sh000001,1999-06-22,1551.88,1564.44,1524.50,1564.45,3170866000.0,23866725000.0,0.011659262420703476
sh000001,1999-06-21,1506.83,1546.41,1503.40,1546.61,3069875000.0,24846377500.0,0.03168281162436948
sh000001,1999-06-18,1511.88,1498.92,1480.98,1516.13,3611750400.0,28219380000.0,-0.0013923957868368086
sh000001,1999-06-17,1483.06,1501.01,1450.20,1501.02,3648614000.0,29425500000.0,0.027969346035050746
sh000001,1999-06-16,1402.35,1460.17,1402.30,1460.17,2520722400.0,21029757500.0,0.052306517054749646
sh000001,1999-06-15,1453.33,1387.59,1366.65,1477.14,3748468000.0,28324205000.0,-0.02810094486975656
sh000001,1999-06-14,1382.53,1427.71,1382.53,1427.77,2526166200.0,18449135000.0,0.04182750895730414
sh000001,1999-06-11,1364.28,1370.39,1359.28,1376.78,1884119000.0,14583482500.0,0.004427016528017136
sh000001,1999-06-10,1371.00,1364.35,1353.56,1382.07,2487743000.0,19029715000.0,0.011671276351206128
sh000001,1999-06-09,1334.85,1348.61,1323.99,1350.14,1563229200.0,13237376299.999998,0.011224918268798012
sh000001,1999-06-08,1336.03,1333.64,1319.50,1341.64,1619835000.0,14102948799.999998,0.0053674275548052375
sh000001,1999-06-07,1287.46,1326.52,1285.15,1326.61,1566229000.0,13517648799.999998,0.031845548312823935
sh000001,1999-06-04,1271.17,1285.58,1271.16,1288.00,1368480400.0,11814796299.999998,0.013608553046549732
sh000001,1999-06-03,1280.48,1268.32,1259.01,1286.91,1666148000.0,13155302500.0,-0.015225982778567237
sh000001,1999-06-02,1319.83,1287.93,1287.01,1330.28,2223250200.0,18083352500.0,-0.018039173827186783
sh000001,1999-06-01,1283.30,1311.59,1276.12,1311.60,1722944800.0,14133227500.0,0.025216324169682558
sh000001,1999-05-31,1287.08,1279.33,1253.25,1303.48,2347326200.0,17658873800.0,0.0017069255764787794
sh000001,1999-05-28,1291.96,1277.15,1260.71,1294.64,3196835800.0,17795401300.0,-0.004575143021932515
sh000001,1999-05-27,1247.32,1283.02,1247.32,1283.03,2257634800.0,18455033800.0,0.03800008090287621
sh000001,1999-05-26,1199.23,1236.05,1195.84,1236.14,1620577800.0,12466585000.0,0.027566942945738804
sh000001,1999-05-25,1223.13,1202.89,1198.07,1244.84,2873759400.0,17284036300.0,-0.008865817987063762
sh000001,1999-05-24,1173.13,1213.65,1164.90,1215.22,2074116000.0,14517197500.0,0.03844376754055734
sh000001,1999-05-21,1154.81,1168.72,1152.26,1170.14,1570595700.0,10249415600.0,0.01830601807076704
sh000001,1999-05-20,1114.66,1147.71,1113.32,1147.73,1067059200.0,7457758100.000001,0.03482134001749193
sh000001,1999-05-19,1058.70,1109.09,1057.72,1109.12,598795200.0,4244805000.0,0.04643965769386815
sh000001,1999-05-18,1066.52,1059.87,1058.39,1075.65,400459200.0,2162828000.0,-0.005339915161980624
sh000001,1999-05-17,1057.49,1065.56,1047.83,1072.17,375362500.0,2277463000.0,0.0021443081784666695
sh000001,1999-05-14,1087.94,1063.28,1060.50,1088.00,485905600.0,2889335000.0,-0.023492460004040816
sh000001,1999-05-13,1100.86,1088.86,1086.46,1101.36,366073200.0,2194824800.0,-0.010127272727272874
sh000001,1999-05-12,1096.74,1100.0,1092.79,1104.81,396164700.0,2500366100.0,0.004199379222201927
sh000001,1999-05-11,1072.04,1095.4,1072.04,1095.41,434819100.0,2514959800.0,0.02189508643288285
sh000001,1999-05-10,1107.37,1071.93,1065.18,1107.37,688193300.0,3868261900.0,-0.04355158199047049
sh000001,1999-05-07,1129.53,1120.74,1117.94,1131.49,583332700.0,3128228100.0,-0.006629912605697452
sh000001,1999-05-06,1116.86,1128.22,1116.64,1128.90,639098200.0,3149580900.0000005,0.010108064068473421
sh000001,1999-05-05,1110.94,1116.93,1105.35,1116.96,437463300.0,2428438000.0,0.004650284234007485
sh000001,1999-05-04,1120.91,1111.76,1108.89,1121.91,408896600.0,2561051900.0,-0.008180707091433037
sh000001,1999-04-30,1116.11,1120.93,1114.18,1122.22,419609700.0,2783926900.0,0.004048691788858916
sh000001,1999-04-29,1091.06,1116.41,1090.56,1116.42,504636200.0,3393557800.0000005,0.023206151646518736
sh000001,1999-04-28,1090.87,1091.09,1087.79,1112.29,473206600.0,3309515000.0,-0.0005496065732947253
sh000001,1999-04-27,1108.91,1091.69,1089.76,1108.91,562483500.0,3268931900.0,-0.018961349401054872
sh000001,1999-04-26,1139.65,1112.79,1112.00,1140.17,604176300.0,3547540000.0,-0.02386842105263165
sh000001,1999-04-23,1137.61,1140.0,1135.61,1144.78,675682200.0,4005901900.0,0.002497449787189021
sh000001,1999-04-22,1137.91,1137.16,1110.65,1140.90,908942800.0,5277568800.0,-0.006031152212296442
sh000001,1999-04-21,1171.95,1144.06,1143.05,1173.53,952069000.0,5125140900.0,-0.023506316148856232
sh000001,1999-04-20,1160.05,1171.6,1159.56,1171.60,1069139900.0,5005662200.0,0.010461676455621793
sh000001,1999-04-19,1164.62,1159.47,1156.61,1166.04,767199000.0,4876180000.0,-0.005804980107010582
sh000001,1999-04-16,1168.91,1166.24,1162.31,1175.03,724113800.0,5027276600.0,-0.0037416070116689237
sh000001,1999-04-15,1182.20,1170.62,1168.59,1185.59,737037000.0,5020233100.0,-0.009225404563613093
sh000001,1999-04-14,1176.77,1181.52,1174.27,1184.18,532570400.0,4043942800.0000005,0.002826369261324402
sh000001,1999-04-13,1192.15,1178.19,1174.14,1193.33,734821400.0,5286490000.0,-0.014347382334733094
sh000001,1999-04-12,1205.32,1195.34,1193.66,1205.68,1020296100.0,7412248800.0,-0.008131835305441815
sh000001,1999-04-09,1203.44,1205.14,1196.74,1210.10,980901100.0,7360292500.0,0.0022204296157077863
sh000001,1999-04-08,1203.02,1202.47,1192.46,1205.41,817610600.0,5904938800.0,0.0006990504564632349
sh000001,1999-04-07,1200.22,1201.63,1193.73,1202.32,814167500.0,6089572500.0,0.00169223074358138
sh000001,1999-04-06,1195.95,1199.6,1191.58,1199.84,670936200.0,5269836899.999999,0.004294791832360589
sh000001,1999-04-05,1188.93,1194.47,1187.06,1194.51,807176900.0,6521484399.999999,0.008502195204322716
sh000001,1999-04-02,1170.76,1184.4,1170.31,1184.43,766553200.0,6139240000.0,0.013607188703466111
sh000001,1999-04-01,1158.68,1168.5,1158.44,1168.53,620212400.0,5197968800.0,0.009023789991796649
sh000001,1999-03-31,1156.37,1158.05,1150.82,1159.53,484239000.0,3735395000.0,0.00046651864778701757
sh000001,1999-03-30,1171.13,1157.51,1156.05,1173.66,514719200.0,3724912800.0000005,-0.01024378147739613
sh000001,1999-03-29,1160.58,1169.49,1158.09,1169.50,551824200.0,4221751900.0,0.007208557255064196
sh000001,1999-03-26,1155.35,1161.12,1154.94,1162.42,515196400.0,3805038100.0,0.003691057613346649
sh000001,1999-03-25,1167.86,1156.85,1155.01,1167.88,513376200.0,3975601900.0,-0.010418894296981285
sh000001,1999-03-24,1171.30,1169.03,1167.10,1177.34,613294700.0,4169523800.0,-0.0016396942653401636
sh000001,1999-03-23,1172.98,1170.95,1163.28,1174.48,878444000.0,4437567800.0,-0.0015263400242168101
sh000001,1999-03-22,1175.68,1172.74,1168.34,1179.65,769528500.0,5915768800.0,-0.00015346315179221026
sh000001,1999-03-19,1150.61,1172.92,1150.34,1172.92,716593100.0,6010590000.0,0.018168560490976482
sh000001,1999-03-18,1155.27,1151.99,1147.57,1160.68,592744900.0,4137865000.0,-0.006134069536709474
sh000001,1999-03-17,1167.72,1159.1,1158.59,1173.04,754877500.0,5443103800.0,-0.006709914047972165
sh000001,1999-03-16,1164.79,1166.93,1155.94,1166.97,659863700.0,4577750000.0,0.0019662728396756535
sh000001,1999-03-15,1161.49,1164.64,1159.15,1169.70,729591100.0,5396706899.999999,0.005126434797618096
sh000001,1999-03-12,1151.99,1158.7,1148.67,1158.71,706443700.0,4893236300.0,0.007626551181376229
sh000001,1999-03-11,1133.29,1149.93,1133.15,1153.84,694161000.0,4550274100.0,0.015175591927538479
sh000001,1999-03-10,1136.02,1132.74,1127.17,1136.08,532639000.0,3495426900.0,-0.003694126339120807
sh000001,1999-03-09,1143.10,1136.94,1135.37,1145.71,590019900.0,4419901900.0,-0.004526709336228452
sh000001,1999-03-08,1133.51,1142.11,1128.39,1142.15,563170200.0,3636287800.0000005,0.008610335935568258
sh000001,1999-03-05,1128.62,1132.36,1124.09,1137.96,520194300.0,3442091900.0,0.0030205057797065837
sh000001,1999-03-04,1130.34,1128.95,1120.71,1133.73,495140000.0,3410395900.0000005,0.0001860481598952024
sh000001,1999-03-03,1101.13,1128.74,1101.07,1128.78,559034400.0,3538944099.9999995,0.025269774370526354
sh000001,1999-03-02,1098.29,1100.92,1090.04,1103.25,404006400.0,2444995000.0,0.0026776444015375045
sh000001,1999-03-01,1092.15,1097.98,1084.16,1098.36,288540700.0,1796582000.0,0.007237934482474007
sh000001,1999-02-09,1065.91,1090.09,1065.91,1090.17,327566200.0,2031401900.0,0.022771199639713968
sh000001,1999-02-08,1076.82,1065.82,1064.17,1082.46,352380800.0,2185594100.0,-0.014443704690042969
sh000001,1999-02-05,1101.48,1081.44,1079.22,1101.48,408518000.0,2555823000.0,-0.01999093792478468
sh000001,1999-02-04,1114.65,1103.5,1102.49,1114.69,389106200.0,2453829800.0,-0.01197095454260555
sh000001,1999-02-03,1126.84,1116.87,1115.13,1127.27,371484100.0,2575631900.0,-0.008460582386363824
sh000001,1999-02-02,1119.78,1126.4,1114.79,1126.41,398997300.0,2610269800.0,0.0052385924517863725
sh000001,1999-02-01,1131.65,1120.53,1118.55,1131.66,508415200.0,3096065900.0000005,-0.012461773026518852
sh000001,1999-01-29,1139.84,1134.67,1130.33,1140.13,515158500.0,3321840900.0000005,-0.005530333572893453
sh000001,1999-01-28,1147.87,1140.98,1137.12,1150.58,625434500.0,3988271900.0,-0.004805973013284004
sh000001,1999-01-27,1137.69,1146.49,1134.13,1146.50,757097900.0,3581462800.0000005,0.007274580261990238
sh000001,1999-01-26,1145.07,1138.21,1132.96,1146.12,620329300.0,3321436900.0,-0.008631501933595631
sh000001,1999-01-25,1161.98,1148.12,1146.97,1162.44,791312700.0,3792045000.0,-0.012242439884716294
sh000001,1999-01-22,1159.92,1162.35,1157.15,1168.18,553657600.0,4004992800.0000005,0.0033232628398791597
sh000001,1999-01-21,1150.30,1158.5,1145.30,1158.51,447494500.0,3026896900.0,0.006192622701651107
sh000001,1999-01-20,1159.03,1151.37,1148.81,1162.98,406370500.0,2785766900.0,-0.006197401924819879
sh000001,1999-01-19,1154.16,1158.55,1149.37,1160.26,444296600.0,3657150900.0000005,0.004708963507700892
sh000001,1999-01-18,1135.09,1153.12,1126.71,1153.42,447709700.0,3582330000.0,0.013901223061434376
sh000001,1999-01-15,1149.78,1137.31,1136.30,1150.68,385468200.0,3304456900.0,-0.009881078822279954
sh000001,1999-01-14,1145.90,1148.66,1142.35,1153.10,323041200.0,2565965900.0,0.0004441928319469657
sh000001,1999-01-13,1153.29,1148.15,1144.45,1159.94,446164100.0,3320534099.9999995,-0.009250390466575054
sh000001,1999-01-12,1171.74,1158.87,1158.30,1171.87,462492100.0,3649747800.0000005,-0.011885983236841424
sh000001,1999-01-11,1169.91,1172.81,1158.54,1174.43,396265800.0,3196848100.0,0.0034222842035915857
sh000001,1999-01-08,1138.77,1168.81,1138.77,1168.84,443624000.0,3510734099.9999995,0.027317553373823245
sh000001,1999-01-07,1133.17,1137.73,1125.67,1140.48,371507500.0,2561553900.0,0.004538270689305124
sh000001,1999-01-06,1120.67,1132.59,1120.40,1137.21,325549100.0,2232824100.0,0.011268158968543718
sh000001,1999-01-05,1123.70,1119.97,1104.50,1123.70,289192000.0,1773784100.0,-0.0051962125384164
sh000001,1999-01-04,1144.89,1125.82,1124.21,1144.89,233951700.0,1384240900.0,-0.01820877300078494
sh000001,1998-12-31,1149.83,1146.7,1140.36,1153.15,231784300.0,1820285900.0,-0.001358577325692778
sh000001,1998-12-30,1141.89,1148.26,1125.56,1151.72,371030100.0,2546218000.0,0.004839288370831252
sh000001,1998-12-29,1157.48,1142.73,1139.99,1157.57,316623600.0,2253290900.0,-0.014836974326258301
sh000001,1998-12-28,1175.63,1159.94,1157.70,1179.00,336609600.0,2208519800.0,-0.011900401223262413
sh000001,1998-12-25,1169.60,1173.91,1169.54,1178.92,297707400.0,2083702000.0,0.004217351879416187
sh000001,1998-12-24,1171.71,1168.98,1161.85,1171.71,265489600.0,2186767800.0,-0.003010635303750009
sh000001,1998-12-23,1186.98,1172.51,1170.16,1187.91,291759100.0,2293803000.0,-0.011349359595942632
sh000001,1998-12-22,1155.63,1185.97,1155.62,1185.98,352038800.0,2688590900.0000005,0.02732084232045251
sh000001,1998-12-21,1153.66,1154.43,1150.39,1163.24,233872600.0,1722868000.0,-0.001289016540937049
sh000001,1998-12-18,1155.75,1155.92,1150.72,1167.64,285990900.0,2079716900.0,-0.003594548698807709
sh000001,1998-12-17,1180.17,1160.09,1158.51,1180.17,344884400.0,2568770000.0,-0.019415752370970263
sh000001,1998-12-16,1194.94,1183.06,1180.86,1195.55,239998400.0,1898360900.0,-0.009859060627364302
sh000001,1998-12-15,1193.64,1194.84,1173.92,1194.89,330883800.0,2508155800.0,-0.0012204296581125318
sh000001,1998-12-14,1214.60,1196.3,1194.66,1214.67,282568800.0,2159959100.0,-0.014750331491257707
sh000001,1998-12-11,1201.85,1214.21,1194.07,1214.24,318344300.0,2333088900.0,0.007944282109177747
sh000001,1998-12-10,1224.15,1204.64,1203.07,1224.93,351307700.0,2691835900.0000005,-0.015889354540924105
sh000001,1998-12-09,1224.36,1224.09,1219.01,1225.99,256750300.0,2038088900.0000002,0.0006785147883523468
sh000001,1998-12-08,1209.84,1223.26,1209.81,1223.34,297779700.0,2288841900.0,0.01134315524910301
sh000001,1998-12-07,1234.76,1209.54,1207.76,1237.69,334439200.0,2769480000.0,-0.007923228346456757
sh000001,1998-12-04,1232.43,1219.2,1213.56,1234.63,370042000.0,3266786900.0,-0.01079910102149273
sh000001,1998-12-03,1238.29,1232.51,1229.85,1239.26,376711600.0,3423299099.9999995,-0.0036055846140164993
sh000001,1998-12-02,1233.16,1236.97,1222.65,1236.97,342389000.0,3123585900.0000005,0.0021144560744030816
sh000001,1998-12-01,1249.01,1234.36,1232.00,1251.87,387952700.0,3340851900.0,-0.010469609273540681
sh000001,1998-11-30,1244.92,1247.42,1238.14,1247.42,404677800.0,3468417800.0000005,0.0018793973078037318
sh000001,1998-11-27,1252.37,1245.08,1242.57,1259.04,427589000.0,3802500000.0,-0.006178062291470443
sh000001,1998-11-26,1260.08,1252.82,1247.84,1262.78,435132600.0,4051983100.0,-0.00872730149938672
sh000001,1998-11-25,1280.27,1263.85,1262.23,1283.96,496680200.0,4069989099.9999995,-0.01178337972664445
sh000001,1998-11-24,1274.45,1278.92,1274.41,1282.93,671864200.0,4513526600.0,0.004027351447255967
sh000001,1998-11-23,1275.90,1273.79,1269.10,1278.09,456403800.0,4378952200.0,-0.0012388561750706906
sh000001,1998-11-20,1272.66,1275.37,1271.66,1279.38,450467300.0,4668419100.0,-0.00018814527951338533
sh000001,1998-11-19,1283.96,1275.61,1274.09,1284.14,487167400.0,5360281300.0,-0.007693504472967794
sh000001,1998-11-18,1291.00,1285.5,1281.60,1292.93,545182200.0,5252921899.999999,-0.003951650395164985
sh000001,1998-11-17,1296.63,1290.6,1285.02,1300.15,565521600.0,5745686899.999999,-0.0024270719000727414
sh000001,1998-11-16,1284.34,1293.74,1281.60,1293.76,582564600.0,6067103800.0,0.008756267007664631
sh000001,1998-11-13,1281.99,1282.51,1271.32,1285.92,564045500.0,5679635000.0,-0.000374126064895286
sh000001,1998-11-12,1286.56,1282.99,1278.94,1295.06,674553400.0,6812318800.0,-0.00249572383766139
sh000001,1998-11-11,1287.42,1286.2,1278.47,1288.35,665749000.0,6762466899.999999,-0.00027981594329051784
sh000001,1998-11-10,1283.92,1286.56,1275.19,1288.74,789853600.0,7424701899.999999,0.002680965147453085
sh000001,1998-11-09,1263.96,1283.12,1263.96,1283.12,877811900.0,8197065000.0,0.018535129428387753
sh000001,1998-11-06,1258.70,1259.77,1257.17,1267.39,1010638200.0,9518243800.0,0.005178411847312603
sh000001,1998-11-05,1237.54,1253.28,1237.51,1253.31,691822900.0,6531883100.000001,0.014144683605761488
sh000001,1998-11-04,1239.50,1235.8,1232.78,1240.70,460459100.0,4582966600.0,-0.0008650868725087468
sh000001,1998-11-03,1225.26,1236.87,1225.22,1236.97,474201700.0,4919957800.0,0.010944191976983486
sh000001,1998-11-02,1217.34,1223.48,1210.85,1223.53,434854200.0,4338317800.0,0.0050602963887884655
sh000001,1998-10-30,1216.01,1217.32,1215.46,1225.64,469293500.0,4606960900.0,0.0004602386666228142
sh000001,1998-10-29,1226.92,1216.76,1214.92,1229.74,458066600.0,4358378800.0,-0.007480035564836562
sh000001,1998-10-28,1218.50,1225.93,1217.23,1226.11,524178200.0,5087299100.0,0.007511567320573009
sh000001,1998-10-27,1207.20,1216.79,1204.74,1218.45,510306200.0,5004120900.0,0.007051404073592726
sh000001,1998-10-26,1215.56,1208.27,1195.24,1215.56,672203400.0,6276763800.0,-0.0075240465570916015
sh000001,1998-10-23,1217.13,1217.43,1215.47,1230.83,673113400.0,6125623800.0,0.0011018921296943596
sh000001,1998-10-22,1202.21,1216.09,1191.56,1216.17,636917100.0,5615036899.999999,0.006838710745717513
sh000001,1998-10-21,1243.54,1207.83,1206.12,1243.60,746523400.0,6630018100.000001,-0.028802315764081654
sh000001,1998-10-20,1248.24,1243.65,1238.30,1251.43,545133800.0,4484151600.0,-0.0020782513801513858
sh000001,1998-10-19,1255.05,1246.24,1240.45,1256.76,571347400.0,5124076900.0,-0.004226826364529757
sh000001,1998-10-16,1259.14,1251.53,1249.93,1263.71,701348300.0,6397607500.0,-0.0026139415529043974
sh000001,1998-10-15,1243.20,1254.81,1241.26,1254.84,629901300.0,5766388100.000001,0.011454135095921414
sh000001,1998-10-14,1243.71,1240.6,1234.07,1247.66,532580600.0,4582409100.0,-0.0027892321171638645
sh000001,1998-10-13,1250.68,1244.07,1239.77,1257.35,702796800.0,6237690600.000001,-0.0024696307581286714
sh000001,1998-10-12,1239.57,1247.15,1227.86,1247.24,703982000.0,6102117500.0,0.008262391566216332
sh000001,1998-10-09,1231.94,1236.93,1229.85,1241.05,628463800.0,5317321899.999999,0.006689943111067631
sh000001,1998-10-08,1215.95,1228.71,1215.87,1228.73,487315000.0,4002557800.0000005,0.012292076883151148
sh000001,1998-10-07,1214.36,1213.79,1207.93,1219.10,527452200.0,3955923800.0,-0.0030144727547517514
sh000001,1998-10-06,1234.14,1217.46,1214.83,1237.84,501290800.0,3912251900.0,-0.014026790197444017
sh000001,1998-10-05,1245.74,1234.78,1231.40,1246.60,450409500.0,3731928100.0,-0.006533108053745407
sh000001,1998-09-30,1233.59,1242.9,1233.43,1242.94,561127200.0,4251714099.9999995,0.009052161558757987
sh000001,1998-09-29,1231.90,1231.75,1226.84,1239.11,558441800.0,4395469700.0,0.001251818795165116
sh000001,1998-09-28,1224.27,1230.21,1217.65,1239.80,699681500.0,5521603800.0,0.007064621228245471
sh000001,1998-09-25,1194.31,1221.58,1192.08,1221.58,530918400.0,4343329700.0,0.01878137874668484
sh000001,1998-09-24,1231.05,1199.06,1196.92,1232.28,716607800.0,6123445000.0,-0.025043500886279713
sh000001,1998-09-23,1223.99,1229.86,1222.36,1233.79,541309100.0,4337233800.0,0.0059134815929593465
sh000001,1998-09-22,1224.40,1222.63,1214.02,1229.62,532966200.0,4495465000.0,0.00020451905299490036
sh000001,1998-09-21,1199.17,1222.38,1193.82,1222.38,604194800.0,5041961900.0,0.012742336371168284
sh000001,1998-09-18,1227.56,1207.0,1199.58,1233.40,888718200.0,7729317500.0,-0.021642214476777166
sh000001,1998-09-17,1257.38,1233.7,1226.72,1264.40,1119136600.0,10076575600.0,-0.01472678773939018
sh000001,1998-09-16,1226.90,1252.14,1225.29,1252.20,941914800.0,7493711899.999999,0.01789241787453366
sh000001,1998-09-15,1240.94,1230.13,1228.88,1245.42,1059686600.0,7669140000.0,-0.007647566573357634
sh000001,1998-09-14,1219.32,1239.61,1214.44,1239.77,1252016500.0,8364800000.0,0.01773384454971616
sh000001,1998-09-11,1214.83,1218.01,1206.61,1225.14,868787000.0,7036181899.999999,0.0035759308543508173
sh000001,1998-09-10,1194.88,1213.67,1194.12,1219.80,1019077300.0,8046005600.000001,0.019308294419995375
sh000001,1998-09-09,1165.66,1190.68,1162.47,1190.74,632013100.0,5398556899.999999,0.019767043508050808
sh000001,1998-09-08,1181.07,1167.6,1166.66,1185.10,602511800.0,3927761900.0,-0.009148152548414057
sh000001,1998-09-07,1168.37,1178.38,1163.21,1178.38,490753100.0,3492147800.0000005,0.012762885357489928
sh000001,1998-09-04,1148.95,1163.53,1148.94,1169.47,527627500.0,3530690900.0000005,0.014234658298465819
sh000001,1998-09-03,1136.44,1147.2,1136.14,1151.01,365684100.0,2568581900.0,0.00906859942474636
sh000001,1998-09-02,1137.31,1136.89,1129.81,1149.27,405782600.0,2595973800.0,-0.005458696736154289
sh000001,1998-09-01,1142.50,1143.13,1123.64,1163.17,562208900.0,3919657800.0000005,-0.006164038183999465
sh000001,1998-08-31,1117.97,1150.22,1072.42,1150.23,561265800.0,3601390000.0,0.018146089296462886
sh000001,1998-08-28,1139.82,1129.72,1125.20,1146.51,450418700.0,3079322199.9999995,-0.013534517385305866
sh000001,1998-08-27,1152.36,1145.22,1142.17,1154.69,468006300.0,3345730900.0000005,-0.012988132277275466
sh000001,1998-08-26,1174.85,1160.29,1159.52,1182.33,664454900.0,4178914099.9999995,-0.01592780750930811
sh000001,1998-08-25,1174.41,1179.07,1159.39,1179.11,636648500.0,4912782800.0,0.0004412201433965368
sh000001,1998-08-24,1178.55,1178.55,1166.14,1190.88,729280000.0,5525970600.000001,0.0007897284353186595
sh000001,1998-08-21,1149.62,1177.62,1141.51,1178.74,717002300.0,5094266900.0,0.024097538068196478
sh000001,1998-08-20,1128.75,1149.91,1113.86,1149.96,644039800.0,4419615000.0,0.02116190679170238
sh000001,1998-08-19,1072.74,1126.08,1072.72,1126.08,719998600.0,4054780900.0000005,0.05113413609633155
sh000001,1998-08-18,1054.18,1071.3,1043.02,1094.38,530912700.0,3468012800.0000005,0.000831457105221256
sh000001,1998-08-17,1152.67,1070.41,1068.66,1152.67,536182000.0,3656665900.0000005,-0.08357662046351544
sh000001,1998-08-14,1202.38,1168.03,1165.87,1202.38,468920800.0,3595469099.9999995,-0.030020428839542368
sh000001,1998-08-13,1193.37,1204.18,1185.57,1205.86,421402100.0,3510615900.0000005,0.011448490193608052
sh000001,1998-08-12,1204.36,1190.55,1158.79,1207.73,530602800.0,4065082800.0000005,-0.014176058029097494
sh000001,1998-08-11,1230.38,1207.67,1206.64,1241.78,362714000.0,2876901900.0,-0.021796886390513248
sh000001,1998-08-10,1262.01,1234.58,1227.47,1262.03,489010200.0,3576616900.0,-0.0287080963282903
sh000001,1998-08-07,1292.08,1271.07,1267.92,1292.31,567622700.0,4646692800.0,-0.017841688817456958
sh000001,1998-08-06,1310.30,1294.16,1292.39,1312.60,623644600.0,3365635900.0000005,-0.010157253870158423
sh000001,1998-08-05,1293.70,1307.44,1293.12,1307.48,568248300.0,3155035900.0000005,0.010808219813523534
sh000001,1998-08-04,1299.73,1293.46,1283.20,1299.73,415988600.0,3034693800.0,-0.00663543506643105
sh000001,1998-08-03,1315.14,1302.1,1299.93,1315.47,462257500.0,3403040000.0,-0.01125353096619397
sh000001,1998-07-31,1316.31,1316.92,1312.38,1319.36,482576000.0,3712073800.0,0.0012316581768418988
sh000001,1998-07-30,1312.86,1315.3,1309.77,1318.02,986043100.0,4188012800.0000005,0.002561092732899395
sh000001,1998-07-29,1317.93,1311.94,1308.26,1321.26,385013900.0,3272140000.0,-0.004560112295610597
sh000001,1998-07-28,1321.63,1317.95,1313.20,1324.27,340169100.0,3002115000.0,-0.002988123156063227
sh000001,1998-07-27,1328.34,1321.9,1314.73,1328.73,395497100.0,3568129099.9999995,-0.003708114137561891
sh000001,1998-07-24,1317.85,1326.82,1317.85,1330.49,410907600.0,3990302800.0000005,0.008015072895378506
sh000001,1998-07-23,1299.22,1316.27,1299.15,1316.29,410816800.0,3448570000.0,0.01317784705384284
sh000001,1998-07-22,1312.23,1299.15,1295.61,1312.37,349492400.0,3423975900.0000005,-0.010555898279525633
sh000001,1998-07-21,1285.79,1313.01,1284.80,1318.93,407716800.0,3779200000.0,0.020154303961711584
sh000001,1998-07-20,1311.06,1287.07,1278.30,1311.15,485388700.0,4318781900.0,-0.021031094073262868
sh000001,1998-07-17,1325.88,1314.72,1311.75,1330.82,512615000.0,4770228100.0,-0.008230049108725712
sh000001,1998-07-16,1335.30,1325.63,1317.89,1337.64,435545200.0,4377098100.0,-0.007368192471564283
sh000001,1998-07-15,1332.41,1335.47,1326.32,1341.64,433596500.0,4390716900.0,-0.0008155264260488737
sh000001,1998-07-14,1360.61,1336.56,1334.71,1361.19,515627500.0,5124186900.0,-0.01637462191181993
sh000001,1998-07-13,1362.69,1358.81,1352.16,1363.00,479518500.0,4563785000.0,-0.0013302759036321055
sh000001,1998-07-10,1344.75,1360.62,1344.63,1360.64,529792500.0,4361785600.0,0.012946405306611508
sh000001,1998-07-09,1341.35,1343.23,1336.66,1344.43,398818200.0,3424097800.0000005,0.0031740578649419593
sh000001,1998-07-08,1326.82,1338.98,1326.63,1339.16,345298400.0,3302612800.0000005,0.0110087586831773
sh000001,1998-07-07,1313.65,1324.4,1307.91,1324.41,351522000.0,3185701900.0,0.006933884800194745
sh000001,1998-07-06,1339.26,1315.28,1313.28,1339.68,462786300.0,4192188800.0,-0.014867466089444559
sh000001,1998-07-03,1335.84,1335.13,1327.80,1341.73,545063600.0,4891039700.0,0.002613299290354032
sh000001,1998-07-02,1314.10,1331.65,1297.00,1331.65,484588900.0,4509660000.0,0.011553887757892456
sh000001,1998-07-01,1363.27,1316.44,1315.18,1367.15,555041600.0,4941107200.0,-0.01699522102747908
sh000001,1998-06-30,1360.62,1339.2,1335.21,1363.59,381065600.0,3849890900.0000005,-0.01632841938256102
sh000001,1998-06-29,1387.02,1361.43,1356.22,1387.19,601549100.0,5222814100.0,-0.017457888887284945
sh000001,1998-06-26,1383.29,1385.62,1376.41,1388.55,1017813500.0,6306938800.0,0.0025903736505454855
sh000001,1998-06-25,1402.95,1382.04,1377.18,1404.05,506546100.0,5266793100.000001,-0.014053961504986723
sh000001,1998-06-24,1399.71,1401.74,1390.86,1402.14,631530000.0,6841793100.000001,0.0027039400268962233
sh000001,1998-06-23,1398.24,1397.96,1385.45,1398.71,639347400.0,7355278800.0,-0.0010004573519322157
sh000001,1998-06-22,1400.47,1399.36,1392.06,1401.51,643384400.0,7498143100.000001,0.0046522313479981925
sh000001,1998-06-19,1376.19,1392.88,1376.19,1392.88,535910200.0,6028945000.0,0.016188926744924226
sh000001,1998-06-18,1352.24,1370.69,1352.24,1372.12,524371700.0,4869052800.0,0.016123771257431807
sh000001,1998-06-17,1349.00,1348.94,1344.44,1356.66,513160500.0,4936785900.0,0.000259530324264734
sh000001,1998-06-16,1362.59,1348.59,1323.53,1362.59,592927500.0,5901223800.0,-0.012268006503874496
sh000001,1998-06-15,1385.33,1365.34,1359.88,1386.99,548843100.0,5922203100.000001,-0.013047658288696695
sh000001,1998-06-12,1373.11,1383.39,1365.08,1383.47,542509700.0,5455625000.0,0.02649738810400093
sh000001,1998-06-11,1367.56,1347.68,1346.07,1371.15,423951700.0,4160838800.0,-0.015069794635679257
sh000001,1998-06-10,1367.74,1368.3,1359.39,1377.83,535522100.0,5810756300.0,-0.0009856532690833975
sh000001,1998-06-09,1400.35,1369.65,1357.47,1400.35,722689800.0,7166900000.0,-0.02427817315295666
sh000001,1998-06-08,1411.96,1403.73,1401.06,1415.18,668832500.0,6990531899.999999,-0.003464408175435252
sh000001,1998-06-05,1404.08,1408.61,1390.63,1414.36,756791600.0,8034191899.999999,0.0016426082628173688
sh000001,1998-06-04,1420.99,1406.3,1402.75,1422.98,763649000.0,7393558100.000001,-0.009647887323943727
sh000001,1998-06-03,1415.02,1420.0,1413.11,1421.12,855816900.0,7467770600.000001,0.00489710419792222
sh000001,1998-06-02,1419.22,1413.08,1402.63,1419.58,795094200.0,7686928800.0,-0.0017660605546843122
sh000001,1998-06-01,1418.35,1415.58,1411.06,1420.55,983990100.0,10263945000.0,0.003096633385534231
sh000001,1998-05-29,1402.68,1411.21,1402.02,1411.35,950879600.0,9584408100.0,0.009521424994634708
sh000001,1998-05-28,1402.85,1397.9,1392.90,1405.58,830878700.0,8169260600.000001,-0.0011718135958956877
sh000001,1998-05-27,1393.74,1399.54,1390.55,1399.54,882741600.0,9091103800.0,0.0065591691719049106
sh000001,1998-05-26,1392.75,1390.42,1383.76,1394.44,875233700.0,8989087500.0,0.0007557382122833634
sh000001,1998-05-25,1380.13,1389.37,1376.20,1389.66,1070688500.0,10206010000.0,0.009848672064659558
sh000001,1998-05-22,1371.37,1375.82,1370.72,1379.89,800190200.0,8154890000.0,0.0067024717193742145
sh000001,1998-05-21,1356.96,1366.66,1350.26,1367.72,676192500.0,6228299399.999999,0.006799613976411267
sh000001,1998-05-20,1362.69,1357.43,1352.17,1365.10,672030000.0,6515475600.000001,-0.0035675223337173767
sh000001,1998-05-19,1370.68,1362.29,1355.54,1372.87,623135400.0,5475858800.0,-0.004304989109620183
sh000001,1998-05-18,1373.67,1368.18,1360.47,1376.38,826120400.0,6599408800.0,6.578514571420335e-05
sh000001,1998-05-15,1373.43,1368.09,1361.84,1379.13,1021641900.0,8484025600.000001,0.0007022009611374891
sh000001,1998-05-14,1373.17,1367.13,1360.89,1376.30,1236781400.0,9858010600.0,-0.001555584768414997
sh000001,1998-05-13,1351.18,1369.26,1351.00,1369.30,1020086200.0,9219003100.0,0.01452969288334005
sh000001,1998-05-12,1358.96,1349.65,1342.73,1360.06,867969600.0,7614443100.000001,-0.003661570488922905
sh000001,1998-05-11,1367.24,1354.61,1351.59,1368.03,1342161500.0,11724821299.999998,-0.0022024160282851923
sh000001,1998-05-08,1324.74,1357.6,1324.72,1357.60,1686123200.0,10333456300.0,0.02238923991053343
sh000001,1998-05-07,1348.89,1327.87,1326.65,1352.55,795819500.0,8208701899.999999,-0.015232755615873672
sh000001,1998-05-06,1352.72,1348.41,1341.81,1355.66,763829500.0,7521260600.000001,-0.0030387720699138754
sh000001,1998-05-05,1355.05,1352.52,1346.59,1356.06,801924500.0,6797728800.0,-0.0003030459816842912
sh000001,1998-05-04,1353.06,1352.93,1345.36,1355.52,1103649200.0,8987361300.0,0.007056459116453917
sh000001,1998-04-30,1336.01,1343.45,1335.55,1343.46,885859300.0,7513220000.0,0.00821763602251413
sh000001,1998-04-29,1337.89,1332.5,1328.56,1341.58,827067400.0,6997871899.999999,-0.0003675946556238596
sh000001,1998-04-28,1315.35,1332.99,1315.33,1333.09,958932900.0,8133031899.999999,0.017254536851905478
sh000001,1998-04-27,1314.35,1310.38,1303.48,1318.80,1106460500.0,8617666300.0,-0.003642114707604338
sh000001,1998-04-24,1324.46,1315.17,1313.61,1331.86,970462200.0,8403636300.0,-0.007089146584526085
sh000001,1998-04-23,1337.49,1324.56,1321.04,1340.25,1065313100.0,8474093100.000001,-0.005719947754807997
sh000001,1998-04-22,1307.83,1332.18,1307.83,1333.07,790205000.0,7477581899.999999,0.020655521674507016
sh000001,1998-04-21,1296.77,1305.22,1295.06,1307.86,656345500.0,5879213100.000001,0.0071064266479425875
sh000001,1998-04-20,1292.16,1296.01,1286.59,1302.98,737714000.0,7014740600.000001,-0.0016177365554536083
sh000001,1998-04-17,1311.54,1298.11,1291.08,1311.73,878601400.0,7622361899.999999,-0.013781576448243182
sh000001,1998-04-16,1324.04,1316.25,1312.57,1326.42,944117500.0,8399281300.0,-0.006386303417351802
sh000001,1998-04-15,1314.17,1324.71,1314.07,1324.71,955450300.0,7576216899.999999,0.008365557348597896
sh000001,1998-04-14,1318.27,1313.72,1304.38,1320.91,855311600.0,7158410000.0,-0.003814218009478676
sh000001,1998-04-13,1319.95,1318.75,1311.83,1326.30,1214580900.0,10915866299.999998,0.005520354400652794
sh000001,1998-04-10,1294.62,1311.51,1293.59,1311.53,1462679900.0,10329571300.0,0.011008071043685286
sh000001,1998-04-09,1326.44,1297.23,1288.89,1328.79,1511702100.0,12492653799.999998,-0.019322795001474158
sh000001,1998-04-08,1303.41,1322.79,1302.41,1322.83,1413919400.0,11275766299.999998,0.01507896311984891
sh000001,1998-04-07,1308.56,1303.14,1296.54,1310.29,1627882600.0,9292043800.0,-0.002480135948192741
sh000001,1998-04-06,1291.61,1306.38,1286.43,1306.38,1020702600.0,10248474400.0,0.015784399104254998
sh000001,1998-04-03,1268.57,1286.08,1266.03,1286.11,791090100.0,8397788100.000001,0.01344344454776114
sh000001,1998-04-02,1259.59,1269.02,1259.58,1285.03,1031202900.0,11027170000.0,0.011195486744703054
sh000001,1998-04-01,1243.37,1254.97,1240.06,1255.01,622217400.0,6737141899.999999,0.00961368280478192
sh000001,1998-03-31,1251.34,1243.02,1238.64,1252.24,609167600.0,6424953800.0,-0.00513830195927778
sh000001,1998-03-30,1230.94,1249.44,1228.30,1249.44,729618500.0,7909740000.0,0.02114304862002192
sh000001,1998-03-27,1189.41,1223.57,1188.86,1223.93,682885500.0,7209671300.0,0.029187379612573228
sh000001,1998-03-26,1191.00,1188.87,1186.22,1193.82,452050100.0,4495793100.0,-0.0022491712475347647
sh000001,1998-03-25,1207.62,1191.55,1188.85,1209.77,412585500.0,4597599100.0,-0.0020686420662970884
sh000001,1998-03-24,1180.09,1194.02,1179.97,1194.06,351972500.0,3709836900.0,0.011992846669548474
sh000001,1998-03-23,1186.56,1179.87,1178.04,1186.86,361032200.0,3903354099.9999995,-0.006425263157894823
sh000001,1998-03-20,1188.60,1187.5,1183.25,1192.32,278982400.0,2949515900.0000005,-0.00102631401844
sh000001,1998-03-19,1192.40,1188.72,1184.87,1195.83,335943800.0,3494993800.0,-0.00434706133628171
sh000001,1998-03-18,1204.10,1193.91,1191.91,1204.74,362260800.0,4033551900.0,-0.00742409630541041
sh000001,1998-03-17,1193.67,1202.84,1193.24,1202.84,373376000.0,4249329699.9999995,0.012082660204631113
sh000001,1998-03-16,1186.19,1188.48,1179.44,1188.62,301891100.0,3379997800.0000005,0.0029705644072373083
sh000001,1998-03-13,1177.82,1184.96,1176.01,1184.96,233152800.0,2465833000.0,0.005080706040017979
sh000001,1998-03-12,1187.54,1178.97,1175.55,1188.28,250410000.0,2607859800.0,-0.009302208329131756
sh000001,1998-03-11,1201.26,1190.04,1187.44,1210.53,365596600.0,4357494700.0,-0.008159489260978647
sh000001,1998-03-10,1199.63,1199.83,1186.55,1205.83,298064400.0,3299790900.0000005,-0.000832757342837831
sh000001,1998-03-09,1207.96,1200.83,1197.57,1208.62,309109400.0,3502669099.9999995,-0.004658294997720636
sh000001,1998-03-06,1208.75,1206.45,1202.12,1208.98,308502000.0,3321306900.0,-0.0009026616095532125
sh000001,1998-03-05,1217.85,1207.54,1206.37,1219.28,322341900.0,3582636900.0,-0.004706367195549177
sh000001,1998-03-04,1204.95,1213.25,1201.25,1214.00,359514800.0,4080600900.0000005,0.009535775801096769
sh000001,1998-03-03,1186.52,1201.79,1185.30,1201.80,356129700.0,3519230900.0000005,0.011343841253544928
sh000001,1998-03-02,1196.74,1188.31,1182.61,1205.75,484315500.0,4866736900.0,-0.015101157865946124
sh000001,1998-02-27,1209.44,1206.53,1202.87,1213.73,358215000.0,3659401900.0,-0.00011602177894542987
sh000001,1998-02-26,1193.00,1206.67,1189.52,1206.67,314777500.0,3269665000.0,0.01004461483087371
sh000001,1998-02-25,1208.52,1194.67,1191.75,1209.49,342846700.0,3369407800.0000005,-0.01121484497856351
sh000001,1998-02-24,1206.93,1208.22,1206.09,1216.35,352668400.0,3310972800.0000005,-0.00031441337084214815
sh000001,1998-02-23,1217.86,1208.6,1195.89,1217.86,380753300.0,3959645900.0000005,-0.01420857734784109
sh000001,1998-02-20,1234.60,1226.02,1224.58,1237.92,315923400.0,3230311900.0,-0.005322169757743911
sh000001,1998-02-19,1229.81,1232.58,1223.93,1235.49,330071400.0,3365535000.0,0.002236081409625612
sh000001,1998-02-18,1239.63,1229.83,1225.50,1240.18,461406700.0,4699055000.0,-0.007000403714170433
sh000001,1998-02-17,1234.84,1238.5,1228.11,1240.58,352585900.0,3759615900.0000005,0.0018281239888695566
sh000001,1998-02-16,1246.80,1236.24,1230.92,1247.97,461535800.0,5023168800.0,-0.007761395285373784
sh000001,1998-02-13,1246.73,1245.91,1241.82,1251.91,409773500.0,4487954700.0,-0.0003129262617346251
sh000001,1998-02-12,1253.39,1246.3,1242.00,1254.41,474907700.0,4601367800.0,-0.0031513949321730905
sh000001,1998-02-11,1234.18,1250.24,1233.53,1251.45,481552000.0,4385423800.0,0.011103832560998228
sh000001,1998-02-10,1248.60,1236.51,1233.70,1248.60,532456300.0,4919898100.0,-0.009238485945963215
sh000001,1998-02-09,1258.00,1248.04,1244.43,1262.62,435858400.0,4673690900.0,0.02054934541380793
sh000001,1998-01-23,1206.50,1222.91,1206.45,1224.12,358068400.0,3478711900.0,0.015343357438788452
sh000001,1998-01-22,1200.52,1204.43,1194.38,1207.45,436125400.0,4144231900.0,0.0035244125979003726
sh000001,1998-01-21,1201.99,1200.2,1198.23,1209.69,303297200.0,2908562800.0000005,-0.002924268102216465
sh000001,1998-01-20,1211.28,1203.72,1195.38,1215.57,312937800.0,3497295900.0000005,-0.007756794407854151
sh000001,1998-01-19,1215.41,1213.13,1205.48,1216.99,326203800.0,3687851900.0,-0.0006837128076706556
sh000001,1998-01-16,1215.82,1213.96,1207.92,1220.97,412032600.0,4612944700.0,-0.0012094485079354733
sh000001,1998-01-15,1210.42,1215.43,1196.15,1217.86,553925500.0,5729806899.999999,0.010988005523115518
sh000001,1998-01-14,1170.35,1202.22,1170.32,1203.25,570380100.0,6269881899.999999,0.02960647454288523
sh000001,1998-01-13,1211.88,1167.65,1110.09,1211.88,719443500.0,9016448800.0,-0.04834674034409969
sh000001,1998-01-12,1242.21,1226.97,1226.40,1246.65,573968900.0,6663008100.000001,-0.010428260343576135
sh000001,1998-01-09,1233.70,1239.9,1221.30,1245.00,535709600.0,6414505000.0,0.002214749911086722
sh000001,1998-01-08,1243.12,1237.16,1235.89,1250.01,406947200.0,4556315900.0,-0.005554349835620087
sh000001,1998-01-07,1233.96,1244.07,1231.15,1244.10,575655700.0,6327451899.999999,0.008471004036899599
sh000001,1998-01-06,1223.73,1233.62,1215.41,1233.64,514866400.0,6219680600.000001,0.010774537678107432
sh000001,1998-01-05,1200.95,1220.47,1200.22,1220.50,437153200.0,5378328800.0,0.022083577589816716
sh000001,1997-12-31,1182.25,1194.1,1182.25,1195.05,309325000.0,3596670000.0,0.010972450344582274
sh000001,1997-12-30,1186.14,1181.14,1179.56,1193.62,279294000.0,2967589099.9999995,-0.004609770691296866
sh000001,1997-12-29,1196.30,1186.61,1185.66,1198.97,367021000.0,3924036900.0,-0.004454996979663228
sh000001,1997-12-26,1187.75,1191.92,1186.53,1194.24,419291800.0,4869250000.0,0.00900717865366385
sh000001,1997-12-25,1170.56,1181.28,1169.99,1181.48,359840100.0,4135429099.9999995,0.0099345108835045
sh000001,1997-12-24,1171.74,1169.66,1164.86,1173.54,317898800.0,3367150900.0000005,-0.0013575240128067545
sh000001,1997-12-23,1171.90,1171.25,1165.06,1176.92,331363400.0,3809050000.0,0.0019161512732996933
sh000001,1997-12-22,1162.68,1169.01,1153.44,1169.03,423341500.0,4946249100.0,0.007098736183740018
sh000001,1997-12-19,1154.70,1160.77,1151.14,1161.88,324467000.0,3360396900.0,0.005718395037126234
sh000001,1997-12-18,1142.10,1154.17,1138.40,1159.11,304900900.0,3201320900.0000005,0.006672365069950947
sh000001,1997-12-17,1169.64,1146.52,1145.89,1169.74,332345800.0,3665233800.0,-0.024072182499148775
sh000001,1997-12-16,1170.46,1174.8,1165.60,1174.81,333919400.0,3777405900.0000005,0.00579608400469156
sh000001,1997-12-15,1155.72,1168.03,1155.60,1168.06,316617600.0,3360075000.0,0.01229806558968316
sh000001,1997-12-12,1160.22,1153.84,1153.43,1165.81,257110100.0,2878973800.0,-0.00459811761864104
sh000001,1997-12-11,1159.05,1159.17,1145.55,1159.75,231763600.0,2528562800.0,0.001148690665377039
sh000001,1997-12-10,1150.48,1157.84,1149.33,1158.99,236871600.0,2287942800.0,0.008422097772977644
sh000001,1997-12-09,1139.81,1148.17,1137.32,1148.17,214626700.0,2096909800.0,0.007732411178205556
sh000001,1997-12-08,1140.55,1139.36,1136.58,1143.08,209640300.0,1946908000.0,0.0027812004928708944
sh000001,1997-12-05,1139.48,1136.2,1134.93,1144.22,239665200.0,2282746900.0,0.0002905262045833634
sh000001,1997-12-04,1121.80,1135.87,1119.20,1137.01,229065800.0,2282785000.0,0.011865841165204172
sh000001,1997-12-03,1129.78,1122.55,1121.59,1130.32,191799300.0,1806175000.0,-0.0067423484962439995
sh000001,1997-12-02,1133.59,1130.17,1128.50,1139.60,187537400.0,1793813000.0,-0.0025770238904233578
sh000001,1997-12-01,1137.59,1133.09,1130.45,1139.29,231287500.0,2370277800.0,-0.005738704667304417
sh000001,1997-11-28,1117.57,1139.63,1114.43,1139.64,265787000.0,2651445900.0000005,0.01524249011153489
sh000001,1997-11-27,1141.77,1122.52,1120.52,1141.97,251261900.0,2317381100.0,-0.018621811124127863
sh000001,1997-11-26,1126.60,1143.82,1124.48,1143.82,234727800.0,2116781900.0,0.016250122164669145
sh000001,1997-11-25,1120.86,1125.53,1114.14,1131.13,358424300.0,3623955900.0000005,0.0005244724163064873
sh000001,1997-11-24,1150.42,1124.94,1122.94,1150.56,296675400.0,2662320900.0000005,-0.029018781936196558
sh000001,1997-11-21,1168.97,1158.56,1152.01,1169.11,292730100.0,2777039099.9999995,-0.01183013058348914
sh000001,1997-11-20,1182.74,1172.43,1169.10,1189.50,324575100.0,2903676900.0,-0.007785855132317221
sh000001,1997-11-19,1185.10,1181.63,1175.78,1191.96,265686000.0,2448019800.0,-0.0014535006549202256
sh000001,1997-11-18,1190.26,1183.35,1182.61,1193.31,256370500.0,2543621100.0,-0.00669839591045307
sh000001,1997-11-17,1210.68,1191.33,1190.43,1213.23,272294300.0,2713800900.0000005,-0.005426479550520558
sh000001,1997-11-14,1187.35,1197.83,1181.69,1208.84,389376600.0,3890679099.9999995,0.010809944135963923
sh000001,1997-11-13,1169.70,1185.02,1157.29,1185.28,298194600.0,2962005000.0,0.00922337952120178
sh000001,1997-11-12,1190.01,1174.19,1171.56,1193.53,294910300.0,2934059099.9999995,-0.010483469994859385
sh000001,1997-11-11,1183.42,1186.63,1168.48,1187.74,299653700.0,3034650900.0000005,0.0007168277420770419
sh000001,1997-11-10,1199.37,1185.78,1178.63,1202.58,399657400.0,4250295000.0,-0.00783171845976216
sh000001,1997-11-07,1181.78,1195.14,1177.63,1195.74,362750100.0,3636767800.0000005,0.011870089406665008
sh000001,1997-11-06,1198.66,1181.12,1179.58,1203.09,428156100.0,4408048100.0,-0.010820408026531836
sh000001,1997-11-05,1186.10,1194.04,1179.35,1194.67,491968000.0,4399058800.0,0.00788385245209744
sh000001,1997-11-04,1180.87,1184.7,1180.87,1190.47,236232800.0,2239609100.0,0.003260363297624691
sh000001,1997-11-03,1181.16,1180.85,1176.55,1185.07,256218200.0,2536626900.0,0.0003897017087570731
sh000001,1997-10-31,1164.91,1180.39,1158.74,1181.51,305033800.0,2978063100.0,0.004715495595182473
sh000001,1997-10-30,1189.27,1174.85,1173.65,1207.97,481737800.0,5111090000.0,-0.007803460885574598
sh000001,1997-10-29,1168.23,1184.09,1162.98,1188.80,359100300.0,3636560900.0000005,0.005238046726432799
sh000001,1997-10-28,1239.59,1177.92,1172.89,1241.83,524823900.0,5613913100.000001,-0.046859195844088486
sh000001,1997-10-27,1183.65,1235.83,1183.65,1235.95,656390300.0,7005508800.0,0.048815676689496046
sh000001,1997-10-24,1172.88,1178.31,1164.06,1179.81,377592200.0,3672967800.0000005,0.004218654121497245
sh000001,1997-10-23,1178.98,1173.36,1170.23,1186.07,415478700.0,4342960900.0,-0.0035328486989606445
sh000001,1997-10-22,1193.70,1177.52,1168.45,1203.02,608287100.0,6767108800.0,-0.012039903680770458
sh000001,1997-10-21,1190.50,1191.87,1179.57,1192.34,423214600.0,4341368800.0,0.0037898885772758018
sh000001,1997-10-20,1183.74,1187.37,1173.56,1191.04,460895600.0,4899696900.0,0.00924784741051754
sh000001,1997-10-17,1155.42,1176.49,1153.90,1180.22,459994200.0,4862381900.0,0.02275908233432733
sh000001,1997-10-16,1131.40,1150.31,1131.39,1151.39,338623400.0,3352243800.0,0.021789337170672773
sh000001,1997-10-15,1119.11,1125.78,1116.43,1129.65,214522800.0,1795401900.0,0.007021906559444568
sh000001,1997-10-14,1116.30,1117.93,1105.70,1118.02,153806000.0,1207754000.0,-0.001687771248950587
sh000001,1997-10-13,1136.43,1119.82,1117.39,1138.40,189929300.0,1528029100.0,-0.00970118235923556
sh000001,1997-10-10,1121.34,1130.79,1120.51,1131.57,195193100.0,1575133000.0,0.007412224825607661
sh000001,1997-10-09,1134.59,1122.47,1120.09,1138.66,202503100.0,1620045000.0,-0.01092636160969962
sh000001,1997-10-08,1122.97,1134.87,1116.71,1140.94,293382300.0,2422899800.0,0.029295192141995496
sh000001,1997-10-07,1098.29,1102.57,1087.02,1102.71,176238400.0,1319183000.0,0.003339703339703126
sh000001,1997-10-06,1100.70,1098.9,1091.15,1105.41,156593300.0,1298081000.0,0.0013851172793379884
sh000001,1997-09-30,1083.41,1097.38,1083.23,1100.39,204530000.0,1766505900.0,0.012277804938795711
sh000001,1997-09-29,1106.34,1084.07,1079.34,1106.34,243615400.0,2094958900.0000002,-0.023034705262114596
sh000001,1997-09-26,1118.69,1109.63,1094.42,1118.94,274170600.0,2232000000.0,-0.006606923841326329
sh000001,1997-09-25,1118.37,1117.01,1106.25,1130.13,433633300.0,3583651900.0,0.006306249493247762
sh000001,1997-09-24,1064.66,1110.01,1064.66,1110.11,496402700.0,4081335900.0000005,0.06529938481914055
sh000001,1997-09-23,1096.19,1041.97,1025.13,1105.28,429958900.0,3080963100.0,-0.056160946402529
sh000001,1997-09-22,1184.49,1103.97,1102.62,1185.10,306264300.0,2514808000.0,-0.06800222875088635
sh000001,1997-09-19,1174.77,1184.52,1168.87,1185.09,201843700.0,1763293000.0,0.010363622405895834
sh000001,1997-09-18,1169.67,1172.37,1164.65,1181.75,230095600.0,1934701900.0,0.004119702627702226
sh000001,1997-09-17,1188.89,1167.56,1162.24,1191.30,242595300.0,1946434800.0,-0.01655969407523461
sh000001,1997-09-16,1182.76,1187.22,1181.17,1193.85,265195400.0,2149570000.0,0.006724385011320333
sh000001,1997-09-15,1205.90,1179.29,1175.95,1211.68,357837300.0,3078022800.0000005,-0.02433192686357255
sh000001,1997-09-12,1240.50,1208.7,1207.83,1247.91,431066600.0,3632746900.0,-0.02736760788920989
sh000001,1997-09-11,1260.52,1242.71,1236.11,1264.49,713364100.0,5998593800.0,-0.010612719340148291
sh000001,1997-09-10,1230.43,1256.04,1227.64,1256.04,539072300.0,4469040900.0,0.020316320479598415
sh000001,1997-09-09,1255.18,1231.03,1230.44,1257.93,454445300.0,4073006900.0,-0.019279335261266906
sh000001,1997-09-08,1253.15,1255.23,1245.74,1257.55,548425400.0,4863576900.0,0.002940353961088382
sh000001,1997-09-05,1250.60,1251.55,1241.22,1253.35,472278000.0,4467573800.0,0.00019979221609522924
sh000001,1997-09-04,1245.78,1251.3,1245.64,1253.15,544704900.0,5457518100.000001,0.008446027626891839
sh000001,1997-09-03,1223.62,1240.82,1223.46,1243.33,575803800.0,5501217500.0,0.01184049580037505
sh000001,1997-09-02,1228.48,1226.3,1215.92,1232.69,589620600.0,5211807200.0,-0.0029027458186636768
sh000001,1997-09-01,1224.18,1229.87,1219.10,1230.07,679821600.0,6136525600.000001,0.0072150426678458945
sh000001,1997-08-29,1214.31,1221.06,1209.48,1223.07,731864300.0,6340526899.999999,0.005906630749079378
sh000001,1997-08-28,1201.06,1213.89,1194.68,1216.08,694265800.0,6113156300.0,0.012832600478928091
sh000001,1997-08-27,1195.43,1198.51,1188.33,1199.47,543372100.0,4832471900.0,0.003743593179458049
sh000001,1997-08-26,1186.07,1194.04,1181.24,1194.13,554979200.0,5413198800.0,0.008394561270163026
sh000001,1997-08-25,1175.45,1184.1,1175.38,1184.33,453960300.0,4356611900.0,0.010470802078799801
sh000001,1997-08-22,1159.39,1171.83,1156.83,1174.49,433739900.0,4004645900.0000005,0.006251341719977654
sh000001,1997-08-21,1148.39,1164.55,1147.82,1165.22,400722400.0,3817706900.0,0.017394115180318526
sh000001,1997-08-20,1135.05,1144.64,1133.74,1144.65,250738300.0,2319731900.0,0.010353867474027112
sh000001,1997-08-19,1134.62,1132.91,1128.11,1143.20,257198100.0,2372943800.0,-0.001515912676379072
sh000001,1997-08-18,1139.61,1134.63,1116.15,1139.61,335746400.0,3052098100.0,-0.007374940947981634
sh000001,1997-08-15,1174.18,1143.06,1133.89,1174.88,476761400.0,4024259099.9999995,-0.021444898168836768
sh000001,1997-08-14,1120.47,1168.11,1120.25,1168.34,395297100.0,3702321900.0,0.04283431387428216
sh000001,1997-08-13,1139.25,1120.13,1118.20,1153.50,346081500.0,3283391900.0,-0.023264533793740716
sh000001,1997-08-12,1177.26,1146.81,1145.75,1183.44,393690100.0,3904291900.0,-0.03147591378960879
sh000001,1997-08-11,1206.46,1184.08,1182.45,1206.76,503650800.0,4966574100.0,-0.018216491853571548
sh000001,1997-08-08,1205.95,1206.05,1201.36,1216.56,703374100.0,6010073100.000001,0.0056785964444148185
sh000001,1997-08-07,1167.93,1199.24,1161.63,1199.24,344869900.0,3156099099.9999995,0.023294707920200608
sh000001,1997-08-06,1196.04,1171.94,1170.27,1197.45,297232100.0,2894359099.9999995,-0.02033821796082813
sh000001,1997-08-05,1203.36,1196.27,1193.70,1207.23,359745700.0,3508220900.0000005,-0.003382403172460857
sh000001,1997-08-04,1196.25,1200.33,1188.68,1201.92,432669100.0,4238153800.0,0.006287568220115114
sh000001,1997-08-01,1191.65,1192.83,1182.22,1194.03,328647800.0,3152403800.0,0.002580352339967673
sh000001,1997-07-31,1184.94,1189.76,1179.72,1192.20,376326600.0,3686759699.9999995,0.008767021078156967
sh000001,1997-07-30,1157.09,1179.42,1157.00,1179.48,365235100.0,3536287800.0000005,0.022710127207929087
sh000001,1997-07-29,1137.32,1153.23,1133.18,1161.20,303311300.0,3001127800.0000005,0.010028201579989071
sh000001,1997-07-28,1167.81,1141.78,1138.48,1167.88,305953800.0,3352870900.0000005,-0.02483644500623472
sh000001,1997-07-25,1166.57,1170.86,1158.14,1177.65,311225300.0,3472985900.0000005,-0.0028614739997616656
sh000001,1997-07-24,1194.71,1174.22,1172.37,1200.31,332595700.0,3854720000.0,-0.020552858548954722
sh000001,1997-07-23,1219.06,1198.86,1194.70,1223.82,480842400.0,5494346300.0,-0.007771570453134813
sh000001,1997-07-22,1189.12,1208.25,1163.47,1208.26,455263000.0,5479943100.000001,0.012333162970348477
sh000001,1997-07-21,1215.84,1193.53,1188.88,1218.48,494028000.0,6033871899.999999,-0.013497429454647603
sh000001,1997-07-18,1199.40,1209.86,1191.29,1210.44,476596400.0,6012785000.0,0.010549351419526731
sh000001,1997-07-17,1188.27,1197.23,1180.93,1203.50,457871800.0,5594431899.999999,0.005374402727509553
sh000001,1997-07-16,1201.60,1190.83,1184.45,1204.86,527363000.0,6304929399.999999,-0.007732624509419916
sh000001,1997-07-15,1189.47,1200.11,1180.19,1201.21,572759600.0,6552998800.0,0.012136086091151244
sh000001,1997-07-14,1163.29,1185.72,1158.45,1185.78,557316500.0,6576680000.0,0.026668513836456187
sh000001,1997-07-11,1116.42,1154.92,1114.40,1155.06,396597400.0,4648944100.0,0.031040485649243443
sh000001,1997-07-10,1121.26,1120.15,1115.21,1137.87,335419000.0,3646750900.0000005,-0.0006156097212802747
sh000001,1997-07-09,1113.64,1120.84,1104.09,1122.67,321446600.0,3503334699.9999995,0.010066055674209373
sh000001,1997-07-08,1092.80,1109.67,1066.04,1115.43,367520200.0,4324834700.0,0.011715687168359468
sh000001,1997-07-07,1161.71,1096.82,1085.57,1163.45,352613300.0,4176048100.0,-0.05392723446098646
sh000001,1997-07-04,1138.92,1159.34,1124.78,1163.25,444542000.0,5071271900.0,0.007578522883315175
sh000001,1997-07-03,1194.68,1150.62,1149.94,1194.68,373727100.0,4717140000.0,-0.040398312011075355
sh000001,1997-07-02,1255.91,1199.06,1147.33,1261.57,392386100.0,5690451899.999999,-0.04095915282299023
sh000001,1997-06-27,1287.92,1250.27,1246.93,1291.98,563251100.0,8405051899.999999,-0.02661818974510688
sh000001,1997-06-26,1295.11,1284.46,1280.85,1295.15,410607900.0,5259393100.000001,-0.010118758621752488
sh000001,1997-06-25,1309.34,1297.59,1293.35,1311.20,444195700.0,6170923100.000001,-0.004862224199151943
sh000001,1997-06-24,1287.19,1303.93,1283.72,1304.05,414551200.0,5756678100.000001,0.015917413322945162
sh000001,1997-06-23,1313.24,1283.5,1265.18,1322.98,621643800.0,9130519400.0,-0.005963444857496891
sh000001,1997-06-20,1244.00,1291.2,1244.00,1292.32,484067000.0,6602240000.0,0.049124916716771994
sh000001,1997-06-19,1233.68,1230.74,1227.25,1250.64,308720700.0,4037393800.0,-0.0015738066651523885
sh000001,1997-06-18,1252.02,1232.68,1230.30,1254.90,328471900.0,4022190900.0000005,-0.010634626343373976
sh000001,1997-06-17,1260.41,1245.93,1245.34,1263.90,360459600.0,4297000900.0,-0.012318961211919444
sh000001,1997-06-16,1255.77,1261.47,1255.77,1269.63,484055200.0,6314431899.999999,0.01405971157092556
sh000001,1997-06-13,1154.98,1243.98,1154.97,1244.24,454499700.0,5609830600.000001,0.025734475621923325
sh000001,1997-06-12,1224.47,1212.77,1211.80,1229.64,291234600.0,3480348800.0,-0.00625204850868577
sh000001,1997-06-11,1239.50,1220.4,1175.71,1244.01,367009900.0,4674470900.0,-0.01718556219498435
sh000001,1997-06-10,1278.99,1241.74,1239.86,1285.04,275090100.0,3614088800.0,-0.026025162363128684
sh000001,1997-06-09,1275.25,1274.92,1255.67,1282.75,348236600.0,4760842500.0,-0.0002979691053084377
sh000001,1997-06-06,1271.31,1275.3,1254.27,1314.73,921891500.0,13177923799.999998,-0.062437970049182945
sh000001,1997-06-05,1362.19,1360.23,1346.97,1369.51,602559400.0,9294563100.0,-0.0007052652458511277
sh000001,1997-06-04,1345.38,1361.19,1344.59,1363.71,716713800.0,10493637500.0,0.01675430995846905
sh000001,1997-06-03,1341.68,1338.76,1313.46,1344.64,705919600.0,10110176900.0,0.0018558984643937126
sh000001,1997-06-02,1302.82,1336.28,1302.16,1336.42,634405900.0,8674382500.0,0.039760967335314756
sh000001,1997-05-30,1261.29,1285.18,1254.62,1285.39,393774700.0,5518262500.0,0.017279455416155498
sh000001,1997-05-29,1267.52,1263.35,1262.57,1282.85,466189800.0,6444336899.999999,-0.005510292439091624
sh000001,1997-05-28,1283.00,1270.35,1265.57,1288.74,480878200.0,7189935000.0,-0.008886357607627238
sh000001,1997-05-27,1258.38,1281.74,1253.25,1281.75,537760900.0,7591352500.0,0.024122088610123438
sh000001,1997-05-26,1268.59,1251.55,1213.24,1275.30,586391800.0,8455271899.999999,-0.0021685920894225497
sh000001,1997-05-23,1238.69,1254.27,1225.80,1263.52,539099000.0,7688198100.000001,0.015422353912663223
sh000001,1997-05-22,1248.97,1235.22,1232.20,1300.98,667319500.0,8722465600.0,-0.08831778460085027
sh000001,1997-05-21,1386.85,1354.88,1340.29,1389.60,565277700.0,8011731899.999999,-0.01899907321594052
sh000001,1997-05-20,1351.66,1381.12,1351.23,1386.37,535449900.0,7396831899.999999,0.02715285473111151
sh000001,1997-05-19,1330.79,1344.61,1316.13,1350.58,561368400.0,6967021899.999999,0.021802237218067733
sh000001,1997-05-16,1309.60,1315.92,1287.07,1394.21,976828400.0,12767242500.0,-0.0717726974542735
sh000001,1997-05-15,1371.19,1417.67,1360.23,1425.30,674249300.0,9233333800.0,0.02787807601397896
sh000001,1997-05-14,1447.61,1379.22,1378.03,1447.67,807545900.0,10699538799.999998,-0.05808998279017674
sh000001,1997-05-13,1501.25,1464.28,1436.21,1501.25,1080846100.0,13592131299.999998,-0.024073580378565773
sh000001,1997-05-12,1490.78,1500.4,1486.45,1510.18,1316287900.0,16737798799.999998,0.022607225860976188
sh000001,1997-05-09,1412.90,1467.23,1394.42,1469.08,960198400.0,13491738799.999998,0.04415804380933408
sh000001,1997-05-08,1496.98,1405.18,1401.59,1504.26,1144965400.0,16080618799.999998,-0.06036938467093733
sh000001,1997-05-07,1495.22,1495.46,1464.86,1499.62,1144278900.0,15885880000.0,0.008408687853593166
sh000001,1997-05-06,1462.03,1482.99,1459.68,1483.50,1158537300.0,16273676299.999998,0.0235070017185095
sh000001,1997-05-05,1398.14,1448.93,1398.05,1448.99,1028834700.0,13147117500.0,0.039591031390134646
sh000001,1997-04-30,1385.30,1393.75,1376.46,1396.48,833159900.0,10513690000.0,0.01233321469817028
sh000001,1997-04-29,1354.00,1376.77,1335.76,1376.82,834953300.0,10338853800.0,0.018321005917159683
sh000001,1997-04-28,1372.26,1352.0,1346.26,1381.56,922612100.0,12227978799.999998,-0.00950929683951418
sh000001,1997-04-25,1382.93,1364.98,1363.98,1386.27,1044457100.0,14033435000.0,-0.011084707450662146
sh000001,1997-04-24,1370.17,1380.28,1356.52,1386.52,1003540600.0,13312753799.999998,0.001044356125438739
sh000001,1997-04-23,1370.05,1378.84,1368.65,1380.36,1052266200.0,13673787500.0,0.00976931526913205
sh000001,1997-04-22,1362.98,1365.5,1354.45,1368.88,1085772200.0,12255843799.999998,0.0025108657347585606
sh000001,1997-04-21,1355.56,1362.08,1350.80,1365.22,1237789100.0,13608651299.999998,0.01797418593006128
sh000001,1997-04-18,1325.23,1338.03,1305.96,1338.85,880109800.0,9996923800.0,0.011077778701345853
sh000001,1997-04-17,1323.42,1323.37,1319.76,1331.18,780300400.0,8870340600.0,-0.0033213333534169998
sh000001,1997-04-16,1334.31,1327.78,1318.16,1338.42,969708500.0,11277900000.0,0.0021283661393551867
sh000001,1997-04-15,1318.57,1324.96,1298.18,1326.38,1032030300.0,11839345000.0,0.006105154451295336
sh000001,1997-04-14,1293.98,1316.92,1293.98,1325.67,1411947400.0,15682830000.0,0.0300266712552697
sh000001,1997-04-11,1279.34,1278.53,1251.01,1283.56,922372300.0,11204022500.0,-0.0026211297381211196
sh000001,1997-04-10,1293.26,1281.89,1279.49,1299.74,1086132900.0,13191962500.0,-0.003854373081555562
sh000001,1997-04-09,1251.57,1286.85,1251.56,1286.91,960450400.0,12103141299.999998,0.03174157753796325
sh000001,1997-04-08,1277.06,1247.26,1246.72,1278.30,805377500.0,9958011900.0,-0.022837489521392085
sh000001,1997-04-07,1259.59,1276.41,1252.75,1276.57,1009888500.0,12109201299.999998,0.012252569470879271
sh000001,1997-04-04,1258.07,1260.96,1251.60,1269.74,1016185200.0,12427286299.999998,0.011982055006701353
sh000001,1997-04-03,1233.82,1246.03,1222.56,1246.18,689152300.0,8012752500.0,0.009871540300684822
sh000001,1997-04-02,1246.41,1233.85,1232.31,1249.57,758324100.0,8213510000.0,-0.005785516869052376
sh000001,1997-04-01,1243.87,1241.03,1234.25,1246.31,836788800.0,8533341899.999999,0.0051918809026259005
sh000001,1997-03-31,1210.02,1234.62,1210.00,1234.96,850575000.0,9155511900.0,0.02656589089276351
sh000001,1997-03-28,1213.81,1202.67,1199.53,1219.04,753268100.0,8466973800.0,-0.009544908009816666
sh000001,1997-03-27,1220.55,1214.26,1202.77,1228.24,968773700.0,10784426299.999998,-0.0008639770922644896
sh000001,1997-03-26,1204.21,1215.31,1201.17,1215.47,887276600.0,9723547500.0,0.01458458558739073
sh000001,1997-03-25,1198.16,1197.84,1180.88,1201.62,900646900.0,10437847500.0,0.005127000243343671
sh000001,1997-03-24,1186.95,1191.73,1181.33,1196.64,1088861800.0,12614467500.0,0.021042350300298995
sh000001,1997-03-21,1116.72,1167.17,1116.59,1167.21,738373900.0,8601920000.0,0.04144657006210295
sh000001,1997-03-20,1162.26,1120.72,1119.67,1168.49,757637400.0,8531376899.999999,-0.03491866663222154
sh000001,1997-03-19,1167.04,1161.27,1156.19,1170.40,807192900.0,9515450000.0,-0.0011697616610616413
sh000001,1997-03-18,1164.96,1162.63,1148.08,1177.02,1050779400.0,12203328799.999998,0.0035822802292659883
sh000001,1997-03-17,1138.28,1158.48,1138.28,1159.54,1128487000.0,12297497500.0,0.029028246580209638
sh000001,1997-03-14,1114.74,1125.8,1092.70,1125.82,818859400.0,8565825000.0,0.007625662322783944
sh000001,1997-03-13,1128.71,1117.28,1108.89,1131.74,913994900.0,9098195600.0,-0.007885202813099457
sh000001,1997-03-12,1112.71,1126.16,1109.47,1126.42,962785300.0,9988746300.0,0.014805403116073368
sh000001,1997-03-11,1103.43,1109.73,1092.72,1109.95,833230300.0,8973174400.0,0.009139022261021257
sh000001,1997-03-10,1085.91,1099.68,1085.89,1100.51,863186800.0,9252891300.0,0.020376350072375038
sh000001,1997-03-07,1083.01,1077.72,1070.86,1086.64,814057300.0,7992872500.0,-0.0013066081009702746
sh000001,1997-03-06,1045.89,1079.13,1044.24,1079.13,870056000.0,7970144399.999999,0.025642731549684106
sh000001,1997-03-05,1067.58,1052.15,1051.52,1072.46,788703100.0,7201895600.000001,-0.014988391252246824
sh000001,1997-03-04,1063.29,1068.16,1048.44,1070.22,913979100.0,8608841300.0,0.004806923474907299
sh000001,1997-03-03,1044.61,1063.05,1043.93,1063.05,900594500.0,8614859400.0,0.021898161054341614
sh000001,1997-02-28,1023.37,1040.27,1010.27,1040.33,669806600.0,6177906899.999999,0.014600604701063169
sh000001,1997-02-27,1035.32,1025.3,1020.34,1038.49,660077500.0,6274167500.0,-0.006020300336400108
sh000001,1997-02-26,1019.86,1031.51,1015.39,1031.51,616762100.0,6044225000.0,0.013310935596683615
sh000001,1997-02-25,1009.05,1017.96,1009.03,1028.34,712574700.0,6621052500.0,0.008320456436467394
sh000001,1997-02-24,1028.35,1009.56,1004.62,1032.70,1112275800.0,9347215000.0,-0.007442509807006004
sh000001,1997-02-21,967.68,1017.13,967.49,1017.32,1380838400.0,10980172500.0,0.05393335267542576
sh000001,1997-02-20,870.18,965.08,870.18,971.51,953084600.0,8209138800.0,0.0024826268061368673
sh000001,1997-02-19,911.58,962.69,911.58,962.69,540728200.0,4977297800.0,0.0758115885343913
sh000001,1997-02-18,980.48,894.85,893.75,999.23,727384900.0,6565445000.0,-0.0891184853420195
sh000001,1997-02-17,969.53,982.4,959.75,985.21,361696600.0,3323141900.0,0.0183054501731037
sh000001,1997-01-31,960.26,964.74,960.08,967.90,408801600.0,3666237800.0000005,0.004759573825468433
sh000001,1997-01-30,960.49,960.17,955.47,962.97,352383100.0,3034253100.0,-0.0020060284793681493
sh000001,1997-01-29,955.96,962.1,955.10,964.02,413085900.0,3652549099.9999995,0.0060545220692036494
sh000001,1997-01-28,957.88,956.31,947.91,957.88,328674400.0,2907715000.0,-0.002867390987008167
sh000001,1997-01-27,957.25,959.06,952.40,959.87,479914900.0,4142264099.9999995,0.00538829251928874
sh000001,1997-01-24,945.53,953.92,934.64,954.30,373787000.0,3272756900.0,0.00858532459293726
sh000001,1997-01-23,945.59,945.8,940.50,947.55,396901200.0,3688120000.0,0.0035652137006068063
sh000001,1997-01-22,929.36,942.44,929.01,942.73,334241400.0,3132185000.0,0.014347063318659758
sh000001,1997-01-21,937.04,929.11,926.09,939.02,339361800.0,2955960000.0,-0.004468112463569263
sh000001,1997-01-20,922.47,933.28,922.06,933.36,274933100.0,2444270000.0,0.014600206555416495
sh000001,1997-01-17,916.11,919.85,912.66,921.14,223666800.0,2166645900.0,0.005289559676943556
sh000001,1997-01-16,917.48,915.01,908.26,922.10,194014700.0,1800500900.0,-0.0018653460162317836
sh000001,1997-01-15,905.48,916.72,905.06,919.42,193795700.0,1643736900.0,0.009770336509335342
sh000001,1997-01-14,929.55,907.85,903.62,929.59,304393900.0,2603044100.0,-0.023313107840605807
sh000001,1997-01-13,923.55,929.52,922.74,931.44,388141300.0,3182441900.0,0.012108013937282225
sh000001,1997-01-10,908.56,918.4,906.55,918.51,333721700.0,2871981900.0,0.012591236851970278
sh000001,1997-01-09,897.99,906.98,897.94,914.33,252650100.0,2158647000.0,0.011791479345388822
sh000001,1997-01-08,899.83,896.41,887.23,902.53,231369000.0,1880558900.0000002,-0.001959539953460876
sh000001,1997-01-07,872.81,898.17,871.78,903.00,251824800.0,1963755900.0,0.02472333143183114
sh000001,1997-01-06,890.98,876.5,875.89,892.02,241608800.0,1894046900.0,-0.02568890963862125
sh000001,1997-01-03,921.10,899.61,896.99,922.39,342916500.0,2822564099.9999995,-0.02156747585486818
sh000001,1997-01-02,914.06,919.44,909.46,920.19,265303700.0,2369873900.0,0.0026389827920874076
sh000001,1996-12-31,935.91,917.02,912.97,935.97,472143300.0,4055809099.9999995,-0.01840057374680215
sh000001,1996-12-30,929.72,934.21,923.95,938.55,571750600.0,4938773800.0,0.012858459370087338
sh000001,1996-12-27,925.80,922.35,903.82,927.10,550900400.0,4327021900.0,-0.002044923396520404
sh000001,1996-12-26,904.02,924.24,890.41,924.33,552219100.0,4256807800.0000005,0.032462744922808984
sh000001,1996-12-25,870.44,895.18,855.85,897.45,415918500.0,3363980900.0000005,0.03419672358418624
sh000001,1996-12-24,907.63,865.58,864.15,911.12,366522400.0,2986717800.0000005,-0.040387578851675654
sh000001,1996-12-23,900.32,902.01,890.84,911.59,443724000.0,3694971900.0,0.01894401518232347
sh000001,1996-12-20,881.09,885.24,864.26,898.92,619893000.0,5007540000.0,-0.01903769863256566
sh000001,1996-12-19,971.15,902.42,893.47,983.24,890830000.0,8085341899.999999,-0.07228110575390911
sh000001,1996-12-18,872.36,972.73,869.02,975.96,1012433400.0,8375208800.0,0.07415137260098503
sh000001,1996-12-17,907.65,905.58,903.85,943.37,601468400.0,5295693800.0,-0.09443811123777524
sh000001,1996-12-16,1005.01,1000.02,999.63,1005.12,143300300.0,1378385900.0,-0.09911354545782136
sh000001,1996-12-13,1164.34,1110.04,1108.29,1175.44,974248600.0,10117194400.0,-0.05700256554020777
sh000001,1996-12-12,1248.14,1177.14,1167.98,1254.30,1120406100.0,12529473799.999998,-0.05443007470479555
sh000001,1996-12-11,1225.39,1244.9,1220.41,1258.69,1268027600.0,14534660000.0,0.011908148750254144
sh000001,1996-12-10,1244.11,1230.25,1202.28,1244.11,1296336600.0,13763515000.0,-0.013954122116602297
sh000001,1996-12-09,1227.48,1247.66,1227.48,1250.56,1560320100.0,16644333799.999998,0.02866706791217677
sh000001,1996-12-06,1207.30,1212.89,1194.77,1220.31,1443051800.0,15068135000.0,0.000668272721272567
sh000001,1996-12-05,1199.38,1212.08,1180.21,1215.25,1968710600.0,19629008800.0,0.03603665207877449
sh000001,1996-12-04,1117.03,1169.92,1115.27,1170.60,1482844200.0,13254090000.0,0.041790220749962304
sh000001,1996-12-03,1157.13,1122.99,1118.83,1177.68,2148567600.0,19855283800.0,-0.01016288826992906
sh000001,1996-12-02,1056.68,1134.52,1056.68,1134.90,2041152800.0,17497261300.0,0.09833002565467819
sh000001,1996-11-29,997.85,1032.95,997.84,1037.16,1313048700.0,10565223799.999998,0.04060888136686014
sh000001,1996-11-28,983.01,992.64,978.51,1002.54,751075500.0,6376733100.000001,0.012505355066402712
sh000001,1996-11-27,966.94,980.38,960.46,987.18,547605700.0,4939283800.0,0.013218408623487221
sh000001,1996-11-26,981.47,967.59,957.81,985.13,620120700.0,5630133100.000001,-0.009175157442015136
sh000001,1996-11-25,948.59,976.55,938.81,976.55,644017800.0,5316871899.999999,0.02597102423752129
sh000001,1996-11-22,928.52,951.83,919.61,952.03,636231700.0,4929890600.0,0.01175632726383724
sh000001,1996-11-21,1018.05,940.77,937.84,1025.58,871465700.0,7371382500.0,-0.0730690786556708
sh000001,1996-11-20,1010.81,1014.93,992.27,1018.89,854193500.0,7381565000.0,-0.0010138194417104174
sh000001,1996-11-19,1019.62,1015.96,1008.23,1047.39,1289000700.0,10836056299.999998,0.011217390438841734
sh000001,1996-11-18,952.73,1004.69,948.82,1004.95,827896200.0,7373921899.999999,0.056645246784388315
sh000001,1996-11-15,951.51,950.83,943.80,958.62,550985800.0,5077394700.0,-0.0024758967257314524
sh000001,1996-11-14,944.46,953.19,943.61,957.61,553915200.0,4671388100.0,0.013471271211670244
sh000001,1996-11-13,945.98,940.52,932.93,951.09,452026000.0,3721660900.0000005,-0.002629904559915186
sh000001,1996-11-12,937.70,943.0,928.98,949.25,493715800.0,3812107800.0000005,0.00966840476674835
sh000001,1996-11-11,923.37,933.97,922.20,933.97,363143200.0,3202006900.0,0.015549055639523024
sh000001,1996-11-08,927.24,919.67,911.92,927.39,305442000.0,2774900000.0,-0.009125778438597631
sh000001,1996-11-07,919.95,928.14,915.62,931.60,349476100.0,3100195000.0,0.014305229222446814
sh000001,1996-11-06,925.76,915.05,896.88,928.47,397199800.0,3165270900.0000005,-0.013986616811956565
sh000001,1996-11-05,947.44,928.03,922.67,950.36,503855500.0,4186926900.0,-0.018082359911968937
sh000001,1996-11-04,931.00,945.12,929.73,947.88,562850200.0,4464490000.0,0.015395524232103996
sh000001,1996-11-01,935.17,930.79,906.96,962.11,797474700.0,6261486899.999999,-0.047014978857593426
sh000001,1996-10-31,972.17,976.71,949.59,983.23,718393000.0,6119403800.0,0.01853087784428631
sh000001,1996-10-30,1017.06,958.94,955.23,1022.02,891342200.0,7587445000.0,-0.057571349948895234
sh000001,1996-10-29,1032.61,1017.52,1013.49,1038.81,1114288800.0,9885021900.0,-0.005220655808224062
sh000001,1996-10-28,1001.23,1022.86,1000.07,1026.84,1029549400.0,8917735000.0,0.010062508023344297
sh000001,1996-10-25,1006.30,1012.67,994.82,1016.91,1127398700.0,9754449400.0,0.00472264388685506
sh000001,1996-10-24,1017.46,1007.91,1004.37,1020.97,1116509600.0,9555097500.0,-0.0028887152142299533
sh000001,1996-10-23,989.32,1010.83,986.72,1011.13,1426261100.0,11137468799.999998,0.03518797300480303
sh000001,1996-10-22,952.93,976.47,943.03,978.98,1011405700.0,7435007500.0,0.012526052738000226
sh000001,1996-10-21,943.03,964.39,943.03,964.44,740976200.0,5593431899.999999,0.026023214494696356
sh000001,1996-10-18,960.55,939.93,937.77,968.22,996399000.0,7742965000.0,-0.01301033266129048
sh000001,1996-10-17,931.11,952.32,928.08,952.45,833141700.0,6816293800.0,0.019745577590268626
sh000001,1996-10-16,944.35,933.88,921.15,953.40,849945500.0,6843387500.0,-0.0036381482785476926
sh000001,1996-10-15,943.81,937.29,925.66,944.94,865586700.0,6736911899.999999,-0.0037202776390055092
sh000001,1996-10-14,919.70,940.79,919.70,943.55,1250236200.0,8969167500.0,0.03396014902900357
sh000001,1996-10-11,909.06,909.89,898.72,912.01,1125254100.0,7797990600.000001,0.006404158831987639
sh000001,1996-10-10,878.05,904.1,877.34,904.14,974568300.0,7061036899.999999,0.03442752371254332
sh000001,1996-10-09,882.19,874.01,865.57,883.62,510722900.0,4244968800.0,-0.00410204988548446
sh000001,1996-10-08,869.08,877.61,865.42,882.09,536293200.0,4412090600.0,0.014976985173362989
sh000001,1996-10-07,866.07,864.66,852.83,869.87,440136700.0,3505881900.0,0.0013897574873182883
sh000001,1996-10-04,864.19,863.46,855.79,869.65,384919800.0,3446789699.9999995,-0.0023454921489560743
sh000001,1996-10-03,887.85,865.49,864.67,891.71,585527500.0,5458216899.999999,-0.011467339782760155
sh000001,1996-09-27,861.62,875.53,855.75,875.53,677971100.0,6678001300.0,0.024419067231413738
sh000001,1996-09-26,837.68,854.66,837.68,857.44,552870600.0,5482571899.999999,0.02332431332167917
sh000001,1996-09-25,855.35,835.18,830.25,858.60,526965300.0,5200641900.0,-0.017342808734939763
sh000001,1996-09-24,857.42,849.92,845.39,865.49,761911600.0,7363953100.000001,-0.0024296059812909387
sh000001,1996-09-23,812.94,851.99,812.31,852.04,875020900.0,8309434399.999999,0.05766318246145441
sh000001,1996-09-20,772.29,805.54,770.04,805.54,363256800.0,3339568800.0,0.04738005460928352
sh000001,1996-09-19,756.11,769.1,754.28,769.13,204782700.0,1622768000.0,0.01096272148903732
sh000001,1996-09-18,781.34,760.76,757.94,782.73,296064700.0,2562925900.0,-0.020245209148980092
sh000001,1996-09-17,777.73,776.48,774.15,785.11,282571200.0,2518368000.0,-0.002325611276002504
sh000001,1996-09-16,779.85,778.29,771.80,784.48,310575900.0,2833519099.9999995,-0.00100119373098706
sh000001,1996-09-13,756.39,779.07,752.68,779.07,329442500.0,2478735000.0,0.02903221545655077
sh000001,1996-09-12,780.32,757.09,754.11,784.18,495112500.0,3133171900.0,-0.01580760480987975
sh000001,1996-09-11,762.81,769.25,754.59,773.60,290259500.0,2257991900.0,0.006279024134999034
sh000001,1996-09-10,793.22,764.45,763.15,793.22,357919100.0,3085954099.9999995,-0.036719212691692205
sh000001,1996-09-09,798.60,793.59,791.63,799.98,360370900.0,3426558800.0,-0.009535339415648436
sh000001,1996-09-06,813.59,801.23,796.17,818.36,361496500.0,3128340000.0,-0.0161472531250767
sh000001,1996-09-05,817.37,814.38,812.93,838.67,705552700.0,6088865600.000001,0.002906332356345853
sh000001,1996-09-04,797.90,812.02,795.07,813.46,371796900.0,3151040000.0,0.01474594486516212
sh000001,1996-09-03,805.53,800.22,799.01,818.88,363471600.0,2809077800.0000005,-0.005666144784910121
sh000001,1996-09-02,812.94,804.78,803.13,813.57,362917600.0,2731861900.0,-0.00637084228461382
sh000001,1996-08-30,791.39,809.94,791.39,809.97,466421900.0,3645650900.0000005,0.026891331634399718
sh000001,1996-08-29,797.31,788.73,783.96,797.98,314290700.0,2321098900.0,-0.010177701922594262
sh000001,1996-08-28,790.72,796.84,789.06,806.36,349927500.0,3035088800.0,0.011898865988545504
sh000001,1996-08-27,769.79,787.47,766.70,787.48,259649100.0,2085479100.0,0.01862703248088793
sh000001,1996-08-26,789.15,773.07,770.85,800.53,294132200.0,2597168100.0,-0.03809926713036116
sh000001,1996-08-23,824.89,803.69,786.44,824.89,350852700.0,2884538800.0,-0.017734050354436537
sh000001,1996-08-22,838.20,818.2,816.05,842.46,300231100.0,2389477800.0,-0.018485862693585653
sh000001,1996-08-21,825.69,833.61,825.61,842.68,353354900.0,2953765000.0,0.013581537862944248
sh000001,1996-08-20,834.73,822.44,820.77,837.58,271578000.0,2210838900.0,-0.01577271965726046
sh000001,1996-08-19,852.34,835.62,834.54,852.35,253243000.0,2082029100.0,-0.021373276962535326
sh000001,1996-08-16,862.68,853.87,838.42,862.88,392755900.0,3310180900.0000005,-0.013813335181271147
sh000001,1996-08-15,872.83,865.83,864.77,878.57,370310300.0,3000361900.0,-0.006676991911891195
sh000001,1996-08-14,875.79,871.65,868.74,879.09,306699800.0,2484533000.0,-0.003612212937666448
sh000001,1996-08-13,885.89,874.81,872.40,887.35,338046300.0,2680615900.0000005,-0.012685514361492012
sh000001,1996-08-12,880.13,886.05,880.13,894.86,529240600.0,4094010600.0,0.016578705828361517
sh000001,1996-08-09,875.19,871.6,857.74,880.31,543428800.0,4224015600.0,-0.005022831050228271
sh000001,1996-08-08,871.03,876.0,869.55,877.92,446744900.0,3559626900.0,0.010066069390155308
sh000001,1996-08-07,865.49,867.27,862.61,873.03,511448200.0,4188757800.0000005,0.005856973858179959
sh000001,1996-08-06,854.78,862.22,848.36,862.43,376433100.0,3079940900.0000005,0.010583808999167887
sh000001,1996-08-05,846.03,853.19,838.60,853.20,325265800.0,2536515000.0,0.017058458897577733
sh000001,1996-08-02,842.40,838.88,828.66,850.59,391827200.0,3304123800.0,0.004514375351750033
sh000001,1996-08-01,823.17,835.11,814.89,843.01,371330400.0,2956076900.0,0.015355996498395141
sh000001,1996-07-31,836.67,822.48,820.85,841.72,356860200.0,2827411900.0,-0.01726548217891577
sh000001,1996-07-30,861.72,836.93,834.87,865.50,409372700.0,3347380900.0000005,-0.02161511304388486
sh000001,1996-07-29,846.19,855.42,837.20,855.50,416855800.0,3398341900.0,0.01218761832639137
sh000001,1996-07-26,868.28,845.12,840.21,872.27,653036400.0,5458916899.999999,-0.026538886841135256
sh000001,1996-07-25,887.25,868.16,867.09,894.21,822469000.0,6345046899.999999,-0.021901757548445255
sh000001,1996-07-24,874.97,887.6,874.97,894.73,776747000.0,6477126899.999999,0.018508956131593646
sh000001,1996-07-23,888.92,871.47,864.51,889.41,684744700.0,5458552500.0,-0.015221370940402768
sh000001,1996-07-22,871.48,884.94,870.22,887.07,1082827000.0,8155990600.000001,0.032686450468533135
sh000001,1996-07-19,824.01,856.93,820.66,857.08,860225700.0,6310250000.0,0.04754046256906741
sh000001,1996-07-18,808.09,818.04,808.09,819.56,381463500.0,2923289099.9999995,0.011186788464628616
sh000001,1996-07-17,830.65,808.99,808.50,841.41,719264700.0,5230510900.0,-0.01711862759391558
sh000001,1996-07-16,796.76,823.08,793.69,823.77,568110200.0,4711950600.0,0.04298241167824024
sh000001,1996-07-15,794.88,789.16,780.15,796.25,366584000.0,3162690900.0000005,-0.009103351288908934
sh000001,1996-07-12,784.26,796.41,778.87,796.41,380190500.0,3408681900.0,0.005479313697021704
sh000001,1996-07-11,822.18,792.07,790.57,822.39,539523000.0,4542618100.0,-0.03411987073958889
sh000001,1996-07-10,821.10,820.05,809.35,825.39,657426200.0,5522328800.0,0.0029843079218698776
sh000001,1996-07-09,815.02,817.61,807.43,822.51,767306400.0,6685925000.0,0.012720786781281745
sh000001,1996-07-08,794.13,807.34,790.09,807.89,727434700.0,6682526300.0,0.027960987038121665
sh000001,1996-07-05,788.10,785.38,783.86,797.15,713511700.0,5817923800.0,-6.365939676344912e-05
sh000001,1996-07-04,790.28,785.43,774.07,794.85,618188500.0,5856775000.0,-0.0008904379682750374
sh000001,1996-07-03,767.11,786.13,766.43,786.16,543638900.0,5317400000.0,0.03477642784746804
sh000001,1996-07-02,758.47,759.71,753.64,766.07,361340700.0,3226544699.9999995,-0.0018525331091023833
sh000001,1996-07-01,800.91,761.12,755.32,801.05,602765200.0,4956115900.0,-0.0536276033571651
sh000001,1996-06-28,809.60,804.25,798.04,811.88,436406200.0,3868656900.0,-0.002740371500136396
sh000001,1996-06-27,811.51,806.46,801.74,819.84,573174400.0,5062872800.0,0.00623861452848562
sh000001,1996-06-26,782.15,801.46,782.15,802.04,389447400.0,3268702800.0000005,0.02665727278549923
sh000001,1996-06-25,764.66,780.65,762.13,788.69,366814800.0,3001940900.0000005,-0.015995663901984036
sh000001,1996-06-24,797.87,793.34,789.09,799.03,339144200.0,2713536900.0,-0.0034794186732989285
sh000001,1996-06-21,797.90,796.11,793.42,806.10,377321300.0,3314764099.9999995,0.003175443238952136
sh000001,1996-06-20,788.92,793.59,783.47,802.61,397506400.0,3488889099.9999995,-0.00416609152852887
sh000001,1996-06-19,801.10,796.91,787.37,814.20,734585600.0,6253668800.0,0.0042214829376481244
sh000001,1996-06-18,749.30,793.56,748.56,793.60,539872900.0,4582196300.0,0.0552659574468084
sh000001,1996-06-17,779.71,752.0,750.04,780.35,602104200.0,4112361900.0,-0.032523672293124695
sh000001,1996-06-14,781.98,777.28,772.39,790.32,1017219300.0,7019305000.0,0.011188010615600819
sh000001,1996-06-13,758.22,768.68,745.53,769.30,692963900.0,5005496600.0,0.017081916456064716
sh000001,1996-06-12,761.39,755.77,751.34,774.01,805835100.0,6186033800.0,0.00466593996756437
sh000001,1996-06-11,765.33,752.26,742.40,765.35,770569800.0,5383228800.0,-0.015868862753306567
sh000001,1996-06-10,740.11,764.39,736.99,764.63,1064045100.0,7306135600.000001,0.05093903813897205
sh000001,1996-06-07,720.44,727.34,716.54,739.44,1069187000.0,7645705000.0,0.03515313674143239
sh000001,1996-06-06,703.03,702.64,691.49,715.58,777663300.0,5636051899.999999,0.008135213854254753
sh000001,1996-06-05,654.78,696.97,654.04,696.97,599126300.0,4321803800.0,0.06977636567358902
sh000001,1996-06-04,642.06,651.51,642.00,656.59,318367500.0,2289738000.0,0.0162535681417586
sh000001,1996-06-03,643.96,641.09,636.46,652.52,323304400.0,2405914100.0,-0.0039773168647555535
sh000001,1996-05-31,633.92,643.65,632.22,653.22,241609900.0,1808898000.0,0.011455779747312711
sh000001,1996-05-30,650.61,636.36,634.02,650.90,168118300.0,1047172000.0,-0.021827348745695918
sh000001,1996-05-29,648.55,650.56,646.84,652.28,141789900.0,864848000.0,0.005642206798472715
sh000001,1996-05-28,638.57,646.91,638.18,647.06,193418800.0,1125519000.0,0.014029092733086612
sh000001,1996-05-27,639.51,637.96,635.02,642.11,120722300.0,682554000.0,-0.002875898718349368
sh000001,1996-05-24,638.76,639.8,630.42,644.92,251911000.0,1418904100.0,-0.0044657444722797646
sh000001,1996-05-23,668.70,642.67,641.57,670.25,329240100.0,1703613000.0,-0.038811282940983016
sh000001,1996-05-22,658.15,668.62,657.43,672.61,366383700.0,2094263000.0,0.010228903830173053
sh000001,1996-05-21,701.96,661.85,660.93,707.06,471554900.0,2913322800.0000005,-0.058641975308642014
sh000001,1996-05-20,719.19,703.08,699.37,725.16,662809800.0,4583916900.0,-0.012430997429522472
sh000001,1996-05-17,685.21,711.93,682.41,712.05,432081000.0,2843480900.0000005,0.04223517011184619
sh000001,1996-05-16,687.52,683.08,682.28,698.37,588904700.0,3530615000.0,0.0015101532145738172
sh000001,1996-05-15,665.76,682.05,664.99,682.05,278265100.0,1661033900.0000002,0.0249917345435966
sh000001,1996-05-14,668.58,665.42,663.35,672.44,281169900.0,1624910900.0,-0.0010358649472310688
sh000001,1996-05-13,665.50,666.11,663.69,672.76,383160500.0,1971379800.0,0.007014679426126547
sh000001,1996-05-10,656.33,661.47,648.00,661.47,222507400.0,1300219000.0,0.006956918861318329
sh000001,1996-05-09,659.40,656.9,654.82,669.80,267248100.0,1703690900.0,-0.006608495773284706
sh000001,1996-05-08,659.70,661.27,653.12,666.86,311917000.0,1796039800.0,0.00016637425131582617
sh000001,1996-05-07,677.44,661.16,660.02,682.62,493371500.0,2700473100.0,-0.015075676319866504
sh000001,1996-05-06,648.23,671.28,648.23,672.85,576648900.0,2988110900.0000005,0.0326749123130885
sh000001,1996-05-03,654.43,650.04,645.01,660.27,296082700.0,2002063000.0,-0.006708127683633047
sh000001,1996-05-02,715.97,654.43,652.76,721.66,517900100.0,3547684099.9999995,-0.03924188149627106
sh000001,1996-04-30,728.39,681.16,679.45,738.50,723560400.0,5051593100.0,-0.07779372343018065
sh000001,1996-04-29,722.57,738.62,707.29,739.29,878022200.0,6362673800.0,0.04382357513319479
sh000001,1996-04-26,660.14,707.61,660.14,714.56,1007137600.0,6973550600.000001,0.08417730246525812
sh000001,1996-04-25,674.47,652.67,650.82,686.38,668921300.0,4503471900.0,-0.018024524185661694
sh000001,1996-04-24,633.80,664.65,633.80,664.65,718455300.0,4445490000.0,0.0655369767702838
sh000001,1996-04-23,611.37,623.77,609.89,623.77,288155500.0,1789476900.0,0.01596169193934549
sh000001,1996-04-22,624.93,613.97,613.94,627.65,531217400.0,3500454699.9999995,-0.006713906684786108
sh000001,1996-04-19,602.15,618.12,602.15,618.27,412333900.0,2443462800.0,0.029719464250016703
sh000001,1996-04-18,592.81,600.28,589.80,600.28,165678900.0,948629000.0,0.011628298897839562
sh000001,1996-04-17,594.15,593.38,591.89,597.77,174049200.0,981171000.0,0.004281966658204128
sh000001,1996-04-16,584.27,590.85,584.22,591.42,135067200.0,723480000.0,0.010570065164964948
sh000001,1996-04-15,585.95,584.67,583.32,587.92,82784900.0,485132000.0,-0.0039014583617283938
sh000001,1996-04-12,584.39,586.96,584.39,593.73,154845800.0,963649900.0,0.006136651924989023
sh000001,1996-04-11,579.51,583.38,576.99,583.38,99855400.0,611695000.0,0.0061398365009830425
sh000001,1996-04-10,578.37,579.82,577.73,582.30,100459600.0,608286000.0,0.0030273150310515806
sh000001,1996-04-09,580.63,578.07,576.61,580.94,85930500.0,502419000.0,-0.005693350304447953
sh000001,1996-04-08,583.63,581.38,578.32,587.60,189963000.0,1215845000.0,-0.001974147254218628
sh000001,1996-04-05,563.67,582.53,563.67,584.18,115715900.0,709539000.0,0.034340098368223826
sh000001,1996-04-04,561.19,563.19,559.82,564.47,53691000.0,305107000.0,0.003939534386252719
sh000001,1996-04-03,557.56,560.98,556.23,562.28,48423900.0,258397000.0,0.006765851294843861
sh000001,1996-04-02,564.94,557.21,556.91,564.99,67606800.0,358806000.0,-0.01586040021900781
sh000001,1996-04-01,566.21,566.19,561.95,573.95,137165400.0,820545000.0,0.01761354445622687
sh000001,1996-03-29,553.80,556.39,549.71,557.35,108585600.0,515227000.0,0.004241571005703548
sh000001,1996-03-28,562.31,554.04,553.89,562.44,106069700.0,578857000.0,-0.014777273939717395
sh000001,1996-03-27,562.73,562.35,557.32,562.98,68452200.0,369351000.0,-0.002076235093696699
sh000001,1996-03-26,570.25,563.52,562.97,570.74,89045500.0,467403000.0,-0.011784511784511786
sh000001,1996-03-25,570.77,570.24,569.37,572.75,96236100.0,552893000.0,0.00010522992739137038
sh000001,1996-03-22,569.51,570.18,566.52,571.33,88493500.0,464683000.0,0.0007371524852568534
sh000001,1996-03-21,570.22,569.76,569.31,574.01,111847900.0,594341000.0,0.0001579862025382628
sh000001,1996-03-20,566.28,569.67,566.24,570.48,80307100.0,446454000.0,0.005507016150383848
sh000001,1996-03-19,568.14,566.55,565.34,571.13,76332200.0,412311000.0,-0.0023244756722490267
sh000001,1996-03-18,561.81,567.87,561.09,568.02,98070400.0,529026000.0,0.009744127740535902
sh000001,1996-03-15,561.44,562.39,557.54,563.50,59779500.0,308015000.0,0.0001600569091233517
sh000001,1996-03-14,562.98,562.3,561.50,564.73,59266700.0,316831000.0,-0.0015980113636365756
sh000001,1996-03-13,562.77,563.2,561.03,566.13,66170200.0,340816000.0,-0.0012059303397885524
sh000001,1996-03-12,566.30,563.88,556.41,566.30,116622500.0,631256000.0,-0.007463211997465358
sh000001,1996-03-11,574.19,568.12,565.53,575.47,115724600.0,633143000.0,-0.008741472266327044
sh000001,1996-03-08,566.89,573.13,559.18,574.78,133441200.0,765905000.0,0.006674512145855571
sh000001,1996-03-07,558.12,569.33,558.04,569.33,114842000.0,586833000.0,0.017205645881722242
sh000001,1996-03-06,582.37,559.7,558.69,583.33,251425700.0,1265822000.0,-0.046605117023813425
sh000001,1996-03-05,600.46,587.06,582.73,606.51,428967200.0,2200693000.0,-0.02478487657397266
sh000001,1996-03-04,583.38,601.98,572.91,601.98,448092300.0,2372805000.0,0.08868955040329873
sh000001,1996-02-16,537.13,552.94,537.13,553.83,187061000.0,929203900.0,0.029721777347387235
sh000001,1996-02-15,529.32,536.98,528.50,538.35,83097900.0,394265000.0,0.0146055739253661
sh000001,1996-02-14,530.09,529.25,528.71,534.18,49788200.0,227458000.0,-0.0006231353147778673
sh000001,1996-02-13,525.14,529.58,524.96,530.75,47176200.0,213137000.0,0.00724651463567727
sh000001,1996-02-12,525.63,525.77,522.16,525.77,36464200.0,180683000.0,0.0006851791933919493
sh000001,1996-02-09,522.00,525.41,521.11,525.43,32965800.0,153374000.0,0.006802590733146818
sh000001,1996-02-08,523.74,521.86,521.13,524.65,37869400.0,188937000.0,-0.004653824146480856
sh000001,1996-02-07,520.37,524.3,519.65,524.72,67355500.0,336765000.0,0.006933107991319076
sh000001,1996-02-06,520.08,520.69,518.18,522.67,77620400.0,399123000.0,-0.0041312039781963295
sh000001,1996-02-05,537.23,522.85,522.48,537.27,122087600.0,680049000.0,-0.024606372658756648
sh000001,1996-02-02,535.12,536.04,528.57,536.04,99307000.0,487402000.0,-0.0011925169561004534
sh000001,1996-02-01,536.24,536.68,532.61,537.17,96221700.0,446983000.0,-0.0012468595887226153
sh000001,1996-01-31,531.46,537.35,530.12,538.11,196473200.0,820317000.0,0.008975345963910808
sh000001,1996-01-30,531.30,532.57,525.60,532.65,115375600.0,528944000.0,0.006482216426654697
sh000001,1996-01-29,526.20,529.14,525.49,530.17,109830000.0,485379000.0,0.006792625149837139
sh000001,1996-01-26,516.44,525.57,515.37,527.07,96733000.0,399411000.0,0.008055699407330863
sh000001,1996-01-25,523.75,521.37,520.74,538.96,230732000.0,941892000.0,-0.0024108834165661452
sh000001,1996-01-24,519.94,522.63,519.94,524.33,77997700.0,344156000.0,0.005831408775981428
sh000001,1996-01-23,515.48,519.6,515.48,522.41,55634000.0,251084000.0,0.0060798512953568196
sh000001,1996-01-22,520.95,516.46,514.16,521.00,68262400.0,309451000.0,-0.013466791465301386
sh000001,1996-01-19,515.00,523.51,512.83,523.59,86391200.0,382324000.0,0.011359465255105006
sh000001,1996-01-18,533.38,517.63,517.30,533.41,126754900.0,559188000.0,-0.03662690067186536
sh000001,1996-01-17,546.21,537.31,535.24,548.57,98115300.0,409781000.0,-0.019077698262012666
sh000001,1996-01-16,551.82,547.76,545.49,554.90,85291100.0,362896000.0,-0.005952380952380931
sh000001,1996-01-15,545.05,551.04,543.83,551.91,91936100.0,423649000.0,0.007183198991062012
sh000001,1996-01-12,545.23,547.11,541.67,549.76,96742900.0,421600000.0,0.0026940840114362263
sh000001,1996-01-11,547.46,545.64,543.12,552.56,115774400.0,496816000.0,-0.0036156458858332963
sh000001,1996-01-10,552.30,547.62,540.59,552.31,153153500.0,652606000.0,-0.019691382335039864
sh000001,1996-01-09,541.35,558.62,540.99,559.64,189474200.0,803437000.0,0.03607396553962583
sh000001,1996-01-08,533.33,539.17,527.91,540.04,69620700.0,287150000.0,0.005220277047560451
sh000001,1996-01-05,559.03,536.37,536.12,561.36,138637100.0,597185000.0,-0.04007087121483277
sh000001,1996-01-04,541.94,558.76,539.76,558.94,110591300.0,451488000.0,0.030124257955090217
sh000001,1996-01-03,535.23,542.42,530.79,542.74,55619200.0,252574000.0,0.00845929313774696
sh000001,1996-01-02,550.26,537.87,537.38,550.26,48247800.0,223117000.0,-0.03137099533577048
sh000001,1995-12-29,555.74,555.29,552.84,561.61,82233700.0,394447000.0,-0.002747746129808659
sh000001,1995-12-28,568.77,556.82,555.66,569.19,80937200.0,406661000.0,-0.023807854137447237
sh000001,1995-12-27,571.68,570.4,562.33,573.87,80912300.0,391947000.0,-0.0031805948760966762
sh000001,1995-12-26,578.79,572.22,571.43,580.38,54895200.0,280810000.0,-0.01346482078513167
sh000001,1995-12-25,590.76,580.03,579.26,590.76,70979200.0,370453000.0,-0.023912897145934364
sh000001,1995-12-22,596.26,594.24,591.37,599.71,69686700.0,353630000.0,-0.005339537686423368
sh000001,1995-12-21,601.91,597.43,597.23,606.69,95768000.0,500460000.0,-0.00600625582323977
sh000001,1995-12-20,593.51,601.04,593.51,601.10,66590100.0,346796000.0,0.015167381684288772
sh000001,1995-12-19,592.72,592.06,590.90,596.35,63900300.0,358184000.0,-0.00013510318505760566
sh000001,1995-12-18,600.65,592.14,591.51,600.65,80970000.0,493261000.0,-0.01945718591134149
sh000001,1995-12-15,612.60,603.89,601.02,612.61,99369600.0,542726000.0,-0.017665717771451872
sh000001,1995-12-14,613.07,614.75,611.49,617.86,76643700.0,455578000.0,0.0015477354187032333
sh000001,1995-12-13,629.84,613.8,613.19,631.02,143350600.0,947332000.0,-0.024862975613631044
sh000001,1995-12-12,616.35,629.45,605.09,633.93,147649300.0,928942000.0,0.01645512385750747
sh000001,1995-12-11,636.82,619.26,618.08,639.29,113772900.0,717118000.0,-0.02751342692923775
sh000001,1995-12-08,631.95,636.78,631.84,643.36,145822100.0,887022000.0,0.007818435046847316
sh000001,1995-12-07,628.63,631.84,627.06,632.37,50083200.0,299362000.0,0.005426220899702461
sh000001,1995-12-06,637.30,628.43,627.85,637.32,64182100.0,402153000.0,-0.013794293964408011
sh000001,1995-12-05,636.43,637.22,635.59,638.76,46021200.0,224791000.0,0.0036225036225037144
sh000001,1995-12-04,632.72,634.92,632.24,635.73,41221800.0,215101000.0,0.0017513134851139256
sh000001,1995-12-01,631.55,633.81,624.93,639.49,92195100.0,461737000.0,-0.011432760395545527
sh000001,1995-11-30,639.51,641.14,632.03,652.62,92361600.0,517878000.0,-0.0007013825028445719
sh000001,1995-11-29,652.10,641.59,640.55,652.10,73242800.0,408523000.0,-0.01682578114225297
sh000001,1995-11-28,643.73,652.57,638.31,652.57,95965500.0,536754000.0,0.01168937878858367
sh000001,1995-11-27,658.08,645.03,644.56,658.32,85662000.0,489130000.0,-0.021748032212566604
sh000001,1995-11-24,656.96,659.37,654.09,662.05,76356300.0,465923000.0,0.001518902744657158
sh000001,1995-11-23,662.61,658.37,657.64,664.86,101738700.0,605080000.0,-0.007462461557016242
sh000001,1995-11-22,678.64,663.32,662.86,679.34,91495500.0,555568000.0,-0.022257598537778867
sh000001,1995-11-21,675.18,678.42,675.18,678.88,117392800.0,617954000.0,0.00545395263360704
sh000001,1995-11-20,671.80,674.74,668.63,677.11,82851300.0,525895000.0,-0.002144367707301309
sh000001,1995-11-17,680.08,676.19,675.37,682.23,123332200.0,765757000.0,-0.00915831428403957
sh000001,1995-11-16,690.11,682.44,681.39,691.22,265830600.0,1483161900.0,-0.014099971106616538
sh000001,1995-11-15,688.50,692.2,680.68,692.20,170547400.0,1106689000.0,0.004834003512999674
sh000001,1995-11-14,687.06,688.87,684.47,691.25,129028100.0,690045000.0,0.00024684187599821605
sh000001,1995-11-13,705.89,688.7,686.43,705.92,168168100.0,898383000.0,-0.028302951633839335
sh000001,1995-11-10,710.75,708.76,708.00,712.19,132863600.0,788714000.0,-0.0034308211473567107
sh000001,1995-11-09,708.58,711.2,700.82,714.53,205113400.0,1253332000.0,-0.0005761582889504124
sh000001,1995-11-08,725.33,711.61,708.58,725.33,255337500.0,1328897000.0,-0.024777645301429452
sh000001,1995-11-07,736.90,729.69,728.05,736.91,203449800.0,1196249900.0,-0.008775385451334494
sh000001,1995-11-06,729.04,736.15,728.99,736.15,247745500.0,1392960900.0,0.01148682999216799
sh000001,1995-11-03,720.79,727.79,720.79,727.84,315530800.0,1623081900.0,0.008438409311348094
sh000001,1995-11-02,723.96,721.7,719.14,728.35,205036500.0,1116481000.0,-0.0023362225079140986
sh000001,1995-11-01,716.46,723.39,712.27,727.50,303568700.0,1645705900.0,0.008462053198014852
sh000001,1995-10-31,723.43,717.32,715.40,726.49,273356700.0,1717710900.0,-0.007554165859597561
sh000001,1995-10-30,722.86,722.78,719.24,724.57,251325400.0,1273854900.0,0.0005675761728753947
sh000001,1995-10-27,730.96,722.37,721.47,735.06,357931900.0,1924780000.0,-0.01244070160088595
sh000001,1995-10-26,757.11,731.47,731.14,759.73,637761800.0,3024052800.0000005,-0.03805841585460468
sh000001,1995-10-25,765.21,760.41,740.74,765.48,804644100.0,4649840900.0,0.05091421700733845
sh000001,1995-10-24,724.79,723.57,720.23,727.40,311609700.0,1828258900.0000002,0.0006638177820188496
sh000001,1995-10-23,729.76,723.09,718.44,729.97,387799400.0,2354826900.0,-0.00440595354472717
sh000001,1995-10-20,700.33,726.29,697.56,726.29,322121200.0,1894686900.0,0.03343815364475877
sh000001,1995-10-19,719.76,702.79,700.83,720.75,452719700.0,2636130000.0,-0.019586233835079514
sh000001,1995-10-18,705.72,716.83,705.72,716.83,427305400.0,2326854800.0,0.02054384965831435
sh000001,1995-10-17,700.86,702.4,698.48,705.60,188829900.0,1136566000.0,0.0015113924772578446
sh000001,1995-10-16,702.13,701.34,696.79,706.40,259195300.0,1648940900.0,-0.0023329255455346587
sh000001,1995-10-13,702.49,702.98,693.86,711.53,392921000.0,2946325000.0,-0.0020159000567858687
sh000001,1995-10-12,713.25,704.4,703.80,714.86,548718400.0,2927632800.0000005,-0.009129401173177287
sh000001,1995-10-11,705.56,710.89,700.69,710.89,413923000.0,2585201900.0,0.0031892525013053064
sh000001,1995-10-10,704.55,708.63,703.34,720.43,399519400.0,2674452800.0000005,0.00331308669243513
sh000001,1995-10-09,717.99,706.29,704.41,717.99,234576000.0,1174993000.0,-0.01898716595366423
sh000001,1995-10-06,724.88,719.96,718.93,729.54,232343100.0,1243449900.0,-0.006787330316742057
sh000001,1995-10-05,718.00,724.88,715.64,724.92,102040100.0,561004000.0,0.009877540784909211
sh000001,1995-10-04,724.04,717.79,716.07,725.20,122204500.0,642140000.0,-0.006422767603781687
sh000001,1995-09-29,711.91,722.43,711.91,722.43,192206100.0,986697000.0,0.015804496688648362
sh000001,1995-09-28,705.02,711.19,699.10,711.19,206893700.0,1034910000.0,0.003853428563362904
sh000001,1995-09-27,727.47,708.46,707.61,728.21,260865500.0,1380733900.0000002,-0.0279889141947699
sh000001,1995-09-26,723.22,728.86,721.79,729.29,102287100.0,503872000.0,0.00761733600608272
sh000001,1995-09-25,730.01,723.35,717.43,730.01,121079200.0,600947000.0,-0.009123162696401343
sh000001,1995-09-22,732.07,730.01,727.37,733.81,107483000.0,590275900.0,-0.0015864983519564557
sh000001,1995-09-21,726.32,731.17,726.25,731.89,136701500.0,727557000.0,0.006927038863029145
sh000001,1995-09-20,730.28,726.14,721.00,731.54,202767400.0,985310900.0,-0.014387708010967226
sh000001,1995-09-19,761.17,736.74,735.21,762.18,315408300.0,1493265900.0,-0.027277528386585592
sh000001,1995-09-18,757.99,757.4,751.31,758.18,241800200.0,1208714000.0,0.0019446245022687325
sh000001,1995-09-15,756.65,755.93,749.89,757.89,269183300.0,1427072000.0,-0.002901876986796559
sh000001,1995-09-14,765.13,758.13,754.56,766.07,544840500.0,2374285000.0,-0.0066170497130427774
sh000001,1995-09-13,764.91,763.18,755.00,767.12,342601500.0,1770296900.0,-0.0006678102371382444
sh000001,1995-09-12,791.36,763.69,760.76,792.54,461111700.0,2563080900.0,-0.015165387839319089
sh000001,1995-09-11,756.68,775.45,755.62,775.45,421379400.0,2226745000.0,0.03244661021462436
sh000001,1995-09-08,753.28,751.08,747.06,758.18,305147800.0,1786790000.0,-0.003661254377586798
sh000001,1995-09-07,758.29,753.84,753.01,766.03,619018000.0,3272556900.0,0.00011940298507462366
sh000001,1995-09-06,738.99,753.75,738.27,754.20,381750200.0,2199471100.0,0.01922842886698306
sh000001,1995-09-05,743.21,739.53,736.22,751.58,269862400.0,1817253000.0,0.002222553497133628
sh000001,1995-09-04,731.42,737.89,728.99,737.94,286588300.0,1714945900.0,0.012416991383568332
sh000001,1995-09-01,726.05,728.84,720.99,728.85,203653300.0,1055225900.0,0.0068658737066047415
sh000001,1995-08-31,715.56,723.87,711.11,723.87,188234200.0,910794000.0,0.011373003786343983
sh000001,1995-08-30,721.75,715.73,714.04,725.87,179381700.0,782494000.0,-0.008794039441613166
sh000001,1995-08-29,728.11,722.08,719.87,741.65,256824000.0,1128323900.0,-0.004878586588021205
sh000001,1995-08-28,724.10,725.62,722.53,728.68,147884900.0,716252000.0,-0.0026938618433711703
sh000001,1995-08-25,733.19,727.58,723.90,734.51,220727700.0,1098327000.0,-0.008543980377461291
sh000001,1995-08-24,728.76,733.85,718.05,735.42,259630700.0,1229308000.0,0.005425475071586083
sh000001,1995-08-23,741.72,729.89,724.69,744.43,251578600.0,1344994800.0,-0.013475522396129036
sh000001,1995-08-22,738.94,739.86,734.41,742.92,243088700.0,1382577000.0,0.0010824560928748284
sh000001,1995-08-21,752.06,739.06,735.12,755.44,411319900.0,2243599800.0,-0.02425306628995416
sh000001,1995-08-18,772.57,757.43,753.28,773.23,495351800.0,3011030000.0,-0.015621547858860385
sh000001,1995-08-17,775.80,769.45,763.25,783.22,696710800.0,4258415000.0,0.002331761456895176
sh000001,1995-08-16,752.41,767.66,752.39,767.71,780019000.0,4546991900.0,0.021530845797625986
sh000001,1995-08-15,773.74,751.48,749.54,773.74,727862700.0,4359385000.0,-0.03176014327496679
sh000001,1995-08-14,759.12,776.13,752.98,788.16,1183522600.0,6488543100.000001,0.0417992187814602
sh000001,1995-08-11,736.64,744.99,734.52,749.53,905935700.0,4341420000.0,0.013385023464599133
sh000001,1995-08-10,718.75,735.15,714.62,741.32,855836600.0,3961151900.0,0.024656426839126944
sh000001,1995-08-09,711.80,717.46,704.87,717.55,362322000.0,1636068900.0000002,0.0069190069190070425
sh000001,1995-08-08,724.79,712.53,709.24,728.51,356622600.0,1453947000.0,-0.007728943850267456
sh000001,1995-08-07,708.27,718.08,707.37,718.54,268904300.0,1158315000.0,0.01155124809827024
sh000001,1995-08-04,707.19,709.88,706.55,712.54,257034100.0,1159269000.0,0.00915500966678029
sh000001,1995-08-03,699.41,703.44,698.59,706.65,181712300.0,1000375900.0,0.004928641837740555
sh000001,1995-08-02,721.15,699.99,699.45,733.86,454482800.0,2874145000.0,-0.021540396980710086
sh000001,1995-08-01,697.22,715.4,688.65,718.24,319420100.0,1754645900.0,0.02853856660196974
sh000001,1995-07-31,699.61,695.55,692.48,702.44,232412500.0,1166742000.0,0.000186937390354025
sh000001,1995-07-28,699.85,695.42,692.88,702.97,323092500.0,1612268000.0,-0.0032964512985153016
sh000001,1995-07-27,686.90,697.72,686.76,697.72,224699300.0,984080000.0,0.009549716402361463
sh000001,1995-07-26,703.29,691.12,690.36,713.04,370540100.0,1745170000.0,-0.017709428920662962
sh000001,1995-07-25,709.72,703.58,699.60,712.28,467742500.0,1850363000.0,-0.008930583727743802
sh000001,1995-07-24,699.84,709.92,699.84,716.22,858844800.0,3497951900.0,0.023588442240036978
sh000001,1995-07-21,694.10,693.56,686.64,699.19,287602900.0,1330355900.0,0.0047225843836014025
sh000001,1995-07-20,686.56,690.3,681.37,696.93,276321500.0,1289795900.0,-0.000984109525601462
sh000001,1995-07-19,717.47,690.98,688.93,723.68,669834500.0,2984917800.0000005,-0.03422924790697024
sh000001,1995-07-18,693.97,715.47,685.91,715.47,669229000.0,2819696900.0,0.028787116255661882
sh000001,1995-07-17,651.95,695.45,651.67,700.77,461882900.0,2557495000.0,0.06533394607843146
sh000001,1995-07-14,658.92,652.8,652.36,662.55,176640200.0,778865900.0,-0.005105539891793076
sh000001,1995-07-13,649.53,656.15,649.43,656.15,158822800.0,709517000.0,0.011157171256414689
sh000001,1995-07-12,645.85,648.91,645.83,652.84,113428900.0,626468000.0,-0.00043130670527902204
sh000001,1995-07-11,669.77,649.19,648.62,669.77,224597600.0,1212893900.0,-0.02559137848222859
sh000001,1995-07-10,669.06,666.24,660.05,669.06,340945900.0,1866168000.0,-0.000809862323404964
sh000001,1995-07-07,637.48,666.78,636.84,666.85,306610800.0,1775215000.0,0.04548661743261673
sh000001,1995-07-06,638.03,637.77,631.24,650.71,204092200.0,1260677000.0,0.002735720013206988
sh000001,1995-07-05,624.02,636.03,623.98,637.40,115741400.0,694169000.0,0.02483000870097629
sh000001,1995-07-04,612.24,620.62,610.33,620.62,90839900.0,498045000.0,0.01213346814964611
sh000001,1995-07-03,623.14,613.18,612.92,623.19,126025600.0,662638000.0,-0.027593643946842716
sh000001,1995-06-30,641.60,630.58,625.70,641.60,191774000.0,941260000.0,-0.020716859237172147
sh000001,1995-06-29,647.82,643.92,641.57,650.28,79952400.0,441037000.0,-0.005743931813970815
sh000001,1995-06-28,649.28,647.64,643.52,649.48,79209400.0,410557000.0,-0.0035234563722246204
sh000001,1995-06-27,655.96,649.93,648.84,659.78,138607800.0,694614900.0,-0.0053106825834099425
sh000001,1995-06-26,650.92,653.4,647.81,654.78,82060600.0,421485000.0,0.0050143046113144685
sh000001,1995-06-23,643.68,650.14,643.68,650.82,85588600.0,483110000.0,0.008797926978757697
sh000001,1995-06-22,650.85,644.47,642.60,653.92,106360700.0,526356000.0,-0.011260950276921089
sh000001,1995-06-21,640.88,651.81,639.88,651.81,85903500.0,453693000.0,0.017403927200074998
sh000001,1995-06-20,641.41,640.66,639.49,647.37,77950000.0,425159000.0,0.002660573431826574
sh000001,1995-06-19,637.58,638.96,634.81,641.69,71411400.0,458529000.0,-0.01172394592755266
sh000001,1995-06-16,638.30,646.54,636.13,655.34,98291200.0,623260000.0,-0.00047924557470824247
sh000001,1995-06-15,685.45,646.85,640.37,685.46,231709100.0,1566258900.0000002,-0.061475290908563296
sh000001,1995-06-14,699.32,689.22,684.85,701.85,110360700.0,630675000.0,-0.013920881321982992
sh000001,1995-06-13,697.89,698.95,696.83,702.97,118839600.0,532803000.0,0.0003291733455461632
sh000001,1995-06-12,696.65,698.72,690.40,702.17,194417300.0,811294000.0,-0.005550653269192463
sh000001,1995-06-09,695.70,702.62,695.62,709.02,133747500.0,764648000.0,0.009613035793829994
sh000001,1995-06-08,711.18,695.93,693.34,722.17,214323000.0,1484943900.0000002,-0.028641217112150286
sh000001,1995-06-07,688.86,716.45,686.88,716.54,117363700.0,803308100.0,0.0396441890499617
sh000001,1995-06-06,678.30,689.13,675.65,690.65,93259700.0,683005000.0,-0.0036290555780463807
sh000001,1995-06-05,718.14,691.64,691.01,718.41,118700200.0,902549000.0,-0.03512736809798844
sh000001,1995-06-02,710.82,716.82,710.50,722.30,145328900.0,1132082000.0,0.011500416272736347
sh000001,1995-06-01,703.72,708.67,702.08,708.67,90697400.0,638451000.0,0.01164865597921505
sh000001,1995-05-31,701.22,700.51,690.71,706.48,109235600.0,815670000.0,-0.014753867791842512
sh000001,1995-05-30,712.26,711.0,704.40,725.80,126918200.0,986274000.0,0.0005769853220563004
sh000001,1995-05-29,719.64,710.59,698.77,724.01,150588500.0,1141234900.0,-0.023405074077128107
sh000001,1995-05-26,681.37,727.62,672.37,781.34,390133900.0,3135775000.0,0.04415584415584406
sh000001,1995-05-25,747.06,696.85,696.44,748.23,315144800.0,2525230000.0,-0.06076044909897149
sh000001,1995-05-24,761.16,741.93,720.97,770.14,415347300.0,3381596900.0,-0.011155537784886094
sh000001,1995-05-23,791.74,750.3,749.83,833.69,840916100.0,7530103800.0,-0.16393661830580997
sh000001,1995-05-22,919.75,897.42,870.79,926.41,1207091700.0,11430287500.0,0.04862060504083843
sh000001,1995-05-19,768.82,855.81,761.38,855.81,1085526700.0,9800151900.0,0.12088905187882282
sh000001,1995-05-18,741.81,763.51,682.01,770.82,1007610100.0,8360267500.0,0.3098697867522173
sh000001,1995-05-17,578.84,582.89,577.14,582.96,24231100.0,151195000.0,0.006979355618899508
sh000001,1995-05-16,583.17,578.85,578.18,584.41,33258300.0,223284000.0,-0.00548072297436597
sh000001,1995-05-15,583.19,582.04,578.60,583.40,41069500.0,304102000.0,-0.004787634224745374
sh000001,1995-05-12,569.35,584.84,567.89,593.50,10644500.0,775368000.0,0.02953913319015622
sh000001,1995-05-11,568.75,568.06,566.42,572.34,34902400.0,192221000.0,0.005166861308702142
sh000001,1995-05-10,577.76,565.14,564.86,580.75,54807700.0,331914000.0,-0.023094209161624968
sh000001,1995-05-09,572.10,578.5,572.10,579.57,36364800.0,243982000.0,0.012230757117110747
sh000001,1995-05-08,573.12,571.51,568.70,575.10,30023900.0,191499000.0,-0.004632774265461381
sh000001,1995-05-05,569.53,574.17,569.53,577.45,41884500.0,250064000.0,0.005199579831932644
sh000001,1995-05-04,579.51,571.2,571.20,580.28,48050600.0,287306000.0,-0.01581722319859391
sh000001,1995-05-03,580.79,580.38,580.13,586.25,48247200.0,317231000.0,0.0005171700455108841
sh000001,1995-05-02,576.69,580.08,574.90,580.28,80734300.0,281063000.0,0.00025865190626461754
sh000001,1995-04-28,577.43,579.93,572.32,582.02,93814400.0,582197000.0,0.011546981563203218
sh000001,1995-04-27,579.64,573.31,547.21,598.62,190599600.0,1236587000.0,-0.04738879750095559
sh000001,1995-04-26,621.12,601.83,601.81,622.94,94140900.0,615114000.0,-0.02905588538977799
sh000001,1995-04-25,617.01,619.84,615.35,621.55,61098500.0,429312000.0,0.0001774966517678056
sh000001,1995-04-24,627.39,619.73,618.13,630.26,97712300.0,697945900.0,-0.02556643972389505
sh000001,1995-04-21,646.90,635.99,635.73,649.22,134057300.0,801442000.0,-0.014274643521388741
sh000001,1995-04-20,634.04,645.2,633.93,645.35,109000000.0,804000000.0,0.021678199870152515
sh000001,1995-04-19,625.24,631.51,625.11,631.59,70813000.0,550694000.0,0.009576032740759688
sh000001,1995-04-18,629.87,625.52,625.13,634.15,57637400.0,429679000.0,-0.009092925260589912
sh000001,1995-04-17,640.17,631.26,628.44,642.82,68672900.0,518490000.0,-0.013717892631710527
sh000001,1995-04-14,630.72,640.04,627.04,640.56,102212500.0,715865000.0,0.011505152032366128
sh000001,1995-04-13,647.21,632.76,632.41,651.02,143620300.0,1061729000.0,-0.01858113348016255
sh000001,1995-04-12,633.82,644.74,632.77,649.21,161981200.0,1013378000.0,0.0057091158669744235
sh000001,1995-04-11,661.01,641.08,640.35,665.04,354151500.0,1849245000.0,-0.03942222688383101
sh000001,1995-04-10,678.74,667.39,665.11,681.15,264618100.0,1445067000.0,-0.009395594609036495
sh000001,1995-04-07,663.45,673.72,662.74,677.66,344107800.0,2200458900.0,0.02224380177829044
sh000001,1995-04-06,645.14,659.06,641.83,659.09,186029200.0,1216248900.0,0.014406649222717949
sh000001,1995-04-05,658.44,649.7,649.30,664.95,140374100.0,1392632000.0,-0.015844643722733753
sh000001,1995-04-04,652.43,660.16,650.82,660.79,152095300.0,1327597000.0,0.004993301668493544
sh000001,1995-04-03,651.04,656.88,647.43,660.61,211416000.0,1923283900.0000002,0.015396030421072293
sh000001,1995-03-31,629.93,646.92,627.23,648.04,126596300.0,1200774000.0,0.025343540487851257
sh000001,1995-03-30,641.36,630.93,630.05,645.32,168492900.0,1648679100.0,-0.009762222396609954
sh000001,1995-03-29,624.84,637.15,615.44,637.35,103042500.0,851693000.0,0.01691804325273316
sh000001,1995-03-28,625.57,626.55,624.39,631.83,124665600.0,1025805000.0,-0.004464853184187212
sh000001,1995-03-27,618.47,629.36,618.47,631.70,171900100.0,1494080000.0,0.02875263579449805
sh000001,1995-03-24,609.90,611.77,600.56,613.59,97954500.0,735834000.0,0.001047240358025281
sh000001,1995-03-23,617.54,611.13,609.16,620.34,190779600.0,1375903000.0,-0.004187713866710241
sh000001,1995-03-22,595.32,613.7,594.41,613.76,134616500.0,1026332000.0,0.036742968156094236
sh000001,1995-03-21,581.80,591.95,581.33,593.16,60310200.0,406662000.0,0.011102570672132606
sh000001,1995-03-20,597.85,585.45,585.15,604.96,108432300.0,895131000.0,-0.01359684593610988
sh000001,1995-03-17,579.62,593.52,577.91,593.97,79819600.0,624727000.0,0.02352210802234933
sh000001,1995-03-16,570.51,579.88,569.17,579.88,48940300.0,359637000.0,0.012713936430317707
sh000001,1995-03-15,588.78,572.6,568.60,591.49,66866300.0,495072000.0,-0.026587787297701615
sh000001,1995-03-14,588.18,588.24,586.19,599.90,71949500.0,589109000.0,0.003428688398751323
sh000001,1995-03-13,596.65,586.23,583.38,597.18,71822100.0,559205000.0,-0.00010233843319851221
sh000001,1995-03-10,600.45,586.29,583.72,600.51,125051700.0,928328000.0,-0.03186974685843569
sh000001,1995-03-09,617.22,605.59,604.79,624.25,162393900.0,1329628000.0,-0.0245163576617643
sh000001,1995-03-08,632.96,620.81,618.80,634.20,305092400.0,2172258000.0,-0.019195525783619938
sh000001,1995-03-07,614.73,632.96,597.20,635.24,321071000.0,2513778900.0,0.027032289469414383
sh000001,1995-03-06,585.24,616.3,582.55,616.76,203140700.0,1582630000.0,0.06770382176639744
sh000001,1995-03-03,562.30,577.22,562.30,580.39,106918400.0,881804000.0,0.02918783988588758
sh000001,1995-03-02,557.50,560.85,553.52,564.64,46652700.0,364958000.0,0.006984343579431229
sh000001,1995-03-01,548.91,556.96,545.72,559.48,40751600.0,298097000.0,0.014018861741251998
sh000001,1995-02-28,558.42,549.26,544.06,558.42,49528500.0,339832000.0,-0.021397901188376367
sh000001,1995-02-27,584.02,561.27,559.04,591.43,99764500.0,740046000.0,0.005085686657235522
sh000001,1995-02-24,591.91,558.43,555.20,594.92,124565300.0,879248000.0,-0.05211073956512158
sh000001,1995-02-23,589.90,589.13,575.82,611.89,192289200.0,1351560900.0,-0.009266110587918708
sh000001,1995-02-22,541.21,594.64,541.21,594.81,144003300.0,965164000.0,0.09886535831762577
sh000001,1995-02-21,536.07,541.14,535.97,541.14,26340100.0,117104000.0,0.011552265589950483
sh000001,1995-02-20,534.57,534.96,534.51,540.86,25310500.0,126938000.0,0.0022482014388489624
sh000001,1995-02-17,537.87,533.76,532.67,537.91,38568700.0,198382000.0,-0.008562884261753112
sh000001,1995-02-16,542.26,538.37,537.21,542.82,32218100.0,135403000.0,-0.008234470562228369
sh000001,1995-02-15,547.83,542.84,542.50,548.69,23211600.0,118893000.0,-0.00961485833135678
sh000001,1995-02-14,549.76,548.11,542.18,552.35,33478100.0,150595000.0,-0.0013300779826543874
sh000001,1995-02-13,537.95,548.84,537.05,550.25,43559200.0,197024000.0,0.01377960028076397
sh000001,1995-02-10,548.77,541.38,540.63,558.95,63297800.0,323814000.0,-0.02164955905739485
sh000001,1995-02-09,533.79,553.36,533.14,553.36,58775000.0,250480000.0,0.03674004683840759
sh000001,1995-02-08,533.09,533.75,531.22,537.55,26705200.0,114006000.0,0.0023662416195608937
sh000001,1995-02-07,532.11,532.49,524.43,536.63,27175500.0,130488000.0,-0.0023045791800944126
sh000001,1995-02-06,559.78,533.72,532.91,559.84,29873100.0,169984000.0,-0.05131623384702888
sh000001,1995-01-27,552.95,562.59,552.93,564.61,55862700.0,231154000.0,0.01713944784943333
sh000001,1995-01-26,553.91,553.11,551.14,555.26,32339100.0,182846000.0,-0.004786152545117495
sh000001,1995-01-25,550.27,555.77,550.27,558.58,37848000.0,241320000.0,0.014975254305385377
sh000001,1995-01-24,552.78,547.57,547.38,559.34,39115000.0,248539000.0,-0.01060638912980627
sh000001,1995-01-23,564.86,553.44,553.11,565.04,37217700.0,199050000.0,-0.031160282893354707
sh000001,1995-01-20,566.81,571.24,559.66,578.53,43580300.0,270041000.0,-0.0008395718183726864
sh000001,1995-01-19,589.70,571.72,571.36,593.10,41755800.0,238203000.0,-0.03692473552995079
sh000001,1995-01-18,588.53,593.64,586.99,593.65,31566300.0,177038000.0,0.009694866823145132
sh000001,1995-01-17,591.81,587.94,586.60,595.02,35000100.0,203456000.0,-0.0014775564273702413
sh000001,1995-01-16,591.06,588.81,584.88,591.32,37365100.0,263009000.0,-0.015104375752709953
sh000001,1995-01-13,597.32,597.84,593.81,601.07,42152300.0,292230000.0,-0.007108217631036973
sh000001,1995-01-12,612.79,602.12,601.17,615.47,33819500.0,242435000.0,-0.017957040105687216
sh000001,1995-01-11,610.30,613.13,606.92,615.21,36268200.0,245045000.0,0.004637063739144853
sh000001,1995-01-10,616.16,610.3,607.06,617.60,60692500.0,450541000.0,-0.02507987220447294
sh000001,1995-01-09,637.52,626.0,625.04,637.55,50985100.0,398519000.0,-0.023035145764404796
sh000001,1995-01-06,642.75,640.76,636.33,643.89,48748200.0,353758000.0,-0.00947610876656002
sh000001,1995-01-05,655.38,646.89,645.81,657.52,43012300.0,301533000.0,-0.010584114651045362
sh000001,1995-01-04,641.90,653.81,638.86,655.51,42222000.0,306923000.0,0.021769706820028656
sh000001,1995-01-03,637.72,639.88,630.53,647.71,23451800.0,180693000.0,-0.01233272107058514
sh000001,1994-12-30,648.04,647.87,643.06,651.35,67770900.0,643373000.0,0.004356183920875667
sh000001,1994-12-29,651.33,645.06,642.26,658.29,82812200.0,781288000.0,-0.006973629520159008
sh000001,1994-12-28,660.72,649.59,648.23,662.95,98284800.0,811877000.0,-0.01708328289553318
sh000001,1994-12-27,679.18,660.88,659.34,681.30,163803400.0,1469118900.0000002,-0.02219328874948212
sh000001,1994-12-26,684.81,675.88,674.90,689.13,161015400.0,1507992000.0,-0.002891537826035684
sh000001,1994-12-23,675.94,677.84,675.91,695.22,302371700.0,3277066900.0,0.006473837381956393
sh000001,1994-12-22,670.17,673.48,658.12,676.13,159147000.0,1725469800.0,0.001501925736464127
sh000001,1994-12-21,665.79,672.47,665.51,691.81,256822500.0,2625555900.0000005,0.006782046291583077
sh000001,1994-12-20,660.26,667.94,654.88,674.80,118634500.0,1272535000.0,0.022299768890521543
sh000001,1994-12-19,684.62,653.37,653.31,685.47,97739100.0,872192000.0,-0.03948664422327741
sh000001,1994-12-16,661.38,680.23,657.86,693.76,209518600.0,1900108000.0,0.020324593508129984
sh000001,1994-12-15,626.44,666.68,626.42,671.01,102353900.0,824425900.0,0.06632971321635917
sh000001,1994-12-14,633.06,625.21,624.36,633.06,30680800.0,218004000.0,-0.018015329521894663
sh000001,1994-12-13,632.69,636.68,621.78,640.13,43938100.0,333335000.0,0.02612535658452453
sh000001,1994-12-12,636.35,620.47,620.47,636.35,34402700.0,229148000.0,-0.031529492562473505
sh000001,1994-12-09,639.75,640.67,635.78,647.84,40199200.0,276425000.0,-0.004954493212810274
sh000001,1994-12-08,653.83,643.86,643.27,654.65,27627000.0,189493000.0,-0.013770391360955814
sh000001,1994-12-07,655.14,652.85,651.37,658.57,25290000.0,182390000.0,-0.001727881586592872
sh000001,1994-12-06,658.94,653.98,648.72,658.94,41069800.0,309950000.0,-0.013798199448072035
sh000001,1994-12-05,674.54,663.13,662.72,675.42,39217200.0,269607000.0,-0.02180230414066764
sh000001,1994-12-02,684.18,677.91,677.60,685.47,33807200.0,248128000.0,-0.006434119888611978
sh000001,1994-12-01,684.02,682.3,680.00,684.72,26898100.0,208464000.0,-0.0018870960663557312
sh000001,1994-11-30,687.04,683.59,682.80,689.96,38725200.0,350990000.0,-0.005774041538192942
sh000001,1994-11-29,671.70,687.56,670.61,687.56,39397900.0,315890000.0,0.008906953880467805
sh000001,1994-11-28,683.83,681.49,677.96,683.94,30718100.0,230318000.0,-0.005603140093093928
sh000001,1994-11-25,697.09,685.33,684.00,701.31,66279700.0,603284000.0,0.01078139287926616
sh000001,1994-11-24,676.16,678.02,674.65,684.02,58381600.0,453762000.0,-0.0023395771104015584
sh000001,1994-11-23,690.98,679.61,676.50,691.61,69029700.0,451856000.0,-0.01845780557200416
sh000001,1994-11-22,702.04,692.39,690.05,705.25,72410300.0,618243000.0,-0.009598054641682174
sh000001,1994-11-21,695.75,699.1,693.94,703.59,34582500.0,286605000.0,0.0004149911993247546
sh000001,1994-11-18,690.66,698.81,685.62,698.82,70666200.0,603358000.0,0.002352367428317237
sh000001,1994-11-17,707.16,697.17,696.88,709.89,91213400.0,932018000.0,-0.013387487086594207
sh000001,1994-11-16,704.94,706.63,694.26,712.38,113513600.0,1129399000.0,0.0017010901152489932
sh000001,1994-11-15,717.30,705.43,704.89,724.39,181359900.0,1699880900.0,-0.03812432675656885
sh000001,1994-11-14,731.63,733.39,725.53,739.56,243435700.0,2195111900.0,0.0030499480277914603
sh000001,1994-11-11,725.88,731.16,708.00,731.16,198248000.0,1773733900.0000002,0.027371852517985573
sh000001,1994-11-10,738.00,711.68,710.01,743.22,291438800.0,3032841900.0,-0.016894365321656002
sh000001,1994-11-09,691.98,723.91,691.98,724.72,251096700.0,2676883800.0,0.020036917527370912
sh000001,1994-11-08,707.27,709.69,697.82,735.83,427139600.0,4398732800.0,0.05190685816769691
sh000001,1994-11-07,649.14,674.67,648.68,678.45,121308800.0,964967000.0,0.011848163534652123
sh000001,1994-11-04,717.61,666.77,664.69,717.65,277774100.0,2250338000.0,-0.07052247128359546
sh000001,1994-11-03,675.32,717.36,675.04,722.60,341127400.0,2974120900.0000005,0.07411732997933695
sh000001,1994-11-02,667.05,667.86,663.77,672.12,100864900.0,636829000.0,-0.008800961723979261
sh000001,1994-11-01,667.66,673.79,657.27,675.66,119961500.0,902302000.0,0.028718434150661
sh000001,1994-10-31,648.24,654.98,642.86,665.10,155162400.0,1051577000.0,-0.0331684995202598
sh000001,1994-10-28,695.66,677.45,675.65,702.92,259866400.0,1766982000.0,-0.03719337142207435
sh000001,1994-10-27,682.02,703.62,678.18,703.62,190522800.0,1429673900.0000002,0.02522183852777915
sh000001,1994-10-26,725.94,686.31,683.40,730.80,334793100.0,2913320900.0000005,-0.07818460215978085
sh000001,1994-10-25,794.57,744.52,744.52,794.85,565951800.0,5355786300.0,-0.052592733982312234
sh000001,1994-10-24,741.05,785.85,734.93,785.95,603152400.0,5604240000.0,0.10262238498126863
sh000001,1994-10-21,730.97,712.71,706.41,746.90,654928200.0,6523713100.000001,-0.008734474749301113
sh000001,1994-10-20,663.99,718.99,662.63,719.16,476211600.0,4089370000.0,0.10124216943129771
sh000001,1994-10-19,631.34,652.89,631.24,654.06,193432100.0,1455493900.0000002,0.0454268878498687
sh000001,1994-10-18,625.49,624.52,619.11,630.16,89863900.0,675017000.0,0.013271895382418686
sh000001,1994-10-17,617.90,616.34,615.50,633.16,135071000.0,1028189000.0,-0.07142749529190207
sh000001,1994-10-14,608.07,663.75,593.05,666.92,327002700.0,2721504099.9999995,0.044650445402751204
sh000001,1994-10-13,706.76,635.38,634.67,706.76,363897700.0,2596957800.0,-0.10636981195763773
sh000001,1994-10-12,712.39,711.01,706.56,725.67,213653300.0,1775088000.0,0.008424695420312878
sh000001,1994-10-11,712.03,705.07,700.02,721.66,228405500.0,1901255900.0,0.00878485685261765
sh000001,1994-10-10,678.02,698.93,665.74,727.47,521678600.0,4840295900.0,-0.05297887619744457
sh000001,1994-10-07,638.32,738.03,546.79,759.80,634306900.0,5041046900.0,0.11738077214231635
sh000001,1994-10-06,731.65,660.5,659.89,736.29,283702900.0,2302783000.0,-0.06500382208884226
sh000001,1994-10-05,770.90,706.42,681.87,775.85,326109800.0,2810025900.0000005,-0.10709726347721671
sh000001,1994-09-30,811.83,791.15,789.64,835.50,366876900.0,3295479099.9999995,-0.057447847790604856
sh000001,1994-09-29,921.81,839.37,823.05,922.29,362412800.0,3758015000.0,-0.035373211515255965
sh000001,1994-09-27,880.69,870.15,865.24,886.96,236606100.0,2479185800.0,-0.0118669089257325
sh000001,1994-09-26,856.17,880.6,844.32,884.27,276586600.0,2746748800.0,0.014925373134328401
sh000001,1994-09-23,908.75,867.65,865.93,912.95,416642400.0,4052412800.0000005,-0.05530029179913776
sh000001,1994-09-22,974.21,918.44,913.94,974.25,456040000.0,4723348800.0,-0.052206846021278897
sh000001,1994-09-21,928.75,969.03,928.75,969.03,353678400.0,3700776900.0,0.05975568411728038
sh000001,1994-09-20,922.80,914.39,897.38,933.28,332653900.0,3182942800.0000005,-0.014262305685517784
sh000001,1994-09-19,944.25,927.62,925.83,970.06,414198200.0,3787980900.0000005,-0.052472446092401315
sh000001,1994-09-16,983.79,978.99,953.99,992.39,523797400.0,5217019700.0,0.006632117959158634
sh000001,1994-09-15,985.33,972.54,930.62,991.12,464150400.0,5005258100.0,-0.002379828898508518
sh000001,1994-09-14,1040.95,974.86,970.69,1041.43,806262000.0,7838526899.999999,-0.05671185423863301
sh000001,1994-09-13,1036.84,1033.47,1025.10,1052.94,1020450000.0,11399001299.999998,0.013235683402452958
sh000001,1994-09-12,996.68,1019.97,981.81,1023.30,808749600.0,9068938100.0,0.059687071437476646
sh000001,1994-09-09,982.43,962.52,950.81,997.67,883381800.0,9500711900.0,-0.010608116442580529
sh000001,1994-09-08,967.90,972.84,937.26,998.55,792154500.0,9731151900.0,0.044301555438668094
sh000001,1994-09-07,977.30,931.57,919.84,1016.38,1186730800.0,12793026299.999998,-0.07299088484655492
sh000001,1994-09-06,973.28,1004.92,936.81,1008.01,1431395300.0,15753657500.0,0.0683705255100413
sh000001,1994-09-05,871.16,940.61,868.15,940.76,1838426400.0,15492987500.0,0.13301934520224545
sh000001,1994-09-02,796.69,830.18,796.69,830.20,668555700.0,6524259399.999999,0.050608081600627575
sh000001,1994-09-01,785.61,790.19,785.56,813.42,863573700.0,7930485600.000001,0.006188481275387403
sh000001,1994-08-31,771.33,785.33,761.93,787.22,1073481900.0,9438548800.0,0.038521555144141795
sh000001,1994-08-30,715.45,756.2,715.45,763.07,811989500.0,7812270000.0,0.06405133111949124
sh000001,1994-08-29,716.87,710.68,706.52,717.95,375391700.0,3713521900.0,0.0046224961479197635
sh000001,1994-08-26,728.26,707.41,707.41,728.76,494975600.0,4132016900.0,-0.020519779017764472
sh000001,1994-08-25,704.47,722.23,704.47,724.15,402222100.0,3393620900.0000005,0.023409049042807828
sh000001,1994-08-24,718.61,705.71,704.67,727.41,510421900.0,4752954700.0,-0.01245434572703985
sh000001,1994-08-23,694.71,714.61,673.67,714.62,409911300.0,3033231900.0,0.04812261660310946
sh000001,1994-08-22,680.07,681.8,668.72,697.55,468926000.0,3362148100.0,-0.04489738740631799
sh000001,1994-08-19,750.67,713.85,707.02,760.27,842797200.0,6584195000.0,-0.04636902853478664
sh000001,1994-08-18,734.84,748.56,726.09,772.32,1324072400.0,11000313799.999998,0.03243958953988746
sh000001,1994-08-17,703.88,725.04,693.02,725.04,541875800.0,4597870000.0,0.04621866928327156
sh000001,1994-08-16,670.00,693.01,668.00,713.90,720002800.0,4472109100.0,0.04074307683066025
sh000001,1994-08-15,671.10,665.88,654.22,691.22,455125900.0,3066074699.9999995,-0.03448075863468947
sh000001,1994-08-12,676.07,689.66,675.28,731.02,725485700.0,4955083800.0,0.000507754130942617
sh000001,1994-08-11,765.32,689.31,684.53,768.08,1692973800.0,12471932500.0,-0.06807181678068308
sh000001,1994-08-10,619.34,739.66,597.26,739.66,1428386900.0,9542153100.0,0.18996750217188452
sh000001,1994-08-09,714.54,621.58,609.23,714.55,962050000.0,6787230000.0,-0.12674908682214092
sh000001,1994-08-08,720.48,711.8,671.67,754.67,1587678200.0,11441736299.999998,0.04210587959709522
sh000001,1994-08-05,579.47,683.04,579.47,683.04,1773058600.0,10436576300.0,0.21371075217229052
sh000001,1994-08-04,558.69,562.77,522.98,592.98,1757599400.0,10538591299.999998,0.07608321541932761
sh000001,1994-08-03,438.52,522.98,434.11,523.03,834483700.0,4575471900.0,0.20889484755322352
sh000001,1994-08-02,451.18,432.61,431.58,494.81,918894900.0,5343156899.999999,-0.02923884750022432
sh000001,1994-08-01,394.87,445.64,377.97,448.91,620399100.0,3047690000.0,0.3345711547676089
sh000001,1994-07-29,335.45,333.92,325.89,338.96,118338800.0,482767000.0,-0.017333215620493725
sh000001,1994-07-28,366.55,339.81,339.04,367.72,128077400.0,567005000.0,-0.08431689571544065
sh000001,1994-07-27,387.81,371.1,369.04,392.17,183464600.0,855892000.0,-0.04540192926045006
sh000001,1994-07-26,376.76,388.75,372.11,388.80,169389300.0,798568000.0,0.03558965342710252
sh000001,1994-07-25,357.40,375.39,354.50,375.39,94069100.0,426454000.0,0.03205674538806247
sh000001,1994-07-22,378.19,363.73,362.29,378.23,78275100.0,358381000.0,-0.0450774481491204
sh000001,1994-07-21,390.94,380.9,380.72,390.99,51974700.0,240973000.0,-0.032929646837789206
sh000001,1994-07-20,401.98,393.87,393.14,402.59,33460500.0,167543000.0,-0.016505193767479054
sh000001,1994-07-19,398.90,400.48,393.06,403.49,38863900.0,180248000.0,0.0038099057549629833
sh000001,1994-07-18,405.61,398.96,397.47,406.64,45004000.0,209753000.0,-0.036165535235426316
sh000001,1994-07-15,431.01,413.93,413.00,431.05,69611800.0,369615000.0,-0.041384900416859716
sh000001,1994-07-14,437.53,431.8,430.57,440.59,79063600.0,498112000.0,-0.013299209359718511
sh000001,1994-07-13,430.55,437.62,430.40,437.66,46165200.0,251675000.0,0.019594138067612565
sh000001,1994-07-12,427.62,429.21,427.23,431.15,32247700.0,159814000.0,0.002475767838374443
sh000001,1994-07-11,436.54,428.15,427.08,436.54,66075300.0,406679000.0,-0.021930325528269567
sh000001,1994-07-08,426.25,437.75,425.90,438.06,59650200.0,325375000.0,0.02763040518334181
sh000001,1994-07-07,428.30,425.98,423.03,430.58,44138200.0,239545000.0,-0.013272798869611413
sh000001,1994-07-06,444.59,431.71,430.77,445.05,56253700.0,275082000.0,-0.026825364622078074
sh000001,1994-07-05,437.64,443.61,436.22,443.86,43898900.0,237066000.0,0.0114688312280542
sh000001,1994-07-04,446.23,438.58,438.12,446.86,51969900.0,277932000.0,-0.043174727839954685
sh000001,1994-07-01,469.27,458.37,457.51,469.43,52899500.0,309436000.0,-0.02326919388864035
sh000001,1994-06-30,466.35,469.29,458.74,471.18,47517300.0,268927000.0,0.002328064929517426
sh000001,1994-06-29,472.48,468.2,466.97,475.38,34303800.0,192562000.0,-0.0037238004042983164
sh000001,1994-06-28,470.54,469.95,468.77,472.95,38783300.0,207516000.0,-0.00455411988985388
sh000001,1994-06-27,483.45,472.1,471.03,483.90,66136700.0,380743000.0,-0.041090325594621446
sh000001,1994-06-24,499.91,492.33,490.68,500.50,59950500.0,354685000.0,-0.01610743619976418
sh000001,1994-06-23,507.03,500.39,498.57,507.92,62463800.0,391213000.0,-0.009481768874460617
sh000001,1994-06-22,499.14,505.18,499.14,509.19,55608700.0,324051000.0,0.014275101893308273
sh000001,1994-06-21,498.56,498.07,494.81,501.24,63665600.0,372147000.0,-0.008677825766773561
sh000001,1994-06-20,523.37,502.43,500.46,531.11,185821300.0,1115201000.0,-0.04815762053613715
sh000001,1994-06-17,509.09,527.85,504.13,528.45,184202200.0,1023188000.0,0.04244016115016991
sh000001,1994-06-16,498.11,506.36,494.94,506.40,79772400.0,435822000.0,0.02066074056156908
sh000001,1994-06-15,492.84,496.11,491.18,498.71,82989700.0,414025000.0,0.010922058074376073
sh000001,1994-06-14,492.45,490.75,487.26,497.80,75173900.0,429329000.0,-0.00260146739019973
sh000001,1994-06-13,505.54,492.03,491.61,505.68,70764400.0,410019000.0,-0.04374781358106272
sh000001,1994-06-10,519.84,514.54,512.03,521.84,78470300.0,531075000.0,-0.016175908221797375
sh000001,1994-06-09,534.24,523.0,521.02,536.89,93166900.0,725094900.0,-0.019791588574855634
sh000001,1994-06-08,526.40,533.56,522.85,535.52,80504300.0,539957000.0,0.007173059498640777
sh000001,1994-06-07,541.16,529.76,527.93,541.25,58625300.0,389663000.0,-0.024329152623533634
sh000001,1994-06-06,549.03,542.97,540.99,549.66,116955000.0,376263000.0,-0.010533029612756262
sh000001,1994-06-03,547.21,548.75,547.15,555.39,175766600.0,591782000.0,0.003970141607815725
sh000001,1994-06-02,543.30,546.58,543.10,548.12,183576300.0,450403000.0,0.002807081919090182
sh000001,1994-06-01,554.08,545.05,543.88,556.90,225002400.0,595499000.0,-0.020152446697587534
sh000001,1994-05-31,538.45,556.26,537.78,556.28,310822800.0,544547000.0,0.022048285745783325
sh000001,1994-05-30,565.63,544.26,543.19,565.87,641294000.0,760583000.0,-0.050753453327752274
sh000001,1994-05-27,572.97,573.36,566.37,574.78,129910700.0,803387000.0,-0.007100058878537041
sh000001,1994-05-26,586.09,577.46,575.93,587.16,109949100.0,676743000.0,-0.015849751175949223
sh000001,1994-05-25,591.23,586.76,585.15,592.85,107663400.0,727299900.0,-0.006266300850184647
sh000001,1994-05-24,586.50,590.46,586.50,590.52,104712400.0,657769000.0,0.0047817578490598756
sh000001,1994-05-23,594.52,587.65,586.39,597.15,158567000.0,957903000.0,-0.011056511056511176
sh000001,1994-05-20,592.38,594.22,588.37,597.72,205730400.0,1465319100.0,0.006231584651336108
sh000001,1994-05-19,578.80,590.54,576.85,590.63,123194900.0,689525000.0,0.012377425769731776
sh000001,1994-05-18,590.32,583.32,581.73,591.61,194516600.0,828637000.0,-0.01469544947805801
sh000001,1994-05-17,592.29,592.02,589.53,594.98,163743500.0,946819000.0,-0.0009281603861148735
sh000001,1994-05-16,597.12,592.57,588.48,597.12,265397500.0,1430441900.0,0.003692474466030937
sh000001,1994-05-13,582.51,590.39,575.28,590.40,146681000.0,1058992000.0,0.014137007008382607
sh000001,1994-05-12,586.15,582.16,580.39,593.70,184433600.0,1389959100.0,-0.015257620352515322
sh000001,1994-05-11,603.27,591.18,589.64,606.73,254872000.0,2033319100.0,-0.007054318250529157
sh000001,1994-05-10,584.77,595.38,584.54,595.42,171604100.0,1264363000.0,0.02351727694687966
sh000001,1994-05-09,587.94,581.7,576.94,588.38,174904300.0,1091294900.0,-0.00699897575964481
sh000001,1994-05-06,589.23,585.8,575.25,592.75,177620400.0,1485782000.0,-0.00858056763755144
sh000001,1994-05-05,608.36,590.87,585.23,609.85,190767900.0,1524800000.0,-0.046337841763775534
sh000001,1994-05-04,615.81,619.58,610.38,620.94,238000300.0,1909350900.0,0.022797431368341226
sh000001,1994-05-03,593.94,605.77,588.95,605.77,140076100.0,947685000.0,0.022293101120561598
sh000001,1994-04-29,598.35,592.56,585.77,610.95,260483500.0,1740136900.0,-0.011790604205927036
sh000001,1994-04-28,605.98,599.63,593.81,616.09,357968600.0,2876528100.0,0.0018880534670009386
sh000001,1994-04-27,590.99,598.5,583.29,598.58,291695600.0,2605338800.0,0.032394949285862173
sh000001,1994-04-26,565.47,579.72,565.47,579.91,142388900.0,1199421000.0,0.03373751783166923
sh000001,1994-04-25,566.63,560.8,555.76,572.39,193155600.0,1510770000.0,-0.009309802674581036
sh000001,1994-04-22,586.83,566.07,563.79,599.01,321306000.0,2682669099.9999995,-0.02808921243754592
sh000001,1994-04-21,536.34,582.43,536.34,588.00,219199000.0,1688465000.0,0.07809492077595137
sh000001,1994-04-20,560.79,540.24,536.87,563.24,181445000.0,1333554800.0,-0.05672830129380335
sh000001,1994-04-19,597.78,572.73,571.44,600.66,171016200.0,1325933000.0,-0.05200695191591487
sh000001,1994-04-18,619.51,604.15,597.73,619.53,158792100.0,1252747000.0,-0.03612055074267295
sh000001,1994-04-15,630.57,626.79,592.31,630.83,236934500.0,1465576900.0,-0.014605081121871533
sh000001,1994-04-14,651.82,636.08,634.58,654.57,163072000.0,1035093000.0,-0.03153214878423838
sh000001,1994-04-13,673.60,656.79,654.94,674.50,154842600.0,1127907000.0,-0.013251002839500647
sh000001,1994-04-12,655.34,665.61,652.56,665.81,107818500.0,833453000.0,0.009953721265457904
sh000001,1994-04-11,668.85,659.05,657.10,670.27,117308600.0,1018790000.0,-0.02916697355822362
sh000001,1994-04-08,678.13,678.85,675.25,680.57,91426600.0,818888000.0,0.002273700373536691
sh000001,1994-04-07,678.11,677.31,674.72,684.55,118822000.0,1044025000.0,-0.003574896283873308
sh000001,1994-04-06,682.23,679.74,675.57,683.48,109768700.0,1015694900.0,-0.004408641523251489
sh000001,1994-04-05,695.20,682.75,681.02,698.59,150353900.0,1452960000.0,-0.016748754284397593
sh000001,1994-04-04,698.19,694.38,692.51,700.21,218142100.0,2321317000.0,-0.006382004464541291
sh000001,1994-04-01,704.93,698.84,691.86,705.41,165498700.0,1424888000.0,-0.007977741816426742
sh000001,1994-03-31,709.91,704.46,701.46,713.60,249675300.0,2069537000.0,-0.0026616077243254432
sh000001,1994-03-30,710.35,706.34,703.99,714.10,202356800.0,1817848900.0000002,-0.0008063261235516928
sh000001,1994-03-29,706.37,706.91,700.52,711.48,220198000.0,2221872000.0,0.00666448314654744
sh000001,1994-03-28,702.42,702.23,696.52,709.19,198621800.0,1926715000.0,-0.023391975523259778
sh000001,1994-03-25,732.61,719.05,714.59,737.16,231490400.0,2703843100.0,-0.0072483777440287556
sh000001,1994-03-24,725.20,724.3,719.82,735.49,282521600.0,3615560900.0000005,-0.0012548089518898964
sh000001,1994-03-23,739.38,725.21,723.89,740.38,198650700.0,1787241900.0,-0.019071837253655355
sh000001,1994-03-22,726.16,739.31,724.38,739.32,130998800.0,1324606900.0,0.01051092096990236
sh000001,1994-03-21,755.86,731.62,731.05,757.55,167903700.0,1783117000.0,-0.043908941219518605
sh000001,1994-03-18,777.05,765.22,753.06,781.18,256618500.0,2802097800.0000005,-0.013942580279367012
sh000001,1994-03-17,805.41,776.04,772.09,807.52,345537200.0,3472025000.0,-0.02245959665940267
sh000001,1994-03-16,767.66,793.87,766.65,793.87,369946300.0,4222514699.9999995,0.02731766654588741
sh000001,1994-03-15,800.76,772.76,766.60,800.94,468774600.0,4264984099.9999995,-0.0198625098297861
sh000001,1994-03-14,774.77,788.42,751.20,788.42,482718100.0,5307555600.000001,0.09902701497114497
sh000001,1994-03-11,700.32,717.38,694.32,717.95,316906900.0,4164253800.0,0.026456237748429645
sh000001,1994-03-10,717.72,698.89,694.03,741.44,294027900.0,3942112800.0000005,-0.024046585021854194
sh000001,1994-03-09,715.87,716.11,710.00,722.04,269506600.0,3339811900.0,0.006804729568237189
sh000001,1994-03-08,721.65,711.27,705.65,728.76,171244800.0,1945965900.0,-0.009924832962138086
sh000001,1994-03-07,718.35,718.4,714.05,718.79,30782400.0,295461000.0,-0.010877048051769256
sh000001,1994-03-04,729.14,726.3,724.33,735.97,113528500.0,1155725900.0,-0.011096739056436933
sh000001,1994-03-03,739.39,734.45,727.99,745.71,100225800.0,1073349000.0,-0.010255235425706721
sh000001,1994-03-02,755.53,742.06,740.63,760.44,129117800.0,1430258900.0000002,-0.020111185939336362
sh000001,1994-03-01,771.52,757.29,756.63,775.68,122736700.0,1410733000.0,-0.01775662144283907
sh000001,1994-02-28,785.82,770.98,770.98,795.20,285003400.0,3629447800.0000005,-0.020878311447512066
sh000001,1994-02-25,767.57,787.42,765.45,787.67,234751600.0,2715415000.0,0.0376627484054608
sh000001,1994-02-24,761.41,758.84,749.63,761.41,147241800.0,1571170900.0,-0.0011451738163246183
sh000001,1994-02-23,768.52,759.71,757.24,769.96,40209600.0,386183000.0,-0.011013187185128226
sh000001,1994-02-22,751.68,768.17,749.74,772.82,64710300.0,646343000.0,0.01823941888363101
sh000001,1994-02-21,769.94,754.41,752.62,769.94,44985500.0,374333000.0,-0.01920226734964503
sh000001,1994-02-18,768.13,769.18,765.89,771.80,43036100.0,360086000.0,0.0007936817726426071
sh000001,1994-02-17,773.67,768.57,763.81,774.48,51481800.0,333629000.0,-0.009702357943563888
sh000001,1994-02-16,775.14,776.1,773.13,779.25,53894500.0,429422000.0,0.004322169884569682
sh000001,1994-02-15,775.85,772.76,761.64,777.42,64344100.0,587141000.0,-0.00916772448102987
sh000001,1994-02-14,813.95,779.91,779.09,818.57,114907800.0,1193152000.0,-0.022497681297470762
sh000001,1994-02-04,784.06,797.86,782.34,797.88,141953800.0,1472177000.0,0.022674545291410997
sh000001,1994-02-03,775.20,780.17,775.20,792.52,106685300.0,911053000.0,0.01032116032116015
sh000001,1994-02-02,753.10,772.2,753.10,772.20,58287900.0,462970000.0,0.022578295702840645
sh000001,1994-02-01,770.25,755.15,750.61,770.28,49170200.0,408251000.0,-0.01960402466731581
sh000001,1994-01-31,781.54,770.25,760.78,781.74,81296000.0,679263000.0,-0.03629607386832823
sh000001,1994-01-28,818.32,799.26,795.07,818.34,96816300.0,889296000.0,-0.023625702418763828
sh000001,1994-01-27,813.54,818.6,813.54,819.79,38743700.0,306905000.0,0.0076193055230733275
sh000001,1994-01-26,828.34,812.41,810.32,828.40,85449200.0,658691000.0,-0.004265280858939291
sh000001,1994-01-25,838.06,815.89,815.23,842.04,139728600.0,921423000.0,-0.027776453765490983
sh000001,1994-01-24,830.16,839.2,824.42,839.20,125290700.0,982574000.0,0.03237870288357447
sh000001,1994-01-21,800.55,812.88,794.97,815.75,83184300.0,708300000.0,0.012795753853054315
sh000001,1994-01-20,791.00,802.61,777.83,804.25,89765000.0,823342000.0,-0.006055727554179602
sh000001,1994-01-19,835.08,807.5,794.17,835.08,96166000.0,910652000.0,-0.03300361650659822
sh000001,1994-01-18,859.30,835.06,826.01,859.30,95269400.0,1078340900.0,-0.028186388604413026
sh000001,1994-01-17,861.34,859.28,856.50,868.88,108350100.0,1061639000.0,0.011834249849864031
sh000001,1994-01-14,900.13,849.23,842.62,900.99,242925400.0,2505558000.0,-0.05374055668219202
sh000001,1994-01-13,889.02,897.46,888.80,899.14,80792100.0,838602000.0,0.010607630286924019
sh000001,1994-01-12,891.83,888.04,885.88,900.23,127429900.0,1306063000.0,-0.004205025846892196
sh000001,1994-01-11,903.54,891.79,884.00,907.09,136850000.0,1590900900.0,-0.009452404753970911
sh000001,1994-01-10,891.99,900.3,889.73,900.30,187595100.0,1896703900.0000002,0.02348688099677143
sh000001,1994-01-07,875.18,879.64,873.01,883.99,168688400.0,1752262000.0,0.011859708051027651
sh000001,1994-01-06,850.78,869.33,850.78,869.33,184511700.0,1970031900.0,0.026387872204774565
sh000001,1994-01-05,829.30,846.98,823.10,847.05,89412100.0,975053000.0,0.017161248483829494
sh000001,1994-01-04,835.97,832.69,829.89,836.97,65274300.0,692748100.0,-0.0014510133109484347
sh000001,1994-01-03,837.70,833.9,831.66,840.65,101005600.0,1048326000.0,0.00011993283761091433
sh000001,1993-12-31,829.16,833.8,825.46,834.86,69706300.0,687526000.0,0.009162097720973428
sh000001,1993-12-30,819.14,826.23,816.36,835.21,73974700.0,802905000.0,0.006174192605582496
sh000001,1993-12-29,839.56,821.16,820.06,839.56,93701200.0,1155119000.0,-0.02192789165882547
sh000001,1993-12-28,851.38,839.57,836.17,854.65,143802600.0,1933943000.0,-0.00039290391713286965
sh000001,1993-12-27,841.49,839.9,837.83,843.97,100494000.0,1168685900.0,0.006603626601469292
sh000001,1993-12-24,841.66,834.39,828.81,845.07,91848100.0,969681000.0,0.0007436103481774925
sh000001,1993-12-23,820.54,833.77,820.54,839.41,103124700.0,914545000.0,0.015319231846466552
sh000001,1993-12-22,837.54,821.19,819.68,852.63,206019600.0,2868365000.0,-0.02278839517338216
sh000001,1993-12-21,786.82,840.34,778.93,840.34,123916500.0,1404919100.0,0.07214942778040045
sh000001,1993-12-20,823.77,783.79,750.46,836.04,131958100.0,1551908900.0000002,-0.13076411223244988
sh000001,1993-12-17,884.47,901.7,884.47,913.33,90274400.0,1145469100.0,-0.007025812703726486
sh000001,1993-12-16,941.43,908.08,908.08,948.36,97996900.0,1389314100.0,-0.03458394020901323
sh000001,1993-12-15,926.05,940.61,903.82,940.61,98840700.0,1243628000.0,0.016655858192823114
sh000001,1993-12-14,942.01,925.2,914.95,953.67,92058400.0,1159597000.0,-0.02689399118609126
sh000001,1993-12-13,982.38,950.77,947.83,982.38,98669900.0,1281954000.0,-0.028408800596789296
sh000001,1993-12-10,986.02,978.57,957.65,994.48,128458300.0,1855793000.0,-0.0064270484313126985
sh000001,1993-12-09,1016.78,984.9,969.95,1016.78,124642100.0,2004909800.0,-0.024532768132161986
sh000001,1993-12-08,1044.85,1009.67,1004.02,1044.85,222364300.0,3406758800.0,-0.012393137312440183
sh000001,1993-12-07,1006.70,1022.34,1006.70,1022.34,240283500.0,3843186900.0,0.02673442333186027
sh000001,1993-12-06,986.12,995.72,979.72,1004.01,206296800.0,2864756900.0,0.015346650759174851
sh000001,1993-12-03,975.65,980.67,970.10,982.10,80622900.0,1168038000.0,0.008090049342105221
sh000001,1993-12-02,974.35,972.8,964.43,980.94,77822800.0,1073545000.0,-0.002051702913418163
sh000001,1993-12-01,993.67,974.8,971.49,993.74,121788100.0,1815472000.0,-0.010284994872732045
sh000001,1993-11-30,984.54,984.93,979.08,990.40,160317700.0,2272509800.0,0.012302664035520383
sh000001,1993-11-29,968.44,972.96,956.34,974.85,138663700.0,1921928900.0000002,0.007841390526108771
sh000001,1993-11-26,986.69,965.39,963.46,1011.76,191899300.0,2803762800.0000005,-0.02158732732671864
sh000001,1993-11-25,959.90,986.69,959.90,992.89,235481800.0,3356403800.0,0.035101706828362556
sh000001,1993-11-24,955.24,953.23,945.43,963.62,189382200.0,2704579099.9999995,-0.004927188266610982
sh000001,1993-11-23,955.82,957.95,949.82,971.46,213569100.0,2876176900.0,0.00861261147435699
sh000001,1993-11-22,924.67,949.77,898.49,954.35,188434100.0,2476503000.0,0.027144819232807427
sh000001,1993-11-19,907.41,924.67,904.60,924.67,162073100.0,1951330000.0,0.023918411640293513
sh000001,1993-11-18,895.69,903.07,892.41,903.28,87749300.0,1064898000.0,0.01737171182335384
sh000001,1993-11-17,881.93,887.65,881.93,894.96,106297500.0,1191453900.0,0.008315063669305678
sh000001,1993-11-16,890.92,880.33,876.61,891.43,127861400.0,1532187000.0,-0.011376142667834599
sh000001,1993-11-15,875.80,890.46,875.80,893.42,135435800.0,1650500000.0,0.028280425418894417
sh000001,1993-11-12,858.20,865.97,858.20,868.91,98310900.0,1456373900.0000002,0.020865997854456753
sh000001,1993-11-11,836.55,848.27,836.55,851.44,111497300.0,2055608900.0000002,0.018123552216234406
sh000001,1993-11-10,848.45,833.17,828.66,856.77,116909000.0,2198479800.0,-0.015340069727589722
sh000001,1993-11-09,840.89,846.15,834.75,846.15,67988100.0,823214000.0,0.010943977825302431
sh000001,1993-11-08,833.26,836.99,819.09,836.99,81818500.0,1065228000.0,0.027750831911000917
sh000001,1993-11-05,804.26,814.39,803.03,816.40,51853100.0,619547000.0,0.012595429338771114
sh000001,1993-11-04,804.66,804.26,793.32,806.66,50440200.0,700647000.0,-0.001799654962703734
sh000001,1993-11-03,812.63,805.71,804.73,814.74,57187400.0,733213000.0,-0.008564361918121599
sh000001,1993-11-02,821.85,812.67,810.81,824.49,54900300.0,841058000.0,-0.004946676298808739
sh000001,1993-11-01,801.86,816.71,801.86,823.25,64697100.0,1022379000.0,0.0023195306938956772
sh000001,1993-10-29,834.51,814.82,809.80,834.79,99924000.0,1390732000.0,-0.011932190235975915
sh000001,1993-10-28,779.64,824.66,778.27,829.10,116073400.0,1610291900.0,0.05945682057606816
sh000001,1993-10-27,787.79,778.38,776.41,789.41,90103100.0,1737293000.0,-0.00619230621911826
sh000001,1993-10-26,789.25,783.23,781.13,792.43,99552100.0,1855890000.0,-0.0022166452221104027
sh000001,1993-10-25,792.78,784.97,774.54,797.48,81370700.0,1191264000.0,-0.04132826907341136
sh000001,1993-10-22,827.75,818.81,818.81,844.50,105635000.0,2003888900.0000002,-0.01614899369179945
sh000001,1993-10-21,846.25,832.25,831.87,846.43,74261100.0,1083249000.0,-0.01374651893108969
sh000001,1993-10-20,843.58,843.85,837.97,846.78,69159100.0,777291000.0,0.00506193425440693
sh000001,1993-10-19,839.20,839.6,836.77,846.39,57658300.0,581101000.0,0.005208021550433983
sh000001,1993-10-18,852.82,835.25,835.25,852.82,55446500.0,549878000.0,-0.025288241609485063
sh000001,1993-10-15,855.67,856.92,854.97,862.54,26842600.0,366012000.0,0.0021987275449102395
sh000001,1993-10-14,858.33,855.04,848.53,859.48,41746600.0,575074000.0,-0.005420495521693658
sh000001,1993-10-13,874.36,859.7,854.79,879.29,60754500.0,799373000.0,-0.013449312616189535
sh000001,1993-10-12,868.48,871.42,866.85,875.62,55400900.0,792359000.0,0.0035007715516248705
sh000001,1993-10-11,872.95,868.38,866.93,879.68,63513000.0,1044638000.0,-0.007293429054826439
sh000001,1993-10-08,897.72,874.76,874.28,898.90,119502900.0,2241702800.0,-0.014488181879633188
sh000001,1993-10-07,887.00,887.62,880.99,934.40,161861500.0,3408866900.0,0.002915122480339871
sh000001,1993-10-06,886.33,885.04,879.42,891.13,43647800.0,608054000.0,-0.0009256541665726425
sh000001,1993-10-05,894.37,885.86,885.04,896.00,35740200.0,385454000.0,-0.007495378410173004
sh000001,1993-10-04,895.69,892.55,891.33,901.37,56342800.0,639219000.0,0.0025610208139104085
sh000001,1993-09-30,887.13,890.27,883.55,896.58,52482900.0,610470000.0,0.00468333859973824
sh000001,1993-09-29,904.76,886.12,885.46,909.84,48869400.0,469279000.0,-0.013394199187218181
sh000001,1993-09-28,886.11,898.15,883.92,898.15,55959100.0,553948000.0,0.01948965924311552
sh000001,1993-09-27,876.61,880.98,876.39,884.30,31215800.0,318674000.0,0.0059031068382413565
sh000001,1993-09-24,873.16,875.81,864.38,915.06,46708500.0,568178000.0,-0.0092871202009005
sh000001,1993-09-23,882.68,884.02,881.68,888.82,17234900.0,167679000.0,0.0031546457264763905
sh000001,1993-09-22,891.05,881.24,881.04,892.32,17943200.0,169932000.0,-0.01009851386720284
sh000001,1993-09-21,875.13,890.23,875.13,896.68,26600000.0,297139000.0,0.017405714285714247
sh000001,1993-09-20,875.97,875.0,865.74,878.23,17712200.0,178963000.0,-0.007272438479254739
sh000001,1993-09-17,874.51,881.41,868.74,883.17,14235900.0,169477000.0,0.007233624354344714
sh000001,1993-09-16,885.02,875.08,874.35,885.79,11453800.0,116415000.0,-0.006471536592565608
sh000001,1993-09-15,876.38,880.78,876.25,903.24,10019100.0,112045000.0,0.004745499760443472
sh000001,1993-09-14,875.14,876.62,865.61,879.93,13893600.0,159394000.0,-0.002979846230835692
sh000001,1993-09-13,895.62,879.24,873.55,895.62,29506100.0,340126000.0,-0.0269157554561954
sh000001,1993-09-10,887.83,903.56,887.65,908.91,17150400.0,185086000.0,0.002107224452676082
sh000001,1993-09-09,911.95,901.66,900.82,914.79,23705200.0,324868000.0,-0.008216646684192641
sh000001,1993-09-08,907.98,909.13,896.56,918.26,26397800.0,313453000.0,9.900554431041542e-05
sh000001,1993-09-07,947.12,909.04,908.29,947.12,34594400.0,454292000.0,-0.04062140512701451
sh000001,1993-09-06,940.46,947.53,933.74,947.53,49780900.0,655361000.0,0.02692128450508835
sh000001,1993-09-03,907.89,922.69,905.71,926.11,32316800.0,404959000.0,0.023630171180066384
sh000001,1993-09-02,894.27,901.39,893.00,901.39,17155500.0,154355000.0,0.008300054811682722
sh000001,1993-09-01,898.01,893.97,886.57,900.18,24555300.0,199893000.0,-0.0019091639871381405
sh000001,1993-08-31,895.76,895.68,893.99,909.72,16909200.0,187429000.0,-0.003992126947412911
sh000001,1993-08-30,901.09,899.27,884.51,911.18,23177000.0,265575000.0,0.005231446808035001
sh000001,1993-08-27,903.47,894.59,886.30,903.77,41133200.0,523032000.0,-0.010310761027093385
sh000001,1993-08-26,913.27,903.91,896.00,914.15,17018100.0,193441000.0,-0.00821812596006144
sh000001,1993-08-25,904.74,911.4,904.74,921.21,28567300.0,350713000.0,0.018961584902285056
sh000001,1993-08-24,878.09,894.44,873.13,902.30,34221300.0,386944000.0,0.001354634304714386
sh000001,1993-08-23,933.72,893.23,888.68,937.30,49770400.0,634804000.0,-0.05632091617892532
sh000001,1993-08-20,973.00,946.54,937.99,977.39,45125600.0,571391000.0,-0.02268432953712407
sh000001,1993-08-19,944.58,968.51,944.47,980.43,44829700.0,625743000.0,0.021710463852816275
sh000001,1993-08-18,974.11,947.93,947.93,988.14,64282800.0,850556000.0,-0.026875814846372692
sh000001,1993-08-17,1042.42,974.11,973.48,1042.47,154271900.0,2112173000.0,-0.048599919911707534
sh000001,1993-08-16,969.90,1023.87,967.35,1023.87,143288200.0,1921105900.0,0.08087536684753927
sh000001,1993-08-13,929.42,947.26,922.52,947.26,133246700.0,1521375900.0,0.032953851522289135
sh000001,1993-08-12,896.74,917.04,893.51,917.96,101568900.0,1079757900.0,0.038526873683495166
sh000001,1993-08-11,862.40,883.02,861.78,883.02,43553100.0,457620000.0,0.02429008908685959
sh000001,1993-08-10,897.46,862.08,861.19,911.77,143881100.0,1680655900.0,-0.02619539801416515
sh000001,1993-08-09,866.65,885.27,861.34,887.45,108823500.0,1380780000.0,0.03477417243314007
sh000001,1993-08-06,841.39,855.52,841.39,860.73,52406900.0,617720000.0,0.0073236783233250335
sh000001,1993-08-05,853.71,849.3,842.72,863.94,53832900.0,602015000.0,-0.0014578973358102543
sh000001,1993-08-04,833.40,850.54,823.00,855.86,34327800.0,313256000.0,0.02139975021615892
sh000001,1993-08-03,842.29,832.72,830.67,853.35,30748000.0,358107000.0,-0.01251082097074474
sh000001,1993-08-02,885.31,843.27,842.35,913.15,132710100.0,1518909100.0,-0.0429023800606082
sh000001,1993-07-30,810.09,881.07,810.09,901.12,122213600.0,1433113000.0,0.09223102383874449
sh000001,1993-07-29,801.16,806.67,801.16,810.63,25966700.0,250169000.0,0.01044680771109685
sh000001,1993-07-28,792.88,798.33,791.23,818.06,43947300.0,498868000.0,0.008476289128622305
sh000001,1993-07-27,788.19,791.62,777.73,798.85,14811000.0,170851000.0,0.0048361914674859285
sh000001,1993-07-26,810.07,787.81,787.80,810.07,24545900.0,234455000.0,-0.03162720947955855
sh000001,1993-07-23,816.08,813.54,811.47,818.55,20272400.0,173169000.0,-0.0024401309577820607
sh000001,1993-07-22,812.10,815.53,804.10,815.53,14895900.0,119825000.0,0.004668982679183031
sh000001,1993-07-21,809.53,811.74,808.20,820.07,16293700.0,145735000.0,0.0043676767176847875
sh000001,1993-07-20,835.79,808.21,803.22,838.34,19428100.0,242551000.0,-0.03437358120863099
sh000001,1993-07-19,846.87,836.98,836.71,849.04,33605800.0,286147000.0,-0.01167829773164708
sh000001,1993-07-16,841.62,846.87,839.28,849.66,19016300.0,269163000.0,0.009741266245379743
sh000001,1993-07-15,833.89,838.7,830.61,847.30,17923400.0,227158000.0,0.002761869462810429
sh000001,1993-07-14,870.05,836.39,833.08,870.05,30815700.0,469981000.0,-0.038687431756795565
sh000001,1993-07-13,853.66,870.05,853.66,870.05,28432600.0,376501000.0,0.029011732425016534
sh000001,1993-07-12,855.50,845.52,828.55,855.50,43384900.0,533242000.0,-0.026537872595185252
sh000001,1993-07-09,896.16,868.57,865.31,896.24,17493600.0,232010000.0,-0.030786913051240705
sh000001,1993-07-08,904.46,896.16,895.62,909.11,12023600.0,163977000.0,-0.008442226623441296
sh000001,1993-07-07,897.22,903.79,869.65,909.93,23399600.0,326029000.0,0.0068512989617217634
sh000001,1993-07-06,938.42,897.64,895.69,938.42,32622400.0,476734000.0,-0.05740777687937748
sh000001,1993-07-05,976.67,952.31,946.87,980.92,28641700.0,436289000.0,-0.03512735820381374
sh000001,1993-07-02,995.70,986.98,986.98,1002.87,26405000.0,372539000.0,-0.0105761230238689
sh000001,1993-07-01,1000.80,997.53,980.05,1009.89,39904300.0,636201000.0,-0.00945335385531998
sh000001,1993-06-30,1037.89,1007.05,1003.86,1043.05,58065100.0,1106797000.0,-0.020798490918284118
sh000001,1993-06-29,1008.23,1028.44,1002.61,1037.49,83242800.0,1468988000.0,0.025957183615650248
sh000001,1993-06-28,1006.63,1002.42,983.97,1010.52,32836400.0,496783000.0,-0.0041921640308353325
sh000001,1993-06-25,979.93,1006.64,979.93,1041.22,22439600.0,312422000.0,0.027005519450707505
sh000001,1993-06-24,985.62,980.17,974.17,993.80,13740500.0,152818000.0,-0.005932942536662544
sh000001,1993-06-23,981.40,986.02,980.53,991.21,13603400.0,132857000.0,0.004984049004719049
sh000001,1993-06-22,972.10,981.13,971.63,987.07,16305300.0,162669000.0,0.003600617833287245
sh000001,1993-06-21,1003.98,977.61,967.74,1003.98,17526600.0,270902000.0,-0.0282013558917672
sh000001,1993-06-18,994.20,1005.98,989.21,1007.25,14863400.0,246544000.0,0.007995991983968054
sh000001,1993-06-17,998.21,998.0,998.00,1016.23,13433400.0,217201000.0,-0.006213654106588029
sh000001,1993-06-16,1004.40,1004.24,997.33,1013.81,15029700.0,253329000.0,0.002625772506264834
sh000001,1993-06-15,998.70,1001.61,981.84,1002.96,23373500.0,382174000.0,0.001179492818088379
sh000001,1993-06-14,1046.07,1000.43,990.16,1046.07,42187200.0,819934900.0,-0.04447946513849099
sh000001,1993-06-11,1043.94,1047.0,1024.20,1052.56,27958200.0,482832000.0,0.00245107425989044
sh000001,1993-06-10,1069.36,1044.44,1040.38,1070.06,32304400.0,582025000.0,-0.019480092753405454
sh000001,1993-06-09,1071.33,1065.19,1053.32,1081.18,45470500.0,682380000.0,-0.008738297753540847
sh000001,1993-06-08,1094.11,1074.58,1054.31,1101.69,101236300.0,1905350900.0,0.009014253788803384
sh000001,1993-06-07,1006.26,1064.98,982.03,1068.84,44956300.0,821819000.0,0.06042019316937175
sh000001,1993-06-04,1024.74,1004.3,981.89,1031.03,50104000.0,851142000.0,-0.013738718832552621
sh000001,1993-06-03,1102.08,1018.29,961.32,1177.91,110374800.0,2175693000.0,-0.05818534961154276
sh000001,1993-06-02,958.61,1081.2,904.32,1081.20,99884600.0,1632418900.0000002,0.16435848284477372
sh000001,1993-06-01,935.90,928.58,859.48,935.90,27585800.0,318072000.0,-0.007375892589900346
sh000001,1993-05-31,975.05,935.48,930.64,980.03,34190800.0,329465000.0,-0.0383338301962437
sh000001,1993-05-28,962.21,972.77,959.25,980.96,21841900.0,315795000.0,0.00950592044499321
sh000001,1993-05-27,1001.19,963.61,942.21,1001.63,25302200.0,333874000.0,-0.03198553418052141
sh000001,1993-05-26,1003.89,995.45,992.94,1008.55,20256500.0,314099000.0,-0.0025051355278320475
sh000001,1993-05-25,1020.32,997.95,965.29,1020.32,30106400.0,475956000.0,-0.02746240729732108
sh000001,1993-05-24,1136.29,1026.13,1024.69,1143.97,38697200.0,605216000.0,-0.10300969431016538
sh000001,1993-05-21,1177.30,1143.97,1133.20,1178.54,15356400.0,246662000.0,-0.01838853612493574
sh000001,1993-05-20,1148.56,1165.4,1148.56,1175.20,24387900.0,418852000.0,0.015847004061993353
sh000001,1993-05-19,1129.10,1147.22,1127.43,1147.22,11736200.0,192081000.0,0.015005396988303499
sh000001,1993-05-18,1140.04,1130.26,1128.75,1148.34,19490200.0,331719000.0,-0.008578646363285425
sh000001,1993-05-17,1162.07,1140.04,1097.61,1162.07,19483200.0,333078000.0,-0.023495250413286928
sh000001,1993-05-14,1180.46,1167.47,1161.19,1201.44,25702500.0,499321000.0,-0.008332767056265289
sh000001,1993-05-13,1140.21,1177.28,1140.21,1177.28,19331600.0,362447000.0,0.03252966610828012
sh000001,1993-05-12,1138.52,1140.19,1133.93,1160.51,24862900.0,490370000.0,0.003034994809719027
sh000001,1993-05-11,1124.85,1136.74,1107.66,1138.49,24142100.0,435013000.0,0.007489209334479607
sh000001,1993-05-10,1216.72,1128.29,1110.94,1221.98,39738100.0,776773000.0,-0.05960943816104214
sh000001,1993-05-07,1194.26,1199.81,1159.16,1210.78,43220800.0,857568000.0,0.03172187252777481
sh000001,1993-05-06,1250.39,1162.92,1151.49,1250.39,46567800.0,960345000.0,-0.0672911887842671
sh000001,1993-05-05,1232.65,1246.82,1204.06,1273.13,46009600.0,956153000.0,0.004560250088626594
sh000001,1993-05-04,1352.08,1241.16,1234.55,1365.92,71292400.0,1678568900.0000002,-0.08214518132875814
sh000001,1993-05-03,1365.15,1352.24,1349.98,1380.50,59518900.0,1211643000.0,-0.004813141200194271
sh000001,1993-04-30,1341.54,1358.78,1336.59,1363.11,39949000.0,816129000.0,0.006742338924782043
sh000001,1993-04-29,1377.04,1349.68,1348.38,1392.62,50255400.0,1042873000.0,-0.016626593806921663
sh000001,1993-04-28,1371.10,1372.5,1357.91,1382.83,68809400.0,1349145000.0,0.0066449568737898534
sh000001,1993-04-27,1379.43,1363.44,1360.83,1391.42,91152800.0,2066885000.0,0.013250496057550132
sh000001,1993-04-26,1298.92,1345.61,1282.54,1345.73,77438500.0,1926984800.0,0.0677325927395358
sh000001,1993-04-23,1288.51,1260.25,1255.87,1295.76,55684900.0,1199954000.0,-0.0056022408963585235
sh000001,1993-04-22,1227.10,1267.35,1220.27,1267.35,34489200.0,718872000.0,0.036636238712210334
sh000001,1993-04-21,1234.71,1222.56,1220.09,1243.47,28027500.0,506462000.0,-0.010489510489510523
sh000001,1993-04-20,1257.10,1235.52,1233.72,1257.10,45007400.0,941172000.0,0.01005542747829491
sh000001,1993-04-19,1203.85,1223.22,1185.76,1241.86,47857700.0,879194000.0,0.006972628112780432
sh000001,1993-04-16,1282.79,1214.75,1211.83,1287.08,65147000.0,1327288000.0,-0.05011572988020385
sh000001,1993-04-15,1265.30,1278.84,1255.94,1298.34,59730500.0,1191252000.0,0.00506920048098447
sh000001,1993-04-14,1304.33,1272.39,1247.83,1341.19,88080900.0,2337361900.0,-0.019246778072393056
sh000001,1993-04-13,1204.75,1297.36,1201.07,1297.84,66812100.0,1363105000.0,0.07795337088921017
sh000001,1993-04-12,1254.62,1203.54,1195.57,1276.41,63895800.0,1264504900.0,-0.0317613554086017
sh000001,1993-04-09,1322.07,1243.02,1236.46,1340.91,106908500.0,2057903000.0,0.13040868663720206
sh000001,1993-04-07,1108.64,1099.62,1076.45,1158.74,101968400.0,1806203000.0,0.03774938185387211
sh000001,1993-04-06,949.81,1059.62,949.05,1064.87,53894300.0,758332000.0,0.1178959139966449
sh000001,1993-04-05,945.58,947.87,924.49,947.90,18006000.0,200021000.0,0.004088939735807928
sh000001,1993-04-02,953.51,944.01,940.55,968.05,18497800.0,266862000.0,-0.0033993855768926773
sh000001,1993-04-01,921.59,947.23,915.59,949.77,13829400.0,198180000.0,0.023025996047131958
sh000001,1993-03-31,953.29,925.91,918.40,957.94,23505600.0,313307000.0,-0.03354730963937158
sh000001,1993-03-30,973.08,958.05,958.05,992.11,27161600.0,339810000.0,-0.012777577412540708
sh000001,1993-03-29,1008.40,970.45,961.49,1047.88,24421700.0,351144000.0,-0.06665961375702079
sh000001,1993-03-26,969.24,1039.76,945.93,1039.76,51256800.0,759833000.0,0.09978633834697814
sh000001,1993-03-25,963.53,945.42,913.74,965.96,21946500.0,309520000.0,-0.012069343866578985
sh000001,1993-03-24,965.58,956.97,956.97,996.58,22016900.0,315253000.0,-0.014702702702702686
sh000001,1993-03-23,1035.60,971.25,958.42,1035.63,35024800.0,548908000.0,-0.06333179030204839
sh000001,1993-03-22,1148.29,1036.92,1036.92,1179.05,37713800.0,645850000.0,-0.11750738304155772
sh000001,1993-03-19,1188.37,1174.99,1171.73,1207.56,26366300.0,431658000.0,-0.008011954612994754
sh000001,1993-03-18,1203.20,1184.48,1171.43,1206.59,17671500.0,309780000.0,-0.015272062185642366
sh000001,1993-03-17,1238.80,1202.85,1193.59,1239.33,16570700.0,309235000.0,-0.016113860373808908
sh000001,1993-03-16,1167.91,1222.55,1155.10,1222.55,24317400.0,435521000.0,0.04337176653324559
sh000001,1993-03-15,1226.66,1171.73,1171.73,1241.04,25675500.0,514230000.0,-0.05228208384221544
sh000001,1993-03-12,1280.37,1236.37,1231.39,1286.07,40211000.0,970839000.0,-0.020153748613092493
sh000001,1993-03-11,1219.47,1261.8,1196.25,1261.80,44817800.0,1060954000.0,0.06125469944573858
sh000001,1993-03-10,1099.52,1188.97,1089.36,1190.33,30179000.0,691214900.0,0.04498193867058076
sh000001,1993-03-09,1160.13,1137.79,1129.81,1209.66,39165800.0,861924000.0,-0.05940561319389914
sh000001,1993-03-08,1133.52,1209.65,1133.46,1325.49,75931400.0,1862035900.0,0.09022658038466402
sh000001,1993-03-05,1116.41,1109.54,1026.18,1180.58,48499200.0,919757000.0,-0.04278208656492377
sh000001,1993-03-04,1231.92,1159.13,1131.29,1244.65,27796700.0,529912000.0,-0.058972048353182704
sh000001,1993-03-03,1263.74,1231.77,1220.03,1267.54,19353900.0,378384000.0,-0.010713912826979088
sh000001,1993-03-02,1207.57,1245.11,1186.34,1285.17,39995600.0,858824000.0,0.037825177331566096
sh000001,1993-03-01,1328.22,1199.73,1199.73,1339.10,42590100.0,891107000.0,-0.10459891930620657
sh000001,1993-02-26,1436.99,1339.88,1320.89,1444.05,65026200.0,1613234100.0,-0.04997305652457518
sh000001,1993-02-25,1271.20,1410.36,1261.76,1421.35,59558300.0,1400825900.0,0.11494434606627868
sh000001,1993-02-24,1310.04,1264.96,1196.47,1346.48,72096000.0,1506185000.0,-0.07488883688275205
sh000001,1993-02-23,1420.63,1367.36,1346.15,1466.07,47146300.0,992925000.0,-0.061066133805766754
sh000001,1993-02-22,1487.84,1456.29,1453.31,1527.13,47799900.0,941933000.0,-0.028971688425993847
sh000001,1993-02-19,1471.56,1499.74,1441.07,1514.46,50456900.0,1482041900.0,-0.005622521913248746
sh000001,1993-02-18,1503.72,1508.22,1497.79,1538.61,44231600.0,997229000.0,0.0028058510638298007
sh000001,1993-02-17,1515.25,1504.0,1502.88,1533.58,37401700.0,956165000.0,-0.006263710125009925
sh000001,1993-02-16,1555.15,1513.48,1504.36,1558.95,49370700.0,1218624000.0,0.03751131097644578
sh000001,1993-02-12,1378.20,1458.76,1352.27,1458.76,85377900.0,1250749100.0,0.04392505975468364
sh000001,1993-02-11,1495.92,1397.38,1364.67,1497.01,73165800.0,1400213900.0000002,-0.039244805632330904
sh000001,1993-02-10,1500.52,1454.46,1448.07,1528.51,78879600.0,1793074800.0,-0.013871938817020646
sh000001,1993-02-09,1427.33,1474.92,1426.48,1483.52,76479200.0,1652640900.0,0.058679127457524904
sh000001,1993-02-08,1339.59,1393.17,1334.19,1393.34,62254100.0,1165095000.0,0.04517014764133953
sh000001,1993-02-05,1371.34,1332.96,1325.85,1404.64,65156400.0,1397213000.0,-0.028157307630615747
sh000001,1993-02-04,1323.13,1371.58,1297.46,1371.58,55691600.0,1120555000.0,0.05460724610936829
sh000001,1993-02-03,1321.63,1300.56,1265.70,1326.19,56056600.0,1019045000.0,-0.007645469944604688
sh000001,1993-02-02,1292.40,1310.58,1291.99,1325.24,61441300.0,1194551000.0,0.025091904575674562
sh000001,1993-02-01,1242.35,1278.5,1222.18,1278.50,68344100.0,1296071000.0,0.06676790601428473
sh000001,1993-01-29,1156.84,1198.48,1140.24,1198.48,52009700.0,815954000.0,0.0418213270512966
sh000001,1993-01-28,1182.39,1150.37,1146.90,1186.21,46010100.0,815769000.0,-0.010383331612814573
sh000001,1993-01-27,1126.37,1162.44,1113.57,1162.44,47263200.0,810903000.0,0.05646590506311866
sh000001,1993-01-22,1074.36,1100.31,1073.64,1109.59,32564300.0,527932000.0,0.024249250646956932
sh000001,1993-01-21,1051.60,1074.26,1046.18,1077.82,30186400.0,491453000.0,0.029665200180195805
sh000001,1993-01-20,990.09,1043.31,984.74,1050.11,25837600.0,411584000.0,0.05190405613865279
sh000001,1993-01-19,1053.52,991.83,991.83,1064.08,33261000.0,611132000.0,-0.06016184664367197
sh000001,1993-01-18,1067.98,1055.32,1052.80,1078.03,33836900.0,534251000.0,-0.007934120478303441
sh000001,1993-01-15,1083.60,1063.76,1054.46,1099.83,46630300.0,728896000.0,-0.020866507736347573
sh000001,1993-01-14,1053.91,1086.43,1036.03,1088.60,63840400.0,992732000.0,0.06091499438504
sh000001,1993-01-13,996.41,1024.05,973.30,1024.05,39530700.0,588489000.0,0.03726475295261622
sh000001,1993-01-12,1001.93,987.26,982.15,1028.43,62439900.0,935387000.0,0.010067320087577603
sh000001,1993-01-11,913.44,977.42,901.47,977.42,63885100.0,950385000.0,0.09887910778328668
sh000001,1993-01-08,882.57,889.47,878.33,893.86,37343200.0,623602000.0,0.02359114814090235
sh000001,1993-01-07,855.80,868.97,849.53,868.97,26844700.0,363540000.0,0.025405928443311687
sh000001,1993-01-06,881.00,847.44,843.16,883.42,40287100.0,566275900.0,0.04102992481941925
sh000001,1993-01-04,784.13,814.04,777.16,816.64,18385000.0,263005000.0,0.043119465908071586
sh000001,1992-12-31,765.86,780.39,765.41,784.03,13551100.0,180355000.0,0.0167682926829269
sh000001,1992-12-30,775.07,767.52,767.07,777.43,15273500.0,194586000.0,-0.0018077538333485244
sh000001,1992-12-29,759.54,768.91,754.54,769.61,14986400.0,187125000.0,0.015317373334565731
sh000001,1992-12-28,764.43,757.31,756.89,772.29,15216700.0,178234000.0,-0.009119694352854979
sh000001,1992-12-25,768.68,764.28,761.89,781.36,26168700.0,366033000.0,0.007500757985209328
sh000001,1992-12-24,731.55,758.59,731.31,758.59,16675200.0,217228000.0,0.03625435421077805
sh000001,1992-12-23,723.84,732.05,721.44,736.27,11315900.0,138606000.0,0.008638981509548227
sh000001,1992-12-22,731.58,725.78,724.74,731.90,18332200.0,233273000.0,-0.00806363437568336
sh000001,1992-12-21,709.87,731.68,697.70,731.68,27703700.0,411629000.0,0.04805695214358341
sh000001,1992-12-18,715.72,698.13,690.45,721.26,10233600.0,142493000.0,-0.013689921166398333
sh000001,1992-12-17,689.14,707.82,685.65,707.82,11680200.0,150199000.0,0.03207838791519646
sh000001,1992-12-16,671.45,685.82,663.17,690.25,12133100.0,135191000.0,0.005247420262664226
sh000001,1992-12-15,699.83,682.24,682.24,713.90,14170300.0,166198000.0,-0.03237976371140461
sh000001,1992-12-14,741.06,705.07,668.07,748.19,18814100.0,231872000.0,-0.023827324583263976
sh000001,1992-12-11,664.61,722.28,628.91,735.62,30749000.0,372690000.0,0.15522287798090284
sh000001,1992-12-10,668.46,625.23,592.78,693.41,22743900.0,258176000.0,-0.07571882622514603
sh000001,1992-12-09,737.94,676.45,661.66,752.89,27620400.0,342674000.0,-0.10278006207390511
sh000001,1992-12-08,796.63,753.94,743.90,811.57,43366000.0,596425000.0,-0.0495556255909233
sh000001,1992-12-07,765.87,793.25,757.34,803.12,25074200.0,339071000.0,-0.017062774156774263
sh000001,1992-12-04,833.23,807.02,807.02,841.02,30575300.0,461615000.0,-0.0014600346448899737
sh000001,1992-12-03,760.65,808.2,739.03,826.06,30101400.0,428633000.0,0.11908058709498759
sh000001,1992-12-02,694.88,722.2,690.63,722.20,18142100.0,225079000.0,0.007617825152775204
sh000001,1992-12-01,718.99,716.74,713.85,749.89,21540400.0,259136000.0,-0.010847364062931297
sh000001,1992-11-30,682.08,724.6,637.67,727.13,37065500.0,466139000.0,0.13632443113209036
sh000001,1992-11-27,593.68,637.67,490.54,682.40,26691500.0,303435000.0,0.13462393907581705
sh000001,1992-11-26,674.74,562.01,562.01,752.32,38763300.0,451184000.0,-0.01682906775361681
sh000001,1992-11-25,485.16,571.63,441.54,571.63,30292800.0,264883000.0,0.299040996273066
sh000001,1992-11-24,414.84,440.04,410.81,448.44,17509500.0,125234000.0,0.07224834913131417
sh000001,1992-11-23,404.05,410.39,401.82,410.57,13331400.0,91610000.0,0.022294738939816705
sh000001,1992-11-20,394.90,401.44,394.31,401.44,8647700.0,55774000.0,0.006241383632034081
sh000001,1992-11-19,409.61,398.95,395.16,412.23,11503000.0,76385000.0,-0.021245798680111005
sh000001,1992-11-18,400.01,407.61,389.59,407.61,9328500.0,59699000.0,0.035805041675137206
sh000001,1992-11-17,390.09,393.52,386.85,399.08,10076200.0,67791000.0,-0.01452469197635986
sh000001,1992-11-16,402.02,399.32,397.63,415.64,10707400.0,67165000.0,-0.035668574464488345
sh000001,1992-11-13,418.49,414.09,413.30,421.67,11676300.0,79106000.0,-0.004088602419490717
sh000001,1992-11-12,408.42,415.79,402.33,416.22,12112000.0,87130000.0,0.013726350692412792
sh000001,1992-11-11,402.79,410.16,388.32,410.16,10491400.0,70781000.0,0.024043142835742826
sh000001,1992-11-10,404.49,400.53,391.17,428.34,12466100.0,89992000.0,-0.06551410373066435
sh000001,1992-11-09,439.81,428.61,424.68,459.04,9562200.0,71923000.0,-0.06222513948145714
sh000001,1992-11-06,460.54,457.05,455.73,468.59,7379100.0,52648000.0,-0.012061474612541256
sh000001,1992-11-05,460.96,462.63,457.03,470.89,9546400.0,72446000.0,-0.015471376888699706
sh000001,1992-11-04,474.82,469.9,465.09,481.60,12859000.0,85452000.0,-0.02065400887851443
sh000001,1992-11-03,481.34,479.81,465.60,487.07,12554300.0,90717000.0,0.004606268712966655
sh000001,1992-11-02,471.18,477.61,465.55,508.81,12622600.0,99006000.0,-0.058432725480532244
sh000001,1992-10-30,494.66,507.25,484.45,507.25,14651000.0,129964000.0,0.04749612803304082
sh000001,1992-10-29,468.72,484.25,455.22,484.51,12405900.0,94125000.0,0.045422162733965266
sh000001,1992-10-28,466.73,463.21,447.93,470.98,11631100.0,103788000.0,0.02871546593230878
sh000001,1992-10-27,465.75,450.28,448.28,506.28,14138800.0,128776000.0,-0.11176865112242085
sh000001,1992-10-26,539.50,506.94,504.81,561.50,12565700.0,125484000.0,-0.09431332964107697
sh000001,1992-10-23,534.41,559.73,524.07,577.52,11498100.0,114178000.0,0.0369210818821788
sh000001,1992-10-22,557.03,539.8,535.79,584.91,13872800.0,149734000.0,-0.07836776506744081
sh000001,1992-10-21,597.15,585.7,577.23,616.29,9192700.0,107881000.0,-0.04963572344188605
sh000001,1992-10-20,634.43,616.29,604.50,663.65,9460900.0,103067000.0,-0.025474383301707815
sh000001,1992-10-19,643.80,632.4,632.40,667.46,8103900.0,100268000.0,-0.048664911620910134
sh000001,1992-10-16,664.00,664.75,661.20,668.57,6885100.0,91893000.0,0.001838650852259871
sh000001,1992-10-15,654.33,663.53,650.92,667.00,7575800.0,106075000.0,-0.0003314500941620224
sh000001,1992-10-14,661.07,663.75,648.84,673.94,10552500.0,142121000.0,-0.015193103755248627
sh000001,1992-10-13,694.10,673.99,669.56,701.30,11223800.0,158357000.0,-0.024009151860057698
sh000001,1992-10-12,687.45,690.57,661.99,713.77,11075200.0,149660000.0,0.04585863787123845
sh000001,1992-10-09,664.44,660.29,643.68,668.73,9394700.0,114917000.0,0.025788811384361843
sh000001,1992-10-08,648.96,643.69,640.22,671.67,8453200.0,96306000.0,-0.03242341340227872
sh000001,1992-10-07,676.56,665.26,664.43,676.84,5383000.0,60947000.0,-0.013318699572852477
sh000001,1992-10-06,682.92,674.24,664.27,692.62,7161300.0,97525000.0,-0.007916188458256035
sh000001,1992-10-05,676.47,679.62,668.90,702.32,9411600.0,109752000.0,-0.03232144891217681
sh000001,1992-09-30,703.63,702.32,698.91,710.63,8977800.0,96512000.0,-0.011693849119794986
sh000001,1992-09-29,719.99,710.63,707.82,728.42,6483000.0,82381000.0,-0.01941493031599284
sh000001,1992-09-28,724.45,724.7,721.19,729.79,4255700.0,40798000.0,-0.006974609134134391
sh000001,1992-09-25,730.28,729.79,723.56,735.75,7653600.0,76255000.0,-0.0010676594987476529
sh000001,1992-09-24,720.51,730.57,709.63,735.49,7778700.0,92839000.0,0.025548521133680557
sh000001,1992-09-23,719.41,712.37,708.50,725.59,6559000.0,82873000.0,-0.014293621142936308
sh000001,1992-09-22,730.71,722.7,716.23,736.90,6955200.0,91083000.0,-0.014643324607329866
sh000001,1992-09-21,740.97,733.44,730.30,760.13,8172800.0,116545000.0,-0.027783669141039136
sh000001,1992-09-18,715.89,754.4,715.89,761.72,6170700.0,81858000.0,-0.009609830383868201
sh000001,1992-09-17,770.65,761.72,751.08,779.56,9418100.0,144745000.0,-0.009518360553417149
sh000001,1992-09-16,762.29,769.04,738.16,776.68,14392600.0,203054000.0,0.04183374878075208
sh000001,1992-09-15,727.11,738.16,694.32,751.22,11937300.0,157671000.0,0.004326648344172623
sh000001,1992-09-14,762.82,734.98,714.93,793.36,13727000.0,195830000.0,-0.05321464916461627
sh000001,1992-09-11,773.22,776.29,719.39,789.18,11729400.0,165860000.0,0.12054331822512188
sh000001,1992-09-10,643.21,692.78,622.01,695.18,11310900.0,142572000.0,0.0897222134834994
sh000001,1992-09-09,613.44,635.74,608.06,643.77,11190800.0,131749000.0,-0.006842467037430522
sh000001,1992-09-08,653.36,640.12,595.42,702.83,10063400.0,130824000.0,-0.08922499039597065
sh000001,1992-09-07,745.69,702.83,700.79,788.15,8710500.0,135455000.0,-0.06734520555216428
sh000001,1992-09-04,759.54,753.58,749.46,776.18,9877200.0,130811000.0,-0.013780738375364754
sh000001,1992-09-03,749.22,764.11,742.74,781.33,16373000.0,206650000.0,-0.029911003338961684
sh000001,1992-09-02,803.83,787.67,783.96,826.68,9392400.0,140242000.0,-0.045202191621412036
sh000001,1992-09-01,826.96,824.96,807.37,832.84,7869400.0,87529000.0,0.002052789485830875
sh000001,1992-08-31,833.50,823.27,823.02,848.40,5429600.0,77675000.0,-0.02939165291204915
sh000001,1992-08-28,851.60,848.2,825.01,866.98,7488400.0,95684000.0,-0.018025631823286203
sh000001,1992-08-27,874.75,863.77,861.64,880.02,5425800.0,89723000.0,-0.015366201196922225
sh000001,1992-08-26,841.42,877.25,827.36,877.25,12615300.0,153392000.0,0.032581188130465843
sh000001,1992-08-25,868.10,849.57,848.05,887.49,8466200.0,135092000.0,-0.0390566677977604
sh000001,1992-08-24,888.95,884.1,881.33,920.85,9934700.0,155058000.0,-0.03508867667121418
sh000001,1992-08-21,916.99,916.25,912.89,938.37,17056700.0,189594000.0,-0.01723657113437449
sh000001,1992-08-20,930.70,932.32,918.65,946.73,16056500.0,177488000.0,-0.0076529254611446
sh000001,1992-08-19,920.66,939.51,888.23,951.16,7595200.0,131836000.0,0.006502828248200032
sh000001,1992-08-18,954.89,933.44,921.98,999.69,14849400.0,259401000.0,-0.0064079364741447264
sh000001,1992-08-17,898.66,939.46,858.38,940.76,11335700.0,190291000.0,0.09445700039609495
sh000001,1992-08-14,857.10,858.38,818.12,900.51,10440700.0,159447000.0,0.008743272146097159
sh000001,1992-08-13,797.17,850.94,745.62,890.06,11559400.0,171260000.0,0.08925897005926697
sh000001,1992-08-12,675.00,781.21,627.36,843.30,14483100.0,188801000.0,-0.09520390081189689
sh000001,1992-08-11,926.81,863.41,797.60,961.61,10699900.0,153828000.0,-0.10443008432822665
sh000001,1992-08-10,992.73,964.09,956.55,1006.64,8178100.0,111257000.0,-0.04092595724361592
sh000001,1992-08-07,1003.22,1005.23,995.71,1006.11,7825600.0,101706000.0,0.003053374178033641
sh000001,1992-08-06,988.38,1002.17,983.22,1010.76,7255500.0,108106000.0,-0.010251345612562357
sh000001,1992-08-05,1015.76,1012.55,1011.66,1038.30,6114600.0,76139000.0,-0.022285951546401894
sh000001,1992-08-04,1018.30,1035.63,1016.16,1036.33,5247200.0,63035000.0,0.003955213028937088
sh000001,1992-08-03,1034.70,1031.55,1026.83,1060.36,6010300.0,73754000.0,-0.019504405600387797
sh000001,1992-07-31,1045.67,1052.07,1032.54,1052.07,8714900.0,77149000.0,-0.0050406657839986435
sh000001,1992-07-30,1067.45,1057.4,1043.79,1087.36,9910800.0,88690000.0,-0.027338288321436255
sh000001,1992-07-29,1078.31,1087.12,1047.03,1108.06,6898700.0,85225000.0,-0.017026086170261023
sh000001,1992-07-28,1126.88,1105.95,1102.02,1148.63,7838700.0,105616000.0,-0.03774372895513023
sh000001,1992-07-27,1169.42,1149.33,1108.05,1178.81,5956000.0,122257000.0,0.006400938687588509
sh000001,1992-07-24,1165.89,1142.02,1014.08,1178.90,5715500.0,100041000.0,0.1256197206698404
sh000001,1992-07-23,1020.07,1014.57,961.61,1033.75,7701400.0,137013000.0,-0.020363825966050686
sh000001,1992-07-22,1059.22,1035.66,1034.91,1081.81,4734700.0,105623000.0,-0.04317297831650335
sh000001,1992-07-21,1087.61,1082.39,1079.75,1096.49,3591200.0,66221000.0,-0.014952403487377253
sh000001,1992-07-20,1100.60,1098.82,1094.81,1126.96,3169900.0,67313000.0,-0.023757063150787183
sh000001,1992-07-17,1121.49,1125.56,1116.14,1134.32,6267100.0,115821000.0,0.0008180395504338023
sh000001,1992-07-16,1114.13,1124.64,1108.23,1214.83,5046400.0,151032000.0,0.015302115212740164
sh000001,1992-07-15,1107.18,1107.69,1100.16,1135.57,4481200.0,121584000.0,-0.0057088999596067724
sh000001,1992-07-14,1124.65,1114.05,1110.19,1139.96,4446200.0,95340000.0,-0.019606980366618787
sh000001,1992-07-13,1156.83,1136.33,1131.21,1198.90,5159500.0,123468000.0,-0.04399219262674359
sh000001,1992-07-10,1175.14,1188.62,1166.45,1192.98,5814900.0,134101000.0,0.008561513071368543
sh000001,1992-07-09,1172.44,1178.53,1168.78,1187.18,5321600.0,130815000.0,-0.005879375790805552
sh000001,1992-07-08,1192.37,1185.5,1182.72,1211.27,6804300.0,138880000.0,-0.017373141256237234
sh000001,1992-07-07,1201.01,1206.46,1195.81,1206.91,6882600.0,204760000.0,0.004537847311845811
sh000001,1992-07-06,1197.76,1201.01,1190.27,1215.24,6378200.0,195780000.0,0.00996501732315247
sh000001,1992-07-03,1189.09,1189.16,1183.96,1193.39,7524500.0,190398000.0,0.0014147606696535142
sh000001,1992-07-02,1187.30,1187.48,1179.86,1198.66,4651200.0,101151000.0,-0.0056105444740324195
sh000001,1992-07-01,1199.54,1194.18,1182.05,1215.13,5833000.0,122926000.0,0.002510094947069774
sh000001,1992-06-30,1186.62,1191.19,1169.51,1193.16,5897600.0,160259000.0,0.018537678172910077
sh000001,1992-06-29,1168.89,1169.51,1156.68,1173.49,5361000.0,114991000.0,0.004155683584191161
sh000001,1992-06-26,1164.29,1164.67,1160.23,1207.82,2906100.0,92243000.0,0.003826827439387115
sh000001,1992-06-25,1153.48,1160.23,1148.02,1160.23,1984600.0,58837000.0,0.007966569944225288
sh000001,1992-06-24,1150.89,1151.06,1144.46,1158.17,1697500.0,44772000.0,-0.006138995138883052
sh000001,1992-06-23,1162.83,1158.17,1154.62,1172.46,1949000.0,56443000.0,-0.010026497991281302
sh000001,1992-06-22,1173.68,1169.9,1165.74,1180.21,2792400.0,71392000.0,-0.0017407034489820283
sh000001,1992-06-19,1169.97,1171.94,1161.80,1171.94,2514600.0,60859000.0,0.00300403105021263
sh000001,1992-06-18,1167.16,1168.43,1158.32,1172.86,2910100.0,65289000.0,-0.0009747172037585239
sh000001,1992-06-17,1171.29,1169.57,1166.26,1186.59,3475500.0,90657000.0,-0.0019456415070188138
sh000001,1992-06-15,1174.41,1171.85,1152.69,1181.86,3774700.0,93130000.0,0.00011948348994184066
sh000001,1992-06-12,1164.12,1171.71,1153.97,1178.30,4720200.0,117698000.0,-0.005592803191037832
sh000001,1992-06-11,1179.28,1178.3,1172.09,1188.68,3489700.0,107985000.0,-0.007346127276709802
sh000001,1992-06-10,1199.23,1187.02,1134.73,1206.51,5873200.0,154617000.0,0.05361168805808525
sh000001,1992-06-09,1116.92,1126.62,1079.65,1144.39,3510000.0,81673000.0,0.030325754943024696
sh000001,1992-06-08,1092.07,1093.46,1085.19,1121.41,2874700.0,66441000.0,-0.011123571118506703
sh000001,1992-06-05,1125.01,1105.76,1099.91,1143.07,4400700.0,100847000.0,0.001177045796135534
sh000001,1992-06-04,1087.49,1104.46,1050.45,1118.93,4318400.0,94263000.0,0.04285835686026429
sh000001,1992-06-03,1075.90,1059.07,1033.47,1141.02,4100200.0,91844000.0,-0.0718217033881966
sh000001,1992-06-02,1155.88,1141.02,1138.58,1184.28,3403300.0,84509000.0,-0.035681687569723786
sh000001,1992-06-01,1175.69,1183.24,1129.28,1249.58,3939400.0,105366000.0,-0.04168590195268529
sh000001,1992-05-29,1243.65,1234.71,1154.01,1253.37,5161500.0,135997000.0,0.06424920485790864
sh000001,1992-05-28,1123.04,1160.17,1114.94,1184.18,4838900.0,117388000.0,-0.027657416797271184
sh000001,1992-05-27,1250.56,1193.17,823.36,1285.61,6452800.0,138824000.0,-0.08312905828562633
sh000001,1992-05-26,1332.39,1301.35,1291.00,1429.01,6812800.0,149448000.0,-0.084568470071822
sh000001,1992-05-25,1411.98,1421.57,1339.99,1428.79,8896900.0,222429000.0,0.060881051351129534
sh000001,1992-05-22,1306.37,1339.99,1262.44,1349.71,9372500.0,204173000.0,0.05803441006245613
sh000001,1992-05-21,1260.32,1266.49,604.01,1334.98,8965700.0,181277000.0,1.0526912915930566
sh000001,1992-05-20,617.28,616.99,598.11,623.88,6564600.0,119286000.0,0.031566099881292775
sh000001,1992-05-19,590.41,598.11,571.82,598.11,4779000.0,58722000.0,0.04597600643559163
sh000001,1992-05-18,560.09,571.82,544.35,571.85,2999200.0,61340000.0,0.050463855975016125
sh000001,1992-05-15,529.39,544.35,523.36,544.56,6328300.0,75109000.0,0.04010623662488544
sh000001,1992-05-14,514.48,523.36,511.91,523.50,3301000.0,60063000.0,0.01813088475605018
sh000001,1992-05-13,505.27,514.04,499.40,517.86,3389700.0,64664000.0,0.014826367638639315
sh000001,1992-05-12,502.80,506.53,491.50,506.68,3327800.0,65369000.0,0.08207472602593402
sh000001,1992-05-08,461.05,468.11,454.65,468.42,4863400.0,84729000.0,0.029605190806114567
sh000001,1992-05-07,452.86,454.65,449.55,457.05,3441400.0,51743000.0,0.010423148724331144
sh000001,1992-05-06,449.78,449.96,446.39,454.08,3368700.0,54371000.0,0.0016695977382517047
sh000001,1992-05-05,447.42,449.21,439.96,455.36,4935900.0,78293000.0,-0.0097217935717121
sh000001,1992-05-04,454.86,453.62,445.38,456.24,6436200.0,101358000.0,0.018501055278638434
sh000001,1992-04-30,435.73,445.38,433.66,448.94,4570400.0,52587000.0,0.002746757925071952
sh000001,1992-04-29,445.25,444.16,436.09,446.12,5289900.0,66766000.0,0.01850535439932144
sh000001,1992-04-28,434.90,436.09,424.58,436.31,4239200.0,53950000.0,0.02710914315323376
sh000001,1992-04-27,422.45,424.58,413.47,424.92,3725700.0,53584000.0,0.02456563706563708
sh000001,1992-04-24,405.88,414.4,397.74,415.05,3470600.0,47646000.0,0.017556783302639545
sh000001,1992-04-23,407.13,407.25,394.60,408.86,5471800.0,71062000.0,0.018430529158747655
sh000001,1992-04-22,400.12,399.88,399.87,410.06,5059600.0,73539000.0,-0.024825635272886948
sh000001,1992-04-21,417.99,410.06,402.89,421.55,5125700.0,72181000.0,-0.009157907454391712
sh000001,1992-04-20,417.19,413.85,413.64,420.99,1017000.0,23206000.0,-0.0013754162443897489
sh000001,1992-04-17,408.56,414.42,406.19,414.42,1567800.0,45102000.0,0.009426379247351235
sh000001,1992-04-16,404.07,410.55,403.52,410.61,3921100.0,57466000.0,0.009416797797010101
sh000001,1992-04-15,400.35,406.72,398.23,406.72,1056600.0,25157000.0,0.015251741094830518
sh000001,1992-04-14,393.10,400.61,391.10,400.61,941500.0,25184000.0,0.024289841732504813
sh000001,1992-04-13,387.27,391.11,382.03,392.28,2059300.0,52440000.0,0.023767766929298828
sh000001,1992-04-10,381.52,382.03,381.20,382.04,706600.0,13499000.0,0.000995676667103318
sh000001,1992-04-09,381.93,381.65,381.65,382.88,316800.0,7148000.0,-0.0020395889443820536
sh000001,1992-04-08,382.53,382.43,381.92,382.59,186600.0,5277000.0,0.0013091404184013555
sh000001,1992-04-07,381.95,381.93,381.47,382.10,1061300.0,30266000.0,0.0012058615356385083
sh000001,1992-04-06,381.97,381.47,381.33,382.08,529800.0,14543000.0,0.00036713607636440493
sh000001,1992-04-03,381.44,381.33,381.12,381.57,170000.0,3377000.0,0.0005510075566750317
sh000001,1992-04-02,381.47,381.12,381.01,381.58,167300.0,3193000.0,0.00028870633316713246
sh000001,1992-04-01,381.55,381.01,381.01,381.85,406500.0,7767000.0,-0.0006032945126429601
sh000001,1992-03-31,381.87,381.24,381.24,382.06,1739100.0,53853000.0,-0.0005243288590603967
sh000001,1992-03-30,381.54,381.44,380.76,381.56,1265500.0,40359000.0,0.0017595924048638967
sh000001,1992-03-27,379.65,380.77,379.13,380.79,189200.0,5469000.0,0.004325693034051614
sh000001,1992-03-26,379.29,379.13,377.64,379.34,1022500.0,24177000.0,0.002671109700624008
sh000001,1992-03-25,378.33,378.12,378.12,379.02,1182000.0,21445000.0,-0.0015051889408222996
sh000001,1992-03-24,378.53,378.69,378.05,379.50,437800.0,7016000.0,-0.0005278576895668685
sh000001,1992-03-23,378.61,378.89,377.45,379.04,1029000.0,24375000.0,0.00238101537077684
sh000001,1992-03-20,377.91,377.99,377.31,378.03,316000.0,7844000.0,0.0018022315867589622
sh000001,1992-03-19,377.26,377.31,376.21,377.96,1362800.0,35111000.0,-0.0009267595191442268
sh000001,1992-03-18,377.94,377.66,377.49,378.32,402800.0,2252000.0,0.0004503430554452237
sh000001,1992-03-17,377.50,377.49,377.03,377.84,89000.0,1340000.0,0.001166953984882646
sh000001,1992-03-16,377.00,377.05,376.38,377.42,264600.0,2265000.0,0.0017801158403740747
sh000001,1992-03-13,376.58,376.38,376.38,377.19,252700.0,4487000.0,-0.0014326647564470996
sh000001,1992-03-12,377.55,376.92,376.14,377.57,1032600.0,31594000.0,0.0020736959642686514
sh000001,1992-03-11,375.87,376.14,374.98,376.25,400100.0,11238000.0,0.002425179223409568
sh000001,1992-03-10,374.48,375.23,373.53,375.23,501100.0,7452000.0,0.004551173935159358
sh000001,1992-03-09,372.26,373.53,371.88,374.06,2096800.0,22273000.0,0.004761136216913986
sh000001,1992-03-06,370.79,371.76,369.76,371.76,523700.0,9958000.0,0.005408913890090794
sh000001,1992-03-05,369.31,369.76,368.11,369.88,836000.0,14928000.0,0.007520435967302452
sh000001,1992-03-03,366.79,367.0,365.39,367.25,298900.0,3366000.0,0.004406250855250482
sh000001,1992-03-02,365.15,365.39,364.66,365.39,340500.0,5644000.0,0.002001864750726501
sh000001,1992-02-28,364.15,364.66,362.45,364.67,986200.0,26401000.0,0.006097392743826813
sh000001,1992-02-27,361.00,362.45,360.10,363.03,952400.0,17931000.0,0.006525965009719359
sh000001,1992-02-26,359.85,360.1,359.27,360.76,575300.0,8082000.0,-0.0007492299580985629
sh000001,1992-02-25,359.66,360.37,357.07,361.29,486200.0,8037000.0,-0.00036061026352285364
sh000001,1992-02-24,361.11,360.5,359.59,361.62,3015700.0,18038000.0,0.0025306599182401968
sh000001,1992-02-21,358.91,359.59,347.99,359.93,1158200.0,19254000.0,0.033334291215264766
sh000001,1992-02-20,345.22,347.99,342.41,348.01,1034100.0,20004000.0,0.01629625302999327
sh000001,1992-02-19,340.50,342.41,337.11,342.41,940100.0,16501000.0,0.0157218711993119
sh000001,1992-02-18,338.98,337.11,319.77,339.16,740700.0,12655000.0,0.05422647527910707
sh000001,1992-02-17,319.77,319.77,319.68,319.77,636900.0,13782000.0,0.0002815315315314315
sh000001,1992-02-14,319.45,319.68,317.04,319.68,45700.0,770000.0,0.010238907849829282
sh000001,1992-02-12,316.43,316.44,316.43,316.44,27000.0,397000.0,3.160256612844137e-05
sh000001,1992-02-11,316.12,316.43,315.56,316.43,29600.0,460000.0,0.002757003422487081
sh000001,1992-02-10,315.55,315.56,314.72,315.56,35400.0,586000.0,0.002669039145907437
sh000001,1992-02-07,314.72,314.72,314.18,314.72,32700.0,527000.0,0.0017187599465275927
sh000001,1992-02-03,314.18,314.18,313.24,314.18,30500.0,583000.0,0.0030008938832843945
sh000001,1992-01-31,313.24,313.24,312.73,313.24,35400.0,586000.0,0.0016307997313975697
sh000001,1992-01-30,312.73,312.73,312.42,312.73,39100.0,543000.0,0.0009922540170284044
sh000001,1992-01-29,312.41,312.42,311.84,312.58,40100.0,450000.0,0.0018599281682916136
sh000001,1992-01-28,311.67,311.84,311.61,311.84,66400.0,822000.0,0.0007381021148229472
sh000001,1992-01-27,311.60,311.61,309.05,311.61,56200.0,750000.0,0.008283449280051869
sh000001,1992-01-24,309.05,309.05,308.53,309.05,72200.0,1004000.0,0.0016854114672804066
sh000001,1992-01-23,308.53,308.53,307.95,308.53,41300.0,583000.0,0.0018834226335444626
sh000001,1992-01-22,307.95,307.95,307.87,307.95,31200.0,439000.0,0.0002598499366615048
sh000001,1992-01-21,307.87,307.87,307.39,307.87,53400.0,650000.0,0.0015615342073587168
sh000001,1992-01-20,307.38,307.39,307.38,307.39,44500.0,502000.0,3.2533021016245556e-05
sh000001,1992-01-17,307.37,307.38,306.85,307.38,25000.0,321000.0,0.0017272282874367662
sh000001,1992-01-16,306.85,306.85,306.63,306.85,37800.0,488000.0,0.0007174770896520855
sh000001,1992-01-15,306.62,306.63,305.74,306.63,25900.0,314000.0,0.002910970105318267
sh000001,1992-01-14,304.77,305.74,303.06,305.74,63200.0,858000.0,0.008843133372929524
sh000001,1992-01-13,302.83,303.06,302.00,303.06,72500.0,1097000.0,0.004075141636020296
sh000001,1992-01-10,301.82,301.83,300.62,301.83,160500.0,2629000.0,0.004025014969063934
sh000001,1992-01-09,300.61,300.62,299.66,300.62,94300.0,1244000.0,0.0032036307815523912
sh000001,1992-01-08,299.65,299.66,298.77,299.66,65900.0,930000.0,0.002978880074974155
sh000001,1992-01-07,298.54,298.77,297.68,298.77,89200.0,1064000.0,0.00366165009406072
sh000001,1992-01-06,297.68,297.68,296.52,297.68,340000.0,4236000.0,0.003912046404964231
sh000001,1992-01-03,296.24,296.52,293.75,296.52,143600.0,1842000.0,0.00942978723404253
sh000001,1992-01-02,293.74,293.75,292.76,293.75,92800.0,1339000.0,0.0034158838599487318
sh000001,1991-12-31,292.48,292.75,291.71,292.75,58400.0,858000.0,0.003565184601145077
sh000001,1991-12-30,291.71,291.71,290.85,291.71,116500.0,1881000.0,0.0029568506102801706
sh000001,1991-12-27,290.65,290.85,288.03,290.85,155100.0,1789000.0,0.009790646807624315
sh000001,1991-12-26,288.03,288.03,287.15,288.03,116800.0,1422000.0,0.003064600383074989
sh000001,1991-12-25,287.09,287.15,286.22,287.15,57300.0,873000.0,0.0032492488295714494
sh000001,1991-12-24,285.74,286.22,285.65,286.22,48600.0,593000.0,0.001995448976019887
sh000001,1991-12-23,285.65,285.65,282.83,285.65,104600.0,1182000.0,0.009970653749602265
sh000001,1991-12-20,282.83,282.83,280.63,282.83,439300.0,6268000.0,0.00949423564264551
sh000001,1991-12-19,279.98,280.17,279.51,280.17,109400.0,1242000.0,0.0023612750885479983
sh000001,1991-12-18,279.32,279.51,278.68,279.51,76000.0,893000.0,0.00297832639586626
sh000001,1991-12-17,278.67,278.68,277.85,278.68,49300.0,754000.0,0.0029872233219363498
sh000001,1991-12-16,277.53,277.85,277.00,277.85,58000.0,817000.0,0.0030685920577617765
sh000001,1991-12-13,276.81,277.0,274.41,277.00,74600.0,962000.0,0.009438431544039894
sh000001,1991-12-12,274.41,274.41,273.71,274.41,157700.0,1644000.0,0.0025574513170876223
sh000001,1991-12-11,273.53,273.71,272.91,273.71,66900.0,859000.0,0.002931369315891441
sh000001,1991-12-10,270.27,272.91,270.27,272.91,51600.0,665000.0,0.009768009768009955
sh000001,1991-12-09,270.27,270.27,269.35,270.27,163100.0,1648000.0,0.0034156302209020772
sh000001,1991-12-06,269.34,269.35,266.66,269.35,161300.0,1798000.0,0.010087752193804755
sh000001,1991-12-05,266.48,266.66,265.77,266.66,205000.0,2100000.0,0.0033487602061934574
sh000001,1991-12-04,265.53,265.77,264.81,265.77,74200.0,903000.0,0.0036252407386427876
sh000001,1991-12-03,264.64,264.81,262.19,264.81,110100.0,1207000.0,0.009992753346809602
sh000001,1991-12-02,261.78,262.19,259.67,262.19,1912800.0,16310000.0,0.009976887519260291
sh000001,1991-11-29,259.68,259.6,257.35,259.85,3369500.0,28453000.0,0.008742957062366497
sh000001,1991-11-28,257.28,257.35,255.45,257.35,250200.0,2251000.0,0.00743785476609915
sh000001,1991-11-27,255.27,255.45,252.97,255.45,212000.0,1756000.0,0.009803534015891069
sh000001,1991-11-26,252.90,252.97,250.85,252.97,245400.0,2326000.0,0.008451265696631571
sh000001,1991-11-25,250.84,250.85,248.53,250.85,233100.0,1963000.0,0.00933488914819125
sh000001,1991-11-22,248.24,248.53,246.31,248.53,213300.0,1954000.0,0.009013032357598094
sh000001,1991-11-21,246.26,246.31,244.50,246.31,215500.0,2030000.0,0.007402862985685044
sh000001,1991-11-20,244.50,244.5,242.24,244.50,232500.0,1929000.0,0.009329590488771355
sh000001,1991-11-19,242.24,242.24,240.62,242.24,231000.0,2040000.0,0.006732607430803839
sh000001,1991-11-18,240.04,240.62,238.25,240.62,188500.0,1534000.0,0.009947534102833222
sh000001,1991-11-15,238.25,238.25,237.45,238.25,205800.0,1914000.0,0.0033691303432301645
sh000001,1991-11-14,237.39,237.45,236.67,237.45,86200.0,940000.0,0.003295728229179895
sh000001,1991-11-13,236.51,236.67,235.80,236.67,79900.0,879000.0,0.0036895674300252423
sh000001,1991-11-12,235.75,235.8,233.55,235.80,89500.0,914000.0,0.009633911368015502
sh000001,1991-11-11,233.48,233.55,231.22,233.55,247400.0,2130000.0,0.01007698295995163
sh000001,1991-11-08,230.99,231.22,228.93,231.22,1440600.0,11039000.0,0.010003057703227958
sh000001,1991-11-07,228.93,228.93,226.88,228.93,483300.0,4085000.0,0.00903561354019744
sh000001,1991-11-06,226.83,226.88,224.65,226.88,284800.0,2188000.0,0.009926552414867507
sh000001,1991-11-05,224.44,224.65,222.77,224.65,280500.0,2225000.0,0.008439197378462104
sh000001,1991-11-04,222.77,222.77,220.79,222.77,447400.0,3352000.0,0.009287785429503481
sh000001,1991-11-01,220.71,220.72,218.60,220.72,590600.0,4313000.0,0.009698078682525146
sh000001,1991-10-31,218.59,218.6,216.43,218.60,392900.0,2914000.0,0.010026336459825202
sh000001,1991-10-30,216.37,216.43,215.78,216.43,238000.0,1814000.0,0.0030123273704698583
sh000001,1991-10-29,215.63,215.78,213.98,215.78,269700.0,2069000.0,0.008412001121600232
sh000001,1991-10-28,213.50,213.98,211.86,213.98,321700.0,2357000.0,0.010006608137449247
sh000001,1991-10-25,210.34,211.86,209.71,211.97,3265000.0,22263000.0,0.008520969200742634
sh000001,1991-10-24,210.20,210.07,208.25,210.20,1935700.0,13174000.0,0.008739495798319341
sh000001,1991-10-23,208.06,208.25,206.53,208.25,262300.0,1980000.0,0.008328087929114325
sh000001,1991-10-22,206.06,206.53,204.53,206.53,212800.0,1521000.0,0.009778516599031839
sh000001,1991-10-21,204.53,204.53,202.51,204.53,353700.0,2514000.0,0.009974816058466285
sh000001,1991-10-18,202.50,202.51,200.51,202.51,296800.0,2384000.0,0.009974564859607904
sh000001,1991-10-17,200.50,200.51,198.57,200.51,607700.0,4136000.0,0.009769854459384497
sh000001,1991-10-16,198.51,198.57,196.61,198.57,956200.0,6273000.0,0.009968974111184581
sh000001,1991-10-15,196.58,196.61,194.67,196.61,1100200.0,7265000.0,0.009965582781116922
sh000001,1991-10-14,194.06,194.67,192.32,194.69,2149300.0,13948000.0,0.009437386569872919
sh000001,1991-10-11,192.84,192.85,191.01,192.88,1098100.0,7251000.0,0.009633003507669713
sh000001,1991-10-10,190.71,191.01,189.12,191.01,663800.0,4333000.0,0.00999365482233494
sh000001,1991-10-09,188.49,189.12,186.31,189.12,2098900.0,13440000.0,0.00869379700250672
sh000001,1991-10-08,187.59,187.49,186.00,187.61,2374500.0,15241000.0,0.008010752688172085
sh000001,1991-10-07,185.95,186.0,185.41,186.00,1136900.0,7291000.0,0.009278853980140056
sh000001,1991-10-04,184.29,184.29,183.59,184.29,736000.0,5039000.0,0.00991889522139422
sh000001,1991-10-03,181.55,182.48,179.80,182.48,1874100.0,12329000.0,0.00862259562237444
sh000001,1991-09-30,180.28,180.92,180.27,181.95,2559400.0,22336000.0,-0.004949950500495071
sh000001,1991-09-27,183.12,181.82,181.19,183.89,3372800.0,20416000.0,-0.0027971260900565564
sh000001,1991-09-26,182.21,182.33,181.93,183.19,654100.0,4620000.0,-0.0046945793984386475
sh000001,1991-09-25,182.80,183.19,182.80,184.08,138900.0,934000.0,-0.004834854411125633
sh000001,1991-09-24,183.96,184.08,183.69,185.04,142600.0,1002000.0,-0.004972972972972944
sh000001,1991-09-23,185.00,185.0,184.71,185.92,403400.0,2806000.0,-0.004948364888123891
sh000001,1991-09-20,185.77,185.92,185.66,187.21,1207500.0,7417000.0,-0.005136986301369939
sh000001,1991-09-19,187.65,186.88,186.49,189.21,2343900.0,14607000.0,-0.003997228588178858
sh000001,1991-09-18,187.26,187.63,187.18,188.59,1582200.0,11015000.0,-0.005406838059899388
sh000001,1991-09-17,191.16,188.65,188.28,191.18,2882900.0,18623000.0,-0.005325318991880157
sh000001,1991-09-16,189.55,189.66,187.79,189.66,993300.0,6343000.0,0.009957931732254233
sh000001,1991-09-13,188.00,187.79,185.01,188.04,3743400.0,24035000.0,0.008430888196756525
sh000001,1991-09-12,186.22,186.22,186.07,187.40,1969900.0,16265000.0,-0.00534130968913582
sh000001,1991-09-11,187.29,187.22,186.86,187.29,2139200.0,14677000.0,-0.005893909626719096
sh000001,1991-09-10,190.98,188.33,188.19,190.98,3343400.0,21507000.0,-0.004808708518283633
sh000001,1991-09-09,189.10,189.24,187.36,189.24,355200.0,2349000.0,0.010034158838599483
sh000001,1991-09-06,187.09,187.36,185.51,187.36,276500.0,1761000.0,0.009972508220581267
sh000001,1991-09-05,185.48,185.51,183.69,185.51,151400.0,1095000.0,0.00990799716914359
sh000001,1991-09-04,183.66,183.69,181.97,183.69,65000.0,470000.0,0.00945210749024561
sh000001,1991-09-03,181.71,181.97,180.22,181.97,147500.0,940000.0,0.009710354011763345
sh000001,1991-09-02,180.08,180.22,178.43,180.22,140800.0,886000.0,0.01003194530067808
sh000001,1991-08-30,178.20,178.43,176.66,178.43,675900.0,4219000.0,0.010019246009283389
sh000001,1991-08-29,176.53,176.66,174.92,176.66,260800.0,1629000.0,0.009947404527784087
sh000001,1991-08-28,174.82,174.92,173.19,174.92,80400.0,511000.0,0.009989029389687598
sh000001,1991-08-27,173.06,173.19,171.51,173.19,79600.0,520000.0,0.009795347210075356
sh000001,1991-08-26,171.51,171.51,169.81,171.51,64300.0,518000.0,0.010011188975914243
sh000001,1991-08-23,169.81,169.81,168.16,169.81,60500.0,502000.0,0.009812083729781262
sh000001,1991-08-22,167.81,168.16,166.49,168.16,129600.0,845000.0,0.010030632470418466
sh000001,1991-08-21,166.49,166.49,164.84,166.49,341100.0,2106000.0,0.010009706381946204
sh000001,1991-08-20,164.74,164.84,163.21,164.84,57300.0,388000.0,0.00998713314135169
sh000001,1991-08-19,163.21,163.21,161.60,163.21,98500.0,614000.0,0.009962871287128694
sh000001,1991-08-16,161.56,161.6,160.21,161.60,98400.0,581000.0,0.008676112602209463
sh000001,1991-08-15,159.92,160.21,158.63,160.21,153700.0,850000.0,0.00996028493979706
sh000001,1991-08-14,158.30,158.63,158.11,158.63,548000.0,2929000.0,0.009931877506843989
sh000001,1991-08-13,156.87,157.07,155.54,157.07,2003900.0,10529000.0,0.009836697955509788
sh000001,1991-08-12,155.34,155.54,154.10,155.54,391900.0,2154000.0,0.009344581440623001
sh000001,1991-08-09,153.90,154.1,152.61,154.10,371500.0,1990000.0,0.009763449315247863
sh000001,1991-08-08,152.57,152.61,151.12,152.61,195100.0,1045000.0,0.009859714134462738
sh000001,1991-08-07,150.93,151.12,149.62,151.12,110700.0,580000.0,0.010025397674107817
sh000001,1991-08-06,149.62,149.62,148.15,149.62,200100.0,1065000.0,0.009922375970300434
sh000001,1991-08-05,148.06,148.15,146.68,148.15,512600.0,2593000.0,0.010021816198527489
sh000001,1991-08-02,146.49,146.68,145.44,146.68,1174400.0,5825000.0,0.009914624070503919
sh000001,1991-08-01,145.12,145.24,143.80,145.24,473100.0,2310000.0,0.01001390820584147
sh000001,1991-07-31,143.72,143.8,142.39,143.80,405100.0,1993000.0,0.009902380785167697
sh000001,1991-07-30,142.39,142.39,141.39,142.45,560100.0,2718000.0,0.006147540983606481
sh000001,1991-07-29,141.22,141.52,140.81,141.72,477100.0,2350000.0,0.006114033840466382
sh000001,1991-07-26,140.11,140.66,139.27,141.46,927900.0,4520000.0,0.0033525929096227536
sh000001,1991-07-25,140.20,140.19,139.99,141.01,839000.0,4080000.0,-0.0034830821723059735
sh000001,1991-07-24,140.66,140.68,138.69,140.74,598800.0,2901000.0,0.009254609369395261
sh000001,1991-07-23,139.35,139.39,138.07,139.39,724100.0,3548000.0,0.009560367929311253
sh000001,1991-07-22,138.07,138.07,136.70,138.07,276400.0,1423000.0,0.010021945866861781
sh000001,1991-07-19,137.66,136.7,136.66,138.54,1082300.0,5242000.0,-0.0034264051906393034
sh000001,1991-07-18,137.17,137.17,135.81,137.17,84700.0,464000.0,0.010013990133274309
sh000001,1991-07-17,135.81,135.81,135.39,135.81,66000.0,397000.0,0.009965047966089102
sh000001,1991-07-16,134.39,134.47,133.14,134.47,279600.0,1328000.0,0.009989484752891853
sh000001,1991-07-15,133.90,133.14,131.87,134.10,1193800.0,5534000.0,0.0025602409638552093
sh000001,1991-07-12,132.80,132.8,132.42,133.38,314400.0,1484000.0,-0.004348478032688452
sh000001,1991-07-11,133.22,133.38,133.13,133.99,507300.0,2417000.0,-0.0045525785506381755
sh000001,1991-07-10,134.40,133.99,133.72,135.60,602300.0,2894000.0,-0.004827688651217854
sh000001,1991-07-09,136.56,134.64,134.31,136.57,844200.0,4174000.0,-0.00473092844470735
sh000001,1991-07-08,135.26,135.28,134.93,135.28,587400.0,2925000.0,-0.005001471020888548
sh000001,1991-07-05,136.01,135.96,135.90,137.68,1454000.0,9394000.0,-0.004903754665885884
sh000001,1991-07-04,136.63,136.63,134.19,136.63,1339400.0,8095000.0,0.010053966141790438
sh000001,1991-07-03,135.28,135.27,134.98,135.96,271500.0,1818000.0,-0.005075022065313295
sh000001,1991-07-02,135.91,135.96,135.69,135.96,283800.0,3794000.0,-0.006503470953598711
sh000001,1991-07-01,136.64,136.85,136.56,138.62,2294000.0,12469000.0,-0.005161384123291701
sh000001,1991-06-28,137.41,137.56,136.19,137.56,493500.0,3032000.0,0.010059475732432599
sh000001,1991-06-27,136.04,136.19,134.83,136.19,449700.0,2521000.0,0.010086775940072679
sh000001,1991-06-26,134.83,134.83,133.49,134.83,340900.0,2149000.0,0.01003820510899689
sh000001,1991-06-25,133.48,133.49,132.17,133.49,162400.0,1296000.0,0.00998713777710547
sh000001,1991-06-24,132.10,132.17,131.80,132.17,196000.0,1657000.0,0.010010698456365485
sh000001,1991-06-21,130.72,130.86,128.81,130.86,1361300.0,7746000.0,0.009956008335263
sh000001,1991-06-20,129.55,129.57,129.21,129.57,229900.0,1321000.0,0.009977394964533426
sh000001,1991-06-19,128.12,128.29,127.03,128.29,148100.0,744000.0,0.009918916791308963
sh000001,1991-06-18,127.03,127.03,126.67,127.03,203000.0,1015000.0,0.010018287349924604
sh000001,1991-06-17,125.63,125.77,123.54,125.77,693300.0,4056000.0,0.009957439974303428
sh000001,1991-06-14,124.47,124.53,124.47,126.34,663300.0,3541000.0,-0.006462422211584551
sh000001,1991-06-13,125.33,125.34,123.65,125.34,2086800.0,11563000.0,0.009910563210055567
sh000001,1991-06-12,123.90,124.11,122.89,124.11,137200.0,735000.0,0.009927577508340724
sh000001,1991-06-11,122.89,122.89,121.67,122.89,54300.0,375000.0,0.010027122544587819
sh000001,1991-06-10,121.65,121.67,120.47,121.67,40000.0,458000.0,0.009960986137627748
sh000001,1991-06-07,120.46,120.47,119.35,120.47,10000.0,83000.0,0.01946348481001947
sh000001,1991-06-05,118.17,118.17,117.14,118.17,30800.0,279000.0,0.008965163934426146
sh000001,1991-06-04,117.12,117.12,116.83,117.12,360300.0,2018000.0,0.00991635767871002
sh000001,1991-06-03,115.90,115.97,114.89,115.97,95400.0,1643000.0,0.009927719237133203
sh000001,1991-05-31,114.83,114.83,113.84,114.83,121100.0,1470000.0,0.008873660165173103
sh000001,1991-05-30,113.74,113.82,112.77,113.82,38800.0,753000.0,0.00949002217294903
sh000001,1991-05-29,112.75,112.75,111.67,112.75,53000.0,1320000.0,0.009580945558739229
sh000001,1991-05-28,111.61,111.68,111.36,111.68,163000.0,970000.0,0.009217422736309544
sh000001,1991-05-27,111.05,110.66,109.47,111.07,861900.0,3827000.0,0.0052688953488371215
sh000001,1991-05-24,110.07,110.08,109.82,110.08,102400.0,661000.0,0.009167583425009118
sh000001,1991-05-23,107.52,109.08,107.35,109.16,560900.0,2770000.0,0.007667436489607438
sh000001,1991-05-22,109.71,108.25,108.11,109.82,1867700.0,7967000.0,-0.005146585791747094
sh000001,1991-05-21,108.89,108.81,108.62,108.89,77100.0,1309000.0,0.009181969949916713
sh000001,1991-05-20,107.76,107.82,106.71,107.82,86300.0,924000.0,0.010023419203746942
sh000001,1991-05-17,105.12,106.75,104.96,106.75,2019200.0,7633000.0,0.009265387160820593
sh000001,1991-05-16,105.83,105.77,105.69,105.86,310800.0,1445000.0,-0.007506803040255194
sh000001,1991-05-15,106.56,106.57,106.42,106.60,39000.0,307000.0,-0.005784121653139351
sh000001,1991-05-14,107.21,107.19,107.06,107.84,26700.0,185000.0,-0.00602744807121669
sh000001,1991-05-13,107.88,107.84,107.74,107.88,23500.0,182000.0,-0.006357689118216103
sh000001,1991-05-10,108.61,108.53,108.53,109.40,24900.0,313000.0,-0.013632645642097652
sh000001,1991-05-08,110.16,110.03,110.00,110.82,42300.0,375000.0,-0.007128677134091266
sh000001,1991-05-07,110.80,110.82,110.80,110.90,187500.0,907000.0,-0.007078218797598845
sh000001,1991-05-06,111.65,111.61,111.57,112.41,276400.0,1423000.0,-0.007116804554754941
sh000001,1991-05-03,112.46,112.41,112.30,113.17,423000.0,2386000.0,-0.006627783669141074
sh000001,1991-05-02,113.04,113.16,113.03,113.20,146500.0,1124000.0,-0.006845708267509187
sh000001,1991-04-30,113.89,113.94,113.89,114.87,485000.0,2734000.0,-0.007058823529411784
sh000001,1991-04-29,114.86,114.75,114.75,116.29,841100.0,3610000.0,-0.007009345794392496
sh000001,1991-04-26,116.31,115.56,114.52,116.31,1335400.0,5806000.0,0.0017337031900139799
sh000001,1991-04-25,115.38,115.36,115.33,115.79,149500.0,998000.0,-0.0037136194835478697
sh000001,1991-04-24,115.70,115.79,115.70,116.19,14800.0,121000.0,-0.0034426370599879297
sh000001,1991-04-23,116.21,116.19,116.15,116.63,28200.0,264000.0,-0.0037726142501929294
sh000001,1991-04-22,116.63,116.63,116.58,117.08,43000.0,321000.0,-0.0038435257943286727
sh000001,1991-04-19,117.08,117.08,117.05,117.50,64600.0,424000.0,-0.0031502767134951037
sh000001,1991-04-18,117.45,117.45,117.45,117.93,17800.0,133000.0,-0.003816793893129833
sh000001,1991-04-17,117.92,117.9,117.89,118.34,20100.0,259000.0,-0.0037181003887104547
sh000001,1991-04-16,118.36,118.34,118.34,118.77,10500.0,177000.0,-0.0036204428727792948
sh000001,1991-04-15,118.73,118.77,118.72,119.22,30100.0,386000.0,-0.0036909655230266125
sh000001,1991-04-12,119.20,119.21,119.15,119.65,39900.0,301000.0,-0.003594115680374488
sh000001,1991-04-11,119.64,119.64,119.62,120.16,23900.0,576000.0,-0.004327563249001298
sh000001,1991-04-10,120.15,120.16,120.09,120.62,46600.0,281000.0,-0.003813629580500799
sh000001,1991-04-09,120.60,120.62,120.60,121.10,32000.0,297000.0,-0.003881410521100026
sh000001,1991-04-08,121.11,121.09,121.05,121.11,186200.0,1675000.0,-0.0037024847786737425
sh000001,1991-04-05,121.07,121.54,121.03,121.73,1158900.0,6035000.0,-0.0014788038120275848
sh000001,1991-04-04,122.20,121.72,121.24,122.20,1051700.0,5045000.0,8.216251745962744e-05
sh000001,1991-04-03,121.71,121.71,121.21,121.71,206300.0,977000.0,0.004125072188763346
sh000001,1991-04-02,121.21,121.21,120.73,121.29,81600.0,387000.0,0.003975813799387051
sh000001,1991-04-01,120.69,120.73,119.68,120.73,1199900.0,5666000.0,0.0044928862634163735
sh000001,1991-03-29,120.16,120.19,120.11,120.61,218500.0,2186000.0,-0.0034822983168891763
sh000001,1991-03-28,120.65,120.61,120.61,121.15,96100.0,505000.0,-0.004210700132100453
sh000001,1991-03-27,121.12,121.12,121.12,121.64,66800.0,366000.0,-0.0041111659266568346
sh000001,1991-03-26,121.62,121.62,121.62,122.14,116400.0,709000.0,-0.00409433344251553
sh000001,1991-03-25,122.12,122.12,122.10,122.62,44300.0,324000.0,-0.004077638231936076
sh000001,1991-03-22,122.62,122.62,122.62,123.12,20700.0,120000.0,-0.004061078622482173
sh000001,1991-03-21,123.14,123.12,123.12,123.66,15100.0,131000.0,-0.004366812227074135
sh000001,1991-03-20,123.66,123.66,123.63,124.21,67800.0,433000.0,-0.004508130735791371
sh000001,1991-03-19,124.23,124.22,124.22,124.71,89200.0,682000.0,-0.003929115548071516
sh000001,1991-03-18,124.70,124.71,124.69,125.17,125000.0,1210000.0,-0.0036750019972837666
sh000001,1991-03-15,125.08,125.17,125.08,125.62,79000.0,403000.0,-0.0036615458091219244
sh000001,1991-03-14,125.61,125.63,125.61,126.15,32600.0,242000.0,-0.004122076892588256
sh000001,1991-03-13,126.13,126.15,126.13,128.77,49800.0,418000.0,-0.02034635396443274
sh000001,1991-03-12,128.73,128.77,128.73,129.31,95700.0,783000.0,-0.0041760111360296115
sh000001,1991-03-11,129.30,129.31,129.30,129.89,51400.0,299000.0,-0.004465316806528508
sh000001,1991-03-08,129.84,129.89,129.84,130.41,93300.0,541000.0,-0.003987424277279383
sh000001,1991-03-07,130.41,130.41,130.41,130.94,56800.0,427000.0,-0.004047655414693763
sh000001,1991-03-06,130.89,130.94,130.89,130.95,71900.0,1345000.0,-0.003955575840559944
sh000001,1991-03-05,131.42,131.46,131.41,131.99,98200.0,934000.0,-0.004015455716342209
sh000001,1991-03-04,132.09,131.99,131.98,132.09,251800.0,1418000.0,-0.004074549158680996
sh000001,1991-03-01,132.53,132.53,132.47,132.53,712400.0,3777000.0,-0.0036087512217125584
sh000001,1991-02-28,132.99,133.01,132.98,133.52,225800.0,1187000.0,-0.0034464673709448945
sh000001,1991-02-27,133.44,133.47,133.44,133.98,21400.0,141000.0,-0.0034346300306130617
sh000001,1991-02-26,133.90,133.93,133.90,134.44,109400.0,2545000.0,-0.0034970238095237693
sh000001,1991-02-25,134.37,134.4,134.33,134.87,81000.0,621000.0,-0.003484837250685824
sh000001,1991-02-22,134.85,134.87,134.28,134.87,342700.0,2003000.0,0.00439380399165934
sh000001,1991-02-21,134.24,134.28,133.67,134.28,322000.0,1771000.0,0.004563477220019596
sh000001,1991-02-20,133.63,133.67,133.13,133.67,87600.0,520000.0,0.00405618568316668
sh000001,1991-02-19,133.12,133.13,133.08,133.14,174800.0,1216000.0,0.004527276842978933
sh000001,1991-02-14,132.53,132.53,132.30,132.53,362400.0,1883000.0,0.004624014554275524
sh000001,1991-02-13,131.93,131.92,131.35,131.93,115200.0,673000.0,0.004339550818424076
sh000001,1991-02-12,131.54,131.35,130.97,131.56,377400.0,1986000.0,0.0029014278078949296
sh000001,1991-02-11,130.92,130.97,130.39,130.97,931700.0,4834000.0,0.00452523393158466
sh000001,1991-02-08,130.36,130.38,129.79,130.39,123400.0,879000.0,0.004545804761537875
sh000001,1991-02-07,129.74,129.79,129.14,129.79,213300.0,1504000.0,0.005033297196840758
sh000001,1991-02-06,129.13,129.14,128.06,129.15,664100.0,3847000.0,0.0043552652045417695
sh000001,1991-02-05,128.56,128.58,128.53,128.58,856200.0,4250000.0,-0.0036419992251065514
sh000001,1991-02-04,129.05,129.05,129.05,129.58,55300.0,273000.0,-0.0035518492780478583
sh000001,1991-02-01,129.50,129.51,129.45,129.97,34500.0,140000.0,-0.0035392782949912327
sh000001,1991-01-31,129.93,129.97,129.93,130.46,51000.0,244000.0,-0.0036031892057650783
sh000001,1991-01-30,130.44,130.44,130.41,130.95,52700.0,260000.0,-0.0038946162657502725
sh000001,1991-01-29,130.95,130.95,130.95,130.97,138700.0,710000.0,-0.0038795070743954385
sh000001,1991-01-28,131.46,131.46,131.46,131.55,510700.0,2565000.0,-0.004468004543733417
sh000001,1991-01-25,132.05,132.05,132.03,132.07,344700.0,1722000.0,-0.0042229092828595105
sh000001,1991-01-24,132.61,132.61,132.57,133.17,185700.0,917000.0,-0.0042051513103550375
sh000001,1991-01-23,133.17,133.17,133.14,133.72,109500.0,575000.0,-0.004113072090936365
sh000001,1991-01-22,133.72,133.72,133.66,134.24,35400.0,180000.0,-0.003873659117997641
sh000001,1991-01-21,133.70,134.24,133.66,134.24,205100.0,1029000.0,0.0
sh000001,1991-01-18,133.70,134.24,133.67,134.25,300400.0,1570000.0,-7.4487895716846e-05
sh000001,1991-01-17,133.67,134.25,133.65,134.25,65800.0,334000.0,7.449344457688412e-05
sh000001,1991-01-16,134.19,134.24,134.14,134.74,50900.0,270000.0,-0.0037108505269407566
sh000001,1991-01-15,134.21,134.74,134.19,134.74,144600.0,1010000.0,0.0005197891141310862
sh000001,1991-01-14,134.11,134.67,134.11,135.19,1253000.0,6883000.0,0.0005200594353640398
sh000001,1991-01-11,134.61,134.6,134.51,134.61,1332700.0,7115000.0,0.00470254534597303
sh000001,1991-01-10,133.93,133.97,133.34,133.97,999000.0,5399000.0,0.0047247637618119676
sh000001,1991-01-09,133.30,133.34,132.68,133.34,560300.0,3228000.0,0.004974374434730144
sh000001,1991-01-08,132.62,132.68,132.06,132.68,292600.0,1806000.0,0.0046948356807512415
sh000001,1991-01-07,131.99,132.06,131.45,132.06,21700.0,141000.0,0.004716981132075526
sh000001,1991-01-04,131.27,131.44,130.14,131.44,42000.0,261000.0,0.009989242354387695
sh000001,1991-01-03,128.84,130.14,128.84,130.14,14100.0,93000.0,0.010090034150884719
sh000001,1991-01-02,127.61,128.84,127.61,128.84,9100.0,59000.0,0.009638743045215836
sh000001,1990-12-31,126.56,127.61,126.48,127.61,7800.0,60000.0,0.00917358639778576
sh000001,1990-12-28,126.39,126.45,125.28,126.45,10800.0,88000.0,0.009339080459770166
sh000001,1990-12-27,125.27,125.28,125.27,125.28,6600.0,104000.0,7.982757244362482e-05
sh000001,1990-12-26,125.27,125.27,120.25,125.27,10000.0,53000.0,0.041746361746361815
sh000001,1990-12-25,120.09,120.25,114.55,120.25,1500.0,6000.0,0.04975993016150149
sh000001,1990-12-24,113.57,114.55,109.13,114.55,3200.0,31000.0,0.049665536516081854
sh000001,1990-12-21,109.07,109.13,103.73,109.13,2800.0,16000.0,0.045406648146374184
sh000001,1990-12-20,104.30,104.39,99.98,104.39,19700.0,84000.0,0.044108821764352824
sh000001,1990-12-19,96.05,99.98,95.79,99.98,126000.0,494000.0,
