code,date,open,high,low,close,change,volume,money,traded_market_value,market_value,turnover,adjust_price,report_date,report_type,PE_TTM,PS_TTM,PC_TTM,PB,adjust_price_f
sz000333,2013-09-18,40.5,46.4,39.88,42.24,-0.052065,38889754.0,1681303475.55,28990068480.0,71230299950.0,0.056664,42.24,2013-10-31,2013-09-30,9.006413663583631,0.6219314908155888,6.845465923009057,1.8748007264393467,7.476041071537304
sz000333,2013-09-23,41.9,46.46,40.67,46.2,0.09375,31851606.0,1406017543.27,31707887400.0,77908140570.0,0.046409,46.2,2013-10-31,2013-09-30,9.850764944505084,0.6802375680768218,7.4872283532611235,2.0505632945348102,8.176919921993926
sz000333,2013-09-24,45.49,46.15,44.4,44.61,-0.034416,20004514.0,901506346.98,30616641920.0,75226886380.0,0.029148,44.60998080000001,2013-10-31,2013-09-30,9.511745111803162,0.6568267946164716,7.229551013681561,1.979991960331401,7.895503045958584
sz000333,2013-09-25,44.01,47.14,44.0,45.05,0.009863,17165136.0,781787170.45,30918621800.0,75968868670.0,0.02501,45.04996904063041,2013-10-31,2013-09-30,9.605561920653944,0.663305247635796,7.300857950269453,1.9995211345349857,7.973376392500874
sz000333,2013-09-26,44.65,45.07,42.45,43.0,-0.045505,14680801.0,640034808.27,29511670090.0,72511905730.0,0.021391,42.99997019943652,2013-10-31,2013-09-30,9.16846087967597,0.6331215460863483,6.9686324504542565,1.908532936594849,7.610547899760122
sz000333,2013-09-27,43.0,44.3,42.67,43.0,0.0,8561465.0,372250409.07,29511670090.0,72511905730.0,0.0124739999999999,42.99997019943652,2013-10-31,2013-09-30,9.16846087967597,0.6331215460863483,6.9686324504542565,1.908532936594849,7.610547899760122
sz000333,2013-09-30,42.99,43.8,42.88,43.24,0.005581,7668272.0,331344575.6,29676386390.0,72916623340.0,0.011173,43.239953033119576,2013-10-31,2013-09-30,9.219633684158831,0.6366552477094399,7.0075271428764605,1.919185213361385,7.653022367588683
sz000333,2013-10-08,43.0,45.21,42.9,44.99,0.040472,11112977.0,493442850.65,30877442730.0,75867689270.0,0.0161919999999999,44.989960412276,2013-10-31,2013-09-30,9.59276871984933,0.6624218222518512,7.2911342774041605,1.996858065409152,7.962755488849734
sz000333,2013-10-09,44.65,45.54,44.0,44.68,-0.00689,8305418.0,370734066.73,30664684170.0,75344929020.0,0.012101,44.67997958503542,2013-10-31,2013-09-30,9.526670513584813,0.6578574576226155,7.240895299331758,1.9830988744870082,7.90789210353156
sz000333,2013-10-10,44.5,46.36,44.14,45.71,0.023053,15625661.0,708889939.75,31371591620.0,77081842110.0,0.022767,45.70998715440925,2013-10-31,2013-09-30,9.746287134562323,0.6730229272084391,7.407818355631809,2.0288148959719634,8.090192740194274
sz000333,2013-10-11,46.0,46.05,45.25,45.53,-0.003938,7969766.0,363516964.62,31248054400.0,76778303900.0,0.011612,45.52998122499518,2013-10-31,2013-09-30,9.707907530884073,0.6703726509692921,7.378647336074897,2.0208256883312607,8.058333561183387
sz000333,2013-10-14,45.52,46.33,44.6,46.0,0.010323,9646785.0,441424913.34,31570623810.0,77570875890.0,0.014056,45.9999872211808,2013-10-31,2013-09-30,9.808120940137162,0.6772928166805889,7.454816109095436,2.041686397097762,8.141519738535484
sz000333,2013-10-15,46.0,46.0,44.85,45.15,-0.018478,9241988.0,419089541.24,30987253590.0,76137501010.0,0.0134659999999999,45.14999945730782,2013-10-31,2013-09-30,9.626883922837905,0.6647776233339123,7.317064072352298,2.0039595832535095,7.991080736806825
sz000333,2013-10-16,44.76,45.88,43.7,44.67,-0.010631,8918362.0,397199767.47,30657821000.0,75328065790.0,0.012995,44.670009813077186,2013-10-31,2013-09-30,9.524538313872181,0.6577102200877291,7.239274687507887,1.9826550297204368,7.906127557493832
sz000333,2013-10-17,44.68,45.1,44.22,44.61,-0.001343,5552669.0,247582778.37,30616641920.0,75226886380.0,0.008091,44.610017989898225,2013-10-31,2013-09-30,9.511745111803162,0.6568267946164716,7.229551013681561,1.979991960331401,7.895509628184118
sz000333,2013-10-18,44.52,46.8,44.3,46.01,0.031383,10420989.0,478846152.15,31577486990.0,77587739130.0,0.015184,46.010014184475196,2013-10-31,2013-09-30,9.810253141114202,0.6774400543027882,7.45643672188034,2.042130242127536,8.143294406845419
sz000333,2013-10-21,46.2,48.1,45.68,47.85,0.039991,13565868.0,638065955.28,32840311950.0,80690574160.0,0.019766,47.85000066172655,2013-10-31,2013-09-30,10.202577978011622,0.7045317669211167,7.754629365705979,2.123797697864053,8.468952893469575
sz000333,2013-10-22,47.4,48.31,46.88,47.42,-0.008986,8214741.0,390719938.23,32545195240.0,79965455110.0,0.011969,47.42002055578027,2013-10-31,2013-09-30,10.11089337013788,0.6982005515239915,7.68494304190299,2.1047123686902425,8.392850882768856
sz000333,2013-10-23,47.47,48.43,45.9,46.09,-0.028047,8729030.0,407798443.49,31632392430.0,77722645000.0,0.012719,46.0900312392523,2013-10-31,2013-09-30,9.827310742608491,0.6786179548438188,7.469401619354409,2.0456810010497146,8.157456594059838
sz000333,2013-10-24,46.0,49.6,45.84,47.5,0.030592,12218451.0,583397301.42,32600100680.0,80100360980.0,0.017803,47.5000174749235,2013-10-31,2013-09-30,10.127950971632167,0.6993784520650221,7.6979079393770595,2.108263127612421,8.407009506185316
sz000333,2013-10-25,47.43,48.85,47.11,47.7,0.004211,10233626.0,490068564.95,32737364260.0,80437625660.0,0.014911,47.700040048510395,2013-10-31,2013-09-30,10.170594976000087,0.7023232034612549,7.730320183542747,2.1171400250494696,8.442411423215862
sz000333,2013-10-28,47.97,49.5,47.5,49.47,0.037107,10446741.0,508354445.01,33952146960.0,83422418050.0,0.015221,49.470045434590475,2013-10-31,2013-09-30,10.547994411115852,0.7283842530734391,8.017168541718188,2.1957005666303786,8.755683983897132
sz000333,2013-10-29,49.1,49.68,48.01,48.93,-0.010916,9652552.0,469601271.48,33581535290.0,82511803420.0,0.0140639999999999,48.93003041862648,2013-10-31,2013-09-30,10.43285560008111,0.7204334243559983,7.929655483047452,2.17173294370827,8.66010693752891
sz000333,2013-10-30,49.01,50.66,48.65,50.17,0.025342,12128524.0,604865247.77,34432569490.0,84602844430.0,0.017672,50.170015249495314,2013-10-31,2013-09-30,10.697248426403577,0.738690882960254,8.130611396298095,2.226769707660048,8.879571367539768
sz000333,2013-10-31,50.68,50.8,47.93,48.4,-0.03528,10073288.0,491851069.63,33217786800.0,81618052030.0,0.014677,48.40001711149312,2013-10-31,2013-09-30,10.319848990023408,0.7126298332607568,7.84376303716162,2.1482091658159357,8.566300089692966
sz000333,2013-11-01,47.79,48.79,47.33,47.76,-0.0132229999999999,7205717.0,344516586.56,32778543330.0,80538805060.0,0.010499,47.76002368522786,2014-04-29,2014-03-31,8.741849051571231,0.6282312939899208,6.386528782673378,1.9311601199307742,8.453027903606957
sz000333,2013-11-04,47.6,48.5,47.6,47.99,0.004816,4962214.0,238322433.22,32936396450.0,80926659440.0,0.0072299999999999,47.99003595929591,2014-04-29,2014-03-31,8.783947570930001,0.6312566959541731,6.417284679281362,1.9404600953952535,8.493737685990729
sz000333,2013-11-05,47.52,48.41,47.08,48.19,0.004168,5475095.0,261530183.36,33073660030.0,81263924120.0,0.007977,48.19005842917426,2014-04-29,2014-03-31,8.820554979256833,0.6338874802844802,6.444028937339257,1.9485470306234582,8.529139584665938
sz000333,2013-11-06,47.98,48.23,46.21,46.75,-0.029882,6025131.0,284031665.55,32085362250.0,78835618440.0,0.008779,46.750043103193676,2014-04-29,2014-03-31,8.556981641040322,0.6149458332310755,6.251470280591174,1.8903210973640334,8.27427183559695
sz000333,2013-11-07,46.52,46.93,45.16,46.22,-0.011337,6205677.0,283865718.07,31721613750.0,77941867040.0,0.009042,46.22003786453277,2014-04-29,2014-03-31,8.459972009191304,0.6079742547713628,6.180597996896348,1.8688907190572475,8.180466415796788
sz000333,2013-11-08,45.8,46.2,45.33,45.66,-0.012116,3341133.0,153053748.71,31337275720.0,76997525940.0,0.004868,45.66003588576609,2014-04-29,2014-03-31,8.357471266310345,0.6006080586777047,6.105714074651433,1.8462473005141864,8.081351884702993
sz000333,2013-11-11,45.69,46.0,44.61,45.78,0.002628,3580989.0,162564568.65,31419633870.0,77199884750.0,0.0052179999999999,45.78003046007388,2014-04-29,2014-03-31,8.379435711523527,0.6021865292914895,6.121760629644765,1.8510994616990653,8.102589677455994
sz000333,2013-11-12,45.88,47.02,45.5,46.35,0.012451,6472993.0,301452116.47,31810835080.0,78161089080.0,0.009431,46.35003761933226,2014-04-29,2014-03-31,8.48376682438666,0.6096842645704615,6.197981764475385,1.8741472269076243,8.203475021529998
sz000333,2013-11-13,45.86,46.34,45.5,45.5,-0.0183389999999999,3048409.0,139594995.26,31227464860.0,76727714200.0,0.004442,45.50002427943133,2014-04-29,2014-03-31,8.328185340083047,0.5985034312446604,6.0843186685223065,1.839777752427535,8.05303149311016
sz000333,2013-11-14,45.55,46.32,44.67,46.0,0.010989,5436007.0,246139982.62,31570623810.0,77570875890.0,0.007921,46.000024046237996,2014-04-29,2014-03-31,8.419703859814705,0.6050803919924244,6.151179312874069,1.8599950902582663,8.141526256187946
sz000333,2013-11-15,45.87,47.06,45.61,46.2,0.0043479999999999,6421521.0,298879163.02,31707887400.0,77908140570.0,0.009356,46.200032150791024,2014-04-29,2014-03-31,8.456311268141537,0.6077111763227313,6.177923570931964,1.8680820254864707,8.17692561234985
sz000333,2013-11-18,46.35,47.08,46.1,46.89,0.0149349999999999,4983041.0,232323741.97,32181446750.0,79071703710.0,0.007261,46.89002963096309,2014-04-29,2014-03-31,8.582606826217852,0.6167873822154882,6.270191260755915,1.8959819518799084,8.299047996370295
sz000333,2013-11-19,46.88,47.5,46.51,46.97,0.0017059999999999,5316174.0,250109367.97,32236352190.0,79206609580.0,0.0077459999999999,46.97002402151351,2014-04-29,2014-03-31,8.5972497893315,0.6178396959320103,6.280888963820479,1.8992167259232342,8.313206172252102
sz000333,2013-11-20,47.48,47.48,46.41,46.68,-0.006174,4172673.0,195299676.7,32037319990.0,78717575800.0,0.0060799999999999,46.68003109320468,2014-04-29,2014-03-31,8.544169047908847,0.6140250586998673,6.242109790112316,1.8874906699862057,8.261880437344617
sz000333,2013-11-21,46.7,46.7,45.05,45.71,-0.02078,6602904.0,300714511.26,31371591620.0,77081842110.0,0.009621,45.71002004708789,2014-04-29,2014-03-31,8.366623118392054,0.6012657547602814,6.112400139165907,1.8482690343212378,8.090198561856596
sz000333,2013-11-22,45.85,46.85,45.66,46.58,0.019033,4428863.0,205574946.43,31968688200.0,78548943460.0,0.006453,46.58001885864412,2014-04-29,2014-03-31,8.525865343745432,0.6127096665347138,6.228737661083368,1.8834472023721034,8.244179311084412
sz000333,2013-11-25,45.83,46.31,45.58,45.96,-0.0133099999999999,6320252.0,289730106.73,31543171100.0,77503422960.0,0.009209,45.96003880763557,2014-04-29,2014-03-31,8.412382378800592,0.6045542351731651,6.145830461738274,1.8583777033564934,8.13444928445388
sz000333,2013-11-26,45.91,47.2,45.7,47.19,0.026762,7858305.0,367247558.67,32387342130.0,79577600730.0,0.01145,47.19002136620551,2014-04-29,2014-03-31,8.637517938708099,0.6207335587109488,6.310307647842758,1.9081123547222152,8.352143416204434
sz000333,2013-11-27,47.2,47.29,46.25,46.59,-0.012715,5417393.0,252670204.66,31975551380.0,78565806690.0,0.007893,46.5900002445342,2014-04-29,2014-03-31,8.527695713727605,0.6128412057200279,6.230074873669073,1.8838515490376018,8.245945912667395
sz000333,2013-11-28,46.6,47.97,46.6,47.67,0.023181,7237994.0,343994300.21,32716774720.0,80387035950.0,0.010546,47.670003040202744,2014-04-29,2014-03-31,8.725375717389989,0.6270474410100813,6.374493866230135,1.9275209989821704,8.437095184868936
sz000333,2013-11-29,47.52,48.0,47.28,47.91,0.005035,5125945.0,244627679.93,32881491020.0,80791753570.0,0.007469,47.91002150551016,2014-04-29,2014-03-31,8.769304607816354,0.6302043822376511,6.406586976216799,1.9372253213519275,8.47957595912475
sz000333,2013-12-02,47.02,47.19,46.03,46.13,-0.037153,6513376.0,304178444.19,31659845140.0,77790097930.0,0.00949,46.13002047651594,2014-04-29,2014-03-31,8.443498675010062,0.6067904017915232,6.168563080453105,1.865251598108643,8.164534273515388
sz000333,2013-12-03,46.0,47.09,46.0,47.02,0.019293,5606801.0,261874434.42,32270668080.0,79290925750.0,0.008169,47.02000696156936,2014-04-29,2014-03-31,8.606401641413209,0.6184973920145872,6.2875750283349525,1.9012384597302856,8.32205263325432
sz000333,2013-12-04,47.0,48.4,46.8,47.94,0.019566,5726006.0,274690867.03,32902080560.0,80842343270.0,0.008343,47.94000041777942,2014-04-29,2014-03-31,8.774795718848294,0.6305989998715964,6.410598614766888,1.9384383615882026,8.484881915076574
sz000333,2013-12-05,48.06,48.88,47.89,48.54,0.012516,5473742.0,265569524.21,33313871300.0,81854137300.0,0.007976,48.54001746300835,2014-04-29,2014-03-31,8.884617942743366,0.6384913527845137,6.490831388147597,1.9626991670330358,8.59107869712567
sz000333,2013-12-06,48.59,48.63,47.73,48.4,-0.002884,3844333.0,185057340.88,33217786800.0,81618052030.0,0.005601,48.400028052645034,2014-04-29,2014-03-31,8.858992757565838,0.636649803800101,6.472110407982856,1.9570383125171606,8.56630202616316
sz000333,2013-12-09,48.45,48.97,47.95,48.49,0.00186,4707669.0,227857524.61,33279555410.0,81769821130.0,0.006859,48.49005210482295,2014-04-29,2014-03-31,8.875466090661659,0.637833656701937,6.484145323633124,1.9606774332259849,8.582235347931825
sz000333,2013-12-10,48.8,50.47,48.8,49.68,0.024541,10813891.0,538909457.8,34096273720.0,83776545970.0,0.015756,49.680046473527405,2014-04-29,2014-03-31,9.093280169555051,0.6534868234204614,6.643273658601813,2.008794697689934,8.792851985605418
sz000333,2013-12-11,49.45,50.0,47.84,48.38,-0.026167,6295245.0,309155364.38,33204060440.0,81584325560.0,0.009172,48.38006869745461,2014-04-29,2014-03-31,8.855332016516071,0.6363867253514697,6.469435982018472,1.9562296189463844,8.56276942769808
sz000333,2013-12-12,48.2,49.49,47.68,49.31,0.019223,4568478.0,221437140.19,33842336090.000008,83152606310.0,0.006657,49.31007875802578,2014-04-29,2014-03-31,9.02555646393333,0.6486198723937928,6.5937967810361116,1.9938338674697995,8.727371544406722
sz000333,2013-12-13,48.51,50.9,48.42,50.15,0.0170349999999999,10987469.0,551962433.12,34418843140.0,84569117960.0,0.016009,50.15007594966875,2014-04-29,2014-03-31,9.179307578254768,0.65966916653428,6.706122664403486,2.0277989952843907,8.87604231866569
sz000333,2013-12-16,50.14,51.5,49.8,49.91,-0.004786,9577462.0,485809113.18,34254126840.000008,84164400340.0,0.013955,49.91005768617363,2014-04-29,2014-03-31,9.135378687828403,0.6565122253067102,6.674029554416821,2.0180946729146334,8.833561580128555
sz000333,2013-12-17,49.96,50.1,48.92,49.0,-0.018233,6405805.0,315460842.05,33629577540.0,82629846060.0,0.009334,49.000047604381635,2014-04-29,2014-03-31,8.96881498146091,0.6445421567130184,6.5523431813635655,1.9812991179619945,8.672499251838072
sz000333,2013-12-18,48.98,50.5,48.5,50.49,0.0304079999999999,6406127.0,318806468.76,34652191230.0,85142467910.0,0.009334,50.49004105193567,2014-04-29,2014-03-31,9.24154017175913,0.6641414998489998,6.751587902626122,2.0415467850284705,8.936212609087963
sz000333,2013-12-19,50.75,51.38,49.89,49.89,-0.011884,6346406.0,320375899.66,34240400480.0,84130673880.0,0.009247,49.89001740407446,2014-04-29,2014-03-31,9.131717947864056,0.6562491469360823,6.671355129245412,2.017285979583637,8.830014658441563
sz000333,2013-12-20,49.6,52.0,49.41,51.78,0.037883,20368231.0,1029695716.24,35537541330.0,87317825080.0,0.0296779999999999,51.78000093339301,2014-04-29,2014-03-31,9.477657953730517,0.681110058654674,6.924088365830783,2.0937075168667416,9.164522103747302
sz000333,2013-12-23,51.2,51.7,50.01,50.35,-0.027617,7054117.0,357126323.4,34556106720.0,84906382640.0,0.010278,50.349992647615494,2014-04-29,2014-03-31,9.215914986581598,0.6622999508645869,6.73286692246138,2.0358859305125954,8.911425496808114
sz000333,2013-12-24,50.8,51.17,49.77,50.81,0.009136,6575973.0,330453340.88,34871812960.0,85682091400.0,0.0095819999999999,50.80999018044411,2014-04-29,2014-03-31,9.300112025299143,0.6683507547930916,6.794378715677348,2.0544858814415536,8.992840280146952
sz000333,2013-12-25,51.0,51.12,50.14,50.4,-0.008069,4262422.0,215560125.12,34590422610.0,84990698810.0,0.006211,50.40000436967811,2014-04-29,2014-03-31,9.225066838663308,0.6629576469471637,6.739552986975854,2.0379076643196465,8.920277051926448
sz000333,2013-12-26,50.16,50.2,47.58,48.45,-0.0386899999999999,10590937.0,515988358.27,33252102690.0,81702368200.0,0.015432,48.450028200615264,2014-04-29,2014-03-31,8.868144609647546,0.6373074998826778,6.478796472497329,1.959060046324212,8.575151532787414
sz000333,2013-12-27,48.0,50.3,47.82,49.78,0.027451,7452613.0,366987474.83,34164905510.0,83945178300.0,0.010859,49.78002992475035,2014-04-29,2014-03-31,9.111583872633048,0.6548022155076114,6.656645786837784,2.0128381650642564,8.81054801751396
sz000333,2013-12-30,49.78,50.54,49.41,49.5,-0.005625,4380030.0,218806910.72,33972736500.0,83473007760.0,0.006382,49.50001725642363,2014-04-29,2014-03-31,9.060333502277988,0.6511191175387858,6.619203826508302,2.001516456032506,8.760988684915445
sz000333,2013-12-31,49.41,50.1,48.26,50.0,0.010101,5985944.0,294099112.29,34315895450.000008,84316169450.0,0.008722,50.000016930730766,2014-04-29,2014-03-31,9.151852022009646,0.6576960782865497,6.686064470860065,2.021733793863237,8.849483431621774
sz000333,2014-01-02,49.4,49.82,48.6,48.92,-0.0216,3946290.0,193220266.48,33574672110.0,82494940190.0,0.00575,48.920016565026984,2014-04-29,2014-03-31,8.954172018347261,0.6434898429964963,6.541645478299002,1.9780643439186685,8.658334589498745
sz000333,2014-01-03,48.4,48.8,47.11,48.07,-0.017375,7584577.0,362396320.3,32991301890.0,81061565310.0,0.011051,48.07003127720964,2014-04-29,2014-03-31,8.798590534043651,0.6323090096706953,6.427982382345925,1.9436948694385794,8.507896026006204
sz000333,2014-01-06,47.88,47.98,46.36,46.61,-0.030372,5992569.0,279878513.71,31989277740.0,78599533160.0,0.008731,46.61004828725822,2014-04-29,2014-03-31,8.531356454777374,0.6131042841686594,6.232749299633459,1.8846602426083783,8.249494207904343
sz000333,2014-01-07,46.2,47.18,46.2,46.46,-0.003218,3440935.0,160580651.04,31886330050.0,78346584650.0,0.005014,46.460057151869826,2014-04-29,2014-03-31,8.50390089853225,0.6111311959209289,6.212691106090037,1.8785950411872245,8.222947335543306
sz000333,2014-01-13,46.0,48.5,45.8,46.5,0.0008609999999999,7394698.0,346958966.27,31913782770.0,78414037590.0,0.0107739999999999,46.50005926107759,2014-04-29,2014-03-31,8.511222380631784,0.6116573528181918,6.218039958018806,1.8802124283287776,8.23002729319921
sz000333,2014-01-14,46.5,48.06,46.33,48.01,0.032473,5011533.0,237738075.33,32950122810.0,80960385910.0,0.0073019999999999,48.010055685462554,2014-04-29,2014-03-31,8.787608311979769,0.6315197744028046,6.419959105245747,1.94126878896603,8.497280969491268
sz000333,2014-01-15,47.7,49.05,47.51,48.4,0.008123,4306796.0,208692015.19,33217786800.0,81618052030.0,0.006275,48.400041367795566,2014-04-29,2014-03-31,8.858992757565838,0.636649803800101,6.472110407982856,1.9570383125171606,8.566304382806445
sz000333,2014-01-16,48.39,49.04,47.81,48.32,-0.001653,4245118.0,205606086.12,33162881360.0,81483146160.0,0.006185,48.3200360994146,2014-04-29,2014-03-31,8.84434979445219,0.635597490083579,6.461412704918293,1.953803538473835,8.552144281661665
sz000333,2014-01-17,48.05,48.32,46.67,46.9,-0.029387,4019015.0,190432273.24,32188309930.0,79088566940.0,0.005856,46.9000551985611,2014-04-29,2014-03-31,8.584437196200025,0.6169189214008023,6.27152847334162,1.8963862985454067,8.300822417656473
sz000333,2014-01-20,46.89,47.84,46.51,47.51,0.013006,3816813.0,180827659.82,32606963860.0,80117224210.0,0.005561,47.51003731647359,2014-04-29,2014-03-31,8.696089791162692,0.6249428135770372,6.35309846010101,1.9210514508955188,8.408782914020515
sz000333,2014-01-21,47.5,47.8,46.78,47.0,-0.010735,4335520.0,204014337.5,32256941720.0,79257199280.0,0.006317,47.000017065881245,2014-04-29,2014-03-31,8.60274090036344,0.6182343135659557,6.284900602370568,1.9004297661595089,8.318514629438504
sz000333,2014-01-22,47.05,47.97,46.85,47.76,0.01617,4317868.0,205238258.42,32778543330.0,80538805060.0,0.006291,47.76000734183655,2014-04-29,2014-03-31,8.741849051571231,0.6282312939899208,6.386528782673378,1.9311601199307742,8.453025010996525
sz000333,2014-01-23,47.73,49.13,47.32,48.38,0.0129819999999999,5500074.0,265863460.78,33204060440.0,81584325560.0,0.008014,48.38002775714826,2014-04-29,2014-03-31,8.855332016516071,0.6363867253514697,6.469435982018472,1.9562296189463844,8.562762181689282
sz000333,2014-01-24,48.38,49.26,47.8,48.61,0.0047539999999999,5036662.0,245337713.35,33361913560.0,81972179940.0,0.007339,48.61002640910574,2014-04-29,2014-03-31,8.897430535874841,0.639412127315722,6.500191878626455,1.9655295944108635,8.60346955310103
sz000333,2014-01-27,48.31,48.35,47.15,47.36,-0.025715,5422290.0,258565265.04,32504016170.0,79864275700.0,0.007901,47.36001957999559,2014-04-29,2014-03-31,8.668634234917567,0.6229697253293068,6.333040266557589,1.914986249474365,8.382231333543038
sz000333,2014-01-28,47.83,48.28,47.3,47.91,0.011613,3708992.0,177707761.89,32881491020.0,80791753570.0,0.005404,47.91001148737808,2014-04-29,2014-03-31,8.769304607816354,0.6302043822376511,6.406586976216799,1.9372253213519275,8.479574186019473
sz000333,2014-01-29,48.25,48.37,47.5,47.79,-0.002505,4006927.0,191411779.34,32799132870.0,80589394760.0,0.005838,47.78999690860219,2014-04-29,2014-03-31,8.747340162603171,0.6286259116238662,6.390540421223467,1.9323731601670489,8.458332852683494
sz000333,2014-01-30,47.88,47.9,46.51,46.86,-0.0194599999999999,5455584.0,256146015.28,32160857220.0,79021114010.0,0.007949,46.860003568760796,2014-04-29,2014-03-31,8.577115715185911,0.6163927645815429,6.266179622205826,1.8947689116436337,8.293733695370273
sz000333,2014-02-07,46.41,46.41,44.9,45.71,-0.024541,9233260.0,419470256.6,31371591620.0,77081842110.0,0.013453,45.71001222117984,2014-04-29,2014-03-31,8.366623118392054,0.6012657547602814,6.112400139165907,1.8482690343212378,8.090197176752191
sz000333,2014-02-10,45.69,47.0,45.4,46.55,0.018377,7058080.0,327990401.1,31948098660.0,78498353760.0,0.010284,46.550025115768456,2014-04-29,2014-03-31,8.520374232713491,0.6123150489007685,6.22472602253328,1.8822341621358287,8.238870730269367
sz000333,2014-02-11,46.52,46.52,45.5,45.95,-0.012889,6658013.0,305636957.47,31536307920.0,77486559720.0,0.009701,45.95004184205131,2014-04-29,2014-03-31,8.410552007732997,0.6044226959098477,6.144493248359596,1.857973356451215,8.132679925426924
sz000333,2014-02-12,46.0,47.19,45.66,46.75,0.01741,6370454.0,296686578.71,32085362250.0,78835618440.0,0.0092819999999999,46.75003207052143,2014-04-29,2014-03-31,8.556981641040322,0.6149458332310755,6.251470280591174,1.8903210973640334,8.274269882928607
sz000333,2014-02-13,46.81,46.81,45.7,46.15,-0.012834,6856965.0,317109261.6,31673571500.0,77823824400.0,0.009991,46.15004215892836,2014-04-29,2014-03-31,8.447159416059828,0.6070534802401546,6.17123750641749,1.8660602916794196,8.1680779032511
sz000333,2014-02-14,45.89,46.53,45.81,46.29,0.003034,3965343.0,182979755.1,31769656010.0,78059909680.0,0.005778,46.290061386838545,2014-04-29,2014-03-31,8.472784602322779,0.6088950293025709,6.189958487375207,1.871721146435075,8.192859851609564
sz000333,2014-02-17,46.35,46.58,46.0,46.5,0.0045369999999999,5650256.0,260881611.64,31913782770.0,78414037590.0,0.0082329999999999,46.500079395350625,2014-04-29,2014-03-31,8.511222380631784,0.6116573528181918,6.218039958018806,1.8802124283287776,8.230030856756315
sz000333,2014-02-18,46.39,46.39,45.66,45.99,-0.010968,4122529.0,189272106.43,31563760630.0,77554012660.0,0.006007,45.990066524542414,2014-04-29,2014-03-31,8.417873489832532,0.6049488528071104,6.149842100288365,1.859590743592768,8.139763878319412
sz000333,2014-02-19,46.0,46.38,45.5,46.08,0.001957,4387068.0,202089733.31,31625529250.0,77705781770.0,0.006392,46.080069084730944,2014-04-29,2014-03-31,8.434346824013776,0.60613270578695,6.161877016731607,1.863229864541372,8.155693396229283
sz000333,2014-02-20,46.06,46.17,44.7,44.91,-0.025391,8485159.0,383520522.55,30822537290.0,75732783400.0,0.0123629999999999,44.91005005060054,2014-04-29,2014-03-31,8.220193486170148,0.590742617517057,6.005423107727302,1.8159212936481994,7.948612185205626
sz000333,2014-02-21,44.95,45.25,44.48,44.7,-0.004676,4792501.0,214409176.48,30678410530.0,75378655490.0,0.006983,44.70005065656394,2014-04-29,2014-03-31,8.181755707861145,0.5879802940014361,5.977341637083703,1.8074300117544966,7.911444474627604
sz000333,2014-02-24,44.5,44.6,40.3,41.92,-0.062192,13622311.0,569681717.19,28770446750.0,70690676470.0,0.0198479999999999,41.92006510613091,2014-04-29,2014-03-31,7.672912735591538,0.5514123920597804,5.605596452616486,1.6950216128497495,7.419415919861565
sz000333,2014-02-25,41.8,41.8,40.28,40.34,-0.037691,15201359.0,619138414.67,27686064450.0,68026285510.000015,0.022149,40.34005593221573,2014-04-29,2014-03-31,7.383714211112078,0.5306291959439597,5.394316814910688,1.6311348248346698,7.139770714426062
sz000333,2014-02-26,40.09,40.19,39.0,39.26,-0.026772,11431274.0,450989052.86,26944841110.0,66205056250.0,0.016656,39.26007195479845,2014-04-29,2014-03-31,7.186034207449694,0.5164229606539061,5.2498978223496255,1.587465374890101,6.948624772859447
sz000333,2014-02-27,39.43,39.59,37.74,38.16,-0.028018,14095849.0,541013006.37,26189891410.0,64350100520.0,0.020538,38.16008325876891,2014-04-29,2014-03-31,6.984693462737543,0.5019536469152213,5.102804403824179,1.542987231374756,6.753938203973472
sz000333,2014-02-28,38.2,38.95,37.78,38.94,0.02044,7978905.0,308076484.52,26725219380.0,65665432770.0,0.011626,38.94007536057814,2014-04-29,2014-03-31,7.1274623549950995,0.5122137057878178,5.207107010091374,1.5745262787167975,6.891988700862689
sz000333,2014-03-03,38.5,40.3,38.5,39.92,0.025167,6523906.0,258418199.91,27397810930.0,67318029690.0,0.009506,39.92008023717781,2014-04-29,2014-03-31,7.306838654494068,0.5251045489127179,5.338153873623488,1.614152261047264,7.0654393804973
sz000333,2014-03-04,39.59,39.59,38.45,38.88,-0.026052,5829695.0,226270204.06,26684040300.0,65564253360.0,0.008494,38.88008230683885,2014-04-29,2014-03-31,7.116480131845799,0.5114244704419235,5.199083732198221,1.5721001980044682,6.881370553756584
sz000333,2014-03-05,39.0,39.6,38.55,38.8,-0.002058,4445050.0,173812818.87,26629134870.0,65429347490.0,0.0064769999999999,38.800067097451375,2014-04-29,2014-03-31,7.101837168732151,0.5103721567254015,5.188386029133658,1.5688654239611426,6.867208693156953
sz000333,2014-03-06,38.8,41.01,38.61,40.65,0.04768,11662673.0,468521554.83,27898823000.0,68549045760.000015,0.016993,40.650054296657856,2014-04-29,2014-03-31,7.440455693584498,0.534706911624734,5.435770414583235,1.643669574342475,7.194637203646676
sz000333,2014-03-07,40.69,41.34,40.32,40.49,-0.003936,5513560.0,225197534.5,27789012140.0,68279234019.99999,0.008034,40.490055682946206,2014-04-29,2014-03-31,7.4111697673572,0.5326022841916898,5.414375008454108,1.6372000262558228,7.166319111613121
sz000333,2014-03-10,40.0,41.9,39.75,40.64,0.0037049999999999,10274375.0,423278118.2,27891959820.0,68532182530.0,0.0149699999999999,40.64007133925151,2014-04-29,2014-03-31,7.438625323602323,0.53457537243942,5.434433201997529,1.6432652276769761,7.192870323921647
sz000333,2014-03-11,41.05,42.66,41.05,41.76,0.0275589999999999,10879544.0,457655975.6,28660635880.0,70420864720.0,0.015852,41.76007106528994,2014-04-29,2014-03-31,7.643626808278821,0.5493077645487328,5.584201045694385,1.6885520645233179,7.391098637178603
sz000333,2014-03-12,42.25,42.45,41.36,42.07,0.007423,6409232.0,268506551.25,28873394430.0,70943624980.0,0.009339,42.07005607280758,2014-04-29,2014-03-31,7.700368291836661,0.5533854803075107,5.625654646159907,1.7010868142709028,7.445962762362379
sz000333,2014-03-13,42.13,42.36,41.35,41.8,-0.006418,4887819.0,204431525.44,28688088600.0,70488317660.0,0.007122,41.800050452932304,2014-04-29,2014-03-31,7.650948290378355,0.5498339214459956,5.589549897623154,1.6901694516648709,7.398174573353537
sz000333,2014-03-14,41.77,42.28,41.01,41.8,0.0,4250563.0,177624027.56,28688088600.0,70488317660.0,0.006193,41.800050452932304,2014-04-29,2014-03-31,7.650948290378355,0.5498339214459956,5.589549897623154,1.6901694516648709,7.398174573353537
sz000333,2014-03-17,41.9,43.05,41.43,43.0,0.0287079999999999,7580905.0,321709296.76,29511670090.0,72511905730.0,0.0110459999999999,43.00004630133508,2014-04-29,2014-03-31,7.870592739253921,0.5656186273498338,5.750015445177548,1.738691062794318,7.61056136900537
sz000333,2014-03-18,43.69,43.8,42.07,42.11,-0.0206979999999999,7197754.0,306533806.51,28900847150.0,71011077910.0,0.010487,42.110031342990055,2014-04-29,2014-03-31,7.707689772850775,0.5539116371267699,5.631003497295701,1.7027042011726758,7.453037969789697
sz000333,2014-03-19,41.88,42.0,40.5,41.04,-0.02541,5273720.0,216781124.89,28166486990.0,69206711880.0,0.007684,41.040015446564674,2014-04-29,2014-03-31,7.511840139170565,0.5398369410220304,5.487921717320344,1.6594390978936053,7.263656274977341
sz000333,2014-03-20,41.04,41.65,39.55,39.79,-0.030458,7425367.0,299716621.25,27308589600.0,67098807650.0,0.010819,39.7900186560932,2014-04-29,2014-03-31,7.283043839298712,0.5233945391136189,5.320770106044452,1.6088957531968873,7.0424198321540805
sz000333,2014-03-21,39.79,41.05,39.78,40.85,0.0266399999999999,4279616.0,173385626.19,28036086580.0,68886310440.0,0.006236,40.850024753091525,2014-04-29,2014-03-31,7.4770631019113285,0.537337695955041,5.46251467264113,1.6517565095706792,7.230029896482665
sz000333,2014-03-24,40.57,41.36,40.33,41.16,0.007589,4198265.0,171713629.91,28248845130.0,69409070690.0,0.006117,41.16003559094274,2014-04-29,2014-03-31,7.5338045843837484,0.5414154116358154,5.503968272313676,1.6642912590784844,7.284898593367072
sz000333,2014-03-25,40.98,42.04,40.7,41.44,0.006803,4006743.0,166315510.03,28441014150.0,69881241240.0,0.005838,41.44004731306792,2014-04-29,2014-03-31,7.585054955824227,0.5450985096826444,5.5414102334361335,1.6756129683500145,7.334457758497748
sz000333,2014-03-26,41.41,42.5,41.41,42.28,0.02027,4138661.0,174364926.5,29017521190.0,71297752890.0,0.00603,42.28003707210381,2014-04-29,2014-03-31,7.7388060701456665,0.5561478038231317,5.653736116803507,1.7095780961646057,7.483127217262497
sz000333,2014-03-27,42.28,42.44,41.75,42.12,-0.003784,4038076.0,170231817.33,28907710330.0,71027941140.0,0.005884,42.12004941182297,2014-04-29,2014-03-31,7.709520142832949,0.5540431763120839,5.632340709881406,1.703108547838174,7.454811063872376
sz000333,2014-03-28,42.21,43.5,42.21,42.85,0.017331,7861031.0,337750198.53,29408722400.0,72258957220.0,0.011454,42.850031988179275,2014-04-29,2014-03-31,7.843137183008797,0.5636455391021036,5.729957251634127,1.7326258613731644,7.584010394420348
sz000333,2014-03-31,47.14,47.14,44.79,45.08,0.052042,32394664.0,1495925787.3,30939211340.0,76019458380.0,0.047201,45.080033352908096,2014-04-29,2014-03-31,8.251309783465041,0.5929787842134187,6.0281557272351085,1.8227951886401295,7.978697463366771
sz000333,2014-04-01,45.08,47.43,44.29,47.02,0.043035,24292441.0,1127692978.19,32270668080.0,79290925750.0,0.0353949999999999,47.020052588250486,2014-04-29,2014-03-31,8.606401641413209,0.6184973920145872,6.2875750283349525,1.9012384597302856,8.32206070870276
sz000333,2014-04-02,47.16,47.85,46.2,46.31,-0.0151,16536316.0,771714339.46,31783382370.0,78093636140.0,0.024094,46.3100497941679,2014-04-29,2014-03-31,8.476445342287127,0.6091581076731988,6.192632912546616,1.8725298397660712,8.196397592001347
sz000333,2014-04-03,46.5,47.47,45.36,46.1,-0.004535,17307908.0,804169466.93,31639255600.0,77739508230.0,0.025218,46.100033718351355,2014-04-29,2014-03-31,8.43800756397812,0.6063957841575779,6.164551441903017,1.8640385578723684,8.15922692892162
sz000333,2014-04-04,45.68,46.36,45.03,46.01,-0.001952,12139030.0,555344087.58,31577486990.0,77587739130.0,0.017687,46.01004645253313,2014-04-29,2014-03-31,8.4215342308823,0.6052119312557419,6.152516526252748,1.8603994371635444,8.143300117956366
sz000333,2014-04-08,45.9,47.01,45.42,46.75,0.016083,15452763.0,718320751.98,32085362250.0,78835618440.0,0.022515,46.750026029629225,2014-04-29,2014-03-31,8.556981641040322,0.6149458332310755,6.251470280591174,1.8903210973640334,8.27426881375346
sz000333,2014-04-09,47.0,47.44,46.52,46.84,0.001925,13011942.0,610865903.22,32147130860.0,78987387540.0,0.018959,46.840019829736256,2014-04-29,2014-03-31,8.573454974136144,0.6161296861329116,6.263505196241442,1.8939602180728574,8.290196781219935
sz000333,2014-04-10,47.02,47.05,46.02,46.59,-0.005337,13733126.0,638814180.87,31975551380.0,78565806690.0,0.02001,46.59003464390496,2014-04-29,2014-03-31,8.527695713727605,0.6128412057200279,6.230074873669073,1.8838515490376018,8.245952000998564
sz000333,2014-04-11,46.69,48.26,46.61,47.9,0.028118,21234877.0,1011449960.88,32874627840.0,80774890330.0,0.03094,47.90005323802228,2014-04-29,2014-03-31,8.76747423674876,0.6300728429743336,6.405249762838119,1.9368209744466494,8.477811679362642
sz000333,2014-04-14,47.75,47.95,47.11,47.34,-0.011691,10648103.0,505394740.67,32490289810.0,79830549240.0,0.015515,47.34005371561656,2014-04-29,2014-03-31,8.664973494953221,0.6227066469586789,6.330365841386179,1.9141775561433687,8.378697583019214
sz000333,2014-04-15,47.46,47.46,45.8,45.9,-0.030418,12848818.0,595582825.37,31501992020.0,77402243560.0,0.018721,45.90006396169494,2014-04-29,2014-03-31,8.40140015673671,0.6037649999052744,6.137807184638097,1.855951622883944,8.123834359938934
sz000333,2014-04-16,45.6,46.18,45.6,46.16,0.005664,6653570.0,305679089.52,31680411600.0,77840687640.0,0.009695,46.16004192397397,2014-04-29,2014-03-31,8.448989787127422,0.607185019503472,6.172574719796169,1.866464638584698,8.169847757753628
sz000333,2014-04-17,46.21,46.86,46.2,46.34,0.003899,6163692.0,287072398.08,31803948730.0,78144225850.0,0.008981,46.340019927435556,2014-04-29,2014-03-31,8.481936454404487,0.6095527253851477,6.196644551889681,1.873742880242126,8.20170199416111
sz000333,2014-04-18,46.1,46.85,45.7,46.7,0.007769,5463762.0,253230785.13,32051051950.0,78751302270.0,0.007961,46.700035542251804,2014-04-29,2014-03-31,8.547829788958614,0.6142881371484988,6.2447842160767015,1.8882993635569822,8.265421016953749
sz000333,2014-04-21,46.2,46.65,45.89,46.0,-0.0149889999999999,6780069.0,313220643.64,31570629330.0,77570875890.0,0.009879,46.000048709508995,2014-04-29,2014-03-31,8.419703859814705,0.6050803919924244,6.151179312874069,1.8599950902582663,8.141530621330629
sz000333,2014-04-22,45.9,46.16,44.13,45.15,-0.018478,11551874.0,519669810.08,30987259010.0,76137501010.0,0.016832,45.15005980945469,2014-04-29,2014-03-31,8.264122375511095,0.5938995586666233,6.0375162169209915,1.8256256157781772,7.991091418509682
sz000333,2014-04-23,45.81,46.9,45.72,46.1,0.021041,10679217.0,495039641.58,31639261140.0,77739508230.0,0.01556,46.100062217905425,2014-04-29,2014-03-31,8.43800756397812,0.6063957841575779,6.164551441903017,1.8640385578723684,8.159231973046545
sz000333,2014-04-24,45.99,47.27,45.52,47.17,0.0232099999999999,11668019.0,544749606.15,32373621430.0,79543874260.0,0.017001,47.170044661983006,2014-04-29,2014-03-31,8.63385719765833,0.6204704802623174,6.3076332218783735,1.907303661151439,8.348607747140955
sz000333,2014-04-25,47.39,47.57,46.75,47.01,-0.003392,9257239.0,436514884.52,32263810540.0,79274062520.0,0.013488,47.01004387048956,2014-04-29,2014-03-31,8.604571271431034,0.6183658528292733,6.286237815749248,1.9008341130647872,8.320289269662652
sz000333,2014-04-28,47.0,47.23,44.99,46.44,-0.012125,9554304.0,438749335.56,31872609270.0,78312858190.0,0.013921,46.44004708855987,2014-04-29,2014-03-31,8.500240158567902,0.6108681175503011,6.210016680918629,1.8777863478562284,8.219405762267991
sz000333,2014-04-29,46.7,47.89,45.89,46.99,0.011843,18898228.0,889389035.37,32250084180.0,79240336050.0,0.027536,46.99003656622968,2014-04-29,2014-03-31,8.600910530381267,0.6181027743806418,6.283563389784864,1.900025419494011,8.316748184710532
sz000333,2014-04-30,17.88,17.89,17.14,17.27,-0.038626,27266615.0,477911355.97,29631780890.0,72807012310.0,0.015892,45.17499941382248,2014-08-19,2014-06-30,6.758107866751544,0.5475579711558002,3.70400474639178,1.726999214260203,7.9955054693279015
sz000333,2014-05-05,17.23,17.69,16.81,17.55,0.0162129999999999,21753274.0,373521696.19,30112203510.0,73987438680.0,0.012678,45.90742167931879,2014-08-19,2014-06-30,6.867677652464647,0.5564355757676192,3.764058094805934,1.7549992014702542,8.125136599502113
sz000333,2014-05-06,17.4,17.6,17.05,17.15,-0.022792,16311170.0,282295298.61,29425885480.0,72301115290.0,0.009506,44.86109972440376,2014-08-19,2014-06-30,6.711149386762405,0.5437532834327893,3.6782675968533955,1.7149992196399515,7.939948486126262
sz000333,2014-05-07,17.05,17.06,16.68,16.7,-0.026239,19678369.0,331937448.27,28653777700.0,70404001480.0,0.011469,43.68398932873512,2014-08-19,2014-06-30,6.535055088195464,0.5294857045843083,3.5817532868475688,1.6699992401698123,7.7316121777987945
sz000333,2014-05-08,16.68,17.2,16.51,16.84,0.008383,18181371.0,307329061.8,28893989010.0,70994214670.0,0.010596,44.05019221127791,2014-08-19,2014-06-30,6.5898399815161275,0.5339245069278211,3.6117799613090167,1.683999233893439,7.796426282685283
sz000333,2014-05-09,16.8,17.19,16.67,17.13,0.017221,15784010.0,267805018.45,29391569580.0,72216799130.0,0.0091989999999999,44.80878057134833,2014-08-19,2014-06-30,6.703322974359104,0.5431191688874942,3.6739780724390747,1.7129992207737785,7.930688539699406
sz000333,2014-05-13,17.34,17.6,17.12,17.2,0.004086,17418500.0,302106722.6,29511675240.0,72511905720.0,0.010152,44.99186924876286,2014-08-19,2014-06-30,6.730715420555323,0.5453385700216472,3.6889914094154266,1.719999217516991,7.963093333072617
sz000333,2014-05-14,17.15,17.41,17.04,17.28,0.004651,11312073.0,194726035.64,29648938840.0,72849170400.0,0.006593,45.20112643263885,2014-08-19,2014-06-30,6.7620210738814155,0.5478750285036545,3.7061495091076835,1.7279992139304918,8.000129680164738
sz000333,2014-05-15,17.11,17.21,16.93,17.01,-0.015625,14727148.0,251184079.14,29185674170.0,71710902110.0,0.008583,44.49485883212887,2014-08-19,2014-06-30,6.6563644943699645,0.5393144811644832,3.6482409229006905,1.7009992261535274,7.8751276539121635
sz000333,2014-05-16,16.95,17.15,16.91,17.1,0.005291,7755588.0,131990810.08,29340095730.0,72090324870.0,0.00452,44.73028113020966,2014-08-19,2014-06-30,6.691583353897707,0.5421679969191381,3.667543784800107,1.7099992220001148,7.916794954329012
sz000333,2014-05-19,16.8,16.95,16.51,16.61,-0.028655,13631941.0,226902020.16,28499356150.0,70024578720.0,0.007945,43.448534924423505,2014-08-19,2014-06-30,6.4998362286677205,0.5266321888296535,3.562450424948152,1.660999244323225,7.689939194912714
sz000333,2014-05-20,16.75,16.98,16.42,16.59,-0.001204,10190460.0,169399523.46,28465040240.0,69940262550.0,0.005939,43.396222888374496,2014-08-19,2014-06-30,6.492009815336198,0.5259980742091517,3.558160900025088,1.6589992452198496,7.68068050812204
sz000333,2014-05-21,16.47,16.64,16.31,16.57,-0.001206,8026694.0,132486374.38,28430724340.0,69855946380.0,0.004678,43.343887043571115,2014-08-19,2014-06-30,6.484183402004675,0.5253639595886498,3.553871375102024,1.6569992461164744,7.671417607429244
sz000333,2014-05-22,16.58,16.98,16.54,16.76,0.011467,13124680.0,220767318.77,28756725410.0,70656949990.0,0.0076489999999999,43.840911396299745,2014-08-19,2014-06-30,6.558534328190034,0.5313880484458138,3.5946218616167607,1.675999237479938,7.7593857531336345
sz000333,2014-05-23,16.72,16.98,16.71,16.9,0.008353,6367841.0,107501562.17,28996936720.0,71247163180.0,0.003711,44.207114529193035,2014-08-19,2014-06-30,6.6133192215106975,0.5358268507893266,3.624648536078209,1.6899992312035645,7.8241999023295605
sz000333,2014-05-26,16.99,17.21,16.82,17.0,0.005917,11055121.0,188275442.88,29168516220.0,71668744020.0,0.006443,44.46868802586227,2014-08-19,2014-06-30,6.652451287240091,0.538997423816629,3.6460961601847868,1.6999992264832384,7.870495693151644
sz000333,2014-05-27,17.03,17.13,16.91,16.94,-0.003529,8770007.0,149169475.15,29065568520.0,71415795520.0,0.005111,44.311758025819,2014-08-19,2014-06-30,6.628972048173744,0.5370950800303302,3.6332275859243373,1.693999229410315,7.842720713850512
sz000333,2014-05-28,16.94,17.41,16.8,17.33,0.023022,18277634.0,313602043.46,29734728600.0,73059960820.0,0.010653,45.33190331908941,2014-08-19,2014-06-30,6.781587106746114,0.5494603150173057,3.716873321160972,1.7329992115703285,8.02327583012478
sz000333,2014-05-29,17.26,17.59,17.26,17.32,-0.0005769999999999,13825024.0,241014497.83,29717570650.0,73017802740.0,0.008058,45.3057468108743,2014-08-19,2014-06-30,6.777673900544463,0.5491432577446582,3.7147285589538113,1.7319992121372423,8.018646399970798
sz000333,2014-05-30,17.33,17.55,17.32,17.42,0.005774,10916008.0,190497324.06,29889150150.0,73439383580.0,0.006362,45.56734219296029,2014-08-19,2014-06-30,6.816805966273857,0.5523138307719606,3.7361761830603886,1.7419992074169162,8.064946064284229
sz000333,2014-06-03,17.47,17.85,17.46,17.63,0.012055,11990267.0,212061210.03,30249467120.0,74324703360.0,0.0069879999999999,46.116656503096415,2014-08-19,2014-06-30,6.898983305790741,0.5589720342496265,3.78121619449819,1.762999197883755,8.162168989089174
sz000333,2014-06-04,17.66,17.69,17.2,17.32,-0.017584,9268427.0,161046973.98,29717570650.0,73017802740.0,0.005402,45.305741215145964,2014-08-19,2014-06-30,6.777673900544463,0.5491432577446582,3.7147285589538113,1.7319992121372423,8.018645409585028
sz000333,2014-06-05,17.31,17.59,17.19,17.49,0.009815,8846945.0,154040849.7,30009255810.0,73734490180.0,0.005156,45.75041706517261,2014-08-19,2014-06-30,6.844198413398299,0.5545332319813203,3.7511895205454846,1.7489992043973306,8.097348414280106
sz000333,2014-06-06,17.48,17.68,17.39,17.5,0.000572,7765464.0,136259803.41,30026413760.0,73776648260.0,0.004526,45.77658630373389,2014-08-19,2014-06-30,6.84811161959995,0.5548502892539678,3.753334282752645,1.749999203830417,8.101980097573074
sz000333,2014-06-09,17.66,17.85,17.38,17.57,0.004,11145844.0,196866694.91,30146519420.0,74071754850.0,0.0064959999999999,45.95969264894883,2014-08-19,2014-06-30,6.875504065796171,0.5570696903881209,3.768347619728998,1.7569992005736292,8.134388017963365
sz000333,2014-06-10,17.62,18.37,17.62,18.26,0.039271,33065042.0,596238078.58,31330418010.0,76980662700.0,0.019271,47.76457573896571,2014-08-19,2014-06-30,7.14551532434139,0.5789466446826239,3.916336228811593,1.8259991692842712,8.453833569816807
sz000333,2014-06-11,18.2,18.41,18.03,18.34,0.004381,19235725.0,351856685.83,31467681620.0,77317927380.0,0.011211,47.97383234527812,2014-08-19,2014-06-30,7.176820977667482,0.5814831031646311,3.93349432850385,1.833999165697772,8.490869814686175
sz000333,2014-06-12,18.3,18.56,18.12,18.43,0.004907,18973154.0,349885765.67,31622103180.0,77697350140.0,0.011058,48.20923994059639,2014-08-19,2014-06-30,7.212039837195226,0.584336618919286,3.952797190403266,1.8429991615443595,8.532534512866837
sz000333,2014-06-13,18.5,19.29,18.5,19.07,0.034726,29482903.0,561738413.48,32720212020.0,80395467560.0,0.017183,49.883354006773544,2014-08-19,2014-06-30,7.462485061947525,0.604628286624931,4.09006198692383,1.9069991323779625,8.828835306360652
sz000333,2014-06-16,19.08,19.27,18.88,19.09,0.001049,22383940.0,427953886.9,32754527920.0,80479783730.0,0.013046,49.93568164512664,2014-08-19,2014-06-30,7.470311475279048,0.6052624012454327,4.094351511846894,1.9089991314813377,8.838096754597023
sz000333,2014-06-17,19.09,19.09,18.45,18.53,-0.029335,22029781.0,412162271.47,31793682680.0,78118930990.0,0.0128389999999999,48.470818424066856,2014-08-19,2014-06-30,7.251171903852842,0.587507192021795,3.974244815018586,1.8529991570612359,8.57883118630092
sz000333,2014-06-18,18.5,18.65,18.21,18.33,-0.010793,12794076.0,235716471.46,31450523670.0,77275769290.0,0.0074569999999999,47.9476728808159,2014-08-19,2014-06-30,7.172907770537609,0.5811660458167769,3.931349565787946,1.8329991660274834,8.486239861307174
sz000333,2014-06-19,18.33,18.54,18.07,18.48,0.008183,15163221.0,277827104.79,31707892930.0,77908140560.0,0.008837,48.34002868799962,2014-08-19,2014-06-30,7.231605870059922,0.5859219054329371,3.963521002456555,1.8479991591841967,8.555682762092252
sz000333,2014-06-20,18.4,18.5,18.21,18.37,-0.005952,14334880.0,263139553.1,31519155470.0,77444401630.0,0.008355,48.052308837248646,2014-08-19,2014-06-30,7.188560597200656,0.5824342750577804,3.939928615634074,1.8369991642342338,8.504759338292278
sz000333,2014-06-23,18.43,18.47,17.98,18.0,-0.020142,18846585.0,342704678.02,30884311300.0,75884552500.0,0.010984,47.08443923264879,2014-08-19,2014-06-30,7.043771951959809,0.5707031546913068,3.8605724053205033,1.7999991811775955,8.333456475700396
sz000333,2014-06-24,18.03,18.32,17.82,18.27,0.015,11460184.0,207800633.11,31347575970.0,77022820780.0,0.006679,47.790705821138516,2014-08-19,2014-06-30,7.14942853054304,0.5792637019552713,3.918480991018754,1.826999168717358,8.458458322835902
sz000333,2014-06-25,18.29,18.32,18.01,18.28,0.000547,11074109.0,201384014.57,31364733920.0,77064978870.0,0.006454,47.81684733722268,2014-08-19,2014-06-30,7.153341737672911,0.5795807593031257,3.920625753734657,1.8279991683876464,8.463085099538493
sz000333,2014-06-26,18.28,18.76,18.2,18.67,0.021335,12718902.0,236114254.29,32033893990.0,78709144170.0,0.0074129999999999,48.83701977516233,2014-08-19,2014-06-30,7.305956796245282,0.5919459942901012,4.004271488971292,1.8669991505476602,8.643645020137146
sz000333,2014-06-27,18.68,19.26,18.61,19.2,0.028388,22721156.0,433543072.03,32943265380.0,80943522660.0,0.0132419999999999,50.22340509253964,2014-08-19,2014-06-30,7.513356748138315,0.6087500316205895,4.117943898669375,1.9199991264313003,8.889020814968802
sz000333,2014-06-30,19.21,19.76,19.16,19.32,0.00625,21897483.0,425902575.3,33149160790.0,81449419680.0,0.012762,50.53730137436803,2014-08-19,2014-06-30,7.560315228127453,0.6125547193436004,4.1436810482077595,1.931999121051552,8.944577195062358
sz000333,2014-07-01,19.29,19.29,18.77,18.89,-0.022257,20460096.0,387643363.69,32319985190.0,79636622040.0,0.011958,49.41249265767872,2014-08-19,2014-06-30,7.392047342892037,0.5989212551156213,4.051456263124996,1.8889991406847877,8.745497740431857
sz000333,2014-07-02,18.91,19.38,18.9,19.3,0.021705,20539917.0,394569567.99,33021477720.0,81365103510.0,0.012005,50.48499081081364,2014-08-19,2014-06-30,7.552488814795931,0.6119206047230986,4.139391523284695,1.9299991219481767,8.93531876888793
sz000333,2014-07-03,19.19,19.77,19.15,19.56,0.013472,18693234.0,366741342.02,33466326650.0,82461213710.0,0.010926,51.16512460701693,2014-08-19,2014-06-30,7.654232187177511,0.6201640947144156,4.195155346775786,1.9559991100548526,9.055695383342389
sz000333,2014-07-04,19.53,19.65,19.32,19.56,0.0,11167221.0,217746171.7,33466326650.0,82461213710.0,0.006527,51.16512460701693,2014-08-19,2014-06-30,7.654232187177511,0.6201640947144156,4.195155346775786,1.9559991100548526,9.055695383342389
sz000333,2014-07-07,19.56,19.56,19.1,19.22,-0.0173819999999999,12343791.0,237354955.36,32884601130.0,81027838830.0,0.007215,50.27577241109776,2014-08-19,2014-06-30,7.521183161469838,0.6093841462410913,4.12223342359244,1.9219991255346756,8.898289286189131
sz000333,2014-07-08,19.22,19.39,18.87,19.37,0.007804,14699808.0,280774721.09,33141244740.0,81660210100.0,0.008592,50.66812453899397,2014-08-19,2014-06-30,7.579881260992152,0.6141400058572516,4.154404860261049,1.9369991186913889,8.967731535778553
sz000333,2014-07-09,19.3,19.31,18.85,18.99,-0.019618,11777864.0,224093022.14,32491080930.0,80058202880.0,0.006884,49.674117271787985,2014-08-19,2014-06-30,7.431179408621431,0.6020918281429236,4.072903887231574,1.8989991359644613,8.791802578509648
sz000333,2014-07-10,18.93,19.07,18.83,18.85,-0.007372,9179462.0,173468301.27,32251546900.0,79467989700.0,0.005365,49.30791967926036,2014-08-19,2014-06-30,7.3763945162289914,0.5976530258746177,4.042877213278868,1.8849991424780372,8.726989409900874
sz000333,2014-07-11,18.81,19.06,18.66,19.0,0.007958,13970186.0,264004198.49,32508190510.0,80100360970.0,0.008165,49.700312104067905,2014-08-19,2014-06-30,7.435092615751304,0.602408885490778,4.075048649947478,1.8999991356347503,8.796438791624864
sz000333,2014-07-14,18.99,19.13,18.7,19.11,0.005789,13777834.0,259984664.13,32696395820.0,80564099900.0,0.008053,49.988027210838354,2014-08-19,2014-06-30,7.478137888610572,0.6058965158659346,4.098641036769958,1.910999130584713,8.84736137578958
sz000333,2014-07-15,19.31,19.6,19.18,19.3,0.009942,17368896.0,336158628.18,33021477720.0,81365103510.0,0.010152,50.485008177368506,2014-08-19,2014-06-30,7.552488814795931,0.6119206047230986,4.139391523284695,1.9299991219481767,8.93532184258768
sz000333,2014-07-16,19.36,19.36,18.91,19.02,-0.014508,10351296.0,197410327.88,32542409650.0,80184677140.0,0.00605,49.75257167873124,2014-08-19,2014-06-30,7.442919029082828,0.6030430001112798,4.079338174870542,1.9019991347381255,8.805688193295417
sz000333,2014-07-17,19.02,19.15,18.9,19.01,-0.000526,7502005.0,142503922.64,32525300080.0,80142519050.0,0.004385,49.72640182602823,2014-08-19,2014-06-30,7.4390058219529545,0.6027259427634254,4.077193412154638,1.9009991350678366,8.801056401305745
sz000333,2014-07-18,18.9,19.3,18.8,19.26,0.013151,13017917.0,249317180.56,32953039430.0,81196471170.0,0.007609,50.38035373644232,2014-08-19,2014-06-30,7.536835988132885,0.610652375482095,4.130812473438567,1.925999123741426,8.916799094039314
sz000333,2014-07-21,19.21,19.48,19.16,19.22,-0.002077,10922202.0,211067008.84,32884601130.0,81027838830.0,0.006384,50.275713741731735,2014-08-19,2014-06-30,7.521183161469838,0.6093841462410913,4.12223342359244,1.9219991255346756,8.898278902320996
sz000333,2014-07-22,19.14,19.56,19.13,19.31,0.004683,14758162.0,286586784.49,33038587300.0,81407261590.0,0.008626,50.51115490918426,2014-08-19,2014-06-30,7.556402020997582,0.6122376619957461,4.141536285491855,1.930999121381263,8.939949542420566
sz000333,2014-07-23,19.31,19.48,19.13,19.36,0.002589,12177776.0,234917262.36,33124135170.0,81618052020.0,0.007118,50.64192828924414,2014-08-19,2014-06-30,7.5759680547905015,0.6138229485846041,4.152260098053888,1.9359991192583021,8.963095071785892
sz000333,2014-07-24,19.36,20.15,19.35,20.1,0.038223,33685363.0,667305293.63,34390243640.0,84737750290.0,0.019688,52.577614714243914,2014-08-19,2014-06-30,7.865545346200417,0.6372851893927582,4.310972519189772,2.0099990856087815,9.305691454714763
sz000333,2014-07-25,20.15,20.35,19.91,20.2,0.004975,20875503.0,420956575.1,34561339380.0,85159331130.0,0.012201,52.83918834744727,2014-08-19,2014-06-30,7.904677411929811,0.6404557624200605,4.332420143296349,2.0199990808884554,9.351987269701967
sz000333,2014-07-28,20.35,21.1,20.25,21.03,0.041089,29942430.0,621315114.26,35981434020.0,88658452170.0,0.0175,55.010297757455525,2014-08-19,2014-06-30,8.229473563795693,0.6667715190580763,4.5104354268403934,2.102999043322724,9.73625107462675
sz000333,2014-07-29,21.1,21.44,20.8,20.91,-0.005706,23137218.0,487003202.81,35776119130.0,88152555150.0,0.0135229999999999,54.69640899845148,2014-08-19,2014-06-30,8.182515083806551,0.6629668313350653,4.484698277302009,2.0909990487024728,9.68069602599493
sz000333,2014-07-30,20.86,21.19,20.64,20.76,-0.007174,16730802.0,348585469.18,35519475520.0,87520183880.0,0.009779,54.304016960296586,2014-08-19,2014-06-30,8.12381698428424,0.6582109717189051,4.4525268406334,2.0759990555457595,9.611246712704443
sz000333,2014-07-31,20.76,21.4,20.68,21.38,0.029865,17369542.0,366621470.36,36580269110.0,90133985130.0,0.010152,55.925806426815846,2014-08-19,2014-06-30,8.366435795705016,0.6778685248040481,4.5855021122309,2.1379990272759875,9.89828659577936
sz000333,2014-08-01,21.31,22.0,21.21,21.46,0.003742,20773805.0,448924339.55,36717145700.0,90471249810.0,0.012142,56.13508079446499,2014-08-19,2014-06-30,8.397741449031109,0.6804049832860555,4.602660211923156,2.145999023689488,9.935325984220768
sz000333,2014-08-04,21.46,21.95,21.46,21.93,0.021901,17023942.0,369586025.1,37521295670.0,92452679790.0,0.00995,57.36449519894457,2014-08-19,2014-06-30,8.581662160929572,0.6953066767550382,4.703464046852046,2.1929990022630026,10.152919558601186
sz000333,2014-08-05,21.92,22.18,21.61,21.75,-0.008208,20265131.0,442545593.41,37213323340.0,91693834270.0,0.011844,56.893647422351634,2014-08-19,2014-06-30,8.511224441874084,0.6895996452457285,4.664858323053213,2.174999010569828,10.069584394864187
sz000333,2014-08-06,21.62,21.64,21.08,21.3,-0.02069,22883444.0,486200008.96,36443392510.0,89796720450.0,0.013375,55.71651785718318,2014-08-19,2014-06-30,8.33513014237892,0.6753320663220407,4.568344012538644,2.129999030862486,9.861244693734447
sz000333,2014-08-07,21.29,21.5,20.86,20.92,-0.01784,24027691.0,507362134.3,35793228700.0,88194713230.0,0.014043,54.72253517861103,2014-08-19,2014-06-30,8.186428290008202,0.6632838886077128,4.48684303950917,2.091999048135559,9.685320088398225
sz000333,2014-08-08,20.9,21.3,20.9,21.21,0.013862,14042749.0,296334501.17,36289406350.0,89417297690.0,0.008208,55.48109896125694,2014-08-19,2014-06-30,8.299911282851179,0.6724785505673859,4.549041150639226,2.120999035015899,9.819577995463602
sz000333,2014-08-11,21.2,21.37,21.08,21.3,0.004243,14215701.0,301969127.78,36443392510.0,89796720450.0,0.008309,55.71650526414955,2014-08-19,2014-06-30,8.33513014237892,0.6753320663220407,4.568344012538644,2.129999030862486,9.861242464898353
sz000333,2014-08-12,21.26,21.26,20.92,21.0,-0.014085,20833584.0,437355886.1,35930105300.0,88531977910.0,0.012177,54.931738287504004,2014-08-19,2014-06-30,8.217733943334295,0.6658203470897202,4.504001139201425,2.09999904454906,9.72234686478026
sz000333,2014-08-13,20.96,21.2,20.92,21.08,0.00381,14055961.0,295815854.26,36066981890.0,88869242590.0,0.008215,55.141028210379396,2014-08-19,2014-06-30,8.249039596660388,0.6683568055717274,4.521159238893682,2.107999040962561,9.759389006335073
sz000333,2014-08-14,21.1,21.26,20.87,21.04,-0.001898,12292236.0,258775053.61,35998543590.0,88700610250.0,0.007184,55.0363705388361,2014-08-19,2014-06-30,8.233386769997342,0.6670885763307238,4.512580189047553,2.1039990427558104,9.74086568600105
sz000333,2014-08-15,21.05,21.22,20.95,21.15,0.005228,12492294.0,263661234.21,36186748900.0,89164349180.0,0.007301,55.32410068401313,2014-08-19,2014-06-30,8.276432042856609,0.6705762067058805,4.536172575870034,2.114999037705773,9.791790931807464
sz000333,2014-08-18,21.22,21.61,21.22,21.53,0.017967,15187348.0,325124307.27,36836912710.0,90766356400.0,0.008877,56.3181088010028,2014-08-19,2014-06-30,8.425133895227328,0.6826243844202085,4.617673548899508,2.1529990204327003,9.967720039479248
sz000333,2014-08-19,21.99,22.29,21.8,21.9,0.017185,29747331.0,655245317.58,37469966950.0,92326205540.0,0.017386,57.28593550074804,2014-08-19,2014-06-30,8.569922541396398,0.6943555048618889,4.697029759721822,2.1899990037265407,10.139015308357699
sz000333,2014-08-20,21.92,22.03,21.66,21.92,0.000913,15353391.0,335355816.62,37504186100.0,92410521710.0,0.008974,57.33823755986021,2014-10-24,2014-09-30,8.118848427599495,0.6741588184725956,5.0002161378703995,2.091927518064931,10.148272229334228
sz000333,2014-08-21,21.84,21.88,21.48,21.85,-0.003193,17737408.0,384433044.56,37384419080.0,92115415110.0,0.010367,57.15515656733158,2014-10-24,2014-09-30,8.092921447521372,0.6720059389833551,4.98424829398848,2.085247092439374,10.115868796105966
sz000333,2014-08-22,21.85,22.8,21.78,22.66,0.037071,28246001.0,633692152.1,38770294570.0,95530219980.0,0.016509,59.27395537643914,2014-10-24,2014-09-30,8.392933639167277,0.6969178296844825,5.1690190549656325,2.162549158742957,10.490874168246412
sz000333,2014-08-25,22.7,22.74,22.3,22.38,-0.012357,14404026.0,323359400.39,38291226500.0,94349793600.0,0.008419,58.54150710985248,2014-10-24,2014-09-30,8.289225720611906,0.688306311873426,5.105147680520126,2.1358274566934754,10.36123843614939
sz000333,2014-08-26,22.3,22.34,21.69,21.9,-0.021448,17533485.0,385078036.61,37469966950.0,92326205540.0,0.010248,57.28590886536036,2014-10-24,2014-09-30,8.111440719131256,0.6735437100575201,4.9956538968385775,2.0900188250613967,10.139010594170857
sz000333,2014-08-27,21.89,22.21,21.83,22.11,0.009589,10147588.0,223814796.92,37829268000.0,93211525320.0,0.005931,57.83522344547031,2014-10-24,2014-09-30,8.189221657608503,0.6800023483793362,5.043557427402163,2.1100601014853213,10.236233566758363
sz000333,2014-08-28,22.12,22.15,21.76,21.8,-0.014021,12905541.0,282559115.48,37298871210.0,91904624690.0,0.007543,57.02431577754137,2014-10-24,2014-09-30,8.074402176790052,0.6704681679821429,4.972842691679468,2.0804753600437245,10.092711335918844
sz000333,2014-08-29,21.82,22.1,21.78,22.0,0.009174,6834499.0,149869235.44,37641062690.0,92747786380.0,0.003995,57.54745685048454,2014-10-24,2014-09-30,8.148479260593897,0.6766192520599449,5.0184651014565995,2.0995622898526953,10.185301869714564
sz000333,2014-09-01,21.99,22.3,21.81,22.22,0.01,10760479.0,238085734.94,38017473320.0,93675264250.0,0.006289,58.122931418989374,2014-10-24,2014-09-30,8.229964053744544,0.6833854446257749,5.06864975280664,2.1205579128915737,10.287154888411708
sz000333,2014-09-02,22.26,22.44,22.15,22.36,0.006301,18414539.0,410640975.68,38257007350.0,94265477430.0,0.010763,58.489164009860424,2014-10-24,2014-09-30,8.281818012143667,0.6876912034583506,5.100585439488305,2.1339187636899415,10.35197425136359
sz000333,2014-09-03,22.38,22.54,22.16,22.31,-0.002236,21104512.0,470988385.49,38171459480.0,94054687010.0,0.0123349999999999,58.35838223913437,2014-10-24,2014-09-30,8.263298741412346,0.6861534324571381,5.0891798371792945,2.1291470312942917,10.32882723693754
sz000333,2014-09-04,22.25,22.26,21.92,22.03,-0.01255,29144131.0,641314572.12,37692391410.0,92874260640.0,0.017034,57.62598454203324,2014-10-24,2014-09-30,8.159590823735538,0.6775419147190344,5.025308463274876,2.102425329471184,10.199200455113974
sz000333,2014-09-05,22.04,22.26,22.0,22.25,0.009986,20898472.0,462841190.61,38068802040.0,93801738500.0,0.012214,58.20143762366998,2014-10-24,2014-09-30,8.241075616007622,0.6843081072119117,5.075493114083828,2.1234209522836887,10.301049670858744
sz000333,2014-09-09,22.26,22.32,21.9,21.97,-0.012584,17677094.0,388660858.0,37589733970.0,92621312130.0,0.010332,57.46903073261372,2014-10-24,2014-09-30,8.137367698330817,0.675696589473808,5.01162174017941,2.09669925046058,10.171421261800656
sz000333,2014-09-10,21.9,21.9,21.53,21.58,-0.017751,24581210.0,532903619.31,36922460580.0,90977146830.0,0.014367,56.448897968079095,2014-10-24,2014-09-30,7.992917384517967,0.6637019754892654,4.922658040870515,2.0594797372312197,9.990868362982434
sz000333,2014-09-11,21.58,21.88,21.38,21.45,-0.006024,26731446.0,576701517.0,36700036120.0,90429091720.0,0.015624,56.108849806719384,2014-10-24,2014-09-30,7.94476727903512,0.6597037707547986,4.893003473893129,2.0470732325950594,9.930683371963827
sz000333,2014-09-12,21.42,21.63,21.38,21.59,0.006527,13222471.0,283989719.15,36939570160.0,91019304910.0,0.007728,56.47507226940784,2014-10-24,2014-09-30,7.996621238312805,0.6640095296603268,4.924939161115883,2.0604340836198,9.995500942332633
sz000333,2014-09-15,21.44,21.44,20.78,21.05,-0.025012,32137879.0,675610263.37,35990431690.0,88742768340.0,0.018797,55.0625177618054,2014-10-24,2014-09-30,7.7966131114274315,0.6474016025991945,4.801758654338868,2.0088993729771176,9.745493472763009
sz000333,2014-09-16,21.0,21.16,20.73,20.74,-0.014727,20126228.0,420711908.56,35460406330.0,87435867710.0,0.011771,54.25161206272729,2014-10-24,2014-09-30,7.681793630608982,0.6378674222020012,4.731043918616173,1.9793146315355212,9.601971590389628
sz000333,2014-09-17,20.99,20.99,20.7,20.9,0.007715,11769439.0,244946399.99,35733967800.0,88110397060.0,0.006884,54.67016324979123,2014-10-24,2014-09-30,7.741055297476344,0.6427882894496524,4.76754184632966,1.9945841753374232,9.676050801209483
sz000333,2014-09-18,20.8,21.19,20.72,20.98,0.003828,16288029.0,341002428.67,46964178450.0,88447661740.0,0.007276,54.87944063471142,2014-10-24,2014-09-30,7.770686131349308,0.6452487231099542,4.785790810456948,2.002218947351561,9.713090723676512
sz000333,2014-09-19,21.0,21.02,20.41,20.81,-0.008103,17639032.0,365997063.87,46583629810.0,87730974300.0,0.00788,54.434752527248364,2014-10-24,2014-09-30,7.707720609808543,0.640020301618289,4.7470117619570065,1.9859950569347051,9.634385549542563
sz000333,2014-09-22,20.75,20.75,20.21,20.25,-0.02691,24076496.0,490006703.6,45330057840.0,85370121560.0,0.010756,52.969913336740106,2014-10-24,2014-09-30,7.5003047744549285,0.6227972661420813,4.61926901414817,1.9325516532884885,9.375124234404371
sz000333,2014-09-23,20.2,20.45,20.11,20.4,0.0074069999999999,15866232.0,322241063.37,45665836050.0,86002492830.0,0.007088,53.36226148482534,2014-10-24,2014-09-30,7.555862587527453,0.627410579218671,4.653485821616289,1.9468668507018096,9.444565779608604
sz000333,2014-09-24,20.4,20.75,20.25,20.7,0.014706,21678315.0,444010472.62,46337392460.0,87267235370.0,0.009684,54.14700690222119,2014-10-24,2014-09-30,7.6669782136725,0.6366372053718504,4.72191943655253,1.9754972455284525,9.58345756396353
sz000333,2014-09-25,20.76,21.05,20.71,20.77,0.003382,19178809.0,399710658.48,46494088960.0,87562341960.0,0.008568,54.3301320795645,2014-10-24,2014-09-30,7.692905192872061,0.6387900847881383,4.7378872798933624,1.9821776709276364,9.615868817444854
sz000333,2014-09-26,20.7,20.73,20.41,20.54,-0.0110739999999999,13260025.0,272262231.24,45979229040.0,86592706010.0,0.005924,53.728480196915406,2014-10-24,2014-09-30,7.607716545926574,0.6317163380512466,4.685421508297955,1.9602277015001772,9.509382686160471
sz000333,2014-09-29,20.38,20.44,19.71,19.81,-0.0355399999999999,58352873.0,1160256317.46,44345108440.0,83515165830.0,0.026068,51.81897001071704,2014-10-24,2014-09-30,7.337335189032196,0.6092648810833738,4.518899711989176,1.8905604074371047,9.171419225494327
sz000333,2014-09-30,19.82,19.95,19.72,19.89,0.004038,20026996.0,396879604.48,44524190150.0,83852430510.0,0.008947,52.02821501162031,2014-10-24,2014-09-30,7.366966022905158,0.6117253147436758,4.537148676116464,1.8981951794512424,9.208453416326874
sz000333,2014-10-08,19.94,20.29,19.91,20.29,0.020111,24190755.0,486573194.72,45419598700.0,85538753900.0,0.0108069999999999,53.074554443719,2014-10-24,2014-09-30,7.515120191391409,0.6240274829722322,4.628393496211813,1.936369039295557,9.393644622982624
sz000333,2014-10-09,20.33,20.47,20.13,20.23,-0.002957,18472230.0,374680742.36,45285287420.0,85285805390.0,0.0082519999999999,52.91761298622893,2014-10-24,2014-09-30,7.492897065986688,0.6221821577270059,4.614706773116348,1.930642960284954,9.365867615832464
sz000333,2014-10-10,20.15,20.26,20.01,20.05,-0.008898,17755804.0,356663706.2,44882353570.0,84526959860.0,0.007932,52.44675206587747,2014-10-24,2014-09-30,7.426227689772522,0.6166461819913268,4.5736466038299515,1.9134647232531445,9.282530125786788
sz000333,2014-10-13,19.95,19.97,19.6,19.92,-0.006484,18133261.0,358653781.17,44591345790.0,83978904760.0,0.008101,52.10668732548231,2014-10-24,2014-09-30,7.378077585168238,0.6126479773298126,4.543992037393653,1.9010582188433576,9.222342200451186
sz000333,2014-10-14,19.87,19.96,19.75,19.87,-0.00251,13716955.0,272146619.9,44479419720.0,83768114340.0,0.006128,51.97589954029535,2014-10-24,2014-09-30,7.359558314436917,0.6111102063286002,4.532586435084641,1.8962864864477083,9.199194121528052
sz000333,2014-10-15,19.83,20.18,19.82,20.12,0.012582,19314527.0,386898542.47,45039050070.0,84822066460.0,0.008628,52.62986030831135,2014-10-24,2014-09-30,7.452154669850645,0.6187990614805672,4.589614447711871,1.9201451488787014,9.314938381965119
sz000333,2014-10-16,20.0,20.43,19.91,20.24,0.005964,27265863.0,551678011.41,45307672630.0,85327963470.0,0.01218,52.94374479519013,2014-10-24,2014-09-30,7.496600919781526,0.6224897118980675,4.616987893361715,1.9315973066735344,9.37049267447516
sz000333,2014-10-17,20.3,20.5,20.07,20.41,0.008399,24324812.0,493682766.86,45688221260.0,86044650910.0,0.0108659999999999,53.38841930772494,2014-10-24,2014-09-30,7.559566441322292,0.6277181333897325,4.655766941861657,1.9478211970903903,9.449195442448078
sz000333,2014-10-20,20.56,20.77,20.33,20.44,0.00147,18254209.0,374414884.52,45755376910.0,86171125170.0,0.0081549999999999,53.4669002841073,2014-10-24,2014-09-30,7.570678004463933,0.628640796048822,4.662610303679933,1.9506842367088784,9.463085759748479
sz000333,2014-10-21,20.4,20.52,20.14,20.16,-0.013699,14236804.0,289347102.19,45128590920.0,84990698800.0,0.00636,52.73445721711531,2014-10-24,2014-09-30,7.466970086787128,0.6200292783107182,4.598738929775515,1.9239625348857703,9.333450947925684
sz000333,2014-10-22,20.16,20.5,20.11,20.41,0.012401,15204845.0,309262009.39,45688221260.0,86044650910.0,0.006792,53.38841722106477,2014-10-24,2014-09-30,7.559566441322292,0.6277181333897325,4.655766941861657,1.9478211970903903,9.44919507313091
sz000333,2014-10-23,20.42,20.67,20.23,20.29,-0.005879,18539980.0,379641897.38,45419598700.0,85538753900.0,0.008282,53.07454671622214,2014-10-24,2014-09-30,7.515120191391409,0.6240274829722322,4.628393496211813,1.936369039295557,9.393643255295975
sz000333,2014-10-24,20.35,20.35,19.7,20.01,-0.0138,21758729.0,433891576.23,44792812710.0,84358327520.0,0.00972,52.342117971538265,2014-10-24,2014-09-30,7.41141227283604,0.6154159651611758,4.5645221217663074,1.9096473372460756,9.264010978372891
sz000333,2014-10-27,19.85,19.85,19.4,19.56,-0.022489,17452485.0,341714599.75,43785478100.0,82461213710.0,0.0077959999999999,51.16499608047634,2015-03-31,2014-12-31,7.0804470762720175,0.5794438435543139,3.326590018962547,1.8031618123071127,9.055672635480263
sz000333,2014-10-28,19.6,19.88,19.59,19.85,0.0148259999999999,14295847.0,282236245.64,44434649290.0,83683798170.0,0.006386,51.92356831236549,2015-03-31,2014-12-31,7.1854230301276765,0.5880347799072949,3.375910627755399,1.8298958065258366,9.189932037973895
sz000333,2014-10-29,19.95,20.5,19.77,20.44,0.029723,28175976.0,566019856.77,45755376910.0,86171125170.0,0.012587,53.466892533313924,2015-03-31,2014-12-31,7.39899479790226,0.6055128917639196,3.4762525557943826,1.884285656727332,9.463084387938592
sz000333,2014-10-30,20.46,20.54,20.09,20.14,-0.014677,22421591.0,454077103.82,45083820490.0,84906382630.0,0.0100159999999999,52.682158951602474,2015-03-31,2014-12-31,7.290398983983335,0.5966257162602759,3.425231236548252,1.8566298007445605,9.324194698376816
sz000333,2014-10-31,20.15,20.96,20.15,20.9,0.037736,50759890.0,1048196516.8,46785096740.0,88110397060.0,0.0226759999999999,54.67017290180015,2015-03-31,2014-12-31,7.565508378843912,0.619139894170048,3.554485245116857,1.9266913024655368,9.676052509514765
sz000333,2014-11-03,20.9,21.05,20.76,20.82,-0.003828,25264040.0,527023762.68,46606015030.0,87773132390.0,0.011286,54.46089547993206,2015-03-31,2014-12-31,7.536549495761869,0.6167699807539401,3.540879560280392,1.9193164076971543,9.639012580508343
sz000333,2014-11-04,20.81,20.81,20.46,20.65,-0.008165,22041243.0,454300499.5,46225466390.0,87056444950.0,0.0098459999999999,54.01622226833841,2015-03-31,2014-12-31,7.475011867817236,0.6117339146305241,3.5119674793473568,1.903644755959006,9.560310042788492
sz000333,2014-11-05,20.6,20.94,20.52,20.59,-0.0029059999999999,16282627.0,337430366.01,46091155110.0,86803496440.0,0.0072739999999999,53.85925112642663,2015-03-31,2014-12-31,7.453292704861722,0.6099564795157416,3.5017632154174483,1.898113584718718,9.53252778180415
sz000333,2014-11-06,20.6,20.74,20.08,20.23,-0.017484,28249464.0,572173115.44,45285287420.0,85285805390.0,0.01262,52.917575979732185,2015-03-31,2014-12-31,7.3229777279872845,0.5992918688973153,3.4405376322414085,1.8649265574956588,9.365861066067085
sz000333,2014-11-07,20.25,20.71,20.18,20.71,0.023727,40603869.0,832550920.93,46359777680.0,87309393460.0,0.018139,54.173151305003294,2015-03-31,2014-12-31,7.496731030772748,0.6135113497453065,3.5221717432772657,1.9091759271992939,9.58808485158166
sz000333,2014-11-10,20.81,21.72,20.61,21.7,0.047803,55412709.0,1186099728.99,48575913840.0,91483043840.0,0.0247539999999999,56.76279045683638,2015-03-31,2014-12-31,7.855097216533472,0.6428390288932772,3.6905420967088154,2.000440251898706,10.04642407174182
sz000333,2014-11-11,21.76,21.99,21.33,21.85,0.006912,60022711.0,1307188977.24,48911692040.0,92115415110.0,0.0268139999999999,57.15513486447403,2015-03-31,2014-12-31,7.909395123492934,0.6472826166450991,3.7160527563318806,2.0142681798900917,10.1158649549257
sz000333,2014-11-12,21.86,22.48,21.61,22.21,0.0164759999999999,35115726.0,777630477.57,49717559740.0,93633106160.0,0.015687,58.0968228665011,2015-03-31,2014-12-31,8.03971010036737,0.6579472272635254,3.7772783395079204,2.047455207113151,10.282533945923054
sz000333,2014-11-13,22.2,22.46,21.7,22.27,0.002701,37529036.0,830110412.88,49851871020.0,93886054670.0,0.016765,58.253742385063525,2015-03-31,2014-12-31,8.061429263322884,0.6597246623783078,3.787482603437829,2.052986378353439,10.310307070110994
sz000333,2014-11-14,22.15,22.45,21.99,22.15,-0.005388,26676138.0,591775906.05,49583248460.0,93380157650.0,0.011917,57.9398712210928,2015-03-31,2014-12-31,8.01799093741186,0.6561697921487428,3.7670740755780114,2.041924035872863,10.254755135617236
sz000333,2014-11-17,22.14,22.38,21.76,21.99,-0.007223,30596965.0,673208357.33,49225085040.0,92705628300.0,0.013668,57.521371531262844,2015-03-31,2014-12-31,7.960073170389131,0.6514299652462582,3.7398627055016678,2.02717424611743,10.180685039272673
sz000333,2014-11-18,21.86,21.97,21.24,21.41,-0.026376,23480725.0,505901085.65,47926742640.0,90260459390.0,0.010489,56.00418783575426,2015-03-31,2014-12-31,7.750121263536452,0.6342480926105649,3.641221488319375,1.9737062578986497,9.912159290676815
sz000333,2014-11-19,21.33,21.54,21.23,21.4,-0.0004669999999999,11780515.0,252146961.15,47904357430.0,90218301300.0,0.005263,55.97803388003497,2015-03-31,2014-12-31,7.746501402614547,0.6339518533896333,3.6395207774626837,1.9727843959159344,9.90753031228807
sz000333,2014-11-20,21.3,21.38,21.13,21.35,-0.002336,11055839.0,234770857.68,47792431360.0,90007510880.0,0.004939,55.847269192891204,2015-03-31,2014-12-31,7.72840210058094,0.6324706574957825,3.6310172243894665,1.9681750866583618,9.884386321478566
sz000333,2014-11-21,21.3,21.98,21.25,21.8,0.021077,15963612.0,345562948.14,48799765980.0,91904624690.0,0.007131,57.02436208566977,2015-03-31,2014-12-31,7.891295821459327,0.6458014207512481,3.707549203258663,2.0096588706325194,10.09271953197637
sz000333,2014-11-24,22.5,22.53,21.88,22.12,0.014679,33626687.0,746108837.26,49516092820.0,93253683400.0,0.015022,57.86142269672532,2015-03-31,2014-12-31,8.007131356363422,0.655281074626486,3.761971943814764,2.039158450362053,10.24087056198625
sz000333,2014-11-25,22.12,22.3,21.82,22.28,0.007233,27006818.0,594468846.33,49874256240.0,93928212760.0,0.012065,58.27993436709074,2015-03-31,2014-12-31,8.06504912424479,0.6600209015992392,3.78918331429452,2.0539082403361544,10.314942778761099
sz000333,2014-11-26,22.29,22.5,22.0,22.4,0.005386,30689736.0,681911284.71,50142878800.0,94434109770.0,0.01371,58.59383009359189,2015-03-31,2014-12-31,8.108487449297176,0.6635757717585355,3.8095918417509247,2.0649705825980624,10.370499060567505
sz000333,2014-11-27,22.41,22.55,22.1,22.25,-0.006696,32629918.0,727138505.93,49807100590.0,93801738500.0,0.014577,58.201485807285195,2015-03-31,2014-12-31,8.054189542337713,0.6591321840067137,3.784081182127859,2.0511426546066764,10.301058198857945
sz000333,2014-11-28,22.2,22.27,21.66,22.11,-0.006292,31871006.0,697570765.46,49493707600.0,93211525320.0,0.0142379999999999,57.835282058585754,2015-03-31,2014-12-31,8.003511496300156,0.6549848354758232,3.760271233361485,2.038236588598006,10.23624394067073
sz000333,2014-12-01,22.1,23.86,22.06,23.35,0.056083,60456065.0,1409387373.21,52269474110.0,98439127820.0,0.027007,61.07885818227743,2015-03-31,2014-12-31,8.452374193946198,0.6917184942335866,3.971159352965948,2.152547460022617,10.810323209595369
sz000333,2014-12-02,23.33,24.84,23.06,24.53,0.050535,58727638.0,1415482586.48,54910929330.0,103413781820.0,0.026235,64.16547828051883,2015-03-31,2014-12-31,8.879517729495365,0.7266747179468361,4.171843209043915,2.261327160425608,11.356622892992272
sz000333,2014-12-03,24.83,26.54,24.31,25.2,0.027313,81694968.0,2085027874.38,56410738650.0,106238373490.0,0.036495,65.91802998879463,2015-03-31,2014-12-31,9.122048380351993,0.7465227432195689,4.285790821919364,2.3230919053954864,11.66680633406857
sz000333,2014-12-04,25.57,26.07,24.73,25.65,0.0178569999999999,45637574.0,1160537838.52,57418073270.0,108135487310.0,0.020387,67.09512825030451,2015-03-31,2014-12-31,9.284942102089019,0.7598535065453033,4.362322801191973,2.364575689588311,11.875140494776028
sz000333,2014-12-05,25.95,26.0,24.1,24.7,-0.037037,59345292.0,1480129293.5,55291477960.0,104130469260.0,0.026511,64.61012598529798,2015-03-31,2014-12-31,8.941055357439998,0.7317107840702521,4.20075528997695,2.2769988121637565,11.435320916271008
sz000333,2014-12-15,27.17,27.17,25.9,26.18,0.059919,136735990.0,3634176799.43,58604489600.0,110369865800.0,0.061083,68.48150012421107,2015-03-31,2014-12-31,9.476794706908091,0.7755541832871456,4.452460465301048,2.4134343685495194,12.120513910253052
sz000333,2014-12-16,26.3,26.48,25.51,25.86,-0.012223,54345660.0,1405624654.28,57888162760.0,109020807090.0,0.024277,67.64445074819284,2015-03-31,2014-12-31,9.360959172003996,0.7660745294119076,4.398037724744947,2.383934788819985,11.972364868728029
sz000333,2014-12-17,25.78,25.85,25.02,25.47,-0.015081,45381095.0,1153433614.02,57015139420.0,107376641780.0,0.020273,66.62430478645933,2015-03-31,2014-12-31,9.219784613222481,0.7545212012009558,4.331710009402247,2.3479821758674477,11.79180963414274
sz000333,2014-12-18,25.47,28.0,25.4,27.9,0.0954059999999999,79474729.0,2153946495.16,62454746360.0,117621056370.0,0.035503,72.98066320891627,2015-03-31,2014-12-31,10.099410707339596,0.8265073228929002,4.744982695941368,2.5719946096777657,12.916819024097762
sz000333,2014-12-19,27.89,28.38,27.32,27.63,-0.009677,49447512.0,1374486987.77,61850345590.0,116482788080.0,0.0220889999999999,72.27442933104358,2015-03-31,2014-12-31,10.001674474469107,0.8185088649115132,4.699063508458485,2.547104339205804,12.791822966401567
sz000333,2014-12-22,27.39,28.39,26.73,27.85,0.007962,48149718.0,1320646199.16,62342820290.0,117410265950.0,0.0215099999999999,72.84987833737735,2015-03-31,2014-12-31,10.081311405305987,0.8250261269990491,4.73647914286815,2.567385300420193,12.893671460860057
sz000333,2014-12-23,27.68,30.0,27.3,28.35,0.017953,68282305.0,1978414048.15,63462080980.0,119518170180.0,0.030503,74.15775220316829,2015-03-31,2014-12-31,10.262304428217982,0.8398380861483656,4.821514674810564,2.6134783936519224,13.125151544596878
sz000333,2014-12-24,28.46,28.73,27.47,27.66,-0.024339,41371957.0,1156965622.72,61917501230.0,116609262340.0,0.018482,72.35282667229538,2015-03-31,2014-12-31,10.012534056376184,0.8193975825040388,4.7041656406251455,2.549869924935282,12.805698481152934
sz000333,2014-12-25,27.75,28.55,27.0,27.68,0.000723,39073180.0,1083890759.7,61962271660.0,116693578500.0,0.017455,72.40513776597945,2015-03-31,2014-12-31,10.019773776502715,0.8199900608053644,4.7075670615317025,2.5517136484633767,12.81495700115481
sz000333,2014-12-26,27.8,28.69,27.12,28.33,0.023483,42035900.0,1168808573.24,63417310550.0,119433854010.0,0.018778,74.10542761613794,2015-03-31,2014-12-31,10.255064707232812,0.8392456077767716,4.818113253500594,2.6116346699051602,13.115890636412926
sz000333,2014-12-29,28.4,29.3,27.3,27.64,-0.024356,41842144.0,1175422396.53,61872730810.0,116524946170.0,0.018692,72.30051582111928,2015-03-31,2014-12-31,10.005294335391012,0.8188051041324446,4.700764219315176,2.5480262011885193,12.796440004072453
sz000333,2014-12-30,27.7,27.72,26.51,26.84,-0.028944,40508324.0,1094935805.66,60081913710.0,113152299390.0,0.018096,70.2078496911928,2015-03-31,2014-12-31,9.715705497701453,0.7951059694092155,4.564707367723218,2.47427725175535,12.42605984459458
sz000333,2014-12-31,26.84,27.5,26.7,27.44,0.022355,34814204.0,946378226.69,61425026530.0,115681784470.0,0.015552,71.77734617103943,2015-03-31,2014-12-31,9.932897125539302,0.812880320416503,4.666750006215481,2.5295889637208933,12.70384441242049
sz000333,2015-01-05,27.88,30.1,27.88,29.88,0.088921,97408991.0,2869142868.29,66887018690.0,125968357140.0,0.043515,78.15985956991442,2015-03-31,2014-12-31,10.816143079719682,0.8851626812591102,5.08172340320788,2.7545232592952575,13.833482961417333
sz000333,2015-01-06,29.86,32.49,29.46,31.71,0.061245,87127770.0,2743939032.2,70983512800.0,133683286650.0,0.038922,82.94676016927382,2015-03-31,2014-12-31,11.478577545998947,0.939374451943767,5.392953451254739,2.9232239811400325,14.680714625389339
sz000333,2015-01-07,31.72,32.33,30.92,31.65,-0.001892,36827428.0,1158683570.0,70849201520.0,133430338140.0,0.016452,82.78982489903355,2015-03-31,2014-12-31,11.456858383043432,0.9375970168289846,5.38274918732483,2.9176928098997443,14.6529387133181
sz000333,2015-01-08,31.46,32.76,30.9,32.1,0.014218,53117488.0,1697994859.48,71856536140.0,135327451949.99995,0.023729,83.96693062944802,2015-03-31,2014-12-31,11.619752103921817,0.9509277800844498,5.459281166194024,2.959176593873901,14.861274195944059
sz000333,2015-01-09,31.97,32.8,31.09,31.11,-0.030841,43316849.0,1390729209.31,69640399980.0,131153801560.0,0.019351,81.37730652190521,2015-03-31,2014-12-31,11.261385917302459,0.9216001008662109,5.290910812359065,2.8679122689558216,14.402937638466947
sz000333,2015-01-12,31.08,32.65,30.5,32.02,0.029251,43823471.0,1396137821.18,71677454430.0,134990187270.0,0.019577,83.75767411497745,2015-03-31,2014-12-31,11.590793219981137,0.9485578665980734,5.445675480954148,2.9518016988868516,14.824237967329742
sz000333,2015-01-13,32.01,33.48,31.51,33.2,0.0368519999999999,45576502.0,1491650105.08,74318909650.0,139964841270.0,0.02036,86.84431192146259,2015-03-31,2014-12-31,12.017936755530304,0.9835140903113231,5.646359337032115,3.0605813992898425,15.370540784901776
sz000333,2015-01-14,33.39,33.4,31.4,31.88,-0.0397589999999999,36526991.0,1177626008.76,71364061440.0,134399974090.0,0.0163169999999999,83.39146892377717,2015-03-31,2014-12-31,11.54011517394358,0.944410518067183,5.421865532187773,2.938895632878181,14.759423453834868
sz000333,2015-01-15,31.85,32.45,31.05,32.05,0.005332,30902757.0,978807926.93,71744610070.0,135116661530.0,0.013805,83.83611223607875,2015-03-31,2014-12-31,11.601652801888214,0.9494465841905991,5.450777613120809,2.954567284616329,14.838120699690714
sz000333,2015-01-16,32.0,32.05,31.15,31.48,-0.017785,37834397.0,1188067588.57,70468652890.0,132713650700.0,0.016902,82.34508697996009,2015-03-31,2014-12-31,11.395320755098801,0.9325609507055685,5.353837106391795,2.9020211581615962,14.574224723046715
sz000333,2015-01-19,30.0,31.0,28.33,29.47,-0.06385,61883378.0,1831044778.19,65969224920.0,124239875670.0,0.027645,77.08735317628964,2015-03-31,2014-12-31,10.667728800811636,0.8730168747468329,5.011994266958622,2.716726922814626,13.643660474480184
sz000333,2015-01-20,29.51,30.87,29.48,30.5,0.0349509999999999,44534828.0,1341859259.44,68274901940.0,128582158400.0,0.019895,79.78163325715413,2015-03-31,2014-12-31,11.040574429401342,0.9035295107082606,5.187167463413523,2.811678695226231,14.120520051723739
sz000333,2015-01-21,30.56,31.42,30.09,31.18,0.022295,38473000.0,1182623437.19,69797096470.0,131448908160.0,0.017187,81.56036477062239,2015-03-31,2014-12-31,11.286724941179877,0.9236737752019247,5.302815787145664,2.8743653021788247,14.43533704627692
sz000333,2015-01-22,31.19,31.38,30.5,30.86,-0.010263,26107290.0,806314048.18,69080769630.0,130099849450.0,0.011663,80.72331074698148,2015-03-31,2014-12-31,11.17088940627578,0.9141941213266868,5.248393046589563,2.844865722449291,14.28718718217098
sz000333,2015-01-23,30.89,31.28,30.31,30.5,-0.011666,26872719.0,822756786.43,68274901940.0,128582158400.0,0.012005,79.7815926038072,2015-03-31,2014-12-31,11.040574429401342,0.9035295107082606,5.187167463413523,2.811678695226231,14.120512856503774
sz000333,2015-01-26,30.8,31.09,30.54,30.8,0.009836,24519211.0,755111194.5,68946458350.0,129846900940.0,0.010953,80.56632434865824,2015-03-31,2014-12-31,11.149170243320267,0.9124166862119043,5.2381887826596545,2.8393345512090025,14.259402220960345
sz000333,2015-01-27,31.02,31.3,30.25,30.85,0.001623,35751833.0,1102678183.05,69058384420.0,130057691360.0,0.015971,80.69708349307611,2015-03-31,2014-12-31,11.167269545353873,0.9138978821057554,5.246692335732872,2.8439438604665757,14.282545230764962
sz000333,2015-01-28,30.45,30.81,30.06,30.38,-0.015235,22639316.0,688043452.12,68006279370.000015,128076261380.0,0.010114,79.46766342605909,2015-03-31,2014-12-31,10.997136103490316,0.8999746404786955,5.166758935553706,2.8006163527456556,14.064950654174257
sz000333,2015-01-29,29.63,30.3,29.6,29.9,-0.0158,23934492.0,714512247.6,66931789110.0,126052673310.0,0.010692,78.21207434392736,2015-03-31,2014-12-31,10.823382800704854,0.8857551596307043,5.085124824517849,2.7563669830420205,13.842724433838304
sz000333,2015-01-30,29.96,30.9,29.95,30.03,0.0043479999999999,26077875.0,794075675.47,67222796890.0,126600728410.0,0.01165,78.55214044317474,2015-03-31,2014-12-31,10.870440986679144,0.889606269010932,5.107234062830945,2.7683511872866435,13.902912599676629
sz000333,2015-02-02,29.5,29.94,28.88,28.89,-0.037962,23259089.0,681058826.44,64670882520.0,121794706760.0,0.01039,75.57014408767094,2015-03-31,2014-12-31,10.457776893958957,0.8558350021111394,4.9133530497763305,2.6632589345958455,13.375130231567706
sz000333,2015-02-03,29.46,29.5,29.0,29.37,0.016615,17933455.0,524301375.18,65745372780.0,123818294820.0,0.008011,76.82574203168758,2015-03-31,2014-12-31,10.631530195885782,0.8700544828888621,4.994987160408774,2.7075083040808128,13.597358020365203
sz000333,2015-02-04,29.76,30.27,29.3,29.31,-0.002043,20930397.0,624896147.24,65611061500.0,123565346310.0,0.00935,76.66878704071685,2015-03-31,2014-12-31,10.609811032930269,0.8682770477740794,4.984782896478865,2.701977132840525,13.569578617929595
sz000333,2015-02-05,30.0,30.49,29.0,29.0,-0.010577,29547882.0,881037150.51,64917119880.0,122258445690.0,0.0132,75.85786128018718,2015-03-31,2014-12-31,10.497595358948079,0.859093633119773,4.932060866779456,2.673399415093706,13.426053184887754
sz000333,2015-02-06,29.01,29.73,28.51,29.11,0.003793,15643109.0,456274575.16,65163357230.0,122722184620.0,0.0069879999999999,76.14559014802293,2015-03-31,2014-12-31,10.5374138239372,0.8623522641284067,4.9507686837825835,2.683539895591567,13.476978204618034
sz000333,2015-02-09,29.18,29.99,29.01,29.56,0.015459,18004002.0,531394693.65,66170691850.0,124619298430.0,0.008043,77.3227248261212,2015-03-31,2014-12-31,10.700307544815587,0.8756830273838722,5.02730066265178,2.725023679565724,13.685318810683222
sz000333,2015-02-10,29.9,30.58,29.7,30.45,0.030108,23668571.0,716106939.34,68162975870.000015,128371367970.0,0.010573,79.65075742518607,2015-03-31,2014-12-31,11.022475126509095,0.9020483147441407,5.178663909936893,2.807069385749991,14.097356389435273
sz000333,2015-02-11,30.8,30.8,30.22,30.37,-0.002627,16115712.0,491666594.76,67983894160.0,128034103290.0,0.007199,79.4415148854301,2015-03-31,2014-12-31,10.993516242568411,0.8996784012577641,5.165058224697015,2.7996944907629406,14.060322634200226
sz000333,2015-02-12,30.5,30.76,30.16,30.39,0.000659,13467539.0,409651061.45,68028664590.0,128118419460.0,0.006016,79.4938668437396,2015-03-31,2014-12-31,11.000755963553582,0.9002708796293583,5.168459646006984,2.8015382145097028,14.069588386816163
sz000333,2015-02-13,30.51,30.76,30.14,30.33,-0.001974,22937091.0,697578080.99,67894353300.0,127865470960.0,0.010247,79.33694595059005,2015-03-31,2014-12-31,10.97903680145671,0.8984934445848446,5.158255382480489,2.7960070434880833,14.041815019340588
sz000333,2015-02-16,30.44,30.5,30.0,30.18,-0.004946,19525981.0,589191996.42,67558575099.99999,127233099680.0,0.008723,78.94454541591844,2015-03-31,2014-12-31,10.924738893638608,0.894049856762754,5.132744722454011,2.7821791152780295,13.97236420225493
sz000333,2015-02-17,30.3,31.84,30.1,31.59,0.04672,38347961.0,1197468853.47,70714890240.0,133177389630.0,0.017131,82.63283457775016,2015-03-31,2014-12-31,11.43513922008792,0.935819581714202,5.372544923394921,2.912161638659456,14.625153057784281
sz000333,2015-02-25,31.9,32.35,31.3,31.79,0.006331,36733475.0,1169279084.88,71162594510.0,134020551320.0,0.01641,83.1559830534619,2015-03-31,2014-12-31,11.507536429080991,0.941744365359875,5.406559136091205,2.9305988759084154,14.717744901793115
sz000333,2015-02-26,31.66,31.79,31.12,31.75,-0.001258,18684346.0,588438218.95,71073053660.0,133851918990.0,0.008347,83.05137282678064,2015-03-31,2014-12-31,11.493056987969288,0.9405594086869552,5.3997562938746775,2.9269114286335576,14.69922997870666
sz000333,2015-02-27,31.7,31.98,31.19,31.46,-0.009134,19939362.0,628723850.05,70423882460.0,132629334530.0,0.008907,82.29278158738083,2015-03-31,2014-12-31,11.388081034113629,0.9319684723339743,5.350435685081825,2.9001774344148337,14.564967212081152
sz000333,2015-03-02,31.54,31.83,31.14,31.46,0.0,26377669.0,829426908.83,70423882460.0,132629334530.0,0.011784,82.29278158738083,2015-03-31,2014-12-31,11.388081034113629,0.9319684723339743,5.350435685081825,2.9001774344148337,14.564967212081152
sz000333,2015-03-03,31.17,31.52,30.3,30.34,-0.035601,28407783.0,876160823.86,67916738519.99999,127907629040.0,0.01269,79.36307627008848,2015-03-31,2014-12-31,10.982656661519975,0.8987896837355073,5.159956092933767,2.7969289052521304,14.04643981436385
sz000333,2015-03-04,30.3,31.14,30.15,30.8,0.015162,24591449.0,754765670.65,68946458350.0,129846900940.0,0.010986,80.56637923249555,2015-03-31,2014-12-31,11.149170243320267,0.9124166862119043,5.2381887826596545,2.8393345512090025,14.259411934829235
sz000333,2015-03-05,30.2,30.49,29.5,29.7,-0.0357139999999999,34709544.0,1034165923.87,66484084840.0,125209511620.0,0.015506,77.68903156458622,2015-03-31,2014-12-31,10.750985591711782,0.8798303759850313,5.051110611821565,2.7379297457930623,13.750151296988745
sz000333,2015-03-06,29.75,29.95,29.2,29.42,-0.009428,21417572.0,631626261.54,65857298850.0,124029085250.0,0.009568,76.9565793749953,2015-03-31,2014-12-31,10.64962949877803,0.8715356788529818,5.003490713885404,2.7121176135570533,13.620514870560736
sz000333,2015-03-09,29.0,30.0,28.8,29.98,0.019035,25717020.0,754379062.21,67110870819.99999,126389937990.0,0.011488,78.42144786339833,2015-03-31,2014-12-31,10.852341684645538,0.888125073117081,5.098730509757727,2.763741878029071,13.879781371121858
sz000333,2015-03-10,29.85,30.33,29.66,29.81,-0.00567,18973677.0,567670946.39,66730322190.0,125673250550.0,0.008476,77.97679825401286,2015-03-31,2014-12-31,10.790804056700903,0.883089006993665,5.069818428824692,2.7480702262909227,13.801083010747597
sz000333,2015-03-11,29.82,30.97,29.81,30.97,0.0389129999999999,32050462.0,984717488.71,69327006980.0,130563588380.0,0.014318,81.01110940447126,2015-03-31,2014-12-31,11.210707871264901,0.9174527523353203,5.26710086359269,2.855006202947151,14.338124553944818
sz000333,2015-03-12,31.32,31.38,30.66,30.68,-0.009364,20273051.0,626647856.82,68677835790.000015,129341003920.0,0.009056,80.25252137600778,2015-03-31,2014-12-31,11.105731917409242,0.9088618159823394,5.2177802547998375,2.8282722087284276,14.203862355621677
sz000333,2015-03-13,30.69,31.5,30.6,31.0,0.01043,19703512.0,610843504.87,69524814230.0,130690062630.0,0.008785,81.08955517395954,2015-03-31,2014-12-31,11.221567452313337,0.9183414698575773,5.272202995355938,2.857771788457961,14.35200863999081
sz000333,2015-03-16,31.2,31.6,30.7,31.5,0.0161289999999999,24284228.0,759688512.23,70646182200.0,132797966870.0,0.010828,82.39744860936032,2015-03-31,2014-12-31,11.402560476083973,0.9331534290771627,5.357238527701765,2.9038648819083592,14.58349218734522
sz000333,2015-03-17,31.75,31.78,31.2,31.47,-0.0009519999999999,29110958.0,914548646.85,70578900130.0,132671492610.0,0.01298,82.31900623828422,2015-03-31,2014-12-31,11.391700894176896,0.9322647114846371,5.352136395535104,2.9010992961788813,14.569608702782867
sz000333,2015-03-18,31.7,32.0,31.32,31.99,0.016524,37977215.0,1202635555.55,71745122820.0,134863713020.0,0.016933,83.67924549736561,2015-03-31,2014-12-31,11.5799336389327,0.9476691490758167,5.4405733491909,2.949036113376041,14.81035691698765
sz000333,2015-03-19,32.18,32.68,31.69,32.0,0.0003129999999999,34273180.0,1097843455.72,71767550180.0,134905871100.0,0.0152819999999999,83.70543710120629,2015-03-31,2014-12-31,11.583553498995967,0.9479653882264795,5.442274059644179,2.9499579751400886,14.814992558702668
sz000333,2015-03-20,31.86,32.3,31.46,31.51,-0.015313,31521775.0,997473400.79,70668609560.0,132840124950.0,0.014055,82.42365574287552,2015-03-31,2014-12-31,11.406180336147239,0.9334496682278254,5.358939238155044,2.9047867436724064,14.588130577651254
sz000333,2015-03-23,31.81,32.57,31.6,32.21,0.022215,31957728.0,1027188084.78,72238524720.0,135791190880.0,0.014249,84.25469725520351,2015-03-31,2014-12-31,11.659570568910942,0.9541864110930838,5.477988983197153,2.9693170743717623,14.912205898433777
sz000333,2015-03-24,32.61,32.78,31.53,32.09,-0.0037259999999999,39188921.0,1251489002.46,71969396410.0,135285293870.0,0.017474,83.94076425323063,2015-03-31,2014-12-31,11.616132243858557,0.9506315409337875,5.457580455740748,2.9582547321098547,14.856643019256214
sz000333,2015-03-25,31.6,31.83,31.4,31.54,-0.0171389999999999,28349878.0,894341731.65,70735891640.0,132966599210.0,0.012641,82.50210349469452,2015-03-31,2014-12-31,11.417039918054314,0.934338385820351,5.364041370321703,2.9075523294018844,14.602015014549185
sz000333,2015-03-31,34.69,34.69,32.51,32.95,0.044705,75600452.0,2544112366.4,73898149320.0,138910889150.0,0.0337089999999999,86.19036003142483,2015-03-31,2014-12-31,11.927440243644988,0.9761081107015304,5.603841570859202,3.0375348525646437,15.254798095774605
sz000333,2015-04-01,32.99,34.5,32.7,34.18,0.037329,47880133.0,1625659207.8,76656714530.0,144096333570.0,0.021349,89.40775998103788,2015-04-29,2015-03-31,11.586600541919337,0.9845864742943808,5.988191801065109,2.918186004459386,15.824244453891774
sz000333,2015-04-02,34.57,34.68,33.43,34.24,0.001755,40829397.0,1388517375.88,76791278690.0,144349282080.0,0.018205,89.5646705998046,2015-04-29,2015-03-31,11.606939805732873,0.9863148297318072,5.998703548006524,2.9233086247471,15.852016002908353
sz000333,2015-04-03,34.13,34.13,33.45,33.88,-0.010514,36814454.0,1241541730.68,75983893750.0,142831591030.0,0.016415,88.62298765311824,2015-04-29,2015-03-31,11.484904223655738,0.9759446971755773,5.9356330667736,2.892572903223333,15.685347906653774
sz000333,2015-04-07,34.31,34.89,33.72,34.15,0.007969,48914359.0,1669415851.23,76589432450.0,143969859320.0,0.02181,89.32922424172594,2015-04-29,2015-03-31,11.576430910414611,0.9837222966098318,5.982935927802186,2.915624694416787,15.810344444121897
sz000333,2015-04-08,34.25,34.28,33.31,33.91,-0.007028,37363989.0,1263790170.06,76051175830.0,142958065290.0,0.0166599999999999,88.7014184537551,2015-04-29,2015-03-31,11.49507385596455,0.9768088749284547,5.940888940452092,2.8951342134684483,15.699229343368607
sz000333,2015-04-09,33.91,33.95,32.53,32.88,-0.030375,40755073.0,1347286956.39,73741157810.0,138615782560.0,0.018172,86.00711286822228,2015-04-29,2015-03-31,11.14591649584238,0.9471387734234558,5.760437285663381,2.8071958990356527,15.222365252063787
sz000333,2015-04-10,32.42,33.6,32.42,33.52,0.019465,35420757.0,1173751441.78,75176508810.0,141313899980.0,0.015794,87.68124132020223,2015-04-29,2015-03-31,11.362868641578602,0.9655745646193472,5.872562585540676,2.8618371816995674,15.518668591695208
sz000333,2015-04-13,33.7,34.25,32.8,33.0,-0.0155129999999999,72082948.0,2402703012.43,74010286120.0,139121679580.0,0.032141,86.32104222360194,2015-04-29,2015-03-31,11.186595023469453,0.9505954842983084,5.781460779546212,2.81744113961108,15.277927485832242
sz000333,2015-04-14,32.98,33.45,32.64,33.21,0.006364,42832251.0,1414253611.08,74481260670.0,140006999360.0,0.019098,86.87038933631295,2015-04-29,2015-03-31,11.25778244641479,0.9566447282951368,5.818251893633382,2.8353703105168204,15.37515621635208
sz000333,2015-04-15,33.15,33.15,32.03,32.03,-0.035531,41864167.0,1364833344.69,71834832250.0,135032345360.0,0.018667,83.78379753280441,2015-04-29,2015-03-31,10.857776927160819,0.922653738230736,5.611520871698916,2.734625445465998,14.828861540828875
sz000333,2015-04-16,32.03,33.4,31.86,33.4,0.042772,42619132.0,1403986913.53,74907380500.0,140808002960.0,0.019003,87.36739812087752,2015-04-29,2015-03-31,11.322190113951526,0.9621178537444943,5.851539091657845,2.8515919411241395,15.463121606653207
sz000333,2015-04-17,34.15,36.5,33.68,35.78,0.071257,78378234.0,2753413393.96,80245092040.0,150841627130.0,0.034948,93.59293680877688,2015-04-29,2015-03-31,12.128980907063982,1.030675952352438,6.268505051173915,3.0547892113216886,16.56497726297849
sz000333,2015-04-20,35.7,36.49,34.63,35.1,-0.019005,57472197.0,2037619460.93,78720031600.0,147974877370.0,0.025626,91.81420304472607,2015-04-29,2015-03-31,11.898469252118733,1.0110879241982622,6.149371920002343,2.9967328484659648,16.250159870095583
sz000333,2015-04-21,35.49,37.15,35.18,37.0,0.0541309999999999,57130309.0,2084685386.38,82981229890.0,155984913460.0,0.025473,96.78419766974014,2015-04-29,2015-03-31,12.54254593472289,1.0658191793067946,6.482243903987089,3.1589491563618033,17.129797274023726
sz000333,2015-04-22,37.7,38.88,37.0,37.01,0.00027,55425353.0,2090318125.4,83003657250.0,156027071550.0,0.024713,96.81032940311097,2015-04-29,2015-03-31,12.545935812427189,1.0661072385805297,6.483995862018442,3.1598029265110137,17.134422319287715
sz000333,2015-04-23,37.05,37.49,36.17,36.53,-0.012969,36886226.0,1348921183.92,81927144000.0,154003483480.0,0.016447,95.55479624108202,2015-04-29,2015-03-31,12.38322170272298,1.052280395149447,6.399901886902687,3.11882196441182,16.91220599622887
sz000333,2015-04-24,36.25,36.97,35.8,36.2,-0.009034,33808178.0,1226160170.04,81187041140.0,152612266690.0,0.015075,94.69155421184009,2015-04-29,2015-03-31,12.271355752954653,1.0427744403460943,6.342087279348254,3.0906475531331687,16.759421127258943
sz000333,2015-04-27,36.6,37.44,36.16,36.58,0.010497,33569165.0,1229272896.22,82039280790.0,154214273910.0,0.014968,95.68553145640178,2015-04-29,2015-03-31,12.400171089636302,1.0537206913814665,6.408661676228317,3.1230908147528393,16.93534477083178
sz000333,2015-04-28,37.48,38.88,36.75,37.37,0.021597,81213187.0,3077442714.7,83811042190.0,157544762600.0,0.036212,97.7520518792657,2015-04-29,2015-03-31,12.667971394504326,1.0764773711367597,6.547066343251367,3.19053864803478,17.301097411847433
sz000333,2015-04-29,37.82,38.37,37.27,37.45,0.002141,46196056.0,1737329723.7,83990461070.0,157882027280.0,0.0205979999999999,97.9613390223392,2015-04-29,2015-03-31,12.695090412922374,1.0787818450533284,6.561082005839921,3.1973688084183984,17.3381390614062
sz000333,2015-04-30,36.28,37.66,36.0,36.97,0.013885,54409365.0,2013059397.75,82913947810.0,155858439210.0,0.02426,99.32153221466439,2015-08-31,2015-06-30,11.650991574908401,1.056826309155156,7.627884976315417,2.971594788534786,17.578879122273825
sz000333,2015-05-04,36.95,36.96,35.9,36.08,-0.024074,37443021.0,1354295623.51,80917912820.0,152106369670.0,0.0166949999999999,96.93046564812855,2015-08-31,2015-06-30,11.370510576762966,1.0313847236770097,7.444254529229428,2.90005788397063,17.155685186284206
sz000333,2015-05-05,35.9,35.98,33.87,34.09,-0.0551549999999999,41778503.0,1448340874.74,76454868300.0,143716910810.0,0.018628,91.58426581530603,2015-08-31,2015-06-30,10.743367670730136,0.9744984819838236,7.033665102554967,2.7401045804898168,16.2094633698347
sz000333,2015-05-06,34.8,34.93,33.91,34.13,0.001173,35435003.0,1220652188.99,76544577730.0,143885543150.0,0.0158,91.69169415910739,2015-08-31,2015-06-30,10.755973558371227,0.9756419240354042,7.041918156411575,2.743319722289404,16.228477070367518
sz000333,2015-05-07,34.0,35.13,33.72,34.88,0.021975,28520621.0,982493596.29,78226629690.0,147047399500.0,0.012717,93.70661913825377,2015-08-31,2015-06-30,10.992333949772844,0.9970814623330191,7.196662914999438,2.8036036305550063,16.585097853988845
sz000333,2015-05-08,35.5,35.86,34.75,35.2,0.009174,34991257.0,1233945865.03,78944305190.0,148396458210.0,0.015602,94.5662836622281,2015-08-31,2015-06-30,11.093181050154035,1.006228998677855,7.262687345362886,2.8293247647610404,16.737249541701335
sz000333,2015-05-11,35.1,35.65,34.58,35.65,0.012784,40356486.0,1418239407.14,79953536370.0,150293572030.0,0.017994,95.77521903256603,2015-08-31,2015-06-30,11.234997285742542,1.019092721724231,7.355534201005014,2.865495109911062,16.951218539842444
sz000333,2015-05-12,35.7,36.18,35.1,35.46,-0.00533,32285610.0,1144930460.46,79527416540.0,149492568420.0,0.014396,95.26473711512244,2015-08-31,2015-06-30,11.175119319821128,1.0136613720131276,7.316332195430835,2.8502231864583547,16.860868545025085
sz000333,2015-05-13,35.55,36.5,35.2,35.9,0.012408,38728922.0,1388811795.3,80514220350.0,151347524140.0,0.017269,96.4467819732469,2015-08-31,2015-06-30,11.313784082378056,1.0262392344448983,7.407115786874694,2.8855897458724895,17.070078201931757
sz000333,2015-05-14,35.77,36.15,35.25,35.41,-0.013649,23474537.0,835156553.91,79415279740.0,149281777990.0,0.010467,95.13037984609404,2015-08-31,2015-06-30,11.159361959895996,1.0122320694147486,7.306015877865369,2.846204259113541,16.83708870455359
sz000333,2015-05-15,35.25,35.29,33.96,34.2,-0.034171,26969868.0,927394552.89,76701569250.0,144180649740.0,0.012025,91.87967963637317,2015-08-31,2015-06-30,10.77803386136937,0.9776429475917664,7.056361000415933,2.748946220343351,16.26174854643029
sz000333,2015-05-18,34.0,34.0,33.13,33.21,-0.028947,30773506.0,1028329366.89,74481260670.0,140006999360.0,0.013721,89.22003854993908,2015-08-31,2015-06-30,10.466038144868742,0.9493427570524758,6.852097919177837,2.669371461470887,15.791019711256771
sz000333,2015-05-19,33.33,35.0,33.3,34.83,0.04878,35521083.0,1217427334.7,78114492890.0,146836609080.0,0.0158379999999999,93.5721920304051,2015-08-31,2015-06-30,10.976576590595249,0.9956521598024469,7.186346597923383,2.7995847034008525,16.56130565277188
sz000333,2015-05-20,35.6,36.56,35.22,35.84,0.028998,48865405.0,1757078678.29,80379656200.0,151094575640.0,0.021788,96.2855984549028,2015-08-31,2015-06-30,11.294875251663957,1.0245240714353343,7.3947362065791955,2.880767033363769,17.041550394090958
sz000333,2015-05-21,36.48,38.48,36.48,38.1,0.063058,49851500.0,1877050000.0,85448000000.0,160622000000.0,0.022228,102.35717572227207,2015-08-31,2015-06-30,12.00708526423423,1.0891264938204785,7.861018927662434,3.0624167709066232,18.11615647884155
sz000333,2015-05-22,38.3,38.55,37.02,38.12,0.000525,35661000.0,1349020000.0,85493000000.0,160707000000.0,0.015901,102.41091323952628,2015-08-31,2015-06-30,12.013439326862386,1.089702851679145,7.865178921989807,3.064037379699485,18.125667460992943
sz000333,2015-05-25,38.15,38.84,37.5,38.58,0.012067,37949500.0,1454410000.0,86525000000.0,162646000000.0,0.016921,103.64670572958764,2015-08-31,2015-06-30,12.158386708462356,1.102850591537433,7.960075733763646,3.101006326162535,18.344389890244745
sz000333,2015-05-26,38.58,41.49,38.56,40.58,0.05184,49675800.0,2002990000.0,91010000000.0,171078000000.0,0.02215,109.01975095460946,2015-08-31,2015-06-30,12.788709721175577,1.160025291117156,8.372747171039048,3.261770718414435,19.29536306215503
sz000333,2015-05-27,40.6,41.07,39.39,39.63,-0.023411,33975000.0,1357280000.0,88880000000.0,167073000000.0,0.015149,106.46748956501109,2015-08-31,2015-06-30,12.489321240872393,1.1328686649529256,8.17673802655518,3.185411445291942,18.84363931750692
sz000333,2015-05-28,39.63,40.0,36.8,36.84,-0.070401,39237300.0,1510350000.0,82623000000.0,155310000000.0,0.017495,98.97207183214475,2015-08-31,2015-06-30,11.609993726813377,1.0531075179941634,7.601043752756488,2.9611382543456544,17.517028265915116
sz000333,2015-05-29,36.85,37.5,35.3,37.0,0.004343,42695800.0,1568370000.0,82981000000.0,155985000000.0,0.019037,99.40190754011175,2015-08-31,2015-06-30,11.660452459448743,1.057684477460045,7.634079001826805,2.9740077947595576,17.59310471967398
sz000333,2015-06-01,37.11,38.5,36.98,38.4,0.037838,34768000.0,1322990000.0,86121000000.0,161887000000.0,0.015503,103.1630769176145,2015-08-31,2015-06-30,12.101648666876807,1.097704054893575,7.922929431475692,3.086535242941568,18.258792616057008
sz000333,2015-06-02,38.41,38.6,37.4,38.44,0.001042,36818700.0,1398870000.0,86211000000.0,162056000000.0,0.0164169999999999,103.27057284376265,2015-08-31,2015-06-30,12.114282038455144,1.098849989930218,7.9312004790207045,3.089757394541494,18.27781827796294
sz000333,2015-06-03,38.45,39.6,38.34,39.1,0.0171699999999999,41423500.0,1614200000.0,87691000000.0,164838000000.0,0.01847,105.04372857949005,2015-08-31,2015-06-30,12.322246770590839,1.1177138436103402,8.067354646300135,3.1427989670325736,18.59164841779556
sz000333,2015-06-04,39.0,39.0,35.24,38.03,-0.027366,36413100.0,1358140000.0,85291000000.0,160327000000.0,0.016236,102.16910190318373,2015-08-31,2015-06-30,11.985032929230623,1.087126193016871,7.846581300290964,3.0567923050961023,18.08286936719417
sz000333,2015-06-05,38.26,38.98,36.95,37.68,-0.009203,45745300.0,1742070000.0,84506000000.0,158852000000.0,0.020397,101.22883965836873,2015-08-31,2015-06-30,11.874771254212595,1.0771246889988335,7.774393163433609,3.028669976043499,17.916452720407882
sz000333,2015-06-08,37.72,39.48,37.2,39.37,0.044851,63114800.0,2440150000.0,88297000000.0,165976000000.0,0.028142,105.76905434588622,2015-08-31,2015-06-30,12.407316456130172,1.1254302582357818,8.123049629177201,3.164496058871124,18.720023541370892
sz000333,2015-06-09,39.4,39.82,38.2,38.62,-0.01905,41610300.0,1627170000.0,86615000000.0,162815000000.0,0.018553,103.75415386059709,2015-08-31,2015-06-30,12.171020080040693,1.1039965265740757,7.968346781308658,3.1042284777624602,18.363407092907778
sz000333,2015-06-10,38.11,39.38,37.8,38.77,0.003884,33060800.0,1279450000.0,86951000000.0,163447000000.0,0.0147409999999999,104.15713499419165,2015-08-31,2015-06-30,12.21826440452299,1.1082819167702789,7.999277562660419,3.1162781807870332,18.434730566056633
sz000333,2015-06-11,38.77,39.26,37.71,38.08,-0.017797,30427900.0,1164750000.0,85404000000.0,160538000000.0,0.013567,102.30345046270003,2015-08-31,2015-06-30,12.00080595528405,1.088556916642502,7.856907874444794,3.0608152280995595,18.106647666172524
sz000333,2015-06-12,38.08,38.69,37.55,37.87,-0.005515,36525100.0,1388730000.0,84933000000.0,159653000000.0,0.016286,101.73924693339822,2015-08-31,2015-06-30,11.934648950273234,1.0825560142316795,7.8135949923303825,3.0439418306679977,18.006789504293582
sz000333,2015-06-15,37.93,38.08,36.36,36.51,-0.035912,43517400.0,1608850000.0,81882000000.0,153919000000.0,0.0194039999999999,98.08558709752604,2015-08-31,2015-06-30,11.506011360745529,1.0436755911541025,7.532966669116773,2.9346174681001145,17.36012967961539
sz000333,2015-06-16,36.57,37.14,35.73,36.45,-0.001643,33203300.0,1209700000.0,81748000000.0,153666000000.0,0.014805,97.92443247792482,2015-08-31,2015-06-30,11.487098680217013,1.0419600789394832,7.520584568354122,2.929793773693125,17.331606986551787
sz000333,2015-06-17,36.75,37.2,36.01,36.98,0.01454,25990000.0,950100000.0,82937000000.0,155901000000.0,0.011588,99.34825372615384,2015-08-31,2015-06-30,11.654173150498565,1.0571149002820686,7.629967948609164,2.972406251952494,17.583608552136248
sz000333,2015-06-18,36.98,37.14,35.86,35.91,-0.028935,30265500.0,1103260000.0,80537000000.0,151390000000.0,0.0134949999999999,96.47361200458758,2015-08-31,2015-06-30,11.31695930913835,1.0265272496885995,7.409194602599992,2.8863995900160235,17.074826838680185
sz000333,2015-06-19,35.79,36.84,33.0,35.02,-0.024784,35452500.0,1271770000.0,78541000000.0,147638000000.0,0.015808,94.08261000466588,2015-08-31,2015-06-30,11.03648350936368,1.0010861357389884,7.225567558878775,2.814864011300519,16.651644330310337
sz000333,2015-06-23,34.98,38.15,34.8,38.0,0.085094,52787000.0,1937790000.0,85224000000.0,160201000000.0,0.023537,102.08847562040293,2015-08-31,2015-06-30,11.975613965805355,1.0862718272499066,7.840414720464505,3.0543899908855074,18.068599352953765
sz000333,2015-06-24,38.05,39.0,37.3,38.84,0.022105,51962100.0,1989230000.0,87108000000.0,163742000000.0,0.023169,104.34514137399195,2015-08-31,2015-06-30,12.240316739526598,1.1102822175738865,8.01371519003189,3.121902646597554,18.46800574165081
sz000333,2015-06-25,39.1,39.88,36.0,36.71,-0.05484,57041300.0,2181450000.0,82331000000.0,154762000000.0,0.025434,98.62285382104221,2015-08-31,2015-06-30,11.569028711281256,1.0493917049759365,7.574224024622366,2.9506900941281446,17.455220306778678
sz000333,2015-06-26,35.8,36.61,33.2,34.41,-0.062653,52991600.0,1844980000.0,77897000000.0,147623000000.0,0.023408,92.44383616059247,2015-08-31,2015-06-30,11.035362204194005,1.0009844255286355,7.224833442232768,2.814578021513544,16.361598388898077
sz000333,2015-06-29,36.0,36.64,32.5,34.3,-0.0031969999999999,90937400.0,3191560000.0,77648000000.0,147151000000.0,0.04017,92.14829321638707,2015-08-31,2015-06-30,11.000078468188239,0.9977839442428638,7.201733238438414,2.805578876216711,16.30929035884877
sz000333,2015-06-30,34.27,37.38,33.8,37.28,0.08688,75078800.0,2693630000.0,84394000000.0,159936000000.0,0.033165,100.1541369310268,2015-08-31,2015-06-30,11.955804241141099,1.084474946867005,7.827445326385048,3.0493375046489377,17.726241505225556
sz000333,2015-07-01,37.0,37.8,35.52,35.6,-0.045064,48541700.0,1794040000.0,80591000000.0,152728000000.0,0.021443,95.64079090436701,2015-08-31,2015-06-30,11.416979730273345,1.0355998004520803,7.474677807423816,2.9119098790142495,16.92742615803407
sz000333,2015-07-02,36.2,36.5,33.68,35.99,0.010955,48577900.0,1719090000.0,81473000000.0,154401000000.0,0.021459,96.68853576872434,2015-08-31,2015-06-30,11.542042633531079,1.0469438792467762,7.556556284008464,2.943807273254931,17.112866111595334
sz000333,2015-07-03,36.0,36.0,32.76,33.3,-0.0747429999999999,60874300.0,2089740000.0,75384000000.0,142861000000.0,0.026891,89.46174453976259,2015-08-31,2015-06-30,10.67938518966123,0.9686948240819276,6.9917758776804115,2.7237857971416815,15.833799159816365
sz000333,2015-07-06,36.55,36.55,32.99,35.0,0.051051,75178000.0,2585610000.0,79232000000.0,150154000000.0,0.0332089999999999,94.028856060262,2015-08-31,2015-06-30,11.224563763157143,1.0181463283555188,7.348703390969017,2.8628340315692316,16.64213044072415
sz000333,2015-07-07,34.01,34.94,32.9,34.23,-0.022,77361400.0,2625070000.0,77489000000.0,146851000000.0,0.034174,91.96022122693624,2015-08-31,2015-06-30,10.97765236479474,0.9957497400358051,7.187050905518274,2.7998590804771983,16.27600357102822
sz000333,2015-07-08,30.81,31.5,30.81,30.81,-0.099912,115388400.0,3574850000.0,69747000000.0,132179000000.0,0.050972,82.77229160371058,2015-08-31,2015-06-30,9.880866401496782,0.8962635929492662,6.468986943503959,2.5201229368434372,14.649835502239648
sz000333,2015-07-09,30.81,33.89,29.0,33.89,0.099968,62243100.0,2013180000.0,76720000000.0,145392000000.0,0.027495,91.04687205075034,2015-08-31,2015-06-30,10.868586748624367,0.9858567269088108,7.11564582641666,2.7720418071973687,16.11435025772754
sz000333,2015-07-10,34.0,37.28,33.89,37.25,0.099144,72185400.0,2651570000.0,84326000000.0,159807000000.0,0.031887,100.07362313334991,2015-08-31,2015-06-30,11.946161016681895,1.0836002390579698,7.821131923229388,3.0468779924809475,17.71199139967968
sz000333,2015-07-13,37.29,39.38,36.38,38.09,0.02255,78097500.0,2958230000.0,86227000000.0,163411000000.0,0.034499,102.33028333500695,2015-08-31,2015-06-30,12.215573272115773,1.108037812265432,7.997515682710002,3.115591805298292,18.111396805742455
sz000333,2015-07-14,37.33,37.55,36.01,36.04,-0.05382,52213200.0,1909340000.0,81587000000.0,154616000000.0,0.023065,96.82286748591689,2015-08-31,2015-06-30,11.55811467429642,1.048401725595168,7.567078622601231,2.947906460201582,17.1366414296574
sz000333,2015-07-15,35.44,36.5,33.81,36.0,-0.0011099999999999,36258300.0,1268220000.0,81496000000.0,154444000000.0,0.016017,96.71539410300753,2015-08-31,2015-06-30,11.545257041684149,1.0472354485164548,7.558660751727017,2.9446271106442614,17.11761975767048
sz000333,2015-07-16,36.0,36.4,34.88,35.6,-0.011111,30862200.0,1105390000.0,80591000000.0,152728000000.0,0.013633,95.64078935912902,2015-08-31,2015-06-30,11.416979730273345,1.0355998004520803,7.474677807423816,2.9119098790142495,16.927425884543002
sz000333,2015-07-17,36.12,36.95,35.6,36.42,0.023034,35328100.0,1277380000.0,82447000000.0,156246000000.0,0.015606,97.84377930122717,2015-08-31,2015-06-30,11.679963169401086,1.0594542351201857,7.6468526314673255,2.9789840170529334,17.317332212367564
sz000333,2015-07-20,36.55,36.56,35.3,35.63,-0.021691,29121400.0,1046130000.0,80658000000.0,152857000000.0,0.0128639999999999,95.72144988440427,2015-08-31,2015-06-30,11.42662295473255,1.0364745082611155,7.480991210579478,2.9143693911822397,16.9417019593491
sz000333,2015-07-21,35.06,35.5,34.86,35.03,-0.01684,21271200.0,747400000.0,79300000000.0,150283000000.0,0.009396,94.10950066835089,2015-08-31,2015-06-30,11.234206987616345,1.0190210361645538,7.355016794124676,2.865293543737222,16.65640369835366
sz000333,2015-07-22,35.41,35.76,34.1,34.37,-0.018841,36019200.0,1250360000.0,77806000000.0,147451000000.0,0.015911,92.3363835662585,2015-08-31,2015-06-30,11.022504571581734,0.999818148449922,7.216415571358555,2.8112986719562234,16.342580396272982
sz000333,2015-07-23,34.3,35.0,34.0,34.85,0.013966,31869200.0,1104380000.0,78893000000.0,149511000000.0,0.014078,93.62595349914486,2015-08-31,2015-06-30,11.17649714821708,1.0137863506717233,7.317234257410182,2.8505746027008763,16.570820874087328
sz000333,2015-07-24,34.85,35.5,34.2,34.36,-0.01406,30540800.0,1067330000.0,77783000000.0,147409000000.0,0.013491,92.30957259294688,2015-08-31,2015-06-30,11.019364917106644,0.9995333598609338,7.214360044749735,2.8104979005526913,16.337835132597657
sz000333,2015-07-27,33.91,34.21,31.01,31.5,-0.083236,44932000.0,1488740000.0,71309000000.0,135139000000.0,0.0198479999999999,84.62609300860035,2015-08-31,2015-06-30,10.102137288312619,0.916334407792243,6.613852628316008,2.576558254806628,14.97793908750076
sz000333,2015-07-28,30.87,33.55,30.56,32.88,0.04381,56326700.0,1814200000.0,74433000000.0,141059000000.0,0.0248819999999999,88.33356214330712,2015-08-31,2015-06-30,10.544679061944292,0.9564760374781965,6.903583997940104,2.689428890733009,15.634122598924167
sz000333,2015-07-29,33.0,33.53,32.54,33.42,0.016423,28478900.0,939610000.0,75656000000.0,143376000000.0,0.01258,89.78426423438665,2015-08-31,2015-06-30,10.717883333820067,0.972186874637378,7.016980549193319,2.7336047798278442,15.890881794366297
sz000333,2015-07-30,33.38,33.78,32.1,32.25,-0.035009,20397500.0,675770000.0,73007000000.0,138356000000.0,0.0090099999999999,86.64100692780501,2015-08-31,2015-06-30,10.342619870368885,0.9381478575725998,6.771296178329642,2.637893531120001,15.334557913627329
sz000333,2015-07-31,31.75,33.21,31.61,33.15,0.0279069999999999,32407500.0,1060300000.0,75044000000.0,142217000000.0,0.0143159999999999,89.05889750813925,2015-08-31,2015-06-30,10.63124382104319,0.9643280657174422,6.960257803011844,2.7115073022875276,15.762499421322925
sz000333,2015-08-03,32.58,34.0,32.48,34.0,0.025641,31154700.0,1035420000.0,76139000000.0,145034000000.0,0.013912,91.34245669914546,2015-08-31,2015-06-30,10.841824931908127,0.983429243221721,7.0981249091319585,2.76521618428155,16.166665668985065
sz000333,2015-08-04,33.93,34.09,33.04,34.06,0.0017649999999999,22825900.0,769590000.0,76273000000.0,145290000000.0,0.010193,91.50367613521942,2015-08-31,2015-06-30,10.860961873470577,0.985165097478411,7.110653833223812,2.7700970766459347,16.195199833890822
sz000333,2015-08-05,35.5,35.99,34.3,34.41,0.010276,35487700.0,1247680000.0,77057000000.0,146783000000.0,0.015847,92.44396791118494,2015-08-31,2015-06-30,10.972569114692213,0.9952886537488718,7.1837229100563755,2.798562593442909,16.361621707383883
sz000333,2015-08-06,33.79,34.5,33.01,33.82,-0.017146,17598900.0,594220000.0,75735000000.0,144266000000.0,0.007859,90.85892363737976,2015-08-31,2015-06-30,10.784414107220774,0.9782216804516514,7.0605381368564,2.7505735071883985,16.081085341589077
sz000333,2015-08-07,34.29,34.5,33.8,34.22,0.0118269999999999,14913600.0,510440000.0,76631000000.0,145973000000.0,0.0066599999999999,91.93351212723903,2015-08-31,2015-06-30,10.912018635529773,0.989796302389814,7.144080611171997,2.783119144946225,16.27127633792405
sz000333,2015-08-10,34.22,35.12,33.6,34.95,0.021333,30259800.0,1038540000.0,78266000000.0,149087000000.0,0.0135129999999999,93.89472974144942,2015-08-31,2015-06-30,11.144801588754271,1.0109113420590807,7.296483226883051,2.842490624722365,16.618391476040983
sz000333,2015-08-11,34.7,34.95,34.42,34.6,-0.010014,24720300.0,856970000.0,77482000000.0,147594000000.0,0.011039,92.95446791781856,2015-08-31,2015-06-30,11.033194347532634,1.00078778578862,7.223414150050488,2.8140251079253913,16.45197490379991
sz000333,2015-08-12,34.61,34.94,33.5,33.51,-0.0315029999999999,22699800.0,776570000.0,75041000000.0,142944000000.0,0.010137,90.02612331500352,2015-08-31,2015-06-30,10.685589744933432,0.9692576205792138,6.995837989788317,2.7253682739629466,15.933688338405501
sz000333,2015-08-13,33.41,33.87,33.0,33.63,0.003581,15754200.0,526670000.0,75310000000.0,143456000000.0,0.007035,90.34850686259456,2015-08-31,2015-06-30,10.723863628058334,0.9727293290925935,7.020895837972024,2.7351300586917144,15.990746876345334
sz000333,2015-08-14,33.64,33.69,33.2,33.3,-0.0098129999999999,17502300.0,585780000.0,74571000000.0,142048000000.0,0.007816,89.46191696475195,2015-08-31,2015-06-30,10.618610449464853,0.9631821306807992,6.951986755466833,2.708285150687602,15.833829677247762
sz000333,2015-08-17,33.24,33.24,32.5,32.68,-0.018619,17147900.0,560750000.0,73183000000.0,139403000000.0,0.007657,87.79622553278521,2015-08-31,2015-06-30,10.42088697121219,0.9452472302552339,6.822537520220931,2.6578556182509,15.539019602487084
sz000333,2015-08-18,32.68,32.98,30.69,30.93,-0.05355,25517500.0,816160000.0,69264000000.0,131938000000.0,0.011395,83.09473765550457,2015-08-31,2015-06-30,9.862850765104007,0.8946294489029291,6.457192136058113,2.5155280342660284,14.7069051027739
sz000333,2015-08-19,30.57,31.4,30.0,31.27,0.010993,25889000.0,796330000.0,70025000000.0,133389000000.0,0.011561,84.00819810655155,2015-08-31,2015-06-30,9.971318351850552,0.9044682165844018,6.528205686281858,2.543192779659471,14.868578110568695
sz000333,2015-08-20,30.56,30.98,30.01,30.01,-0.0402939999999999,24042200.0,727160000.0,67203000000.0,128014000000.0,0.010736,80.62317177204616,2015-08-31,2015-06-30,9.569517332717066,0.8680220578746045,6.265147221462682,2.4407131059932046,14.26946362418144
sz000333,2015-08-21,29.69,29.99,28.0,28.08,-0.064312,30028000.0,868410000.0,62882000000.000015,119781000000.0,0.013409,75.43813434904231,2015-08-31,2015-06-30,8.954070301921531,0.8121967137522302,5.862215065024306,2.2837428449151815,13.351765879583084
sz000333,2015-08-24,26.98,26.99,25.27,25.28,-0.099715,52360300.0,1331970000.0,56611000000.0,107836999999.99995,0.023382,67.91582078242756,2015-08-31,2015-06-30,8.061212372148436,0.7312082635885425,5.277662450363795,2.056018710539387,12.020394544900457
sz000333,2015-08-25,23.86,26.18,23.33,23.76,-0.060127,54896100.0,1355340000.0,53207000000.000015,101353000000.0,0.0245139999999999,63.83224622624254,2015-08-31,2015-06-30,7.576509524136991,0.6872423299933195,4.960328294849838,1.9323948586227229,11.297644282099226
sz000333,2015-08-26,24.18,26.12,23.88,25.23,0.061869,54967200.0,1383450000.0,56499000000.0,107624000000.0,0.024546,67.78148346801393,2015-08-31,2015-06-30,8.045289838739055,0.7297639786015313,5.2672379939904985,2.0519576555643337,11.996618236188423
sz000333,2015-08-27,26.2,26.63,25.17,26.54,0.051922,40262900.0,1051760000.0,59433000000.000015,113211999999.99995,0.01798,71.30083365264016,2015-08-31,2015-06-30,8.463013391281923,0.7676544222983399,5.540720915182971,2.1584983842056538,12.619506648247798
sz000333,2015-08-28,26.72,27.67,26.61,27.35,0.03052,36457500.0,991770000.0,61247000000.0,116667000000.0,0.01628,73.47693509571874,2015-08-31,2015-06-30,8.721287348697032,0.7910816740829636,5.709812449313253,2.224371365139041,13.004653991152322
sz000333,2015-08-31,27.8,28.79,26.55,28.79,0.0526509999999999,49991000.0,1384090000.0,64471000000.0,122809999999.99995,0.022324,77.34556920544343,2015-08-31,2015-06-30,9.18049919251787,0.8327353955628303,6.010457686407984,2.341493715898459,13.689362028440483
sz000333,2015-09-01,27.99,28.88,27.32,28.83,0.001389,48440900.0,1367210000.0,64561000000.0,122980000000.0,0.021631,77.4530022010698,2015-10-29,2015-09-30,9.019196226818892,0.8495682277177117,4.254584403086447,2.274432471215808,13.708376552297988
sz000333,2015-09-02,27.85,28.97,27.32,28.75,-0.002775,64347200.0,1821120000.0,64382000000.000015,122639000000.0,0.028734,77.23807011996183,2015-10-29,2015-09-30,8.994187722075477,0.8472125376408559,4.242787254920465,2.2681259053296103,13.67033580736536
sz000333,2015-09-07,28.55,28.99,26.72,26.86,-0.0657389999999999,43830900.0,1216510000.0,60149000000.0,114577000000.0,0.019573,72.16051662834568,2015-10-29,2015-09-30,8.402930932511207,0.7915187740056291,3.9638763795124077,2.1190246320905324,12.771661601724972
sz000333,2015-09-08,26.65,27.48,26.11,27.4,0.020104,20686600.0,556200000.0,61359000000.0,116880000000.0,0.009238,73.61123165464193,2015-10-29,2015-09-30,8.571830012933747,0.8074283172519608,4.043550374310815,2.1616170697325066,13.02842308656605
sz000333,2015-09-09,27.41,28.23,27.13,27.9,0.018248,26777200.0,743460000.0,62478000000.0,119013000000.0,0.011958,74.95448940987583,2015-10-29,2015-09-30,8.728261510346371,0.8221634695508866,4.117343092897442,2.201065471595438,13.266165751049707
sz000333,2015-09-10,27.52,27.78,27.33,27.36,-0.019355,14092000.0,387790000.0,61269000000.000015,116709999999.99995,0.006293,73.50374526734768,2015-10-29,2015-09-30,8.559362429923828,0.8062539263045545,4.037669098099033,2.158473033953463,13.00939911293814
sz000333,2015-09-11,27.43,27.55,27.13,27.25,-0.00402,9503800.0,259650000.0,61023000000.0,116241000000.0,0.0042439999999999,73.20826021137296,2015-10-29,2015-09-30,8.524966568561187,0.8030139889261224,4.021443694903007,2.149799194068928,12.957101328504129
sz000333,2015-09-14,27.4,27.42,25.5,26.01,-0.045505,24433800.0,641740000.0,58246000000.0,110951000000.0,0.010911,69.87691833045443,2015-10-29,2015-09-30,8.137004720782102,0.7664697059156597,3.838432217489384,2.05196419835636,12.367488432550548
sz000333,2015-09-15,25.88,25.88,24.7,25.0,-0.038831,20303400.0,510610000.0,55984000000.0,106643000000.0,0.009067,67.16352771476456,2015-10-29,2015-09-30,7.8210614995661665,0.7367092576719787,3.6893937591343957,1.972290632849792,11.887246489226179
sz000333,2015-09-16,25.2,26.98,24.98,26.64,0.0656,20269200.0,521920000.0,59657000000.000015,113639000000.0,0.009051,71.56945513285312,2015-10-29,2015-09-30,8.334139209785917,0.7850388992487644,3.9314255731203516,2.1016769523214607,12.667049858919418
sz000333,2015-09-17,26.52,26.7,25.3,25.5,-0.042793,19481500.0,512480000.0,57104000000.0,108776000000.0,0.0087,68.50678343935293,2015-10-29,2015-09-30,7.977492996978791,0.7514444099709043,3.763186477721023,2.0117390347127238,12.12498879430668
sz000333,2015-09-18,25.68,25.97,25.61,25.88,0.014902,11668900.0,301110000.0,57954999999.99999,110397000000.0,0.005211,69.52767152616616,2015-10-29,2015-09-30,8.096375067914499,0.7626425730635245,3.8192661761874658,2.0417183405823027,12.305675377319437
sz000333,2015-09-21,25.54,26.56,25.52,26.53,0.025116,13657600.0,355560000.0,59410000000.0,113169000000.0,0.006099,71.27392852421734,2015-10-29,2015-09-30,8.299670009699684,0.7817920536882885,3.915165574181901,2.092984618108813,12.614744720096189
sz000333,2015-09-22,26.4,26.96,26.39,26.65,0.004523,15591500.0,416420000.0,59679000000.0,113681000000.0,0.006962,71.59630050293238,2015-10-29,2015-09-30,8.337219436176602,0.7853290428945943,3.9328785943020854,2.1024537141021655,12.671801210465185
sz000333,2015-09-23,26.4,26.4,25.78,25.84,-0.030394,12130900.0,316300000.0,57865000000.0,110226000000.0,0.005417,69.42020254544624,2015-10-29,2015-09-30,8.083834146181,0.7614612739340747,3.813350304233264,2.038555810475148,12.286654484474305
sz000333,2015-09-24,26.07,26.56,25.86,26.13,0.011223,12004200.0,315200000.0,58515000000.0,111463000000.0,0.005361,70.1993054786138,2015-10-29,2015-09-30,8.174554147259018,0.7700066951219654,3.8561452376095686,2.0614332943497127,12.42454760775356
sz000333,2015-09-25,26.01,26.05,24.95,25.1,-0.039418,18559500.0,469430000.0,56208000000.000015,107069000000.0,0.008288,67.4321892552578,2015-10-29,2015-09-30,7.852303795814539,0.7396521432225377,3.704131545406268,1.9801692166255112,11.93479679015113
sz000333,2015-09-28,25.12,25.15,24.73,25.1,0.0,10799000.0,269360000.0,56208000000.000015,107069000000.0,0.004822,67.4321892552578,2015-10-29,2015-09-30,7.852303795814539,0.7396521432225377,3.704131545406268,1.9801692166255112,11.93479679015113
sz000333,2015-09-29,24.79,24.93,24.47,24.57,-0.021116,11615700.0,286240000.0,55021000000.0,104808000000.0,0.005187,66.00829114694378,2015-10-29,2015-09-30,7.686484941782684,0.7240327436220355,3.625910571789595,1.9383535407642416,11.6827816211303
sz000333,2015-09-30,24.72,25.38,24.72,25.23,0.026862,12239900.0,307350000.0,56499000000.0,107624000000.0,0.0054659999999999,67.78140586373299,2015-10-29,2015-09-30,7.893006787405727,0.7434861842567166,3.723332182450608,1.9904335687276804,11.996604501037103
sz000333,2015-10-08,26.5,27.74,26.5,27.11,0.074514,37937000.0,1030190000.0,60709000000.0,115643000000.0,0.016941,72.83206954026318,2015-10-29,2015-09-30,8.481110011855726,0.7988828960640701,4.00075544093451,2.1387395858579423,12.89051948882738
sz000333,2015-10-09,27.05,27.25,26.74,27.1,-0.0003689999999999,14428200.0,390130000.0,60687000000.0,115601000000.0,0.006443,72.80519450660283,2015-10-29,2015-09-30,8.478029785465042,0.7985927524182405,3.9993024197527762,2.1379628240772375,12.885762887136003
sz000333,2015-10-12,27.22,28.38,27.0,28.29,0.043911,27868600.0,774120000.0,63352000000.0,120677000000.0,0.012445,76.00214340258226,2015-10-29,2015-09-30,8.850297146396352,0.8336586844713798,4.17491040828804,2.231840033573834,13.451589621273033
sz000333,2015-10-13,28.2,28.2,27.63,27.92,-0.0130789999999999,17334700.0,483530000.0,62523000000.0,119099000000.0,0.007741,75.00811136901989,2015-10-29,2015-09-30,8.734568640574915,0.8227575732066332,4.120318326745754,2.2026559838130715,13.275656280616404
sz000333,2015-10-14,27.61,27.74,26.9,26.97,-0.034026,20817900.0,566830000.0,60396000000.0,115046000000.0,0.0092959999999999,72.45588537157762,2015-10-29,2015-09-30,8.43732679387385,0.7947587113840614,3.9801017827084357,2.127698471975068,12.823938800012149
sz000333,2015-10-15,26.94,27.56,26.83,27.52,0.020393,20791000.0,565110000.0,61627000000.0,117392000000.0,0.009284,73.9334782419602,2015-10-29,2015-09-30,8.609379439410663,0.8109653064582666,4.061263394430999,2.171086165725859,13.085457383960799
sz000333,2015-10-16,27.41,28.08,27.3,27.66,0.0050869999999999,22177300.0,614030000.0,61941000000.0,117990000000.0,0.009903,74.30957784577704,2015-10-29,2015-09-30,8.653235996116125,0.8150963993203189,4.081951648399495,2.182145773936845,13.152023105673004
sz000333,2015-10-19,27.7,27.78,27.12,27.42,-0.0086769999999999,20203000.0,555870000.0,61404000000.0,116966000000.0,0.009022,73.66479363880924,2015-10-29,2015-09-30,8.57813714316229,0.8080224209077076,4.046525608159127,2.16320758195014,13.037903001185082
sz000333,2015-10-20,27.4,27.52,27.2,27.5,0.002918,14827400.0,405440000.0,61583000000.000015,117307000000.0,0.0066209999999999,73.87974750664729,2015-10-29,2015-09-30,8.603145647905706,0.8103781109845635,4.05832275632511,2.169514147836338,13.07594760214254
sz000333,2015-10-21,27.6,27.86,26.57,26.67,-0.030182,22840200.0,622330000.0,59724000000.0,113766000000.0,0.010199,71.64990896740166,2015-10-29,2015-09-30,8.34345322768156,0.7859162383682973,3.935819232407975,2.104025731991687,12.681289351614671
sz000333,2015-10-22,26.55,26.98,26.51,26.95,0.010499,17596700.0,470640000.0,60351000000.0,114960999999.99995,0.007858,72.40216136165041,2015-10-29,2015-09-30,8.431093002368891,0.7941715159103578,3.9771611446025443,2.126126454085546,12.814430208517274
sz000333,2015-10-23,27.08,27.74,27.08,27.58,0.023377,19668100.0,540540000.0,61762000000.0,117648000000.0,0.008783,74.09470668780172,2015-10-29,2015-09-30,8.628154152649122,0.8127338010614193,4.070119904491091,2.1758207137225356,13.113993143501784
sz000333,2015-10-26,28.21,28.3,27.56,27.8,0.007977,22144300.0,616030000.0,62254000000.0,118586999999.99995,0.009889,74.6857601630503,2015-10-29,2015-09-30,8.697019214097995,0.8192205840003273,4.102605306625568,2.193186887819718,13.218603466807496
sz000333,2015-10-27,27.42,27.77,26.85,27.38,-0.015108,19402300.0,527450000.0,61314000000.0,116795000000.0,0.008664,73.55740769850694,2015-10-29,2015-09-30,8.56559622142879,0.8068411217782578,4.0406097362049245,2.1600450518429852,13.018896805630968
sz000333,2015-10-28,27.43,27.43,26.62,26.79,-0.021549,24692100.0,665860000.0,59992999999.99999,114278000000.0,0.011026,71.9723191200118,2015-10-29,2015-09-30,8.381002654158475,0.789453227574603,3.9535322525281598,2.1134948279850394,12.738352598366426
sz000333,2015-10-29,27.02,27.88,26.74,27.76,0.036208,32052900.0,873600000.0,62165000000.0,118416000000.0,0.014313,74.57829285070919,2015-10-29,2015-09-30,8.684478292364497,0.8180392848708777,4.096689434671367,2.190024357712564,13.19958286924808
sz000333,2015-10-30,27.62,28.4,27.28,28.01,0.009006,28765500.0,804240000.0,62725000000.0,119483000000.0,0.0128449999999999,75.24994495612269,2016-08-31,2016-06-30,8.01523560627521,0.8884844022350652,4.581799518938546,1.9068730097871773,13.318458312568527
sz000333,2015-11-02,27.68,28.97,27.58,28.38,0.01321,28336100.0,810190000.0,63553000000.0,121060999999.99995,0.012654,76.24399672899307,2016-08-31,2016-06-30,8.12109201921012,0.9002185266437835,4.64231088575127,1.9320568904182636,13.494395146877556
sz000333,2015-11-03,28.38,28.57,27.9,28.18,-0.007047,15305300.0,432520000.0,63104999999.99999,120208000000.0,0.0068349999999999,75.70670528404385,2016-08-31,2016-06-30,8.063870523498158,0.8938755557181582,4.60960100242348,1.9184435506347934,13.39930014427751
sz000333,2015-11-04,28.18,29.39,28.15,29.35,0.041519,28064500.0,815220000.0,65726000000.0,125199000000.0,0.012532,78.84997198073206,2016-08-31,2016-06-30,8.39868000192538,0.9309889999031488,4.800990249421147,1.9980967497664504,13.95562568696777
sz000333,2015-11-05,29.35,30.52,29.06,30.05,0.02385,39684000.0,1187990000.0,67292999999.99999,128184999999.99995,0.017721,80.73054381247252,2016-08-31,2016-06-30,8.598988778239477,0.9531931161797226,4.915494014505304,2.0457514186919417,14.288467359601949
sz000333,2015-11-06,29.87,30.22,29.7,30.12,0.002329,25523900.0,765100000.0,67450000000.0,128483000000.0,0.011398,80.91856524901178,2016-08-31,2016-06-30,8.618979406284224,0.9554090661631184,4.926921382889458,2.0505073099644795,14.321745200082463
sz000333,2015-11-09,30.1,31.0,30.03,30.3,0.0059759999999999,26975400.0,821180000.0,67853000000.0,129251000000.0,0.012046,81.40213459493987,2016-08-31,2016-06-30,8.670498877218325,0.9611199708183124,4.956371781946602,2.0627641035796094,14.407331949398156
sz000333,2015-11-10,30.06,30.22,29.45,29.63,-0.022112,23258700.0,692800000.0,66353000000.0,126393000000.0,0.010386,79.60217059477655,2016-08-31,2016-06-30,8.47877667939324,0.9398676719842706,4.846776416705302,2.0171522335899725,14.088757025333063
sz000333,2015-11-11,29.7,29.74,29.23,29.44,-0.006412,17340400.0,510870000.0,65927000000.0,125582000000.0,0.007743,79.09176147692285,2016-08-31,2016-06-30,8.424372654747986,0.9338370161569759,4.815677102075947,2.004209187207329,13.998419915286627
sz000333,2015-11-12,29.64,29.85,29.42,29.73,0.009851,14703900.0,436290000.0,66576000000.0,126820000000.0,0.006566,79.87089441923202,2016-08-31,2016-06-30,8.507420968571447,0.943042875483968,4.863150531806084,2.0239668831650515,14.136318349872118
sz000333,2015-11-13,29.42,29.43,28.82,28.99,-0.024891,20128400.0,585520000.0,64919000000.000015,123663000000.0,0.008988,77.88282798624292,2016-08-31,2016-06-30,8.295641060057173,0.9195671905927609,4.7420894513068585,1.973583162536191,13.78445124982545
sz000333,2015-11-16,28.69,28.9,28.52,28.8,-0.006554,29743800.0,852230000.0,64494000000.000015,122852000000.0,0.0132819999999999,77.37238393162109,2016-08-31,2016-06-30,8.241237035411917,0.9135365347654664,4.710990136677504,1.9606401161535476,13.694107956334095
sz000333,2015-11-17,29.0,29.48,28.82,29.01,0.007292,32210300.0,940610000.0,64964000000.0,123748000000.0,0.014384,77.93658335525048,2016-08-31,2016-06-30,8.301343084835036,0.9201992568631926,4.745348935577505,1.9749397087045322,13.793965391551684
sz000333,2015-11-18,29.12,29.16,28.33,28.35,-0.022751,30147800.0,863940000.0,63486000000.0,120933000000.0,0.013463,76.16344814733516,2016-08-31,2016-06-30,8.112505440721106,0.8992667092012515,4.637402485908415,1.9300140914824093,13.480138884928492
sz000333,2015-11-19,28.4,28.58,27.9,28.47,0.004233,35089400.0,991230000.0,63754999999.99999,121445000000.0,0.015669,76.48584802334283,2016-08-31,2016-06-30,8.146851754677176,0.9030739789713809,4.657036085279845,1.9381852872258294,13.537200312828393
sz000333,2015-11-20,28.49,28.55,27.92,28.18,-0.010186,40774100.0,1148030000.0,63104999999.99999,120208000000.0,0.018208,75.70676317537706,2016-08-31,2016-06-30,8.063870523498158,0.8938755557181582,4.60960100242348,1.9184435506347934,13.399310390441922
sz000333,2015-11-23,28.17,28.38,27.9,28.1,-0.002839,25663300.0,722060000.0,62926000000.0,119866000000.0,0.01146,75.49183167472216,2016-08-31,2016-06-30,8.040928259097816,0.8913324184888923,4.596486371593345,1.9129854472280559,13.361269748243458
sz000333,2015-11-24,28.14,28.57,28.02,28.5,0.014235,19402900.0,547500000.0,63822000000.0,121573000000.0,0.008664,76.56645789861183,2016-08-31,2016-06-30,8.155438333166193,0.9040257964139131,4.661944485122701,1.9402280861616843,13.551467423109704
sz000333,2015-11-25,28.49,28.57,28.1,28.29,-0.007368,31692100.0,896720000.0,63352000000.0,120677000000.0,0.014152,76.00231623681485,2016-08-31,2016-06-30,8.095332283743073,0.8973630743161869,4.627585686222699,1.9259284936106995,13.45162021113623
sz000333,2015-11-26,28.39,28.94,28.3,28.63,0.012018,31111500.0,890290000.0,64113000000.0,122127000000.0,0.013893,76.9157120733489,2016-08-31,2016-06-30,8.192602118188969,0.9081453812823733,4.683188653192569,1.9490695753059317,13.613281782833667
sz000333,2015-11-27,28.44,28.47,27.0,27.11,-0.053091,28239900.0,785530000.0,60709000000.0,115643000000.0,0.012611,72.83218000366274,2016-08-31,2016-06-30,7.757638251604699,0.8599298789590959,4.434547523652823,1.8455890417115284,12.890539039701245
sz000333,2015-11-30,27.28,27.35,26.17,26.83,-0.010328,21306400.0,571030000.0,60082000000.000015,114449000000.0,0.009515,72.0799692485849,2016-08-31,2016-06-30,7.6775415741368365,0.8510512068779741,4.3887613563686685,1.8265335578880064,12.757405552499211
sz000333,2015-12-01,26.86,28.21,26.51,27.83,0.037272,24238500.0,666030000.0,62322000000.0,118715000000.0,0.010824,74.76653386241817,2016-08-31,2016-06-30,7.963716135341109,0.8827734975798713,4.5523491198814,1.8946162161720475,13.232899572251961
sz000333,2015-12-02,27.78,30.33,27.6,29.3,0.052821,58529100.0,1709870000.0,65614000000.0,124984999999.99995,0.026136,78.71577694756496,2016-08-31,2016-06-30,8.384324316014052,0.9293976801164148,4.792784018433869,1.9946814452955675,13.931874560557882
sz000333,2015-12-03,29.09,29.44,28.8,29.1,-0.006826,22658900.0,660220000.0,65166000000.0,124132000000.0,0.010118,78.17846305412088,2016-08-31,2016-06-30,8.327102820302088,0.9230547091907896,4.760074135106077,1.981068105512097,13.836775584807514
sz000333,2015-12-04,28.86,29.38,28.55,29.09,-0.000344,24958100.0,724200000.0,65142999999.99999,124090000000.0,0.011145,78.15156966283025,2016-08-31,2016-06-30,8.32428534923538,0.9227423940924586,4.758463566407641,1.9803978121112698,13.832015734006339
sz000333,2015-12-07,29.13,29.63,28.63,29.31,0.0075629999999999,23481500.0,686730000.0,65636000000.0,125028000000.0,0.010486,78.74262998419024,2016-08-31,2016-06-30,8.387208869725209,0.9297174312885158,4.79443293400608,1.9953676980630821,13.93662726900263
sz000333,2015-12-08,29.02,29.02,28.05,28.18,-0.038553,18228100.0,518710000.0,63104999999.99999,120208000000.0,0.00814,75.70686537040976,2016-08-31,2016-06-30,8.063870523498158,0.8938755557181582,4.60960100242348,1.9184435506347934,13.399328477900772
sz000333,2015-12-09,28.06,28.95,28.06,28.51,0.01171,18739500.0,536200000.0,63844000000.000015,121615000000.0,0.008368,76.59339276389726,2016-08-31,2016-06-30,8.158255804232901,0.904338111512244,4.663555053821139,1.9408983795625117,13.55623461437699
sz000333,2015-12-10,28.6,29.46,28.58,28.88,0.012978,30528200.0,891340000.0,64673000000.0,123194000000.0,0.013632,77.58742181518711,2016-08-31,2016-06-30,8.26417929981226,0.9160796719947325,4.724104767507638,1.966098219560285,13.732167427202373
sz000333,2015-12-11,28.91,29.52,28.56,29.38,0.017313,23987300.0,699820000.0,65792999999.99999,125327000000.0,0.010712,78.93069284907344,2016-08-31,2016-06-30,8.407266580414396,0.931940817345681,4.805898649264004,2.0001395487023057,13.969912441869527
sz000333,2015-12-14,29.18,30.24,29.03,30.05,0.022805,33349700.0,996290000.0,67292999999.99999,128184999999.99995,0.0148919999999999,80.73070729949656,2016-08-31,2016-06-30,8.598988778239477,0.9531931161797226,4.915494014505304,2.0457514186919417,14.288496295106361
sz000333,2015-12-15,29.98,30.3,29.57,30.05,0.0,22226300.0,665500000.0,67292999999.99999,128184999999.99995,0.009925,80.73070729949656,2016-08-31,2016-06-30,8.598988778239477,0.9531931161797226,4.915494014505304,2.0457514186919417,14.288496295106361
sz000333,2015-12-16,30.05,30.1,29.7,29.78,-0.008985,11969100.0,357190000.0,66688000000.0,127033000000.0,0.005345,80.00534189441058,2016-08-31,2016-06-30,8.521709571838326,0.9446267591969321,4.871318415919589,2.0273662282692473,14.16011415589483
sz000333,2015-12-17,29.88,30.64,29.88,30.18,0.013432,20260500.0,614290000.0,67584000000.0,128739000000.0,0.009047,81.07997364673629,2016-08-31,2016-06-30,8.636152563262257,0.957312701048183,4.936738182575173,2.0545929078361893,14.350312809236806
sz000333,2015-12-18,30.18,30.48,29.5,29.72,-0.0152419999999999,16047200.0,480550000.0,66554000000.0,126777000000.0,0.007166,79.84415268841275,2016-08-31,2016-06-30,8.504536414860294,0.9427231243118674,4.861501616233874,2.0232806303975375,14.131585341398422
sz000333,2015-12-21,29.8,32.58,29.72,31.87,0.0723419999999999,46886700.0,1482980000.0,71369000000.0,135948000000.0,0.020937,85.62023838219788,2016-08-31,2016-06-30,9.119751347069476,1.0109193568545536,5.213180795599853,2.1696439822782083,15.153892488165864
sz000333,2015-12-22,31.88,32.88,31.62,32.45,0.018199,27299100.0,881780000.0,72668000000.0,138422000000.0,0.01219,87.17844110051551,2016-08-31,2016-06-30,9.285713809427511,1.0293162033609986,5.308050961312583,2.20912745546028,15.429678177557996
sz000333,2015-12-23,32.2,33.28,31.88,32.45,0.0,32333900.0,1064030000.0,72668000000.0,138422000000.0,0.0144389999999999,87.17844110051551,2016-08-31,2016-06-30,9.285713809427511,1.0293162033609986,5.308050961312583,2.20912745546028,15.429678177557996
sz000333,2015-12-24,32.43,32.43,31.17,31.7,-0.023112,16999200.0,538110000.0,70988000000.0,135223000000.0,0.007591,85.1635729698004,2016-08-31,2016-06-30,9.07111642984653,1.0055282033714605,5.185379312114919,2.1580734414305924,15.073067455518276
sz000333,2015-12-25,31.75,32.24,31.72,32.15,0.014196,11185400.0,357720000.0,71996000000.0,137143000000.0,0.004995,86.3725550516797,2016-08-31,2016-06-30,9.199915107181784,1.0198054650094452,5.2590053097577805,2.188715425468417,15.287044721116814
sz000333,2015-12-28,32.22,32.51,31.0,31.0,-0.0357699999999999,20393500.0,647360000.0,69420000000.0,132236999999.99995,0.0091069999999999,83.28300875748111,2016-08-31,2016-06-30,8.870807653532426,0.9833240870948862,5.070875547030759,2.1104187725051005,14.740227131442467
sz000333,2015-12-29,31.05,33.98,30.66,33.09,0.067419,36755200.0,1191960000.0,74101000000.0,141152000000.0,0.016413,88.89786592490175,2016-08-31,2016-06-30,9.468849428763578,1.0496166847525081,5.412737926711026,2.252696526514062,15.733998504417189
sz000333,2015-12-30,33.01,34.3,32.88,33.43,0.010275,44558100.0,1502910000.0,74862000000.0,142603000000.0,0.019898,89.81129149728012,2016-08-31,2016-06-30,9.56618634585392,1.060406427792464,5.468379240554667,2.27585356757598,15.895665339050078
sz000333,2015-12-31,33.45,33.58,32.55,32.82,-0.018247,17833300.0,589580000.0,73496000000.0,140001000000.0,0.007964,88.17250486132926,2016-08-31,2016-06-30,9.391637305006869,1.041057763843487,5.368600674999082,2.234327295458054,15.60561713360843
sz000333,2016-01-04,32.82,33.18,29.54,29.72,-0.094455,20033800.0,637160000.0,66554000000.0,126777000000.0,0.0089459999999999,79.84417091465241,2016-08-31,2016-06-30,8.504536414860294,0.9427231243118674,4.861501616233874,2.0232806303975375,14.131588567253447
sz000333,2016-01-05,29.72,31.48,29.53,31.33,0.054172,31216500.0,962830000.0,70159000000.0,133645000000.0,0.01394,84.16948934144094,2016-08-31,2016-06-30,8.965260016911614,0.9937940789627419,5.124867945302192,2.1328895607995055,14.8971249831187
sz000333,2016-01-06,31.28,31.95,30.92,31.59,0.0082989999999999,20197600.0,634290000.0,70742000000.0,134754000000.0,0.009019,84.86801193348555,2016-08-31,2016-06-30,9.039654669601616,1.002040684773432,5.1673946283157,2.1505884984546864,15.020756223353597
sz000333,2016-01-07,30.9,30.98,28.88,29.04,-0.080722,6375400.0,191160000.0,65030999999.99999,123876000000.0,0.0028469999999999,78.01729627419073,2016-08-31,2016-06-30,8.309929663324054,0.9211510743057248,4.750257335420362,1.976982507640387,13.808250739492049
sz000333,2016-01-08,30.21,30.59,28.73,29.81,0.0265149999999999,37458100.0,1117510000.0,66755999999.99999,127160999999.99995,0.016727,80.08592488490088,2016-08-31,2016-06-30,8.530296150327342,0.9455785766394641,4.876226815762445,2.029409027205102,14.17437650784968
sz000333,2016-01-11,29.0,29.54,28.19,28.4,-0.0473,28231100.0,816070000.0,63598000000.0,121146000000.0,0.012607,76.29786063784508,2016-08-31,2016-06-30,8.126794043987987,0.9008505929142154,4.645570370021919,1.9334134365866056,13.50392849902839
sz000333,2016-01-12,28.62,29.17,28.18,28.81,0.014437,21424900.0,616490000.0,64516000000.0,122895000000.0,0.009567,77.39937285187365,2016-08-31,2016-06-30,8.244121589123072,0.9138562859375671,4.712639052249713,1.9613263689210612,13.698884714768864
sz000333,2016-01-13,29.06,29.93,28.55,28.99,0.006248,19005000.0,555840000.0,64919000000.000015,123663000000.0,0.008487,77.88296413345216,2016-08-31,2016-06-30,8.295641060057173,0.9195671905927609,4.7420894513068585,1.973583162536191,13.78447534646674
sz000333,2016-01-14,28.02,29.78,28.01,29.6,0.0210419999999999,26566000.0,773070000.0,66285000000.0,126265000000.0,0.011863,79.52177746474825,2016-08-31,2016-06-30,8.470190100904224,0.9389158545417382,4.841868016862444,2.015109434654118,14.074528276707094
sz000333,2016-01-15,29.6,29.82,28.1,28.39,-0.040878,24067900.0,696600000.0,63576000000.0,121104000000.0,0.010748,76.27108624554428,2016-08-31,2016-06-30,8.12397657292128,0.9005382778158846,4.643959801323482,1.9327431431857782,13.49918970981186
sz000333,2016-01-18,27.74,28.55,27.4,27.8,-0.020782,21498600.0,600500000.0,62254000000.0,118586999999.99995,0.0096,74.68602053118938,2016-08-31,2016-06-30,7.9551295568520874,0.8818216801373386,4.547440720038542,1.8925734172361919,13.218649549262551
sz000333,2016-01-19,27.82,29.28,27.66,28.82,0.036691,21806100.0,619800000.0,64539000000.0,122938000000.0,0.009738,77.42632531049925,2016-08-31,2016-06-30,8.247006142834225,0.9141760371096679,4.714287967821924,1.962012621688575,13.703655019874544
sz000333,2016-01-20,28.7,29.0,27.65,28.03,-0.027412,23014500.0,649800000.0,62770000000.000015,119568000000.0,0.010277,75.30391488108785,2016-08-31,2016-06-30,8.020937631053073,0.8891164685054967,4.585059003209192,1.9082295559555185,13.328010428469742
sz000333,2016-01-21,27.63,28.23,27.02,27.03,-0.035676,21196600.0,584260000.0,60529999999.99999,115302000000.0,0.009465,72.61737241379015,2016-08-31,2016-06-30,7.7347630698488015,0.8573941778035995,4.4214712396964595,1.8401468976714772,12.852520328423655
sz000333,2016-01-22,27.39,27.44,26.5,27.08,0.00185,16937200.0,456260000.0,60641999999.99999,115515000000.0,0.0075629999999999,72.75171455275566,2016-08-31,2016-06-30,7.749051673115682,0.8589780615165634,4.429639123809965,1.8435462427756735,12.876297491031238
sz000333,2016-01-25,27.22,27.49,27.07,27.2,0.004431,9353800.0,255120000.0,60911000000.0,116027000000.0,0.004177,73.07407739993893,2016-08-31,2016-06-30,7.78339798707175,0.8627853312866928,4.449272723181394,1.8517174385190933,12.933352365213999
sz000333,2016-01-26,27.04,27.23,25.77,25.85,-0.049632,19729400.0,521850000.0,57888000000.0,110269000000.0,0.00881,69.44726479042515,2016-08-31,2016-06-30,7.3971361203548724,0.8199684185202782,4.228471424000356,1.7598234051389927,12.291444220623696
sz000333,2016-01-27,26.0,26.43,25.15,26.23,0.0147,18425200.0,476130000.0,58739000000.0,111890000000.0,0.008228,70.4681395828444,2016-08-31,2016-06-30,7.505877087000941,0.8320222941010976,4.290631706385292,1.7856935385375936,12.472128450666863
sz000333,2016-01-28,26.03,26.97,25.88,26.51,0.010675,13262000.0,351630000.0,59366000000.0,113083999999.99995,0.005922,71.22038697289126,2016-08-31,2016-06-30,7.585973764468799,0.840900966182219,4.336417873669444,1.8047490223611147,12.605268421877732
sz000333,2016-01-29,26.35,27.5,26.2,27.31,0.030177,12192300.0,331300000.0,61157000000.000015,116497000000.0,0.005445,73.3696045905722,2016-08-31,2016-06-30,7.814926829961109,0.866280285958491,4.467295753854387,1.8592183408616858,12.985657607044736
sz000333,2016-02-01,27.32,27.56,27.11,27.35,0.001465,8426900.0,230330000.0,61247000000.0,116667000000.0,0.003763,73.47709106129739,2016-08-31,2016-06-30,7.826330879516835,0.8675444184993543,4.473814722395682,1.861931433198368,13.004681595439056
sz000333,2016-02-02,27.35,27.98,27.3,27.61,0.009506,10567800.0,293500000.0,61829000000.0,117776000000.0,0.004719,74.17556428892607,2016-08-31,2016-06-30,7.900725532206835,0.8757910243100444,4.516341405409189,1.879630370853549,13.1283040986853
sz000333,2016-02-03,27.48,27.58,26.81,27.17,-0.015936,13041000.0,353570000.0,60844000000.000015,115899000000.0,0.005823,72.99350249641776,2016-08-31,2016-06-30,7.774811408582733,0.8618335138441604,4.4443643233385375,1.8496746395832384,12.919091444568652
sz000333,2016-02-04,27.22,27.67,27.11,27.29,0.004417,9208800.0,252010000.0,61112000000.0,116410999999.99995,0.0041119999999999,73.31591479694443,2016-08-31,2016-06-30,7.809157722538798,0.8656407836142893,4.463997922709965,1.8578458353266574,12.97615507147931
sz000333,2016-02-05,27.4,27.68,27.27,27.42,0.004764,10029000.0,275670000.0,61404000000.0,116966000000.0,0.004478,73.66519181503706,2016-08-31,2016-06-30,7.846388590206024,0.8697678045565196,4.485280437653607,1.8667032838375919,13.037973474239838
sz000333,2016-02-15,26.95,27.28,26.72,26.96,-0.016776,11744000.0,317040000.0,60373000000.0,115004000000.0,0.0052439999999999,72.429384557148,2016-08-31,2016-06-30,7.714772441804059,0.855178227820204,4.410043871312308,1.83539100639894,12.81924843123599
sz000333,2016-02-16,27.33,27.8,27.1,27.74,0.028932,13392100.0,368560000.0,62120000000.000015,118331000000.0,0.00598,74.52491151115541,2016-08-31,2016-06-30,7.937956399874057,0.8799180452522745,4.537623920352829,1.8884878193644827,13.19013492684851
sz000333,2016-02-17,27.66,28.22,27.61,27.95,0.00757,11642300.0,325530000.0,62590000000.0,119227000000.0,0.005199,75.08906509129486,2016-08-31,2016-06-30,7.998062449297176,0.8865807673500006,4.57198271925283,1.9027874119154675,13.289984248244753
sz000333,2016-02-18,28.13,28.29,27.78,27.86,-0.00322,6958100.0,194440000.0,62389000000.0,118843000000.0,0.003107,74.8472783017009,2016-08-31,2016-06-30,7.972302713830126,0.8837253150224037,4.557257519724258,1.8966590151079026,13.247190498965406
sz000333,2016-02-19,27.81,27.93,27.5,27.6,-0.009332,6615000.0,183260000.0,61807000000.000015,117733999999.99995,0.002954,74.14880350058942,2016-08-31,2016-06-30,7.8979080611401224,0.8754787092117132,4.51473083671075,1.8789600774527209,13.12356771722906
sz000333,2016-02-22,27.99,28.15,27.52,28.04,0.0159419999999999,11233400.0,313700000.0,62791999999.99999,119610999999.99995,0.005016,75.3308837259958,2016-08-31,2016-06-30,8.023822184764226,0.8894362196775972,4.586707918781402,1.9089158087230318,13.332783633777124
sz000333,2016-02-23,28.07,28.1,27.72,27.87,-0.006063,9740200.0,271760000.0,62411000000.0,118884999999.99995,0.00435,74.87415257796509,2016-08-31,2016-06-30,7.975120184896832,0.8840376301207342,4.558868088422694,1.8973293085087293,13.251946966605532
sz000333,2016-02-24,27.8,27.96,27.32,27.84,-0.001076,8208600.0,226800000.0,62344000000.000015,118757000000.0,0.0036659999999999,74.79358798979119,2016-08-31,2016-06-30,7.966533606407816,0.8830858126782022,4.553959688579838,1.895286509572875,13.237687871669465
sz000333,2016-02-25,27.72,27.83,26.0,26.47,-0.04921,16250600.0,437140000.0,59276000000.0,112913000000.0,0.0072569999999999,71.11299552481357,2016-08-31,2016-06-30,7.574502632268632,0.8396293975675863,4.329860558254379,1.8020199706577469,12.586261251504611
sz000333,2016-02-26,26.59,26.91,26.46,26.84,0.013978,9505300.0,253980000.0,60104999999.99999,114492000000.0,0.004245,72.10701297625943,2016-08-31,2016-06-30,7.680426127847991,0.8513709580500747,4.390410271940878,1.8272198106555202,12.762192011278144
sz000333,2016-02-29,26.78,26.79,25.72,26.07,-0.028689,13187800.0,343620000.0,58379999999.99999,111207000000.0,0.005889,70.03833488098351,2016-08-31,2016-06-30,7.460059640844701,0.8269434557163353,4.264440791598795,1.7747932910908049,12.396057484666585
sz000333,2016-03-01,26.15,26.97,26.09,26.96,0.0341389999999999,11008600.0,294040000.0,60373000000.0,115004000000.0,0.0049159999999999,72.42937359548542,2016-08-31,2016-06-30,7.714772441804059,0.855178227820204,4.410043871312308,1.83539100639894,12.819246491135617
sz000333,2016-03-02,27.19,29.18,26.97,29.18,0.082344,35574600.0,1016690000.0,65345000000.000015,124473000000.0,0.015886,78.39349793483206,2016-08-31,2016-06-30,8.349978002057986,0.9255904103462858,4.77315041906244,1.9865102495521483,13.874834524201688
sz000333,2016-03-03,29.15,29.3,28.5,28.6,-0.019877,14825100.0,427890000.0,64046000000.0,121999000000.0,0.00662,76.83527037638139,2016-08-31,2016-06-30,8.184015539699953,0.907193563839841,4.678280253349711,1.9470267763700764,13.59904443836413
sz000333,2016-03-04,28.78,29.75,28.55,29.12,0.018182,26245600.0,767630000.0,65210000000.0,124217000000.0,0.01172,78.23228926236476,2016-08-31,2016-06-30,8.33280484507995,0.9236867754612212,4.763333619376725,1.9824246516804382,13.846302264342466
sz000333,2016-03-07,29.2,29.92,28.85,29.23,0.003777,11665000.0,342680000.0,65457000000.000015,124686999999.99995,0.005209,78.5277726189087,2016-08-31,2016-06-30,8.364333687969307,0.9271817301330192,4.781356650049716,1.9899255540230298,13.898599747994885
sz000333,2016-03-08,29.25,29.3,28.28,28.85,-0.013,9247300.0,265070000.0,64605999999.99999,123066000000.0,0.004129,77.50691157486288,2016-08-31,2016-06-30,8.255592721323243,0.9151278545522001,4.7191963676647815,1.96405542062443,13.71791795127095
sz000333,2016-03-09,28.55,29.35,28.32,28.78,-0.002426,9429000.0,273530000.0,64449000000.0,122767000000.0,0.004211,77.31887980738226,2016-08-31,2016-06-30,8.235535010634056,0.9129044684950348,4.707730652406856,1.9592835699852065,13.684638282321167
sz000333,2016-03-10,28.75,29.66,28.69,29.03,0.008687,10550900.0,307600000.0,65009000000.0,123833999999.99995,0.004712,77.99054891626899,2016-08-31,2016-06-30,8.307112192257343,0.9208387592073937,4.748646766721923,1.976312214239559,13.803516735079691
sz000333,2016-03-11,28.84,29.38,28.71,29.0,-0.001033,6235300.0,181120000.0,64941999999.99999,123706000000.0,0.002784,77.90998467923849,2016-08-31,2016-06-30,8.298525613768328,0.9198869417648617,4.743738366879068,1.9742694153037048,13.789257702292355
sz000333,2016-03-14,29.34,30.15,29.33,29.55,0.018966,16184900.0,482070000.0,66173000000.0,126052000000.0,0.007227,79.38762544866493,2016-08-31,2016-06-30,8.455901497637344,0.9373319708287743,4.833700132748939,2.0117100895499216,14.05078476387403
sz000333,2016-03-15,29.78,29.8,29.0,29.64,0.003046,11624000.0,342050000.0,66375000000.0,126435999999.99995,0.0051909999999999,79.62944015578157,2016-08-31,2016-06-30,8.481661233104393,0.9401874231563708,4.848425332277509,2.0178384863574856,14.093583454264794
sz000333,2016-03-16,29.61,29.61,29.1,29.26,-0.012821,7424600.0,217420000.0,65524000000.0,124815000000.0,0.003315,78.6085111035443,2016-08-31,2016-06-30,8.372920266458328,0.9281335475755518,4.786265049892575,1.9919683529588856,13.912889620797664
sz000333,2016-03-17,29.51,29.99,29.43,29.85,0.0201639999999999,10487400.0,311930000.0,66845000000.000015,127331000000.0,0.004683,80.19357312143615,2016-08-31,2016-06-30,8.541700199883069,0.9468427091803275,4.882745784303741,2.0321221195417847,14.193429127111427
sz000333,2016-03-18,30.1,30.46,29.71,30.04,0.006365,24572500.0,738880000.0,67271000000.0,128142000000.0,0.010973,80.7040052143541,2016-08-31,2016-06-30,8.596104224528325,0.9528733650076222,4.913845098933096,2.0450651659244286,14.283770303505491
sz000333,2016-03-21,30.15,30.59,30.02,30.38,0.011318,19835500.0,600610000.0,68032000000.000015,129592000000.0,0.008858,81.61741314537015,2016-08-31,2016-06-30,8.693374058974223,0.9636556719738085,4.969448065902965,2.0682062476196603,14.445434015800565
sz000333,2016-03-22,30.45,30.95,30.29,30.54,0.005267,13510500.0,413260000.0,68390000000.0,130275000000.0,0.006033,82.0472920604068,2016-08-31,2016-06-30,8.739191505130464,0.9687345103585708,4.9956389806894625,2.079106495066449,14.521518116761786
sz000333,2016-03-23,30.29,30.6,29.98,30.28,-0.008513,9657800.0,292220000.0,67808000000.000015,129166000000.0,0.004313,81.34882346309656,2016-08-31,2016-06-30,8.664796852440462,0.9604879045478808,4.953112297675955,2.0614075574112682,14.397896433033793
sz000333,2016-03-24,30.03,31.25,29.78,30.87,0.019485,21918200.0,666780000.0,69129000000.0,131682000000.0,0.009788,82.933905288275,2016-08-31,2016-06-30,8.833576785865205,0.9791970661526564,5.049593032087121,2.1015613239941673,14.678439445031456
sz000333,2016-03-25,30.6,31.66,30.56,31.4,0.017169,16853800.0,526500000.0,70316000000.0,133943000000.0,0.007526,84.35779750816938,2016-08-31,2016-06-30,8.98525064495636,0.9960100289461374,5.136295313686345,2.137645452072043,14.9304535718632
sz000333,2016-03-28,32.01,32.27,30.5,30.6,-0.025478,25684000.0,803340000.0,68559000000.0,130565000000.0,0.011464,82.20852954325625,2016-08-31,2016-06-30,8.758645472019642,0.9708909717518082,5.006759574083436,2.0837347114054956,14.55005547575927
sz000333,2016-03-29,30.75,30.78,29.8,29.99,-0.0199349999999999,16149900.0,488350000.0,67192999999.99999,127963000000.0,0.007208,80.56970250681144,2016-08-31,2016-06-30,8.584096431172593,0.951542307802831,4.90698100852785,2.042208439287569,14.26000011985001
sz000333,2016-03-30,30.16,30.55,29.98,30.53,0.018006,19376000.0,586460000.0,68402000000.0,130267000000.0,0.008648,82.02044057014909,2016-08-31,2016-06-30,8.738654843974897,0.9686750217684125,4.995332205699284,2.078978820132958,14.51676568200803
sz000333,2016-03-31,30.68,31.39,30.68,30.85,0.010481,20354000.0,631770000.0,69119000000.0,131632000000.0,0.009085,82.88009680776482,2016-08-31,2016-06-30,8.830222653642933,0.9788252624641673,5.047675688398505,2.100763355659849,14.668915903121155
sz000333,2016-04-01,31.0,31.0,30.2,30.59,-0.008428,10261000.0,313280000.0,68537000000.0,130523000000.0,0.00458,82.18158335186898,2016-08-31,2016-06-30,8.755828000952933,0.9705786566534772,5.0051490053849985,2.083064418004668,14.54528627988965
sz000333,2016-04-05,30.26,30.94,30.26,30.79,0.0065379999999999,14647100.0,449340000.0,68985000000.0,131376000000.0,0.006537,82.71888654382349,2016-08-31,2016-06-30,8.813049496664899,0.9769216275791026,5.0378588887127895,2.096677757788139,14.640383361587567
sz000333,2016-04-06,30.7,30.97,30.56,30.75,-0.001299,11321400.0,348560000.0,68895000000.0,131205000000.0,0.005053,82.61143471020306,2016-08-31,2016-06-30,8.801578364464728,0.9756500589644697,5.031301573297723,2.0939487060847704,14.621365503600863
sz000333,2016-04-07,30.81,30.93,30.05,30.1,-0.021138,14125000.0,429400000.0,67439000000.0,128432000000.0,0.006304,80.86519420329878,2016-08-31,2016-06-30,8.615558191417506,0.9550298264008594,4.924965692327069,2.049693382263475,14.312299079585749
sz000333,2016-04-08,30.0,30.33,29.84,30.02,-0.0026579999999999,8435100.0,253200000.0,67260000000.0,128091000000.0,0.0037649999999999,80.65025451710642,2016-08-31,2016-06-30,8.59268300966161,0.9524941252453631,4.9118894083707065,2.0442512382234237,14.274256988632212
sz000333,2016-04-11,30.23,30.55,30.2,30.4,0.0126579999999999,15007600.0,456360000.0,68111000000.0,129711999999.99995,0.006698,81.67112543878395,2016-08-31,2016-06-30,8.701423976307673,0.9645480008261822,4.974049690755642,2.0701213716220237,14.454940533594316
sz000333,2016-04-12,30.4,30.54,30.2,30.46,0.001974,8291000.0,251870000.0,68246000000.0,129968000000.0,0.0037,81.8323442404001,2016-08-31,2016-06-30,8.71859713328571,0.9664516357112473,4.9838664904413585,2.0742069694937344,14.48347458620763
sz000333,2016-04-13,30.6,31.08,30.52,30.68,0.007223,18590600.0,573950000.0,68739000000.0,130907000000.0,0.008297,82.42341926284851,2016-08-31,2016-06-30,8.781587736419985,0.9734341089810741,5.01987420491357,2.089192814812233,14.588088723143807
sz000333,2016-04-14,30.79,31.07,30.7,30.92,0.007823,11793400.0,364150000.0,69276000000.0,131931000000.0,0.005264,83.06821767174178,2016-08-31,2016-06-30,8.850280364332122,0.9810486485213326,5.0591414036564295,2.1055352062990726,14.702211341224961
sz000333,2016-04-15,30.95,31.1,30.8,30.96,0.001294,8702800.0,269360000.0,69366000000.0,132101000000.0,0.003884,83.175707945409,2016-08-31,2016-06-30,8.861684413887847,0.9823127810621958,5.0656603721977245,2.108248298635755,14.721236002700504
sz000333,2016-04-18,30.96,30.96,30.45,30.62,-0.0109819999999999,9097000.0,278480000.0,68604000000.0,130651000000.0,0.00406,82.26227232075252,2016-08-31,2016-06-30,8.764414579441949,0.9715304740960095,5.0100574052278555,2.0851072169405227,14.559567388918849
sz000333,2016-04-19,30.71,30.85,30.4,30.78,0.005225,7885010.0,240876602.96,68979441372.84,131350301997.84,0.003518,82.69209269362845,2016-08-31,2016-06-30,8.81132560672304,0.9767305353393048,5.036873450667759,2.0962676339485604,14.635641128525949
sz000333,2016-04-20,30.78,30.78,29.51,29.88,-0.02924,20241714.0,606508916.98,66962498642.64,127509649892.64,0.009032,80.27417590326675,2016-08-31,2016-06-30,8.553684507111257,0.9481711629609626,4.8895964491862465,2.034973258686907,14.20769498192785
sz000333,2016-04-21,29.8,30.08,29.65,29.74,-0.004685,8115302.0,242668317.02,66648751995.72,126912215120.72,0.003621,79.89809138915994,2016-08-31,2016-06-30,8.513607002727202,0.9437285939243316,4.866686693400234,2.02543857809065,14.141131930937517
sz000333,2016-04-22,29.6,30.93,29.56,30.8,0.035642,14925480.0,455267184.88,69024262322.4,131435649822.4,0.0066599999999999,82.74581916245238,2016-08-31,2016-06-30,8.817050964492191,0.9773651880588234,5.040146272922904,2.097629731176597,14.64515015521999
sz000333,2016-04-25,30.8,31.55,30.7,31.2,0.012987,21088323.0,659180191.43,69920681313.6,133142606313.6,0.00941,83.82043911591515,2016-08-31,2016-06-30,8.931558119875207,0.9900582424491979,5.1056027180258,2.1248716757373325,14.835346720285834
sz000333,2016-04-26,31.23,31.69,31.1,31.38,0.005769,10523476.0,330326171.92,70324069859.64,133910736734.64,0.004696,84.30399922917485,2016-08-31,2016-06-30,8.983086339797564,0.9957701169248663,5.135058118322101,2.137130550789663,14.920931835515162
sz000333,2016-04-27,31.28,31.47,30.92,30.98,-0.012747,10963294.0,341910714.06,69427650868.44,132203780243.44,0.004892,83.22937615100057,2016-08-31,2016-06-30,8.868579184414548,0.983077062534492,5.069601673219207,2.109888606228928,14.73073471740785
sz000333,2016-04-28,31.12,31.53,30.54,30.78,-0.006456,13898550.0,429000121.41,68979441372.84,131350301997.84,0.006202,82.6920472985697,2016-08-31,2016-06-30,8.81132560672304,0.9767305353393048,5.036873450667759,2.0962676339485604,14.635633094072265
sz000333,2016-04-29,31.02,32.26,31.02,32.1,0.042885,25404055.0,809800974.31,71937624043.8,136983258418.8,0.011336,86.23829574696887,2016-08-31,2016-06-30,9.189199219486992,1.01861761482754,5.252879719507313,2.1861660509989864,15.263282219311554
sz000333,2016-05-03,32.21,34.08,32.2,33.84,0.054206,29626941.0,991403733.56,75837046655.52,144408519155.52,0.0132199999999999,90.91292880622906,2016-08-31,2016-06-30,9.687305345403107,1.0738324014256684,5.537615255704905,2.304668509838183,16.090643695291558
sz000333,2016-05-04,33.3,33.79,32.8,32.96,-0.026005,27683061.0,917913733.17,73851740874.88,140653214874.88,0.012355,88.54873809262307,2016-08-31,2016-06-30,9.435389603560475,1.045907681766845,5.393611076478537,2.2447362318045667,15.672206505995499
sz000333,2016-05-05,33.07,33.24,32.85,32.99,0.00091,19547683.0,644939341.68,73918960299.22,140781236611.72,0.0087239999999999,88.62931744428735,2016-08-31,2016-06-30,9.443977640214202,1.0468596608461231,5.398520309861254,2.2467793776466216,15.686468213915953
sz000333,2016-05-06,20.97,21.14,20.35,20.35,-0.039641,38785799.0,804154759.57,68395764265.95,130262117234.7,0.01154,85.11596267147836,2016-08-31,2016-06-30,8.738327295166368,0.9686387131654411,4.995144966914664,2.078900894291092,15.064640927448112
sz000333,2016-05-09,20.08,20.7,19.99,20.35,0.0,32284589.0,656633625.66,68395764265.95,130262117234.7,0.009606,85.11596267147836,2016-08-31,2016-06-30,8.738327295166368,0.9686387131654411,4.995144966914664,2.078900894291092,15.064640927448112
sz000333,2016-05-10,20.4,21.59,20.15,21.08,0.035872,48148741.0,1008644010.24,70849273254.36,134934910629.36,0.0143259999999999,88.16924248442962,2016-08-31,2016-06-30,9.051790633027373,1.003385949559091,5.17433198538384,2.1534757175261046,15.605039726797528
sz000333,2016-05-11,21.16,22.21,21.09,21.96,0.041746,58911733.0,1280862760.75,73806927925.32,140567867050.32,0.017528,91.84995568118461,2016-08-31,2016-06-30,9.429664245791326,1.0452730290473262,5.390338254223392,2.2433741345765297,16.256487715232417
sz000333,2016-05-12,21.6,22.55,21.3,21.9,-0.002732,40702798.0,895938410.17,73605269652.3,140183801839.8,0.01211,91.59902160226362,2016-08-31,2016-06-30,9.403900135830146,1.042417091809492,5.37561055407524,2.237244697050364,16.212074990794402
sz000333,2016-05-13,21.81,22.23,21.42,21.51,-0.017808,21455461.0,467593178.93,72294490877.66997,137687377971.42,0.006384,89.9678262255705,2016-08-31,2016-06-30,9.236433421082488,1.0238534997635695,5.279880503112257,2.1974033531302894,15.923370359358334
sz000333,2016-05-16,21.51,22.0,21.51,21.8,0.013482,17884946.0,388807826.01,73269172530.6,139543693155.6,0.005321,91.18077245874363,2016-08-31,2016-06-30,9.360959952561517,1.0376571964131016,5.351064387161655,2.2270289678400887,16.138049238543204
sz000333,2016-05-17,21.65,21.8,21.3,21.35,-0.0206419999999999,18828846.0,404102261.24,71770221423.95,136663204076.7,0.005601,89.29861895365026,2016-08-31,2016-06-30,9.167729127852676,1.016237667129345,5.2406066360505195,2.181058186393848,15.804927626161195
sz000333,2016-06-01,23.1,23.45,22.44,22.86,0.070726,79182460.0,1815074213.95,76853580628.32,146350663249.32,0.023553,95.61435307776613,2016-08-31,2016-06-30,9.81758950710932,1.088274328178715,5.612090410117518,2.3356638995888996,16.922746937449073
sz000333,2016-06-02,22.71,22.88,22.36,22.56,-0.013123,38735296.0,873208177.29,75845003454.72,144430050870.72,0.011522,94.35960592232661,2016-08-31,2016-06-30,9.688749749798172,1.0739925128482857,5.538440929669782,2.3050121423764467,16.700669729388927
sz000333,2016-06-03,22.56,23.23,22.45,23.08,0.02305,36714646.0,841547724.36,77593203888.96,147759112326.96,0.010921,96.53459483883623,2016-08-31,2016-06-30,9.912071995804157,1.0987476594210297,5.666100029112525,2.3581418548780317,17.085620166651342
sz000333,2016-06-06,23.1,24.03,23.0,23.73,0.028163,44767955.0,1056676695.91,79778454431.75998,151920439147.26,0.013316,99.25329863328237,2016-08-31,2016-06-30,10.191224803311641,1.1296915926369602,5.825673903415954,2.4245539955050126,17.566802487404743
sz000333,2016-06-07,23.73,23.83,23.0,23.13,-0.025284,37615544.0,872772122.78,77761300084.56,148079214390.06,0.011189,96.74377823063845,2016-08-31,2016-06-30,9.933545288689348,1.1011279619761014,5.678374942520481,2.363250481080107,17.122643453313202
sz000333,2016-06-08,23.0,23.0,22.5,22.68,-0.019455,27385702.0,620325679.89,76248434324.16,145198295822.16,0.0081459999999999,94.86162802516138,2016-08-31,2016-06-30,9.74028565272263,1.0797052389804573,5.5679007218488765,2.317272845261428,16.789522424928993
sz000333,2016-06-13,22.41,22.83,22.25,22.3,-0.016755,27585859.0,620447225.96,75160002443.1,142765520142.6,0.008185,93.2722214475998,2016-08-31,2016-06-30,9.57708862679518,1.0616149395619137,5.47461137994841,2.2784472861256546,16.50821397669931
sz000333,2016-06-14,22.3,22.69,22.11,22.58,0.012556,20476417.0,459586299.49,76168305906.96,144558091695.96,0.00607,94.44334746009588,2016-08-31,2016-06-30,9.697339066952248,1.0749446338703141,5.5433508950329635,2.307055592857277,16.715491111390747
sz000333,2016-06-15,22.16,23.06,22.13,22.78,0.0088569999999999,28236018.0,641982565.04,76901881383.46,145838499948.36,0.008364,95.27983218854995,2016-08-31,2016-06-30,9.78323223849301,1.0844658440906003,5.592450548664788,2.327490097665579,16.863540216164335
sz000333,2016-06-16,22.64,22.71,22.18,22.36,-0.018437,17580475.0,393835727.4,75507360058.52,143149642618.32,0.005206,93.52315792248964,2016-08-31,2016-06-30,9.60285657825741,1.0644713026279995,5.489341276037957,2.284577637568145,16.55262712519891
sz000333,2016-06-17,22.77,22.9,22.22,22.43,0.0031309999999999,27595876.0,622869397.61,75767060898.50998,143597785506.66,0.008169,93.81597892994496,2016-08-31,2016-06-30,9.632919188296675,1.0678037262050997,5.506526154809096,2.291729714251051,16.60445340072791
sz000333,2016-06-20,22.26,23.03,22.21,22.96,0.023629,36062846.0,818210664.84,77572655426.0,146990867375.52,0.010674,96.03275669608063,2016-08-31,2016-06-30,9.860536092879698,1.093034933288858,5.636640236933429,2.3458811519930505,16.996800030133706
sz000333,2016-06-21,22.99,23.15,22.63,22.72,-0.010453,23291425.0,534140250.82,76785948017.6,145454377472.64,0.006892,95.02892629033649,2016-08-31,2016-06-30,9.757464287030784,1.0816094810245147,5.577720652575241,2.3213597462230884,16.81913247941872
sz000333,2016-06-22,22.61,23.03,22.54,22.96,0.010563,18079780.0,413277502.54,77610881070.8,146990867375.52,0.005349,96.03271683874132,2016-08-31,2016-06-30,9.860536092879698,1.093034933288858,5.636640236933429,2.3458811519930505,16.99679297579882
sz000333,2016-06-23,22.95,23.03,22.6,22.7,-0.0113239999999999,17928263.0,408680867.51,76745564789.5,145326336647.4,0.005303,94.94524235325943,2016-08-31,2016-06-30,9.748874969876706,1.080657360002486,5.572810687212058,2.319316295742258,16.804321292140877
sz000333,2016-06-24,22.74,23.23,22.5,22.83,0.005727,39087493.0,896873369.76,77192563933.05,146158602011.46,0.0115599999999999,95.48899375621654,2016-08-31,2016-06-30,9.804705531378202,1.086846146645672,5.604725462072744,2.332598723867654,16.900559640180965
sz000333,2016-06-27,22.66,23.87,22.66,23.64,0.03548,41463643.0,972892318.62,79949519861.39998,151344255433.68,0.01226,98.87694325468709,2016-08-31,2016-06-30,10.152572876118297,1.1254070480378313,5.803579059281633,2.4153584683412768,17.500191496214587
sz000333,2016-06-28,23.52,23.52,22.97,23.35,-0.012267,50758050.0,1180515157.29,78977639116.75,149487663467.7,0.015007,97.66401979178185,2016-08-31,2016-06-30,10.028027777384189,1.1116012932184163,5.732384561515488,2.3857284363692393,17.28551664713052
sz000333,2016-06-29,23.28,23.47,23.09,23.37,0.000857,31857127.0,741261901.19,79054867710.33,149615704292.94,0.009418,97.74771785674342,2016-08-31,2016-06-30,10.036617094538265,1.112553414240445,5.737294526878671,2.3877718868500697,17.300330334897115
sz000333,2016-06-30,23.44,23.78,23.23,23.72,0.014976,51989503.0,1223986875.36,80268046137.47998,151856418734.64,0.015363,99.21158767936602,2016-08-31,2016-06-30,10.186930144734603,1.1292155321259458,5.823218920734362,2.4235322702645976,17.55942008199254
sz000333,2016-07-01,23.79,24.63,23.79,24.08,0.015177,47416456.0,1150129066.53,81506391168.72,154161153588.96,0.014009,100.71732194557576,2016-08-31,2016-06-30,10.341537853507976,1.1463537105224608,5.911598297271646,2.4603143789195405,17.825919400576936
sz000333,2016-07-04,24.01,25.08,23.93,24.45,0.015365,65046066.0,1598368616.65,82770681797.55,156529908855.9,0.019214,102.26484359726955,2016-08-31,2016-06-30,10.50044022085839,1.1639679494299904,6.002432656490521,2.4981182128148993,18.099814652166806
sz000333,2016-07-05,24.55,24.59,24.02,24.1,-0.014315,42663992.0,1030258619.26,81605290981.89998,154289194414.2,0.0126,100.80092236117463,2016-08-31,2016-06-30,10.350127170662054,1.1473058315444897,5.916508262634829,2.4623578294003714,17.840715805421034
sz000333,2016-07-06,24.05,24.46,23.86,24.38,0.011618,40593291.0,980967027.7,82581892714.42,156081765967.56,0.011984,101.97202747716675,2016-08-31,2016-06-30,10.470377610819122,1.1606355258528902,5.985247777719382,2.4909661361319935,18.047989241648416
sz000333,2016-07-07,24.45,24.96,24.33,24.44,0.002461,59545975.0,1471120384.88,82809006359.03998,156465888443.28,0.017574,102.22298063678805,2016-08-31,2016-06-30,10.496145562281352,1.1634918889189763,5.999977673808931,2.4970964875744843,18.092405343172114
sz000333,2016-07-08,24.62,24.75,24.05,24.15,-0.011866,37377178.0,907840166.57,81849210573.89998,154609296477.3,0.011028,101.01000274855191,2016-08-31,2016-06-30,10.371600463547244,1.149686134099561,5.928783176042785,2.4674664556024464,17.87772086137003
sz000333,2016-07-11,24.35,25.22,24.16,24.96,0.03354,66505083.0,1655500522.52,84613349583.36,159794949899.52,0.019618,104.39787824073832,2016-08-31,2016-06-30,10.719467808287337,1.18824703549172,6.127636773251672,2.5502262000760685,18.477339619060377
sz000333,2016-07-12,25.05,27.46,24.98,27.46,0.10016,115331093.0,3078897015.27,93115916117.42,175800053054.52,0.034011,114.85436972533068,2016-08-31,2016-06-30,11.793132452546885,1.3072621632452979,6.741382443649476,2.8056575101798416,20.328029955305464
sz000333,2016-07-13,27.87,28.69,27.05,27.35,-0.004006,89421783.0,2479972926.67,92762707195.95,175095828515.7,0.0263649999999999,114.39426312021101,2016-08-31,2016-06-30,11.745891208199469,1.3020254976241408,6.714377634151974,2.794418532535276,20.246595867304514
sz000333,2016-07-14,27.16,27.65,26.77,27.04,-0.011335,45623148.0,1237514554.13,91756084465.76,173111195724.48,0.0134449999999999,113.09760414774343,2016-08-31,2016-06-30,11.612756792311286,1.2872676217826973,6.638273171022646,2.762745050082408,20.017100703148618
sz000333,2016-07-15,27.06,29.57,27.06,28.65,0.059541,86992561.0,2457773426.32,97261973070.9,183418482156.3,0.025625,119.83154859630422,2016-08-31,2016-06-30,12.304196823214433,1.363913364056001,7.033525382758832,2.9272428137892375,21.208938896114788
sz000333,2016-07-18,28.39,29.29,28.01,28.46,-0.0066319999999999,55213848.0,1577573104.36,96646467201.16,182202094316.52,0.016259,119.03682576601354,2016-08-31,2016-06-30,12.222598310250705,1.354868214346729,6.986880711808597,2.907830034221351,21.068281213355757
sz000333,2016-07-19,28.32,28.55,27.11,27.45,-0.035488,60078343.0,1661231131.69,93240869877.45,175736032641.9,0.017687,114.81244689322925,2016-08-31,2016-06-30,11.788837793969849,1.3067861027342837,6.7389274609678855,2.8046357849394266,20.32061004965619
sz000333,2016-07-20,27.49,27.78,27.01,27.3,-0.005464,31844826.0,867871970.92,92774660078.1,174775726452.6,0.0093709999999999,114.18511168340466,2016-08-31,2016-06-30,11.724417915314277,1.299645195069069,6.702102720744018,2.7893099063332003,20.209578236344868
sz000333,2016-07-21,27.58,29.29,27.5,28.07,0.028205,64280665.0,1825547525.01,95429251900.29,179705298224.34,0.018908,117.4057027584351,2016-08-31,2016-06-30,12.055106625746218,1.336301854417171,6.891136387226542,2.8679827498451624,20.779589390500977
sz000333,2016-07-22,28.1,28.3,27.0,27.28,-0.028144,52475526.0,1443097731.19,92765842335.76,174647685627.36,0.015432,114.10143666000171,2016-08-31,2016-06-30,11.715828598160199,1.2986930740470404,6.697192755380835,2.78726645585237,20.19476862669472
sz000333,2016-07-25,27.01,27.43,26.62,26.66,-0.022727,47954066.0,1291139367.76,90680663391.86,170678420044.92,0.014098,111.50825330902984,2016-08-31,2016-06-30,11.449559766383832,1.2691773223641531,6.54498382912218,2.7239194909466344,19.735802120115828
sz000333,2016-07-26,26.69,27.63,26.4,27.54,0.0330079999999999,63149661.0,1709602142.17,93700536051.78,176312216355.48,0.018561,115.18891773425428,2016-08-31,2016-06-30,11.827489721163195,1.3110706473334128,6.761022305102207,2.8138313121031624,20.38724147649661
sz000333,2016-07-27,27.6,27.7,26.36,26.96,-0.02106,61224194.0,1657006184.62,91747927504.48,172599032423.52,0.017991,112.76303912677089,2016-08-31,2016-06-30,11.578399523694976,1.2834591376945823,6.6186333095699155,2.754571248159087,19.95788617100159
sz000333,2016-07-28,26.96,28.38,26.8,27.78,0.0304149999999999,80619290.0,2243058230.32,94555884365.64,177848706258.36,0.023686,116.1927269618116,2016-08-31,2016-06-30,11.930561527012108,1.322496099597756,6.819941889460395,2.8383527178731245,20.5649052788926
sz000333,2016-07-29,27.78,28.8,27.52,28.2,0.015119,72082505.0,2041009367.02,96001835392.8,180537563588.4,0.021174,117.94944480074726,2016-08-31,2016-06-30,12.110937187247714,1.342490641060357,6.923051162087227,2.8812651779705587,20.87582608180418
sz000333,2016-08-01,28.04,28.58,27.51,27.76,-0.015603,47797885.0,1335042426.36,94515436271.36,177720665433.12,0.014039,116.10907961352119,2016-08-31,2016-06-30,11.921972209858032,1.3215439785757273,6.815031924097212,2.8363092673922945,20.55010056744979
sz000333,2016-08-02,27.68,27.74,26.97,27.6,-0.005764,43686022.0,1192078736.93,94000756310.4,176696338831.2,0.012827,115.43982687862885,2016-08-31,2016-06-30,11.853257672625423,1.3139270103994984,6.775752201191755,2.8199616635456533,20.43164978777901
sz000333,2016-08-03,27.42,28.08,27.27,28.01,0.014855,37767455.0,1048249166.46,95397144357.04,179321175748.62,0.011089,117.15468550691088,2016-08-31,2016-06-30,12.029338674283986,1.333445491351085,6.876406491136993,2.8618523984026716,20.735161945376465
sz000333,2016-08-04,27.85,28.12,27.53,27.69,-0.011424,35255512.0,977595423.93,94307280515.76,177272522544.78,0.010352,115.81631037967993,2016-08-31,2016-06-30,11.891909599818767,1.3182115549986273,6.797847045326075,2.829157190709389,20.498283455312485
sz000333,2016-08-05,27.65,28.46,27.56,27.97,0.010112,44837432.0,1259936292.88,94033009804.8,179065094098.14,0.013337,116.98744491023925,2016-08-31,2016-06-30,12.012160039975837,1.331541249307028,6.866586560410629,2.8577654974410116,20.705562097612603
sz000333,2016-08-08,27.96,27.96,27.18,27.69,-0.010011,34470242.0,947532729.31,93091671129.6,177272522544.78,0.010253,115.81628359924284,2016-08-31,2016-06-30,11.891909599818767,1.3182115549986273,6.797847045326075,2.829157190709389,20.498278715453402
sz000333,2016-08-09,27.89,28.05,27.33,27.83,0.005056,33570092.0,929091226.69,93562340467.2,178168808321.46,0.0099849999999999,116.4018507291206,2016-08-31,2016-06-30,11.9520348198973,1.3248764021528274,6.832216802868352,2.8434613440752,20.601918012638734
sz000333,2016-08-10,27.68,27.99,27.09,27.23,-0.021559,43563723.0,1196222227.72,91545186163.2,174327583564.26,0.012958,113.8923432292515,2016-08-31,2016-06-30,11.694355305275009,1.2963127714919689,6.684917841972879,2.782157829650295,20.157761262204254
sz000333,2016-08-11,27.26,27.59,27.16,27.24,0.000367,29570906.0,809177499.7,91578805401.6,174391603976.88,0.008796,113.93414171921664,2016-08-31,2016-06-30,11.698649963852048,1.2967888320029834,6.68737282465447,2.78317955489071,20.165159160587486
sz000333,2016-08-12,27.24,27.35,26.4,27.04,-0.007342,49373286.0,1323216763.73,90906420633.6,173111195724.48,0.014686,113.09763725071416,2016-08-31,2016-06-30,11.612756792311286,1.2872676217826973,6.638273171022646,2.762745050082408,20.017106562030452
sz000333,2016-08-15,27.05,28.03,26.65,27.92,0.032544,67775783.0,1862533921.1,93864913612.8,178744992035.04,0.02016,116.77828675740139,2016-08-31,2016-06-30,11.990686747090646,1.3291609467519565,6.854311647002674,2.852656871238936,20.66854327798517
sz000333,2016-08-16,28.01,29.15,28.01,28.35,0.015401,69474666.0,1990160778.81,95310540864.0,181497869777.7,0.020665,118.57678915175212,2016-08-31,2016-06-30,12.175357065903288,1.349631548725572,6.959875902311095,2.8965910565767854,20.98685951300942
sz000333,2016-08-17,28.6,29.1,28.27,28.43,0.002822,45391157.0,1301493533.87,95579494771.2,182010033078.66,0.013502,118.91141285073837,2016-08-31,2016-06-30,12.209714334519592,1.3534400328136862,6.979515763763825,2.904764858500106,21.046084430555133
sz000333,2016-08-18,28.36,28.49,27.84,28.07,-0.0126629999999999,35350670.0,991996054.08,94369202188.8,179705298224.34,0.010515,117.4056376298095,2016-08-31,2016-06-30,12.055106625746218,1.336301854417171,6.891136387226542,2.8679827498451624,20.77957786341102
sz000333,2016-08-19,27.94,28.28,27.68,27.86,-0.007481,27703782.0,772131780.83,93663198182.4,178360869559.32,0.00824,116.52732605470091,2016-08-31,2016-06-30,11.964918795628416,1.3263045836858705,6.839581750913125,2.8465265197964453,20.624125841414845
sz000333,2016-08-22,27.86,27.86,27.32,27.42,-0.015793,25824868.0,710455369.31,92183951692.8,175543971404.04,0.007682,114.68700999431901,2016-08-31,2016-06-30,11.775953818238735,1.305357921201241,6.731562512923113,2.8015706092181816,20.29840902200138
sz000333,2016-08-23,27.5,28.08,27.4,27.63,0.007659,27643936.0,767354041.32,92889955699.2,176888400069.06,0.008223,115.56539780386551,2016-08-31,2016-06-30,11.866141648356537,1.3153551919325412,6.783117149236528,2.8230268392668982,20.453874536700887
sz000333,2016-08-24,27.7,27.79,27.21,27.3,-0.011944,22811351.0,624708703.51,91780520832.0,174775726452.6,0.0067849999999999,114.18508469249615,2016-08-31,2016-06-30,11.724417915314277,1.299645195069069,6.702102720744018,2.7893099063332003,20.209573459234534
sz000333,2016-08-25,27.25,27.73,27.0,27.5,0.007326,22906820.0,625824416.46,92452905600.0,176056134705.0,0.006814,115.02160462295338,2016-08-31,2016-06-30,11.810311086855041,1.3091664052893552,6.7512023743758425,2.8097444111415024,20.357628794396884
sz000333,2016-08-26,27.49,27.73,27.13,27.22,-0.010182,20064586.0,550993563.0,91511568884.64,174263563151.64,0.005968,113.85045464468246,2016-08-31,2016-06-30,11.690060646697972,1.2958367109809548,6.682462859291288,2.7811361044098795,20.150347418012338
sz000333,2016-08-29,27.18,27.33,26.88,27.05,-0.006245,21566295.0,583192655.79,90940041819.6,173175216137.1,0.006415,113.13945855542643,2016-08-31,2016-06-30,11.617051450888322,1.2877436822937114,6.640728153704238,2.763766775322823,20.02450849838685
sz000333,2016-08-30,27.05,27.2,26.71,26.87,-0.006654,24497489.0,658946903.79,90334895515.44,172022848709.94,0.007287,112.38662859819861,2016-08-31,2016-06-30,11.539747596501634,1.2791745930954537,6.596538465435596,2.7453757209953515,19.891265418838586
sz000333,2016-08-31,27.05,27.68,27.03,27.4,0.019725,36784708.0,1008493451.85,93340141382.2,176639356799.6,0.010798,114.6034548472981,2016-08-31,2016-06-30,11.849435167259822,1.3135032878089687,6.7735671184187,2.8190522664088142,20.283620629225176
sz000333,2016-09-01,27.33,27.62,27.15,27.47,0.002555,25285622.0,693932731.72,93578601597.41,177090625229.38,0.007423,114.89626667443295,2016-10-31,2016-09-30,11.389827718030455,1.2264639607878567,6.363010252298948,2.685333292210329,20.33544527993285
sz000333,2016-09-02,27.78,28.07,26.91,27.12,-0.0127409999999999,37396799.0,1022135905.03,92386300521.36,174834283080.48,0.010978,113.43237334073402,2016-10-31,2016-09-30,11.244707961885183,1.2108373722812769,6.281938043041408,2.6511189983525347,20.076351371621225
sz000333,2016-09-05,27.13,27.54,26.9,27.43,0.011431,28757195.0,786319447.32,93442338617.29,176832757555.22,0.008442,114.72901880039194,2016-10-31,2016-09-30,11.373242603042424,1.2246780649585334,6.353744856955229,2.68142308719801,20.305844144150228
sz000333,2016-09-06,27.3,27.44,26.9,27.31,-0.004375,30546714.0,828005775.02,93033549676.93,176059154532.74,0.008967,114.22707934314023,2016-10-31,2016-09-30,11.32348725807833,1.219320377470563,6.325948670924072,2.6696924721610515,20.217006076019572
sz000333,2016-09-07,27.29,27.38,27.11,27.23,-0.0029289999999999,19284352.0,525836839.08,92761023716.69,175543419184.42,0.005661,113.89250822774419,2016-10-31,2016-09-30,11.290317028102269,1.2157485858119164,6.307417880236635,2.6618720621364127,20.157790465222913
sz000333,2016-09-08,27.23,27.45,27.09,27.21,-0.000734,20133941.0,548851311.21,92692892226.63,175414485347.34,0.00591,113.80891112670503,2016-10-31,2016-09-30,11.282024470608253,1.2148556378972546,6.302785182564776,2.659916959630253,20.14299464702144
sz000333,2016-09-09,27.27,27.27,26.98,27.02,-0.006983,18190721.0,492979434.99,92045643071.06,174189613895.08,0.00534,113.01418350030724,2016-10-31,2016-09-30,11.203245174415104,1.2063726327079682,6.258774554682111,2.641343485821736,20.002336115401288
sz000333,2016-09-12,26.74,26.74,26.11,26.29,-0.027017,35950103.0,947670606.06,89558843683.86998,169483528841.66,0.010553,109.96087930467945,2016-10-31,2016-09-30,10.900566825883534,1.173780033822816,6.089681089659241,2.5699822443469076,19.461933000571495
sz000333,2016-09-13,26.46,26.55,26.27,26.34,0.001902,16457280.0,434327968.56,89729172409.02,169805863434.36,0.004831,110.17002489711696,2016-10-31,2016-09-30,10.92129821961857,1.17601240360947,6.101262833838888,2.5748700006123064,19.498949597138584
sz000333,2016-09-14,26.21,26.21,25.18,25.4,-0.035687,39798629.0,1021454467.56,86507942376.19998,163745973091.6,0.011685,106.23838721861355,2016-10-31,2016-09-30,10.53154801739984,1.13404385162037,5.8835260432614955,2.4829801828228018,18.803090582865497
sz000333,2016-09-19,25.4,26.25,25.39,26.0,0.023622,26556893.0,690391436.19,165430187078.0,167613988204.0,0.004174,108.74795040149165,2016-10-31,2016-09-30,10.780324742220307,1.1608322890602212,6.022506973417279,2.541633258007592,19.247257188613947
sz000333,2016-09-20,26.08,26.08,25.74,25.91,-0.003462,9971872.0,258218038.24,164857544122.73,167033785937.14,0.001567,108.37146499720168,2016-10-31,2016-09-30,10.743008233497239,1.1568140234442437,6.001659833893911,2.532835296729874,19.180623184226967
sz000333,2016-09-21,26.01,26.05,25.88,25.97,0.002316,9294078.0,241438466.84,165239306092.91,167420587448.38,0.0014609999999999,108.6224533101352,2016-10-31,2016-09-30,10.767885905979284,1.1594928671882285,6.01555792690949,2.5387006042483526,19.225045507521635
sz000333,2016-09-22,26.1,26.33,25.93,26.15,0.006931,22010478.0,575505646.45,166384592003.45,168580991982.1,0.003459,109.37531553402776,2016-10-31,2016-09-30,10.842518923425425,1.167529398420184,6.057252205956225,2.55629652680379,19.358294297934272
sz000333,2016-09-23,26.21,26.36,26.12,26.26,0.004207,13288004.0,348663690.35,167084488948.78,169290128086.04,0.002088,109.83545748647941,2016-10-31,2016-09-30,10.888127989642511,1.1724406119508235,6.082732043151452,2.567049590587668,19.439734642045682
sz000333,2016-09-26,26.25,26.31,26.0,26.02,-0.009139,11500682.0,301076065.79,165557441068.06,167742922041.08,0.001808,108.83167124051049,2016-10-31,2016-09-30,10.788617299714323,1.161725236974883,6.027139671089138,2.543588360513752,19.262074907152027
sz000333,2016-09-27,25.86,26.2,25.76,26.16,0.0053799999999999,10749633.0,279575534.09,166448218998.48,168645458900.64,0.001689,109.41718563178442,2016-10-31,2016-09-30,10.846665202172435,1.167975872377515,6.059568554792155,2.55727407805687,19.365704870152502
sz000333,2016-09-28,26.24,26.4,26.12,26.19,0.001147,11223630.0,294764802.14,166639099983.57,168838859656.26,0.001764,109.54268714370407,2016-10-31,2016-09-30,10.859104038413456,1.1693152942495075,6.066517601299944,2.560206731816109,19.387917333638566
sz000333,2016-09-29,26.29,26.55,26.2,26.5,0.011837,12280360.0,324708060.22,168611536829.5,170837334131.0,0.00193,110.83934393142411,2016-10-31,2016-09-30,10.987638679570697,1.1831559869267638,6.1383244152137655,2.590510820661584,19.61741211111685
sz000333,2016-09-30,26.59,27.17,26.51,27.01,0.0192449999999999,20465989.0,552535509.47,171856513576.03,174125146976.54,0.003217,112.97244710538436,2016-10-31,2016-09-30,11.199098895668097,1.2059261587506376,6.256458205846181,2.6403659345686563,19.99494920719529
sz000333,2016-10-10,27.18,27.2,26.52,26.95,-0.002221,25921181.0,696636601.32,171474751605.85,173738345465.3,0.004074,112.72153530036329,2016-10-31,2016-09-30,11.174221223186048,1.2032473150066523,6.242560112830603,2.634500627050177,19.950540425006107
sz000333,2016-10-11,26.9,27.14,26.68,27.0,0.001855,22004789.0,592389006.0,171792886581.0,174060680058.0,0.0034579999999999,112.93063374834544,2016-10-31,2016-09-30,11.19495261692109,1.2054796847933065,6.254141857010251,2.6393883833155765,19.98754867749449
sz000333,2016-10-12,26.98,26.98,26.76,26.81,-0.007037,12125548.0,325080754.5,170583973675.43,172835808605.74,0.001906,112.13594087865835,2016-10-31,2016-09-30,11.11617332072794,1.1969966796040203,6.210131229127586,2.620814909507059,19.846896297450964
sz000333,2016-10-13,26.87,26.87,26.29,26.3,-0.0190229999999999,22568949.0,597663597.5,167338996928.9,169547995760.2,0.003547,110.00277887532363,2016-10-31,2016-09-30,10.904713104630542,1.1742265077801468,6.091997438495171,2.5709597955999874,19.469348789184554
sz000333,2016-10-14,26.32,26.52,26.25,26.37,0.002662,17300794.0,456589383.68,167784385894.11,169999264189.98,0.002719,110.29560627268974,2016-10-31,2016-09-30,10.933737055859597,1.1773518254814628,6.108211880346679,2.5778026543715464,19.52117619566136
sz000333,2016-10-17,26.48,26.53,26.21,26.27,-0.003792,14033212.0,370332583.64,167148115943.81,169354595004.58,0.002206,109.8773653337037,2016-10-31,2016-09-30,10.892274268389517,1.1728870859081542,6.085048391987382,2.568027141840748,19.447151895527416
sz000333,2016-10-18,26.1,26.36,26.05,26.35,0.003045,22703193.0,594479906.25,167657131904.05,169870330352.9,0.003568,110.21194191114483,2016-10-31,2016-09-30,10.925444498365579,1.176458877566801,6.103579182674818,2.5758475518653863,19.506368473049296
sz000333,2016-10-19,26.36,26.39,26.08,26.14,-0.00797,15399856.0,403273965.28,166320965008.42,168516525063.56,0.00242,109.333552734113,2016-10-31,2016-09-30,10.838372644678417,1.167082924462853,6.054935857120295,2.5553189755507097,19.35090271631909
sz000333,2016-10-20,26.14,26.34,25.99,26.25,0.004208,15570390.0,407467350.32,167020861953.75,169225661167.5,0.002447,109.79362832401814,2016-10-31,2016-09-30,10.883981710895503,1.1719941379934926,6.080415694315522,2.566072039334588,19.432331314949362
sz000333,2016-10-21,26.18,26.53,26.16,26.38,0.004952,23097359.0,608799355.51,167848012889.14,170063731108.52,0.0036299999999999,110.33732637147868,2016-10-31,2016-09-30,10.937883334606603,1.1777982994387937,6.110528229182608,2.578780205624626,19.528560219620992
sz000333,2016-10-24,26.53,26.75,26.39,26.66,0.010614,34696954.0,922414258.24,169629568749.98,171868804827.64,0.005453,111.50844675358555,2016-10-31,2016-09-30,11.053979139522825,1.1902995702440577,6.17538599658864,2.6061516407108622,19.735836357792046
sz000333,2016-10-25,26.66,26.88,26.53,26.8,0.005251,29063381.0,777320449.62,170520346680.4,172771341687.2,0.004568,112.0939776074886,2016-10-31,2016-09-30,11.112027041980932,1.1965502056466895,6.207814880291657,2.61983735825398,19.83946923450681
sz000333,2016-10-26,26.8,26.85,26.59,26.67,-0.0048509999999999,18388687.0,491053877.27,169693195745.01,171933271746.18,0.0028899999999999,111.55020972211469,2016-10-31,2016-09-30,11.05812541826983,1.1907460442013882,6.17770234542457,2.607129191963941,19.74322796925022
sz000333,2016-10-27,26.66,26.7,26.4,26.68,0.000375,12449359.0,330062958.4,169756822740.04,171997738664.72,0.001957,111.59204105076049,2016-10-31,2016-09-30,11.062271697016838,1.1911925181587193,6.1800186942605,2.6081067432170215,19.75063167973869
sz000333,2016-10-28,26.64,26.83,26.49,26.76,0.002999,20745154.0,553742337.91,170265838700.28,172513474013.04,0.00326,111.9267055818717,2016-10-31,2016-09-30,11.095441926992901,1.1947643098173661,6.198549484947939,2.6159271532416604,19.809863824146223
sz000333,2016-10-31,26.86,27.19,26.67,27.15,0.014574,41947232.0,1131912604.38,165588923809.65,175138535032.65,0.006878,113.55792538902192,2016-10-31,2016-09-30,11.26427634566384,1.2129445084091917,6.292870063234075,2.655732556497263,20.098572779519333
sz000333,2016-11-01,27.2,27.91,27.17,27.77,0.022836,40892220.0,1127865216.15,169370328331.27,179138015390.67,0.006705,116.15113417320563,2017-03-31,2016-12-31,11.293595336468266,1.120721402925198,6.710543360021719,2.59708025723166,20.55754378751244
sz000333,2016-11-02,27.71,27.71,27.3,27.48,-0.010443,23445241.0,645368478.58,167601606861.48,177267290707.08,0.0038439999999999,114.93816787903485,2017-03-31,2016-12-31,11.175657178471294,1.1090177944682909,6.640465665588649,2.5699591454348583,20.342861357739444
sz000333,2016-11-03,27.3,27.69,27.3,27.4,-0.002911,15732378.0,433094867.18,167113683697.4,176751228725.4,0.002579,114.60358287233896,2017-03-31,2016-12-31,11.14312251419627,1.1057892128250062,6.62113388781401,2.562477459421947,20.283643288327063
sz000333,2016-11-04,27.3,27.56,26.98,26.99,-0.0149639999999999,20128149.0,547120477.54,164613077481.49,174106411069.29,0.0033,112.8886548582373,2017-03-31,2016-12-31,10.976382359786765,1.0892427319031723,6.5220585267189835,2.5241338186057796,19.98011885016054
sz000333,2016-11-07,27.02,27.1,26.76,26.95,-0.001482,14285566.0,384758705.06,164369115899.45,173848380078.45,0.002342,112.7213538717374,2017-03-31,2016-12-31,10.960115027649254,1.08762844108153,6.512392637831664,2.520392975599324,19.950508314024606
sz000333,2016-11-08,27.03,27.6,27.03,27.4,0.0166979999999999,18522343.0,506591227.81,167113683697.4,176751228725.4,0.003037,114.60357503868765,2017-03-31,2016-12-31,11.14312251419627,1.1057892128250062,6.62113388781401,2.562477459421947,20.283641901852185
sz000333,2016-11-09,27.49,27.49,26.9,27.18,-0.008029,21096697.0,573731132.18,165771894996.18,175332058275.78,0.003459,113.68342293470204,2017-03-31,2016-12-31,11.05365218743995,1.0969106133059734,6.567971498933752,2.5419028228864424,20.120784541022214
sz000333,2016-11-10,27.3,27.74,27.3,27.57,0.014349,22722922.0,627256004.53,168150520421.07,177847860436.47,0.0037259999999999,115.31466637039208,2017-03-31,2016-12-31,11.2122586757807,1.112649948816986,6.66221391558512,2.5783760421993827,20.40949767840134
sz000333,2016-11-11,27.55,27.7,27.29,27.43,-0.005078,19100786.0,524189184.14,167296654883.93,176944751968.53,0.003132,114.7290984945632,2017-03-31,2016-12-31,11.155323013299405,1.106999930941238,6.628383304479501,2.565283091676789,20.30585824919042
sz000333,2016-11-14,27.56,27.63,26.98,27.1,-0.012031,32829345.0,893464369.01,165283971832.1,174815996294.1,0.005383,113.34879271057511,2017-03-31,2016-12-31,11.021117523164925,1.0936820316626887,6.548639721159113,2.5344211368735317,20.061558468594406
sz000333,2016-11-15,27.05,27.09,26.87,27.0,-0.0036899999999999,23755301.0,639687083.96,164674067877.0,174170918817.0,0.003895,112.9305356654731,2017-03-31,2016-12-31,10.980449192821142,1.0896463046085827,6.524474998940813,2.525069029357393,19.987531317845296
sz000333,2016-11-16,27.0,27.07,26.86,26.94,-0.002222,11325381.0,305149838.94,164308125503.94,173783872330.74,0.001857,112.67960401522444,2017-03-31,2016-12-31,10.956048194614871,1.0872248683761192,6.509976165609833,2.51945776484771,19.943119023257044
sz000333,2016-11-17,27.0,27.18,26.85,27.0,0.002227,16811777.0,453307123.47,164674067877.0,174170918817.0,0.0027559999999999,112.93054149336635,2017-03-31,2016-12-31,10.980449192821142,1.0896463046085827,6.524474998940813,2.525069029357393,19.98753234932184
sz000333,2016-11-18,27.02,27.22,26.93,27.13,0.004815,14911388.0,403465285.35,165466943018.63,175009519537.23,0.002445,113.47430205065689,2017-03-31,2016-12-31,11.03331802226806,1.0948927497789205,6.555889137824603,2.5372267691283734,20.083772317583822
sz000333,2016-11-21,27.13,27.78,27.13,27.58,0.016587,35242593.0,970001577.19,168211510816.58,177912368184.18,0.005778,115.35650029877112,2017-03-31,2016-12-31,11.216325508815077,1.1130535215223967,6.664630387806949,2.5793112529509963,20.416901849015584
sz000333,2016-11-22,27.61,27.78,27.4,27.44,-0.005076,17065789.0,470056101.72,167357645279.44,177009259716.24,0.002798,114.77095070325457,2017-03-31,2016-12-31,11.15938984633378,1.1074035036466485,6.63079977670133,2.566218302428403,20.313265655229984
sz000333,2016-11-23,27.47,28.2,27.47,28.05,0.02223,45671206.0,1277341747.22,171078059405.55,180944232326.55,0.007488,117.32230893738792,2017-03-31,2016-12-31,11.40746666143085,1.1320214386766942,6.778204582232955,2.6232661582768473,20.76482955074574
sz000333,2016-11-24,27.8,29.5,27.69,28.98,0.033155,77506821.0,2227223879.39,176750166187.98,186943452863.58,0.012708,121.21213009020701,2017-03-31,2016-12-31,11.785682133628024,1.1695537002798786,7.002936498863138,2.7102407581769357,21.45328747450072
sz000333,2016-11-25,28.89,29.3,28.2,29.0,0.00069,35865533.0,1035308658.58,176872146979.0,187072468359.0,0.005881,121.29576645996927,2017-03-31,2016-12-31,11.793815799696782,1.1703608456907,7.0077694433068,2.712111179680163,21.468090242858125
sz000333,2016-11-28,29.35,30.49,28.8,30.12,0.0386209999999999,80168715.0,2371494707.5,183703071276.12,194297336102.52,0.013144,125.9803302564197,2017-03-31,2016-12-31,12.24930109954714,1.2155609886966856,7.278414332151751,2.816854783860914,22.297209356127542
sz000333,2016-11-29,30.0,32.25,29.87,31.47,0.044821,120873013.0,3777693476.42,191936774669.97,203005882043.37,0.019818,131.62689463884269,2017-03-31,2016-12-31,12.798323559188198,1.2700433039271148,7.604638082098792,2.9431082353287836,23.296592576678538
sz000333,2016-11-30,31.09,31.31,30.14,30.28,-0.037814,60767554.0,1851255104.54,184678917604.28,195329460065.88,0.009963,126.6495552449695,2017-03-31,2016-12-31,12.314370428097194,1.2220181519832551,7.317077887701031,2.831818155886736,22.415655224984015
sz000333,2016-12-01,31.3,32.2,30.4,30.85,0.018824,90766574.0,2828150395.86,188155370148.35,199006401685.35,0.014882,129.0336064729008,2017-03-31,2016-12-31,12.54617991105675,1.2450217961916585,7.454816804345337,2.885125168728725,22.837607518939112
sz000333,2016-12-02,31.0,31.0,29.54,29.87,-0.031767,50794271.0,1521112059.62,182178311388.37,192684642409.77,0.008328,124.93459589607616,2017-03-31,2016-12-31,12.147630273687684,1.2054716710614208,7.218002526606003,2.793474515070568,22.11212524088497
sz000333,2016-12-05,28.39,29.28,28.3,28.62,-0.041848,58194538.0,1672072989.72,174554511949.62,184621173946.02,0.009542,119.70633292701717,2017-03-31,2016-12-31,11.63927614439041,1.1550250828850976,6.915943498877262,2.6765731711188367,21.186777023804417
sz000333,2016-12-06,28.82,29.42,28.79,28.87,0.008735,32569360.0,948520347.69,176079271837.37,186233867638.77,0.00534,120.75196774513465,2017-03-31,2016-12-31,11.740946970249864,1.1651144005203622,6.976355304423009,2.699953439909183,21.371843521107348
sz000333,2016-12-07,28.89,29.22,28.72,28.89,0.0006929999999999,23746911.0,687204388.42,176201252628.39,186362883134.19,0.003894,120.83564885878201,2017-03-31,2016-12-31,11.749080636318622,1.1659215459311836,6.981188248866671,2.701823861412411,21.386654208667473
sz000333,2016-12-08,29.04,29.35,28.9,29.11,0.007615,26205361.0,763643730.89,177543041329.61,187782053583.81,0.004297,121.75581232484163,2017-03-31,2016-12-31,11.838550963074942,1.1748001454502164,7.034350637746929,2.7223984979479154,21.549513580466474
sz000333,2016-12-09,29.22,30.56,29.13,30.18,0.036757,61417364.0,1840673511.32,184069013649.18,194684382588.78,0.01007,126.23119071846583,2017-03-31,2016-12-31,12.27370209775341,1.217982424929149,7.292913165482732,2.8224660483705972,22.34160905114368
sz000333,2016-12-12,29.95,30.0,29.18,29.29,-0.02949,34994743.0,1034597366.45,178640868448.79,188943193042.59,0.005738,122.50863290417827,2017-03-31,2016-12-31,11.91175395769375,1.1820644541476069,7.077847137739868,2.7392322914769647,21.682755000225452
sz000333,2016-12-13,29.06,29.5,28.38,28.8,-0.016729,39018212.0,1126343750.93,175652339068.8,185782313404.8,0.006397,120.45918598432428,2017-03-31,2016-12-31,11.712479139009217,1.1622893915824881,6.9594399988702,2.693406964647886,21.320024191826683
sz000333,2016-12-14,28.85,29.12,28.4,28.4,-0.0138889999999999,20756608.0,596990525.85,173212723248.4,183202003496.4,0.003403,118.78612835018801,2017-03-31,2016-12-31,11.54980581763409,1.1461464833660648,6.8627811099970035,2.655998534583332,21.023910375826404
sz000333,2016-12-15,28.28,28.3,27.5,27.83,-0.0200699999999999,29346213.0,818175209.42,169736270704.33,179525061876.93,0.0048119999999999,116.40209075419975,2017-03-31,2016-12-31,11.317996334674532,1.1231428391576614,6.725042193352698,2.6026915217413427,20.60196049458357
sz000333,2016-12-16,27.9,29.2,27.9,29.2,0.049227,38413579.0,1090722532.52,178091954889.2,188362623313.2,0.006298,122.13221647575672,2017-03-31,2016-12-31,11.87515246038435,1.1784322997989118,7.056098887743398,2.7308153947124403,21.61613320385043
sz000333,2016-12-19,29.0,29.3,28.66,28.85,-0.011986,21110573.0,612115048.24,175957291046.35,186104852143.35,0.003461,120.6683397290783,2017-03-31,2016-12-31,11.73281330418111,1.1643072551095413,6.971522359979351,2.6980830184059554,21.35704223126908
sz000333,2016-12-20,28.84,29.03,28.02,28.23,-0.02149,21744842.0,618197955.75,172175886524.73,182105371785.33,0.003565,118.0751771083004,2017-03-31,2016-12-31,11.48066965604966,1.1392857473740847,6.821701082225894,2.640099951805897,20.898079393719105
sz000333,2016-12-21,28.33,28.75,28.21,28.38,0.005313,19134370.0,543882528.68,173090742457.38,183072988000.98,0.003137,118.70251052427678,2017-03-31,2016-12-31,11.541672151565336,1.1453393379552437,6.857948165553344,2.654128113080105,21.009110889537933
sz000333,2016-12-22,28.34,28.6,28.06,28.38,0.0,14758889.0,418630607.92,173090742457.38,183072988000.98,0.00242,118.70251052427678,2017-03-31,2016-12-31,11.541672151565336,1.1453393379552437,6.857948165553344,2.654128113080105,21.009110889537933
sz000333,2016-12-23,28.36,28.58,28.06,28.13,-0.008809,13529635.0,382057652.81,171565982569.63,181460294308.23,0.002218,117.65686010906842,2017-03-31,2016-12-31,11.44000132570588,1.1352500203199791,6.797536360007595,2.6307478442897585,20.824041631711992
sz000333,2016-12-26,28.1,28.35,27.91,28.31,0.006399,16129045.0,453797721.3,172663809688.81,182621433767.01,0.0026449999999999,118.40974635690635,2017-03-31,2016-12-31,11.513204320324688,1.1425143290173696,6.841032860000534,2.6475816378188077,20.957294674113317
sz000333,2016-12-27,28.31,28.62,28.2,28.3,-0.0003529999999999,23458942.0,666870582.55,172602819293.3,182556926019.3,0.003846,118.36794771644236,2017-03-31,2016-12-31,11.509137487290307,1.1421107563119588,6.838616387778703,2.6466464270671937,20.949896749093355
sz000333,2016-12-28,28.3,28.37,27.9,28.07,-0.0081269999999999,17691965.0,496430266.62,171200040196.57,181073247821.97,0.002901,117.40597140535085,2017-03-31,2016-12-31,11.41560032749961,1.1328285840875154,6.783037526676616,2.625136579780075,20.779636938213475
sz000333,2016-12-29,28.0,28.14,27.97,28.02,-0.0017809999999999,17665394.0,495542358.7,170895088219.02,180750709083.42,0.002896,117.19687137027795,2017-03-31,2016-12-31,11.39526616232772,1.1308107205604627,6.770955165567466,2.6204605260220064,20.742628404826522
sz000333,2016-12-30,28.05,28.32,27.9,28.17,0.005353,17263516.0,485375893.23,171809944151.67,181718325299.07,0.0028309999999999,117.82422622272304,2017-03-31,2016-12-31,11.456268657843392,1.1368643111416215,6.807202248894916,2.634488687296214,20.853663694677557
sz000333,2017-01-03,28.65,29.5,28.62,29.12,0.033724,44108241.0,1282988882.98,177604031725.12,187846561331.52,0.007232,121.79773042785816,2017-03-31,2016-12-31,11.84261779610932,1.175203718155627,7.036767109968758,2.7233337086995295,21.556932649116863
sz000333,2017-01-04,29.13,29.98,29.13,29.83,0.024382,35806832.0,1057612147.95,181934349806.33,192426611418.93,0.005871,124.76740269115018,2017-03-31,2016-12-31,12.131362941550172,1.2038573802397785,7.208336637718684,2.7897336720641124,22.08253378096763
sz000333,2017-01-05,29.82,29.93,29.51,29.69,-0.004693,19176212.0,568420712.18,181080484269.19,191523502950.99,0.003144,124.18186927032063,2017-03-31,2016-12-31,12.074427279068876,1.1982073623640304,7.174506026613064,2.776640721541519,21.97890044993355
sz000333,2017-01-06,29.69,29.69,29.2,29.39,-0.010104,19794180.0,580370040.47,179250772403.89,189588270519.69,0.003245,122.9271356632133,2017-03-31,2016-12-31,11.952422288037532,1.186100181201713,7.102011859958167,2.748584398993103,21.756825639787422
sz000333,2017-01-09,29.48,29.5,28.91,29.25,-0.004764,17747932.0,517889512.66,178396906866.75,188685162051.75,0.00291,122.34151078891375,2017-03-31,2016-12-31,11.895486625556238,1.1804501633259648,7.068181248852548,2.7354914484705093,21.653176122439476
sz000333,2017-01-10,29.0,29.41,29.0,29.18,-0.002393,16612513.0,484385895.6,177969974098.18,188233607817.78,0.002724,122.04874755359587,2017-03-31,2016-12-31,11.86701879431559,1.1776251543880905,7.051265943299739,2.7289449732092126,21.601360071978476
sz000333,2017-01-11,29.07,29.24,28.48,28.6,-0.019877,24037092.0,692519330.0,174432531158.6,184492158450.6,0.003941,119.62278459847305,2017-03-31,2016-12-31,11.631142478321655,1.1542179374742767,6.911110554433603,2.674702749615609,21.17198983782776
sz000333,2017-01-12,28.6,28.85,28.18,28.2,-0.013986,25368155.0,721008989.61,171992915338.2,181911848542.2,0.004159,117.94974033307881,2017-03-31,2016-12-31,11.468469156946528,1.1380750292578532,6.814451665560405,2.6372943195510556,20.8758783879559
sz000333,2017-01-13,28.24,28.5,28.19,28.22,0.000709,19486113.0,551763385.7,172114896129.22,182040864037.62,0.003195,118.03336669897496,2017-03-31,2016-12-31,11.476602823015282,1.1388821746686741,6.819284610004065,2.639164741054283,20.890679385732962
sz000333,2017-01-16,28.22,28.62,27.79,28.25,0.001063,29154002.0,823699857.41,172297867315.75,182234387280.75,0.0047799999999999,118.15883616777597,2017-03-31,2016-12-31,11.488803322118418,1.140092892784906,6.826534026669555,2.641970373309124,20.912886177919997
sz000333,2017-01-17,28.2,28.95,28.15,28.91,0.023363,23461039.0,670703528.89,176323233419.41,186491898629.61,0.0038469999999999,120.91938105716373,2017-03-31,2016-12-31,11.757214302387377,1.1667286913420045,6.986021193310329,2.7036942829156385,21.401473937694742
sz000333,2017-01-18,28.76,29.52,28.76,29.14,0.007956,33983685.0,996433491.19,177726012516.14,187975576826.94,0.005572,121.88141565285453,2017-03-31,2016-12-31,11.850751462178078,1.1760108635664481,7.041600054412419,2.725204130202757,21.57174406434304
sz000333,2017-01-19,29.0,29.15,28.58,28.77,-0.012697,37098442.0,1069010751.3,175469367882.27,185588790161.67,0.006083,120.33388731831023,2017-03-31,2016-12-31,11.700278639906086,1.1610786734662566,6.952190582204711,2.690601332393045,21.297847629958078
sz000333,2017-01-20,28.74,29.35,28.72,29.22,0.015641,32630800.0,952583487.72,178213935680.22,188491638808.62,0.00535,122.21602964985593,2017-03-31,2016-12-31,11.883286126453102,1.1792394452097328,7.060931832187058,2.7326858162156675,21.630967264738253
sz000333,2017-01-23,29.36,29.48,28.9,28.96,-0.008898,25106865.0,732238773.29,176628185396.96,186814437368.16,0.004117,121.1285514180315,2017-03-31,2016-12-31,11.77754846755927,1.1687465548690577,6.9981035544194805,2.708370336673708,21.438494918016612
sz000333,2017-01-24,28.97,29.3,28.8,29.1,0.004834,26808705.0,777495403.37,177482050934.1,187717545836.1,0.004396,121.71408683558626,2017-03-31,2016-12-31,11.834484130040565,1.1743965727448058,7.0319341655251,2.721463287196302,21.5421286024503
sz000333,2017-01-25,29.03,29.59,28.96,29.4,0.010309,28451758.0,836778108.71,179311762799.4,189652778267.4,0.004665,122.9688373567743,2017-03-31,2016-12-31,11.95648912107191,1.1865037539071235,7.104428332179997,2.7495196097447168,21.76420640621296
sz000333,2017-01-26,29.45,30.14,29.45,29.9,0.0170069999999999,34191530.0,1022714703.0,182361282574.9,192878165652.9,0.005606,125.06016837370095,2017-03-31,2016-12-31,12.15983077279082,1.2066823891776526,7.225251943271493,2.7962801473254095,22.134350264563423
sz000333,2017-02-03,29.7,30.05,29.4,29.9,0.0,23840976.0,708232113.65,182361282574.9,192878165652.9,0.003909,125.06016837370095,2017-03-31,2016-12-31,12.15983077279082,1.2066823891776526,7.225251943271493,2.7962801473254095,22.134350264563423
sz000333,2017-02-06,29.9,30.46,29.86,29.99,0.00301,29719260.0,896997426.33,182910196134.49,193458735382.29,0.004873,125.43659948050579,2017-03-31,2016-12-31,12.196432270100226,1.210314543526348,7.247000193267962,2.8046970440899344,22.200974658859757
sz000333,2017-02-07,30.0,30.17,29.54,29.65,-0.011337,32400398.0,965184287.41,180836522687.15,191265471960.15,0.005312,124.01452475219529,2017-03-31,2016-12-31,12.058159946931365,1.196593071542388,7.164840137725745,2.772899878535063,21.949282209152262
sz000333,2017-02-08,29.65,30.07,29.58,29.88,0.0077569999999999,25621590.0,763569863.39,182239301783.88,192749150157.48,0.004201,124.97650542069803,2017-03-31,2016-12-31,12.151697106722066,1.2058752437668316,7.220418998827833,2.7944097258221823,22.11954279124865
sz000333,2017-02-09,29.94,30.12,29.87,30.02,0.004685,25101671.0,753527779.16,183093167321.02,193652258625.42,0.004116,125.562020348594,2017-03-31,2016-12-31,12.20863276920336,1.21152526164258,7.254249609933453,2.807502676344776,22.22317284922565
sz000333,2017-02-10,30.1,30.48,29.99,30.12,0.003331,26991885.0,814459157.03,183703071276.12,194297336102.52,0.0044259999999999,125.98026743837517,2017-03-31,2016-12-31,12.24930109954714,1.2155609886966856,7.278414332151751,2.816854783860914,22.29719823798642
sz000333,2017-02-13,30.05,30.94,30.05,30.91,0.0262279999999999,44650847.0,1368505944.0,188521312521.41,199393448171.61,0.0073209999999999,129.28447789274887,2017-03-31,2016-12-31,12.570580909263017,1.2474432324241218,7.469315637676315,2.8907364332384082,22.882009153372326
sz000333,2017-02-14,31.0,31.29,30.6,30.69,-0.007117,26523718.0,818126119.56,187179523820.19,197974277721.99,0.004349,128.36436026358615,2017-03-31,2016-12-31,12.481110582506696,1.238564632905089,7.416153248796057,2.8701617967029036,22.719157894227774
sz000333,2017-02-15,30.83,31.45,30.7,31.06,0.012056,30427000.0,947850000.0,196973000000.0,199558000000.0,0.0047979999999999,129.91192099092396,2017-03-31,2016-12-31,12.580954931536626,1.248472699874484,7.4754797797595804,2.8931220480609854,22.993060061800584
sz000333,2017-02-16,31.0,32.1,30.93,32.03,0.03123,41327408.0,1302878001.71,195352236818.53,206618315915.13,0.006776,133.9690702834705,2017-03-31,2016-12-31,13.026066209113377,1.2926433754301077,7.739960526521269,2.9954800374191595,23.711133327530618
sz000333,2017-02-17,32.1,32.62,31.8,32.25,0.006869,39304285.0,1264349116.23,196694025519.75,208037486364.75,0.006444,134.88930382724766,2017-03-31,2016-12-31,13.115536535869698,1.3015219749491405,7.793122915401527,3.016054673954664,23.874005102357422
sz000333,2017-02-20,32.27,33.47,32.18,32.58,0.0102329999999999,67515453.0,2228769528.62,198706708571.58,210166242039.18,0.01107,136.26962607331188,2017-03-31,2016-12-31,13.249742026004178,1.3148398742276899,7.872866498721915,3.046916628757921,24.118307796569844
sz000333,2017-02-21,32.71,32.87,32.1,32.45,-0.00399,38615740.0,1252870460.09,197913833429.95,209327641318.95,0.006331,135.72591026527934,2017-03-31,2016-12-31,13.196873196557263,1.3095934290573523,7.841452359838127,3.0347588889869415,24.02207574846153
sz000333,2017-02-22,32.37,33.32,32.31,33.05,0.01849,33187653.0,1093311015.64,201573257160.55,213198106181.55,0.005441,138.23548234608435,2017-03-31,2016-12-31,13.440883178619952,1.3338077913819872,7.986440693147921,3.090871534083772,24.46624392905058
sz000333,2017-02-23,33.06,33.28,32.6,33.1,0.001513,31137295.0,1025755646.91,201878209138.1,213520644920.1,0.0051049999999999,138.44463263087397,2017-03-31,2016-12-31,13.461217343791846,1.3358256549090404,7.998523054257072,3.0955475878418413,24.503261356115235
sz000333,2017-02-24,32.98,33.02,32.18,32.37,-0.022054,33884254.0,1099578017.13,197425910265.87,208811579337.27,0.005556,135.39137470283268,2017-03-31,2016-12-31,13.164338532282235,1.3063648474140674,7.822120582063486,3.0272772029740302,23.96286643016747
sz000333,2017-02-27,32.38,32.39,31.58,31.61,-0.023479,33444675.0,1065158504.41,192790640207.11,203908990511.31,0.005484,132.21252061618486,2017-03-31,2016-12-31,12.855259221669492,1.275693321802863,7.638468693204412,2.956201185851378,23.400242289253566
sz000333,2017-02-28,31.65,32.08,31.56,31.86,0.007909,21088826.0,671010959.37,194315400094.86,205521684204.06,0.0034579999999999,133.25818944173827,2017-03-31,2016-12-31,12.956930047528948,1.2857826394381275,7.69888049875016,2.979581454641724,23.585314805519268
sz000333,2017-03-01,31.8,32.05,31.79,32.03,0.005336,19301163.0,615952755.93,195352236818.53,206618315915.13,0.003165,133.9692551405994,2017-03-31,2016-12-31,13.026066209113377,1.2926433754301077,7.739960526521269,2.9954800374191595,23.711166045321523
sz000333,2017-03-02,32.03,32.16,31.38,31.49,-0.016859,21626204.0,683771083.04,192058755460.99,203134897538.79,0.003546,131.71066746818403,2017-03-31,2016-12-31,12.806457225256956,1.270850449337936,7.609471026542453,2.9449786568320118,23.311419496963445
sz000333,2017-03-03,31.49,31.73,31.13,31.72,0.007304,29981615.0,942871472.34,193461534557.72,204618575736.12,0.0049159999999999,132.67268218337162,2017-03-31,2016-12-31,12.899994385047652,1.2801326215623794,7.665049887644541,2.96648850411913,23.481686104969267
sz000333,2017-03-06,31.52,33.1,31.52,32.89,0.036885,43259618.0,1406128913.65,200597410832.39,212165982218.19,0.007093,137.5663140657053,2017-03-31,2016-12-31,13.375813850069903,1.3273506280954182,7.947777137598643,3.0759081620579507,24.34780809695106
sz000333,2017-03-07,32.9,33.17,32.55,33.01,0.003649,27466130.0,903570033.54,201329295578.51,212940075190.71,0.004503,138.06829354573105,2017-03-31,2016-12-31,13.42461584648244,1.332193500560345,7.976774804260602,3.0871306910773164,24.436653248696835
sz000333,2017-03-08,33.18,33.58,32.8,33.28,0.008179,36485727.0,1213541800.07,202976036257.28,214681784378.88,0.005982,139.1975541186416,2017-03-31,2016-12-31,13.534420338410653,1.3430899636064308,8.042019554250011,3.112381381370891,24.636520635617924
sz000333,2017-03-09,33.3,33.68,32.88,32.92,-0.010817,23799594.0,788991173.61,200780382018.92,212359505461.32,0.003902,137.69185417574025,2017-03-31,2016-12-31,13.388014349173037,1.32856134621165,7.955026554264133,3.078713794312792,24.370027391902447
sz000333,2017-03-10,32.88,34.3,32.77,34.22,0.03949,48077585.0,1624041044.31,208709133435.22,220745512663.62,0.007883,143.12930549714022,2017-03-31,2016-12-31,13.916702643642203,1.381025797915026,8.269167943102024,3.2002911920225925,25.332399773608675
sz000333,2017-03-13,34.28,34.79,33.74,33.9,-0.009351,45004050.0,1537993414.65,206757440778.9,218681264736.9,0.007379,141.79090336143648,2017-03-31,2016-12-31,13.7865639865421,1.3681114713418872,8.191840832003466,3.170364447970949,25.09551650332566
sz000333,2017-03-14,33.94,34.16,33.38,34.02,0.0035399999999999,34191078.0,1154170220.54,207489325525.02,219455357709.42,0.005606,142.29284315933594,2017-03-31,2016-12-31,13.83536598295464,1.3729543438068144,8.220838498665426,3.1815869769903156,25.18435463174743
sz000333,2017-03-15,33.88,34.53,33.8,34.42,0.011758,32086789.0,1096873461.82,209928941345.42,222035667617.82,0.005261,143.96592240920342,2017-03-31,2016-12-31,13.998039304329769,1.3890972520232379,8.317497387538623,3.2189954070548694,25.480472273507516
sz000333,2017-03-16,34.51,34.76,33.82,33.98,-0.012783,43333001.0,1478349862.24,207245363942.98,219197326718.58,0.0071049999999999,142.12560602304657,2017-03-31,2016-12-31,13.819098650817125,1.3713400529851718,8.211172609778105,3.1778461339838597,25.15475539643527
sz000333,2017-03-17,33.83,34.05,33.33,33.41,-0.016775,37922880.0,1274319167.72,203768911398.91,215520385099.11,0.006218,139.74144898200996,2017-03-31,2016-12-31,13.587289167857568,1.3483364087767684,8.073433693133799,3.1245391211418703,24.732784374660067
sz000333,2017-03-20,33.46,33.77,33.0,33.48,0.002095,33955841.0,1130342565.74,204195844167.48,215971939333.08,0.005567,140.03420731762728,2017-03-31,2016-12-31,13.615756999098215,1.3511614177146425,8.090348998686608,3.1310855964031674,24.78459955792498
sz000333,2017-03-21,33.4,34.31,33.36,34.31,0.024791,41419431.0,1403674544.02,209258046994.81,221326082393.01,0.0067909999999999,143.5057953512386,2017-03-31,2016-12-31,13.953304140951609,1.3846579522637215,8.290916193098495,3.2087080887871173,25.3990345655655
sz000333,2017-03-22,34.12,34.42,33.98,34.36,0.001457,34298780.0,1173042349.43,209562998972.36,221648621131.56,0.005624,143.71488329506533,2017-03-31,2016-12-31,13.973638306123497,1.3866758157907741,8.302998554207642,3.2133841425451863,25.43604095892753
sz000333,2017-03-23,34.37,34.9,34.08,34.75,0.01135,37418815.0,1291101108.19,211941624397.25,224164423292.25,0.006135,145.34604722046433,2017-03-31,2016-12-31,14.132244794464247,1.402415151301787,8.397240970859011,3.2498573618581266,25.724740023811357
sz000333,2017-03-24,34.76,35.66,34.61,34.92,0.004892,43208129.0,1520361504.59,212978461120.92,225261055003.32,0.007084,146.05708008346681,2017-03-31,2016-12-31,14.201380956048679,1.4092758872937672,8.43832099863012,3.265755944635562,25.850585452007838
sz000333,2017-03-27,34.92,35.35,34.0,34.15,-0.02205,34969871.0,1210503403.65,208282200666.65,220293958429.65,0.005734,142.8365214676264,2017-03-31,2016-12-31,13.888234812401555,1.378200788977152,8.252252637549214,3.1937447167612953,25.28058004279107
sz000333,2017-03-28,34.1,34.3,33.67,33.95,-0.005857,35172768.0,1190715963.42,207062392756.45,219003803475.45,0.005767,141.99992796139048,2017-03-31,2016-12-31,13.806898151713993,1.3701293348689403,8.203923193112617,3.175040501729019,25.132511685480438
sz000333,2017-03-29,33.95,34.09,33.29,33.8,-0.004418,40609335.0,1368888654.76,206147536823.8,218036187259.8,0.006658,141.37257227965708,2017-03-31,2016-12-31,13.745895656198318,1.3640757442877813,8.167676109785166,3.1610123404548105,25.021476248853986
sz000333,2017-03-30,33.75,33.86,32.81,33.13,-0.019822,44539893.0,1482720598.14,202061180324.63,213714168163.23,0.007303,138.5702851519297,2017-03-31,2016-12-31,13.47341784289498,1.3370363730252721,8.005772470922562,3.098353220096683,24.5255005466492
sz000333,2017-03-31,33.13,33.59,32.83,33.3,0.005131,39796406.0,1321769363.53,209037844008.9,215307056354.4,0.00634,139.28128928504427,2017-03-31,2016-12-31,13.573840048690219,1.347001783685973,8.065442358697087,3.121446355656119,24.65134088995406
sz000333,2017-04-05,33.23,33.52,32.8,33.19,-0.003303,57047461.0,1891523419.34,208347328608.27,214595831843.92,0.0090879999999999,138.82124318653575,2017-08-31,2017-06-30,12.491691603127874,1.0377084804877592,6.610723289522836,2.8614726432824256,24.569917510994543
sz000333,2017-04-06,33.26,33.89,33.0,33.89,0.021091,44007551.0,1469071629.31,212741517521.37,219121806001.52,0.00701,141.74912202658297,2017-08-31,2017-06-30,12.75514999789104,1.0595944683257053,6.750148004878846,2.921823075650539,25.088121641218926
sz000333,2017-04-07,33.84,34.12,33.56,33.65,-0.0070819999999999,36043637.0,1218565584.17,211234938465.45,217570043433.2,0.005742,140.74525474439073,2017-08-31,2017-06-30,12.664821405400813,1.052090701066981,6.702345245328215,2.9011314988386148,24.910447563755817
sz000333,2017-04-10,33.66,33.76,32.9,32.9,-0.022288,40077667.0,1330706593.19,206526878915.7,212720785407.2,0.006384,137.60832450664776,2017-08-31,2017-06-30,12.382544553868847,1.0286414283834673,6.552961621732489,2.83647032130135,24.355243508454826
sz000333,2017-04-11,32.83,33.06,31.85,32.4,-0.015198,55991780.0,1810877217.32,203388172549.2,209487946723.2,0.00892,135.5169531907957,2017-08-31,2017-06-30,12.19435998618087,1.0130085799277915,6.453372539335339,2.79336286960984,23.985092517613328
sz000333,2017-04-12,32.29,32.75,32.05,32.4,0.0,25606535.0,830673202.8,203388172549.2,209487946723.2,0.004079,135.5169531907957,2017-08-31,2017-06-30,12.19435998618087,1.0130085799277915,6.453372539335339,2.79336286960984,23.985092517613328
sz000333,2017-04-13,32.35,33.12,32.33,32.96,0.017284,24885559.0,818579557.37,206903523679.68,213108726049.28,0.003964,137.85922820974545,2017-08-31,2017-06-30,12.405126701991403,1.0305173701981483,6.564912311620146,2.8416432155043307,24.39965085668776
sz000333,2017-04-14,32.96,33.1,32.4,32.64,-0.009709,16940131.0,552502008.58,204894751605.12,211039709291.52,0.002699,136.52075296305702,2017-08-31,2017-06-30,12.2846885786711,1.0205123471865158,6.50117529888597,2.8140544464217645,24.16275464652018
sz000333,2017-04-17,32.62,33.35,32.49,33.18,0.016544,38024165.0,1257959595.49,208284554480.94,214531175070.24,0.006057,138.77935230007782,2017-08-31,2017-06-30,12.487927911774113,1.0373958235186456,6.608731507874892,2.860610494248595,24.56250325939221
sz000333,2017-04-18,33.18,34.22,33.16,34.08,0.027125,49227457.0,1668283100.09,213934225940.64,220350284701.44,0.007842,142.54374223121744,2017-08-31,2017-06-30,12.826660133612469,1.065534950738862,6.7879918561897625,2.9382039072933126,25.228761160303222
sz000333,2017-04-19,33.93,34.25,33.65,34.23,0.0044009999999999,38721919.0,1314734731.51,214875837850.59,221320136306.64,0.006168,143.171077240777,2017-08-31,2017-06-30,12.883115503918864,1.070224805275565,6.817868580908908,2.951136142800766,25.339792938169712
sz000333,2017-04-20,34.26,35.04,34.25,34.5,0.007888,51740265.0,1800422369.17,216570739288.5,223065869196.0,0.008242,144.30041069805225,2017-08-31,2017-06-30,12.98473517047037,1.0786665434416298,6.871646685403369,2.974414166714181,25.539673224865993
sz000333,2017-04-21,34.27,34.55,33.9,34.23,-0.007826,29418329.0,1004821432.38,214875837850.59,221320136306.64,0.004686,143.1711156839293,2017-08-31,2017-06-30,12.883115503918864,1.070224805275565,6.817868580908908,2.951136142800766,25.339799742208193
sz000333,2017-04-24,34.0,34.0,33.01,33.12,-0.032428,35097510.0,1175095023.32,207907909716.96,214143234428.16,0.005591,138.52836274453082,2017-08-31,2017-06-30,12.465345763651557,1.0355198817039646,6.596780817987235,2.855437600045614,24.518080716167862
sz000333,2017-04-25,33.2,34.3,33.01,34.24,0.033816,39809302.0,1340561925.68,214938611977.92,221384793080.32,0.006342,143.21283785909986,2017-08-31,2017-06-30,12.886879195272623,1.0705374622446784,6.8198603625568515,2.951998291834596,25.347184133665795
sz000333,2017-04-26,34.43,35.2,34.03,34.3,0.0017519999999999,56487892.0,1957592135.05,215315256741.9,221772733722.4,0.008999,143.46374675102902,2017-08-31,2017-06-30,12.90946134339518,1.0724134040593594,6.831811052444508,2.9571711860375767,25.391592400267974
sz000333,2017-04-27,34.3,34.3,33.35,34.04,-0.00758,34837622.0,1174443295.6,213683129431.32,220091657606.72,0.00555,142.3762915506562,2017-08-31,2017-06-30,12.811605368197432,1.064284322862408,6.780024729597991,2.934755311157992,25.199124129873944
sz000333,2017-04-28,34.04,34.04,32.96,33.66,-0.011163,41803695.0,1390913787.05,211297712592.78,217634700206.88,0.006659,140.7869450080762,2017-08-31,2017-06-30,12.66858509675457,1.0524033580360945,6.704337026976157,2.9019936478724446,24.91782630721216
sz000333,2017-05-02,33.21,34.92,33.15,34.92,0.037433,59691490.0,2053124181.89,219207252636.36,225781453690.56,0.009509,146.05702272056354,2017-08-31,2017-06-30,13.14281020732827,1.0917981361443976,6.955301514616975,3.0106244261350494,25.850575299370032
sz000333,2017-05-03,34.92,35.35,34.39,35.19,0.0077319999999999,35366400.0,1235841395.86,220902154074.27,227527186579.92,0.005634,147.1863356202389,2017-08-31,2017-06-30,13.24442987387978,1.1002398743104624,7.0090796191114375,3.033902450048465,26.050451947584758
sz000333,2017-05-04,35.25,35.58,35.03,35.3,0.003126,42046195.0,1487632340.12,221592669474.9,228238411090.4,0.006698,147.64644010538777,2017-08-31,2017-06-30,13.285830478771132,1.103679100970711,7.030989217238809,3.0433860894205966,26.13188566037291
sz000333,2017-05-05,35.5,36.31,35.35,36.15,0.024079,55059063.0,1980293394.44,226928470297.95,233734236853.2,0.008771,151.20161873668542,2017-08-31,2017-06-30,13.605744243840695,1.13025494334536,7.200290657313966,3.1166687572961638,26.76111533518903
sz000333,2017-05-08,36.09,36.49,35.03,35.68,-0.0130009999999999,31844236.0,1139028395.33,223978086313.44,230695368490.24,0.0050729999999999,149.23584649148978,2017-08-31,2017-06-30,13.428850750213995,1.1155600657970246,7.106676919860644,3.0761477527061443,26.413194074716237
sz000333,2017-05-09,35.78,35.78,34.56,35.3,-0.01065,38161916.0,1337877360.93,221592669474.9,228238411090.4,0.006079,147.6464847263554,2017-08-31,2017-06-30,13.285830478771132,1.103679100970711,7.030989217238809,3.0433860894205966,26.131893557820504
sz000333,2017-05-10,34.44,35.33,34.26,35.15,0.024781,39320934.0,1367506688.52,220651057564.95,227268559485.2,0.006264,151.30531226435917,2017-08-31,2017-06-30,13.229375108464742,1.0989892464340083,7.001112492519665,3.0304538539131443,26.77946801207685
sz000333,2017-05-11,34.96,35.98,34.74,35.82,0.019061,40898787.0,1451845781.86,224856924096.06,231600563321.76,0.006515,154.18934282143013,2017-08-31,2017-06-30,13.481542429166629,1.1199372633646139,7.134561862931846,3.088217839179767,27.289911451855048
sz000333,2017-05-12,35.97,36.35,35.31,35.75,-0.001954,38187857.0,1364622351.85,224417505204.75,231147965906.0,0.006083,153.88805684555706,2017-08-31,2017-06-30,13.455196589690312,1.1177486645808192,7.120619391396245,3.0821827959429555,27.23658696487812
sz000333,2017-05-15,35.38,36.0,35.18,35.31,-0.012308,51852105.0,1837233408.77,221655443602.23,228303067864.08,0.00826,151.99400264190194,2017-08-31,2017-06-30,13.289594170124891,1.1039917579398244,7.032980998886751,3.044248238454427,26.901359052514405
sz000333,2017-05-16,34.54,35.49,34.22,35.32,0.000283,63049159.0,2196001436.14,221718217729.56,228367724637.76,0.0100439999999999,152.03701694464962,2017-08-31,2017-06-30,13.293357861478652,1.104304414908938,7.034972780534695,3.0451103874882572,26.90897213712627
sz000333,2017-05-17,35.1,35.2,34.31,34.37,-0.026897,50169996.0,1741741544.17,215754675633.21,222225331138.16,0.007992,147.9476772998894,2017-08-31,2017-06-30,12.935807182871498,1.0746020028431542,6.845753523980111,2.963206229274389,26.185201513553984
sz000333,2017-05-18,34.26,35.06,34.2,34.48,0.0032,38248848.0,1327757701.4,216445191033.84,222936555648.64,0.006093,148.42110986724904,2017-08-31,2017-06-30,12.977207787762852,1.0780412295034028,6.8676631221074835,2.972689868646521,26.268994158397362
sz000333,2017-05-19,34.71,35.58,34.7,35.54,0.030742,50578699.0,1784970839.26,222998065404.48,229790173658.72,0.008061,152.98387162678804,2017-08-31,2017-06-30,13.37615907126136,1.1111828682294353,7.078791976789441,3.0640776662325213,27.076555576814815
sz000333,2017-05-22,35.28,36.3,35.28,36.21,0.018852,47794903.0,1711710914.25,227202024431.52,234122177495.28,0.007617,155.86792357469625,2017-08-31,2017-06-30,13.62832639196325,1.1321308851600411,7.212241347201624,3.1218416514991447,27.58700280254893
sz000333,2017-05-23,36.25,36.58,35.55,36.32,0.003038,52276026.0,1889503285.31,227892226659.84,234833402005.76,0.008331,156.3414503265162,2017-08-31,2017-06-30,13.669726996854605,1.1355701118202897,7.234150945328996,3.131325290871277,27.67081211706308
sz000333,2017-05-24,36.16,36.48,35.65,36.11,-0.005782,28275462.0,1021390212.87,226574567860.32,233475609758.48,0.004506,155.4374840607283,2017-08-31,2017-06-30,13.590689478425654,1.1290043154689058,7.192323530722192,3.1132201611608425,27.510819481402223
sz000333,2017-05-25,35.87,36.1,35.2,35.33,-0.021601,41093926.0,1463033883.78,221680406604.96,228432381411.44,0.0065489999999999,152.0798789675325,2017-08-31,2017-06-30,13.297121552832412,1.1046170718780515,7.036964562182638,3.045972536522087,26.91655826978445
sz000333,2017-05-26,35.31,35.94,35.31,35.67,0.0096239999999999,32801198.0,1170518543.53,223813758947.04,230630711716.56,0.005228,153.54349572271602,2017-08-31,2017-06-30,13.425087058860235,1.1152474088279112,7.104685138212701,3.0752856036723144,27.175603226572854
sz000333,2017-05-31,35.78,36.12,35.12,36.12,0.012616,36876452.0,1315310954.06,226637313517.44,233540266532.16,0.005877,155.4806004647538,2017-08-31,2017-06-30,13.594453169779415,1.1293169724380194,7.194315312370136,3.1140823101946733,27.518450636879294
sz000333,2017-06-01,36.16,36.67,36.0,36.5,0.01052,40649503.0,1480882589.43,229021648488.0,235997223932.0,0.006478,157.116256381643,2017-08-31,2017-06-30,13.737473441222276,1.141197937264333,7.27000301499197,3.1468439734802205,27.807944737579266
sz000333,2017-06-02,36.5,36.65,35.8,36.39,-0.003014,34580414.0,1255234084.37,228331446259.68,235285999421.52,0.005511,156.64270798490875,2017-08-31,2017-06-30,13.696072836330922,1.1377587106040843,7.248093416864597,3.1373603341080885,27.724131592140203
sz000333,2017-06-05,36.29,36.82,36.2,36.39,0.0,25682969.0,938757130.12,228331446259.68,235285999421.52,0.004093,156.64270798490875,2017-08-31,2017-06-30,13.696072836330922,1.1377587106040843,7.248093416864597,3.1373603341080885,27.724131592140203
sz000333,2017-06-06,36.5,38.01,36.45,38.0,0.044243,47849505.0,1789235212.08,238433497056.0,245695739984.0,0.007626,163.57305131428507,2017-08-31,2017-06-30,14.302027144286205,1.1880964826313603,7.5687702621834205,3.27616632855475,28.950730346171266
sz000333,2017-06-07,38.0,39.12,37.81,38.7,0.018421,53353161.0,2052782435.95,242825693054.4,250221714141.6,0.008503,166.58623049254552,2017-08-31,2017-06-30,14.565485539049373,1.2099824704693065,7.708194977539432,3.3365167609228643,29.484031749878085
sz000333,2017-06-08,38.71,40.25,38.71,40.25,0.040052,45198892.0,1789706679.57,252551269908.0,260243514062.0,0.007204,173.25834219623295,2017-08-31,2017-06-30,15.148857698882098,1.2584443006819015,8.016921132970598,3.4701498611665444,30.664926189524202
sz000333,2017-06-09,40.39,41.06,39.77,40.3,0.001242,48933750.0,1982802646.9,252864998193.6,260566797930.4,0.0077989999999999,173.47352905724065,2017-08-31,2017-06-30,15.167676155650895,1.2600075855274688,8.026880041210312,3.474460606335695,30.70301202785159
sz000333,2017-06-12,40.15,41.14,39.81,40.46,0.00397,46562276.0,1880663314.59,253868928707.52,261601306309.28,0.007421,174.1622189675979,2017-08-31,2017-06-30,15.22789521731105,1.2650100970332852,8.0587485475774,3.4882549908769787,30.82490298560216
sz000333,2017-06-13,40.46,40.7,39.95,40.16,-0.007415,29422737.0,1182718545.47,251986558993.92,259661603098.88,0.004689,172.8708061139532,2017-08-31,2017-06-30,15.114984476698265,1.2556303879598798,7.998995098139111,3.462390519862073,30.596336329963922
sz000333,2017-06-14,40.04,40.2,38.92,39.1,-0.026394,47401821.0,1865659774.46,245335519339.2,252807985088.8,0.007555,168.3080540573815,2017-08-31,2017-06-30,14.71603319319975,1.2224887492338468,7.787866243457151,3.3710027222760712,29.788776628870856
sz000333,2017-06-15,39.25,40.03,39.01,39.7,0.015345,40391966.0,1594147484.49,249132123971.4,256719256714.6,0.006437,170.89074114689203,2017-08-31,2017-06-30,14.94370955814003,1.2414022560839513,7.908354764628112,3.423156562644293,30.245885406240877
sz000333,2017-06-16,39.92,40.38,38.94,39.06,-0.016121,45990378.0,1819097869.48,245227070400.48,253484167303.08,0.007325,168.13581150886296,2017-08-31,2017-06-30,14.755393974887484,1.225758523917186,7.808696347534629,3.3800190992085164,29.75829148760687
sz000333,2017-06-19,39.6,40.55,39.52,40.34,0.03277,58573578.0,2346748482.42,253251839729.72,261790868126.12,0.00933,173.6456220520084,2017-08-31,2017-06-30,15.238929670941145,1.2659267499953735,8.064588086521939,3.490782653918883,30.733470699655744
sz000333,2017-06-20,40.5,41.27,40.04,40.88,0.013386,55267388.0,2249834179.59,256641923851.04,265295257535.84,0.008803,175.97004234879657,2017-08-31,2017-06-30,15.442921292713782,1.2828727203721086,8.17254241390721,3.5375110285623186,31.14486893844133
sz000333,2017-06-21,41.18,42.79,40.6,42.79,0.046722,49051689.0,2046649826.07,268632776946.82,277690412670.22,0.0078129999999999,184.19171466741702,2017-08-31,2017-06-30,16.164447214168852,1.3428112452231538,8.554380868177336,3.7027910203566927,32.60001950498319
sz000333,2017-06-22,42.84,43.44,42.2,42.5,-0.0067769999999999,62591806.0,2681685111.72,266812176215.0,275808425765.0,0.00997,182.94344741711595,2017-08-31,2017-06-30,16.0548961580317,1.3337106315023146,8.496405396063025,3.677696152492626,32.37908917279792
sz000333,2017-06-23,42.75,44.57,42.26,44.48,0.046588,47558200.0,2056740000.0,279255000000.0,288658000000.0,0.007575,191.46641674538455,2017-08-31,2017-06-30,16.802873959817997,1.3958465641518112,8.892242439708632,3.8490354783096423,33.887566179180226
sz000333,2017-06-26,44.17,45.39,44.0,44.25,-0.005171,60043128.0,2681264195.95,277798559941.5,287165243296.5,0.009564,190.47634390439416,2017-08-31,2017-06-30,16.71598011748006,1.3886281280935864,8.846257382959738,3.829130699948205,33.712333574467685
sz000333,2017-06-27,44.4,44.42,43.06,44.0,-0.00565,49851795.0,2176423865.37,276229076552.0,285542840792.0,0.007941,189.40015256133432,2017-08-31,2017-06-30,16.62153955184458,1.3807827714376906,8.796278527688779,3.807497193168836,33.521858889771934
sz000333,2017-06-28,43.63,43.63,42.5,42.78,-0.0277269999999999,58544780.0,2515804867.62,268569997611.24,277625516570.04,0.009325,184.14865453126623,2017-08-31,2017-06-30,16.160669591543435,1.342497430956918,8.552381713966497,3.7019256800855183,32.592398308335234
sz000333,2017-06-29,42.78,43.25,42.55,43.16,0.008883,45394479.0,1947619517.36,270955612363.28,280091568376.88,0.007231,185.78444702946746,2017-08-31,2017-06-30,16.30421925130937,1.35442237307388,8.628349573978358,3.734808610390159,32.881916582508175
sz000333,2017-06-30,43.0,43.36,42.55,43.04,-0.00278,39196385.0,1685646648.88,270202260336.32,279312815174.72,0.0062439999999999,185.26796626672552,2017-08-31,2017-06-30,16.258887779804333,1.3506566018790498,8.604359723448296,3.724424527136061,32.7905048544088
sz000333,2017-07-03,42.85,42.85,41.56,41.8,-0.02881,51331243.0,2156580933.86,262417622724.4,271265698752.4,0.008176,179.93039615858115,2017-08-31,2017-06-30,15.790462574252352,1.3117436328658059,8.356464601304339,3.617122333510394,31.84581040955328
sz000333,2017-07-04,41.8,41.82,40.92,41.5,-0.0071769999999999,51000258.0,2104852484.32,260534242657.0,269318815747.0,0.008124,178.63903570535103,2017-08-31,2017-06-30,15.677133895489776,1.3023292048787307,8.29648997497919,3.5911621253751522,31.617253028243923
sz000333,2017-07-05,41.4,42.96,41.3,42.94,0.034699,44130678.0,1868284416.23,269574466980.52,278663854172.92,0.007029,184.837631605291,2017-08-31,2017-06-30,16.221111553550145,1.3475184592166916,8.584368181339913,3.715771124424314,32.71434009107096
sz000333,2017-07-06,42.93,43.0,41.65,42.6,-0.007918,45566724.0,1926026719.92,267439969570.8,276457386766.8,0.007258,183.37408723824032,2017-08-31,2017-06-30,16.092672384285887,1.3368487741646728,8.516396938171408,3.686349555204373,32.45530794622986
sz000333,2017-07-07,42.13,42.48,41.26,41.63,-0.02277,40535361.0,1689133843.86,261350374019.54,270162465049.34,0.0064569999999999,179.1986592718256,2017-08-31,2017-06-30,15.726242989620225,1.3064087903397967,8.322478979720087,3.602411548900424,31.716300584294206
sz000333,2017-07-10,41.3,41.87,41.2,41.37,-0.006245,29679155.0,1229483355.92,259718111294.46,268475166444.66,0.004728,178.07956364467304,2017-08-31,2017-06-30,15.628024801359327,1.298249619417665,8.270500970238292,3.579912701849881,31.518232287145292
sz000333,2017-07-11,41.4,43.3,41.4,42.95,0.038192,68685309.0,2919625386.29,269637246316.1,278728750273.1,0.010941,184.8807783393904,2017-08-31,2017-06-30,16.224889176175562,1.3478322734829273,8.58636733555075,3.7166364646954886,32.721976614655944
sz000333,2017-07-12,42.81,43.17,41.45,41.7,-0.029104,42562092.0,1799570653.01,261789829368.6,270616737750.6,0.00678,179.5000081666008,2017-08-31,2017-06-30,15.752686347998162,1.3086054902034476,8.336473059195956,3.6084689307986473,31.769636207262998
sz000333,2017-07-13,41.5,42.61,41.35,41.99,0.006954,27696758.0,1166065054.95,263610430100.42,272498724655.82,0.004412,180.74825122339132,2017-08-31,2017-06-30,15.86223740413532,1.317706103924287,8.39444853131027,3.6335637986627147,31.9905622574483
sz000333,2017-07-14,41.8,42.39,41.38,42.17,0.004287,23161858.0,970662279.52,264740458140.86,273666854459.06,0.003689,181.52311897638597,2017-08-31,2017-06-30,15.930234611392866,1.3233547607165321,8.430433307105359,3.64913992354386,32.12770579784598
sz000333,2017-07-17,42.1,42.5,40.5,41.66,-0.012094,46048766.0,1907521304.22,261538712026.28,270357153349.88,0.0073349999999999,179.32777837548554,2017-08-31,2017-06-30,15.737575857496486,1.3073502331385043,8.328476442352605,3.6050075697139485,31.739153323926825
sz000333,2017-07-18,41.47,41.82,40.68,41.0,-0.015843,37581523.0,1540916070.56,257395275878.0,266074010738.0,0.005986,176.4866883826827,2017-08-31,2017-06-30,15.488252764218815,1.2866384915669389,8.196532264437272,3.5478951118164157,31.23630991781585
sz000333,2017-07-19,41.2,41.93,40.93,41.22,0.0053659999999999,31519178.0,1304514804.68,258776421260.76,267501724941.96,0.005021,177.43371595254416,2017-08-31,2017-06-30,15.571360461978038,1.2935424054241274,8.240513657075715,3.5669325977822597,31.40392395683485
sz000333,2017-07-20,41.3,42.35,40.7,42.25,0.024988,46636660.0,1940264121.71,265242692825.5,274186023260.5,0.007429,181.86742964676634,2017-08-31,2017-06-30,15.960455592396219,1.3258652748464188,8.446426540792066,3.6560626457132575,32.188645208668234
sz000333,2017-07-21,42.34,42.46,41.68,41.9,-0.008284,29503966.0,1242799389.04,263045416080.2,271914659754.2,0.0047,180.36083985957254,2017-08-31,2017-06-30,15.828238800506547,1.3148817755281645,8.376456143412724,3.6257757362221423,31.92199447175963
sz000333,2017-07-24,41.91,43.55,41.6,43.42,0.036277,60522159.0,2602473527.29,272587875088.36,281778866981.56,0.00964,186.90379004715822,2017-08-31,2017-06-30,16.402437439570267,1.3625815439960118,8.680327583460155,3.7573074574407017,33.08002866521165
sz000333,2017-07-25,43.44,43.65,42.95,43.42,0.0,32736712.0,1417603513.06,272587875088.36,281778866981.56,0.005215,186.90379004715822,2017-08-31,2017-06-30,16.402437439570267,1.3625815439960118,8.680327583460155,3.7573074574407017,33.08002866521165
sz000333,2017-07-26,43.6,43.6,41.93,42.34,-0.024873,38917650.0,1655228164.7,265807706845.72,274770088162.12,0.006199,182.25493207731526,2017-08-31,2017-06-30,15.99445419602499,1.3286896032425413,8.46441892868961,3.66385070815383,32.257229112221836
sz000333,2017-07-27,42.34,42.34,40.77,41.2,-0.026925,41800681.0,1724985916.7,258650862589.6,267371932741.6,0.006658,177.34771803113355,2017-08-31,2017-06-30,15.5638052167272,1.2929147768916558,8.23651534865404,3.5652019172399108,31.388703218375266
sz000333,2017-07-28,41.23,41.84,41.07,41.4,0.004854,24093240.0,998490204.4,259906449301.2,268669854745.2,0.003838,178.20856385445666,2017-08-31,2017-06-30,15.639357669235586,1.2991910622163725,8.276498432870806,3.5825087226634054,31.541063983797255
sz000333,2017-07-31,41.58,41.58,40.78,41.2,-0.004831,33013694.0,1355932986.82,258650862589.6,267371932741.6,0.005259,177.34763828247577,2017-08-31,2017-06-30,15.5638052167272,1.2929147768916558,8.23651534865404,3.5652019172399108,31.388689103691533
sz000333,2017-08-01,41.21,41.59,40.85,41.19,-0.000243,34303389.0,1411054271.34,258588083254.02,267307036641.42,0.005464,177.30454280637312,2017-08-31,2017-06-30,15.560027594101783,1.2926009626254198,8.2345161944432,3.564336576968736,31.38106165223933
sz000333,2017-08-02,41.18,41.18,40.75,40.8,-0.009468,25701585.0,1050314612.74,256139689166.4,264776088734.4,0.0040939999999999,175.62582339508236,2017-08-31,2017-06-30,15.412700311710429,1.280362206242222,8.156549180220503,3.5305883063929207,31.08394576051593
sz000333,2017-08-03,40.61,41.0,39.9,40.08,-0.017647,35773018.0,1437369308.55,251619577004.64,260103569521.44,0.005698,172.52655448962935,2017-08-31,2017-06-30,15.140711482680246,1.2577675790732417,8.012610077040142,3.4682838068683397,30.535407369680104
sz000333,2017-08-04,40.19,40.39,39.38,39.45,-0.015719,30704481.0,1218981967.8,247664478863.1,256015115210.1,0.0048909999999999,169.81460957960684,2017-08-31,2017-06-30,14.902721257278836,1.237997280300384,7.886663361757326,3.413767369784332,30.055421301236102
sz000333,2017-08-07,39.35,40.43,38.67,40.29,0.021293,42068653.0,1670024909.94,252937943051.82,261466387625.22,0.006701,173.43047206138542,2017-08-31,2017-06-30,15.22004155781405,1.2643576786641944,8.054592315467747,3.486455952563009,30.695391387003323
sz000333,2017-08-08,40.2,40.48,39.89,39.98,-0.0076939999999999,21244041.0,852359159.13,250991783648.84,259454608519.64,0.003384,172.09609800934516,2017-08-31,2017-06-30,15.102935256426056,1.2546294364108834,7.9926185349317596,3.459630404156593,30.459221045671725
sz000333,2017-08-09,40.13,41.35,39.51,40.8,0.02051,29355858.0,1193145165.73,256139689166.4,264776088734.4,0.004676,175.62578897951684,2017-08-31,2017-06-30,15.412700311710429,1.280362206242222,8.156549180220503,3.5305883063929207,31.083939669318454
sz000333,2017-08-10,40.69,41.18,40.3,40.85,0.001225,22906180.0,935040716.18,256453585844.3,265100569235.3,0.003649,175.84093057101677,2017-08-31,2017-06-30,15.431588424837525,1.281931277573401,8.166544951274695,3.5349150077487943,31.12201749541337
sz000333,2017-08-11,40.3,40.9,39.6,39.64,-0.0296209999999999,23561244.0,944958208.88,248857286239.12,257248141113.52,0.003753,170.6323463665727,2017-08-31,2017-06-30,14.974496087161802,1.2439597513588647,7.924647291763255,3.4302088349366517,30.200152215181735
sz000333,2017-08-14,39.66,40.45,39.6,40.12,0.012109,21084953.0,844438676.64,251870694346.96,260363153922.16,0.003359,172.6985334487255,2017-08-31,2017-06-30,15.155821973181926,1.2590228361381852,8.020606693883497,3.4717451679530393,30.56584585835537
sz000333,2017-08-15,40.12,40.12,39.64,39.77,-0.0087239999999999,24780374.0,986854475.89,249673417601.66,258091790415.86,0.003947,171.19191144291884,2017-08-31,2017-06-30,15.023605181292249,1.2480393368199307,7.950636296504152,3.441458258461923,30.299189419087078
sz000333,2017-08-16,39.69,39.69,38.81,39.05,-0.018104,31826165.0,1243694754.52,245153305439.9,253419271202.9,0.00507,168.09265307815622,2017-08-31,2017-06-30,14.751616352262065,1.2254447096509502,7.8066971933237905,3.379153758937342,29.750652893843924
sz000333,2017-08-17,39.06,39.45,38.85,39.32,0.006914,26038664.0,1017919387.36,246848347500.56,255171465907.76,0.004148,169.25484568153863,2017-08-31,2017-06-30,14.853612163148386,1.233917694839318,7.8606743570164275,3.40251794625906,29.956348907951963
sz000333,2017-08-18,38.98,39.44,38.9,39.13,-0.004832,17084395.0,669361446.9,245655540124.54,253938440004.34,0.002721,168.43700626720545,2017-08-31,2017-06-30,14.781837333265418,1.2279552237808369,7.822690427010497,3.38607648110674,29.811599830028744
sz000333,2017-08-21,39.12,39.87,38.95,39.71,0.014822,22168379.0,878293329.88,249296741588.18,257702413814.78,0.003531,170.93357957409793,2017-08-31,2017-06-30,15.000939445539736,1.2461564512225156,7.9386413712391235,3.4362662168348748,30.253467362709426
sz000333,2017-08-22,39.88,40.73,39.88,40.45,0.018635,29682321.0,1201100030.08,253942412421.1,262504725228.1,0.004728,174.11892682946123,2017-08-31,2017-06-30,15.28048351982076,1.269378706923968,8.086578782841162,3.5003013969018055,30.817240727013512
sz000333,2017-08-23,40.6,40.92,40.22,40.81,0.0089,18080682.0,734549606.86,256202468501.98,264840984834.58,0.00288,175.66858527824343,2017-08-31,2017-06-30,15.416477934335848,1.2806760205084577,8.158548334431341,3.531453646664095,31.091514169483933
sz000333,2017-08-24,40.98,41.55,40.95,41.52,0.017398,33450867.0,1381480169.77,260659801328.16,269448607947.36,0.005328,178.72486732491433,2017-08-31,2017-06-30,15.684689140740613,1.3029568334112025,8.300488283400865,3.5928928059175016,31.632444333004617
sz000333,2017-08-25,41.83,42.0,41.47,41.9,0.009152,34759225.0,1452770130.49,263045416080.2,271914659754.2,0.0055369999999999,180.36055731067194,2017-08-31,2017-06-30,15.828238800506547,1.3148817755281645,8.376456143412724,3.6257757362221423,31.921944463540274
sz000333,2017-08-28,42.0,42.59,41.95,42.27,0.008831,35895607.0,1519785078.45,265368251496.66,274315815460.86,0.005718,181.9533213922825,2017-08-31,2017-06-30,15.968010837647055,1.3264929033788904,8.450424849213743,3.657793326255607,32.203847155097804
sz000333,2017-08-29,42.38,42.47,41.5,41.7,-0.0134849999999999,23764808.0,994369254.56,261789829368.6,270616737750.6,0.003785,179.49968085330758,2017-08-31,2017-06-30,15.752686347998162,1.3086054902034476,8.336473059195956,3.6084689307986473,31.76957827621131
sz000333,2017-08-30,41.73,42.09,41.7,41.98,0.006715,14924066.0,625646533.56,263547650764.84,272433828555.64,0.0023769999999999,180.70502121023753,2017-08-31,2017-06-30,15.8584597815099,1.317392289658051,8.392449377099432,3.63269845839154,31.982910994336066
sz000333,2017-08-31,41.97,42.18,40.38,41.0,-0.023344,46229662.0,1897402408.31,258626390258.0,267305125118.0,0.007329,176.48664319510576,2017-08-31,2017-06-30,15.559916323715727,1.2925917191837064,8.234457309085165,3.564311088253851,31.236301920084284
sz000333,2017-09-01,41.16,41.43,40.5,40.84,-0.003902,30481215.0,1247809033.9,258538213282.68,267183079909.08,0.004815,175.79799231335844,2017-10-31,2017-09-30,14.671260579905118,1.1590039525582179,9.636846765049041,3.3292294730514014,31.114417869992117
sz000333,2017-09-04,40.83,41.52,40.62,41.36,0.012733,27304359.0,1126919110.39,261830080836.72,270585019222.32,0.004313,178.03642814948444,2017-10-31,2017-09-30,14.858064093655136,1.173761103766109,9.75954902552469,3.371619270455582,31.510597752730728
sz000333,2017-09-05,41.35,41.8,40.9,41.41,0.001209,25158242.0,1042408264.96,262146606563.07,270912128771.67,0.003974,178.25167419111716,2017-10-31,2017-09-30,14.876025969977254,1.1751800606130216,9.771347319801196,3.3756952125136763,31.548694065413777
sz000333,2017-09-06,41.5,41.58,40.73,40.97,-0.010625,17151743.0,703761909.76,259361180171.19,268033564737.39,0.002709,176.35775015283656,2017-10-31,2017-09-30,14.717961458342625,1.1626932403601908,9.667522330167953,3.3398269224024473,31.213489190968755
sz000333,2017-09-07,40.97,41.29,40.71,40.97,0.0,19205366.0,788505233.02,259361180171.19,268033564737.39,0.003034,176.35775015283656,2017-10-31,2017-09-30,14.717961458342625,1.1626932403601908,9.667522330167953,3.3398269224024473,31.213489190968755
sz000333,2017-09-08,40.98,41.23,40.73,40.99,0.000488,17128418.0,701775701.18,259487790461.73,268164408557.13,0.002706,176.44381273491112,2017-10-31,2017-09-30,14.72514620887147,1.1632608230989558,9.672241647878554,3.341457299225685,31.22872137369395
sz000333,2017-09-11,41.26,41.3,40.15,40.31,-0.016589,24046789.0,976858848.25,255183040583.37,263715718685.97,0.003799,173.5167863254517,2017-10-31,2017-09-30,14.48086469089068,1.1439630099809444,9.511784845718092,3.2860244872356024,30.71066811482574
sz000333,2017-09-12,40.27,40.39,39.69,40.22,-0.0022329999999999,31150030.0,1244801302.88,254613294275.94,263126921497.14,0.004921,173.12932334158697,2017-10-31,2017-09-30,14.448533313510872,1.1414088876565016,9.490547916020384,3.278687791531033,30.64209119292534
sz000333,2017-09-13,40.29,41.19,40.07,41.19,0.024117,27752314.0,1132987670.86,260753893367.13,269472846754.53,0.004384,177.30468323261604,2017-10-31,2017-09-30,14.796993714159937,1.168936650486606,9.719434824984573,3.3577610674580614,31.381086506225117
sz000333,2017-09-14,41.12,41.31,40.54,40.9,-0.0070409999999999,15707238.0,643176840.73,258918044154.3,267575611368.3,0.0024809999999999,176.0562809579752,2017-10-31,2017-09-30,14.69281483149166,1.160706700774513,9.651004718180845,3.334120603521115,31.16013227613479
sz000333,2017-09-15,40.81,42.15,40.7,42.03,0.0276279999999999,43362400.0,1810950000.0,265124000000.0,274020000000.0,0.006874,180.9203638882821,2017-10-31,2017-09-30,15.046681943608274,1.1886615843640846,9.883443036352977,3.41442078037271,32.02102441065984
sz000333,2017-09-18,42.22,42.44,41.81,42.03,0.0,28821528.0,1214377116.87,266071525569.81,274968287183.61,0.004553,180.9203638882821,2017-10-31,2017-09-30,15.0987532363715,1.1927751255147379,9.917646168829853,3.426236894034045,32.02102441065984
sz000333,2017-09-19,41.86,42.28,41.74,42.0,-0.000714,27063511.0,1138284610.81,265881610134.0,274772021454.0,0.004275,180.7911867484659,2017-10-31,2017-09-30,15.087976110578232,1.1919237514065906,9.910567192263949,3.423791328799189,31.998161399230632
sz000333,2017-09-20,42.29,43.3,42.29,43.29,0.0307139999999999,48886244.0,2099765360.8,274047973873.83,283211447827.23,0.007722,186.34400725825827,2017-10-31,2017-09-30,15.551392519688848,1.2285328380569358,10.21496318459777,3.5289506338980208,32.9809529284466
sz000333,2017-09-21,43.38,43.9,42.95,43.1,-0.004389,32622117.0,1416880379.77,272845176113.7,281968431539.7,0.005153,185.52614341040177,2017-10-31,2017-09-30,15.483137389664806,1.223140802038668,10.170129666347053,3.5134620540772628,32.83619952604365
sz000333,2017-09-22,43.2,44.41,43.01,44.1,0.023202,36755010.0,1616034707.76,279175690640.7,288510622526.7,0.005806,189.83072098980992,2017-10-31,2017-09-30,15.842374916107145,1.25151993897692,10.406095551877147,3.594980895239148,33.598065027446914
sz000333,2017-09-25,44.1,44.37,42.65,43.09,-0.022902,32661697.0,1426475079.89,272781870968.43,281903009629.83,0.005159,185.48321781770127,2017-10-31,2017-09-30,15.479545014400383,1.2228570106692855,10.167770007491752,3.512646865665644,32.82860214218832
sz000333,2017-09-26,43.21,43.25,42.37,42.68,-0.009515,18245532.0,779859778.21,270186360012.36,279220711325.16,0.002882,183.71834500016584,2017-10-31,2017-09-30,15.33225762855902,1.2112215645246018,10.071023994424413,3.4792241407892703,32.516237992805394
sz000333,2017-09-27,42.59,44.0,42.59,43.81,0.026476,23227331.0,1010546587.59,277339841427.87,286613387140.47,0.003669,188.5824719023902,2017-10-31,2017-09-30,15.738196033438864,1.2432899892648268,10.33766544507342,3.5713404313022012,33.377137909902906
sz000333,2017-09-28,43.77,43.84,42.81,43.43,-0.008674,23933935.0,1037368469.41,274934245907.61,284127354565.41,0.003781,186.94670754110888,2017-10-31,2017-09-30,15.601685773390773,1.2325059172282908,10.247998408571984,3.5403632716606843,33.08762461567241
sz000333,2017-09-29,43.6,44.6,43.21,44.19,0.017499,25174214.0,1112118658.11,279745436948.13,289099419715.53,0.003977,190.21808797637073,2017-10-31,2017-09-30,15.874706293486955,1.2540740613013628,10.427332481574856,3.602317590943718,33.666624958822055
sz000333,2017-10-09,44.8,47.1,44.47,46.47,0.051595,41920536.0,1932882746.92,294179010069.69,304015615165.89,0.006622,200.03239022551156,2017-10-31,2017-09-30,16.693767853775487,1.3187784935205777,10.965334700583469,3.7881805487928166,35.40365447357248
sz000333,2017-10-10,46.47,46.98,45.38,46.66,0.004089,37407346.0,1731026499.94,295381807829.82,305258631453.42,0.005909,200.8503226691437,2017-10-31,2017-09-30,16.76202298379953,1.3241705295388455,11.010168218834187,3.8036691286135746,35.54842001671492
sz000333,2017-10-11,46.25,47.98,46.25,47.1,0.00943,41363337.0,1957611619.98,298167234221.7,308137195487.7,0.006534,202.74434121191373,2017-10-31,2017-09-30,16.92008749543416,1.3366573497916765,11.113993208467429,3.8395374187248046,35.88364161747255
sz000333,2017-10-12,47.3,48.0,46.98,47.68,0.012314,21306740.0,1014602926.56,301838932647.36,311931666260.16,0.0033659999999999,205.2409350295972,2017-10-31,2017-09-30,17.128445260770714,1.3531172492158625,11.250853422074883,3.8868183465986976,36.3255127803501
sz000333,2017-10-13,47.6,48.16,47.0,47.68,0.0,19697715.0,938036261.15,301838932647.36,311931666260.16,0.003112,205.2409350295972,2017-10-31,2017-09-30,17.128445260770714,1.3531172492158625,11.250853422074883,3.8868183465986976,36.3255127803501
sz000333,2017-10-16,47.65,48.09,46.83,46.84,-0.0176169999999999,23805154.0,1128973846.26,296521300444.68,306436225831.08,0.00376,201.62520547718083,2017-10-31,2017-09-30,16.826685738559153,1.329278774187731,11.052642078229605,3.8183425200227146,35.68556622169867
sz000333,2017-10-17,46.7,48.22,46.52,48.15,0.027968,36346209.0,1733884751.02,304814274475.05,315006496024.05,0.005741,207.2642592239666,2017-10-31,2017-09-30,17.297286898198617,1.3664554435768412,11.361757388274027,3.925132201944784,36.683620137787145
sz000333,2017-10-18,48.0,48.73,47.78,48.73,0.012046,24221414.0,1166840618.29,308485972900.71,318800966796.51,0.003826,209.76096449057852,2017-10-31,2017-09-30,17.505644663535175,1.3829153430010275,11.498617601881485,3.972413129818678,37.12551102596692
sz000333,2017-10-19,48.65,49.25,48.16,48.63,-0.002052,22164343.0,1079617067.19,307852921448.01,318146747697.81,0.0035009999999999,209.3305349914438,2017-10-31,2017-09-30,17.46972091089094,1.3800774293072025,11.475021013328472,3.9642612457024895,37.04932947734164
sz000333,2017-10-20,48.3,48.34,47.0,47.64,-0.020358,23929619.0,1137891959.18,301585712066.28,311669978620.68,0.0037799999999999,205.068983960088,2017-10-31,2017-09-30,17.114075759713025,1.3519820837383327,11.24141478665368,3.8835575929522226,36.29507922784192
sz000333,2017-10-23,47.49,48.25,47.26,47.63,-0.00021,23285739.0,1110662819.69,301522406921.01,311604556710.81,0.003678,205.02591947345638,2017-10-31,2017-09-30,17.1104833844486,1.3516982923689502,11.239055127798379,3.882742404540604,36.28745726120407
sz000333,2017-10-24,47.66,48.65,47.31,48.59,0.020155,25010907.0,1206999118.61,307599700866.93,317885060058.33,0.003951,209.15821688044386,2017-10-31,2017-09-30,17.455351409833245,1.3789422638296724,11.46558237790727,3.961000492056014,37.01883096230363
sz000333,2017-10-25,48.59,50.49,48.51,50.4,0.03725,36001360.0,1792741000.93,319057932160.8,329726425744.8,0.0056869999999999,216.9493604592404,2017-10-31,2017-09-30,18.105571332693877,1.4303085016879087,11.892680630716738,4.108549594559026,38.397782415649445
sz000333,2017-10-26,50.52,51.51,49.95,49.96,-0.00873,40079253.0,2028650894.21,316272505768.92,326847861710.52,0.006331,215.05539254243124,2017-10-31,2017-09-30,17.94750682105925,1.4178216814350777,11.788855641083497,4.072681304447797,38.062569775160824
sz000333,2017-10-27,50.19,51.2,49.96,50.72,0.015212,24075081.0,1216523700.22,321083696809.44,331819926860.64,0.003803,218.3268151737867,2017-10-31,2017-09-30,18.220527341155428,1.4393898255081492,11.96818971408637,4.13463562373083,38.641577586580574
sz000333,2017-10-30,51.2,51.76,49.9,51.76,0.020505,32499286.0,1651851044.74,327667431917.52,338623805487.12,0.005134,222.80360651892522,2017-10-31,2017-09-30,18.59413436865546,1.4689041279239314,12.213594235037666,4.219415218539191,39.43392313499341
sz000333,2017-10-31,51.6,52.35,50.3,51.0,-0.014683,37760565.0,1936277382.8,323161680438.0,333974848848.0,0.005959,219.53218116440783,2017-10-31,2017-09-30,18.338856024306637,1.4487375847362214,12.045914145550705,4.161486986455172,38.854914841602294
sz000333,2017-11-01,51.06,52.28,50.3,50.61,-0.007647,35858680.0,1834346480.61,320690444058.18,331420923533.28,0.005659,217.8534185750436,2018-08-31,2018-06-30,15.90097129577442,1.2713161342559496,18.249669983940315,3.768776350723429,38.557791307808564
sz000333,2017-11-02,50.5,51.37,50.2,51.24,0.012448,22831186.0,1161765217.98,324682441287.12,335546495195.52,0.003603,220.56525792946576,2018-08-31,2018-06-30,16.098908697796507,1.2871416463006293,18.4768442990931,3.8156905791556706,39.03775869400817
sz000333,2017-11-03,51.28,51.82,50.4,50.65,-0.011514,27045180.0,1378434432.77,320943904199.7,331682864591.2,0.004268,218.0256695496659,2018-08-31,2018-06-30,15.913538749871059,1.2723209286714845,18.264093749981757,3.771755031893729,38.58827794040536
sz000333,2017-11-06,50.8,53.16,50.32,52.69,0.040276,45891893.0,2386966267.89,333870371417.22,345041858545.12,0.007242,226.80687141644825,2018-08-31,2018-06-30,16.554478908799723,1.3235654438637812,18.999705818095535,3.9236677715790838,40.142459422733126
sz000333,2017-11-07,52.7,54.08,51.9,52.75,0.001139,48327874.0,2551838629.39,334250561629.5,345434770132.0,0.0076269999999999,227.0652044429916,2018-08-31,2018-06-30,16.573330089944687,1.325072635487084,19.021341467157704,3.9281357933345356,40.18818168401562
sz000333,2017-11-08,52.76,54.68,50.8,51.48,-0.024076,82439110.0,4344083496.18,326203202136.24,337118141543.04,0.0130099999999999,221.59838258082212,2018-08-31,2018-06-30,16.174313422376347,1.2931704127938406,18.563386895341775,3.8335626661774764,39.220611021791264
sz000333,2017-11-09,51.57,52.65,50.35,52.6,0.021756,46254572.0,2381451846.69,333300086098.8,344452491164.8,0.0073,226.4194769922505,2018-08-31,2018-06-30,16.526202137082283,1.321304656428827,18.96725234450228,3.916965738945907,40.073894635181354
sz000333,2017-11-10,52.63,53.66,52.1,53.4,0.015209,41188030.0,2190665660.78,338369288929.2,349691312323.2,0.0065,229.86309081782565,2018-08-31,2018-06-30,16.777551219015095,1.3414005447395316,19.25572766533121,3.976539362351928,40.68337849868783
sz000333,2017-11-13,53.75,54.4,53.15,53.71,0.0058049999999999,32995163.0,1775960537.98,340333605025.98,351721355522.08,0.005207,231.19744606002308,2018-08-31,2018-06-30,16.87494898826406,1.3491877014599296,19.367511852152425,3.9996241414217613,40.9195455108727
sz000333,2017-11-14,53.63,53.63,51.7,52.31,-0.026066,37915612.0,1992144078.05,331462500072.78,342553418494.88,0.005984,225.1710534310225,2018-08-31,2018-06-30,16.435088094881642,1.3140198969161967,18.862680040701793,3.895370300461224,39.85293663758629
sz000333,2017-11-15,51.9,52.75,51.33,52.28,-0.000574,35900494.0,1870389662.67,331272404966.64,342356962701.44,0.005666,225.0418052463531,2018-08-31,2018-06-30,16.42566250430916,1.3132663011045453,18.85186221617071,3.893136289583498,39.83006105195632
sz000333,2017-11-16,52.2,53.02,51.61,52.88,0.011477,40644684.0,2128432509.13,335074307089.44,346286078570.24,0.006414,227.62461004516547,2018-08-31,2018-06-30,16.614174315758767,1.3283382173375735,19.068218706792404,3.937816507138014,40.287190662649614
sz000333,2017-11-17,52.9,54.3,52.4,53.65,0.014561,49510561.0,2649534447.87,339953414813.7,351328443935.2,0.007814,230.93905199203314,2018-08-31,2018-06-30,16.8560978071191,1.3476805098366267,19.345876203090253,3.9951561196663095,40.87381244588846
sz000333,2017-11-20,53.5,54.66,52.55,54.62,0.01808,41519874.0,2233210123.22,346099823245.56,357680514589.76,0.006552,235.1144300520491,2018-08-31,2018-06-30,17.16085856896263,1.3720467744133564,19.695652529595336,4.067389138046111,41.612810974910126
sz000333,2017-11-21,54.95,57.67,54.91,57.66,0.055657,65145452.0,3696071464.05,365362794001.08,377588034991.68,0.010281,248.20019388545603,2018-08-31,2018-06-30,18.115985080307308,1.4484111499940335,20.791858748745273,4.2937689069889915,43.9288551953407
sz000333,2017-11-22,57.59,57.93,55.55,56.43,-0.021332,51109551.0,2899690083.68,357568894649.34,369533347460.64,0.008066,242.90558734949147,2018-08-31,2018-06-30,17.729535866835615,1.4175137217163252,20.348327942970794,4.202174461002234,42.991764856313694
sz000333,2017-11-23,56.1,56.13,53.1,53.44,-0.052986,46045347.0,2521104119.04,338622749070.72,349953253381.12,0.007267,230.03499189819132,2018-08-31,2018-06-30,16.790118673111735,1.3424053391550668,19.27015143137266,3.979518043522229,40.713803203637056
sz000333,2017-11-24,53.3,54.18,51.64,54.1,0.01235,56545436.0,2988624841.11,342804841405.8,354275280836.8,0.008924,232.87592404813404,2018-08-31,2018-06-30,16.997481665706303,1.358984447011398,19.50814357105653,4.028666282832197,41.216618673201985
sz000333,2017-11-27,53.4,53.4,51.75,52.64,-0.026987,43389581.0,2272582852.87,333553546240.32,344714432222.72,0.006848,226.59130148584705,2018-08-31,2018-06-30,16.538769591178923,1.322309450844362,18.981676110543724,3.9199444201162073,40.104305785068284
sz000333,2017-11-28,52.2,53.07,51.78,52.59,-0.00095,29884085.0,1561551143.31,333236721063.42,344387005900.32,0.004716,226.37603974943548,2018-08-31,2018-06-30,16.523060273558126,1.3210534578249433,18.96364640299192,3.9162210686533316,40.066206694572465
sz000333,2017-11-29,52.59,52.77,50.2,51.1,-0.028332,44736356.0,2288830891.99,323795330791.8,334629701492.8,0.0070599999999999,219.9623537912545,2018-08-31,2018-06-30,16.054922608458266,1.283624865846256,18.426361117948034,3.805265195059617,38.93105092650184
sz000333,2017-11-30,50.8,52.06,50.61,51.18,0.001566,29733361.0,1521289753.55,324302251074.84,335153583608.64,0.004692,220.3068148372916,2018-08-31,2018-06-30,16.080057516651546,1.2856344546773264,18.455208650030926,3.8112225574002188,38.99201695225274
sz000333,2017-12-01,51.67,51.67,50.5,50.58,-0.011723,24294916.0,1238478316.97,320500348952.04,331224467739.84,0.003834,217.72415804695402,2018-08-31,2018-06-30,15.89154570520194,1.2705625384442982,18.23885215940923,3.766542339845703,38.53491353752148
sz000333,2017-12-04,50.71,52.06,50.32,51.5,0.018189,30062853.0,1544572382.2,326329932207.0,337249112072.0,0.004744,221.68434275767007,2018-08-31,2018-06-30,16.18059714942467,1.2936728100016082,18.5705987783625,3.835052006762627,39.23582507985546
sz000333,2017-12-05,51.3,52.53,51.2,52.18,0.0132039999999999,39244179.0,2041291166.61,330638754612.84,341702110056.64,0.006193,224.61146281944235,2018-08-31,2018-06-30,16.39424386906756,1.310754315065707,18.815802801067093,3.885689586657745,39.75389491420987
sz000333,2017-12-06,52.0,52.05,50.34,50.95,-0.023572,33188207.0,1695821993.65,322844855261.1,333647422525.6,0.005238,219.31692141786243,2018-08-31,2018-06-30,16.007794655595863,1.2798568867879987,18.372271995292607,3.7940951406709873,38.81681610329212
sz000333,2017-12-07,50.89,51.08,49.05,49.13,-0.0357209999999999,38042881.0,1893349719.17,311312418821.94,321729104390.24,0.006004,211.48270166789501,2018-08-31,2018-06-30,15.435975494198718,1.2341387408811457,17.715990640406787,3.6585651474222884,37.43024061526643
sz000333,2017-12-08,49.4,51.2,49.4,50.43,0.02646,45882313.0,2316395377.75,319549873421.34,330242188772.64,0.007241,217.0785339540275,2018-08-31,2018-06-30,15.844417752339536,1.2667945593860408,18.184763036753804,3.7553722854570735,38.42064478194637
sz000333,2017-12-11,50.6,53.81,50.6,53.62,0.0632559999999999,48072655.0,2520510640.91,339763319707.56,351131988141.76,0.007587,230.81005369782346,2018-08-31,2018-06-30,16.84667221654662,1.3469269140249756,19.33505837855917,3.9929221087885844,40.85098108827317
sz000333,2017-12-12,53.88,54.68,53.01,53.3,-0.005968,32142095.0,1729024710.8,337735638575.4,349036459678.4,0.0050729999999999,229.43257929735486,2018-08-31,2018-06-30,16.746132583773495,1.3388885587006938,19.2196682502276,3.9690926594261757,40.607182433138355
sz000333,2017-12-13,53.27,55.1,53.08,54.9,0.030019,32577657.0,1770328790.29,347874044236.2,359514101995.2,0.005141,236.31991589528215,2018-08-31,2018-06-30,17.248830747639115,1.3790803353221026,19.79661889188546,4.088239906238218,41.82616944259874
sz000333,2017-12-14,55.06,55.07,53.7,54.5,-0.007286,30514945.0,1659069477.28,345339442821.0,356894691416.0,0.004816,234.59808898806915,2018-08-31,2018-06-30,17.123156206672707,1.3690323911667504,19.652381231470994,4.058453094535207,41.52142397203997
sz000333,2017-12-15,54.45,54.46,53.13,53.7,-0.014679,25802765.0,1385703936.46,340270239990.6,351655870257.6,0.004072,231.1544236398133,2018-08-31,2018-06-30,16.871807124739895,1.3489365028560456,19.36390591064206,3.998879471129186,40.91193098955439
sz000333,2017-12-18,53.2,55.32,53.2,55.32,0.030168,36266819.0,1990338367.2,350535375722.16,362264483103.36,0.005723,238.1278902921792,2018-08-31,2018-06-30,17.38078901565384,1.3896306766852227,19.94806843532065,4.119516058526379,42.14616212364727
sz000333,2017-12-19,54.98,55.77,54.75,55.44,0.002169,32728878.0,1808678014.14,351295756146.72,363050306277.12,0.0051649999999999,238.64438968622292,2018-08-31,2018-06-30,17.41849137794376,1.3926450599318283,19.99133973344499,4.128452102037283,42.237577149293465
sz000333,2017-12-20,55.39,56.13,54.85,55.07,-0.0066739999999999,33082275.0,1838169602.7,348951249837.66,360627351491.36,0.005221,237.0516770294571,2018-08-31,2018-06-30,17.302242427549835,1.3833507115881274,19.857919897561608,4.100899301211998,41.955683559399084
sz000333,2017-12-21,55.15,56.46,55.1,55.94,0.015798,28896345.0,1615692990.37,354464007915.72,366324569501.12,0.00456,240.79661942316847,2018-08-31,2018-06-30,17.575584554151767,1.4052049901260186,20.171636808963072,4.165685616666046,42.61849944827048
sz000333,2017-12-22,55.65,56.74,55.5,56.58,0.011441,21377621.0,1200106860.35,358519370180.04,370515626427.84,0.003374,243.55157354598896,2018-08-31,2018-06-30,17.77666381969802,1.4212817007745826,20.40241706562622,4.2133445153908635,43.10609770045814
sz000333,2017-12-25,56.6,58.35,56.6,57.87,0.0228,36405829.0,2101831781.94,366693459744.06,378963225545.76,0.005745,249.10454942283752,2018-08-31,2018-06-30,18.18196421431467,1.4536863206755934,20.86758352046287,4.309406983133073,44.088916728028586
sz000333,2017-12-26,57.81,57.88,55.55,56.3,-0.02713,34915633.0,1971165539.85,356745149189.4,368682039022.4,0.00551,242.34634299699596,2018-08-31,2018-06-30,17.688691641021535,1.414248139865836,20.301450703336094,4.192493747198756,42.89278441719717
sz000333,2017-12-27,56.33,56.69,54.39,54.39,-0.033925,34708280.0,1915094392.71,344642427431.82,356174353506.72,0.005478,234.12474331082288,2018-08-31,2018-06-30,17.088595707906943,1.3662692065240283,19.612715874857013,4.050261721316879,41.43764670584376
sz000333,2017-12-28,54.51,56.22,53.95,55.55,0.021327,33099025.0,1832583975.33,351992771535.9,363770644186.4,0.005224,239.1179217114128,2018-08-31,2018-06-30,17.453051876709523,1.3954082445745504,20.03100509005897,4.136643475255611,42.3213873971393
sz000333,2017-12-29,55.89,56.98,54.86,55.43,-0.00216,30633465.0,1715093926.68,351232391111.34,362984821012.64,0.004834,238.60142700051614,2018-08-31,2018-06-30,17.4153495144196,1.3923938613279445,19.987733791934627,4.1277074317447076,42.22997320036147
sz000333,2018-01-02,56.15,57.08,56.02,56.38,0.0171389999999999,32972518.0,1866579510.17,357252069472.44,369205921138.24,0.005204,242.6908168578779,2018-08-31,2018-06-30,17.713826549214815,1.4162577286969062,20.330298235418987,4.1984511095393575,42.953752711042455
sz000333,2018-01-03,56.56,57.25,55.42,55.8,-0.010287,42836833.0,2412127948.22,353576897420.4,365407775798.4,0.0067599999999999,240.1942564248609,2018-08-31,2018-06-30,17.531598464813527,1.4016882096716456,20.12115362781801,4.155260232569993,42.511887456903956
sz000333,2018-01-04,56.02,57.3,55.82,57.29,0.0267029999999999,40555708.0,2306429666.87,363018287692.02,375165080205.92,0.0064,246.60816365417395,2018-08-31,2018-06-30,17.999736129913384,1.4391168016503326,20.658438912861893,4.266216106163707,43.647082387665655
sz000333,2018-01-05,57.6,58.2,56.75,57.96,0.011695,37185423.0,2137344306.76,367263745062.48,379552592926.08,0.005868,249.4922461281095,2018-08-31,2018-06-30,18.210240986032115,1.455947108110548,20.900036994056126,4.31610901576625,44.157535016189414
sz000333,2018-01-08,57.7,58.3,56.72,57.66,-0.005176,36788480.0,2115094001.81,365362794001.08,377588034991.68,0.005806,248.20087426215042,2018-08-31,2018-06-30,18.115985080307308,1.4484111499940335,20.791858748745273,4.2937689069889915,43.928975614945614
sz000333,2018-01-09,57.8,59.95,57.24,59.48,0.031564,44805413.0,2638563276.97,376895230440.24,389506353127.04,0.0070709999999999,256.0350866573609,2018-08-31,2018-06-30,18.687804241704452,1.4941292959008865,21.448140103631097,4.429298900237691,45.315549801255756
sz000333,2018-01-10,59.59,61.3,58.9,60.56,0.018157,44896688.0,2694648762.25,383738654261.28,396578761690.88,0.0070849999999999,260.6839157257986,2018-08-31,2018-06-30,19.027125502313748,1.5212587451203379,21.837581786750157,4.50972329183582,46.13834423899715
sz000333,2018-01-11,60.01,60.88,58.88,59.62,-0.015522,31603528.0,1888981548.18,377782340935.56,390423146829.76,0.004988,256.6375799859028,2018-08-31,2018-06-30,18.731790331042696,1.4976460763552597,21.49862328477616,4.439724284333744,45.42218485971944
sz000333,2018-01-12,59.62,61.18,59.3,60.8,0.0197919999999999,25290020.0,1525807288.01,385259415110.4,398150408038.4,0.003991,261.71695096898367,2018-08-31,2018-06-30,19.10253022689359,1.5272875116135494,21.924124382998837,4.527595378857626,46.32118074246299
sz000333,2018-01-15,61.32,62.66,61.0,61.16,0.005921,36722573.0,2266432850.07,387540556384.08,400507877559.68,0.005795,263.2665770356711,2018-08-31,2018-06-30,19.215637313763356,1.536330661353366,22.053938277371852,4.554403509390335,46.59544845363912
sz000333,2018-01-16,61.0,61.83,60.1,61.09,-0.001145,28936528.0,1768100967.9,387097001136.42,400049480708.32,0.004567,262.96513680496525,2018-08-31,2018-06-30,19.193644269094236,1.5345722711261796,22.028696686799325,4.549190817342309,46.542096665159704
sz000333,2018-01-17,61.0,61.01,58.45,58.75,-0.038304,41403703.0,2459742680.3,372269582857.5,384725928820.0,0.006534,252.89252020478784,2018-08-31,2018-06-30,18.458448204440764,1.4757917978173687,21.184906373374695,4.3749379688796965,44.75934819449743
sz000333,2018-01-18,59.0,59.79,58.5,58.95,0.003404,22378155.0,1323941735.4,373536883565.1,386035634109.6,0.003532,253.75336634356492,2018-08-31,2018-06-30,18.521285474923964,1.4808157698950446,21.257025203581925,4.389831374731201,44.9117090157515
sz000333,2018-01-19,58.95,59.11,57.9,58.17,-0.0132319999999999,31387869.0,1830960804.97,368594410805.46,380927783480.16,0.004953,250.39570180010693,2018-08-31,2018-06-30,18.276220120039476,1.4612222787921076,20.97576176577372,4.33174709191033,44.31743728205508
sz000333,2018-01-22,58.58,61.54,58.58,61.43,0.0560429999999999,45850148.0,2764421354.8,389251412339.34,402275979700.64,0.007236,264.42862811609024,2018-08-31,2018-06-30,19.30046762891568,1.5431130236582289,22.151298698151617,4.574509607289868,46.80111941965328
sz000333,2018-01-23,61.38,62.64,60.23,62.12,0.0112319999999999,38647252.0,2373486892.28,393623599780.56,406794462949.76,0.006099,267.39869046709015,2018-08-31,2018-06-30,19.517256212082728,1.5604457273262116,22.40010866236657,4.625891857477561,47.32678959297482
sz000333,2018-01-24,62.39,62.65,60.2,60.41,-0.027527,32612654.0,1984093147.83,382788178730.58,395596482723.68,0.005147,260.03800671460255,2018-08-31,2018-06-30,18.979997549451344,1.5174907660620804,21.78349266409473,4.49855323744719,46.02402505584901
sz000333,2018-01-25,60.8,61.42,59.0,61.3,0.014733,28256417.0,1707172485.31,388427666879.4,401424671262.4,0.004459,263.8691466675288,2018-08-31,2018-06-30,19.2596234031016,1.5398474418077397,22.10442145851692,4.56482889348639,46.70209701699683
sz000333,2018-01-26,61.3,62.69,60.53,62.0,0.011419,33351639.0,2063068378.87,392863219356.0,406008639776.0,0.005263,266.88226845332537,2018-08-31,2018-06-30,19.479553849792808,1.557431344079606,22.35683736424223,4.616955813966658,47.23538826283392
sz000333,2018-01-29,61.97,62.18,58.9,59.87,-0.034355,46708583.0,2810319406.73,379366466820.06,392060278441.76,0.0073709999999999,257.71352812061133,2018-08-31,2018-06-30,18.8103369191467,1.503926041452355,21.5887718225352,4.458341041648126,45.61261649906426
sz000333,2018-01-30,59.42,60.68,58.5,58.76,-0.01854,30951625.0,1841490341.18,372332947892.88,384791414084.48,0.004885,252.9355193092552,2018-08-31,2018-06-30,18.461590067964924,1.4760429964212523,21.188512314885056,4.375682639172271,44.76695858917161
sz000333,2018-01-31,58.33,60.42,58.2,59.82,0.018039,25407243.0,1512097801.57,379049641643.16,391732852119.36,0.00401,257.49822314207483,2018-08-31,2018-06-30,18.7946276015259,1.502670048432936,21.570742114983393,4.45461769018525,45.57450975516167
sz000333,2018-02-01,60.0,60.1,58.14,59.34,-0.008024,38003198.0,2240855710.0,376008119944.92,388589559424.32,0.005998,255.43205739958282,2018-08-31,2018-06-30,18.64381815236621,1.4906125154465133,21.397656922486036,4.4188735161416375,45.20881988888625
sz000333,2018-02-02,58.95,60.09,58.4,59.9,0.009437,22489736.0,1339453852.36,379556561926.2,392256734235.2,0.003549,257.84256972526265,2018-08-31,2018-06-30,18.81976250971918,1.5046796372640063,21.599589647066285,4.460575052525852,45.635455522177665
sz000333,2018-02-05,58.91,59.54,56.5,57.32,-0.043072,55463901.0,3207265994.84,363208382798.16,375361535999.36,0.008753,246.73677456205613,2018-08-31,2018-06-30,18.009161720485867,1.4398703974619842,20.66925673739298,4.268450117041433,43.669845181926426
sz000333,2018-02-06,55.7,55.81,53.82,55.5,-0.0317519999999999,88034248.0,4837552400.21,352875620317.5,364638451878.0,0.013846,238.90238849616173,2018-08-31,2018-06-30,17.494687706600022,1.3987371168376548,20.07879085992644,4.146511811479559,42.283240257709906
sz000333,2018-02-07,56.4,56.58,52.71,52.79,-0.048829,53353862.0,2912160602.53,335645117055.15,347117857476.84,0.008391,227.23702376828268,2018-08-31,2018-06-30,16.654081550272736,1.3315288847608036,19.11402055413271,3.9472751394983523,40.21859191916619
sz000333,2018-02-08,52.6,54.44,52.51,53.77,0.0185639999999999,43978228.0,2353183880.62,341876073954.45,353561795728.92,0.006917,231.45545187751702,2018-08-31,2018-06-30,16.963249951850063,1.356247549414442,19.468855563472545,4.020552836727151,40.96520985955358
sz000333,2018-02-09,51.95,52.45,50.15,51.98,-0.03329,60364840.0,3107079216.34,330495040434.3,341791745248.08,0.0094939999999999,223.75029988451448,2018-08-31,2018-06-30,16.398544402030247,1.3110981517307552,18.82073855661713,3.886708879543935,39.60147802332904
sz000333,2018-02-12,51.98,54.88,51.97,54.42,0.046941,37456100.0,2020910000.0,346009000000.0,357836000000.0,0.0058909999999999,234.25336271139344,2018-08-31,2018-06-30,17.168318475291958,1.372643209631061,19.704214322839846,4.069157251328603,41.46041100322212
sz000333,2018-02-13,55.04,56.5,54.68,55.31,0.016354,25892044.0,1439646656.16,351667577653.35,363687984410.76,0.004072,238.08434220517557,2018-08-31,2018-06-30,17.449086011471582,1.3950911652987315,20.026453435292293,4.135703503800982,42.13845456476882
sz000333,2018-02-14,55.61,57.1,54.72,56.92,0.0291089999999999,21957439.0,1235236270.26,361904149702.2,374274454396.32,0.003453,245.01473932242595,2018-08-31,2018-06-30,17.957005528348628,1.4357004000868523,20.609396664922027,4.2560882921054395,43.36506283869466
sz000333,2018-02-22,58.3,58.52,57.2,58.14,0.021434,25152719.0,1461224847.93,369661055229.9,382296499975.44,0.003956,250.26638524506282,2018-08-31,2018-06-30,18.341888640516324,1.4664726152679126,21.05113004389611,4.3473115478392526,44.29454959557924
sz000333,2018-02-23,58.45,58.48,56.9,57.55,-0.010148,18050179.0,1039074373.06,365909764851.75,378416986129.8,0.002839,247.7266819675959,2018-08-31,2018-06-30,18.15575664364834,1.451590970221334,20.83750488521192,4.303195383181096,43.8450485062833
sz000333,2018-02-26,57.58,58.29,57.0,57.7,0.002606,24626625.0,1424718751.66,366863482744.5,379403303209.2,0.0038729999999999,248.3722577008035,2018-08-31,2018-06-30,18.20307833776732,1.4553744393009729,20.891816366233325,4.31441135724673,43.95930870269068
sz000333,2018-02-27,57.79,57.79,54.58,54.6,-0.0537259999999999,47885316.0,2667769406.57,347153312961.0,359019416901.6,0.007531,235.02820978357013,2018-08-31,2018-06-30,17.225096659308413,1.377182744988442,19.76937909179098,4.082614559890319,41.59755088332992
sz000333,2018-02-28,54.35,55.8,53.7,54.95,0.0064099999999999,31872104.0,1752933198.27,349378654710.75,361320823420.2,0.005013,236.53474060828276,2018-08-31,2018-06-30,17.335513945586033,1.386010839507599,19.896105880840924,4.108785166043463,41.86419118449206
sz000333,2018-03-01,54.99,56.49,54.82,55.6,0.011829,23790009.0,1325327535.82,353511432246.0,365594864097.6,0.003742,239.33271005493813,2018-08-31,2018-06-30,17.540574620101605,1.4024058721860324,20.131455631933672,4.157387720327871,42.35940270201341
sz000333,2018-03-02,54.86,57.68,54.77,56.22,0.011151,36490364.0,2064011403.45,357453466202.7,369671641359.12,0.005739,242.00150910476071,2018-08-31,2018-06-30,17.73617095579339,1.4180442110485387,20.35594308682214,4.203747079799153,42.83175240154356
sz000333,2018-03-05,56.11,56.55,55.52,56.02,-0.003557,20417101.0,1142843072.41,356181842345.7,368356551919.92,0.003211,241.14070973687507,2018-08-31,2018-06-30,17.673075363634748,1.4129995856090205,20.2835277787936,4.188792447711642,42.679399858251266
sz000333,2018-03-06,56.53,56.69,54.9,56.2,0.003213,19503043.0,1084322728.14,357326303817.0,369540132415.2,0.003067,241.91549483725962,2018-08-31,2018-06-30,17.729861396577526,1.417539748504587,20.348701556019286,4.202251616590402,42.81652876999582
sz000333,2018-03-07,56.26,57.16,55.83,56.26,0.001068,20892502.0,1183915592.24,357707790974.1,369934659246.96,0.003286,242.1738605857458,2018-08-31,2018-06-30,17.74879007422512,1.4190531361364427,20.37042614842785,4.206738006216656,42.86225682272218
sz000333,2018-03-08,56.87,59.2,56.4,59.17,0.051724,38051889.0,2206248601.07,376209918093.45,389069210587.32,0.005985,254.70006135068294,2018-08-31,2018-06-30,18.666830940133313,1.4924524362814309,21.424068880243084,4.424327903089931,45.07926419462066
sz000333,2018-03-09,59.47,60.39,58.73,59.91,0.012506,39472938.0,2356572671.75,380914926364.35,393935041512.36,0.006208,257.88534031793455,2018-08-31,2018-06-30,18.900284631120275,1.5111175504076477,21.692005519948673,4.479660041813719,45.643025472638584
sz000333,2018-03-12,60.98,62.54,60.35,60.73,0.013687,46132537.0,2831384970.35,386128584178.05,399326908213.08,0.007256,261.41501697086613,2018-08-31,2018-06-30,19.158976558970696,1.5318005147096723,21.988908282865683,4.540974033372512,46.267741562282595
sz000333,2018-03-13,60.7,62.19,60.26,61.06,0.005434,37782389.0,2320438068.45,388226763542.1,401496805787.76,0.005942,262.83554617308585,2018-08-31,2018-06-30,19.263084286032452,1.540124146684877,22.10839354111277,4.565649176316903,46.51916046993203
sz000333,2018-03-14,60.7,61.63,59.95,60.4,-0.010809,27207216.0,1652444132.3,384030404814.0,397157010638.4,0.004279,259.99455675450093,2018-08-31,2018-06-30,19.054868831908944,1.5234768827344674,21.869423024618595,4.5162988904281205,46.016334864412535
sz000333,2018-03-15,59.9,61.9,59.8,61.41,0.016722,26696301.0,1632419118.89,390452105291.85,403798212306.36,0.004199,264.3421857325497,2018-08-31,2018-06-30,19.37350157231007,1.5489522412040335,22.23512033016271,4.591819782470046,46.785820016015236
sz000333,2018-03-16,61.1,61.43,59.5,59.69,-0.0280079999999999,25810503.0,1555874365.55,379516140121.65,392488443129.24,0.004059,256.9384897945524,2018-08-31,2018-06-30,18.83087947974577,1.5055684624241779,21.61234868111728,4.463209946517457,45.47544276900668
sz000333,2018-03-19,59.69,60.28,59.0,59.57,-0.00201,21159783.0,1260029782.03,378753165807.45,391699389465.72,0.003328,256.4220434300654,2018-08-31,2018-06-30,18.793022124450587,1.5025416871604667,21.56889949630016,4.45423716726495,45.38403712904099
sz000333,2018-03-20,59.11,59.63,58.3,59.34,-0.003861,17763764.0,1046101321.31,377290798371.9,390187036610.64,0.002794,255.43199792038192,2018-08-31,2018-06-30,18.72046219346816,1.4967403679050213,21.48562189206734,4.437039340364315,45.20880936168576
sz000333,2018-03-21,59.63,59.96,58.28,58.28,-0.017863,19725169.0,1164919607.3,370551191929.8,383217062582.88,0.003102,250.86921614153013,2018-08-31,2018-06-30,18.38605555502737,1.4700038530755752,21.101820759516087,4.357779790300509,44.40124440005797
sz000333,2018-03-22,58.88,58.9,56.36,56.9,-0.023679,32937831.0,1886620309.0,361776987316.5,374142945452.4,0.00518,244.92888397251483,2018-08-31,2018-06-30,17.950695969132763,1.4351959375429006,20.602155134119172,4.25459282889669,43.34986733390899
sz000333,2018-03-23,54.7,56.45,53.73,56.24,-0.011599,64162714.0,3526483698.0,357580628588.4,369803150303.04,0.010091,242.08795384731764,2018-08-31,2018-06-30,17.74248051500925,1.4185486735924904,20.363184617624995,4.205242543007904,42.847052222702985
sz000333,2018-03-26,55.5,55.98,54.1,55.27,-0.017248,37309849.0,2054321670.0,351413252881.95,363424966522.92,0.005868,237.9124208193591,2018-08-31,2018-06-30,17.436466893039853,1.3940822402108277,20.011970373686584,4.1327125773834785,42.108026265965805
sz000333,2018-03-27,56.17,56.38,54.11,54.61,-0.011941,47106361.0,2602536138.0,347216894153.85,359085171373.56,0.007409,235.07150860235515,2018-08-31,2018-06-30,17.228251438916345,1.377434976260418,19.772999857192406,4.083362291494695,41.6052143243239
sz000333,2018-03-28,53.49,54.0,52.01,53.12,-0.027284,54450412.0,2880441044.0,337743296419.2,349287755051.52,0.008564,228.6578175616485,2018-08-31,2018-06-30,16.758189277334488,1.3398525167360085,19.233505812379796,3.971950282442744,40.470057656699055
sz000333,2018-03-29,53.42,55.78,52.3,55.3,0.041039,38594720.0,2098813873.0,351603996460.5,363622229938.8,0.00607,238.04170573656103,2018-08-31,2018-06-30,17.44593123186365,1.3948389340267555,20.022832669890864,4.134955772196606,42.13090835287233
sz000333,2018-03-30,55.0,55.36,54.36,54.53,-0.013924,30881466.0,1696101255.0,346708244611.05,358559135597.88,0.004857,234.72721302588513,2018-08-31,2018-06-30,17.20301320205289,1.3754171260846109,19.74403373398099,4.0773804386596915,41.544277584966935
sz000333,2018-04-02,53.3,55.0,52.68,52.84,-0.030992,41715150.0,2227714703.0,336416146045.76,347899752810.16,0.006552,227.4525472397869,2018-08-31,2018-06-30,16.69159546194395,1.3345282009836648,19.157075565997825,3.956166517295328,40.25673733405364
sz000333,2018-04-03,52.69,53.63,52.18,52.52,-0.006056,31189520.0,1645036115.85,334378803753.28,345792865586.48,0.004899,226.07509461370273,2018-08-31,2018-06-30,16.590510856572603,1.3264462739527265,19.04105996832335,3.9322079009907385,40.01294253275861
sz000333,2018-04-04,52.82,54.1,52.06,53.01,0.00933,37152821.0,1980456944.62,337498484138.64,349019036647.74,0.005835,228.18437524644858,2018-08-31,2018-06-30,16.74529665854748,1.3388217247188507,19.21870885226239,3.9688945322071416,40.38626328658925
sz000333,2018-04-09,52.91,53.31,51.0,51.3,-0.0322579999999999,42797042.0,2210491847.54,326611436263.2,337760358046.2,0.006722,220.82360366974865,2018-08-31,2018-06-30,16.205125798594338,1.2956339271472752,18.59875050218941,3.8408656763294924,39.08348320549045
sz000333,2018-04-10,51.45,52.8,51.18,52.77,0.028655,35424096.0,1846478110.33,335970477419.28,347438871229.98,0.005564,227.15130403290533,2018-08-31,2018-06-30,16.66948320451897,1.332760279445647,19.13169715400653,3.9509255699786987,40.20342041674378
sz000333,2018-04-11,52.78,53.63,52.41,52.98,0.00398,46761431.0,2476801817.2,337307483298.72,348821515970.52,0.007345,228.0553662229563,2018-08-31,2018-06-30,16.73581997679392,1.3380640440597005,19.207832389980407,3.966648411928587,40.363430030002434
sz000333,2018-04-12,52.91,52.94,51.84,51.87,-0.0209509999999999,25207452.0,1317128205.77,330240452221.68,341513250913.38,0.003959,223.27737824521918,2018-08-31,2018-06-30,16.38518275191205,1.3100298596711335,18.80540328554707,3.8835419616220417,39.517775807443854
sz000333,2018-04-13,52.4,52.47,51.01,51.32,-0.010603,24021567.0,1241813085.91,326738770156.48,337892038497.68,0.003773,220.9099682036851,2018-08-31,2018-06-30,16.211443586430047,1.2961390475867087,18.606001477044064,3.842363089848529,39.098768830557525
sz000333,2018-04-16,51.31,51.8,49.15,49.79,-0.029813,44470974.0,2228866673.22,316997727320.56,327818483959.46,0.0069849999999999,214.32397932162866,2018-08-31,2018-06-30,15.728132816998286,1.2574973339700357,18.051301900662978,3.727810955642211,37.93311723541211
sz000333,2018-04-17,49.74,50.55,48.59,49.89,0.002008,31343761.0,1555082597.67,317634396786.96,328476886216.86,0.0049229999999999,214.7543418721065,2018-08-31,2018-06-30,15.75972175617683,1.2600229361672037,18.087556774936253,3.735298023237395,38.00928693482082
sz000333,2018-04-18,50.6,50.63,47.95,48.73,-0.0232509999999999,41607964.0,2037850000.54,310249030976.72,320839420031.02,0.0065349999999999,209.76108866923818,2018-08-31,2018-06-30,15.393290061705693,1.230725950680053,17.667000233366274,3.6484480391332585,37.12553300429931
sz000333,2018-04-19,49.33,51.57,49.0,51.57,0.05828,43366015.0,2193162137.23,328330443822.48,339538044141.18,0.006811,221.98596491688133,2018-08-31,2018-06-30,16.290415934376412,1.302453053079629,18.69663866272725,3.8610807588364895,39.28920906778986
sz000333,2018-04-20,51.79,53.0,50.95,51.4,-0.003296,43041624.0,2233312240.05,327248105729.6,338418760303.6,0.0067599999999999,221.2542991765153,2018-08-31,2018-06-30,16.236714737772882,1.2981595293444432,18.635005376462683,3.8483527439246763,39.159711834702435
sz000333,2018-04-23,51.9,52.88,51.0,52.05,0.012646,28904416.0,1499909828.55,331386457261.2,342698374976.7,0.00454,224.0522810439015,2018-08-31,2018-06-30,16.442042842433437,1.3145759436260365,18.870662059238963,3.897018683293374,39.65492555056408
sz000333,2018-04-24,52.37,53.87,52.37,53.55,0.028818,37387115.0,1996954467.9,340936499257.2,352574408837.7,0.005872,230.50901967902468,2018-08-31,2018-06-30,16.915876930111633,1.3524599765835592,19.41448517333807,4.009324697221137,40.797701195080236
sz000333,2018-04-25,53.45,53.66,51.9,52.62,-0.0173669999999999,36380149.0,1916903762.72,335015473219.68,346451267843.88,0.005714,226.50576953425906,2018-08-31,2018-06-30,16.622099795751147,1.328971876149895,19.07731484259662,3.9396949685859233,40.08916751842528
sz000333,2018-04-26,51.68,52.33,50.89,51.4,-0.023185,33110245.0,1707726691.0,327248105729.6,338418760303.6,0.005201,221.25423326760725,2018-08-31,2018-06-30,16.236714737772882,1.2981595293444432,18.635005376462683,3.8483527439246763,39.159700169510586
sz000333,2018-04-27,52.42,52.42,50.55,51.68,0.005447,40346569.0,2075967214.07,329030780235.52,340262286624.32,0.006337,222.4594050762159,2018-08-31,2018-06-30,16.325163767472812,1.305231215496514,18.73651902442785,3.869316533191192,39.37300305633391
sz000333,2018-05-02,51.23,52.11,50.44,51.35,-0.006385,30686239.0,1570439080.36,326929770996.4,338089559174.9,0.00482,221.03900177480423,2018-08-31,2018-06-30,16.220920268183608,1.2968967282458592,18.61687793932605,3.8446092101270843,39.12160643181921
sz000333,2018-05-03,51.15,53.25,50.83,53.2,0.0360269999999999,30789023.0,1608563745.13,338708156124.8,350270000936.8,0.004836,229.00237389174507,2018-08-31,2018-06-30,16.805315642986717,1.3436203688934703,19.287593113381607,3.983119960637991,40.53104054673836
sz000333,2018-05-04,52.14,52.72,50.95,51.1,-0.017308,30284288.0,1561168880.1,325338097330.4,336443553531.4,0.004757,225.03880080442676,2018-08-31,2018-06-30,16.141947920237243,1.2905827227529387,18.526240753642863,3.8258915411391237,39.82952929695541
sz000333,2018-05-07,51.39,52.51,50.95,52.4,0.02544,29061967.0,1509943122.64,333614800393.6,345002782877.6,0.004565,230.76378789689136,2018-08-31,2018-06-30,16.552604129558347,1.323415551316125,18.99755411919542,3.923223419876518,40.84279252226995
sz000333,2018-05-08,52.43,54.37,52.42,53.9,0.028626,42279551.0,2267541992.5,343164842389.6,354878816738.6,0.0066409999999999,237.36963208922776,2018-08-31,2018-06-30,17.026438217236542,1.3612995842736475,19.541377233294526,4.035529433804281,42.01195830101245
sz000333,2018-05-09,53.51,54.1,53.46,53.95,0.0009279999999999,17405405.0,935733594.19,343483177122.8,355208017867.3,0.002734,237.5899111078065,2018-08-31,2018-06-30,17.042232686825816,1.3625623853722315,19.559504670431163,4.039272967601872,42.05094539831578
sz000333,2018-05-10,54.3,54.63,53.9,54.38,0.00797,22149533.0,1201775590.38,346220855828.32,358039147574.12,0.003479,239.48350269933573,2018-08-31,2018-06-30,17.178065125293568,1.373422474820055,19.715400629806243,4.071467358261166,42.38609143314036
sz000333,2018-05-11,54.8,54.88,53.56,53.75,-0.011585,17019063.0,921004923.15,342209838190.0,353891213352.5,0.002673,236.70908632056396,2018-08-31,2018-06-30,16.979054808468725,1.3575111809778955,19.486994921884616,4.024298832411505,41.89504856388743
sz000333,2018-05-14,53.99,55.43,53.8,55.24,0.027721,32394961.0,1777225761.32,351696213239.36,363701406987.76,0.005088,243.27089890245634,2018-08-31,2018-06-30,17.449730002229067,1.3951426537157012,20.027192548556396,4.135856139579749,43.05642120512696
sz000333,2018-05-15,55.53,55.85,54.65,55.22,-0.000362,28209713.0,1554553011.63,351568879346.08,363569726536.28,0.004431,243.18283483705363,2018-08-31,2018-06-30,17.44341221439336,1.3946375332762677,20.01994157370174,4.134358726060713,43.040834780650705
sz000333,2018-05-16,54.89,55.12,54.01,54.4,-0.01485,24342727.0,1327516671.71,346348189721.6,358170828025.6,0.0038229999999999,239.5715697397234,2018-08-31,2018-06-30,17.184382913129276,1.3739275952594885,19.722651604660896,4.072964771780202,42.40167838415804
sz000333,2018-05-17,54.2,54.3,53.02,53.12,-0.0235289999999999,22899693.0,1223353980.84,338198820551.68,349743279130.88,0.003597,233.93469027531745,2018-08-31,2018-06-30,16.78004449164388,1.3415998871357357,19.258589213962992,3.977130306561844,41.404009293457186
sz000333,2018-05-18,53.28,53.97,52.41,53.89,0.014495,24445890.0,1299383544.1,343101175442.96,354812976512.86,0.0038399999999999,237.32557361085813,2018-08-31,2018-06-30,17.02327932331869,1.3610470240539307,19.5377517458672,4.034780727044763,42.004160408165845
sz000333,2018-05-21,54.38,54.55,53.51,53.95,0.001113,17949718.0,969125519.23,343483177122.8,355208017867.3,0.002819,237.589716974287,2018-08-31,2018-06-30,17.042232686825816,1.3625623853722315,19.559504670431163,4.039272967601872,42.05091103870012
sz000333,2018-05-22,53.9,53.9,52.0,52.63,-0.024467,35126289.0,1846227336.95,335288979397.27,346728538094.95,0.005514,231.7766093690771,2018-08-31,2018-06-30,16.635402716569885,1.3300354726783716,19.092582709587173,3.942847966754691,41.02205139831624
sz000333,2018-05-23,52.5,52.5,51.73,51.8,-0.01577,22108868.0,1149466460.58,330001313562.2,341260465007.0,0.00347,228.12149223932676,2018-08-31,2018-06-30,16.37305454528444,1.3090601840155738,18.791483647285112,3.8806673889016334,40.3751336477648
sz000333,2018-05-24,51.79,51.98,50.65,50.9,-0.017375,22246115.0,1140837630.13,324267700006.1,335331229128.5,0.003492,224.15788131166846,2018-08-31,2018-06-30,16.088580624613474,1.2863158951041063,18.4649906881624,3.8132426659284393,39.67361570063488
sz000333,2018-05-25,50.8,51.43,50.3,50.59,-0.00609,26159630.0,1329483347.81,322292788670.11,333288936770.35,0.004106,222.7927598144804,2018-08-31,2018-06-30,15.990595163049031,1.2784817511457118,18.352532002242352,3.7900185946821168,39.43200338101802
sz000333,2018-05-28,50.9,52.23,50.3,51.94,0.026685,27788643.0,1432263186.45,330893209004.26,342182790588.1,0.0043619999999999,228.7379846101298,2018-08-31,2018-06-30,16.41730604405548,1.312598184512913,18.842271440926424,3.8911556791419084,40.48424639124049
sz000333,2018-05-29,51.5,52.19,51.26,51.49,-0.008664,21660695.0,1119651378.31,328026402226.21,339218172648.85,0.0034,226.75619871146765,2018-08-31,2018-06-30,16.275069083719995,1.3012260400571793,18.679024961365066,3.857443317655311,40.13349088050678
sz000333,2018-05-30,50.25,51.42,49.88,50.71,-0.015149,26919428.0,1359774128.76,323142251208.37,334164482284.93,0.004224,223.32106905718763,2018-08-31,2018-06-30,16.032602239569904,1.281840305358567,18.400743854791248,3.7999749221045156,39.52550862715798
sz000333,2018-05-31,51.05,53.25,50.9,52.91,0.043384,48836676.0,2559326201.24,337542292827.74,348661856787.53,0.0076549999999999,233.00963031716466,2018-08-31,2018-06-30,16.72815982046231,1.3374515984326913,19.199040768231214,3.9648328362956016,41.24028329343861
sz000333,2018-06-01,52.5,52.88,51.94,52.15,-0.0143639999999999,24488663.0,1281257848.29,332693830485.1,343653672868.45,0.003839,229.66267998728893,2018-08-31,2018-06-30,16.487876292517658,1.3182404244616301,18.923265470861043,3.907881920484135,40.64790786421166
sz000333,2018-06-04,52.9,54.3,52.72,53.99,0.035283,48720867.0,2627372964.57,344432212998.86,355778749725.17,0.007637,237.76586832528042,2018-08-31,2018-06-30,17.06961536017312,1.3647516877599886,19.590931980283557,4.045763085080315,42.08208799738463
sz000333,2018-06-05,54.8,55.1,53.72,54.97,0.018152,41321079.0,2258778409.32,350684177598.58,362236671094.51,0.0064769999999999,242.08179436712092,2018-08-31,2018-06-30,17.379454646207012,1.3895239910384622,19.946536968997727,4.11919979231089,42.84596205871316
sz000333,2018-06-06,55.27,55.44,54.41,54.74,-0.004184,26008408.0,1428692636.42,349216879784.36,360721036487.42,0.004077,241.0689241394889,2018-08-31,2018-06-30,17.306737262750076,1.3837100831261673,19.86307865531991,4.101964646736366,42.66669455345951
sz000333,2018-06-07,55.07,55.31,54.05,54.3,-0.008038,26488957.0,1445351129.58,346409875270.2,357821561586.9,0.004152,239.1312121272557,2018-08-31,2018-06-30,17.1676257465716,1.3725878245113428,19.703419272631923,4.068993063898151,42.32373966263881
sz000333,2018-06-08,54.13,55.2,54.02,54.66,0.00663,36371121.0,1986285601.59,348706515327.24,360193859232.78,0.0057009999999999,240.71665206365938,2018-08-31,2018-06-30,17.281444259808538,1.3816878542871085,19.83404967664937,4.095969813493055,42.6043460566021
sz000333,2018-06-11,54.66,56.65,54.62,56.32,0.0303699999999999,58158396.0,3241913785.98,359296577812.48,371132787266.56,0.0091159999999999,248.02721678683275,2018-08-31,2018-06-30,17.806274070845532,1.423649102697584,20.436400984063162,4.2203626032917825,43.89824004634111
sz000333,2018-06-12,56.33,57.75,55.89,57.19,0.015447,58518081.0,3335129558.56,364846791283.66,376865839910.77,0.009173,251.85849320453895,2018-08-31,2018-06-30,18.081335477834802,1.4456408413223516,20.752091127105334,4.285556414812804,44.576336160336936
sz000333,2018-06-13,57.39,58.05,56.79,56.99,-0.0034969999999999,36054642.0,2066765954.4,363570880140.86,375547896774.17,0.005652,250.97774405380272,2018-08-31,2018-06-30,18.018102970480946,1.4405852692247034,20.67951868042897,4.270569331704522,44.42045271278425
sz000333,2018-06-14,57.2,57.43,55.41,55.78,-0.021232,35484600.0,1996542957.45,355851617726.92,367574340797.74,0.005562,245.6489845920524,2018-08-31,2018-06-30,17.635546300990125,1.4099990580339354,20.24045537803699,4.179897478899425,43.47731766078641
sz000333,2018-06-15,55.92,56.95,55.6,56.28,0.008964,31075241.0,1748373796.11,359041395583.92,370869198639.24,0.004871,247.8509820899355,2018-08-31,2018-06-30,17.793627569374763,1.4226379882780544,20.42188649472789,4.2173651866701265,43.8670483362977
sz000333,2018-06-19,55.1,56.0,53.78,54.62,-0.029495,59114247.0,3263370603.12,348451333098.68,359930270605.46,0.009266,240.54061737319287,2018-08-31,2018-06-30,17.26879775833777,1.380676739867579,19.8195351873141,4.092972396871399,42.5731897456186
sz000333,2018-06-20,54.62,55.77,54.16,55.16,0.009886,29650740.0,1630126327.86,352135691059.32,363733272464.52,0.004645,242.91860191654428,2018-08-31,2018-06-30,17.451258849671422,1.3952648882876737,20.028947218806394,4.13621850009078,42.99406829944378
sz000333,2018-06-21,55.5,56.05,54.2,54.22,-0.017041,30744809.0,1700455369.39,346134829028.94,358650077572.34,0.004816,238.77902602128444,2018-08-31,2018-06-30,17.2073764320809,1.3757659755120384,19.749041447446665,4.078414591720938,42.261406381552966
sz000333,2018-06-22,53.68,53.68,52.34,53.65,-0.010513,35857836.0,1903580681.4,342496008436.05,354879687601.55,0.005617,236.2687421207227,2018-08-31,2018-06-30,17.026479999652157,1.361302924865748,19.541425187301982,4.03553933688359,41.8171122162637
sz000333,2018-06-25,53.7,54.14,52.86,52.9,-0.0139789999999999,27206565.0,1456438251.28,337708086603.3,349918648166.3,0.004262,232.96594137461713,2018-08-31,2018-06-30,16.7884583780354,1.3422725950679977,19.26824589763793,3.9791245278870817,41.232550804592556
sz000333,2018-06-26,52.05,53.0,51.76,52.33,-0.010775,30275701.0,1584092953.33,334069266010.41,346148258195.51,0.004743,230.45573335630564,2018-08-31,2018-06-30,16.607561945606662,1.3278095444217073,19.060629637493246,3.9362492730497354,40.78827006967307
sz000333,2018-06-27,52.42,53.07,50.48,50.48,-0.0353529999999999,42651620.0,2194726267.44,322736930166.0,334388898931.6,0.0066709999999999,222.30843181496022,2018-08-31,2018-06-30,16.043369340871024,1.2827011577774954,18.413101341750632,3.8025268917920707,39.34628235789992
sz000333,2018-06-28,50.05,51.22,49.51,50.1,-0.007528,36103579.0,1820036677.3,320307452482.5,331871708329.5,0.005647,220.6348939402572,2018-08-31,2018-06-30,15.922599127924691,1.2730453249733067,18.27449241722874,3.7739024817508473,39.05008354430966
sz000333,2018-06-29,50.6,52.4,50.11,52.22,0.042315,29130409.0,1498577043.86,338169530611.5,345914982214.9,0.0044979999999999,229.9710594773392,2018-08-31,2018-06-30,16.5963697896253,1.3269147079861494,19.04778431192984,3.933596558822939,40.702487829487126
sz000333,2018-07-02,51.91,51.91,48.0,48.68,-0.06779,57171168.0,2849314556.03,315244977981.0,322465364500.6,0.008828,214.38132135537037,2018-08-31,2018-06-30,15.471299911125229,1.2369630023892328,17.75653275191008,3.6669375810704836,37.94326617952619
sz000333,2018-07-03,48.7,49.1,45.38,47.76,-0.018899,78129039.0,3678015984.45,309287184642.0,316371113569.2,0.012065,210.32972876307525,2018-08-31,2018-06-30,15.178908869255155,1.2135857229685656,17.42095325043602,3.597636377812784,37.226176391999324
sz000333,2018-07-04,47.76,47.87,45.0,45.11,-0.055486,59623106.0,2748494685.7,292126149480.75,298817021212.45,0.009207,198.65937343292723,2018-08-31,2018-06-30,14.336695542129396,1.1462489942025123,16.45433838205965,3.398018781472669,35.16064476871285
sz000333,2018-07-05,46.49,47.3,45.84,46.05,0.020838,63779643.0,2968462017.59,298417348881.9,305247644629.35,0.009842,202.79903745652254,2018-08-31,2018-06-30,14.645225122205211,1.1709165837320796,16.808440210931167,3.4711450681163885,35.89332228440328
sz000333,2018-07-06,46.58,47.98,45.8,47.4,0.029316,48587499.0,2282804403.04,307165740217.2,314196272647.8,0.007498,208.74429403859796,2018-08-31,2018-06-30,15.074563969435983,1.2052431285320429,17.301195787147392,3.572905021253351,36.94557092049285
sz000333,2018-07-09,47.89,49.1,47.4,49.05,0.03481,36584156.0,1773736487.57,317858218515.9,325133484670.35,0.005645,216.01068291408157,2018-08-31,2018-06-30,15.599311449384704,1.2471977943986645,17.903452602522776,3.6972782973096385,38.23164624423521
sz000333,2018-07-10,49.2,49.35,47.43,48.5,-0.0112129999999999,42437801.0,2047604988.85,314294059083.0,321487747329.5,0.0065489999999999,213.58855512656598,2018-08-31,2018-06-30,15.424395622735132,1.2332129057764574,17.70270033073098,3.6558205386242095,37.802954794898596
sz000333,2018-07-11,46.71,47.67,46.47,47.2,-0.026804,36314578.0,1708613018.61,305869682241.6,312870549978.4,0.005604,207.8635274949535,2018-08-31,2018-06-30,15.010958214290685,1.2001577144876039,17.228194961041286,3.557829472640468,36.789684394576135
sz000333,2018-07-12,47.15,48.5,47.1,47.83,0.013347,43200092.0,2066086370.94,309952264864.74,317046576387.01,0.006666,210.63788199642863,2018-08-31,2018-06-30,15.211316342998376,1.2161767687275866,17.45814756327552,3.60531745077105,37.28071631219054
sz000333,2018-07-13,47.9,48.2,47.5,47.84,0.0002089999999999,32400430.0,1548794302.57,310017067763.52,317112862520.48,0.005,210.68190531376587,2018-08-31,2018-06-30,15.214496630755642,1.2164310394298088,17.46179760458083,3.6060712282016945,37.28850798189979
sz000333,2018-07-16,48.29,48.84,47.06,47.38,-0.009615,33477047.0,1598678387.3,307036134419.64,314063700380.86,0.005166,208.656198794174,2018-08-31,2018-06-30,15.068203393921452,1.204734587127599,17.293895704536784,3.571397466392063,36.92997897765382
sz000333,2018-07-17,47.37,47.38,46.02,46.47,-0.019206,39608762.0,1836892316.69,301139070630.66,308031662235.09,0.0061119999999999,204.64874784013307,2018-08-31,2018-06-30,14.778797208010342,1.1815959532254017,16.961741945753996,3.502803720203444,36.220701801409
sz000333,2018-07-18,46.7,47.12,45.88,45.9,-0.0122659999999999,34287284.0,1588486960.2,297445305400.2,304253352627.3,0.005291,202.13852629912603,2018-08-31,2018-06-30,14.597520805846237,1.1671025231987504,16.753689591351588,3.459838406656726,35.776418673112914
sz000333,2018-07-19,46.31,46.6,45.75,46.35,0.009804,25385150.0,1173236488.16,300361435845.3,307236228633.45,0.003917,204.12029241096266,2018-08-31,2018-06-30,14.740633754923161,1.178544704798738,16.917941450090332,3.4937583910357137,36.127170681784115
sz000333,2018-07-20,46.25,46.9,45.23,46.57,0.004746,50060292.0,2296204680.99,301787099618.46,308694523569.79,0.007725,205.0890473187451,2018-08-31,2018-06-30,14.810600085582989,1.184138660247621,16.998242358807047,3.510341494509885,36.298630233839866
sz000333,2018-07-23,46.38,46.59,45.69,46.58,0.000215,35740990.0,1649543727.95,301851902517.24,308760809703.26,0.005515,205.1331414639186,2018-08-31,2018-06-30,14.813780373340256,1.1843929309498429,17.001892400112354,3.5110952719405293,36.30643443934014
sz000333,2018-07-24,47.0,48.56,47.0,48.38,0.038643,71936095.0,3452914190.91,313516424297.64,320692313727.86,0.011101,213.06010144950884,2018-08-31,2018-06-30,15.38623216964795,1.230161657349794,17.65889983506732,3.6467752094564796,37.709423985379566
sz000333,2018-07-25,48.64,48.65,47.55,47.68,-0.014469,39620880.0,1895609404.3,308980221383.04,316052284384.96,0.006114,209.9773348416359,2018-08-31,2018-06-30,15.163612026639406,1.2123627081942576,17.403396943695945,3.5940107893113886,37.16380632973511
sz000333,2018-07-26,47.8,48.46,47.67,47.84,0.003356,43717177.0,2099583172.7,310017067763.52,317112862520.48,0.0067459999999999,210.68201877736442,2018-08-31,2018-06-30,15.214496630755642,1.2164310394298088,17.46179760458083,3.6060712282016945,37.2885280637777
sz000333,2018-07-27,48.13,48.13,47.12,47.19,-0.013587,27249570.0,1293155816.58,305804879342.82,312804263844.93,0.0042049999999999,207.81948218823638,2018-08-31,2018-06-30,15.007777926533418,1.199903443785382,17.22454491973598,3.5570756952098237,36.78188883297515
sz000333,2018-07-30,47.4,47.68,47.0,47.46,0.005722,26460552.0,1250354892.97,307554557609.88,314593989448.62,0.004083,209.00862526531748,2018-08-31,2018-06-30,15.093645695979575,1.2067687527453745,17.323096034979226,3.5774276858372165,36.992354800877436
sz000333,2018-07-31,47.25,47.75,47.01,47.61,0.0031609999999999,27984983.0,1329361575.65,308526601091.58,315588281450.67,0.004318,209.6693015297811,2018-08-31,2018-06-30,15.141350012338549,1.2105828132787038,17.377846654558805,3.588734347296879,37.109287634403
sz000333,2018-08-01,47.9,48.1,46.2,46.28,-0.027935,32261268.0,1519389233.76,299907815553.84,306693464821.64,0.004978,203.81218959154666,2018-08-31,2018-06-30,14.714592937403355,1.1764626866096393,16.888054198738914,3.4875863141608736,36.072639684335954
sz000333,2018-08-02,46.1,46.1,43.88,44.08,-0.047537,66072330.0,2942194007.52,285651177822.24,292114259493.04,0.010196,194.12356953493332,2018-08-31,2018-06-30,14.015109262764474,1.1205374940741766,16.08525127658624,3.321797854974315,34.35785461166167
sz000333,2018-08-03,43.99,44.0,41.41,41.88,-0.0499089999999999,70101644.0,2978175038.88,271394540090.64,277535054164.44,0.010818,184.43505630301433,2018-08-31,2018-06-30,13.315625588125593,1.0646123015387141,15.282448354433573,3.156009395787757,32.64308844584826
sz000333,2018-08-06,42.01,42.97,41.8,42.3,0.010029,50608598.0,2144920587.27,274116261839.4,280318356999.9,0.0078099999999999,186.28475548267727,2018-08-31,2018-06-30,13.449163380556653,1.075288929204575,15.435710730480901,3.1876599198142817,32.97046597987167
sz000333,2018-08-07,42.94,44.74,42.5,44.66,0.0557919999999999,49870844.0,2171929618.47,289409745951.48,295957868170.58,0.007696,196.6779545605668,2018-08-31,2018-06-30,14.19951859516927,1.1352814084698895,16.29689931969922,3.365505721487135,34.80995421782067
sz000333,2018-08-08,44.89,44.89,43.92,44.15,-0.01142,43869719.0,1949283577.04,286104798113.7,292578143298.95,0.00677,194.43189231948512,2018-08-31,2018-06-30,14.037365561502986,1.1223169320184867,16.110795005927468,3.3270729423120695,34.412424540653156
sz000333,2018-08-09,44.06,45.81,43.5,45.14,0.022424,36049234.0,1625745246.66,292520285092.92,299138785696.82,0.005563,198.79183307285726,2018-08-31,2018-06-30,14.352133215090479,1.147483268659445,16.472056320896165,3.4016777489460206,35.18408874855276
sz000333,2018-08-10,45.0,45.73,44.77,44.98,-0.003545,28001415.0,1264938163.73,291483438712.44,298078479854.74,0.004321,198.08711602461395,2018-08-31,2018-06-30,14.301261675116741,1.143415981929593,16.413670653830515,3.389620406459725,35.059361153939136
sz000333,2018-08-13,44.6,44.85,43.8,44.59,-0.008671,22556873.0,999740459.01,288956125660.02,295493984364.67,0.003481,196.36950264156454,2018-08-31,2018-06-30,14.177262296430758,1.1335019705255793,16.271355590357995,3.3602306341493806,34.75536143337333
sz000333,2018-08-14,44.67,44.67,43.45,43.65,-0.021081,28926176.0,1270602457.5,282864653174.7,289264687542.45,0.004464,192.2298371563777,2018-08-31,2018-06-30,13.878391999085057,1.1096066609876998,15.928339796347313,3.2893937470423973,34.022683658996385
sz000333,2018-08-15,43.59,43.59,41.89,42.02,-0.037342,41465949.0,1758445506.05,272301780673.56,278462821776.26,0.006399,185.05159057728423,2018-08-31,2018-06-30,13.360138185602613,1.0681711774273346,15.333535813116015,3.166559570463265,32.752208605802146
sz000333,2018-08-16,41.17,42.9,41.07,42.32,0.007139,32217105.0,1354274311.04,274245867636.96,280450895230.16,0.004972,186.37267388241546,2018-08-31,2018-06-30,13.455522323053367,1.0757973400458065,15.443008938864104,3.189167087625068,32.98602662303896
sz000333,2018-08-17,42.64,42.92,41.02,41.12,-0.028355,31582729.0,1314589212.51,266469519783.36,272498601414.56,0.004874,181.08807671447957,2018-08-31,2018-06-30,13.073985773250342,1.045292689571918,15.00511643587174,3.0987370189778547,32.05070783814269
sz000333,2018-08-20,41.12,41.7,40.51,41.7,0.014105,29979363.0,1234034388.11,270228087912.6,276342210092.1,0.004626,183.64232403653733,2018-08-31,2018-06-30,13.258395105655138,1.0600366039676308,15.216764478984716,3.1424448854906744,32.5027830721997
sz000333,2018-08-21,42.0,42.84,41.57,42.56,0.020624,37206702.0,1575726239.64,275801137207.68,282041353993.28,0.005742,187.42976332746687,2018-08-31,2018-06-30,13.531829633013976,1.0818982701405844,15.53058743946258,3.207253101354511,33.17312047028075
sz000333,2018-08-22,42.3,42.5,41.51,41.71,-0.019972,21473436.0,898024796.05,270292890811.38,276408479207.23,0.003314,183.68641609429073,2018-08-31,2018-06-30,13.261574576903497,1.0602908093882464,15.220413583176319,3.1431984693960677,32.5105869082483
sz000333,2018-08-23,41.4,42.05,40.59,41.22,-0.011748,33759546.0,1393122591.05,267117548771.16,273161292565.86,0.00521,181.528468078015,2018-08-31,2018-06-30,13.105780485733929,1.0478347437780753,15.04160747778777,3.106272858031789,32.128652533250204
sz000333,2018-08-24,41.0,41.77,40.86,41.38,0.003882,23057495.0,954254306.4,268154395151.64,274221598407.94,0.003558,182.23316159109388,2018-08-31,2018-06-30,13.156652025707666,1.0519020305079272,15.09999314485342,3.1183302005180846,32.25337596238428
sz000333,2018-08-27,41.85,42.96,41.7,42.91,0.036974,38032813.0,1615957754.11,278069238664.98,284360773022.83,0.005869,188.97105050776298,2018-08-31,2018-06-30,13.643111126706524,1.0907954598621352,15.658306086168688,3.233628538043282,33.44591228521748
sz000333,2018-08-28,43.18,43.9,42.91,43.31,0.009322,33174235.0,1439081390.1,280661354616.18,287011537628.03,0.0051189999999999,190.73263864059635,2018-08-31,2018-06-30,13.770289976640866,1.1009636766867648,15.804270253832808,3.26377189425902,33.75769507954028
sz000333,2018-08-29,43.0,43.26,42.25,42.51,-0.018471,24046861.0,1026363471.52,275477122713.78,281710008417.63,0.003711,187.2096160722659,2018-08-31,2018-06-30,13.515932276772181,1.0806272430375057,15.512341918504562,3.203485181827544,33.13415669372609
sz000333,2018-08-30,42.44,42.89,41.74,41.8,-0.016702,25955451.0,1093950546.48,270876116900.4,277004901243.4,0.004005,184.0828410646269,2018-08-31,2018-06-30,13.290189818138726,1.0625786581737882,15.25325552090075,3.1499807245446094,32.580750008627476
sz000333,2018-08-31,41.8,41.82,40.6,41.6,-0.004785,39138383.0,1613498597.02,270248358016.0,276347818073.6,0.006025,183.20200467013268,2018-08-31,2018-06-30,13.258664166376798,1.060058115938829,15.217073282093947,3.142508657046879,32.4248511198362
sz000333,2018-09-03,41.49,41.85,40.89,41.73,0.003125,22296425.0,923664988.6,271092884134.8,277211405005.08,0.003432,183.77451093472686,2018-10-31,2018-09-30,12.833836982303877,1.0598420264359758,11.567556151146688,3.0137154177890086,32.526178779585685
sz000333,2018-09-04,42.0,42.48,41.15,42.28,0.01318,24493000.0,1026406662.18,274665879252.8,280865042022.88,0.00377,186.19665898884654,2018-10-31,2018-09-30,13.002986523168175,1.0738107087877562,11.720016153138795,3.0534360858883125,32.954873815900626
sz000333,2018-09-05,41.86,42.0,41.0,41.0,-0.030274,23670445.0,979468971.05,266350545160.0,272362032236.0,0.0036439999999999,180.55974133461822,2018-10-31,2018-09-30,12.60932940988399,1.0413017753145222,11.365200148502616,2.9609952583117503,31.95719796599805
sz000333,2018-09-06,40.85,41.42,40.27,40.34,-0.0160979999999999,26366032.0,1075515249.69,262062951018.4,267977667814.64,0.004059,177.65309061861353,2018-10-31,2018-09-30,12.406349960846836,1.0245393564923861,11.182248146112087,2.9133304565925857,31.442750993141413
sz000333,2018-09-07,40.55,41.2,39.96,40.3,-0.000992,20397164.0,826452500.24,261803096828.0,267711948758.8,0.00314,177.47685875271986,2018-10-31,2018-09-30,12.394048176056703,1.0235234523213474,11.171160145967205,2.910441680730818,31.411559784156218
sz000333,2018-10-29,37.1,37.88,36.27,36.27,-0.1,98122200.0,3610730000.0,235040000000.0,240358000000.0,0.015142,159.7291728774479,2018-10-31,2018-09-30,11.12766406323025,0.9189431069238658,10.029726812020467,2.613062079374606,28.270403805740596
sz000333,2018-10-30,34.1,36.77,34.1,36.33,0.0016539999999999,65590800.0,2344670000.0,235429000000.0,240756000000.0,0.0101219999999999,159.99336492938716,2018-10-31,2018-09-30,11.146089954181106,0.9204647511235832,10.046334668930509,2.6173889530696406,28.317163053635287
sz000333,2018-10-31,35.86,37.08,35.56,37.04,0.019543,47864888.0,1748865778.42,240687224622.88,246118089983.28,0.0073659999999999,163.12011526020217,2018-10-31,2018-09-30,11.394334389609723,0.940965236353285,10.270085480943298,2.6756831392481883,28.870565371192484
sz000333,2018-11-01,37.86,39.32,37.8,38.62,0.042657,49778281.0,1919656150.22,250954120273.64,256616647817.34,0.007661,170.07833001685663,2019-04-30,2019-03-31,11.381980788469052,0.9609938784442279,7.274792941735409,2.579891967822771,30.102097078231438
sz000333,2018-11-02,40.91,41.6,39.99,40.98,0.061108,74607000.0,3045070000.0,265562000000.0,271571000000.0,0.0115129999999999,180.47147660752668,2019-04-30,2019-03-31,12.045266474315095,1.016995860489698,7.698731983227673,2.7302353434696203,31.941576026488
sz000333,2018-11-05,40.81,41.36,40.63,41.28,0.0073209999999999,34163776.0,1400072273.77,268238893964.16,274291435056.96,0.005258,181.79270828777035,2019-04-30,2019-03-31,12.165928714344965,1.027183513779848,7.775853253102997,2.7575852002000003,32.17542030457792
sz000333,2018-11-06,40.8,41.1,39.94,40.18,-0.026647,33423700.0,1346930000.0,260378000000.0001,266269000000.0,0.005158,176.94847799002616,2019-04-30,2019-03-31,11.810101442530337,0.9971406032924406,7.548426254799111,2.6769317588045567,31.318041879721832
sz000333,2018-11-07,40.18,41.28,39.72,40.78,0.014933,34861300.0,1418470000.0,264266000000.0,270245000000.0,0.0053799999999999,179.59084961185124,2019-04-30,2019-03-31,11.986453039357233,1.01203017375949,7.661141376683675,2.716904420560176,31.785714199111723
sz000333,2018-11-08,41.29,41.43,40.5,40.63,-0.003678,26445652.0,1080657733.0,264015171069.86,269972408099.91,0.00407,178.93031446697884,2019-04-30,2019-03-31,11.97436249185649,1.0110093547692642,7.653413703332722,2.7141639216115796,31.66880634228739
sz000333,2018-11-09,40.21,40.51,39.7,39.77,-0.021167,24056400.0,960990000.0,257721000000.0,263552000000.0,0.0037119999999999,175.1428965006563,2019-04-30,2019-03-31,11.689591561097068,0.9869658138158377,7.471402364919743,2.64961643637246,30.99847271844019
sz000333,2018-11-12,39.77,40.31,39.01,40.14,0.009303,21328000.0,851520000.0,260119000000.0,266004000000.0,0.0032909999999999,176.7722508668019,2019-04-30,2019-03-31,11.798347626343434,0.9961482149187564,7.540913803265053,2.6742675849199395,31.28685151013984
sz000333,2018-11-13,39.5,41.41,39.3,41.3,0.028899,33918405.0,1380602381.53,268368854668.6,274424328194.1,0.00522,181.8807921446016,2019-04-30,2019-03-31,12.171823059652302,1.027681180210943,7.77962062386516,2.7589212395411824,32.19101023193137
sz000333,2018-11-14,41.35,41.37,40.75,40.85,-0.010896,18178700.0,745010000.0,264720000000.0,270709000000.0,0.002805,179.89901903339404,2019-04-30,2019-03-31,12.007033306190149,1.013767789628884,7.674295254086703,2.7215692382298453,31.840256984444245
sz000333,2018-11-15,40.6,41.24,40.51,41.11,0.006365,17224535.0,705975094.85,267134227976.42,273161843391.27,0.002651,181.04407628954158,2019-04-30,2019-03-31,12.115826779232593,1.0229533491155414,7.743830601624617,2.7462288657999516,32.04292022015023
sz000333,2018-11-16,41.11,42.54,40.9,42.0,0.021649,30313900.0,1268910000.0,272172000000.0,278330000000.0,0.004678,184.96349949713385,2019-04-30,2019-03-31,12.345055318116149,1.0423073813113242,7.89034202065669,2.7981868577569013,32.73661739999626
sz000333,2018-11-19,41.9,42.5,41.25,42.3,0.007143,20720684.0,868819011.0,274866889890.6,281068985051.1,0.003189,186.28469377404187,2019-04-30,2019-03-31,12.466540325019185,1.0525645017656873,7.967989161973273,2.8257232066002906,32.97045505808443
sz000333,2018-11-20,41.9,42.26,40.3,40.8,-0.035461,27752400.0,1148010000.0,264396000000.0,270378000000.0001,0.0042829999999999,179.67885224812056,2019-04-30,2019-03-31,11.99235212446236,1.012528240377226,7.664911776887562,2.718241534245664,31.8012897512697
sz000333,2018-11-21,40.1,41.08,40.06,40.32,-0.011765,23220000.0,939490000.0,261285000000.0,267197000000.0,0.003583,177.5649305514214,2019-04-30,2019-03-31,11.851261976196172,1.0006158350312286,7.574734009605166,2.6862613941438966,31.42714757734601
sz000333,2018-11-22,40.76,40.96,40.1,40.63,0.0076879999999999,18218700.0,738490000.0,263294000000.0,269251000000.0001,0.002811,178.93004973750072,2019-04-30,2019-03-31,11.94236514015051,1.008307781142728,7.632962596212535,2.706911255121272,31.668759487920646
sz000333,2018-11-23,40.41,41.02,39.81,39.88,-0.018459,22076400.0,888510000.0,258434000000.0,264281000000.0,0.003407,175.62717994939618,2019-04-30,2019-03-31,11.721925644116888,0.9896958180589158,7.492068693856828,2.6569454279267473,31.084185856533114
sz000333,2018-11-26,39.6,40.26,39.5,40.02,0.003511,13640100.0,545340000.0,259341000000.0,265209000000.0,0.002105,176.24380697819853,2019-04-30,2019-03-31,11.763086177782723,0.993171049797704,7.518376448662883,2.6662750632660868,31.193322433075405
sz000333,2018-11-27,40.1,40.48,39.35,39.66,-0.0089959999999999,16303285.0,652125513.56,257712076904.52,263527090948.62,0.002509,174.65831769062268,2019-04-30,2019-03-31,11.688486744450612,0.986872532861162,7.47069622136785,2.649366013564244,30.912707304467464
sz000333,2018-11-28,39.25,40.28,39.25,40.02,0.009077,15096883.0,602172517.88,260051369584.44,265919167417.14,0.002323,176.24369124030045,2019-04-30,2019-03-31,11.794584959982691,0.9958305286208702,7.538508895086772,2.6734147217055235,31.193301948670115
sz000333,2018-11-29,40.3,40.37,38.73,38.8,-0.030485,24955020.0,984225120.58,252123766613.6,257812686051.6,0.0038399999999999,170.8709023128399,2019-04-30,2019-03-31,11.435029896235093,0.9654728763240821,7.3086992785948715,2.591916321893411,30.242374138764905
sz000333,2018-11-30,38.9,39.06,38.28,38.69,-0.002835,21609333.0,832245887.29,251408982739.18,257081773797.33,0.003326,170.38648330478298,2019-04-30,2019-03-31,11.402610997044734,0.96273571095306,7.287978739402978,2.584568105516909,30.156637008081503
sz000333,2018-12-03,40.0,41.0,39.73,40.83,0.055311,52639184.0,2130194418.57,265314778114.26,271301339471.31,0.008101,179.81073008285387,2019-04-30,2019-03-31,12.033305944929866,1.015986019080213,7.691087410954344,2.727524315023401,31.824630757635507
sz000333,2018-12-04,40.23,40.78,40.23,40.54,-0.007103,21390619.0,867008921.94,263430347899.88,269374388982.78,0.003292,178.53353446707538,2019-04-30,2019-03-31,11.947837937973471,1.0087698558293372,7.636460534902991,2.7081517445762597,31.598580405364025
sz000333,2018-12-05,40.0,40.3,39.81,40.0,-0.0133199999999999,19192821.0,768053603.94,259921408880.0,265786274280.0,0.002954,176.15546778797395,2019-04-30,2019-03-31,11.788690614675353,0.9953328621897752,7.534741524324609,2.672078682364341,31.177687314364576
sz000333,2018-12-06,39.21,39.72,38.88,38.96,-0.026,21269118.0,833847745.45,253163452249.12,258875831148.72,0.003273,171.57542562548662,2019-04-30,2019-03-31,11.482184658693795,0.9694542077728411,7.33883824469217,2.6026046366228686,30.367067444191097
sz000333,2018-12-07,39.01,39.19,38.25,38.48,-0.01232,22666047.0,872710039.42,250044395342.56,255686395857.36,0.003488,169.46161638178063,2019-04-30,2019-03-31,11.340720371317689,0.9575102134265636,7.248421346400273,2.570539692434496,29.992945173278663
sz000333,2018-12-10,38.0,38.15,36.71,37.06,-0.036902,34656826.0,1288199875.24,240817185327.32,246250983120.42,0.005333,163.20814381406015,2019-04-30,2019-03-31,10.922221854496716,0.9221758968188267,6.98093802228675,2.475680899210562,28.886145510494334
sz000333,2018-12-11,36.85,37.26,36.46,37.04,-0.00054,27087698.0,996533804.02,240687224622.88,246118089983.28,0.004169,163.12001141640056,2019-04-30,2019-03-31,10.916327509189378,0.9216782303877318,6.977170651524588,2.47434485986938,28.87054699191867
sz000333,2018-12-12,37.47,38.01,37.16,37.74,0.0188979999999999,26212518.0,983251039.65,245235849278.28,250769349783.18,0.004034,166.20265339214768,2019-04-30,2019-03-31,11.122629594946195,0.939096555476053,7.109028628200268,2.5211062368107555,29.416142588971944
sz000333,2018-12-13,38.0,40.35,37.89,40.12,0.063063,73813055.0,2920106207.48,260701173106.64,266583633102.84,0.011359,176.68389132301672,2019-04-30,2019-03-31,11.824056686519379,0.9983188607763445,7.557345748897582,2.680094918411434,31.271212789060286
sz000333,2018-12-14,39.8,40.21,39.5,39.75,-0.009222,32482923.0,1294255775.88,258296900074.5,264125110065.75,0.004999,175.05451247723585,2019-04-30,2019-03-31,11.715011298333632,0.9891120318010891,7.48764938979758,2.655378190599564,30.98282966471957
sz000333,2018-12-17,39.97,40.17,39.06,39.46,-0.0072959999999999,30275497.0,1196622235.04,256412469860.12,262198159577.22,0.004659,173.77731475420197,2019-04-30,2019-03-31,11.629543291377237,0.9818958685502133,7.433022513746227,2.6360056201524227,30.75677893948578
sz000333,2018-12-18,39.15,39.52,38.52,38.81,-0.016472,32806107.0,1276899831.74,252188746965.82,257879132620.17,0.005049,170.91485482557076,2019-04-30,2019-03-31,11.437977068888761,0.9657217095396294,7.3105829639759525,2.592584341564002,30.25015327679457
sz000333,2018-12-19,38.81,39.18,38.1,38.25,-0.0144289999999999,18387980.0,711325677.27,248549847241.5,254158124780.25,0.00283,168.44872438529262,2019-04-30,2019-03-31,11.272935400283307,0.9517870494689725,7.205096582635408,2.555175240010901,29.813673815163707
sz000333,2018-12-20,38.18,38.69,37.89,38.33,0.002092,20858219.0,799129970.76,249069690059.26,254689697328.81,0.00321,168.80111911670664,2019-04-30,2019-03-31,11.296512781512657,0.9537777151933521,7.220166065684056,2.56051939737563,29.87604402078503
sz000333,2018-12-21,38.09,38.25,37.3,37.92,-0.010697,25844948.0,973696353.89,246405495618.24,251965388017.44,0.003977,166.99545354551523,2019-04-30,2019-03-31,11.175678702712235,0.9435755533559069,7.142934965059729,2.5331305908813957,29.556459977894693
sz000333,2018-12-24,37.43,37.79,37.02,37.74,-0.0047469999999999,16464210.0,615507715.2,245703610990.56,251257986470.7,0.002529,166.2027261275347,2019-04-30,2019-03-31,11.144302597992564,0.940926432335111,7.122880927946518,2.526018739082291,29.41615546237963
sz000333,2018-12-25,37.02,37.75,36.7,37.38,-0.009539,19271255.0,715052123.8,243359856354.72,248861248920.9,0.00296,164.61731832300416,2019-04-30,2019-03-31,11.03799764475257,0.9319509814702291,7.054936117823021,2.501923170823954,29.135554755423993
sz000333,2018-12-26,37.4,37.9,36.9,37.13,-0.0066879999999999,15094726.0,563234725.91,241732248968.72,247196847844.65,0.002319,163.51635769805992,2019-04-30,2019-03-31,10.96417476055813,0.9257180294807279,7.007752221903926,2.4851901373112204,28.940696165219716
sz000333,2018-12-27,37.91,38.06,36.8,36.8,-0.008888,23074745.0,864454239.93,239583807219.2,244999838424.0,0.003544,162.06302431083955,2019-04-30,2019-03-31,10.866728553421472,0.9174905328545863,6.945469479290723,2.463102533074412,28.683471257703246
sz000333,2018-12-28,36.75,37.4,36.31,36.86,0.00163,21167603.0,782455535.23,239974432991.84,245399294682.3,0.003251,162.3271870404662,2019-04-30,2019-03-31,10.884446045628136,0.9189864413320664,6.956793614311305,2.467118461117468,28.730225315853303
sz000333,2019-01-02,37.2,37.38,36.3,36.44,-0.011394,20862411.0,764857118.98,237412060497.56,242775108715.52,0.003202,160.47763107132715,2019-04-30,2019-03-31,10.768052839991219,0.9091592275818118,6.882400897738525,2.4407362433020907,28.40287312860447
sz000333,2019-01-03,36.26,36.83,36.0,36.2,-0.006586,14323343.0,520938086.51,235848424533.8,241176150809.6,0.002198,159.4207253930914,2019-04-30,2019-03-31,10.697132623701487,0.9031713512201315,6.837072241990523,2.4246611418094317,28.21581180617948
sz000333,2019-01-04,35.99,37.07,35.8,36.99,0.021823,27711832.0,1012555409.23,240995392914.51,246439387249.92,0.004253,162.8997638833448,2019-04-30,2019-03-31,10.930578335655193,0.9228814442439962,6.986279067161034,2.4775750175561018,28.831565467225733
sz000333,2019-01-07,37.66,37.66,36.66,36.99,0.0,25299657.0,937395171.04,240995392914.51,246439387249.92,0.0038829999999999,162.8997638833448,2019-04-30,2019-03-31,10.930578335655193,0.9228814442439962,6.986279067161034,2.4775750175561018,28.831565467225733
sz000333,2019-01-08,37.05,37.2,36.68,36.86,-0.003514,13469806.0,496396722.88,240148423434.14,245573285050.88,0.002067,162.32733411305873,2019-04-30,2019-03-31,10.892163218498254,0.9196380112147525,6.961726045297532,2.4688676709142445,28.7302513461739
sz000333,2019-01-09,38.25,39.5,37.82,39.0,0.058058,82585850.0,3201852582.38,254090844111.0,259830659712.0,0.012676,171.7517344769947,2019-04-30,2019-03-31,11.524535147081712,0.9730299087730697,7.365906559050562,2.6122039925571228,30.398272278830063
sz000333,2019-01-10,38.86,39.78,38.6,39.29,0.007436,35595556.0,1398943848.96,252447816289.91,258225095880.56,0.00554,173.02888037456563,2019-04-30,2019-03-31,11.453321931417236,0.9670172941333384,7.320390632754232,2.5960624784823723,30.624313831495442
sz000333,2019-01-11,39.5,39.95,38.85,39.84,0.0139979999999999,27813944.0,1098274247.02,255981700203.36,261839852885.76,0.0043289999999999,175.45093864204878,2019-04-30,2019-03-31,11.613650948018904,0.9805540595131638,7.422864922599354,2.632403388718191,31.052992976508715
sz000333,2019-01-14,39.91,40.36,39.32,39.45,-0.009789,18716051.0,743527539.77,253475855246.55,259276661554.8,0.002913,173.73344940368176,2019-04-30,2019-03-31,11.499963099883175,0.970955262243833,7.35020133525463,2.606634379641883,30.74901522826167
sz000333,2019-01-15,39.5,41.02,39.33,41.0,0.03929,40219032.0,1629499422.46,263434982639.0,269463704024.0,0.00626,180.55943663075243,2019-04-30,2019-03-31,11.951799419396963,1.0091043283142498,7.638992515727246,2.709049672124644,31.957144036580075
sz000333,2019-01-16,41.0,41.46,40.62,41.2,0.004878,28623403.0,1177411062.7,264720031334.8,270778161116.8,0.004455,181.4402055626372,2019-04-30,2019-03-31,12.010100879979387,1.014026788452368,7.676255893852744,2.7222645485740324,32.113030985190505
sz000333,2019-01-17,41.2,41.7,40.88,40.91,-0.007039,25974048.0,1073148520.39,262856710725.89,268872198332.24,0.004043,180.1630479556818,2019-04-30,2019-03-31,11.925563762134871,1.0068892212520966,7.622223995570771,2.703102977722419,31.88698736008575
sz000333,2019-01-18,41.45,42.1,41.04,42.08,0.028599,38442799.0,1603555662.44,270374245596.32,276561772325.12,0.005983,185.31553096416633,2019-04-30,2019-03-31,12.266627306542054,1.0356856130600887,7.840214757604939,2.780410004951342,32.79892331159684
sz000333,2019-01-21,42.2,42.8,41.6,42.09,0.0002379999999999,29411593.0,1241232667.59,270438498031.11,276627495179.76,0.004578,185.35963606053582,2019-04-30,2019-03-31,12.269542379571176,1.0359317360669946,7.842077926511215,2.7810707487738116,32.806729455345
sz000333,2019-01-22,42.1,42.31,41.02,41.3,-0.018769,24468218.0,1012517244.64,265497923205.9,271570757186.4,0.003806,181.88062105131561,2019-04-30,2019-03-31,12.04525570455501,1.0169949511863257,7.698725099735589,2.730232902346405,32.19097995019763
sz000333,2019-01-23,40.99,42.05,40.99,41.46,0.003874,19227308.0,800266571.65,266526486588.78,272622847286.88,0.002991,182.58522657726843,2019-04-30,2019-03-31,12.091920133434645,1.020934883200607,7.728550669129239,2.740810075817965,32.3156878065247
sz000333,2019-01-24,41.8,42.09,41.21,41.59,0.003136,21956286.0,914100254.23,267362194337.37,273477670493.52,0.003415,183.15781384781474,2019-04-30,2019-03-31,12.129834981899345,1.0241360779622104,7.752783944261578,2.7494040292636073,32.41702980348596
sz000333,2019-01-25,41.73,42.1,40.7,41.9,0.007454,26754815.0,1112391466.92,269355035891.7,275516095063.2,0.004162,184.52307219223633,2019-04-30,2019-03-31,12.220247312853633,1.0317696962398804,7.810570984961774,2.7698973028647553,32.658666343641144
sz000333,2019-01-28,42.18,43.0,41.8,41.84,-0.001432,34221268.0,1454201792.5,268969324623.12,275121561275.52,0.005323,184.25883515285707,2019-04-30,2019-03-31,12.202748152023771,1.0302922217345247,7.799386396439155,2.76593086281292,32.61189913343705
sz000333,2019-01-29,41.84,43.0,41.46,43.0,0.027725,36969152.0,1565725524.91,276426409149.0,282749214504.0,0.005751,189.36741135747002,2019-04-30,2019-03-31,12.541065261401101,1.0588567288380633,8.015621774543108,2.8426153704817296,33.516064036911594
sz000333,2019-01-30,42.79,42.9,42.1,42.1,-0.02093,29219142.0,1242106824.42,270640740120.3,276831207688.8,0.004545,185.4039514377582,2019-04-30,2019-03-31,12.278577848953171,1.0366946112577315,7.847852946703833,2.783118769704205,32.814572816619034
sz000333,2019-01-31,42.88,43.6,42.45,43.53,0.033967,38921536.0,1676325685.92,279833525354.79,286234262961.84,0.006055,191.70156745624456,2019-04-30,2019-03-31,12.695641182064882,1.0719077536353696,8.11441897315957,2.8776522576062717,33.92918541148114
sz000333,2019-02-01,44.35,44.5,43.53,44.26,0.01677,31220321.0,1378311583.33,284526345789.18,291034424045.28,0.004857,194.9164027424858,2019-04-30,2019-03-31,12.908547638828205,1.0898836934505276,8.250498133518093,2.925910611570264,34.49817785083168
sz000333,2019-02-11,43.96,46.32,43.9,46.08,0.041121,34905404.0,1588661129.58,296301538851.84,303077233566.72,0.005428,202.93156013965955,2019-04-30,2019-03-31,13.442694693503274,1.1349823506413554,8.591898219796189,3.0469828327945767,35.91677742223573
sz000333,2019-02-12,46.0,46.9,45.65,46.49,0.008898,30289403.0,1404091094.69,298937902370.27,305773884299.41,0.004711,204.73724516178225,2019-04-30,2019-03-31,13.562302003059184,1.1450809349244058,8.668345230866423,3.0740935741453965,36.23636490773879
sz000333,2019-02-13,46.74,47.23,45.9,46.8,0.006668,32414274.0,1511519913.24,300931250396.4,307812815341.2,0.0050409999999999,206.102433112521,2019-04-30,2019-03-31,13.652736798089265,1.1527164498701268,8.726146629480505,3.0945919395569925,36.477988988943586
sz000333,2019-02-14,46.9,47.31,46.5,47.15,0.007479,22921397.0,1077612635.88,303181804619.45,310114834259.35,0.003565,207.64387320976954,2019-04-30,2019-03-31,13.754840598929674,1.1613371925507792,8.791406273077046,3.1177352553442774,36.75080786859189
sz000333,2019-02-15,46.75,46.75,45.0,45.27,-0.039873,46535959.0,2121611351.99,291093113364.21,297749704070.43,0.007237,199.3644890532764,2019-04-30,2019-03-31,13.206397325844037,1.1150314890089879,8.440868758901333,2.9934225876868594,35.28544290644753
sz000333,2019-02-18,45.8,46.46,45.55,46.4,0.024961,32570218.0,1500350038.25,298427794678.4,305250542828.8,0.005064,204.34082606453524,2019-04-30,2019-03-31,13.5390897032534,1.143121093449311,8.653509089607105,3.0688321678105424,36.16620284683537
sz000333,2019-02-19,46.48,47.34,45.61,46.08,-0.0068969999999999,28075864.0,1303139829.58,296369671956.48,303145366671.36,0.004365,202.93148738716818,2019-04-30,2019-03-31,13.445716670817168,1.1352374997013848,8.593829716575332,3.0476678080325383,35.916764545800746
sz000333,2019-02-21,46.5,47.42,45.64,45.86,-0.004774,41442275.0,1917916038.47,295446251576.02,302116725513.98,0.0064329999999999,201.96269246638184,2019-04-30,2019-03-31,13.400092296907252,1.1313853807380756,8.564668898308337,3.0373263781905218,35.7452979118591
sz000333,2019-02-22,45.9,45.9,44.35,45.61,-0.005451,38882485.0,1750311007.87,293835663636.77,300469774328.23,0.006035,200.86179382974763,2019-04-30,2019-03-31,13.327043385563448,1.1252177761767037,8.51797968713134,3.0207687769138616,35.550450292941555
sz000333,2019-02-25,47.5,49.39,46.69,49.17,0.078053,72852267.0,3466143742.33,316822571727.75,323974863824.37,0.011306,216.5396594235409,2019-04-30,2019-03-31,14.369588673843976,1.2132410876422661,9.184322500880091,3.2570768734844746,38.32526958965653
sz000333,2019-02-26,48.35,48.7,47.35,47.36,-0.036811,49051749.0,2357420867.72,305159995872.0,312049004488.96,0.007613,208.56861802050094,2019-04-30,2019-03-31,13.840628830450493,1.1685803927341414,8.84623782065652,3.1371804093598685,36.91447809079168
sz000333,2019-02-27,47.15,48.21,47.15,47.64,0.005912,31870518.0,1519672018.77,306964151253.0,313893888806.04,0.004946,209.8016756902381,2019-04-30,2019-03-31,13.92245687252241,1.1754892295155086,8.898538213177291,3.1557279286719617,37.13271648526443
sz000333,2019-02-28,47.65,48.18,47.45,47.78,0.002939,25324278.0,1209359036.98,307866228943.5,314816330964.58,0.0039299999999999,210.41828281509171,2019-04-30,2019-03-31,13.963370893558373,1.1789436479061923,8.92468840943768,3.165001688328009,37.24184953901462
sz000333,2019-03-01,48.1,48.67,47.87,48.57,0.016534,35840055.0,1732559947.6,312956524482.75,320021540287.77,0.005562,213.89733870315646,2019-04-30,2019-03-31,14.194242869404148,1.1984364373964789,9.072250231192719,3.2173321892442734,37.857606279292696
sz000333,2019-03-04,49.11,50.2,48.6,48.96,0.0080299999999999,54264368.0,2680277816.61,315469455192.0,322591200586.56,0.008422,215.61493433294282,2019-04-30,2019-03-31,14.308217642290035,1.2080594600562407,9.14509720648951,3.2431662340004044,38.161602857715415
sz000333,2019-03-05,49.42,49.5,48.71,49.0,0.000817,30924255.0,1516133283.26,315727191675.0,322854755489.0,0.004799,215.79109173429285,2019-04-30,2019-03-31,14.319907362586024,1.209046436739293,9.152568691135334,3.245815879616418,38.19278088725017
sz000333,2019-03-06,49.38,49.68,48.7,49.1,0.002041,31652373.0,1553672307.31,316371532882.5,323513642745.1,0.004912,216.23152135252252,2019-04-30,2019-03-31,14.349131663325995,1.2115138784469244,9.171247402749895,3.2524399936564508,38.27073235304105
sz000333,2019-03-07,49.0,49.0,47.18,47.56,-0.031365,51162679.0,2450618685.93,306448678287.0,313366779001.16,0.00794,209.44941968530065,2019-04-30,2019-03-31,13.899077431930435,1.1735152761494037,8.883595243885642,3.150428637439935,37.070370832787916
sz000333,2019-03-08,46.66,47.23,45.7,45.8,-0.037006,46300910.0,2143103988.42,295108273035.0,301770363293.8,0.007186,201.69853446042646,2019-04-30,2019-03-31,13.384729738906936,1.1300883020950943,8.554849919469353,3.0338442303353452,35.698544689749774
sz000333,2019-03-11,45.85,46.68,45.85,46.58,0.017031,29056058.0,1345836614.48,300134134453.5,306909683891.38,0.004509,205.133662200822,2019-04-30,2019-03-31,13.612679284678714,1.1493343474146178,8.700543870062937,3.0855123198476067,36.306526604360904
sz000333,2019-03-12,47.4,47.62,45.76,46.16,-0.009017,41167837.0,1923704514.48,297427901382.0,304142357415.76,0.006389,203.28397196875716,2019-04-30,2019-03-31,13.489937221570836,1.1389710922425669,8.622093281281778,3.057691040879466,35.97915065396938
sz000333,2019-03-13,46.18,46.64,45.53,46.23,0.001516,34880545.0,1601035403.5,297878940227.25,304603578495.03,0.005413,203.59215047026183,2019-04-30,2019-03-31,13.510394232088816,1.1406983014379086,8.63516837941197,3.0623279207074896,36.033695046360805
sz000333,2019-03-14,46.2,47.17,46.15,46.41,0.003894,34423123.0,1607571195.09,299038754400.75,305789575556.01,0.005342,204.384938304193,2019-04-30,2019-03-31,13.562997973420764,1.1451396965116447,8.668790060318182,3.07425132597955,36.17401025487133
sz000333,2019-03-15,47.3,48.58,46.84,47.93,0.0327519999999999,67236236.0,3208694077.79,308832740754.75,315804661848.73,0.010435,211.07895380353193,2019-04-30,2019-03-31,14.007207344668329,1.182644810467639,8.952706476859523,3.1749378593880593,37.358781438738866
sz000333,2019-03-18,47.5,49.5,47.3,49.32,0.029001,51499192.0,2513133993.91,317789083539.0,324963194708.52,0.007993,217.20045454278818,2019-04-30,2019-03-31,14.413425124953934,1.2169422502037128,9.212340568301933,3.267013044544525,38.44222345924374
sz000333,2019-03-19,49.53,49.77,48.68,49.25,-0.001419,29701916.0,1458253078.34,317338044693.75,324501973629.25,0.00461,216.89224709779197,2019-04-30,2019-03-31,14.392968114435954,1.215215041008371,9.19926547017174,3.2623761647165015,38.387673944155075
sz000333,2019-03-20,49.25,49.45,48.38,48.9,-0.007107,29175155.0,1427029779.49,315082850467.5,322195868232.9,0.004528,215.35079389766796,2019-04-30,2019-03-31,14.290683061846055,1.206578995031662,9.133889979520774,3.2391917655763844,38.114852745433964
sz000333,2019-03-21,48.65,48.8,48.08,48.24,-0.013497,25832581.0,1248826262.38,310830198498.0,317847212342.64,0.004009,212.44420423243113,2019-04-30,2019-03-31,14.097802676962242,1.1902938797612959,9.010610482864665,3.1954726129121633,37.60041657792884
sz000333,2019-03-22,48.3,48.82,47.71,48.6,0.0074629999999999,22708007.0,1095838362.18,313149826845.0,320219206464.6,0.003524,214.02967532861774,2019-04-30,2019-03-31,14.203010159626137,1.1991766699087683,9.077853844677087,3.2193194234562834,37.88102848684992
sz000333,2019-03-25,47.68,48.2,46.56,46.69,-0.0393,32685557.0,1548505467.8,300842909781.75,307634459873.09,0.0050729999999999,205.61830908820306,2019-04-30,2019-03-31,13.644826015492685,1.1520485332930122,8.721090452838956,3.092798845291644,36.39230406731672
sz000333,2019-03-26,47.1,47.1,45.91,46.57,-0.00257,22442361.0,1045158394.83,300069700332.75,306843795165.77,0.003483,205.0898700338464,2019-04-30,2019-03-31,13.609756854604717,1.1490876032438546,8.69867599890148,3.0848499084436036,36.29877584586372
sz000333,2019-03-27,46.98,47.8,46.59,47.57,0.021473,22752274.0,1077398364.93,306513112407.75,313432667726.77,0.003531,209.4937648130832,2019-04-30,2019-03-31,13.901999862004432,1.1737620203201666,8.8854631150471,3.1510910488439383,37.078219459601954
sz000333,2019-03-28,47.58,47.74,46.81,47.14,-0.009039,20235793.0,955165290.54,303742445215.5,310599452525.54,0.003141,207.60015067293773,2019-04-30,2019-03-31,13.776335368822552,1.1631520209773525,8.805144655104483,3.122607358471794,36.74306943390661
sz000333,2019-03-29,47.01,48.88,47.01,48.73,0.033729,43946365.0,2127847649.88,313987470414.75,321075759897.53,0.00682,214.60229615498523,2019-04-30,2019-03-31,14.241001750588103,1.202384344128689,9.102136169776019,3.227930771708327,37.98237642284284
sz000333,2019-04-01,49.3,53.57,49.25,52.93,0.086189,97458863.0,5041465396.04,341049801129.75,348749024653.73,0.015125,233.0986534582873,2019-04-30,2019-03-31,15.468422381666903,1.3060168958491996,9.886642057587618,3.5061435613897345,41.25603946435125
sz000333,2019-04-02,52.93,53.36,51.73,51.9,-0.0194599999999999,55677616.0,2906671781.07,334413086692.5,341962485915.9,0.008641,228.56255366198906,2019-04-30,2019-03-31,15.167412084045198,1.2806022462605984,9.694251327957632,3.4379151867773894,40.45319693637498
sz000333,2019-04-03,51.46,52.56,51.45,52.2,0.0057799999999999,37881297.0,1971575177.86,336346110315.0,343939147684.2,0.005879,229.8836452221553,2019-04-30,2019-03-31,15.255084986265112,1.2880045713834918,9.750287462801317,3.45778752889749,40.68701641466722
sz000333,2019-04-04,52.2,53.98,52.19,53.65,0.0277779999999999,53724512.0,2868122017.46,345689057823.75,353493012897.65,0.008338,236.26935311913633,2019-04-30,2019-03-31,15.6788373469947,1.3237824761441446,10.021128781212465,3.553837182477976,41.81722035663385
sz000333,2019-04-08,53.65,55.66,53.2,54.18,0.009879,52200536.0,2836276737.3,349104066223.5,356985115354.98,0.008101,238.60345805860027,2019-04-30,2019-03-31,15.833726140916546,1.3368599171945896,10.120125952769643,3.5889449868901533,42.23033267653703
sz000333,2019-04-09,55.51,56.35,54.2,55.01,0.015319,41411208.0,2279920426.0,354452098245.75,362453879580.61,0.0064269999999999,242.25862443260002,2019-04-30,2019-03-31,16.07628783705831,1.3573396833679288,10.275159259170506,3.643925133422431,42.87725914280891
sz000333,2019-04-10,54.7,55.57,53.65,54.72,-0.005272,39869943.0,2167514768.99,352583508744.0,360543106537.92,0.006188,240.9814369645913,2019-04-30,2019-03-31,15.991537364912393,1.3501841024157983,10.220990995488275,3.624715202706334,42.651210232608015
sz000333,2019-04-11,54.72,54.75,52.31,52.44,-0.041667,51552545.0,2735915625.77,337892529213.0,345520477098.84,0.008001,230.94046343058767,2019-04-30,2019-03-31,15.325223308041044,1.2939264314818069,9.795116370676267,3.4736854025935706,40.874062255845935
sz000333,2019-04-12,51.85,52.43,50.47,51.29,-0.02193,46963565.0,2408399124.74,330482605326.75,337943273653.69,0.007289,225.8759390675549,2019-04-30,2019-03-31,14.989143849531372,1.2655508518440477,9.580311187108803,3.3975080911331847,39.97769407057523
sz000333,2019-04-15,52.05,53.3,51.5,51.5,0.0040939999999999,40118707.0,2099197416.97,331835721862.5,339326936891.5,0.006226,226.8006751620974,2019-04-30,2019-03-31,15.050514881085311,1.2707324794300734,9.619536481499383,3.4114187306172554,40.14136275010016
sz000333,2019-04-16,51.0,52.88,50.65,52.88,0.0267959999999999,31212763.0,1619936652.71,340727630526.0,348419581025.68,0.0048439999999999,232.87802605374094,2019-04-30,2019-03-31,15.453810231296918,1.304783174995384,9.877302701780337,3.502831504369718,41.21699070635184
sz000333,2019-04-17,53.13,53.59,51.97,53.0,0.002269,36187013.0,1906297240.92,341500839975.0,349210245733.0,0.0056159999999999,233.40642629485689,2019-04-30,2019-03-31,15.488879392184883,1.3077441050445415,9.899717155717811,3.510780441217758,41.31051205826455
sz000333,2019-04-18,53.53,54.33,53.1,53.42,0.007925,26587494.0,1427725087.06,344207073046.5,351977572208.62,0.0041259999999999,235.25617222324362,2019-04-30,2019-03-31,15.611621455292765,1.3181073602165925,9.978167744498972,3.538601720185899,41.6378978663263
sz000333,2019-04-19,53.35,55.75,52.7,55.08,0.031075,37099542.0,2009741084.09,354903137091.0,362915100659.88,0.005758,242.56675777508093,2019-04-30,2019-03-31,16.09674484757629,1.3590668925632705,10.288234357300698,3.6485620132504546,42.93179554252239
sz000333,2019-04-22,54.99,54.99,52.2,52.79,-0.041576,41516788.0,2213184521.84,340147723439.25,347826582495.19,0.006443,232.48180225382413,2019-04-30,2019-03-31,15.427508360630943,1.3025624774585158,9.860491861327231,3.496869801733687,41.14686321104647
sz000333,2019-04-23,52.2,52.85,51.57,52.27,-0.00985,36013507.0,1876295374.26,336797149160.25,344400368763.47,0.005589,230.19185650162396,2019-04-30,2019-03-31,15.27554199678309,1.2897317805788338,9.763362560931508,3.462424408725513,40.74156660841766
sz000333,2019-04-24,52.5,52.83,51.55,52.6,0.006313,28905902.0,1510805576.02,338923475145.0,346574696708.6,0.0044859999999999,231.6450576917187,2019-04-30,2019-03-31,15.371982189224996,1.2978743382140165,9.825002309259563,3.4842839850576235,40.9987681184166
sz000333,2019-04-25,52.3,52.3,51.28,51.41,-0.022624,25679535.0,1328686004.7,331255814775.75,338733938361.01,0.003985,226.40431990650126,2019-04-30,2019-03-31,15.024213010419338,1.2685117818932052,9.602725641046279,3.405457027981225,40.071211988505546
sz000333,2019-04-26,50.97,51.36,49.26,49.37,-0.039681,45929376.0,2296898142.89,318111254142.75,325292638336.57,0.007128,217.42037008829138,2019-04-30,2019-03-31,14.42803727532392,1.2181759710575286,9.221679924109216,3.270325101564542,38.481146225589654
sz000333,2019-04-29,49.37,51.98,49.36,51.31,0.039295,44756287.0,2296294398.26,330611473568.25,338075051104.91,0.0069459999999999,225.9639035309108,2019-04-30,2019-03-31,14.994988709679363,1.266044340185574,9.584046929431715,3.3988329139411912,39.993262866524205
sz000333,2019-04-30,51.4,53.5,51.4,52.4,0.021243,45987952.0,2407890584.54,337634792730.0,345256922196.4,0.007137,230.76405473361794,2019-04-30,2019-03-31,15.313533587745056,1.2929394547987543,9.787644886030442,3.471035756977557,40.84283974959778
sz000333,2019-05-06,49.9,51.04,49.0,49.07,-0.06355,66323495.0,3318296818.58,316178230520.25,323315976568.27,0.010293,216.09899905529653,2019-10-31,2019-09-30,12.973952278450115,1.1706331278839266,8.494505119381571,3.098025860389079,38.24727728351084
sz000333,2019-05-07,50.3,51.49,49.9,50.75,0.034237,71785225.0,3653919598.11,327003162806.25,334385282470.75,0.011141,223.49758048595274,2019-10-31,2019-09-30,13.418138947041845,1.2107118655004947,8.785329831029443,3.204092366308249,39.556749315866405
sz000333,2019-05-22,51.51,53.22,51.0,51.41,0.013005,80369414.0,4187357486.43,331255814775.75,338733938361.01,0.012473,226.40416652017254,2019-10-31,2019-09-30,13.592640852560026,1.226457083849861,8.899582396319678,3.245761350776494,40.07118484071925
sz000333,2019-05-23,50.7,50.8,49.4,49.51,-0.036958,42114999.0,2104165315.28,319013331833.25,326215080495.11,0.006536,218.03672133391998,2019-10-31,2019-09-30,13.0902868821289,1.1811299401168374,8.570673496241728,3.125805183367909,38.59023399137594
sz000333,2019-05-24,49.28,50.28,49.01,49.82,0.006261,29940665.0,1489846494.58,321010789576.5,328257630989.02,0.004647,219.40184924619166,2019-10-31,2019-09-30,13.172249898357137,1.1885254214627516,8.624337579938656,3.145376979102994,38.83184744639595
sz000333,2019-05-27,49.82,50.08,48.88,49.75,-0.001405,28480786.0,1406654784.41,320559750731.25,327796409909.75,0.00442,219.0935896480008,2019-10-31,2019-09-30,13.153742120499148,1.1868554740620614,8.612219883619995,3.140957541356362,38.77728870073376
sz000333,2019-05-28,49.77,51.22,49.77,50.51,0.015276,34988936.0,1771284994.74,325456743908.25,332803953056.11,0.00543,222.44046332346366,2019-10-31,2019-09-30,13.354683708671597,1.2049863315552707,8.743783443651175,3.1889400083197956,39.369650562926175
sz000333,2019-05-29,50.05,50.92,49.85,50.38,-0.002574,21849380.0,1100280782.94,324619100338.5,331947399623.18,0.0033909999999999,221.8679015708691,2019-10-31,2019-09-30,13.320312121221047,1.2018850006682742,8.721279150487947,3.1807324810760504,39.268313082377205
sz000333,2019-05-30,49.37,49.72,48.5,49.45,0.007539,32332955.0,1586232809.68,318626727108.75,325819748141.45,0.005018,223.54056368081189,2019-10-31,2019-09-30,13.07442307253634,1.1796985566305314,8.560286899397163,3.122017093870796,39.56435689470525
sz000333,2019-05-31,49.0,50.15,48.95,49.6,0.0030329999999999,24107766.0,1201722988.67,319593238920.0,326808079025.6,0.0037409999999999,224.21856221045576,2019-10-31,2019-09-30,13.114082596517742,1.1832770153462961,8.586253391508578,3.131487317613579,39.684355589166884
sz000333,2019-06-03,49.79,50.99,49.75,50.12,0.010484,22801010.0,1147776867.29,322943813199.0,330234292757.32,0.003539,226.56926961667014,2019-10-31,2019-09-30,13.251568946319948,1.1956823388942819,8.676270564161491,3.16431742658856,40.10040637316371
sz000333,2019-06-04,50.13,50.59,49.21,49.7,-0.00838,16344731.0,811702804.48,320237580127.5,327466966281.7,0.002537,224.67061913728242,2019-10-31,2019-09-30,13.140522279172014,1.1856626544901396,8.603564386249523,3.137800800108768,39.76436496775659
sz000333,2019-06-05,50.42,50.54,49.25,49.51,-0.0038229999999999,22979619.0,1147254243.7,319013331833.25,326215080495.11,0.0035659999999999,223.8117033603206,2019-10-31,2019-09-30,13.0902868821289,1.1811299401168374,8.570673496241728,3.125805183367909,39.61234580048486
sz000333,2019-06-06,50.1,50.1,48.87,49.12,-0.007877,18573924.0,918001247.2,316500401124.0,323645420196.32,0.0028829999999999,222.04873857295135,2019-10-31,2019-09-30,12.98717211977725,1.1718259474558483,8.503160616752044,3.1011826016366735,39.30031935261444
sz000333,2019-06-10,49.56,50.0,49.34,49.76,0.0130289999999999,24381043.0,1213075623.08,320624184852.0,327862298635.36,0.003784,224.94181158781834,2019-10-31,2019-09-30,13.156386088764574,1.1870940379764456,8.613950983094089,3.1415888896058806,39.812363213459655
sz000333,2019-06-11,49.69,51.84,49.6,51.47,0.034365,37427417.0,1912923617.85,331642419500.25,339129270714.67,0.005809,232.6719369430337,2019-10-31,2019-09-30,13.608504662152585,1.2278884673361667,8.909968993164243,3.249549440273607,41.180515075290195
sz000333,2019-06-12,51.34,51.62,50.83,51.51,0.0007769999999999,21263683.0,1089754701.08,331900155983.25,339392825617.11,0.0033,232.85272303803842,2019-10-31,2019-09-30,13.619080535214293,1.228842722993704,8.916893391060622,3.2520748332716822,41.21251233550369
sz000333,2019-06-13,51.69,51.69,50.21,51.03,-0.009319,20181618.0,1027154861.93,328807318187.25,336230166787.83,0.003132,230.68276851204692,2019-10-31,2019-09-30,13.4921700584738,1.2173916551032562,8.833800616304089,3.221770117294777,40.82845293304913
sz000333,2019-06-14,51.28,51.9,50.55,50.57,-0.009014,13592896.0,692935413.99,325843348632.75,333199285409.77,0.00211,228.60339403667936,2019-10-31,2019-09-30,13.370547518264159,1.2064177150415767,8.754170040495742,3.192728097816909,40.46042525831063
sz000333,2019-06-17,50.87,51.25,50.39,50.79,0.00435,13274503.0,674222037.73,327260899289.25,334648837373.19,0.00206,229.59781880073893,2019-10-31,2019-09-30,13.428714820103552,1.211666121158032,8.79225422892582,3.206617759306324,40.63642810818428
sz000333,2019-06-18,50.76,51.3,50.5,50.91,0.002363,12021879.0,613259814.3,328034108738.25,335439502080.51,0.001866,230.14035844656505,2019-10-31,2019-09-30,13.460442439288677,1.2145288881306442,8.813027422614955,3.214193938300551,40.73245198780391
sz000333,2019-06-19,52.5,52.97,52.01,52.01,0.0216069999999999,26345355.0,1381397040.41,335121862020.75,342687261897.61,0.004089,235.11300117151995,2019-10-31,2019-09-30,13.751278948485641,1.2407709187129208,9.003448364765346,3.2836422457476258,41.612558077904396
sz000333,2019-06-20,52.36,53.95,52.11,53.29,0.024611,44843750.0,2389697357.56,343369429476.75,351121018775.69,0.0069599999999999,240.89936724335223,2019-10-31,2019-09-30,14.089706886460293,1.2713070997541156,9.225029097449438,3.364454821686041,42.63668474475969
sz000333,2019-06-21,52.81,53.57,51.83,52.11,-0.022143,62281987.0,3260271975.89,335766203228.25,343346149153.71,0.009666,235.56513255448266,2019-10-31,2019-09-30,13.777718631139914,1.2431565578567643,9.020759359506291,3.289955728242815,41.692580634456476
sz000333,2019-06-24,51.83,52.62,51.4,52.18,0.001343,37697202.0,1965902486.03,336217242073.5,343807370232.98,0.0058509999999999,235.88149652750334,2019-10-31,2019-09-30,13.796226408997901,1.2448265052574545,9.032877055824953,3.2943751659894467,41.748573770248555
sz000333,2019-06-25,52.0,52.18,51.0,51.44,-0.014182,33048049.0,1701992981.34,331449117138.0,338931604537.84,0.005129,232.5362251437503,2019-10-31,2019-09-30,13.600572757356305,1.227172775593014,8.904775694741963,3.247655395525051,41.15649549703889
sz000333,2019-06-26,51.51,51.83,51.32,51.51,0.001361,20254883.0,1043841121.71,331900155983.25,339392825617.11,0.003144,232.8527069461709,2019-10-31,2019-09-30,13.619080535214293,1.228842722993704,8.916893391060622,3.2520748332716822,41.21250948741036
sz000333,2019-06-27,51.7,52.28,51.35,51.77,0.0050479999999999,34520988.0,1789191029.97,333575443122.75,341105932482.97,0.005358,234.02814741083517,2019-10-31,2019-09-30,13.687823710115394,1.2350453847676965,8.961901977387077,3.268489887759173,41.4205502353028
sz000333,2019-06-28,51.69,52.19,51.4,51.86,0.001738,16957648.0,878142832.68,334155350209.5,341698931013.46,0.002632,234.4348883310352,2019-10-31,2019-09-30,13.711619424504239,1.237192459997156,8.97748187265393,3.2741720220048434,41.49253915161176
sz000333,2019-07-01,52.97,54.45,52.76,54.09,0.043,61163012.0,3287136780.35,348524159136.75,356392116824.49,0.009492,244.51558852926973,2019-10-31,2019-09-30,14.30122434769445,1.2903922129048622,9.363517055376995,3.41496268164755,43.276718335131065
sz000333,2019-07-02,53.66,55.1,53.56,54.81,0.013311,50048615.0,2731208814.84,353163415830.75,361136105068.41,0.007767,247.77033552818284,2019-10-31,2019-09-30,14.49159006280519,1.3075688147405342,9.488156217511797,3.460419755612908,43.85277473289
sz000333,2019-07-03,55.22,55.32,53.68,54.09,-0.013136,35433551.0,1936469749.13,348524159136.75,356392116824.49,0.005499,244.51562440068463,2019-10-31,2019-09-30,14.30122434769445,1.2903922129048622,9.363517055376995,3.41496268164755,43.27672468399875
sz000333,2019-07-04,54.45,55.1,54.0,54.4,0.005731,32522651.0,1778536106.77,350521616880.0,358434667318.4,0.005047,245.91694344412494,2019-10-31,2019-09-30,14.383187363922689,1.297787694250777,9.417181139073925,3.4345344773826354,43.524743593162746
sz000333,2019-07-05,54.37,55.5,53.56,55.27,0.015993,38708518.0,2121442309.53,356127385385.25,364166986446.47,0.006007,249.84989312062683,2019-10-31,2019-09-30,14.613212603014832,1.3185427548022135,9.567786793320142,3.4894617750907764,44.2208348174482
sz000333,2019-07-08,54.72,55.05,54.01,54.39,-0.015922,30569091.0,1668586982.08,350457182759.25,358368778592.79,0.004744,245.8717831223602,2019-10-31,2019-09-30,14.38054339565726,1.2975491303363922,9.41545003959983,3.433903129133116,43.51675068548479
sz000333,2019-07-09,54.3,54.48,53.36,53.84,-0.010112,25543296.0,1374182506.22,346913306118.0,354744898684.24,0.003964,243.38552765142688,2019-10-31,2019-09-30,14.235125141058775,1.2844281150452537,9.320239568524633,3.3991789754095785,43.07670930255316
sz000333,2019-07-10,54.3,54.3,53.48,53.9,0.001114,14552591.0,783260388.78,347299910842.5,355140231037.9,0.002259,243.65665912923058,2019-10-31,2019-09-30,14.25098895065134,1.2858594985315601,9.330626165369202,3.402967064906692,43.124696756716205
sz000333,2019-07-11,54.02,55.27,53.92,54.39,0.009091,24381195.0,1332480112.38,350457182759.25,358368778592.79,0.003784,245.87174181737439,2019-10-31,2019-09-30,14.38054339565726,1.2975491303363922,9.41545003959983,3.433903129133116,43.51674337493151
sz000333,2019-07-12,54.45,55.15,54.18,54.78,0.00717,19806829.0,1085347581.22,352970113468.5,360938438891.58,0.003074,247.63464220620494,2019-10-31,2019-09-30,14.483658158008911,1.3068531229973812,9.482962919089514,3.458525710864352,43.82875842492977
sz000333,2019-07-15,54.51,55.3,53.68,54.67,-0.002008,24296257.0,1323497518.79,352261338140.25,360213662909.87,0.003771,247.1373918446549,2019-10-31,2019-09-30,14.454574507089216,1.3042289199391537,9.463920824874476,3.4515808801196446,43.740750278012506
sz000333,2019-07-16,54.8,54.85,53.11,53.52,-0.0210349999999999,26009223.0,1396638230.12,344851414254.0,352636459464.72,0.004037,241.9388568072026,2019-10-31,2019-09-30,14.150518156565113,1.2767940697849551,9.26484438535361,3.3789758314249747,42.82066359591452
sz000333,2019-07-17,53.33,53.47,52.52,52.72,-0.014948,22648983.0,1198886764.56,339696684594.0,347365361415.92,0.003515,238.32235477564853,2019-10-31,2019-09-30,13.939000695330956,1.2577089566342086,9.126356427426053,3.3284679714634655,42.18058031648279
sz000333,2019-07-18,52.5,52.92,52.02,52.69,-0.000569,17885712.0,937199745.13,339503382231.75,347167695239.09,0.002776,238.18674935578116,2019-10-31,2019-09-30,13.931068790534678,1.2569932648910556,9.12116312900377,3.326573926714909,42.1565795662827
sz000333,2019-07-19,53.39,53.39,52.49,52.59,-0.001898,20817364.0,1100783162.47,338859041024.25,346508807982.99,0.003231,237.7346709055039,2019-10-31,2019-09-30,13.904629107880405,1.254607625747212,9.103852134262825,3.32026044421972,42.0765663782659
sz000333,2019-07-22,52.7,53.2,52.0,52.8,0.003993,19181022.0,1013260120.6,340212157560.0,347892471220.8,0.002977,238.68394544642956,2019-10-31,2019-09-30,13.96015244145437,1.259617467949283,9.140205223218809,3.333518757459616,42.24457810781431
sz000333,2019-07-23,52.8,53.22,52.71,53.2,0.007576,14246298.0,755836383.69,342789522390.0,350528020245.2,0.002211,240.49221501713168,2019-10-31,2019-09-30,14.065911172071452,1.2691600245246566,9.209449202182588,3.3587726874403714,42.564623031559115
sz000333,2019-07-24,53.59,53.9,53.3,53.38,0.0033829999999999,17738632.0,950135763.23,343949336563.5,351714017306.18,0.002753,241.30580018053465,2019-10-31,2019-09-30,14.113502600849136,1.2734541749835746,9.24060899271629,3.3701369559317107,42.708619151274874
sz000333,2019-07-25,53.38,53.64,53.04,53.45,0.0013109999999999,16926346.0,902112473.58,344400375408.75,352175238385.45,0.002627,241.62215208457127,2019-10-31,2019-09-30,14.132010378707125,1.2751241223842649,9.25272668903495,3.374556393678343,42.76461015098219
sz000333,2019-07-26,53.1,53.6,53.02,53.43,-0.000374,12894364.0,688512790.76,344271507167.25,352043460934.23,0.002001,241.53178539969164,2019-10-31,2019-09-30,14.126722442176272,1.2746469945554961,9.24926449008676,3.373293697179305,42.74861618678572
sz000333,2019-07-29,53.64,54.38,53.41,54.01,0.010855,22742228.0,1226826330.05,348008686170.75,355865007019.61,0.0035299999999999,244.1536129302053,2019-10-31,2019-09-30,14.280072601571035,1.2884837015897874,9.34966825958424,3.409911895651399,43.21265241549328
sz000333,2019-07-30,54.28,55.38,54.25,55.2,0.022033,34870480.0,1921787802.84,355676346540.0,363705765367.2,0.005412,249.53304948389652,2019-10-31,2019-09-30,14.594704825156844,1.3168728074015235,9.555669097001482,3.4850423373441446,44.16475678616384
sz000333,2019-07-31,55.13,55.66,54.56,54.7,-0.009058,19831720.0,1089621499.05,352454640502.5,360411329086.7,0.003078,247.27277912167136,2019-10-31,2019-09-30,14.462506411885496,1.3049446116823067,9.469114123296759,3.453474924868201,43.76471241919477
sz000333,2019-08-01,54.39,54.98,53.15,53.6,-0.02011,24127303.0,1301037112.65,345366887220.0,353163569269.6,0.003744,242.3001235335346,2019-10-31,2019-09-30,14.171669902688528,1.2787025811000297,9.278693181146366,3.3840266174211253,42.884604052444764
sz000333,2019-08-02,51.5,53.0,51.05,52.75,-0.015858,34176395.0,1781518220.44,339889986956.25,347563027592.75,0.005304,238.45772817453977,2019-10-31,2019-09-30,13.946932600127237,1.2584246483773616,9.131549725848338,3.330362016212022,42.20454000138109
sz000333,2019-08-05,51.63,52.65,51.52,51.6,-0.0218009999999999,28786276.0,1491986471.48,332480063070.0,339985824147.6,0.004468,233.25911124260665,2019-10-31,2019-09-30,13.642876249603136,1.230989798223163,8.932473286327472,3.257756967517352,41.28443882481099
sz000333,2019-08-06,50.61,51.58,49.32,51.51,-0.001744,34173928.0,1729709497.96,331900155983.25,339392825617.11,0.005304,232.85230735259955,2019-10-31,2019-09-30,13.619080535214293,1.228842722993704,8.916893391060622,3.2520748332716822,41.21243876350052
sz000333,2019-08-07,51.76,51.88,51.03,51.03,-0.009319,14531751.0,747701381.06,328807318187.25,336230166787.83,0.002255,230.68235670038067,2019-10-31,2019-09-30,13.4921700584738,1.2173916551032562,8.833800616304089,3.221770117294777,40.82838004666346
sz000333,2019-08-08,51.23,52.0,51.2,51.8,0.0150889999999999,13192300.0,681640000.0,350855000000.0,359435000000.0,0.001948,234.1631227806327,2019-10-31,2019-09-30,14.423328493388064,1.3014096079848745,9.443462955317985,3.444119702800454,41.444439473187565
sz000333,2019-08-09,52.1,52.35,51.01,51.22,-0.011197,14981300.0,772370000.0,346926000000.0,355411000000.0,0.002212,231.54119829485796,2019-10-31,2019-09-30,14.261854307909763,1.2868398742012108,9.337740098800952,3.40556158329604,40.980386084406284
sz000333,2019-08-12,51.0,51.68,50.51,51.25,0.000586,19425100.0,991190000.0,347129000000.0,355619000000.0,0.002868,231.67688143705874,2019-10-31,2019-09-30,14.27020088608558,1.2875929817128915,9.343204898541396,3.4075546471272817,41.00440059065174
sz000333,2019-08-13,51.05,51.66,50.05,50.32,-0.018146,26444100.0,1336560000.0,340830000000.0,349166000000.0,0.003904,227.47287274650185,2019-10-31,2019-09-30,14.011256323736802,1.264228545304844,9.173664741209285,3.3457217581705265,40.260334737533775
sz000333,2019-08-14,51.09,51.2,50.06,50.17,-0.0029809999999999,22387800.0,1128730000.0,339814000000.0,348125000000.0,0.0033049999999999,226.79477611284454,2019-10-31,2019-09-30,13.969483305078027,1.2604593870372516,9.146314469431395,3.335746856976667,40.14031867968119
sz000333,2019-08-15,49.3,50.11,48.61,49.96,-0.004186,26817300.0,1327720000.0,338392000000.0,346668000000.0,0.003959,225.8454131800362,2019-10-31,2019-09-30,13.911017130067616,1.2551840137462975,9.108034598172617,3.3217858281203214,39.97229130568804
sz000333,2019-08-16,50.0,50.65,49.59,50.32,0.007206,20221300.0,1017000000.0,340830000000.0,349166000000.0,0.002985,227.47285522741151,2019-10-31,2019-09-30,14.011256323736802,1.264228545304844,9.173664741209285,3.3457217581705265,40.26033163683683
sz000333,2019-08-19,50.8,51.75,50.55,51.57,0.024841,23181900.0,1188230000.0,349297000000.0,357839000000.0,0.003423,233.1235084241156,2019-10-31,2019-09-30,14.359284557000548,1.2956309561164034,9.401531126540354,3.4288267707107307,41.26043853502749
sz000333,2019-08-20,51.57,51.87,51.18,51.46,-0.002133,15096700.0,777720000.0,348552000000.0,357076000000.0,0.002229,232.626255980647,2019-10-31,2019-09-30,14.32866706109599,1.292868355003845,9.38148476980017,3.4215156759836267,41.17243001963227
sz000333,2019-08-21,51.2,52.05,51.02,51.69,0.004469,21018000.0,1085460000.0,350109000000.0,358672000000.0,0.003103,233.6658627186245,2019-10-31,2019-09-30,14.392710997483507,1.298647006872316,9.423416598577802,3.4368086080733495,41.35642960939001
sz000333,2019-08-22,51.9,52.33,51.37,51.83,0.002708,18928800.0,979990000.0,351058000000.0,359643000000.0,0.0027949999999999,234.29862987486652,2019-10-31,2019-09-30,14.43167507156388,1.302162715496555,9.448927755058428,3.446112766631696,41.46842282077224
sz000333,2019-08-23,52.15,52.65,51.68,52.25,0.008103,21767700.0,1137620000.0,353902000000.0,362558000000.0,0.003214,236.19715167274256,2019-10-31,2019-09-30,14.548647549364391,1.312717082787653,9.525513770651656,3.4740444063820357,41.80444145088896
sz000333,2019-08-26,51.19,51.51,50.63,51.04,-0.023158,27597000.0,1408350000.0,345707000000.0,354162000000.0,0.004074,230.72729803430516,2019-10-31,2019-09-30,14.21173471107517,1.2823176084219374,9.304925027282618,3.393593618270937,40.83633419576927
sz000333,2019-08-27,51.5,52.39,51.31,52.05,0.019788,27139100.0,1413830000.0,352548000000.0,361170000000.0,0.004007,235.292929807808,2019-10-31,2019-09-30,14.492950191152692,1.3076915384308627,9.489046741614468,3.460744538123555,41.644403576835145
sz000333,2019-08-28,52.02,52.45,51.65,52.22,0.003266,21467500.0,1116740000.0,353699000000.0,362350000000.0,0.003169,236.0613965165603,2019-10-31,2019-09-30,14.540300971188577,1.3119639752759729,9.520048970911214,3.4720513425507935,41.78041419891709
sz000333,2019-08-29,52.15,52.5,51.6,51.93,-0.005553,20860000.0,1082410000.0,351735000000.0,360337000000.0,0.00308,234.75054758170387,2019-10-31,2019-09-30,14.459523750669733,1.3046754876749502,9.467161269577021,3.4527627007609367,41.54840755887051
sz000333,2019-08-30,52.6,53.4,52.1,52.78,0.016368,27827100.0,1466010000.0,357492000000.0,366235000000.0,0.004108,238.59294454452117,2019-10-31,2019-09-30,14.696197395289769,1.3260304304821193,9.62211986990939,3.5092775588218292,42.228471893794094
sz000333,2019-09-02,53.7,54.75,53.51,54.23,0.027473,51561400.0,2799660000.0,367314000000.0,376297000000.0,0.007612,245.1478085099928,2019-10-31,2019-09-30,15.09996311454491,1.36246200635966,9.886479557353324,3.6056920216581645,43.3886147021323
sz000333,2019-09-03,54.78,54.99,54.08,54.31,0.001475,30740800.0,1673370000.0,367855000000.0,376852000000.0,0.004539,245.509401527545,2019-10-31,2019-09-30,15.12223403227365,1.3644714999605378,9.901061114353062,3.6110100525540267,43.45261290881794
sz000333,2019-09-04,54.25,54.78,53.6,54.45,0.002578,31752400.0,1719760000.0,368804000000.0,377823000000.0,0.004688,246.142324764683,2019-10-31,2019-09-30,15.161198106354027,1.3679872085847768,9.92657227083369,3.620314211112374,43.56463374489687
sz000333,2019-09-05,54.88,54.97,53.83,53.9,-0.010101,30236100.0,1646450000.0,365078000000.0,374007000000.0,0.004464,243.65604114223493,2019-10-31,2019-09-30,15.00807049905154,1.3541705823127936,9.8263142140571,3.5837491554392016,43.12458737943967
sz000333,2019-09-06,54.1,54.38,53.47,54.21,0.005751,24858000.0,1342160000.0,367178000000.0,376158000000.0,0.00367,245.05730703484394,2019-10-31,2019-09-30,15.094385353167798,1.3619587277821423,9.882827599834467,3.6043601184247867,43.372596881458826
sz000333,2019-09-09,54.69,54.89,53.82,54.11,-0.0018449999999999,29073600.0,1580080000.0,366501000000.0,375464000000.0,0.004292,244.60517630336471,2019-10-31,2019-09-30,15.066536674061949,1.3594459556037475,9.864594085315876,3.597710184295546,43.29257444021254
sz000333,2019-09-10,54.0,54.08,53.2,53.84,-0.00499,23586600.0,1262800000.0,364672000000.0,373591000000.0,0.003482,243.38459647361088,2019-10-31,2019-09-30,14.991377342699906,1.3526643672894327,9.815384614576212,3.5797630277767176,43.076544493755875
sz000333,2019-09-11,54.0,54.4,53.15,53.4,-0.008172,19608300.0,1050690000.0,361692000000.0,370537000000.0,0.002895,241.39565755122854,2019-10-31,2019-09-30,14.868827103522287,1.3416067214208174,9.73514664146413,3.550499484793,42.724522972152904
sz000333,2019-09-12,53.88,54.3,53.52,54.1,0.013109,21300100.0,1150490000.0,366433000000.0,375395000000.0,0.003145,244.5601132260676,2019-10-31,2019-09-30,15.063767857263239,1.3591961266695842,9.862781243094286,3.597049023697682,43.28459874379486
sz000333,2019-09-16,54.4,54.41,53.35,53.47,-0.011645,23680900.0,1271440000.0,362166000000.0,371023000000.0,0.003496,241.71221070755004,2019-10-31,2019-09-30,14.888329204452322,1.3433663860875322,9.747915356242283,3.555156355090998,42.780549591423366
sz000333,2019-09-17,53.25,53.46,52.74,53.0,-0.00879,20692200.0,1096210000.0,358982000000.0,367762000000.0,0.003055,239.58756037543066,2019-10-31,2019-09-30,14.757472514878579,1.3315592534164271,9.662238856465432,3.523909330313688,42.404508560514756
sz000333,2019-09-18,53.27,53.27,52.57,52.71,-0.005472,22507100.0,1189760000.0,357018000000.0,365750000000.0,0.0033229999999999,238.2765372450563,2019-10-31,2019-09-30,14.676735422139426,1.324274386524595,9.609377428206916,3.504630270561481,42.17247108967162
sz000333,2019-09-19,53.09,53.44,52.58,52.84,0.002466,20497100.0,1084250000.0,357899000000.0,366652000000.0,0.003026,238.86412718590262,2019-10-31,2019-09-30,14.712930679421094,1.327540266214671,9.633075742465953,3.513273268521964,42.27646840337875
sz000333,2019-09-20,53.12,53.2,52.1,52.7,-0.00265,27546400.0,1449280000.0,356950000000.0,365680000000.0,0.004067,238.23113724885997,2019-10-31,2019-09-30,14.673926477561029,1.324020936881241,9.607538312909652,3.5039595279259674,42.16443576210979
sz000333,2019-09-23,52.64,52.64,51.69,52.08,-0.011765,20687200.0,1074660000.0,352751000000.0,361378000000.0,0.003054,235.42834791912713,2019-10-31,2019-09-30,14.501296769328508,1.3084446459425432,9.49451154135491,3.462737601954797,41.66837117536857
sz000333,2019-09-24,52.04,52.45,51.56,52.07,-0.000192,20724600.0,1079860000.0,352683000000.0,361309000000.0,0.00306,235.38314567632665,2019-10-31,2019-09-30,14.498527952529798,1.3081948170083797,9.49269869913332,3.462076441356933,41.6603708481029
sz000333,2019-09-25,52.0,52.0,51.01,51.08,-0.019013,29297400.0,1500050000.0,345978000000.0,354439000000.0,0.004325,230.90780592758267,2019-10-31,2019-09-30,14.222850106049696,1.2833205448677814,9.312202669244652,3.3962478427000433,40.86828221716792
sz000333,2019-09-26,51.19,51.47,50.5,51.0,-0.001566,24543500.0,1253260000.0,345436000000.0,353884000000.0,0.003624,230.54620430350008,2019-10-31,2019-09-30,14.200579188320955,1.2813110512669033,9.297621112244912,3.3909298118041815,40.804282487215836
sz000333,2019-09-27,51.0,51.39,50.66,51.32,0.006275,19973300.0,1020460000.0,347603000000.0,356105000000.0,0.002949,231.99288173550454,2019-10-31,2019-09-30,14.289702987015612,1.289352646379606,9.355973613319545,3.4122115174252805,41.060329359823115
sz000333,2019-09-30,51.1,51.78,50.91,51.1,-0.004287,16370800.0,840760000.0,346113000000.0,354578000000.0,0.002417,230.99832825150443,2019-10-31,2019-09-30,14.228427867426804,1.2838238234452983,9.315854626763505,3.3975797459334216,40.88430372785756
sz000333,2019-10-08,51.4,52.81,51.25,52.65,0.030333,42248600.0,2205800000.0,356612000000.0,365333000000.0,0.006238,238.0052005423573,2019-10-31,2019-09-30,14.660002138008101,1.3227645507920436,9.598421555650354,3.500634560861347,42.124447312834654
sz000333,2019-10-09,52.24,52.65,51.91,52.5,-0.002849,18848900.0,984740000.0,355596000000.0,364292000000.0,0.002783,237.32712372601213,2019-10-31,2019-09-30,14.618229119349326,1.3189953925244506,9.571071283872463,3.4906596596674864,42.00443476244039
sz000333,2019-10-10,52.48,52.48,51.77,52.18,-0.006095,17120900.0,891730000.0,353428000000.0,362072000000.0,0.002528,235.8806149069021,2019-10-31,2019-09-30,14.52914544843436,1.3109574181209385,9.512745055873504,3.4693875360840374,41.74841773256332
sz000333,2019-10-11,52.43,53.05,52.11,52.92,0.014182,21816600.0,1149130000.0,358441000000.0,367207000000.0,0.003221,239.22587378751177,2019-10-31,2019-09-30,14.735201597149835,1.3295497598155488,9.647657299465692,3.518591299417826,42.34049379284653
sz000333,2019-10-14,53.33,53.82,53.1,53.45,0.010015,26469700.0,1417850000.0,362030000000.0,370884000000.0,0.003908,241.62172091349373,2019-10-31,2019-09-30,14.882751443075213,1.3428631075100148,9.744263398723428,3.55382445185762,42.76453383818189
sz000333,2019-10-15,53.75,53.94,53.17,53.47,0.000374,16760700.0,898590000.0,362166000000.0,371023000000.0,0.002475,241.71208743711543,2019-10-31,2019-09-30,14.888329204452322,1.3433663860875322,9.747915356242283,3.555156355090998,42.78052777383738
sz000333,2019-10-16,53.77,54.2,53.46,53.66,0.003553,20609300.0,1110490000.0,363453000000.0,372342000000.0,0.003043,242.57089048377946,2019-10-31,2019-09-30,14.941257745865315,1.3481421015101596,9.78256954305788,3.567795062751615,42.932526989017816
sz000333,2019-10-17,54.03,54.03,52.96,53.22,-0.0082,18456800.0,984180000.0,360473000000.0,369288000000.0,0.002725,240.58180918181247,2019-10-31,2019-09-30,14.818707506687694,1.3370844556415438,9.702331569945796,3.5385315197678966,42.58048026770787
sz000333,2019-10-18,53.57,53.97,52.45,52.65,-0.0107099999999999,18128000.0,963900000.0,356612000000.0,365333000000.0,0.002676,238.0051780054753,2019-10-31,2019-09-30,14.660002138008101,1.3227645507920436,9.598421555650354,3.500634560861347,42.124443324040726
sz000333,2019-10-21,52.7,53.65,52.7,53.48,0.015764,18151200.0,968540000.0,362234000000.0,371093000000.0,0.00268,241.75709163155358,2019-10-31,2019-09-30,14.891138149030722,1.3436198357308862,9.749754471539546,3.555827097726512,42.7884930486009
sz000333,2019-10-22,53.78,54.16,53.5,53.94,0.008601,18741000.0,1009190000.0,365349000000.0,374284000000.0,0.002767,243.8364443766766,2019-10-31,2019-09-30,15.019185894026066,1.3551735187586373,9.833591856019131,3.5864033798683077,43.15651687731192
sz000333,2019-10-23,53.58,54.1,53.5,53.73,-0.0038929999999999,13121000.0,705750000.0,363927000000.0,372827000000.0,0.001937,242.8871890987182,2019-10-31,2019-09-30,14.960719719015657,1.3498981454676835,9.795311984760355,3.572442351011963,42.98850855710855
sz000333,2019-10-24,53.84,53.9,53.26,53.75,0.000372,13907700.0,746190000.0,364062000000.0,372966000000.0,0.002053,242.97754313306297,2019-10-31,2019-09-30,14.966297480392765,1.3504014240452007,9.798963942279208,3.5737742542453406,43.004500282291794
sz000333,2019-10-25,53.98,53.98,52.78,53.8,0.00093,18203200.0,975560000.0,364401000000.0,373313000000.0,0.002688,243.2035122481767,2019-10-31,2019-09-30,14.98022181994569,1.3516578101343986,9.808080699538506,3.577099221309961,43.04449446755433
sz000333,2019-10-28,54.0,54.12,53.37,53.59,-0.003903,19337800.0,1040510000.0,362979000000.0,371856000000.0,0.002855,242.25428893987208,2019-10-31,2019-09-30,14.92175564493528,1.3463824368434445,9.76980082827973,3.5631381924536165,42.87649180564747
sz000333,2019-10-29,53.95,54.47,53.7,54.0,0.007651,22941000.0,1240220000.0,365756000000.0,374701000000.0,0.003387,244.10777650455108,2019-10-31,2019-09-30,15.03591917815739,1.356683354491189,9.844547728575694,3.590399089568442,43.20453984445248
sz000333,2019-10-30,53.68,54.0,53.06,53.47,-0.009815,16028600.0,856640000.0,362166000000.0,371023000000.0,0.002366,241.71185867815893,2019-10-31,2019-09-30,14.888329204452322,1.3433663860875322,9.747915356242283,3.555156355090998,42.78048728587918
sz000333,2019-10-31,55.0,55.99,54.54,55.5,0.037965,62793000.0,3468760000.0,375916000000.0,385109000000.0,0.009271,250.88844939287523,2019-10-31,2019-09-30,15.453569109185763,1.3943676957487363,10.117997900203246,3.6901289374317474,44.40464848568759
sz000333,2019-11-01,55.8,59.5,55.6,58.89,0.0610809999999999,74565100.0,4327650000.0,398877000000.0,408632000000.0,0.011009,266.21296677024145,2020-04-30,2020-03-31,17.354411983986097,1.5582605278882482,11.873239184118397,3.662182108545855,47.11692881984187
sz000333,2019-11-04,59.55,60.0,58.71,59.14,0.004245,38428500.0,2278840000.0,400570000000.0,410367000000.0,0.005674,267.3430408141811,2020-04-30,2020-03-31,17.428096631278077,1.5648767058084454,11.923651462120228,3.6777312724838898,47.316940182682096
sz000333,2019-11-05,59.49,60.08,58.78,59.39,0.004227,34345100.0,2049230000.0,402263000000.0,412101000000.0,0.005071,268.47309984770266,2020-04-30,2020-03-31,17.50173880903271,1.5714890703696112,11.97403468405405,3.6932714743677812,47.51694888883429
sz000333,2019-11-06,59.77,60.3,59.27,59.84,0.0075769999999999,26435100.0,1579240000.0,405311000000.0,415224000000.0,0.003903,270.50732052524864,2020-04-30,2020-03-31,17.63437117415827,1.5833981906259667,12.06477678445735,3.7212599694562445,47.876984810564984
sz000333,2019-11-07,59.7,59.7,58.79,59.5,-0.005682,20338700.0,1203870000.0,403009000000.0,412865000000.0,0.003003,268.9702979300242,2020-04-30,2020-03-31,17.534185535563587,1.5744024766699172,11.996233520015664,3.7001184837330023,47.604947782871356
sz000333,2019-11-08,60.78,60.8,59.33,59.62,0.002017,31004600.0,1862040000.0,403821000000.0,413697000000.0,0.004578,269.5128110209491,2020-04-30,2020-03-31,17.569520190633863,1.5775751913843865,12.020408168602135,3.7075749127799447,47.70096696254941
sz000333,2019-11-11,58.65,58.71,57.0,57.2,-0.04059,43571100.0,2504320000.0,387430000000.0,396905000000.0,0.0064329999999999,258.57328602160874,2020-04-30,2020-03-31,16.85637171955207,1.5135412665221644,11.532498674534818,3.5570840996113673,45.76478471353953
sz000333,2019-11-12,56.7,57.1,55.75,56.09,-0.019406,36157500.0,2034640000.0,379912000000.0,389203000000.0,0.005338,253.55541283307338,2020-04-30,2020-03-31,16.529271342927967,1.4841707752591324,11.308708838701893,3.4880583586022933,44.87667330138857
sz000333,2019-11-13,56.88,56.91,56.11,56.55,0.008201,22896400.0,1292170000.0,383027000000.0,392395000000.0,0.0033799999999999,255.6348207737174,2020-04-30,2020-03-31,16.664834106130268,1.4963430172886831,11.401455807798063,3.5166652354266206,45.244706899133256
sz000333,2019-11-14,56.88,56.98,55.61,56.59,0.000707,20979000.0,1184490000.0,383298000000.0,392673000000.0,0.003097,255.81555459200442,2020-04-30,2020-03-31,16.676640637511923,1.4974031310995273,11.40953339470556,3.5191566864783628,45.27669490691095
sz000333,2019-11-15,56.72,57.0,56.36,56.55,-0.000707,14196600.0,804720000.0,383027000000.0,392395000000.0,0.002096,255.63469299490788,2020-04-30,2020-03-31,16.664834106130268,1.4963430172886831,11.401455807798063,3.5166652354266206,45.24468428361176
sz000333,2019-11-18,56.55,56.98,55.8,56.69,0.002476,18003700.0,1013840000.0,383976000000.0,393366000000.0,0.0026579999999999,256.26764449476326,2020-04-30,2020-03-31,16.70607202689137,1.5000457889085743,11.42966924983828,3.5253673899994338,45.35671012189798
sz000333,2019-11-19,56.58,57.98,56.4,57.83,0.020109,25267900.0,1454110000.0,393288000000.0,402868000000.0,0.003715,261.42093055790843,2020-04-30,2020-03-31,17.10961757073482,1.5362803264288718,11.705760008093858,3.610524828465836,46.26878820573923
sz000333,2019-11-20,58.0,58.01,57.11,57.15,-0.011759,13982300.0,803580000.0,388664000000.0,398131000000.0,0.0020559999999999,258.34688183547803,2020-04-30,2020-03-31,16.908439372335913,1.5182164446951685,11.568121413918245,3.568071577990636,45.72471352522794
sz000333,2019-11-21,57.0,57.25,55.75,56.2,-0.016623,19883500.0,1116280000.0,382203000000.0,391512000000.0,0.002924,254.05238161872686,2020-04-30,2020-03-31,16.627333504655446,1.492975821263591,11.37579929974295,3.5087517416183864,44.96463161229808
sz000333,2019-11-22,56.47,57.2,55.46,55.73,-0.0083629999999999,20682600.0,1163710000.0,379007000000.0,388238000000.0,0.003041,251.92774155124948,2020-04-30,2020-03-31,16.48828823939093,1.4804908837934319,11.280669733069749,3.4794099763543374,44.58859239812443
sz000333,2019-11-25,55.73,56.54,55.02,56.53,0.014355,18012900.0,1007830000.0,384447000000.0,393811000000.0,0.002649,255.54416428121763,2020-04-30,2020-03-31,16.724970971009487,1.5017427336777318,11.442599200103881,3.529355504093051,45.2286616419995
sz000333,2019-11-26,57.3,57.35,56.14,56.56,0.000531,18770500.0,1064900000.0,384651000000.0,394020000000.0,0.00276,255.67985823245098,2020-04-30,2020-03-31,16.7338471043144,1.5025397257153807,11.448671918318512,3.5312285734089293,45.25267806133141
sz000333,2019-11-27,55.43,55.59,54.67,55.13,-0.025283,29081000.0,1601370000.0,374926000000.0,384058000000.0,0.0042759999999999,249.21550437675995,2020-04-30,2020-03-31,16.310765573292674,1.4645510430404491,11.159215368777145,3.441948590036766,44.108554601906775
sz000333,2019-11-28,55.74,55.74,54.76,55.17,0.000726,20312000.0,1119850000.0,375198000000.0,384337000000.0,0.002987,249.39643483293747,2020-04-30,2020-03-31,16.322614574211673,1.4656149702103252,11.167322011752656,3.4444490031426516,44.140577412547756
sz000333,2019-11-29,55.11,55.14,53.68,54.3,-0.015769,25382600.0,1378990000.0,369281000000.0,378276000000.0,0.003732,245.46370245205688,2020-04-30,2020-03-31,16.065206708369203,1.4425022011185002,10.991213183528382,3.390129992982174,43.44452464732929
sz000333,2019-12-02,54.58,55.09,54.32,54.75,0.008287,18098700.0,991130000.0,372342000000.0,381411000000.0,0.0026609999999999,247.49786015427702,2020-04-30,2020-03-31,16.198348707942895,1.4544570816832372,11.082303956747834,3.418226032720352,43.8045494230817
sz000333,2019-12-03,54.76,55.03,54.09,54.53,-0.004018,20887500.0,1136020000.0,370846000000.0,379879000000.0,0.003071,246.50341375217715,2020-04-30,2020-03-31,16.133285376731763,1.4486150156464979,11.037790060552556,3.404496165773338,43.628542743499764
sz000333,2019-12-04,54.29,55.39,54.0,55.36,0.015221,27380400.0,1504230000.0,376490000000.0,385661000000.0,0.004026,250.25544221289903,2020-04-30,2020-03-31,16.378844241655234,1.4706638575684472,11.205792245801318,3.45631476282793,44.29261279259857
sz000333,2019-12-05,55.85,55.87,55.11,55.53,0.003071,20504400.0,1136840000.0,377646000000.0,386845000000.0,0.003015,251.02397667593485,2020-04-30,2020-03-31,16.429128173870623,1.4751788746621148,11.240194630328219,3.4669258349331944,44.428635406484645
sz000333,2019-12-06,55.64,56.74,55.53,56.2,0.012066,23793500.0,1335780000.0,382203000000.0,391512000000.0,0.003499,254.05283197850667,2020-04-30,2020-03-31,16.627333504655446,1.492975821263591,11.37579929974295,3.5087517416183864,44.96471132129928
sz000333,2019-12-09,56.6,57.5,56.18,56.81,0.010854,20851400.0,1185260000.0,386351000000.0,395762000000.0,0.003066,256.81032141680134,2020-04-30,2020-03-31,16.80782903836779,1.509182597148801,11.499287588796433,3.5468404717259654,45.45275829798066
sz000333,2019-12-10,56.72,57.88,56.7,57.65,0.014786,20717700.0,1192080000.0,392064000000.0,401614000000.0,0.003046,260.6075188292702,2020-04-30,2020-03-31,17.056360770905343,1.5314983742029769,11.669323698806078,3.5992864125705637,46.124822782174604
sz000333,2019-12-11,57.67,57.78,56.8,57.06,-0.010234,13965500.0,798130000.0,388052000000.0,397504000000.0,0.002054,257.94046148157145,2020-04-30,2020-03-31,16.881810972421174,1.5158254685822212,11.549903259274355,3.5624523700430006,45.65278134582182
sz000333,2019-12-12,57.53,57.67,56.8,56.92,-0.002454,12708400.0,725810000.0,387099000000.0,396528000000.0,0.001869,257.30747558909565,2020-04-30,2020-03-31,16.840360703973353,1.5121036301671706,11.521544536894073,3.553705405199472,45.54074942039918
sz000333,2019-12-13,58.0,58.5,57.57,58.4,0.026001,28444300.0,1654550000.0,397165000000.0,406839000000.0,0.004183,263.99772726188775,2020-04-30,2020-03-31,17.278264103528162,1.5514231751442056,11.82114165417183,3.6461131454675284,46.72485444607898
sz000333,2019-12-16,58.1,58.33,57.8,58.11,-0.004966,21648700.0,1256910000.0,395192000000.0,404818000000.0,0.0031829999999999,262.6867145483052,2020-04-30,2020-03-31,17.192433168555777,1.5437163765409094,11.762419340718399,3.628000834044607,46.49281881889975
sz000333,2019-12-17,58.11,58.95,57.74,58.5,0.006711,25584700.0,1493690000.0,397845000000.0,407535000000.0,0.0037619999999999,264.44960508963885,2020-04-30,2020-03-31,17.30782290151964,1.5540772730303483,11.84136467750859,3.6523507351510283,46.804832125993386
sz000333,2019-12-18,58.8,59.3,57.91,58.2,-0.005128,23648800.0,1385590000.0,395804000000.0,405445000000.0,0.003477,263.0935075147392,2020-04-30,2020-03-31,17.219061568470515,1.5461073526538567,11.780637495362289,3.6336200419922426,46.56481694685129
sz000333,2019-12-19,58.0,58.5,57.86,58.08,-0.002062,13476400.0,783170000.0,394988000000.0,404609000000.0,0.001982,262.5510087022438,2020-04-30,2020-03-31,17.183557035250864,1.5429193845032603,11.75634662250377,3.626127764728728,46.46880029430688
sz000333,2019-12-20,58.35,58.6,57.8,57.8,-0.004821,18136600.0,1055030000.0,393084000000.0,402659000000.0,0.002667,261.2852502892903,2020-04-30,2020-03-31,17.10074143742991,1.5354833343912226,11.699687289879229,3.6086517591499576,46.24477420808803
sz000333,2019-12-23,58.32,58.32,56.98,57.27,-0.00917,24086700.0,1385000000.0,389480000000.0,398967000000.0,0.003542,258.88926454413746,2020-04-30,2020-03-31,16.943943905555564,1.521404412845765,11.592412286776767,3.5755638552541504,45.820709628599865
sz000333,2019-12-24,57.29,57.5,56.78,57.08,-0.0033179999999999,17334500.0,987670000.0,388188000000.0,397643000000.0,0.002549,258.03026996438007,2020-04-30,2020-03-31,16.887714238112,1.5163555254876433,11.553942052728106,3.5636980955688715,45.66867651405217
sz000333,2019-12-25,57.2,57.75,57.0,57.2,0.002102,16225700.0,930230000.0,389004000000.0,398479000000.0,0.002386,258.5726495918452,2020-04-30,2020-03-31,16.92321877133165,1.51954349363824,11.578232925586624,3.571190372832386,45.764672072084714
sz000333,2019-12-26,57.4,57.73,57.16,57.6,0.006993,14262000.0,819040000.0,391724000000.0,401265000000.0,0.002097,260.380848130441,2020-04-30,2020-03-31,17.04153890237226,1.5301675119008737,11.659183131069687,3.596158655674672,46.0847044238848
sz000333,2019-12-27,57.8,58.13,57.16,57.2,-0.006944,18158800.0,1046160000.0,389004000000.0,398479000000.0,0.00267,258.5727635210232,2020-04-30,2020-03-31,16.92321877133165,1.51954349363824,11.578232925586624,3.571190372832386,45.76469223636535
sz000333,2019-12-30,57.0,58.6,56.65,58.23,0.018007,23802900.0,1375570000.0,396008000000.0,405654000000.0,0.0035,263.2288832737463,2020-04-30,2020-03-31,17.227937701775424,1.5469043446915058,11.786710213576919,3.6354931113081204,46.588777049465584
sz000333,2019-12-31,58.17,58.4,57.91,58.25,0.000343,15979400.0,929450000.0,396144000000.0,405794000000.0,0.00235,263.3191707807092,2020-04-30,2020-03-31,17.2338834370036,1.5474382149559598,11.79077806309868,3.6367477988881354,46.604756999993555
sz000333,2020-01-02,58.66,59.89,58.41,59.75,0.025751,34622600.0,2050140000.0,406346000000.0,416243000000.0,0.005091,270.09990274748327,2020-04-30,2020-03-31,17.67764763271189,1.5872840034793851,12.094384917762175,3.7303923026279198,47.80487609750039
sz000333,2020-01-03,59.9,59.96,58.18,58.26,-0.024937,27004300.0,1587220000.0,396212000000.0,405863000000.0,0.003971,263.3644214726693,2020-04-30,2020-03-31,17.236813835080337,1.547701336729155,11.792782931791548,3.6373661806239994,46.612765902257024
sz000333,2020-01-06,57.8,58.2,56.0,57.2,-0.018194,28842500.0,1656280000.0,389004000000.0,398479000000.0,0.004241,258.5727691883955,2020-04-30,2020-03-31,16.92321877133165,1.51954349363824,11.578232925586624,3.571190372832386,45.76469323943136
sz000333,2020-01-07,57.4,58.21,57.2,58.05,0.01486,22526500.0,1304630000.0,394784000000.0,404400000000.0,0.003312,262.4151605385351,2020-04-30,2020-03-31,17.17468090194595,1.542122392465611,11.750273904289138,3.62425469541285,46.44475658096931
sz000333,2020-01-08,57.51,58.98,57.37,58.28,0.0039619999999999,25321000.0,1471080000.0,396349000000.0,406003000000.0,0.0037229999999999,263.45484940458874,2020-04-30,2020-03-31,17.24275957030851,1.5482352069936092,11.79685078131331,3.6386208682040144,46.6287707065431
sz000333,2020-01-09,58.8,59.73,58.5,59.45,0.020075,29635400.0,1757280000.0,404305000000.0,414153000000.0,0.004358,268.7437055063859,2020-04-30,2020-03-31,17.58888629966276,1.5793140831028936,12.033657735615874,3.711661609469134,47.56484327847696
sz000333,2020-01-10,59.97,60.49,59.45,59.99,0.0090829999999999,28070600.0,1683150000.0,407978000000.0,417915000000.0,0.004128,271.1847045835004,2020-04-30,2020-03-31,17.74865669915119,1.5936599397805782,12.142966663479218,3.745376857154948,47.99687474997536
sz000333,2020-01-13,60.5,60.66,59.5,60.11,0.002,27951200.0,1678720000.0,409430000000.0,419366000000.0,0.004104,271.7270739926674,2020-04-30,2020-03-31,17.81027999783745,1.5991931237357404,12.185127018165476,3.7583807977163826,48.092868499475316
sz000333,2020-01-14,60.5,60.8,59.72,59.88,-0.003826,16250000.0,976490000.0,407864000000.0,417762000000.0,0.002386,270.68744620757144,2020-04-30,2020-03-31,17.742158859937547,1.5930764958487107,12.13852108507329,3.7440056628710754,47.90886518459632
sz000333,2020-01-15,59.9,60.0,58.88,59.5,-0.006346,21490000.0,1272650000.0,405275000000.0,415111000000.0,0.003155,268.96966367393816,2020-04-30,2020-03-31,17.62957211643839,1.5829672810553714,12.061493448771929,3.7202472573380896,47.60483552613488
sz000333,2020-01-16,60.0,60.06,59.23,59.66,0.002689,19981400.0,1192330000.0,406365000000.0,416227000000.0001,0.002934,269.6929230995574,2020-04-30,2020-03-31,17.67696812011439,1.5872229897348764,12.093920020673975,3.7302489097616336,47.73284492886465
sz000333,2020-01-17,59.99,61.0,59.49,60.31,0.010895,21713300.0,1312050000.0,410793000000.0,420762000000.0,0.003188,272.6312274967271,2020-04-30,2020-03-31,17.869567471969788,1.6045165729441528,12.225689289111044,3.770891825299954,48.252894274364635
sz000333,2020-01-20,60.8,60.96,59.83,60.2,-0.0018239999999999,20191100.0,1217490000.0,410043000000.0,419994000000.0,0.002964,272.1339481377731,2020-04-30,2020-03-31,17.836950867289534,1.6015879132077195,12.20337422887738,3.764008967718161,48.16488099520819
sz000333,2020-01-21,59.7,59.76,58.03,58.1,-0.034884,27643200.0,1617440000.0,395740000000.0,405343000000.0,0.004058,262.64082749093495,2020-04-30,2020-03-31,17.214729675661417,1.5457183900326117,11.777673776425006,3.6327059124696603,46.48469728657135
sz000333,2020-01-22,57.52,57.96,56.0,57.48,-0.010671,41160600.0,2335990000.0,391517000000.0,401018000000.0,0.006043,259.8381872207792,2020-04-30,2020-03-31,17.03104892664827,1.5292256122200159,11.652006282270577,3.5939450283013605,45.98865908182634
sz000333,2020-01-23,56.1,56.74,55.0,55.1,-0.041406,59653700.0,3313820000.0,375305000000.0,384413000000.0,0.008758,249.0793272407156,2020-04-30,2020-03-31,16.32584225904982,1.465904785496743,11.169530272921612,3.4451301192575166,44.084452663884235
sz000333,2020-02-03,49.59,52.59,49.59,50.19,-0.089111,70506700.0,3565940000.0,341862000000.0,350158000000.0,0.010351,226.88361931096821,2020-04-30,2020-03-31,14.871048257328363,1.335278171861952,10.174214663150533,3.138134954590437,40.156043002552856
sz000333,2020-02-04,50.3,52.82,50.3,52.79,0.0518029999999999,40413100.0,2097010000.0,359571000000.0,368297000000.0,0.005933,238.63687144213426,2020-04-30,2020-03-31,15.641403195212629,1.4044486913400276,10.701262680830801,3.3006976546895803,42.23624649821409
sz000333,2020-02-05,52.92,53.47,52.45,52.87,0.001515,34895000.0,1848770000.0,360116000000.0,368856000000.0,0.005123,238.99840630236906,2020-04-30,2020-03-31,15.665143666587971,1.4065803590388117,10.717505022849839,3.305707442955495,42.300234411658884
sz000333,2020-02-06,52.87,53.96,52.36,53.79,0.017401,39366800.0,2086500000.0,366383000000.0,375274000000.0,0.0057799999999999,243.15721757043661,2020-04-30,2020-03-31,15.937713157262275,1.4310544973049943,10.903986867354604,3.363225906445009,43.03630079065616
sz000333,2020-02-07,53.5,53.53,52.2,52.83,-0.017847,34409000.0,1811880000.0,359844000000.0,368576000000.0,0.005052,238.81759070845703,2020-04-30,2020-03-31,15.653252196131628,1.4055126185099036,10.709369323806314,3.3031980677954658,42.268231930445324
sz000333,2020-02-10,52.3,52.78,51.72,52.3,-0.010032,34604800.0,1804540000.0,356234000000.0,364879000000.0,0.0050799999999999,236.4217726384698,2020-04-30,2020-03-31,15.496242316570564,1.391414630169287,10.601949040363788,3.270065353628944,41.8441970277191
sz000333,2020-02-11,53.19,54.99,52.8,54.68,0.045507,49388200.0,2684340000.0,372445000000.0,381483000000.0,0.007251,247.18061824592863,2020-04-30,2020-03-31,16.201406514631667,1.4547316435335278,11.08439599364474,3.418871300618645,43.748400901859505
sz000333,2020-02-12,54.57,55.36,54.02,54.89,0.003841,23433800.0,1284760000.0,373875000000.0,382948000000.0,0.00344,248.13003900061122,2020-04-30,2020-03-31,16.263624386840746,1.4603182145151357,11.126963133283176,3.432000709938081,43.91643850972355
sz000333,2020-02-13,54.56,54.58,53.5,53.8,-0.019858,31930700.0,1723260000.0,366451000000.0,375344000000.0,0.004688,243.20267268613708,2020-04-30,2020-03-31,15.940686024876362,1.4313214324372214,10.906020792115486,3.363853250235017,43.044345873797454
sz000333,2020-02-14,53.5,53.96,53.18,53.74,-0.001115,21004400.0,1125280000.0,366042000000.0,374925000000.0,0.003084,242.93150170609206,2020-04-30,2020-03-31,15.922891288729193,1.4297236350028912,10.893846299618213,3.3600981495491165,42.996351428148174
sz000333,2020-02-17,53.34,54.42,53.24,54.4,0.012281,32505300.0,1751930000.0,371098000000.0,380092000000.0,0.004765,245.9149434785446,2020-04-30,2020-03-31,16.142331388186054,1.4494272611202743,11.043979003039237,3.4064050833057884,43.52438962003726
sz000333,2020-02-18,54.4,54.4,53.32,53.53,-0.015993,33203500.0,1783040000.0,365163000000.0,374014000000.0,0.004867,241.98202578749223,2020-04-30,2020-03-31,15.884201540208736,1.4262496649249083,10.867376221658747,3.35193371822488,42.828304056844004
sz000333,2020-02-19,53.36,53.87,53.17,53.54,0.000187,23732900.0,1270520000.0,365303000000.0,374084000000.0,0.003478,242.02727642631447,2020-04-30,2020-03-31,15.88717440782282,1.4265166000571357,10.869410146419629,3.3525610620148876,42.83631294970264
sz000333,2020-02-20,53.7,54.98,53.32,54.86,0.024654,37041200.0,2013320000.0,374309000000.0,383306000000.0,0.005429,247.99421689932885,2020-04-30,2020-03-31,16.278828481209924,1.4616833970485248,11.13736520563168,3.43520912532126,43.892399409164604
sz000333,2020-02-21,54.5,54.82,54.02,54.28,-0.010572,29779900.0,1616400000.0,370352000000.0,379254000000.0,0.004365,245.37242203826912,2020-04-30,2020-03-31,16.106741915891714,1.4462316662516144,11.01963001804469,3.398894881933989,43.42836896261092
sz000333,2020-02-24,55.36,55.37,54.45,54.91,0.011606,40782400.0,2243500000.0,374755000000.0,383763000000.0,0.0059759999999999,248.22021436844528,2020-04-30,2020-03-31,16.29823705977617,1.463426102126064,11.150643828713433,3.439304784064593,43.932398612790976
sz000333,2020-02-25,54.0,54.46,53.8,54.43,-0.008742,31546200.0,1706740000.0,371479000000.0,380409000000.0,0.004622,246.05027325443632,2020-04-30,2020-03-31,16.155794231524126,1.4506360959333597,11.053189776599226,3.4092460544691066,43.548341584117956
sz000333,2020-02-26,53.7,55.32,53.21,54.3,-0.002388,38724000.0,2107800000.0,370592000000.0,379500000000.0,0.005674,245.4627052019047,2020-04-30,2020-03-31,16.117189422078358,1.4471697525734406,11.026777810775785,3.4010995472531564,43.44434814441508
sz000333,2020-02-27,54.3,55.2,54.21,54.91,0.011234,28493500.0,1563740000.0,374755000000.0,383763000000.0,0.004175,248.22023323214287,2020-04-30,2020-03-31,16.29823705977617,1.463426102126064,11.150643828713433,3.439304784064593,43.93240195146944
sz000333,2020-02-28,53.88,54.18,52.79,53.05,-0.033874,33405700.0,1788320000.0,362061000000.0,370764000000.0,0.004895,239.8120210516373,2020-04-30,2020-03-31,15.746175543840476,1.4138562480715129,10.772944000617848,3.3228070422602616,42.44423576776536
sz000333,2020-03-02,53.05,54.75,53.05,54.34,0.024317,31893400.0,1725850000.0,370865000000.0,379780000000.0,0.004673,245.64352996754994,2020-04-30,2020-03-31,16.1290808925347,1.4482374931023485,11.034913509819308,3.4036089224131847,43.47635224893011
sz000333,2020-03-03,54.51,55.0,53.97,54.5,0.002944,26499900.0,1441440000.0,371957000000.0,380898000000.0,0.0038829999999999,246.36670451977443,2020-04-30,2020-03-31,16.176561835285383,1.4525008284999168,11.067398193857379,3.4136284989450134,43.60434662995097
sz000333,2020-03-04,54.0,54.44,53.61,54.25,-0.004587,23908400.0,1290730000.0,370251000000.0,379151000000.0,0.003503,245.2366204461422,2020-04-30,2020-03-31,16.102367553545275,1.4458388902713375,11.016637243039394,3.3979717903572637,43.40433349195938
sz000333,2020-03-05,54.55,56.8,54.35,56.54,0.042212,57571800.0,3214970000.0,385880000000.0,395155000000.0,0.008436,255.58854866841477,2020-04-30,2020-03-31,16.78205002919993,1.5068678882164899,11.481650555512793,3.5414005048611883,45.23651721732197
sz000333,2020-03-06,55.82,56.3,55.54,55.8,-0.0130879999999999,28024300.0,1565440000.0,380829000000.0,389984000000.0,0.004106,252.24340574344257,2020-04-30,2020-03-31,16.562440051593693,1.4871490086629793,11.33140162781972,3.4950577228879447,44.64446167998166
sz000333,2020-03-09,54.4,54.47,53.81,53.89,-0.034229,35634300.0,1925270000.0,367794000000.0,376635000000.0,0.005221,243.6093662082503,2020-04-30,2020-03-31,15.995514197587568,1.4362444789472932,10.943532175919733,3.375423262133577,43.11632640113757
sz000333,2020-03-10,53.89,55.68,53.89,55.32,0.026536,37563200.0,2061030000.0,377553000000.0,386629000000.0,0.005504,250.07378434995243,2020-04-30,2020-03-31,16.419954753804305,1.474355189111243,11.2339185196375,3.4649900312383153,44.26046123851816
sz000333,2020-03-11,55.12,55.32,54.46,54.47,-0.015365,19260700.0,1053880000.0,371752000000.0,380688000000.0,0.002822,246.23140065341542,2020-04-30,2020-03-31,16.167643232443126,1.4517000231032358,11.061296419574736,3.4117464675749924,43.58039925158833
sz000333,2020-03-12,53.85,53.87,52.88,53.17,-0.023866,34405500.0,1833240000.0,362880000000.0,371416000000.0,0.0050409999999999,240.35484204542104,2020-04-30,2020-03-31,15.773865682188815,1.4163425581602556,10.791888556962054,3.328650301561471,42.54030944304993
sz000333,2020-03-13,50.87,52.96,50.07,51.9,-0.023886,45208400.0,2323210000.0,354212000000.0,362545000000.0,0.006624,234.61372628832413,2020-04-30,2020-03-31,15.397118416409484,1.3825142501890328,10.534132177622418,3.249147919259277,41.52419161169324
sz000333,2020-03-16,52.2,52.27,50.0,50.1,-0.034682,39667900.0,2019160000.0,342063000000.0,350106000000.0,0.00581,226.4768530331925,2020-04-30,2020-03-31,14.868839841386471,1.3350798771922978,10.172703747613879,3.1376689277750027,40.0840495982165
sz000333,2020-03-17,49.62,51.3,48.57,49.0,-0.021956,47708200.0,2365290000.0,334552000000.0,342419000000.0,0.0069879999999999,221.50432724799572,2020-04-30,2020-03-31,14.542376507822528,1.3057665863147432,9.949349752801144,3.0687776175780725,39.20396420523806
sz000333,2020-03-18,49.7,51.89,49.58,49.7,0.014286,58605900.0,2974940000.0,339332000000.0,347311000000.0,0.008584,224.6687380670606,2020-04-30,2020-03-31,14.750137484509768,1.3244215386983773,10.091492037518707,3.1126199864454307,39.76403203787409
sz000333,2020-03-19,50.35,50.6,47.5,48.6,-0.022133,55486900.0,2708240000.0,331821000000.0,339624000000.0,0.0081269999999999,219.69614488742238,2020-04-30,2020-03-31,14.423674150945825,1.2951082478208225,9.868138042705969,3.0437286762485005,38.88393471677983
sz000333,2020-03-20,49.25,49.73,48.5,49.05,0.009259,36706700.0,1803570000.0,334894000000.0,342768000000.0,0.005376,221.730311492935,2020-04-30,2020-03-31,14.557198376355611,1.3070974486168458,9.959490320537535,3.0719053744739653,39.243961068322484
sz000333,2020-03-23,47.5,47.98,46.3,46.5,-0.051988,47703600.0,2237270000.0,317483000000.0,324949000000.0,0.006987,210.2029960590403,2020-04-30,2020-03-31,13.800433690421452,1.239147204028951,9.441740244621295,2.912210531700569,37.20374602030254
sz000333,2020-03-24,47.35,48.25,46.91,47.99,0.032043,41957600.0,2000210000.0,327656000000.0,335361000000.0,0.006145,216.93853066176013,2020-04-30,2020-03-31,14.24262651324801,1.2788518982681993,9.744272024768321,3.005523439437064,38.3958656540311
sz000333,2020-03-25,49.5,50.16,48.86,49.49,0.031257,39011300.0,1934920000.0,337898000000.0,345843000000.0,0.005714,223.71937831465482,2020-04-30,2020-03-31,14.687792203688657,1.3188235276396743,10.048837729676233,3.099463690963566,39.596005226779155
sz000333,2020-03-26,49.4,49.77,48.84,49.0,-0.009901,23248400.0,1145810000.0,334552000000.0,342419000000.0,0.0034049999999999,221.5043327499614,2020-04-30,2020-03-31,14.542376507822528,1.3057665863147432,9.949349752801144,3.0687776175780725,39.20396517902881
sz000333,2020-03-27,50.0,50.45,49.38,49.45,0.009184,26015400.0,1296480000.0,337625000000.0,345564000000.0,0.00381,223.53862854193707,2020-04-30,2020-03-31,14.67594320276966,1.3177596004697982,10.040731086700722,3.0969632778576806,39.564014395233016
sz000333,2020-03-30,48.8,48.8,47.5,48.09,-0.0275029999999999,37052200.0,1778810000.0,328339000000.0,336060000000.0,0.005427,217.39064564114815,2020-04-30,2020-03-31,14.272312719851522,1.2815174362314374,9.764582216309119,3.011787915282993,38.47588530732092
sz000333,2020-03-31,48.76,49.35,48.34,48.42,0.006862,22525300.0,1098690000.0,330592000000.0,338366000000.0,0.003299,218.8823802515377,2020-04-30,2020-03-31,14.37024747296697,1.2903110421588004,9.831585509146137,3.0324544121366572,38.73990683229975
sz000333,2020-04-01,48.95,49.32,48.05,48.58,0.003304,23439100.0,1141230000.0,331685000000.0,339484000000.0,0.003433,219.6055676358888,2020-04-30,2020-03-31,14.41772841571765,1.2945743775563685,9.864070193184206,3.0424739886684864,38.86790348447367
sz000333,2020-04-02,48.17,49.0,47.8,48.96,0.0078219999999999,23514400.0,1135460000.0,334279000000.0,342139000000.0,0.0034439999999999,221.3233223859367,2020-04-30,2020-03-31,14.530485037366185,1.3046988457858348,9.941214053757617,3.0662682424180434,39.17192822552923
sz000333,2020-04-03,48.8,49.06,48.21,48.38,-0.0118459999999999,19638200.0,953660000.0,330319000000.0,338086000000.0,0.002876,218.7015263089529,2020-04-30,2020-03-31,14.35835600251063,1.2892433016298925,9.823449810102616,3.0299450369766285,38.707897563769606
sz000333,2020-04-07,49.21,49.4,48.7,48.97,0.012195,40048600.0,1962980000.0,334347000000.0,342209000000.0,0.005866,221.36859142229056,2020-04-30,2020-03-31,14.53345790498027,1.304965780918062,9.9432479785185,3.0668955862080507,39.17994037455978
sz000333,2020-04-08,48.6,48.73,48.06,48.24,-0.014907,24426800.0,1182190000.0,329363000000.0,337108000000.0,0.003578,218.06864982995847,2020-04-30,2020-03-31,14.316820794988118,1.2855138364967782,9.795032975586306,3.0211801480248144,38.595885003396205
sz000333,2020-04-09,48.52,48.55,48.11,48.3,0.0012439999999999,17139900.0,828410000.0,329773000000.0,337527000000.0,0.00251,218.3399272303469,2020-04-30,2020-03-31,14.334615531135288,1.2871116339311086,9.80720746808358,3.0249352487107144,38.64389828434042
sz000333,2020-04-10,48.3,50.56,48.04,49.28,0.02029,41246100.0,2043410000.0,336464000000.0,344376000000.0,0.0060409999999999,222.7700443538506,2020-04-30,2020-03-31,14.625489392404893,1.3132293299400029,10.00621247790177,3.086316357535844,39.42798298052969
sz000333,2020-04-13,49.59,50.58,49.3,49.89,0.012378,31076500.0,1555140000.0,340629000000.0,348638000000.0,0.004552,225.52749196286257,2020-04-30,2020-03-31,14.806494560565362,1.3294818661335948,10.130049439771405,3.124512632293138,39.91602255386268
sz000333,2020-04-14,50.67,50.7,49.6,50.48,0.011826,30794200.0,1550040000.0,344657000000.0,352761000000.0,0.00451,228.19458008281535,2020-04-30,2020-03-31,14.981596463035004,1.345204345421764,10.24984760818729,3.1614631815245606,40.38806943658466
sz000333,2020-04-15,50.0,51.28,49.2,50.2,-0.005547,39591500.0,1989240000.0,342745000000.0,350805000000.0,0.005799,226.92878474709596,2020-04-30,2020-03-31,14.898526047989984,1.3377454151555357,10.193013939154676,3.1439334036209314,40.16403681541992
sz000333,2020-04-16,50.2,50.2,49.27,49.49,-0.014143,27929400.0,1385040000.0,337898000000.0,345843000000.0,0.004091,223.7193309444178,2020-04-30,2020-03-31,14.687792203688657,1.3188235276396743,10.048837729676233,3.099463690963566,39.59599684273944
sz000333,2020-04-17,50.0,50.31,49.6,50.09,0.012124,35249900.0,1761720000.0,341994000000.0,350036000000.0,0.005163,226.4317041127879,2020-04-30,2020-03-31,14.865866973772386,1.3348129420600705,10.170669822852998,3.137041583984996,40.07605870846081
sz000333,2020-04-20,50.29,50.98,50.01,50.73,0.012777,20885700.0,1058640000.0,346364000000.0,354508000000.0,0.003059,229.324821996237,2020-04-30,2020-03-31,15.055790744775111,1.3518662836503432,10.300608559005276,3.177119890112311,40.588110510578815
sz000333,2020-04-21,50.99,51.0,50.0,50.25,-0.009462,20971300.0,1056180000.0,343087000000.0,351154000000.0,0.003072,227.15495053050861,2020-04-30,2020-03-31,14.913347916523065,1.3390762774576388,10.203154506891067,3.1470611605168246,40.20406580892772
sz000333,2020-04-22,50.2,51.47,49.99,51.4,0.022886,20763700.0,1056620000.0,350938000000.0,359191000000.0,0.003041,232.35361872834983,2020-04-30,2020-03-31,15.254675588157438,1.3697242439963286,10.436678125508209,3.2190891896637908,41.12417605903084
sz000333,2020-04-23,51.69,52.39,51.31,51.99,0.011479,27116600.0,1408260000.0,354967000000.0,363314000000.0,0.003972,235.02080591773256,2020-04-30,2020-03-31,15.42977749062708,1.385446723284498,10.556476293924094,3.256039738895213,41.596240476012454
sz000333,2020-04-24,52.04,52.3,51.71,52.01,0.000385,13341600.0,693210000.0,355103000000.0,363453000000.0,0.001954,235.1112889280109,2020-04-30,2020-03-31,15.435680756317906,1.3859767801899203,10.560515087377844,3.2572854644210842,41.61225502859572
sz000333,2020-04-27,51.27,52.24,50.85,51.5,-0.009806,21523500.0,1108520000.0,351621000000.0,359889000000.0,0.003152,232.80578762878284,2020-04-30,2020-03-31,15.284319325223604,1.3723859686005349,10.456959260980993,3.2253447034555762,41.20420525578531
sz000333,2020-04-28,51.5,51.94,50.75,51.79,0.005631,25183500.0,1297100000.0,353601000000.0,361916000000.0,0.003688,234.11671701892053,2020-04-30,2020-03-31,15.370405077420054,1.3801156473580218,10.515855910842502,3.2435107872033555,41.43622613558064
sz000333,2020-04-29,51.4,52.77,51.15,52.25,0.008882,20623500.0,1072770000.0,356742000000.0,365130000000.0,0.003021,236.19614169948258,2020-04-30,2020-03-31,15.50690217044393,1.3923717832862723,10.609242113434949,3.2723148292188275,41.80426269611687
sz000333,2020-04-30,53.3,54.16,53.3,53.75,0.0287079999999999,34032300.0,1831860000.0,367592000000.0,376221000000.0,0.0049759999999999,242.97686053539132,2020-04-30,2020-03-31,15.977931809127117,1.434665748308122,10.93150296376252,3.371712971718392,43.00437946959699
sz000333,2020-05-06,53.0,54.2,52.7,54.2,0.008372,32856500.0,1765770000.0,370670000000.0,379371000000.0,0.004804,245.01106281179364,2020-08-31,2020-06-30,16.293043991875876,1.432847741480126,10.775134802440524,3.37632526113053,43.36441213451646
sz000333,2020-05-07,54.19,54.45,53.84,54.0,-0.0036899999999999,21375500.0,1156810000.0,369302000000.0,377971000000.0,0.003126,244.10697199001814,2020-08-31,2020-06-30,16.232917462466336,1.4275600762709448,10.735371118017053,3.3638655439524046,43.2043974537401
sz000333,2020-05-08,54.48,56.48,54.23,56.33,0.043148,40962100.0,2296020000.0,385236000000.0,394280000000.0,0.00599,254.63969961744345,2020-08-31,2020-06-30,16.93334858256646,1.4891575990541819,11.198589638918763,3.5090123492795855,45.06858079507408
sz000333,2020-05-11,56.59,58.5,56.42,56.91,0.010296,37959800.0,2188820000.0,389203000000.0,398340000000.0,0.0055509999999999,257.2614699647047,2020-08-31,2020-06-30,17.10771551785412,1.5044918281608064,11.31390432374683,3.5451455290961493,45.53260690294017
sz000333,2020-05-12,57.5,58.38,57.03,58.0,0.019153,28603400.0,1655220000.0,396657000000.0,405969000000.0,0.004182,262.1887988989386,2020-08-31,2020-06-30,17.435362155615103,1.5333058266471216,11.530588001223018,3.613042087918951,46.40469292295218
sz000333,2020-05-13,57.6,58.0,56.91,57.75,-0.00431,21938600.0,1260870000.0,394948000000.0,404219000000.0,0.003208,261.0587651756842,2020-08-31,2020-06-30,17.36020399385318,1.5266962451356454,11.480883395693677,3.5974674414462933,46.20468869645425
sz000333,2020-05-14,57.75,58.3,57.51,58.0,0.0043289999999999,18002000.0,1044100000.0,396657000000.0,405969000000.0,0.002632,262.1888885701297,2020-08-31,2020-06-30,17.435362155615103,1.5333058266471216,11.530588001223018,3.613042087918951,46.40470879382119
sz000333,2020-05-15,58.0,58.1,56.87,56.95,-0.018103,23361700.0,1338690000.0,389477000000.0,398620000000.0,0.0034159999999999,257.44248312034466,2020-08-31,2020-06-30,17.119740823736027,1.5055493612026425,11.321857060631524,3.5476374725317745,45.56464435052665
sz000333,2020-05-18,57.5,58.2,56.63,57.49,0.0094819999999999,26177500.0,1505220000.0,393170000000.0,402399000000.0,0.003828,259.88355274529175,2020-08-31,2020-06-30,17.28203950562078,1.51982228036371,11.429190605943164,3.58126980911473,45.99668830825834
sz000333,2020-05-19,58.4,59.2,58.0,58.76,0.022091,27855100.0,1638540000.0,401855000000.0,411289000000.0001,0.0040729999999999,265.624640308988,2020-08-31,2020-06-30,17.663842967371355,1.5533989544420093,11.68169000203221,3.660389013195829,47.01280114967608
sz000333,2020-05-20,58.53,59.1,58.52,59.03,0.004595,19061500.0,1123660000.0,403701000000.0,413179000000.0,0.002787,266.84518553120773,2020-08-31,2020-06-30,17.745013782074228,1.5605373024744031,11.735370976003892,3.677209631386298,47.22882497095883
sz000333,2020-05-21,59.55,59.64,58.36,58.72,-0.005252,14913500.0,876850000.0,401581000000.0,411009000000.0,0.0021809999999999,265.4437146167978,2020-08-31,2020-06-30,17.651817661489442,1.552341421400173,11.673737265147512,3.657897069760203,46.98077918221135
sz000333,2020-05-22,58.44,58.55,56.61,57.12,-0.027248,26086200.0,1493150000.0,390639000000.0,399810000000.0,0.003814,258.2109042809193,2020-08-31,2020-06-30,17.170848373734138,1.5100438766304465,11.355656192391475,3.5582282321331813,45.700646911054456
sz000333,2020-05-25,58.3,58.39,56.14,56.84,-0.004902,15944500.0,905630000.0,388724000000.0,397850000000.0,0.0023309999999999,256.94515442813423,2020-08-31,2020-06-30,17.086671232560782,1.5026411453375932,11.299987034198615,3.5407846280838053,45.476622339896466
sz000333,2020-05-26,57.3,58.25,56.77,58.0,0.020408,18430800.0,1061010000.0,396657000000.0,405969000000.0,0.002695,262.18889113970357,2020-08-31,2020-06-30,17.435362155615103,1.5333058266471216,11.530588001223018,3.613042087918951,46.40470924860907
sz000333,2020-05-27,58.25,59.38,57.89,58.25,0.00431,25806500.0,1517720000.0,398367000000.0,407719000000.0,0.003773,263.31892526051575,2020-08-31,2020-06-30,17.510520317377026,1.5399154081585977,11.580292606752357,3.628616734391608,46.60471354547058
sz000333,2020-05-28,59.17,59.37,57.83,58.15,-0.001717,20603100.0,1207710000.0,397683000000.0,407019000000.0,0.003013,262.86680666584346,2020-08-31,2020-06-30,17.480457052672257,1.5372715755540072,11.56041076454062,3.6223868758025453,46.52469325231301
sz000333,2020-05-29,57.99,59.25,57.99,59.02,0.014961,18254900.0,1073960000.0,403633000000.0,413109000000.0,0.002669,266.79955696037115,2020-08-31,2020-06-30,17.74200745560375,1.5602729192139444,11.73338279178272,3.676586645527392,47.220749188060864
sz000333,2020-06-01,59.3,60.48,59.3,60.42,0.023721,29480300.0,1776560000.0,413208000000.0,422908000000.0,0.004311,273.1283092510281,2020-08-31,2020-06-30,18.16285021394952,1.59728279877449,12.011700180115291,3.7637957659762877,48.34087257955086
sz000333,2020-06-02,59.66,59.66,58.55,58.7,-0.00221,20680500.0,1218480000.0,401445000000.0,410869000000.0,0.0030239999999999,272.5246956875833,2020-08-31,2020-06-30,17.64580500854849,1.5518126548792548,11.669760896705167,3.6566510980423907,48.23403925115005
sz000333,2020-06-03,59.15,59.37,57.91,58.33,-0.006303,18092900.0,1059000000.0,398914000000.0,408279000000.0,0.002646,270.8069725306645,2020-08-31,2020-06-30,17.53457092914084,1.54203047424227,11.596198080521745,3.633600621262858,47.93002010175005
sz000333,2020-06-04,58.85,59.9,58.71,58.85,0.008915,14025800.0,827160000.0,402470000000.0,411919000000.0,0.002051,273.2212166907754,2020-08-31,2020-06-30,17.690899905605644,1.5557784037861404,11.69958366002277,3.6659958859259847,48.35731623095716
sz000333,2020-06-05,58.99,59.18,58.6,58.95,0.0016989999999999,12725900.0,749290000.0,403154000000.0,412619000000.0,0.001861,273.685419537933,2020-08-31,2020-06-30,17.720963170310412,1.5584222363907307,11.719465502234506,3.672225744515048,48.439475311233544
sz000333,2020-06-08,59.4,61.56,59.03,60.16,0.020526,35944000.0,2180630000.0,411424000000.0,421088000000.0,0.005256,279.3030864593686,2020-08-31,2020-06-30,18.08468572571712,1.5904088340025548,11.960007390364776,3.7475981336447246,49.43374398147193
sz000333,2020-06-09,60.55,61.43,60.28,60.66,0.008311,24013500.0,1463790000.0,414844000000.0,424588000000.0,0.003511,281.6243744109324,2020-08-31,2020-06-30,18.235002049240965,1.603627997025507,12.059416601423454,3.778747426590039,49.844587827701936
sz000333,2020-06-10,61.08,61.21,60.18,60.32,-0.005605,19014800.0,1153410000.0,412518000000.0,422208000000.0,0.00278,280.0458697923591,2020-08-31,2020-06-30,18.13278694924475,1.5946389661698996,11.991818337903554,3.757565907387225,49.565208912927666
sz000333,2020-06-11,60.35,60.61,59.1,59.66,-0.010942,20137700.0,1204180000.0,408005000000.0,417588000000.0,0.002945,276.98160788509114,2020-08-31,2020-06-30,17.93436940219327,1.5771896709796023,11.860598179306097,3.71644884069941,49.02286639700242
sz000333,2020-06-12,58.7,60.0,58.5,59.98,0.005364,18519000.0,1097620000.0,410193000000.0,419828000000.0,0.002708,278.4673372297867,2020-08-31,2020-06-30,18.03057184924853,1.5856499353142919,11.924220074383651,3.7363843881844105,49.285825052355925
sz000333,2020-06-15,59.09,59.43,58.0,58.0,-0.033011,32000400.0,1872470000.0,396652000000.0,405969000000.0,0.004679,269.27485196049423,2020-08-31,2020-06-30,17.435362155615103,1.5333058266471216,11.530588001223018,3.613042087918951,47.65885068155261
sz000333,2020-06-16,58.69,59.3,58.59,59.0,0.017241,18308800.0,1077630000.0,403491000000.0,412969000000.0,0.002677,273.9174196831451,2020-08-31,2020-06-30,17.7359948026628,1.5597441526930262,11.729406423340375,3.67534067380958,48.48053692615325
sz000333,2020-06-17,58.81,58.88,57.65,57.9,-0.018644,22128300.0,1285600000.0,395969000000.0,405269000000.0,0.0032359999999999,268.8105033105725,2020-08-31,2020-06-30,17.405298890910334,1.530661994042531,11.510706159011281,3.6068122293298877,47.57666579570205
sz000333,2020-06-18,57.85,57.99,57.16,57.85,-0.000864,26722500.0,1537170000.0,395627000000.0,404919000000.0,0.003907,268.5782510357122,2020-08-31,2020-06-30,17.390267258557948,1.529340077740236,11.500765237905414,3.603697300035356,47.535559556454565
sz000333,2020-06-19,57.85,59.98,57.85,59.77,0.0331889999999999,32428000.0,1923450000.0,408893000000.0,418494000000.0,0.00474,277.4920946093364,2020-08-31,2020-06-30,17.973279856225442,1.5806115457506866,11.88633096365443,3.7245120576732544,49.11321724257373
sz000333,2020-06-22,59.6,59.95,58.92,59.09,-0.011377,21979700.0,1306910000.0,404568000000.0,413732000000.0,0.00321,274.335067048966,2020-08-31,2020-06-30,17.768763761190996,1.5626259302320296,11.751077631351166,3.6821312196716574,48.55445617000497
sz000333,2020-06-23,58.86,59.46,58.48,59.0,-0.001523,18114600.0,1068930000.0,403951000000.0,413102000000.0001,0.002646,273.9172547418504,2020-08-31,2020-06-30,17.741706822956708,1.560246480887899,11.733183973360607,3.6765243469415028,48.480507733258044
sz000333,2020-06-24,59.2,60.18,59.09,59.7,0.011864,20032000.0,1194510000.0,408744000000.0,418003000000.0,0.002926,277.16700905210774,2020-08-31,2020-06-30,17.952192623411097,1.5787570860237525,11.872385271474485,3.720142256862926,49.055680477005424
sz000333,2020-06-29,59.7,60.0,58.71,59.95,0.004188,26106100.0,1557840000.0,410738000000.0,420056000000.0001,0.00381,278.32778448601795,2020-08-31,2020-06-30,18.04036388403809,1.5865110693626447,11.930695874418335,3.7384135421248503,49.26112566684312
sz000333,2020-06-30,60.0,61.0,59.5,59.79,-0.002669,26125200.0,1577690000.0,409642000000.0,418935000000.0001,0.003813,277.58492762922475,2020-08-31,2020-06-30,17.992219712989456,1.582277160291579,11.898856524247828,3.728436868584365,49.129647722438314
sz000333,2020-07-01,59.7,62.49,58.92,62.44,0.044322,44261000.0,2719440000.0,428029000000.0,437503000000.0,0.0064569999999999,289.8880467916072,2020-08-31,2020-06-30,18.789669283043963,1.6524067085802012,12.426236590229978,3.893688317558249,51.30717196879222
sz000333,2020-07-02,61.81,63.42,61.61,62.95,0.008168,43526200.0,2715830000.0,431526000000.0,441077000000.0001,0.006349,292.2558523578011,2020-08-31,2020-06-30,18.94316372312232,1.6659053624784963,12.527747596036757,3.925496195554408,51.72624894943331
sz000333,2020-07-03,63.1,63.95,61.83,62.39,-0.008896,34079800.0,2137710000.0,427687000000.0,437153000000.0,0.004971,289.65594429522605,2020-08-31,2020-06-30,18.774637650691577,1.6510847922779057,12.416295669124109,3.890573388263717,51.26609223877915
sz000333,2020-07-06,62.81,64.99,62.51,64.03,0.026286,59925800.0,3811820000.0,438929000000.0,448644000000.0,0.008742,297.2698404469704,2020-08-31,2020-06-30,19.268147614580872,1.694485192934119,12.742670310345616,3.9928409669021767,52.61367273936771
sz000333,2020-07-07,64.14,67.55,64.1,64.38,0.0054659999999999,49039000.0,3224340000.0,441328000000.0,451096000000.0,0.007154,298.89471739485356,2020-08-31,2020-06-30,19.37345493608958,1.7037461608576268,12.812313563350152,4.014663271559865,52.901259074561096
sz000333,2020-07-08,64.3,65.3,63.26,63.98,-0.006213,28482000.0,1818110000.0,438586000000.0,448294000000.0,0.004155,297.0376845156793,2020-08-31,2020-06-30,19.253115982228486,1.6931632766318232,12.732729389239747,3.989726037607645,52.57258355193084
sz000333,2020-07-09,64.0,65.0,63.0,64.98,0.01563,31228100.0,1993730000.0,445441000000.0,455300000000.0,0.004555,301.68038352465936,2020-08-31,2020-06-30,19.554006314402223,1.719624264100053,12.93171822714749,4.052078022286179,53.39429303284752
sz000333,2020-07-10,64.5,64.52,63.2,63.4,-0.024315,27329700.0,1741010000.0,434610000000.0001,444230000000.0,0.003987,294.3450249992573,2020-08-31,2020-06-30,19.078577256856796,1.6778139399103156,12.617301093884757,3.953557258599143,52.096010797753834
sz000333,2020-07-13,62.92,64.1,62.84,63.25,-0.002366,34467900.0,2186340000.0,433582000000.0,443179000000.0,0.005028,293.6486046701091,2020-08-31,2020-06-30,19.033439412278636,1.6738444140997089,12.587449927935424,3.9442035709175642,51.972751636206354
sz000333,2020-07-14,63.86,63.87,61.19,61.84,-0.022292,38296000.0,2377230000.0,423916000000.0,433299000000.0,0.005587,287.102589974803,2020-08-31,2020-06-30,18.609117904731317,1.6365286053377748,12.306831926432638,3.8562735668319337,50.81417505673204
sz000333,2020-07-15,61.89,64.0,61.85,62.98,0.018435,43694900.0,2750960000.0,430383000000.0,442039000000.0001,0.0063939999999999,292.39532622098847,2020-08-31,2020-06-30,18.984479238330874,1.6695387438579476,12.555070927762028,3.934057801215377,51.750934373902886
sz000333,2020-07-16,63.0,64.49,61.09,61.14,-0.029216,36958900.0,2326870000.0,417809000000.0,429124000000.0,0.005408,283.85270437011604,2020-08-31,2020-06-30,18.42981200452787,1.6207600323032532,12.188250938955502,3.819116910247166,50.23897907523494
sz000333,2020-07-17,60.8,64.42,60.72,63.9,0.045142,36087600.0,2269490000.0,436670000000.0,448496000000.0,0.005281,296.6663831507918,2020-08-31,2020-06-30,19.261791381471863,1.6939262111834337,12.73846672084942,3.991523796800489,52.50686706864919
sz000333,2020-07-20,63.9,67.68,63.28,67.38,0.05446,60069400.0,3970340000.0,460451000000.0,472921000000.0,0.00879,312.8228343771839,2020-08-31,2020-06-30,20.310784582063288,1.7861770845650369,13.43220100088034,4.208901362568861,55.36639104920783
sz000333,2020-07-21,67.0,67.92,66.07,67.35,-0.000445,32874700.0,2206460000.0,460246000000.0,472711000000.0,0.004811,312.683628215886,2020-08-31,2020-06-30,20.301765602651855,1.7853839347836595,13.426236448216818,4.207032404992143,55.341753005190924
sz000333,2020-07-22,66.8,67.98,66.31,67.35,0.0,30389800.0,2045490000.0,460246000000.0,472711000000.0,0.0044469999999999,312.683628215886,2020-08-31,2020-06-30,20.301765602651855,1.7853839347836595,13.426236448216818,4.207032404992143,55.341753005190924
sz000333,2020-07-23,66.5,70.47,66.36,70.19,0.042168,48715900.0,3362000000.0,479654000000.0,492644000000.0,0.007129,325.86887145049354,2020-08-31,2020-06-30,21.15783853888067,1.8606689566512336,13.992386106511859,4.3844320782147,57.675404045913815
sz000333,2020-07-24,69.17,70.15,66.0,66.5,-0.052572,40925600.0,2781430000.0,454438000000.0,466745000000.0,0.005989,308.7372931405982,2020-08-31,2020-06-30,20.045540692325208,1.7628509271851072,13.256786347309369,4.153936210217358,54.64329270441204
sz000333,2020-07-27,67.61,67.8,64.8,67.18,0.010226,27302900.0,1806010000.0,459085000000.0001,471517000000.0,0.003995,311.89444070025394,2020-08-31,2020-06-30,20.25048626256972,1.7808743117409724,13.392323705929945,4.196406046198798,55.202075015607356
sz000333,2020-07-28,67.18,68.54,66.62,67.11,-0.001042,23410300.0,1580820000.0,458606000000.0001,471026000000.0,0.003426,311.5694466930443,2020-08-31,2020-06-30,20.229399029755374,1.7790198520140381,13.378378013749996,4.192036245388469,55.144554453441096
sz000333,2020-07-29,67.35,72.0,67.35,71.63,0.067352,46054200.0,3268090000.0,489494000000.0,502751000000.0,0.006739,332.55427206671425,2020-08-31,2020-06-30,21.591909133696532,1.8988421225577987,14.279451505417589,4.474382336442783,58.85865048498927
sz000333,2020-07-30,71.6,72.3,70.25,70.97,-0.009214,19480800.0,1385610000.0,484984000000.0,498118000000.0,0.002851,329.49011700389156,2020-08-31,2020-06-30,21.39293326887197,1.881343727619131,14.14786211260763,4.433149572381172,58.31632687942057
sz000333,2020-07-31,70.58,73.75,70.07,71.75,0.0109909999999999,29357500.0,2117690000.0,490314000000.0001,503593000000.0,0.004296,333.1115428798813,2020-08-31,2020-06-30,21.628070946384273,1.9020222754907492,14.303366521335134,4.481875966345628,58.95728162815228
sz000333,2020-08-03,72.0,74.74,71.81,72.49,0.010314,34331000.0,2510510000.0,495755000000.0,509010000000.0001,0.00502,336.5472553331444,2020-08-31,2020-06-30,21.860717667678184,1.9224817629465587,14.45722357742224,4.530086172026991,59.56536703086504
sz000333,2020-08-04,72.0,72.28,70.33,72.05,-0.00607,29227100.0,2081710000.0,492746000000.0,505920000000.0,0.004274,334.5044134932722,2020-08-31,2020-06-30,21.728009827767128,1.910811130449152,14.369459445373291,4.50258579625527,59.203805252987685
sz000333,2020-08-05,71.0,72.4,70.8,71.4,-0.009022,19111800.0,1362330000.0,488301000000.0,501356000000.0001,0.0027949999999999,331.4865146747359,2020-08-31,2020-06-30,21.531997341892033,1.8935733418672227,14.239829834152776,4.461967118254581,58.669668521995234
sz000333,2020-08-06,71.0,71.8,70.04,70.6,-0.011204,21873500.0,1545540000.0,482830000000.0,495739000000.0001,0.003198,327.77253976432013,2020-08-31,2020-06-30,21.290761116396762,1.8723584736672443,14.080292251719463,4.411976952976343,58.012333555874804
sz000333,2020-08-07,70.38,71.11,68.85,70.55,-0.000708,25414400.0,1782880000.0,482488000000.0,495388000000.0,0.0037159999999999,327.54047680616696,2020-08-31,2020-06-30,21.275686536523366,1.8710327804612281,14.070322927981861,4.4088531238838256,57.97126082371724
sz000333,2020-08-10,70.2,72.4,69.3,72.0,0.020553,24105500.0,1710560000.0,492404000000.0,505569000000.0,0.003525,334.27241622596415,2020-08-31,2020-06-30,21.712935247893736,1.909485437243136,14.359490121635691,4.4994619671627545,59.162744147427105
sz000333,2020-08-11,72.15,73.49,71.18,71.3,-0.009722,20568100.0,1492140000.0,487617000000.0,500654000000.0,0.003007,331.0226197954153,2020-08-31,2020-06-30,21.501848182145245,1.89092195545519,14.219891186677575,4.455719460069547,58.58756394882582
sz000333,2020-08-12,70.66,71.61,69.17,69.66,-0.023001,28973800.0,2027500000.0,476401000000.0,489138000000.0,0.0042369999999999,323.40876851750096,2020-08-31,2020-06-30,21.007264530230785,1.8474271322059561,13.892806479662793,4.353229386481479,57.23999139043887
sz000333,2020-08-13,69.81,71.08,69.78,70.01,0.005024,13064500.0,917530000.0,478795000000.0,491596000000.0,0.00191,325.03357417053286,2020-08-31,2020-06-30,21.11282953686553,1.8567107615517895,13.962620148457715,4.375105089927075,57.52756510718443
sz000333,2020-08-14,70.0,72.07,69.73,72.04,0.0289959999999999,16119700.0,1148280000.0,492678000000.0,505850000000.0,0.002357,334.45824768718154,2020-08-31,2020-06-30,21.72500350129665,1.910546747188693,14.367471261152115,4.501962810396363,59.195634385032335
sz000333,2020-08-17,72.4,73.8,71.4,72.13,0.001249,24517200.0,1785520000.0,493293000000.0,506482000000.0,0.003585,334.87598603854286,2020-08-31,2020-06-30,21.752146334572956,1.912933750340266,14.385421724406141,4.507587482722488,59.26956973237924
sz000333,2020-08-18,72.14,72.74,71.06,71.8,-0.004575,19301500.0,1382260000.0,491036000000.0,504165000000.0,0.002822,333.3439284024165,2020-08-31,2020-06-30,21.652636928400167,1.9041826644190716,14.319612826685294,4.486966650792691,58.9984114508536
sz000333,2020-08-19,71.7,72.3,70.0,70.12,-0.023398,25327300.0,1791350000.0,479547000000.0,492368000000.0,0.003703,325.54434716565675,2020-08-31,2020-06-30,21.145985023082787,1.8596265312242806,13.984546980154088,4.381975733971012,57.61796661972653
sz000333,2020-08-20,69.8,70.09,68.65,69.04,-0.015402,21907600.0,1513930000.0,472161000000.0,484785000000.0001,0.003203,320.5303131306113,2020-08-31,2020-06-30,20.820313971288126,1.8309862703091244,13.769169823737531,4.314488565855494,56.7305346978495
sz000333,2020-08-21,69.15,69.88,68.85,69.38,0.004925,12645600.0,876810000.0,474486000000.0,487172000000.0,0.001849,322.1089249227796,2020-08-31,2020-06-30,20.922829703931384,1.8400017394907775,13.836966905679544,4.3357323836441966,57.00993258123641
sz000333,2020-08-24,69.3,70.39,69.16,70.37,0.014269,17427900.0,1215650000.0,481257000000.0,494124000000.0,0.002548,326.70509717250275,2020-08-31,2020-06-30,21.221400869970754,1.8662587741580816,14.034422001473814,4.397603779231575,57.823407309238085
sz000333,2020-08-25,70.35,70.4,69.54,69.98,-0.005542,17931800.0,1254920000.0,478590000000.0,491385000000.0001,0.0026219999999999,324.89449752397275,2020-08-31,2020-06-30,21.103767609933097,1.855913834866692,13.956627193162468,4.373227232552372,57.50294998593028
sz000333,2020-08-26,69.98,71.4,68.65,69.29,-0.0098599999999999,23770200.0,1661360000.0,473871000000.0,486540000000.0,0.003476,321.69103777838643,2020-08-31,2020-06-30,20.89568687065508,1.8376147363392044,13.819016442425523,4.330107711318071,56.93597089906902
sz000333,2020-08-27,69.3,69.85,67.09,67.99,-0.018762,34293200.0,2327750000.0,464980000000.0,477412000000.0,0.005014,315.65547052758836,2020-08-31,2020-06-30,20.503661898904884,1.803139159175345,13.559757219984487,4.248870355316692,55.86773821306068
sz000333,2020-08-28,67.4,70.52,67.1,70.28,0.033681,32318600.0,2228510000.0,480641000000.0,493492000000.0,0.004726,326.2870624304281,2020-08-31,2020-06-30,21.19425803669445,1.8638717710065087,14.016471538219788,4.391979106905451,57.74941950381479
sz000333,2020-08-31,71.03,73.49,70.53,70.54,0.003699,25868300.0,1852440000.0,482506000000.0001,495404000000.0,0.003782,327.4939982743582,2020-08-31,2020-06-30,21.276373696859473,1.8710932109207616,14.070777370089559,4.408995520651576,57.96303460655939
sz000333,2020-09-01,70.56,72.22,70.55,71.7,0.0164449999999999,20547700.0,1468840000.0,490441000000.0,503551000000.0,0.0030039999999999,332.87963707597993,2021-04-30,2021-03-31,17.206248608220392,1.6224167434441523,16.54111746384095,4.0488424104734415,58.91623671066425
sz000333,2020-09-02,72.0,72.49,70.38,70.93,-0.010739,18310800.0,1304980000.0,485174000000.0,498143000000.0,0.002677,329.304842653421,2021-04-30,2021-03-31,17.021458204719544,1.604992431411119,16.363470386892534,4.00535895049453,58.28353524462843
sz000333,2020-09-03,71.0,72.98,70.72,70.93,0.0,32530900.0,2340690000.0,485174000000.0,498143000000.0,0.004756,329.304842653421,2021-04-30,2021-03-31,17.021458204719544,1.604992431411119,16.363470386892534,4.00535895049453,58.28353524462843
sz000333,2020-09-04,69.5,69.88,68.2,68.79,-0.0301709999999999,35933600.0,2474690000.0,470536000000.0,483114000000.0001,0.005253,319.3693862457246,2021-04-30,2021-03-31,16.5079199328604,1.55656972698352,15.86978364143068,3.8845170643955957,56.525062702762746
sz000333,2020-09-07,68.1,68.67,66.49,66.7,-0.030382,44222600.0,2971280000.0,456240000000.0,468436000000.0,0.006465,309.66630555280705,2021-04-30,2021-03-31,16.006375268920777,1.5092779274234487,15.387626874520754,3.766497422093367,54.80771824772741
sz000333,2020-09-08,66.7,67.0,65.64,66.88,0.002699,26350900.0,1747650000.0,457471000000.0,469700000000.0,0.003852,310.50209491149405,2021-04-30,2021-03-31,16.049565925360326,1.5133504737270276,15.429147936884439,3.7766607159937635,54.955644279278026
sz000333,2020-09-09,66.0,66.58,64.73,64.86,-0.0302029999999999,28454200.0,1861650000.0,443654000000.0,455513000000.0,0.00416,301.12400013888225,2021-04-30,2021-03-31,15.564798644578794,1.4676406522010208,14.963120000370537,3.6625889987746802,53.295818955110995
sz000333,2020-09-10,65.51,66.21,64.91,65.9,0.016035,21030200.0,1381760000.0,450767000000.0,462817000000.0,0.003075,305.95252348110927,2021-04-30,2021-03-31,15.814375032738964,1.4911737836894223,15.203048670864474,3.7213173996041844,54.15041741205621
sz000333,2020-09-11,65.5,66.8,64.58,66.18,0.004249,21512700.0,1421650000.0,452683000000.0,464784000000.0,0.003145,307.25251575338046,2021-04-30,2021-03-31,15.881587074840695,1.497511361679248,15.267662539273784,3.737133221678615,54.38050253564003
sz000333,2020-09-14,66.28,68.25,66.2,68.0,0.0275009999999999,21739300.0,1469290000.0,465132000000.0,477565000000.0,0.003178,315.7022671891142,2021-04-30,2021-03-31,16.31831158429786,1.538691119832761,15.687504863696438,3.839899882549631,55.876020735872665
sz000333,2020-09-15,68.52,70.77,68.46,70.42,0.035588,29001600.0,2033590000.0,481685000000.0001,494561000000.0,0.00424,326.9374794738403,2021-04-30,2021-03-31,16.899061898258736,1.5934514022501862,16.245805477567608,3.9765575907229973,57.8645365618209
sz000333,2020-09-16,70.29,71.98,69.2,69.66,-0.010792,29121300.0,2060060000.0,476487000000.0,489224000000.0,0.004257,323.4091701953586,2021-04-30,2021-03-31,16.716697552200298,1.57625584875161,16.070490675482972,3.9336450119679216,57.24006248324572
sz000333,2020-09-17,69.8,71.0,69.31,70.6,0.0134939999999999,27443500.0,1932450000.0,482916000000.0,495825000000.0,0.004012,327.77325353797477,2021-04-30,2021-03-31,16.942252554698285,1.5975239485537651,16.28732653993129,3.9867208846233932,58.01245988639463
sz000333,2020-09-18,71.12,71.33,70.04,70.28,-0.004533,21751500.0,1538450000.0,480727000000.0001,493578000000.0,0.00318,326.2874573796871,2021-04-30,2021-03-31,16.865472962119437,1.5902842242308683,16.213514967833824,3.96865369997609,57.749489405729605
sz000333,2020-09-21,70.25,71.16,69.41,70.03,-0.003557,16561000.0,1164160000.0,479017000000.0,491822000000.0,0.002421,325.12685289378754,2021-04-30,2021-03-31,16.80547075269867,1.5846264779420356,16.155832226132375,3.9545344404119325,57.54407447191342
sz000333,2020-09-22,69.5,70.56,69.46,69.89,-0.001999,13996700.0,978790000.0,478060000000.0001,490839000000.0001,0.002046,324.47692431485285,2021-04-30,2021-03-31,16.77188181655938,1.5814592999227182,16.123541716398602,3.9466305496650276,57.429043867044065
sz000333,2020-09-23,70.01,71.36,69.48,71.07,0.016884,17144500.0,1211860000.0,486131000000.0001,499126000000.0,0.002506,329.95539270498483,2021-04-30,2021-03-31,17.055047140858843,1.6081596094304371,16.395760896626317,4.0132628412414375,58.39867584369523
sz000333,2020-09-24,70.56,70.95,69.67,70.46,-0.008583,20075800.0,1410210000.0,481959000000.0,494842000000.0,0.002935,327.1233855693979,2021-04-30,2021-03-31,16.908663618558986,1.594356770534447,16.255036030197505,3.978816993876487,57.8974400089288
sz000333,2020-09-25,70.65,71.77,70.08,70.3,-0.002271,12081500.0,855870000.0,480864000000.0001,493718000000.0,0.001766,326.38048836076985,2021-04-30,2021-03-31,16.870256737357995,1.5907352973974038,16.2181138196779,3.969779381262527,57.76595492266852
sz000333,2020-09-28,70.3,71.5,69.96,70.9,0.008535,17393700.0,1235540000.0,484968000000.0,497932000000.0,0.002543,329.166145828929,2021-04-30,2021-03-31,17.014248372038573,1.604312599710126,16.35653926018467,4.003662387984259,58.25898734793349
sz000333,2020-09-29,71.0,72.9,71.0,72.45,0.021862,23391400.0,1692270000.0,495571000000.0,508818000000.0,0.00342,336.36237610904107,2021-04-30,2021-03-31,17.38622106665955,1.6393867603594607,16.714132840003547,4.091192148585298,59.53264532933402
sz000333,2020-09-30,72.9,73.63,72.28,72.6,0.00207,22133700.0,1618390000.0,496597000000.0,509871000000.0,0.0032359999999999,337.05864622758673,2021-04-30,2021-03-31,17.42220189041813,1.6427794749620466,16.748722775659367,4.099658879975422,59.65587790516574
sz000333,2020-10-09,73.06,74.16,73.01,73.39,0.010882,25158700.0,1853610000.0,502000000000.0,515420000000.0,0.003678,340.72651841583536,2021-04-30,2021-03-31,17.611810238980667,1.660658082112805,16.931001553393607,4.144276061821387,60.30505316852975
sz000333,2020-10-12,72.6,73.98,72.3,73.98,0.008039,26325600.0,1930040000.0,506036000000.0,519563000000.0,0.003849,343.46561889738024,2021-04-30,2021-03-31,17.753375816218835,1.67400662589107,17.067094719036593,4.177588187319284,60.789845490951556
sz000333,2020-10-13,73.98,75.95,73.44,75.89,0.025818,25577500.0,1920060000.0,519101000000.0,532977000000.0001,0.003739,352.33321424607277,2021-04-30,2021-03-31,18.211729823718912,1.7172258791475625,17.50773042358284,4.285444535721117,62.35931772183694
sz000333,2020-10-14,75.1,76.47,74.8,75.25,-0.008433,19613400.0,1478020000.0,514723000000.0,528482000000.0,0.002867,349.3619882503356,2021-04-30,2021-03-31,18.058136468738077,1.7027432085505791,17.360074430446158,4.249302125845894,61.83344159548869
sz000333,2020-10-15,75.03,76.96,74.78,76.1,0.0112959999999999,19211000.0,1462780000.0,520537000000.0,534452000000.0001,0.002809,353.3083812696114,2021-04-30,2021-03-31,18.262130312839428,1.7219782571521345,17.556182612654382,4.297304392131784,62.53191215175133
sz000333,2020-10-16,75.7,76.38,74.7,74.8,-0.017083,14591700.0,1096650000.0,511645000000.0,525322000000.0,0.002133,347.27281419238267,2021-04-30,2021-03-31,17.95015982763921,1.692561842791632,17.256271774536952,4.223893891094902,61.463679496462966
sz000333,2020-10-19,74.82,77.15,74.51,75.0,0.0026739999999999,17779200.0,1345920000.0,513227000000.0001,526941000000.0,0.002598,348.2014216975331,2021-04-30,2021-03-31,18.005480771290816,1.6977781817674975,17.309454211219553,4.236911591114477,61.6280333754365
sz000333,2020-10-20,74.51,76.98,74.51,76.3,0.017333,15435400.0,1175370000.0,522123000000.0,536075000000.0,0.0022559999999999,354.23679693981643,2021-04-30,2021-03-31,18.317587935783557,1.7272074839327578,17.60949644510395,4.310354254473827,62.69623207793294
sz000333,2020-10-21,75.88,78.05,75.88,77.5,0.015727,21388900.0,1651450000.0,530335000000.0001,544506000000.0001,0.003126,359.80787904528887,2021-04-30,2021-03-31,18.60567371461412,1.7543717544117714,17.88644587294273,4.378144389659146,63.68225571982259
sz000333,2020-10-22,77.3,78.56,76.2,78.4,0.011613,15650200.0,1213230000.0,536494000000.0,550829000000.0,0.002287,363.9863279446419,2021-04-30,2021-03-31,18.821729506281248,1.7747441517832336,18.09414973158637,4.428984980902977,64.4217977554969
sz000333,2020-10-23,77.75,78.25,75.1,75.11,-0.041964,18123300.0,1388460000.0,513980000000.0,527714000000.0001,0.002648,348.7120056787729,2021-04-30,2021-03-31,18.031894044572283,1.7002687500370128,17.334846443187217,4.24312695993173,61.71840143448522
sz000333,2020-10-26,74.98,76.8,73.6,76.66,0.020636,16590500.0,1253610000.0,524587000000.0,538604000000.0,0.002424,355.9080266279601,2021-04-30,2021-03-31,18.404003418485786,1.7353557984911048,17.69257141877306,4.330688882855237,62.99202236648727
sz000333,2020-10-27,76.1,76.79,75.39,75.71,-0.012392,15692100.0,1194230000.0,518086000000.0,531929000000.0,0.002293,351.4976143619864,2021-04-30,2021-03-31,18.175919849075992,1.713849274300924,17.47330473263573,4.277018007234078,62.211425225321754
sz000333,2020-10-28,75.76,77.5,75.63,76.71,0.013208,18721600.0,1439050000.0,524929000000.0,538955000000.0,0.002736,356.14019485247957,2021-04-30,2021-03-31,18.415997026405314,1.7364867033586335,17.704101397325,4.333511126651945,63.03311372969781
sz000333,2020-10-29,76.0,81.89,75.8,81.18,0.058271,37779400.0,3012420000.0,555517000000.0,570361000000.0,0.005521,376.89284014672836,2021-04-30,2021-03-31,19.48913449170628,1.837675302417333,18.735755261718854,4.586033601522075,66.70611629984103
sz000333,2020-10-30,82.05,82.5,77.55,77.87,-0.040774,32841700.0,2596620000.0,532867000000.0,547105000000.0,0.004799,361.5254114825857,2021-04-30,2021-03-31,18.69448108493562,1.762745605553386,17.971820272533876,4.3990418586837725,63.98624111383131
sz000333,2020-11-02,79.01,85.0,79.0,83.4,0.071016,52225300.0,4312910000.0,570709000000.0,585958000000.0,0.0076319999999999,387.19950010443296,2021-04-30,2021-03-31,20.022081223104717,1.8879280751205911,19.248100206090974,4.711442537411696,68.53028801277115
sz000333,2020-11-03,83.41,83.45,80.9,82.55,-0.010192,35157500.0,2886060000.0,564892000000.0,579986000000.0,0.005138,383.25316279936857,2021-04-30,2021-03-31,19.81801903935711,1.868686582616657,19.051926325999272,4.663424189964571,67.83182731734499
sz000333,2020-11-04,82.6,86.88,82.2,85.66,0.037674,38958300.0,3330210000.0,586174000000.0,601837000000.0,0.005693,397.691842454672,2021-04-30,2021-03-31,20.564663844626534,1.9390894380592998,19.769708552034743,4.839118917035424,70.38732357969864
sz000333,2020-11-05,86.05,88.5,85.04,86.11,0.005253,35624000.0,3083810000.0,589253000000.0,604998000000.0,0.005206,399.78091770308635,2021-04-30,2021-03-31,20.672674655548537,1.9492740257694363,19.873544056885695,4.864535192367032,70.75706819046279
sz000333,2020-11-06,86.13,91.3,85.13,90.14,0.046801,46803600.0,4177210000.0,616831000000.0,633313000000.0,0.00684,418.49106443250855,2021-04-30,2021-03-31,21.640193197546782,2.0405035737012667,20.803661842350635,5.092204232548771,74.06856973884464
sz000333,2020-11-09,90.46,94.46,89.43,90.72,0.006434,47078600.0,4296720000.0,620800000000.0,637388000000.0,0.00688,421.18363594106734,2021-04-30,2021-03-31,21.77943522681194,2.053633024798643,20.937521279955075,5.124969598564686,74.54512691654438
sz000333,2020-11-10,89.7,89.72,86.51,89.66,-0.011684,35238300.0,3113830000.0,613546000000.0,629940000000.0,0.00515,416.26252633873185,2021-04-30,2021-03-31,21.52493838412068,2.0296359323389477,20.69286236185008,5.0650833541262745,73.67414165365147
sz000333,2020-11-11,88.2,89.77,86.68,88.1,-0.017399,34198000.0,3021630000.0,602871000000.0,618980000000.0,0.004997,409.01997464296426,2021-04-30,2021-03-31,21.150437122587896,1.9943233473015871,20.332837960342196,4.976958590559548,72.39228526301959
sz000333,2020-11-12,90.5,90.79,88.23,90.6,0.028377,28223800.0,2536910000.0,619979000000.0,636545000000.0,0.004124,420.6267344634077,2021-04-30,2021-03-31,21.7506300659112,2.050916919945861,20.90982962206537,5.118191389104216,74.4465611419283
sz000333,2020-11-13,90.3,90.56,88.79,90.52,-0.000883,21605200.0,1936920000.0,619431000000.0,635983000000.0,0.003157,420.2553210568765,2021-04-30,2021-03-31,21.731426625310704,2.0491061833773387,20.891368516805567,5.113672582797236,74.38082482843998
sz000333,2020-11-16,91.5,91.8,87.06,89.36,-0.012815,37272400.0,3320830000.0,611493000000.0,627833000000.0,0.005447,414.8697491175326,2021-04-30,2021-03-31,21.45294256678039,2.022847281182586,20.623649641596693,5.048141850765408,73.42763455826352
sz000333,2020-11-17,89.8,91.5,89.37,89.92,0.006267,28968900.0,2613750000.0,615325000000.0,631767000000.0,0.004233,417.4697378352522,2021-04-30,2021-03-31,21.587366650983853,2.0355224371622374,20.752877378415306,5.079773494914268,73.88780554404015
sz000333,2020-11-18,90.04,91.55,88.15,89.29,-0.007006,22952700.0,2060520000.0,611014000000.0,627341000000.0,0.0033539999999999,414.5449448519784,2021-04-30,2021-03-31,21.436131013799177,2.021262081197333,20.607487962258933,5.044185885101647,73.3701475783986
sz000333,2020-11-19,90.0,95.32,89.51,94.0,0.052749,41315600.0,3844140000.0,643245000000.0,660433000000.0,0.006038,436.4117761479754,2021-04-30,2021-03-31,22.566878800901634,2.1278828899615965,21.69452514243219,5.310264778892717,77.24034949301155
sz000333,2020-11-20,94.13,94.79,91.46,91.59,-0.025638,46160600.0,4276110000.0,626753000000.0,643500000000.0,0.0067459999999999,425.2230510310935,2021-04-30,2021-03-31,21.988281185798105,2.073325590469113,21.13829401189086,5.174113627298246,75.2600614127097
sz000333,2020-11-23,90.5,93.68,89.42,93.47,0.020526,45691400.0,4209480000.0,639618000000.0,656709000000.0,0.006677,433.9511793765578,2021-04-30,2021-03-31,22.439630379556004,2.115884343731749,21.572195683379693,5.280321656673511,76.804849433267
sz000333,2020-11-24,93.42,93.45,89.01,90.65,-0.03017,39966900.0,3622770000.0,620321000000.0,636896000000.0,0.005841,420.858872294767,2021-04-30,2021-03-31,21.76262367383072,2.0520478248133895,20.92135960061731,5.121013632900924,74.48764712586532
sz000333,2020-11-25,90.65,91.39,88.85,89.56,-0.012024,29159500.0,2615180000.0,612862000000.0,629238000000.0,0.004261,415.7984652142947,2021-04-30,2021-03-31,21.50095116828163,2.0273741226038906,20.6698024047462,5.059438866532859,73.59200765682392
sz000333,2020-11-26,89.0,89.56,86.01,87.02,-0.028361,47509600.0,4132460000.0,595481000000.0,611392000000.0,0.006943,404.0060049423521,2021-04-30,2021-03-31,20.89115650465808,1.9698751816753561,20.083580190393125,4.915946664834702,71.50486472766873
sz000333,2020-11-27,87.46,88.86,86.54,87.8,0.0089629999999999,23037300.0,2020720000.0,600818000000.0,616872000000.0,0.003367,407.6271107646503,2021-04-30,2021-03-31,21.078407135424477,1.9875314741940364,20.263592391147064,4.960009046618064,72.14576283022281
sz000333,2020-11-30,87.31,88.5,86.26,86.85,-0.01082,29926900.0,2612280000.0,594317000000.0,610198000000.0,0.0043729999999999,403.2165854261768,2021-04-30,2021-03-31,20.850357735837814,1.9660281719550452,20.044358553951483,4.906346211577523,71.3651456763998
sz000333,2020-12-01,86.25,88.0,86.25,87.92,0.01232,23692500.0,2071080000.0,601639000000.0,617715000000.0,0.003462,408.1842137586273,2021-04-30,2021-03-31,21.107212296325216,1.9902475790468188,20.291284049036772,4.9667872560785336,72.24436427113305
sz000333,2020-12-02,89.0,90.59,88.54,89.91,0.022634,36607200.0,3286900000.0,615257000000.0,631697000000.0,0.00535,417.42305525284013,2021-04-30,2021-03-31,21.584974763364578,2.03529690057897,20.75057795249327,5.0792106542710505,73.87954321204589
sz000333,2020-12-03,89.79,90.08,88.21,89.6,-0.0034479999999999,25552000.0,2276670000.0,613136000000.0,629519000000.0,0.003734,415.98378055832836,2021-04-30,2021-03-31,21.510552888581877,2.028279490888151,20.679032957376098,5.061698269686349,73.62480654705075
sz000333,2020-12-04,88.82,89.06,87.17,88.36,-0.0138389999999999,32722600.0,2876040000.0,604650000000.0,620807000000.0,0.004782,410.22698101918166,2021-04-30,2021-03-31,21.212865389451075,2.0002098521248772,20.392852976907424,4.991648731347541,72.60591284924612
sz000333,2020-12-07,88.88,89.0,87.52,88.06,-0.003395,20228500.0,1786090000.0,602597000000.0,618699000000.0,0.002956,408.83426041862157,2021-04-30,2021-03-31,21.14083540228765,1.9934179790173263,20.323607407712295,4.974699187406059,72.35941577512293
sz000333,2020-12-08,87.52,88.13,85.45,86.7,-0.015444,36690000.0,3164770000.0,593291000000.0,609144000000.0,0.005362,402.52022410071635,2021-04-30,2021-03-31,20.814342742256102,1.96263223540127,20.009735769353917,4.8978714396067815,71.24189695789194
sz000333,2020-12-09,86.01,86.62,83.5,83.56,-0.036217,46112600.0,3893410000.0,571804000000.0,587082000000.0,0.006739,387.94214914446076,2021-04-30,2021-03-31,20.06048810430571,1.891549548257634,19.28502241661058,4.720480150025656,68.66172917576797
sz000333,2020-12-10,83.5,85.45,83.5,85.1,0.01843,25300100.0,2144180000.0,582342000000.0,597902000000.0,0.0036969999999999,395.09192295319315,2021-04-30,2021-03-31,20.430205590599936,1.9264110601284592,19.640447966274383,4.807479232305947,69.92716484447736
sz000333,2020-12-11,85.9,85.9,83.41,84.0,-0.0129259999999999,22506100.0,1901110000.0,574815000000.0,590174000000.0,0.003289,389.9849647571002,2021-04-30,2021-03-31,20.166141197431564,1.9015118213356925,19.38659134448124,4.745341625294663,69.02328631169766
sz000333,2020-12-14,85.88,86.0,83.33,84.44,0.005238,26247000.0,2213590000.0,577826000000.0,593265000000.0,0.003836,392.02770600249795,2021-04-30,2021-03-31,20.271760120734285,1.911470872462561,19.488127423410145,4.770195059983053,69.38483028539834
sz000333,2020-12-15,84.92,86.4,83.4,85.73,0.015277,32812000.0,2794790000.0,586653000000.0,602329000000.0,0.004795,398.0167132670981,2021-04-30,2021-03-31,20.58147539760775,1.9406746380445534,19.785870231372506,4.843074882699185,70.44482233766837
sz000333,2020-12-16,86.11,89.07,85.93,88.1,0.027645,41302100.0,3638870000.0,602871000000.0,618980000000.0,0.006036,409.019885305367,2021-04-30,2021-03-31,21.150437122587896,1.9943233473015871,20.332837960342196,4.976958590559548,72.39226945119321
sz000333,2020-12-17,88.7,90.78,88.45,89.67,0.017821,31646100.0,2841400000.0,613615000000.0,630011000000.0,0.004625,416.309028681394,2021-04-30,2021-03-31,21.52736444156309,2.029864690873405,20.69519463671386,5.06565423535011,73.68237208508293
sz000333,2020-12-18,89.11,89.99,88.32,89.3,-0.0041259999999999,27477700.0,2446470000.0,611083000000.0,627411000000.0,0.0040149999999999,414.5913376290546,2021-04-30,2021-03-31,21.438522901418455,2.0214876177806005,20.60978738818097,5.044748725744864,73.37835861785989
sz000333,2020-12-21,89.72,89.72,87.04,88.81,-0.005487,28368900.0,2499700000.0,607730000000.0,623968000000.0,0.004146,412.31647495948397,2021-04-30,2021-03-31,21.32087620037307,2.0103944398350135,20.496688481758376,5.017065006679149,72.97573156412368
sz000333,2020-12-22,88.33,90.78,87.42,89.75,0.010584,31071500.0,2775990000.0,614162000000.0,630573000000.0,0.004541,416.68043253045516,2021-04-30,2021-03-31,21.546567882163586,2.0316754274419266,20.713655741973668,5.070173041657091,73.74810670699837
sz000333,2020-12-23,89.98,93.5,89.53,92.0,0.02507,39054700.0,3606420000.0,629559000000.0,646381000000.0,0.005707,427.12661097399365,2021-04-30,2021-03-31,22.086724446242993,2.082608031846178,21.23293181305365,5.197278540056983,75.59697174214281
sz000333,2020-12-24,92.0,92.89,90.55,92.89,0.009674,19778300.0,1823520000.0,635649000000.0,652634000000.0,0.0028899999999999,431.25863380855606,2021-04-30,2021-03-31,22.300388350290845,2.1027548926343727,21.438336245775254,5.247556290657597,76.32829684677631
sz000333,2020-12-25,92.67,94.22,91.5,93.58,0.007428,21707200.0,2025210000.0,640371000000.0,657482000000.0,0.003172,434.46202294048595,2021-04-30,2021-03-31,22.466043652837467,2.1183749120012636,21.597587915347358,5.286537025490763,76.89526343575416
sz000333,2020-12-28,93.48,97.35,93.41,95.8,0.0237229999999999,39478600.0,3781020000.0,655562000000.0,673079000000.0,0.005769,444.7687655107031,2021-04-30,2021-03-31,22.998990384235903,2.168627684704522,22.109932859719482,5.411945961380384,78.71944977024054
sz000333,2020-12-29,95.76,95.79,93.76,95.19,-0.006367,21655200.0,2053510000.0,651388000000.0,668793000000.0,0.003165,441.93692278069636,2021-04-30,2021-03-31,22.85253852228978,2.1548184019061525,21.96914229540718,5.377484032854198,78.2182430335534
sz000333,2020-12-30,95.5,96.6,94.21,95.98,0.0082989999999999,23164400.0,2212520000.0,656794000000.0,674344000000.0,0.003385,445.6045573028533,2021-04-30,2021-03-31,23.042215210498583,2.1727034529592903,22.151486771024906,5.422117295861397,78.86737623248887
sz000333,2020-12-31,96.0,98.98,95.98,98.44,0.02563,26867200.0,2633030000.0,673628000000.0,691628000000.0,0.003926,457.02540210652546,2021-04-30,2021-03-31,23.632806433521637,2.2283916573193028,22.71924788011818,5.561090691252574,80.88874708532755
sz000333,2021-01-04,98.9,101.95,98.03,99.01,0.00579,33882700.0,3379360000.0,677529000000.0,695632000000.0,0.004951,459.6715791847222,2021-04-30,2021-03-31,23.76962240534438,2.2412923498822215,22.850775042858835,5.5932851760446525,81.3570929309516
sz000333,2021-01-05,98.07,101.94,97.0,101.54,0.025553,35114800.0,3515820000.0,694841000000.0,713408000000.0,0.005131,471.4175670476294,2021-04-30,2021-03-31,24.37702518134865,2.298565754227488,23.43469783128987,5.736214537099593,83.43601072661619
sz000333,2021-01-06,103.0,104.8,99.65,100.96,-0.005712,36020300.0,3662400000.0,692832000000.0,709760000000.0,0.005249,468.7248299046533,2021-04-30,2021-03-31,24.25237366656109,2.2868120762880455,23.314864891809876,5.7068824990073095,82.95942423334576
sz000333,2021-01-07,102.0,105.67,101.2,104.82,0.0382329999999999,45140100.0,4687110000.0,719321000000.0,736897000000.0,0.006578,486.64558632639785,2021-04-30,2021-03-31,25.179640156909194,2.3742461657185983,24.206286623901068,5.925079735221751,86.13121190005926
sz000333,2021-01-08,104.0,104.7,101.25,103.01,-0.017268,33069000.0,3409520000.0,706900000000.0,724172000000.0,0.0048189999999999,478.24219034171364,2021-04-30,2021-03-31,24.744829157547453,2.333246836831699,23.788283840216042,5.822763346865308,84.64389813296903
sz000333,2021-01-11,103.2,104.33,100.0,101.0,-0.019513,34189200.0,3506430000.0,693106000000.0,710041000000.0,0.004982,468.9102504815758,2021-04-30,2021-03-31,24.26197538686134,2.2877174445723067,23.324095444439777,5.7091419021608,82.99224174870041
sz000333,2021-01-12,100.31,104.28,100.31,104.1,0.030693,35529600.0,3670970000.0,714380000000.0,731835000000.0,0.005177,483.30251279960686,2021-04-30,2021-03-31,25.006672512212205,2.3579366487971454,24.040005280795874,5.884378316136461,85.53952262469328
sz000333,2021-01-13,105.0,105.71,102.04,103.34,-0.007301,34348700.0,3560580000.0,709164000000.0,726492000000.0,0.005005,479.77392115365694,2021-04-30,2021-03-31,24.824103147214977,2.340721763591432,23.864493385060783,5.841417493897682,84.9149985700104
sz000333,2021-01-14,103.6,104.39,99.39,99.6,-0.036191,37381500.0,3780640000.0,683499000000.0,700199000000.0,0.005447,462.41042317318494,2021-04-30,2021-03-31,23.92567598759075,2.256007000964852,23.000796159801038,5.630006507724328,81.84183985676316
sz000333,2021-01-15,99.03,100.17,96.78,99.69,0.000904,35743800.0,3524030000.0,684117000000.0,700832000000.0,0.005209,462.82844219573354,2021-04-30,2021-03-31,23.947305485633656,2.258046496067831,23.02158953992462,5.6350961952551435,81.91582487999368
sz000333,2021-01-18,99.39,100.28,97.51,99.12,-0.005718,28677200.0,2849770000.0,680205000000.0,696825000000.0,0.0041789999999999,460.1819891632583,2021-04-30,2021-03-31,23.810387004341518,2.2451361376513432,22.88996383035873,5.602877588721213,81.44743019332988
sz000333,2021-01-19,99.69,100.11,94.48,94.85,-0.043079,42307800.0,4087920000.0,650902000000.0,666806000000.0,0.0061649999999999,440.35780925209434,2021-04-30,2021-03-31,22.784643083725395,2.1484163848925366,21.903871448163006,5.361507399167421,77.93875634803142
sz000333,2021-01-20,96.0,98.12,95.5,96.28,0.0150759999999999,32202300.0,3113130000.0,660716000000.0,676859000000.0,0.004693,446.99664358437894,2021-04-30,2021-03-31,23.128152315676953,2.1808066602009837,22.23410185950961,5.4423393561141635,79.11376103873434
sz000333,2021-01-21,97.24,101.0,96.99,100.1,0.0396759999999999,40930200.0,4074980000.0,686930000000.0,703714000000.0,0.005964,464.7316824152326,2021-04-30,2021-03-31,24.04578291590168,2.267332159396086,23.116260190029156,5.658269148594497,82.25267862170715
sz000333,2021-01-22,100.0,101.53,98.09,100.57,0.004695,30775600.0,3069100000.0,690155000000.0,707019000000.0,0.004485,466.91359766417213,2021-04-30,2021-03-31,24.158714181354767,2.277980708077516,23.224825942491158,5.684843267535011,82.63885494783605
sz000333,2021-01-25,101.0,102.87,98.7,101.98,0.01402,37736000.0,3802700000.0,699832000000.0,716931000000.0,0.005499,473.45972630342374,2021-04-30,2021-03-31,24.497405468244633,2.3099166882682387,23.55042465305194,5.7645415026147,83.79745169420471
sz000333,2021-01-26,101.0,101.0,97.1,97.94,-0.039616,40767000.0,4006660000.0,672766000000.0,689188000000.0,0.005935,454.70314578618735,2021-04-30,2021-03-31,23.549432065078207,2.220530096416825,22.639096462264238,5.541471674546115,80.4777318478871
sz000333,2021-01-27,97.09,99.84,96.38,97.95,0.000102,28326900.0,2781050000.0,672835000000.0,689258000000.0,0.004124,454.74952550705757,2021-04-30,2021-03-31,23.551823952697482,2.220755633000093,22.641395888186278,5.542034515189333,80.48594057653558
sz000333,2021-01-28,96.53,96.99,94.5,95.16,-0.028484,31057200.0,2959280000.0,653670000000.0,669626000000.0,0.004521,441.79644002251456,2021-04-30,2021-03-31,22.881001984959195,2.1575022872470395,21.99650546387945,5.384181836508494,78.19337904515355
sz000333,2021-01-29,95.35,97.79,93.68,96.33,0.012295,37246500.0,3576340000.0,661707000000.0,677859000000.0,0.005422,447.2283272525914,2021-04-30,2021-03-31,23.162322138809504,2.184028611390524,22.266950801253028,5.450379936731565,79.15476664051371
sz000333,2021-02-01,96.33,98.51,94.66,98.2,0.019412,28606300.0,2784440000.0,674552000000.0,691018000000.0,0.004164,455.90992354121863,2021-04-30,2021-03-31,23.61196284141078,2.2264262670936836,22.699210025654693,5.556185937075959,80.69131897053936
sz000333,2021-02-02,97.4,100.2,97.4,98.58,0.00387,31544400.0,3125260000.0,677162000000.0,693692000000.0,0.004592,457.67429494532314,2021-04-30,2021-03-31,23.70333294846722,2.2350417645745138,22.7870480958766,5.577686449646893,81.00359437495534
sz000333,2021-02-03,99.5,100.4,96.2,97.64,-0.009535,32395500.0,3178420000.0,670705000000.0,687077000000.0,0.004716,453.31037054301953,2021-04-30,2021-03-31,23.477299568445385,2.2137285574557053,22.569752346243877,5.524498008862778,80.23122510259014
sz000333,2021-02-04,96.29,97.59,95.23,96.4,-0.0127,36486400.0,3514920000.0,662439000000.0,678603000000.0,0.00531,447.55332883712316,2021-04-30,2021-03-31,23.187744487220126,2.1864257430755423,22.291390413910136,5.4563621287109125,79.21228854378725
sz000333,2021-02-05,96.98,98.37,95.0,97.25,0.008817,37262400.0,3600460000.0,668280000000.0,684587000000.0,0.005423,451.4994065374801,2021-04-30,2021-03-31,23.392216708845325,2.2057058989937506,22.487958481302762,5.504476963125447,79.91070329187784
sz000333,2021-02-08,97.26,97.5,94.4,96.66,-0.006067,37743600.0,3614400000.0,664351000000.0,680433000000.0,0.005492,448.7601596380172,2021-04-30,2021-03-31,23.2502752635527,2.192321913752401,22.351503977300595,5.471076391240759,79.425885055006
sz000333,2021-02-09,97.59,101.9,96.89,101.9,0.054211,53712200.0,5347050000.0,700366000000.0,717320000000.0,0.007815,473.08789665215374,2021-04-30,2021-03-31,24.5106975294432,2.3111700272809697,23.56320289139013,5.76766928847487,83.73164170972294
sz000333,2021-02-10,102.92,108.0,101.5,107.11,0.051129,53679900.0,5641810000.0,736174000000.0,753996000000.0,0.0078099999999999,497.2764077200817,2021-04-30,2021-03-31,25.76390996265273,2.4293383091085454,24.76797067877181,6.06256562319871,88.01275681869936
sz000333,2021-02-18,107.12,107.36,97.0,98.3,-0.0822519999999999,94042900.0,9433650000.0,675623000000.0,691978000000.0,0.013683,456.37442863228955,2021-04-30,2021-03-31,23.64476587161803,2.2295193402356426,22.73074500972838,5.563904894468666,80.7735315448477
sz000333,2021-02-19,95.01,98.33,95.01,97.99,-0.003154,69387700.0,6722200000.0,673492000000.0,689796000000.0,0.0100959999999999,454.93502368438334,2021-04-30,2021-03-31,23.570207317542796,2.222489042740065,22.659068618844234,5.546360347561494,80.51877182635525
sz000333,2021-02-22,97.28,97.28,90.38,90.44,-0.077049,90398600.0,8324150000.0,621600000000.0,636648000000.0,0.013153,419.88273504452525,2021-04-30,2021-03-31,21.75414955769385,2.051248780918383,20.91321306306494,5.119019568907808,74.3148809759064
sz000333,2021-02-23,89.05,92.0,88.83,90.94,0.005529,60475500.0,5494670000.0,625213000000.0,640348000000.0,0.008796,422.2042666865864,2021-04-30,2021-03-31,21.880577903284298,2.063170000319682,21.0347541475156,5.148769717192196,74.72576795282218
sz000333,2021-02-24,96.1,98.6,93.12,95.02,0.0448649999999999,100354600.0,9587930000.0,653263000000.0,669077000000.0,0.014597,441.14646111148005,2021-04-30,2021-03-31,22.862242752059423,2.155733436043982,21.978471394862314,5.37976755774954,78.07833953202554
sz000333,2021-02-25,94.9,95.79,92.1,93.94,-0.011366,41637000.0,3934050000.0,645838000000.0,661472000000.0,0.006056,436.132390434487,2021-04-30,2021-03-31,22.602381247136353,2.131230497247529,21.728655192903602,5.318618942154197,77.19090112490454
sz000333,2021-02-26,92.0,94.49,91.02,93.08,-0.009155,60112300.0,5569080000.0,639925000000.0,655417000000.0,0.008744,432.13959840005924,2021-04-30,2021-03-31,22.395482968068745,2.111721582794863,21.529754850647198,5.269933226515828,76.48421842510604
sz000333,2021-03-01,93.4,95.3,91.83,93.33,0.002686,37084400.0,3475180000.0,641644000000.0,657177000000.0,0.0053939999999999,433.3003253613618,2021-04-30,2021-03-31,22.455621856782038,2.117392216888454,21.587568988115613,5.284084648402456,76.68965503579587
sz000333,2021-03-02,94.87,95.84,92.7,93.52,0.002036,47339800.0,4469320000.0,642950000000.0,658515000000.0,0.006886,434.1825248237975,2021-04-30,2021-03-31,22.501341080133397,2.1217031875800583,21.63152087216831,5.294842945268539,76.84579517344875
sz000333,2021-03-03,92.73,93.72,91.5,93.49,-0.000321,33059200.0,3072270000.0,642744000000.0,658304000000.0,0.004809,434.04315223332907,2021-04-30,2021-03-31,22.494131247452426,2.1210233558790654,21.62458974546045,5.293146382758268,76.82112767319806
sz000333,2021-03-04,92.22,92.58,89.44,89.9,-0.0384,44634800.0,4041860000.0,618063000000.0,633025000000.0,0.006492,417.3758951875692,2021-04-30,2021-03-31,21.63035228848461,2.039575651758679,20.79420134712853,5.08988854533096,73.87119637054727
sz000333,2021-03-05,87.57,90.27,86.03,89.5,-0.004449,40948700.0,3626110000.0,615313000000.0,630208000000.0,0.005956,415.51898982987973,2021-04-30,2021-03-31,21.534095896720206,2.0304994152577445,20.701665878237314,5.067238229731738,73.5425434178947
sz000333,2021-03-08,88.5,89.71,85.44,85.5,-0.044693,48829300.0,4260900000.0,587813000000.0,602043000000.0,0.007102,396.94819961741297,2021-04-30,2021-03-31,20.57170282819184,1.939753160004345,19.77647543403389,4.840775276642608,70.25570652491874
sz000333,2021-03-09,84.65,84.9,81.7,81.99,-0.041053,56896300.0,4741770000.0,563681000000.0,577327000000.0,0.008276,380.65228517851926,2021-04-30,2021-03-31,19.72716147964765,1.8601194144036697,18.964580989903517,4.642044286102898,67.37149900495125
sz000333,2021-03-10,84.0,84.66,82.05,83.66,0.020368,47316800.0,3942940000.0,575163000000.0,589087000000.0,0.0068819999999999,388.40541092303533,2021-04-30,2021-03-31,20.12899859968648,1.898009560392662,19.350884544806135,4.736601514163547,68.74372169668409
sz000333,2021-03-11,84.58,86.5,83.5,85.95,0.027373,40811600.0,3495580000.0,590906000000.0,605211000000.0,0.005936,399.0372322362316,2021-04-30,2021-03-31,20.679952827875773,1.9499603013728084,19.880540881477042,4.866247836038539,70.62544359068742
sz000333,2021-03-12,85.97,88.03,85.21,85.96,0.0001159999999999,32364500.0,2806050000.0,590975000000.0,605282000000.0,0.0047079999999999,399.08352055517105,2021-04-30,2021-03-31,20.68237888531818,1.9501890599072658,19.882873156340825,4.866818717262373,70.63363614214396
sz000333,2021-03-15,84.81,84.84,81.0,82.3,-0.042578,49051400.0,4035900000.0,565813000000.0,579510000000.0,0.007135,382.09134241697296,2021-04-30,2021-03-31,19.801754203546015,1.867152933850436,19.036290229729403,4.659596873590687,67.62619718248375
sz000333,2021-03-16,82.41,83.03,81.55,82.58,0.003402,34926100.0,2877250000.0,567738000000.0,581482000000.0,0.0050799999999999,383.39121716387547,2021-04-30,2021-03-31,19.86913709476341,1.873506621596209,19.101068342847423,4.675452898568205,67.85626150529855
sz000333,2021-03-17,82.01,84.28,81.36,84.07,0.018043,37095200.0,3081570000.0,577981000000.0,591973000000.0,0.005396,390.3087448951633,2021-04-30,2021-03-31,20.227612709247026,1.9073081115256751,19.44568659067765,4.75980662982537,69.08059203163864
sz000333,2021-03-18,84.98,87.0,84.8,86.71,0.031402,34703600.0,2986370000.0,596131000000.0,610563000000.0,0.0050479999999999,402.5652201023611,2021-04-30,2021-03-31,20.862829721281198,1.9672041841392274,20.05634841768783,4.909281023502874,71.24986078261615
sz000333,2021-03-19,85.0,86.6,84.39,85.31,-0.016146,30529200.0,2610070000.0,586506000000.0,600705000000.0,0.004441,396.0654020585884,2021-04-30,2021-03-31,20.525983604840484,1.93544218931274,19.73252354998119,4.8300169797765236,70.09946053042003
sz000333,2021-03-22,84.99,85.53,82.3,83.38,-0.0226229999999999,31409300.0,2620970000.0,573238000000.0,587115000000.0,0.004569,387.10521446781695,2021-04-30,2021-03-31,20.061615708469084,1.8916558726468893,19.286106431688115,4.720745489186031,68.51360043484034
sz000333,2021-03-23,83.38,83.44,81.07,81.47,-0.022907,36969600.0,3027480000.0,560106000000.0,573666000000.0,0.005377,378.2377953200027,2021-04-30,2021-03-31,19.602065757159373,1.8483238510987627,18.844321014180856,4.612607720462589,66.94415938967946
sz000333,2021-03-24,81.5,82.48,81.26,81.68,0.002578,23536800.0,1923710000.0,561550000000.0,575144000000.0,0.003424,379.21289235633765,2021-04-30,2021-03-31,19.652568755749286,1.8530858949569036,18.89287175007763,4.62449169861511,67.11674143258605
sz000333,2021-03-25,81.07,81.5,79.3,80.68,-0.012243,24752500.0,1990610000.0,554675000000.0,568103000000.0,0.0036,374.570188915219,2021-04-30,2021-03-31,19.411979031072978,1.8304001366313507,18.661582351262208,4.567877970487981,66.2950311672269
sz000333,2021-03-26,81.1,82.5,79.96,82.01,0.016485,31083000.0,2533340000.0,563819000000.0,577468000000.0,0.004521,380.7449784794864,2021-04-30,2021-03-31,19.73197942470934,1.8605737095213948,18.96921269068934,4.6431780079699525,67.38790475601864
sz000333,2021-03-29,81.96,82.47,81.0,81.47,-0.006585,29453500.0,2406540000.0,560106000000.0,573666000000.0,0.004284,378.23777279619907,2021-04-30,2021-03-31,19.602065757159373,1.8483238510987627,18.844321014180856,4.612607720462589,66.94415540320027
sz000333,2021-03-30,81.86,83.49,81.11,82.47,0.012274,35197200.0,2898060000.0,566981000000.0,580707000000.0,0.00512,382.8802632194996,2021-04-30,2021-03-31,19.84265548183568,1.8710096094243156,19.075610412996276,4.669221448589718,67.76582796661916
sz000333,2021-03-31,82.8,82.98,81.25,82.23,-0.00291,27352500.0,2245620000.0,565331000000.0,579017000000.0,0.003979,381.76608165353093,2021-04-30,2021-03-31,19.784908480741667,1.8655645119139923,19.020095701449897,4.655632867346308,67.5686294072363
sz000333,2021-04-01,82.0,85.88,81.8,85.43,0.038915,35204500.0,2987620000.0,587331000000.0,601550000000.0,0.005121,396.62250872107813,2021-04-30,2021-03-31,20.55485710538749,1.938164738067902,19.76028090575438,4.836811270398229,70.1980626206189
sz000333,2021-04-02,85.5,88.5,84.9,87.11,0.019665,29152500.0,2546250000.0,598881000000.0,613379000000.0,0.00424,404.4220903550781,2021-04-30,2021-03-31,20.959051943222466,1.9762771986889727,20.1488510376373,4.931923298521479,71.57850752205337
sz000333,2021-04-06,87.16,87.7,84.0,84.38,-0.03134,25766800.0,2190980000.0,580113000000.0,594156000000.0,0.0037479999999999,391.74750204335,2021-04-30,2021-03-31,20.30220543314539,1.9143416309724413,19.51739583050353,4.777359217313157,69.33523709631223
sz000333,2021-04-07,84.38,84.49,81.88,82.72,-0.019673,29977500.0,2467820000.0,568700000000.0,582468000000.0,0.00436,384.0406534356511,2021-04-30,2021-03-31,19.902828540372106,1.8766834654690956,19.13345739940644,4.683380911056963,67.97120497691647
sz000333,2021-04-08,82.51,82.92,81.95,82.68,-0.000484,18211400.0,1502130000.0,568425000000.0,582186000000.0,0.002649,383.85477775938824,2021-04-30,2021-03-31,19.893192650248725,1.8757748752336456,19.124193997834794,4.681113467322856,67.93830691370763
sz000333,2021-04-09,82.98,82.98,80.24,80.45,-0.026971,32238600.0,2610500000.0,553094000000.0,566483000000.0,0.004689,373.5018305484397,2021-04-30,2021-03-31,19.35662391759824,1.8251805757042958,18.608367065637864,4.55485222988779,66.10594283793802
sz000333,2021-04-12,80.3,81.26,79.0,79.3,-0.0142949999999999,25277500.0,2012930000.0,545188000000.0,558386000000.0,0.003677,368.16262188074984,2021-04-30,2021-03-31,19.07995085969396,1.7990924369225891,18.342389184341396,4.489747648628685,65.1609583850697
sz000333,2021-04-13,78.95,79.82,78.12,78.69,-0.007692,21362800.0,1686750000.0,540994000000.0,554091000000.0,0.003107,365.3307149932431,2021-04-30,2021-03-31,18.93319146933964,1.7852541565635138,18.201302979553404,4.4552133548769435,64.65974029317174
sz000333,2021-04-14,78.97,80.63,78.89,80.13,0.0183,21069200.0,1685740000.0,550894000000.0,564230000000.0,0.003065,372.01626707761943,2021-04-30,2021-03-31,19.2796393060806,1.8179215196742617,18.534358399889943,4.536736801756784,65.84301354053679
sz000333,2021-04-15,80.13,81.0,78.96,80.28,0.001872,17445300.0,1393500000.0,551925000000.0,565286000000.0,0.002537,372.7126815295888,2021-04-30,2021-03-31,19.315722639308575,1.8213239001304162,18.569046882370994,4.54522765488876,65.96627166188468
sz000333,2021-04-16,80.3,80.6,78.9,79.9,-0.004733,15347800.0,1222570000.0,549313000000.0,562611000000.0,0.002232,370.94863240790926,2021-04-30,2021-03-31,19.224318362428995,1.8127051806983963,18.481175963207345,4.523719101737209,65.65405329810898
sz000333,2021-04-19,80.0,82.11,79.0,81.67,0.022153,26759400.0,2175800000.0,561481000000.0,575074000000.0,0.003892,379.1662574616417,2021-04-30,2021-03-31,19.650176868130007,1.8528603583736356,18.89057232415559,4.623928857971891,67.108487540822
sz000333,2021-04-20,81.08,81.5,80.03,80.98,-0.008449,23153400.0,1866630000.0,556738000000.0,570215000000.0,0.003368,375.96268175234826,2021-04-30,2021-03-31,19.48414569752893,1.83720489754366,18.73095931622431,4.584859676751935,66.54148792958958
sz000333,2021-04-21,80.0,80.5,79.5,79.6,-0.017041,25190600.0,2010420000.0,547250000000.0,560498000000.0,0.003664,369.5559016926064,2021-04-30,2021-03-31,19.152117526149908,1.8058971978348979,18.4117661493035,4.506729354892639,65.40755443378144
sz000333,2021-04-22,79.62,80.29,79.01,80.25,0.008166,23096900.0,1841510000.0,551719000000.0,565075000000.0,0.00336,372.5736951858283,2021-04-30,2021-03-31,19.308512806627604,1.8206440684294232,18.562115755663132,4.543531092378488,65.9416725232877
sz000333,2021-04-23,80.42,84.0,80.26,83.86,0.0449839999999999,45141600.0,3741270000.0,576538000000.0,590495000000.0,0.006566,389.33355029006754,2021-04-30,2021-03-31,20.177109710657113,1.902546067667535,19.397135854780874,4.74792265167285,68.90799272007527
sz000333,2021-04-26,84.24,85.0,79.91,80.03,-0.0456709999999999,41802900.0,3424840000.0,550206000000.0,563526000000.0,0.0060799999999999,371.5522977147699,2021-04-30,2021-03-31,19.25558375059528,1.8156532660368254,18.511232744902575,4.531076233002132,65.76089578455672
sz000333,2021-04-27,79.97,81.63,79.2,80.72,0.008622,19000100.0,1531690000.0,554950000000.0,568385000000.0,0.002764,374.75582162566667,2021-04-30,2021-03-31,19.42161492119636,1.8313087268668011,18.670845752833852,4.570145414222089,66.32788622801117
sz000333,2021-04-28,81.0,81.7,80.08,81.55,0.010282,17902600.0,1452690000.0,560656000000.0,574229000000.0,0.002604,378.60906098362176,2021-04-30,2021-03-31,19.621303367583,1.850137809618474,18.8628149683824,4.6171345673501865,67.00986955420757
sz000333,2021-04-29,82.06,84.25,81.87,83.43,0.023053,29816000.0,2474030000.0,573581000000.0,587467000000.0,0.004337,387.33713566647714,2021-04-30,2021-03-31,20.07364348621174,1.8927899994656072,19.297669259181795,4.723575773563356,68.55464807704071
sz000333,2021-04-30,84.7,84.7,79.8,80.17,-0.039075,58237700.0,4702120000.0,551670000000.0,565013000000.0,0.008463,372.2019370903095,2021-04-30,2021-03-31,19.306394277593387,1.820444307455672,18.56007912127504,4.5430325763802095,65.87587520343035
sz000333,2021-05-06,78.31,79.77,77.49,77.56,-0.032556,49115900.0,3841340000.0,533710000000.0001,546619000000.0,0.0071379999999999,360.08453082639744,2021-08-31,2021-06-30,19.075217711125326,1.7037262239415234,17.448237099829687,4.4276857763942825,63.73122021030747
sz000333,2021-05-07,77.4,77.55,75.0,75.08,-0.031975,43729500.0,3308410000.0,516644000000.0,529140000000.0,0.0063549999999999,348.57082795322333,2021-08-31,2021-06-30,18.46525770173531,1.649246905315069,16.890302347711806,4.286103578033823,61.69341444408289
sz000333,2021-05-10,75.83,79.2,75.83,78.0,0.038892,54944000.0,4265790000.0,536728000000.0,549720000000.0,0.0079849999999999,362.1274445939801,2021-08-31,2021-06-30,19.183432482514903,1.7133915576025243,17.547221919688806,4.452804284153067,64.09279471864215
sz000333,2021-05-11,77.16,79.0,76.59,78.34,0.004359,27333500.0,2127130000.0,539068000000.0,552116000000.0,0.003972,363.7059581249652,2021-08-31,2021-06-30,19.267045056603724,1.7208595161487217,17.623702934968538,4.4722121992095145,64.37217521082071
sz000333,2021-05-12,78.9,78.9,76.45,77.27,-0.013658,27341000.0,2106350000.0,531705000000.0,544575000000.0,0.003973,358.7384621488945,2021-08-31,2021-06-30,19.003888787320008,1.6973553945306605,17.382992026694556,4.411129107623256,63.49298004179132
sz000333,2021-05-13,76.12,76.5,75.0,75.15,-0.027436,32950800.0,2482150000.0,517117000000.0,529634000000.0,0.004789,348.89611370137743,2021-08-31,2021-06-30,18.482496688212724,1.6507866263174984,16.906070971062466,4.290105042991205,61.75098664136474
sz000333,2021-05-14,75.3,76.57,73.62,76.44,0.017166,30481100.0,2297770000.0,525994000000.0,538725000000.0,0.00443,354.8852643891753,2021-08-31,2021-06-30,18.79974289482435,1.6791218563439931,17.19625832912092,4.36374333839111,62.81100407805041
sz000333,2021-05-17,77.0,79.35,76.88,78.4,0.025641,41809200.0,3276110000.0,539481000000.0001,552539000000.0,0.006076,363.9848774533781,2021-08-31,2021-06-30,19.28180637498418,1.722177941217604,17.637205217716172,4.475638554830916,64.4215410336157
sz000333,2021-05-18,79.8,80.0,77.2,77.84,-0.007143,26855500.0,2106350000.0,535627000000.0001,548592000000.0,0.003903,361.3849334737286,2021-08-31,2021-06-30,19.14406896683369,1.7098757574188386,17.511215832361785,4.443667335829329,63.96137796601258
sz000333,2021-05-19,77.05,77.76,76.5,77.33,-0.006552,22505300.0,1736150000.0,532118000000.0,544998000000.0,0.003271,359.0171393896087,2021-08-31,2021-06-30,19.018650105700463,1.6986738195995423,17.39649430944219,4.414555463244657,63.54230301757926
sz000333,2021-05-20,79.0,80.86,77.57,80.7,0.043579,73533100.0,5884600000.0,555307000000.0,568748000000.0,0.010686,374.66274730706846,2021-08-31,2021-06-30,19.847447532499068,1.7726988677932773,18.154601201300967,4.6069335861956775,66.31141304078234
sz000333,2021-05-21,81.1,83.1,80.87,81.55,0.010533,50222400.0,4119750000.0,561156000000.0,574739000000.0,0.0072989999999999,378.60907002445373,2021-08-31,2021-06-30,20.056513864454875,1.7913718810029056,18.34583565979048,4.655461473968291,67.0098711543409
sz000333,2021-05-24,82.63,83.0,80.95,82.2,0.0079709999999999,36014900.0,2956300000.0,565629000000.0,579320000000.0,0.005234,381.6269629216187,2021-08-31,2021-06-30,20.216375801809168,1.8056501439829267,18.492062509121222,4.692568176336234,67.54400683731215
sz000333,2021-05-25,82.97,84.2,82.34,83.28,0.0131389999999999,41746700.0,3478160000.0,573061000000.0,586931000000.0,0.006067,386.6411595874457,2021-08-31,2021-06-30,20.481974842456076,1.8293724446904007,18.73500783770805,4.75421827712698,68.43146754314758
sz000333,2021-05-26,83.9,84.99,82.45,84.33,0.012608,36038200.0,3021930000.0,580286000000.0,594118000000.0,0.0052369999999999,391.5159313275242,2021-08-31,2021-06-30,20.732777667988778,1.8517732034848589,18.964418963257064,4.812433922164832,69.29425148593157
sz000333,2021-05-27,84.99,85.03,83.43,83.9,-0.005099,29615700.0,2486860000.0,577327000000.0,591089000000.0,0.004304,389.5195915936851,2021-08-31,2021-06-30,20.627075461429914,1.8423322826015396,18.86773240429116,4.787898623873521,68.9409200976048
sz000333,2021-05-28,83.28,83.29,82.0,82.53,-0.016329,38741500.0,3196830000.0,567900000000.0,581437000000.0,0.00563,383.1591261825518,2021-08-31,2021-06-30,20.29025218717896,1.8122485030156057,18.55963776343975,4.709716154706225,67.815183813331
sz000333,2021-05-31,82.7,82.7,79.74,81.0,-0.018539,52395100.0,4208270000.0,557372000000.0,570658000000.0,0.007614,376.0557391422535,2021-08-31,2021-06-30,19.914100293980557,1.778652040090121,18.21556895555151,4.622404837346687,66.55795812061567
sz000333,2021-06-01,80.91,80.91,79.32,80.17,-0.010247,47337100.0,3776570000.0,551660000000.0,564810000000.0,0.006879,372.20229598326284,2021-08-31,2021-06-30,19.710024194952418,1.7604247355917226,18.028899098558238,4.575035268377526,65.87593872375372
sz000333,2021-06-02,79.4,79.5,78.5,79.5,0.01145,34284700.0,2706290000.0,547050000000.0,560090000000.0,0.004982,376.4640122722712,2021-08-31,2021-06-30,19.545311611605495,1.7457132312770098,17.878235328891986,4.536802647732102,66.6302182221407
sz000333,2021-06-03,79.5,79.84,77.48,77.93,-0.0197479999999999,41669000.0,3262960000.0,536247000000.0,549029000000.0,0.006056,369.02960095791843,2021-08-31,2021-06-30,19.159318839486783,1.7112378183056032,17.525164999171984,4.447207093291628,65.31440467268988
sz000333,2021-06-04,77.41,78.5,76.53,77.73,-0.002566,28306600.0,2194930000.0,534902000000.0001,547620000000.0,0.004113,368.0826710018605,2021-08-31,2021-06-30,19.110149341619024,1.7068461849201308,17.4801893103034,4.4357940080184495,65.14680791029976
sz000333,2021-06-07,77.75,77.77,76.15,76.78,-0.012222,27727500.0,2124180000.0,528364000000.0001,540927000000.0001,0.004029,363.5839645968758,2021-08-31,2021-06-30,18.876585502563746,1.6859851471281033,17.26654680810505,4.38157982793798,64.35058362402009
sz000333,2021-06-08,76.9,77.3,75.63,76.02,-0.009898,32089300.0,2446270000.0,523134000000.0,535573000000.0,0.004663,359.98521051529593,2021-08-31,2021-06-30,18.689748390013015,1.6692975636321339,17.095645574462438,4.338211723926198,63.71364154730954
sz000333,2021-06-09,76.27,76.62,75.2,75.59,-0.005656,25138000.0,1900480000.0,520175000000.0,532544000000.0,0.003653,357.9491341646214,2021-08-31,2021-06-30,18.584046183454152,1.6598566427488153,16.998959015496535,4.313676425634888,63.35327719071796
sz000333,2021-06-10,75.7,75.94,74.9,75.4,-0.002514,32075600.0,2419460000.0,518868000000.0,531205000000.0,0.004661,357.04925004133156,2021-08-31,2021-06-30,18.537319456949593,1.6556831884527556,16.95621774694079,4.302830349566197,63.194007051860495
sz000333,2021-06-11,75.4,75.6,73.51,74.0,-0.018568,46521400.0,3444050000.0,509234000000.0,521342000000.0,0.0067599999999999,350.4195595665641,2021-08-31,2021-06-30,18.19313297187529,1.624941754754448,16.641387924860656,4.222938752653947,62.02062072892154
sz000333,2021-06-15,73.87,74.5,72.0,73.24,-0.01027,44590000.0,3245310000.0,504004000000.0,515987000000.0,0.00648,346.8207506898155,2021-08-31,2021-06-30,18.006260962590805,1.608251054414345,16.47045477092787,4.179562548510675,61.38366895403552
sz000333,2021-06-16,73.9,75.26,73.2,75.0,0.024031,44970200.0,3359890000.0,516115000000.0,528387000000.0,0.0065349999999999,355.15520014964244,2021-08-31,2021-06-30,18.43898046121408,1.6468999216818108,16.86626636920361,4.28000417901984,62.858779902669944
sz000333,2021-06-17,75.2,75.33,73.3,73.46,-0.020533,29929200.0,2214200000.0,505518000000.0,517537000000.0,0.004349,347.8627984249698,2021-08-31,2021-06-30,18.060350899918713,1.6130821628227778,16.519931220712337,4.192117752324321,61.56810057492842
sz000333,2021-06-18,73.33,74.21,72.16,73.8,0.004628,38817900.0,2831310000.0,507857000000.0,519933000000.0,0.0056409999999999,349.47270745608057,2021-08-31,2021-06-30,18.143963474007535,1.6205501213689755,16.596412235992066,4.211525667380768,61.85303774438919
sz000333,2021-06-21,73.82,73.83,71.17,72.0,-0.02439,47738600.0,3450150000.0,495471000000.0,507251000000.0,0.006937,340.9490681212268,2021-08-31,2021-06-30,17.70140309646396,1.5810223040555884,16.191599115884568,4.10879979979067,60.34444215380354
sz000333,2021-06-22,71.9,72.88,70.88,71.28,-0.01,41034200.0,2942650000.0,490516000000.0,502179000000.0,0.005963,337.5395774400145,2021-08-31,2021-06-30,17.524406862833537,1.565213670605541,16.029699404073718,4.067715932859825,59.740997732265505
sz000333,2021-06-23,71.21,73.29,70.7,73.17,0.0265149999999999,43404400.0,3139530000.0,503522000000.0,515494000000.0,0.006307,346.48943933583644,2021-08-31,2021-06-30,17.989056872847158,1.6067144502560498,16.454718067867386,4.175569183684786,61.32503028713652
sz000333,2021-06-24,74.5,74.5,72.71,73.2,0.00041,28702800.0,2103270000.0,503728000000.0,515706000000.0001,0.004171,346.6315000059642,2021-08-31,2021-06-30,17.996454980404266,1.6073752212125583,16.4614851693863,4.1772864115612345,61.35017354955425
sz000333,2021-06-25,73.57,73.78,72.58,73.17,-0.00041,41255200.0,3019080000.0,503522000000.0,515494000000.0,0.005995,346.48938109096173,2021-08-31,2021-06-30,17.989056872847158,1.6067144502560498,16.454718067867386,4.175569183684786,61.325019978398934
sz000333,2021-06-28,73.18,73.9,72.5,73.21,0.000547,30684600.0,2240500000.0,503871000000.0,515850000000.0,0.004458,346.67891078241854,2021-08-31,2021-06-30,18.001480110065692,1.607824046767922,16.466081691172725,4.1784528304961785,61.35856476432712
sz000333,2021-06-29,73.78,73.8,71.24,71.46,-0.0239039999999999,34979900.0,2518380000.0,491931000000.0001,503634000000.0,0.005081,338.3918980990756,2021-08-31,2021-06-30,17.57518161045425,1.5697486788211992,16.076143426290752,4.079501624181666,59.891849632200646
sz000333,2021-06-30,71.1,71.9,70.85,71.37,-0.001259,28444400.0,2022270000.0,491528000000.0,502999000000.0,0.00413,337.96586269936887,2021-08-31,2021-06-30,17.55302218451669,1.5677694827958089,16.05587404202421,4.074358040683817,59.81644579351371
sz000333,2021-07-01,71.3,73.39,70.56,73.24,0.026201,44641800.0,3221960000.0,504407000000.0,516179000000.0,0.0064819999999999,346.820906267955,2021-08-31,2021-06-30,18.012961135472715,1.6088494884881637,16.476583466643103,4.1811177737572685,61.38369648974955
sz000333,2021-07-02,72.63,72.75,70.66,71.1,-0.029219,40318400.0,2873260000.0,489669000000.0,501097000000.0,0.005854,336.68714620771163,2021-08-31,2021-06-30,17.48664859690528,1.5618412452520412,15.995161650095143,4.058951590584751,59.59012626201556
sz000333,2021-07-05,70.28,70.37,66.78,68.2,-0.040788,78081100.0,5309270000.0,469696000000.0,480658000000.0,0.011337,322.95435088819147,2021-08-31,2021-06-30,16.773394255585842,1.4981360679875466,15.342742839034022,3.8933930030059747,57.15956419204047
sz000333,2021-07-06,67.66,69.35,66.81,68.61,0.006012,41063700.0,2802130000.0,472520000000.0,483548000000.0,0.0059619999999999,324.89595244573127,2021-08-31,2021-06-30,16.874245816152072,1.5071437475361738,15.434992477664418,3.916802383019805,57.50320749196301
sz000333,2021-07-07,68.95,71.95,68.61,70.39,0.025944,55959800.0,3961970000.0,484779000000.0,496093000000.0,0.008125,333.3250530359833,2021-08-31,2021-06-30,17.312025341170536,1.5462445572031382,15.83543251801677,4.018418532595407,58.995070707134495
sz000333,2021-07-08,70.0,70.79,68.86,70.0,-0.005541,35977000.0,2508850000.0,482093000000.0,493344000000.0,0.005224,331.4780989171109,2021-08-31,2021-06-30,17.216094220064456,1.5376763526774717,15.747683640302252,3.996151271122044,58.668179020346265
sz000333,2021-07-09,69.55,70.58,68.71,69.2,-0.011429,29079800.0,2016600000.0,476583000000.0,487706000000.0001,0.004222,327.6896357245872,2021-08-31,2021-06-30,17.01934643512591,1.5201035854473128,15.567717044247525,3.950482729766346,57.99766040232272
sz000333,2021-07-12,69.64,71.5,68.92,70.7,0.021676,40495500.0,2860150000.0,486987000000.0,498357000000.0,0.005879,334.7926362685534,2021-08-31,2021-06-30,17.39103154640304,1.5533010923235848,15.907700054992276,4.036757230294822,59.25481768920347
sz000333,2021-07-13,70.78,73.33,70.58,72.8,0.0297029999999999,47453200.0,3430090000.0,501863000000.0,513160000000.0001,0.006884,344.73698194363817,2021-08-31,2021-06-30,17.907607896251456,1.59943973604619,16.38021611057904,4.156663476780885,61.014863539025875
sz000333,2021-07-14,72.45,72.8,71.56,72.0,-0.010989,33405500.0,2405160000.0,496348000000.0,507520000000.0,0.004846,340.9486672490595,2021-08-31,2021-06-30,17.710790317845387,1.5818607351277616,16.200185673943942,4.1109787351622,60.344371203595514
sz000333,2021-07-15,72.0,72.35,70.61,71.17,-0.011528,31970200.0,2276240000.0,490627000000.0001,501670000000.0,0.004638,337.0182110130123,2021-08-31,2021-06-30,17.506644425349727,1.5636271969410942,16.013451976370302,4.063592965930053,59.64872129236046
sz000333,2021-07-16,71.3,71.3,68.8,69.7,-0.020655,45691000.0,3180540000.0,480493000000.0,491308000000.0,0.006628,330.05709986453854,2021-08-31,2021-06-30,17.145044470129214,1.5313304580196847,15.682693929488591,3.9796594034029598,58.41667695406676
sz000333,2021-07-19,69.79,70.3,68.6,70.14,0.006313,30561200.0,2124890000.0,482975000000.0,494555000000.0,0.004438,332.1407503359834,2021-08-31,2021-06-30,17.258354164647745,1.5414508509243185,15.786339111714502,4.0059605303596735,58.78546143567778
sz000333,2021-07-20,69.66,70.22,69.01,69.61,-0.007556,23094800.0,1603200000.0,479707000000.0,490818000000.0,0.003351,329.6310948264447,2021-08-31,2021-06-30,17.127945070586843,1.5298032043937928,15.66705298729866,3.9756903389715488,58.34127848906981
sz000333,2021-07-21,69.72,69.92,67.81,67.99,-0.023273,51518700.0,3525940000.0,468543000000.0,479396000000.0,0.007476,321.9595903565489,2021-08-31,2021-06-30,16.729354577580796,1.4942026106898416,15.302459432822408,3.8831706370622197,56.983501914793685
sz000333,2021-07-22,67.99,69.89,66.98,68.3,0.004559,42883800.0,2952040000.0,470679000000.0,481582000000.0,0.0062229999999999,323.4274041289844,2021-08-31,2021-06-30,16.805638837580027,1.5010160319677996,15.372237187163599,3.900877524505206,57.243289700023226
sz000333,2021-07-23,68.3,68.88,66.51,66.96,-0.019619,42451300.0,2851910000.0,461445000000.0,472133000000.0,0.00616,317.08208188737785,2021-08-31,2021-06-30,16.475899600282343,1.4715649717411636,15.07062236521945,3.824339382030924,56.12023359939847
sz000333,2021-07-26,65.58,66.07,63.87,64.68,-0.03405,57012900.0,3709400000.0,445733000000.0,456057000000.0,0.008273,306.2854369991126,2021-08-31,2021-06-30,15.914899708357524,1.421458585435375,14.557471780229058,3.694121668154687,54.20933964533895
sz000333,2021-07-27,64.67,64.98,61.4,61.4,-0.050711,61869900.0,3893780000.0,423129000000.0,432930000000.0,0.008978,290.7533962034506,2021-08-31,2021-06-30,15.107842946691365,1.3493753311374168,13.819251229154615,3.506789927123603,51.46032982258417
sz000333,2021-07-28,61.4,63.8,61.11,63.28,0.030619,47782900.0,2994650000.0,436085000000.0001,446186000000.0,0.006934,299.65597444180406,2021-08-31,2021-06-30,15.570434049413146,1.3906922169839915,14.242386595827456,3.6141652701904974,53.03599366142187
sz000333,2021-07-29,64.5,64.5,62.63,63.3,0.000316,39271300.0,2485960000.0,436223000000.0,446327000000.0001,0.005699,299.75066572972764,2021-08-31,2021-06-30,15.575354488873302,1.3911316920069527,14.246887356743338,3.615307388730965,53.05275303541888
sz000333,2021-07-30,63.09,64.08,61.96,63.51,0.0033179999999999,41977900.0,2648620000.0,437670000000.0,447807000000.0,0.006091,300.74523843861886,2021-08-31,2021-06-30,15.627001654838013,1.3957446213259725,14.294129386214957,3.627295583340123,53.22878206999039
sz000333,2021-08-02,63.5,66.66,62.58,66.08,0.040466,54445300.0,3553100000.0,455381000000.0001,465928000000.0,0.007901,312.91519525727597,2021-08-31,2021-06-30,16.259365367301907,1.4522249538867587,14.872556964630657,3.774078066118878,55.38273796523462
sz000333,2021-08-03,65.5,72.26,65.18,70.92,0.073245,89992800.0,6224740000.0,488735000000.0001,500055000000.0,0.013059,335.83466873389517,2021-08-31,2021-06-30,17.45028620032742,1.5585934936639203,15.961900707723906,4.0505112535693835,59.43924660749823
sz000333,2021-08-04,70.4,71.68,69.73,69.99,-0.013113,42636200.0,3000700000.0,482326000000.0,493498000000.0,0.006187,331.4308687227876,2021-08-31,2021-06-30,17.221468317063486,1.5381563466741803,15.752599364990514,3.997398691371916,58.6598197667341
sz000333,2021-08-05,69.45,71.61,69.09,69.9,-0.001286,45338300.0,3201070000.0,481706000000.0001,492863000000.0,0.006579,331.0046486256101,2021-08-31,2021-06-30,17.199308891125924,1.53617715064879,15.732329980723975,3.992255107874068,58.584383238514086
sz000333,2021-08-06,70.0,71.05,68.05,70.35,0.0064379999999999,34481800.0,2410490000.0,484807000000.0,496036000000.0,0.005004,333.1356565534618,2021-08-31,2021-06-30,17.31003622734622,1.5460668970874731,15.83361306147631,4.017956825100325,58.96154949780364
sz000333,2021-08-09,69.6,73.5,69.37,72.47,0.030135,51361900.0,3711850000.0,499416000000.0,510984000000.0,0.007453,343.17469956370036,2021-08-31,2021-06-30,17.83167260358982,1.5926574832095763,16.31075755913968,4.1390375906528245,60.73835579191995
sz000333,2021-08-10,72.1,72.85,70.83,72.85,0.0052439999999999,32371500.0,2326130000.0,502035000000.0001,513663000000.0,0.004697,344.9743076882123,2021-08-31,2021-06-30,17.925160953332703,1.6010075086458297,16.39627201654135,4.1607378429217,61.05686772969276
sz000333,2021-08-11,72.34,73.55,71.87,71.93,-0.012629,28560700.0,2073010000.0,495695000000.0,507177000000.0001,0.004144,340.6176271564179,2021-08-31,2021-06-30,17.69882073816573,1.5807916575896377,16.189237014410992,4.108200390060213,60.28578054713448
sz000333,2021-08-12,71.5,72.47,70.6,70.92,-0.014041,30539300.0,2176740000.0,488735000000.0001,500055000000.0,0.004432,335.8350150535146,2021-08-31,2021-06-30,17.45028620032742,1.5585934936639203,15.961900707723906,4.0505112535693835,59.43930790247216
sz000333,2021-08-13,70.92,71.98,69.8,71.61,0.009729,30301300.0,2153010000.0,493490000000.0,504920000000.0,0.004397,339.1023539149703,2021-08-31,2021-06-30,17.620058810069533,1.5737569403781315,16.117192919466767,4.089918393281245,60.01759292905532
sz000333,2021-08-16,71.61,75.45,71.45,74.99,0.0472,66305600.0,4925830000.0,516956000000.0001,528926000000.0,0.009618,355.1079850197569,2021-08-31,2021-06-30,18.457789800710685,1.6485799006702917,16.883471405612532,4.284370149894392,62.85042331530673
sz000333,2021-08-17,74.98,75.5,73.11,73.4,-0.021203,41410300.0,3078530000.0,505995000000.0,517711000000.0,0.006007,347.578630413383,2021-08-31,2021-06-30,18.066422931592946,1.6136244937021764,16.52548535120427,4.193527175204046,61.51780578975228
sz000333,2021-08-18,73.39,75.0,72.7,74.5,0.014986,32617300.0,2419420000.0,513578000000.0,525470000000.0,0.004731,352.78744376875795,2021-08-31,2021-06-30,18.33718668883633,1.6378080873415526,16.773154882738257,4.256376095455708,62.43971162731751
sz000333,2021-08-19,74.96,75.28,71.87,71.94,-0.034362,32866200.0,2403020000.0,495930000000.0,507413000000.0,0.004768,340.6649616259759,2021-08-31,2021-06-30,17.70705636733307,1.5815272328053729,16.196770202894303,4.110112021092483,60.294158256379625
sz000333,2021-08-20,70.99,72.49,69.79,72.0,0.000834,30129800.0,2143880000.0,496344000000.0,507837000000.0,0.004371,340.94907620397197,2021-08-31,2021-06-30,17.721852582447287,1.5828487747183897,16.210304405932117,4.113546476845377,60.34444358436544
sz000333,2021-08-23,71.7,72.55,70.13,70.61,-0.019306,24216400.0,1715540000.0,486762000000.0,498032000000.0,0.003513,334.3667133387781,2021-08-31,2021-06-30,17.37969010793106,1.5522881179798813,15.89732596068263,4.034124687559704,59.17943375652568
sz000333,2021-08-24,70.2,71.15,68.18,70.5,-0.001558,38744000.0,2700930000.0,486003000000.0,497257000000.0,0.00562,333.8457699993962,2021-08-31,2021-06-30,17.352645139267104,1.5498725637756647,15.872587735790395,4.02784708565288,59.08723219873302
sz000333,2021-08-25,70.1,70.7,69.0,69.15,-0.019149,25351900.0,1761340000.0,476697000000.0,487735000000.0001,0.003678,327.45295734967783,2021-08-31,2021-06-30,17.02035844040495,1.5201939739272128,15.56864273266285,3.9507176335796337,57.95577078935948
sz000333,2021-08-26,69.14,69.65,67.51,67.93,-0.017643,30560900.0,2082850000.0,468287000000.0,479130000000.0,0.0044329999999999,321.67570482315745,2021-08-31,2021-06-30,16.720072046400652,1.4933735301500717,15.293968635633592,3.8810160020851683,56.93325712532281
sz000333,2021-08-27,67.93,68.98,67.38,67.8,-0.001914,24556100.0,1670330000.0,462510000000.0001,473333000000.0,0.0036,321.06001752412595,2021-08-31,2021-06-30,16.517775680794273,1.4753051847025314,15.108926713439681,3.8340595398221335,56.824286871184945
sz000333,2021-08-30,67.95,68.11,65.31,65.98,-0.026844,45344400.0,2990770000.0,450095000000.0,460627000000.0001,0.006647,312.4414824137083,2021-08-31,2021-06-30,16.07437778164046,1.4357025631299174,14.703347506367782,3.7311392690762117,55.298895714414854
sz000333,2021-08-31,65.9,67.89,65.26,66.0,0.000303,31964100.0,2120020000.0,450231000000.0001,460766000000.0,0.004686,312.5361521828796,2021-08-31,2021-06-30,16.079228427633087,1.4361358044646086,14.707784426703288,3.7322651873536925,55.31565127981632
sz000333,2021-09-01,66.51,69.85,65.18,69.15,0.047727,54120500.0,3688600000.0,471720000000.0,482758000000.0,0.007934,327.4525651181119,2022-05-06,2022-03-31,16.268435007541825,1.3742727452781776,13.986163097427056,3.3791771519751954,57.95570136844811
sz000333,2021-09-02,69.58,69.58,67.85,69.19,0.000578,42761300.0,2930290000.0,471993000000.0,483037000000.0,0.006268,327.6418327007502,2022-05-06,2022-03-31,16.277837013033402,1.3750669777837654,13.994246111078164,3.3811300775101447,57.989199763839075
sz000333,2021-09-03,68.97,70.13,68.2,70.04,0.0122849999999999,28680800.0,1995820000.0,477791000000.0,488971000000.0,0.004204,331.66691261547885,2022-05-06,2022-03-31,16.477806549187655,1.3919593637628287,14.166162250883474,3.4226664937265943,58.70159708293783
sz000333,2021-09-06,70.12,73.24,70.11,72.12,0.029697,39610600.0,2853870000.0,491980000000.0,503492000000.0,0.005807,341.5164249194208,2022-05-06,2022-03-31,16.967148921027196,1.4332964613027648,14.586855588617368,3.524309618074263,60.44485841150984
sz000333,2021-09-07,72.7,73.93,71.81,73.02,0.012479,38937000.0,2852010000.0,498120000000.0,509775000000.0,0.0057079999999999,345.7782083859902,2022-05-06,2022-03-31,17.178879388782022,1.4511823495916853,14.768882738330337,3.568288941142674,61.199149799627065
sz000333,2021-09-08,73.0,73.65,72.21,72.72,-0.004108,26682400.0,1945970000.0,496073000000.0,507681000000.0001,0.0039109999999999,344.35775150594054,2022-05-06,2022-03-31,17.10831379917856,1.4452213357325423,14.708216678884384,3.553631500030905,60.9477436922502
sz000333,2021-09-09,72.72,73.35,71.23,72.02,-0.009626,22350800.0,1611240000.0,491298000000.0,502794000000.0,0.003276,341.04296378994434,2022-05-06,2022-03-31,16.943627057826042,1.4313094566830502,14.566633568802047,3.519423804370339,60.361060711468596
sz000333,2021-09-10,72.02,73.0,71.1,72.4,0.0052759999999999,21079600.0,1520880000.0,493890000000.0,505447000000.0,0.00309,342.8423064669,2022-05-06,2022-03-31,17.033030357357088,1.4388617822648593,14.643494626925317,3.5379940962851086,60.67952566778229
sz000333,2021-09-13,72.32,72.69,70.73,70.98,-0.019613,21293800.0,1519720000.0,484203000000.0,495533000000.0,0.003121,336.11814031016473,2022-05-06,2022-03-31,16.69893902243406,1.4106394845573373,14.356272414247554,3.468598742329955,59.48941813086008
sz000333,2021-09-14,71.0,71.4,68.21,68.43,-0.035926,30703300.0,2132020000.0,466808000000.0,477731000000.0001,0.004501,324.04276000138174,2022-05-06,2022-03-31,16.099030413971317,1.3599623266201475,13.840523994831626,3.343989493680607,57.3522012950908
sz000333,2021-09-15,68.01,68.42,65.8,66.52,-0.027912,39630700.0,2652850000.0,453779000000.0,464397000000.0,0.00581,314.9980784842232,2022-05-06,2022-03-31,15.649688689151501,1.3220042756183217,13.454219679333812,3.2506550525228475,55.75138665254222
sz000333,2021-09-16,66.52,67.18,65.8,65.95,-0.008569,29466200.0,1952960000.0,449890000000.0,460417000000.0,0.004319,312.29885994969186,2022-05-06,2022-03-31,15.515566890382726,1.3106743638898632,13.338913606461357,3.2227961147841433,55.27365302031659
sz000333,2021-09-17,66.36,68.28,66.09,68.26,0.0350269999999999,26097700.0,1757920000.0,465648000000.0,476544000000.0,0.003826,323.2377521171497,2022-05-06,2022-03-31,16.05902976695158,1.3565832800820365,13.806134972595542,3.335680810490696,57.20972326465921
sz000333,2021-09-22,67.0,67.3,65.88,66.08,-0.031937,23967800.0,1589170000.0,450878000000.0,461425000000.0,0.003513,312.9145080277843,2022-05-06,2022-03-31,15.549535426352307,1.3135438490713423,13.368116752555688,3.2298518457491214,55.382616332755795
sz000333,2021-09-23,66.76,67.1,66.0,66.79,0.010745,19943000.0,1327530000.0,455722000000.0,466383000000.0,0.002923,316.2767744165428,2022-05-06,2022-03-31,15.71661479275823,1.3276578446365925,13.511756830269661,3.2645565224597988,55.977702545251255
sz000333,2021-09-24,66.5,68.2,66.09,67.2,0.006139,27372400.0,1841750000.0,458520000000.0,469246000000.0,0.004012,318.21839753468595,2022-05-06,2022-03-31,15.813094870616272,1.33580797963121,13.594701877162587,3.2845967583256046,56.32134966117655
sz000333,2021-09-27,67.19,70.39,66.77,68.7,0.022321,33266500.0,2292140000.0,468754000000.0,479720000000.0,0.004875,325.3213503860577,2022-05-06,2022-03-31,16.166057614411287,1.3656244357728868,13.898148059892756,3.3579119628168583,57.57849850696367
sz000333,2021-09-28,68.07,70.5,67.31,70.27,0.022853,34751400.0,2424150000.0,479467000000.0,490683000000.0,0.005093,332.75591920643024,2022-05-06,2022-03-31,16.535499142024875,1.3968329338329597,14.215761245043685,3.4346500367940966,58.89433993334331
sz000333,2021-09-29,69.95,70.9,69.28,70.27,0.0,29530800.0,2075480000.0,479467000000.0,490683000000.0,0.004328,332.75591920643024,2022-05-06,2022-03-31,16.535499142024875,1.3968329338329597,14.215761245043685,3.4346500367940966,58.89433993334331
sz000333,2021-09-30,70.27,71.13,69.5,69.6,-0.009535,21879100.0,1537240000.0,474895000000.0,486005000000.0,0.003207,329.58309151679697,2022-05-06,2022-03-31,16.377855480054944,1.3835160174847867,14.080233152355913,3.4019052853514697,58.332782402078884
sz000333,2021-10-08,70.2,72.58,69.75,72.5,0.041667,41613400.0,2987690000.0,494683000000.0,506255000000.0,0.006099,343.31583019102726,2022-05-06,2022-03-31,17.060259104443812,1.4411619251484258,14.666903498000934,3.543649880630052,60.76333444642629
sz000333,2021-10-11,72.7,73.1,71.08,71.08,-0.019586,23449200.0,1683570000.0,484994000000.0,496339000000.0001,0.003437,336.5916463409058,2022-05-06,2022-03-31,16.72610037163196,1.412933934017925,14.379623342572982,3.4742405272086985,59.57322377795859
sz000333,2021-10-12,71.11,72.58,70.08,71.62,0.007597,21599000.0,1548730000.0,488678000000.0,500110000000.0001,0.003166,339.14873307815776,2022-05-06,2022-03-31,16.85317909101816,1.423668883045065,14.488874398050879,3.5006365207294654,60.02580155899975
sz000333,2021-10-13,72.0,72.22,70.25,71.0,-0.008657,16055900.0,1139320000.0,484448000000.0,495781000000.0001,0.002353,336.2127224959001,2022-05-06,2022-03-31,16.707296360648805,1.4113454690067493,14.363457315270766,3.4703346761388,59.506158194903485
sz000333,2021-10-14,71.03,71.62,69.65,70.13,-0.012254,16233400.0,1143450000.0,478512000000.0,489706000000.0001,0.002379,332.09277179443535,2022-05-06,2022-03-31,16.50257527333214,1.3940516967076575,14.187456211577262,3.4278112975552246,58.776969732383144
sz000333,2021-10-15,71.0,71.78,70.36,71.0,0.012406,20425100.0,1447690000.0,484448000000.0,495781000000.0001,0.002993,336.21271472131707,2022-05-06,2022-03-31,16.707296360648805,1.4113454690067493,14.363457315270766,3.4703346761388,59.506156818883085
sz000333,2021-10-18,71.0,71.0,69.0,69.62,-0.019437,21901900.0,1524560000.0,475032000000.0,486144000000.0,0.00321,329.67774818527886,2022-05-06,2022-03-31,16.382539633328523,1.3839117103818357,14.08426017349392,3.4028782482523936,58.34953564879445
sz000333,2021-10-19,69.31,70.46,69.05,69.88,0.003735,18104500.0,1265160000.0,476806000000.0001,487960000000.0001,0.002653,330.9090945747509,2022-05-06,2022-03-31,16.443736916384836,1.3890813384468816,14.136872190663869,3.4155897635623167,58.56747116444271
sz000333,2021-10-20,70.0,70.5,68.02,68.07,-0.0259019999999999,30276600.0,2074540000.0,464456000000.0001,475321000000.0,0.004437,322.3378872070757,2022-05-06,2022-03-31,16.017815957932935,1.353101751930302,13.770702980856093,3.3271201369091794,57.050456526341314
sz000333,2021-10-21,68.28,69.79,68.04,69.68,0.023652,20597300.0,1416970000.0,475441000000.0,486563000000.0,0.003019,329.9618229152975,2022-05-06,2022-03-31,16.3966594910381,1.3851044824959624,14.096399179658132,3.405811136421368,58.39981392410234
sz000333,2021-10-22,69.97,75.0,69.95,74.5,0.069173,81947900.0,6030290000.0,508329000000.0,520221000000.0,0.01201,352.7862720918173,2022-05-06,2022-03-31,17.53089856213344,1.4809190978116546,15.071517722557886,3.641408153107122,62.43950425267426
sz000333,2021-10-25,73.99,74.3,71.6,72.4,-0.028188,43058100.0,3124400000.0,494000000000.0,505557000000.0,0.006311,342.84193265409317,2022-05-06,2022-03-31,17.03673724124266,1.4391749205287112,14.646681478185613,3.538764066926128,60.67945950679988
sz000333,2021-10-26,71.75,71.98,70.02,70.02,-0.032873,39644800.0,2798220000.0,477761000000.0,488938000000.0,0.00581,331.57168980195513,2022-05-06,2022-03-31,16.47669448402198,1.3918654222836733,14.165206195505387,3.422435502534288,58.68474363443284
sz000333,2021-10-27,69.06,69.45,67.0,67.0,-0.043131,67849700.0,4597500000.0,457155000000.0,467849000000.0,0.009944,317.270671249107,2022-05-06,2022-03-31,15.766017445269545,1.3318311236802913,13.554228866156853,3.2748181311846585,56.15361195673612
sz000333,2021-10-28,66.5,68.35,66.04,68.12,0.0167159999999999,27797900.0,1876960000.0,464797000000.0,475670000000.0,0.004074,322.5741677897071,2022-05-06,2022-03-31,16.029576889533512,1.3540952542401592,13.780813990763752,3.3295630437611416,57.09227573420492
sz000333,2021-10-29,67.43,69.5,67.3,68.77,0.009542,28202100.0,1933710000.0,469232000000.0,480209000000.0,0.0041329999999999,325.65217049875645,2022-05-06,2022-03-31,16.18253639822986,1.3670164776912828,13.912315062313517,3.3613348323028442,57.6370502292607
sz000333,2021-11-01,71.27,73.92,70.65,72.81,0.058747,74811100.0,5437920000.0,496798000000.0,508420000000.0,0.010964,344.7832585590469,2022-05-06,2022-03-31,17.133217319100694,1.4473250555233284,14.729626525078535,3.558804302791934,61.02305401907908
sz000333,2021-11-02,72.81,73.39,70.38,70.81,-0.027469,33979600.0,2430850000.0,483151000000.0,494454000000.0,0.00498,335.31240722968846,2022-05-06,2022-03-31,16.662577861411073,1.4075678828600997,14.325012300521582,3.4610460303148645,59.346811748229
sz000333,2021-11-03,70.03,71.5,69.32,69.32,-0.0210419999999999,22136300.0,1550210000.0,472985000000.0001,484050000000.0,0.003244,328.2567635567614,2022-05-06,2022-03-31,16.311974043725055,1.3779506965226922,14.023594114047961,3.3882208071406237,58.098036135422774
sz000333,2021-11-04,70.0,71.24,69.49,70.72,0.020196,23674100.0,1667240000.0,482537000000.0,493826000000.0,0.00347,334.8862371535538,2022-05-06,2022-03-31,16.64141492431891,1.4057801480446543,14.306818276962812,3.4566501979279534,59.271384073213774
sz000333,2021-11-05,70.31,71.81,69.79,70.75,0.000424,18630600.0,1321930000.0,482742000000.0,494035000000.0001,0.00273,335.0282289181069,2022-05-06,2022-03-31,16.648458003701492,1.4063751107459732,14.312873294357374,3.458113142145891,59.29651514006081
sz000333,2021-11-08,70.63,70.96,69.8,70.44,-0.004382,14961000.0,1051450000.0,480627000000.0001,491870000000.0,0.002193,333.56013521898774,2022-05-06,2022-03-31,16.575499789044606,1.4002119803710702,14.250150267279766,3.442958719984007,59.036677810717066
sz000333,2021-11-09,70.35,70.35,68.37,69.0,-0.020443,22767000.0,1571550000.0,470801000000.0,481815000000.0,0.0033369999999999,326.74116537470593,2022-05-06,2022-03-31,16.236656902959172,1.3715882963435202,13.95884309071381,3.3725764036617285,57.829791006232576
sz000333,2021-11-10,68.69,69.8,68.02,69.58,0.008406,23735800.0,1632340000.0,474759000000.0,485865000000.0,0.003479,329.4877516108457,2022-05-06,2022-03-31,16.373137627836947,1.383117477876248,14.076177159842812,3.4009253227174447,58.31590822943096
sz000333,2021-11-11,69.19,72.36,68.9,72.04,0.035355,36332000.0,2604620000.0,491544000000.0,503043000000.0,0.005325,341.13679106904715,2022-05-06,2022-03-31,16.952018094985192,1.4320182878439511,14.573847441200348,3.5211667379122833,60.377667164882496
sz000333,2021-11-12,71.88,73.88,71.6,72.17,0.001805,26614400.0,1929370000.0,492431000000.0001,503951000000.0,0.003901,341.7525429769268,2022-05-06,2022-03-31,16.982616736513343,1.4346031018764738,14.60015344978532,3.527522495567244,60.48664885411512
sz000333,2021-11-15,72.0,73.0,71.5,72.48,0.004295,21497300.0,1553120000.0,494546000000.0,506115000000.0,0.003151,343.2203701490127,2022-05-06,2022-03-31,17.055541252225815,1.4407633855398871,14.662847505487829,3.5426699179960264,60.74643901094354
sz000333,2021-11-16,73.0,73.5,72.39,72.73,0.003449,21140200.0,1540310000.0,496252000000.0001,507861000000.0,0.003098,344.4041372056567,2022-05-06,2022-03-31,17.114379609173124,1.445733743800663,14.713431526401225,3.5548914519889356,60.95595347909229
sz000333,2021-11-17,72.25,73.2,71.52,72.11,-0.008525,14390300.0,1039580000.0,492022000000.0,503532000000.0,0.002109,341.46809193597846,2022-05-06,2022-03-31,16.968496878803766,1.4334103297623473,14.58801444362111,3.5245896073982697,60.436303975683025
sz000333,2021-11-18,71.83,71.84,69.98,70.22,-0.02621,19413400.0,1370780000.0,479126000000.0,490334000000.0,0.002845,332.5182132463365,2022-05-06,2022-03-31,16.523738210424295,1.3958394315231024,14.205650235136025,3.4322071299421353,58.85226844848037
sz000333,2021-11-19,70.22,70.5,69.31,70.0,-0.0031330105383081,25102995.0,1750975581.0,477518203190.0,488691599970.0,0.0036798799255424,331.4764301800563,2022-05-06,2022-03-31,16.46839106310734,1.3911639924872437,14.158067647813187,3.4207107680884126,58.66788367122795
sz000333,2021-11-22,69.73,70.28,69.5,69.95,-0.0007142857142856,22966239.0,1602179694.0,477177118759.15,488342534541.45,0.0033666501491678,331.23966130135636,2022-05-06,2022-03-31,16.45662792663369,1.3901703039211815,14.147954742350464,3.418267403254064,58.62597804003423
sz000333,2021-11-23,69.94,69.94,69.02,69.47,-0.0068620443173695,22415718.0,1554230542.0,473902708222.9901,484991506427.37,0.0032859485764476,328.966680065836,2022-05-06,2022-03-31,16.343701816486668,1.380630893686983,14.050870849908316,3.3948111008443145,58.223683980574386
sz000333,2021-11-24,70.15,70.37,69.02,70.15,0.009788397869584,25270993.0,1761908033.0,478541456482.55,489738796255.65,0.0037045069657714,332.18673681615655,2022-05-06,2022-03-31,16.503680472528284,1.3941450581854309,14.18840636420136,3.4280408625914593,58.793600564809175
sz000333,2021-11-25,70.0,70.0,69.08,69.14,-0.0143977191732003,18110345.0,1254877493.0,471651550979.38,482687674598.94,0.0026548184792351,327.40400546641575,2022-05-06,2022-03-31,16.26606511576059,1.374072549150972,13.98412567385434,3.378684892937612,57.94710681469574
sz000333,2021-11-26,69.0,69.45,68.58,68.81,-0.0047729245010124,14048378.0,969361340.0,469400393735.77,480383842770.51,0.0020593695767629,325.8413308669955,2022-05-06,2022-03-31,16.188428415034515,1.3675142046149606,13.917380497800364,3.3625586850309097,57.670529648817094
sz000333,2021-11-29,67.99,68.58,67.72,68.17,-0.0093009736956837,20002100.0,1361366066.0,465034513020.89,475915805285.07,0.0029321332477934,322.81068921963504,2022-05-06,2022-03-31,16.03786026817182,1.354794990969363,13.7879353078775,3.331283615151244,57.1341375695373
sz000333,2021-11-30,67.86,69.15,67.67,67.78,-0.0057209916385506,19543671.0,1332560745.0,462374054460.26,473193094942.38,0.0028649315583382,320.96389196577474,2022-05-06,2022-03-31,15.946107803677362,1.3470442201540769,13.709054645268255,3.3122253694433232,56.80727364622618
sz000333,2021-12-01,67.67,68.2,67.2,68.16,0.0056063735615226,18010101.0,1220013295.0,464966296134.72,475845992199.36,0.0026401235839346,322.763335443895,2022-05-06,2022-03-31,16.03550764087709,1.3545962532561504,13.785912726784954,3.330794942184374,57.12575644329856
sz000333,2021-12-02,67.38,67.97,67.11,67.74,-0.0061619718309859,17292840.0,1169569318.0,462456388447.32,473060332246.26,0.0025330323266437,320.7744768628147,2022-05-06,2022-03-31,15.941633840960527,1.3466662830616467,13.705208327400529,3.3112960660048234,56.7737491412712
sz000333,2021-12-03,67.71,67.71,66.68,67.16,-0.0085621493947445,21709179.0,1455435330.0,458496767760.88,469009919008.84,0.0031799318210251,318.0279578698943,2022-05-06,2022-03-31,15.805139190417908,1.3351359251612076,13.587862286215229,3.28294425439746,56.287643819423884
sz000333,2021-12-06,67.16,68.78,67.11,68.57,0.0209946396664681,28156018.0,1927815523.0,468122742188.26,478856613258.43,0.0041242562692747,324.7048402492354,2022-05-06,2022-03-31,16.136962392599106,1.3631666228157235,13.873134558751907,3.3518684860636365,57.4693826190872
sz000333,2021-12-07,69.1,70.4,69.1,70.23,0.0242088376841185,45996100.0,3221759579.0,479455449670.14,490449175282.77,0.0067374478801365,332.5655670220768,2022-05-06,2022-03-31,16.527619495876262,1.3961673023238774,14.208987021454666,3.4330133261812628,58.860649574719176
sz000333,2021-12-08,70.39,70.45,69.0,69.99,-0.0034173430158053,24448618.0,1705575367.0,477816985937.82,488773142219.01,0.0035812012217637,331.42907640431656,2022-05-06,2022-03-31,16.47113895082414,1.3913961197443854,14.160430038895232,3.421281542067871,58.65950254498925
sz000333,2021-12-09,71.5,72.75,70.88,72.22,0.0318616945277896,58720574.0,4231464731.0,493041044783.96,504346282769.78,0.0086013119985542,341.9889683943384,2022-05-06,2022-03-31,16.99593734860008,1.435728357878833,14.61160533517665,3.530289369454803,60.528493696229795
sz000333,2021-12-10,71.66,72.4,70.7,71.9,-0.0044309055663249,29774271.0,2133466230.0,490856426474.2,502111572018.1,0.004361295827941,340.47364757065816,2022-05-06,2022-03-31,16.920629955197253,1.4293667811061763,14.546862691764066,3.5146469906369466,60.260297656589906
sz000333,2021-12-13,72.75,75.27,72.52,72.95,0.0146036161335187,54392976.0,4021351649.0,498024705303.1,509444216672.05,0.0079674111684581,345.44579402335904,2022-05-06,2022-03-31,17.167732339800274,1.4502407048914545,14.759299490461595,3.565973546133036,61.14031591165833
sz000333,2021-12-14,72.25,72.48,71.05,71.05,-0.0260452364633311,25330123.0,1813446503.0,485053534088.9,496175621583.95,0.003710322908028,336.44857663275747,2022-05-06,2022-03-31,16.720594691471,1.4124688428038086,14.3748900451994,3.473096921902018,59.54790192629642
sz000333,2021-12-15,70.99,71.41,70.18,70.35,-0.0098522167487684,16566927.0,1169764121.0,480274681536.3001,491287191814.65,0.0024267015507081,333.1338123309569,2022-05-06,2022-03-31,16.555859768402318,1.3985528936136233,14.233265512734384,3.438879218237959,58.961223089584145
sz000333,2021-12-16,70.45,70.88,69.82,70.4,0.0007107320540158,15360353.0,1077897222.0,480616028147.2,491636365369.6,0.0022499641873549,333.370581209657,2022-05-06,2022-03-31,16.56762654862151,1.3995468899843508,14.243381550767598,3.4413233399282483,59.003128720777895
sz000333,2021-12-17,70.09,70.26,68.7,68.7,-0.0241477272727272,20467841.0,1419353358.0,469010243376.6,479764464501.3,0.002998102272941,325.3204393338557,2022-05-06,2022-03-31,16.167556021169005,1.3657510133796151,13.899436257638268,3.3582232024583902,57.57833726019093
sz000333,2021-12-20,68.88,70.34,68.81,69.62,0.013391557496361,20657979.0,1440391946.0,475291021017.16,486189257912.38,0.003025953435649,329.6769867019364,2022-05-06,2022-03-31,16.384064777202127,1.3840405466010015,14.085571357449435,3.4031950415597256,58.34940087415564
sz000333,2021-12-21,69.61,72.13,69.5,71.65,0.0291582878483194,31759660.0,2268444040.0,489149693419.7,500365704243.3501,0.0046521129822062,339.28980317715803,2022-05-06,2022-03-31,16.861796054101298,1.4243967992525393,14.496282501597992,3.502426382185498,60.05076950062125
sz000333,2021-12-22,71.45,71.9,70.03,71.53,-0.0016748080949058,22483108.0,1595253318.0,488330461553.54,499527687711.47,0.0032932959171208,338.7215578682779,2022-05-06,2022-03-31,16.833555781575235,1.4220112079627927,14.472004010318269,3.4965604901288008,59.95019598575628
sz000333,2021-12-23,71.09,72.87,71.0,71.87,0.004753250384454,19654181.0,1412656991.0,490651618507.66,501902067885.1299,0.0028789184325251,340.3315862434382,2022-05-06,2022-03-31,16.913569887065734,1.4287703832837397,14.540793068944133,3.5131805176227724,60.235154277873676
sz000333,2021-12-24,71.33,72.25,70.83,72.16,0.0040350633087518,16377482.0,1174612544.0,492631428850.88,503927274503.84,0.0023989518977233,341.7048457398984,2022-05-06,2022-03-31,16.98181721233705,1.4345355622339597,14.59946608953679,3.527356423426455,60.47820693879733
sz000333,2021-12-27,72.2,74.0,71.9,73.05,0.0123337028824834,27562336.0,2020201844.0,498837973135.35,510273138392.4,0.0040362377229323,345.91933178075914,2022-05-06,2022-03-31,17.19566612677813,1.4526004058767228,14.783314492545072,3.5717757769364256,61.224127174045805
sz000333,2021-12-28,73.05,75.46,73.05,75.18,0.029158110882957,51272047.0,3839791458.0,513383146068.66,525151739142.24,0.0075082957494371,356.0056860133809,2022-05-06,2022-03-31,17.697059266409028,1.4949554895799042,15.214368015736323,3.675922011089397,63.00930706289889
sz000333,2021-12-29,75.0,75.55,73.75,74.01,-0.0155626496408619,21584258.0,1603790663.0,505393544034.87,516978986617.68,0.0031608059767177,350.4652942518,2022-05-06,2022-03-31,17.421646133372334,1.471690021066889,14.977592136800283,3.6187149247236796,62.02871529296552
sz000333,2021-12-30,74.0,74.5,73.18,73.96,-0.0006755843804893,21829008.0,1615514268.0,505052108050.52,516629723689.28,0.0031966472487597,350.2285253730999,2022-05-06,2022-03-31,17.40987634136222,1.4706957702757346,14.967473509495324,3.616270177443094,61.98680966177177
sz000333,2021-12-31,73.9,74.44,72.78,73.81,-0.0020281233098971,21673393.0,1593276845.0,504027800097.47,515581934904.08,0.0031738589359964,349.51821873699987,2022-05-06,2022-03-31,17.374566965331873,1.467713017902271,14.937117627580449,3.6089359356013353,61.86109276819058
sz000333,2022-01-04,74.0,75.5,73.6,75.36,0.020999864517003,31040801.0,2323005429.0,514612315612.32,526409085684.48,0.0045456253035386,356.85805397670106,2022-05-06,2022-03-31,17.73943051764544,1.4985347924280605,15.250795074034176,3.6847231012995074,63.160167335196334
sz000333,2022-01-05,75.4,79.83,74.74,76.27,0.0120753715498937,61369922.0,4743653586.0,520826450527.49,532765670981.36,0.0089870319493171,361.16724756904176,2022-05-06,2022-03-31,17.953640732229534,1.5166301568270724,15.43495409098443,3.729217501806176,63.922849822922295
sz000333,2022-01-06,75.81,78.19,74.8,74.98,-0.0169135964337221,34188949.0,2599839612.0,512017402131.26,523754687428.64,0.0050066411519404,355.0586104985808,2022-05-06,2022-03-31,17.649980098368566,1.4909784864152864,15.173893506516489,3.6661430219670526,62.841684538123964
sz000333,2022-01-07,75.48,78.48,75.01,77.78,0.0373432915444118,43722085.0,3393184313.0,531137817254.8601,543313411419.04,0.0064026767833558,368.31766770578304,2022-05-06,2022-03-31,18.30908845093501,1.5466565307199382,15.740536635594191,3.803048869679879,65.18839988497308
sz000333,2022-01-10,78.2,80.88,77.0,77.8,0.0002571355104139,35252163.0,2760629556.0,531274391648.6,543453116590.4,0.0051623385664973,368.4123752572631,2022-05-06,2022-03-31,18.31379636773906,1.5470542310364002,15.744584086516175,3.804026768592114,65.20516213745057
sz000333,2022-01-11,77.02,78.82,75.5,75.6,-0.0282776349614396,33694529.0,2592315667.0,516251208337.2,528085547740.8,0.0049342381214073,357.9945445944612,2022-05-06,2022-03-31,17.79592551929399,1.503307196225602,15.299364485097978,3.6964578882463206,63.36131436492626
sz000333,2022-01-12,76.09,76.32,73.03,74.28,-0.0174603174603174,38464129.0,2852050498.0,507237298350.3601,518865006431.04,0.0056326999442113,351.74384619678017,2022-05-06,2022-03-31,17.485203010226954,1.4770589753391234,15.032232724247063,3.6319165600388454,62.255005701411676
sz000333,2022-01-13,74.58,75.36,72.2,72.32,-0.0263866451265483,26732585.0,1957650625.0,493853007763.84,505173899637.76,0.0039147287083538,342.4625061517386,2022-05-06,2022-03-31,17.023827163430447,1.438084344325867,14.63558253389267,3.536082466639867,60.61230495861729
sz000333,2022-01-14,72.1,72.85,71.4,72.0,-0.0044247787610618,20996990.0,1516106943.0,491667817464.0,502938616896.0,0.0030748062539413,340.9471853280583,2022-05-06,2022-03-31,16.948500494565707,1.4317211392624782,14.570823319140933,3.5204360840441153,60.34410891897739
sz000333,2022-01-17,72.1,73.44,71.72,73.03,0.0143055555555555,20381136.0,1481637501.0,498811905984.89,510242479864.32,0.0029839591722277,345.8246242292792,2022-05-06,2022-03-31,17.194632966744535,1.4525131298925842,14.782426272828248,3.5715611754226213,61.20736492156832
sz000333,2022-01-18,72.81,73.68,72.02,73.3,0.0036971107763932,21307718.0,1554810615.0,500656068857.9,512128902835.2,0.0031196180902448,347.1031761742594,2022-05-06,2022-03-31,17.25820342958201,1.4578832318379626,14.837078540302759,3.584765632732824,61.43365533001448
sz000333,2022-01-19,73.7,76.19,73.46,75.23,0.0263301500682129,40401059.0,3035602736.0,513838418283.49,525613333701.12,0.005915033910316,356.24245489208096,2022-05-06,2022-03-31,17.71261451579065,1.4962695161141875,15.227741044842793,3.6791530498020517,63.051212694092634
sz000333,2022-01-20,75.19,78.8,75.11,78.62,0.0450618104479596,50662197.0,3941616641.0,536992907689.06,549298422113.28,0.0074173455014164,372.2953848679437,2022-05-06,2022-03-31,18.510776993638988,1.5636941294283853,15.913930625356112,3.8449423471412643,65.89241448902781
sz000333,2022-01-21,78.12,78.82,76.63,77.41,-0.0153904858814551,30226221.0,2345227569.0,528728325924.83,540844452503.04,0.004425357320354,366.5655780034028,2022-05-06,2022-03-31,18.225887141663623,1.5396281170065034,15.669007500748112,3.7857668162325773,64.87829821413945
sz000333,2022-01-24,76.8,79.03,76.5,77.08,-0.0042630151143262,16913071.0,1307756735.0,526474349080.04,538538824427.52,0.0024762070838929,365.00290340398254,2022-05-06,2022-03-31,18.148189909306705,1.5330646590732628,15.60221028494593,3.769628035075663,64.60172104826081
sz000333,2022-01-25,76.8,78.8,75.22,75.85,-0.0159574468085107,25185151.0,1938021219.0,518073162658.55,529945119782.4,0.0036873048847909,359.17838898796145,2022-05-06,2022-03-31,17.858591134158196,1.508600861322094,15.35323884422871,3.7094743962180723,63.570842520894935
sz000333,2022-01-26,76.47,77.53,75.54,76.51,0.0087013843111405,17996504.0,1376378669.0,522581116348.13,534556375933.44,0.0026348302262853,362.30373818680204,2022-05-06,2022-03-31,18.01398559887203,1.5217277771885749,15.486833275833073,3.7417519585319017,64.12399685265223
sz000333,2022-01-27,75.75,76.77,74.51,74.82,-0.022088615867207,25896559.0,1951701430.0,511038022809.66,522748765486.08,0.0037914606309082,354.3009500867406,2022-05-06,2022-03-31,17.61608159074115,1.488114916863798,15.144750564603719,3.659101836849521,62.707586518304005
sz000333,2022-01-28,74.83,76.0,73.03,73.2,-0.0216519647153166,26921924.0,1996946182.0,499973045571.6,511430227660.8,0.0039415821597882,346.62963841685934,2022-05-06,2022-03-31,17.23465881371628,1.4558943051915263,14.816836959756644,3.579875092988305,61.34984406762702
sz000333,2022-02-07,74.5,75.64,73.38,74.7,0.0204918032786884,21295784.0,1582887132.0,510218394866.1,521910355276.8001,0.0031178708584536,353.73270477786053,2022-05-06,2022-03-31,17.587828051702274,1.4857282048880742,15.120460667948382,3.653233189156098,62.60701300343904
sz000333,2022-02-08,74.4,74.9,73.0,74.3,-0.0053547523427042,25222789.0,1858705328.0,507486301720.9,519115654579.2,0.0036928153850557,351.83855374826015,2022-05-06,2022-03-31,17.493649588239336,1.477772498302328,15.039494345763915,3.6336710301780193,62.27176795388917
sz000333,2022-02-09,74.6,77.07,73.9,76.59,0.0308209959623151,30821130.0,2329350902.0,523127534977.17,535115316072.96,0.0045124566933817,362.68256839272215,2022-05-06,2022-03-31,18.032821291564616,1.523318918505724,15.503026540269964,3.745664390327517,64.1910458625622
sz000333,2022-02-10,76.1,76.61,73.5,73.65,-0.0383862122992557,40093808.0,2986309640.0,503046650359.95,514574265945.6,0.0058700499388815,348.7605583251598,2022-05-06,2022-03-31,17.340609585112073,1.4648444751004908,14.907924072214165,3.6018825218386423,61.72699474837064
sz000333,2022-02-11,73.15,74.6,72.48,74.14,0.0066530889341478,26315615.0,1943208566.0,506393464462.82,517997774300.16,0.003852813736784,351.0808933364201,2022-05-06,2022-03-31,17.455978202854165,1.4745902156680295,15.00710781689013,3.6258461665867885,62.13766993406923
sz000333,2022-02-14,73.5,73.53,71.6,73.0,-0.0153763150795791,19833640.0,1443390305.0,498606998999.0,510032877312.0,0.0029038014366158,345.6825629020592,2022-05-06,2022-03-31,17.187569581984814,1.4519164518986534,14.776353798664413,3.5700940134992654,61.18222154285209
sz000333,2022-02-15,72.72,73.3,71.9,72.03,-0.0132876712328766,22662561.0,1639397266.0,491981673121.89,503255728120.32,0.0033179777987899,341.0892466552785,2022-05-06,2022-03-31,16.959186808087207,1.4326238634282191,14.58001046736709,3.522655777977426,60.369252297693656
sz000333,2022-02-16,72.18,73.49,71.8,73.3,0.0176315424128834,18939258.0,1380576751.0,500656068857.9,512128902835.2,0.002772856852743,347.1031761742595,2022-05-06,2022-03-31,17.25820342958201,1.4578832318379626,14.837078540302759,3.584765632732824,61.433655330014496
sz000333,2022-02-17,73.01,73.8,72.11,72.27,-0.0140518417462482,17712319.0,1288420222.0,493620929009.01,504932548538.88,0.0025932232993034,342.22573727303865,2022-05-06,2022-03-31,17.015693886164964,1.4373972873796668,14.628590260677768,3.5343930733642726,60.57039932742357
sz000333,2022-02-18,71.79,73.14,71.31,73.0,0.0101010101010101,15392511.0,1114787734.0,498606998999.0,510032877312.0,0.0022535850985963,345.68256290205926,2022-05-06,2022-03-31,17.187569581984814,1.4519164518986534,14.776353798664413,3.5700940134992654,61.182221542852105
sz000333,2022-02-21,72.8,72.82,72.0,72.7,-0.0041095890410958,10709058.0,776053568.0,496557929140.1,507936851788.8,0.0015678906143906,344.2619496298591,2022-05-06,2022-03-31,17.116935734387617,1.4459496719593439,14.715629057026065,3.5554223942657073,60.9307877556897
sz000333,2022-02-22,72.1,72.15,69.25,70.17,-0.0348005502063274,36301446.0,2550080184.0,479277439996.71,490260369876.48,0.0053148182101738,332.281444367637,2022-05-06,2022-03-31,16.52125695298458,1.3956298278045,14.20351706920934,3.431691738729363,58.81036281728674
sz000333,2022-02-23,70.05,70.64,69.7,70.48,0.0044178423827847,19598560.0,1377756703.0,481394812184.24,492426262917.12,0.0028693838692041,333.74941141557724,2022-05-06,2022-03-31,16.594245262168354,1.4017955004084532,14.2662659689023,3.4468524119373734,59.070177730687895
sz000333,2022-02-24,69.52,69.76,67.46,68.3,-0.0309307604994325,41899669.0,2867573789.0,466504904542.9,477195144115.2,0.0061344422423683,323.4262883042555,2022-05-06,2022-03-31,16.08097263629538,1.358436899516137,13.824999512996976,3.340238645506847,57.24309221064108
sz000333,2022-02-25,68.75,68.95,67.81,68.12,-0.0026354319180086,22417097.0,1528873766.0,465275462627.56,475937528801.28,0.0032820399318206,322.5739203409354,2022-05-06,2022-03-31,16.038592327737064,1.3548568315525515,13.78856466801397,3.331435673966712,57.092231938343645
sz000333,2022-02-28,67.5,67.62,65.5,66.72,-0.0205519671168527,48362395.0,3207726548.0,455713136619.36,466156076359.68,0.0070806363370103,315.94439173733423,2022-05-06,2022-03-31,15.708967705616805,1.3270118585024404,13.50518254036835,3.2629681175434384,55.918874264919076
sz000333,2022-03-01,66.61,68.39,65.68,68.33,0.0241306954436451,40633496.0,2724504805.0,466709811528.79,477404746667.52,0.0059490645216673,323.56834963147554,2022-05-06,2022-03-31,16.0880360210551,1.3590335775100681,13.831071987160811,3.341705807430203,57.268235589357324
sz000333,2022-03-02,67.5,67.5,66.2,66.92,-0.0206351529342894,24786934.0,1658320778.0,457079183191.96,467553426708.48,0.0036290027729908,316.8914672521344,2022-05-06,2022-03-31,15.756056937348271,1.3309897117953133,13.545665701460582,3.2727491970324776,56.086496789694024
sz000333,2022-03-03,67.25,67.25,65.95,66.67,-0.0037358039450089,26230556.0,1743964880.0,455371624976.21,465806738772.48,0.0038403604278403,315.70762285863424,2022-05-06,2022-03-31,15.69719539768394,1.3260173951792222,13.495061750095294,3.2605228476711785,55.87696863372535
sz000333,2022-03-04,65.95,66.33,65.09,65.6,-0.0160491975401231,30520427.0,2001514125.0,448063275812.8,458330914406.4,0.0044684314008285,310.6407688544533,2022-05-06,2022-03-31,15.445268007920602,1.3047358800623514,13.278476838251857,3.2081940724048192,54.980188126179435
sz000333,2022-03-07,64.58,64.58,62.04,62.51,-0.0471036585365852,47645242.0,2998946563.0,426957856266.13,436741851517.44,0.0069756394775496,296.0084521507909,2022-05-06,2022-03-31,14.717739377669462,1.2432780466874631,12.653011999376883,3.0570763942991657,52.39042011840667
sz000333,2022-03-08,61.9,63.0,59.7,59.76,-0.0439929611262197,57768670.0,3513393050.0,408174715892.88,417528284221.44,0.0084577892377488,282.9861638222887,2022-05-06,2022-03-31,14.070262441361814,1.188582563910459,12.096368534358703,2.922586551324878,50.08561040275128
sz000333,2022-03-09,59.28,60.01,56.61,59.52,-0.004016064257028,56275807.0,3289964731.0,406535460005.76,415851463802.88,0.0082392223118557,281.8496732045285,2022-05-06,2022-03-31,14.013755363284057,1.1838091399590116,12.047788741048025,2.9108492559380315,49.88446337302136
sz000333,2022-03-10,61.21,61.39,58.12,58.87,-0.0109206989247312,47362869.0,2809518529.0,402095808644.81,411310075169.28,0.0069342978416693,278.77167778142797,2022-05-06,2022-03-31,13.860715360156798,1.1708811167571744,11.916218467498275,2.879060747598654,49.33969016750281
sz000333,2022-03-11,58.3,59.67,57.33,59.38,0.0086631561066758,35638996.0,2080976811.0,406035550591.42,415329641745.2,0.0052119662413735,281.1867203441684,2022-05-06,2022-03-31,13.99617051076816,1.182323663111907,12.032670838482876,2.907196640808486,49.76712760567891
sz000333,2022-03-14,58.02,59.09,56.69,56.69,-0.0453014482990906,31918608.0,1851362819.0,387686972740.3,396560028104.19,0.0046673373488154,268.44855467010626,2022-05-06,2022-03-31,13.363654344002532,1.128891988305396,11.488889321327575,2.7758143549279763,47.512604647456
sz000333,2022-03-15,56.2,57.23,54.28,54.4,-0.0403951314164755,49926766.0,2779415595.0,372026306528.0,380540933654.4,0.0073006021959782,257.6045400256444,2022-05-06,2022-03-31,12.823827770572194,1.0832902480827933,11.024794127363208,2.6636849692729223,45.59332673878297
sz000333,2022-03-16,56.2,57.31,54.25,56.99,0.047610294117647,52945781.0,2962039193.0,389738588401.3,398658599429.49,0.0077420613431357,269.8691679423065,2022-05-06,2022-03-31,13.434373982443189,1.1348660154087937,11.549687818353476,2.7905037940967614,47.76403843461841
sz000333,2022-03-17,59.44,59.68,57.61,58.7,0.0300052640814179,52266437.0,3071637071.0,401432797669.0,410620455983.7,0.0076427234389297,277.9666635938479,2022-05-06,2022-03-31,13.837475921554924,1.168917969898161,11.896239251401106,2.874233597358833,49.19721102144413
sz000333,2022-03-18,58.7,59.01,57.65,58.9,0.0034071550255536,36839305.0,2148265063.0,402800541443.0,412019503533.9,0.0053868722636934,278.9137391086481,2022-05-06,2022-03-31,13.884622347182027,1.1729006546337597,11.936771582751708,2.8840265568046894,49.36483354621907
sz000333,2022-03-21,59.03,59.55,58.0,58.45,-0.0076400679117146,30641715.0,1798629636.0,399723117951.5,408871646545.95,0.0044806221139486,276.7828192003478,2022-05-06,2022-03-31,13.778542889521045,1.1639396139786629,11.845573837212857,2.8619923980515125,48.98768286547548
sz000333,2022-03-22,58.1,58.94,58.02,58.58,0.0022241231822068,19403969.0,1134303593.0,400612151404.6,409781027453.58,0.0028373690114856,277.3984182849679,2022-05-06,2022-03-31,13.809188066178661,1.166528359056802,11.871919852590748,2.8683578216913195,49.09663750657918
sz000333,2022-03-23,58.73,58.86,57.93,58.0,-0.0099009900990099,24373729.0,1418165963.0,396645694460.0,405723789558.0,0.0035640782233237,274.6518992920474,2022-05-06,2022-03-31,13.672463431860061,1.1549785733235662,11.754376091674006,2.8399582392983356,48.61053218473186
sz000333,2022-03-24,57.5,57.82,57.11,57.58,-0.0072413793103448,23678670.0,1361843503.0,393773432534.6,402785789702.58,0.0034624423740933,272.66304071096704,2022-05-06,2022-03-31,13.573455938043143,1.1466149353788095,11.669258195837747,2.8193930244620375,48.258524882704485
sz000333,2022-03-25,57.59,57.92,56.05,56.09,-0.0258770406391106,25216369.0,1430819628.0,383583741418.3,392362885453.59,0.003687294284112,265.60732812570586,2022-05-06,2022-03-31,13.222215067121223,1.1169439340986005,11.367292327275777,2.746435476590408,47.00973707313121
sz000333,2022-03-28,55.87,56.16,54.8,55.8,-0.005170262078802,21585282.0,1198968556.0,381600512946.0,390334266505.8,0.0031563341629219,264.23406862924566,2022-05-06,2022-03-31,13.15385274996192,1.1111690412319826,11.308520446817406,2.732235685393916,46.76668441220755
sz000333,2022-03-29,56.11,56.23,54.46,54.65,-0.0206093189964157,25242958.0,1391082042.0,373735986245.5,382289743092.15,0.0036911822930367,258.7883844191447,2022-05-06,2022-03-31,12.882760802606075,1.0882686040022913,11.075459541551457,2.6759261685802427,45.80285489475166
sz000333,2022-03-30,54.99,57.0,54.95,57.0,0.0430009149130832,33900253.0,1899860141.0,389806975590.0,398728551807.0,0.0049571058036488,269.9165217180466,2022-05-06,2022-03-31,13.436731303724542,1.1350651496455737,11.551714434921006,2.790993442069054,47.77241956085717
sz000333,2022-03-31,56.9,57.2,56.22,57.0,0.0,25133597.0,1428403894.0,389806975590.0,398728551807.0,0.0036751908475512,269.9165217180466,2022-05-06,2022-03-31,13.436731303724542,1.1350651496455737,11.551714434921006,2.790993442069054,47.77241956085717
sz000333,2022-04-01,56.5,59.24,55.81,58.6,0.0280701754385965,45775170.0,2655473470.0,400748925782.0,409920932208.6,0.0066935300120035,277.4931258364479,2022-05-06,2022-03-31,13.81390270874137,1.1669266275303616,11.875973085725803,2.8693371176359044,49.113399759056676
sz000333,2022-04-06,58.05,59.18,57.9,58.41,-0.0032423208191126,30753172.0,1798592444.0,399449569196.7,408591837035.91,0.0044969200495881,276.59340409738775,2022-05-06,2022-03-31,13.769113604395622,1.1631430770315432,11.837467370942734,2.860033806162341,48.95415836052049
sz000333,2022-04-07,57.65,59.12,57.61,57.7,-0.0121554528334187,26942029.0,1567998978.0,394594078799.0,403625218232.7,0.0039396310203931,273.23128601984723,2022-05-06,2022-03-31,13.601743793419406,1.1490045462201686,11.693577594648106,2.8252688001295514,48.35909839756947
sz000333,2022-04-08,57.7,57.92,56.84,57.33,-0.0064124783362219,22682729.0,1297780224.0,392063752817.1,401036980264.83,0.003316809687777,271.4791963174669,2022-05-06,2022-03-31,13.514522906009264,1.1416365794593113,11.618592781649497,2.807151825154717,48.04899672673583
sz000333,2022-04-11,57.45,57.47,55.27,55.36,-0.0343624629338914,33812428.0,1894585191.0,378591476643.2,387256361895.36,0.0049442634860058,262.1505024966853,2022-05-06,2022-03-31,13.050130613582292,1.102407134813666,11.219349317846085,2.710691174613032,46.3979148577027
sz000333,2022-04-12,55.74,57.5,55.29,57.44,0.0375722543352601,29717487.0,1671057317.0,392816011892.8001,401806456417.44,0.0043454757484423,272.00008785060703,2022-05-06,2022-03-31,13.540453440104171,1.1438270560638903,11.640885563892326,2.812537952849938,48.14118911536205
sz000333,2022-04-13,56.98,57.45,56.43,56.57,-0.0151462395543174,21198659.0,1206396766.0,386866326475.9,395720599574.07,0.0030997997436323,267.88030936122635,2022-05-06,2022-03-31,13.33536648862627,1.126502377464037,11.464569922517216,2.769938579260463,47.412031132591075
sz000333,2022-04-14,57.02,59.08,57.02,58.72,0.0380060102527841,42741664.0,2497101925.0,401569572046.4,410760360738.72,0.0062499519007132,278.0613711453281,2022-05-06,2022-03-31,13.842190564117635,1.1693162383717208,11.900292484536166,2.8752128933034182,49.21397327392166
sz000333,2022-04-15,58.32,59.3,58.16,58.65,-0.001192098092643,21242110.0,1246877157.0,401090861725.5,410270694096.15,0.003106153419054,277.7298947151481,2022-05-06,2022-03-31,13.825689315148148,1.1679222987142615,11.886106168563458,2.871785357497369,49.15530539025043
sz000333,2022-04-18,58.5,58.5,57.53,57.57,-0.0184143222506393,15468205.0,893259008.0,393705045345.9,402715837325.07,0.0022618571247102,272.61568693522725,2022-05-06,2022-03-31,13.571098616761788,1.1464158011420293,11.667231579270215,2.8189033764897444,48.250143756465775
sz000333,2022-04-19,57.65,58.15,57.06,57.3,-0.0046899426784784,16849454.0,971057234.0,391858591251.0,400827123132.3,0.0024638319428387,271.33713499024697,2022-05-06,2022-03-31,13.507450942165198,1.1410391767489714,11.612512931946906,2.8056828812378383,48.02385334801961
sz000333,2022-04-20,57.75,58.89,57.0,57.56,0.0045375218150087,21662822.0,1255101326.0,393636658157.2,402645884947.56,0.0031676725439073,272.5683331594872,2022-05-06,2022-03-31,13.568741295480434,1.1462166669052496,11.665204962702687,2.8184137285174518,48.24176263022702
sz000333,2022-04-21,57.1,57.99,55.6,56.03,-0.0265809589993051,27999954.0,1586256608.0,383173418286.1,391943171188.53,0.0040943273926392,265.3232054712659,2022-05-06,2022-03-31,13.208071139433091,1.115749128677921,11.355132627870596,2.7434975887566506,46.959450315698746
sz000333,2022-04-22,55.6,57.52,54.68,56.97,0.0167767267535248,24469829.0,1373768018.0,389601814023.9,398518694674.47,0.0035781305629251,269.7744603908267,2022-05-06,2022-03-31,13.429659339880477,1.134467746935234,11.545634585218416,2.7895244981521756,47.74727618214095
sz000333,2022-04-25,56.55,57.49,55.03,55.07,-0.0333508864314551,32560068.0,1837475015.0,376922782293.21,385327732995.8699,0.0047571625515731,260.7772430002251,2022-05-06,2022-03-31,12.985137855502629,1.0969168847663853,11.16347428658264,2.697191287067313,46.15486219677905
sz000333,2022-04-26,55.07,55.47,51.51,51.79,-0.0595605592881787,63204589.0,3336916858.0,354473050571.37,362377397709.39,0.0092344556491211,245.2452045575024,2022-05-06,2022-03-31,12.211735782394795,1.031583901617053,10.498571514474577,2.5365450655023825,43.405852790470064
sz000333,2022-04-27,50.73,53.35,50.5,53.1,0.0252944583896506,37571041.0,1983750319.0,363439254399.3,371543537717.1,0.0054892867321044,251.44854917944352,2022-05-06,2022-03-31,12.520625025007986,1.0576772576919389,10.764127194798222,2.6007055991152055,44.503780327745915
sz000333,2022-04-28,53.5,53.7,52.07,53.28,0.0033898305084745,25258916.0,1335819843.0,364671251871.84,372803007336.48,0.0036904336099215,252.30091714276367,2022-05-06,2022-03-31,12.563067821702928,1.0612626043281828,10.80061576156025,2.6095215502986466,44.65464060004336
sz000333,2022-04-29,54.0,57.29,53.28,57.09,0.0715090090090091,57524101.0,3198610308.0,390748531707.27,399461780946.69,0.0084045125179133,270.3427056997068,2022-05-06,2022-03-31,13.461440351745876,1.1371524414620113,11.572957091356509,2.7961258503481563,47.84784969700593
sz000333,2022-05-05,58.05,59.38,57.85,58.7,0.0282010860045542,46790722.0,2748594256.0,401768064656.1,410727036986.7,0.006836320810493,277.9666635938482,2022-05-06,2022-03-31,13.841067588850638,1.1692213752639702,11.89932704961687,2.874979635933382,49.197211021444176
sz000333,2022-05-06,57.6,58.5,57.39,58.2,-0.0085178875638841,21216998.0,1232140906.0,398345849454.6,407228510266.2,0.003099892430888,275.59897480684776,2022-05-06,2022-03-31,13.723170931364688,1.1592620790521817,11.797969919722348,2.850490882646045,48.77815470950683
sz000333,2022-05-09,57.25,57.52,55.77,56.36,-0.0316151202749142,21529684.0,1216418057.0,385752097513.08,394353931934.76,0.0031455771674679,266.88588007068626,2022-08-31,2022-06-30,13.179693492707276,1.1197595627592485,10.860751542047751,2.808819297922264,47.2360274815774
sz000333,2022-05-10,55.23,56.89,55.0,56.6,0.0042583392476933,30057137.0,1689113756.0,387394760809.8001,396033224760.6,0.0043914738305799,268.0223706884464,2022-08-31,2022-06-30,13.235817098779838,1.124527878853326,10.907000306598698,2.8207802033782845,47.437174511307326
sz000333,2022-05-11,56.48,57.5,56.0,56.68,0.0014134275618373,35911506.0,2038556237.0,387942315242.04,396592989035.88,0.0052468217054642,268.40120089436647,2022-08-31,2022-06-30,13.254524967470696,1.1261173175513521,10.922416561449015,2.824767171863625,47.5042235212173
sz000333,2022-05-12,56.58,56.58,55.28,55.74,-0.0165843330980944,22579089.0,1261668407.0,381508550663.22,390015758801.34,0.0032988996411013,263.94994597480576,2022-08-31,2022-06-30,13.034707510353151,1.1074414128495478,10.741275566957802,2.7779202921608763,46.7163976547751
sz000333,2022-05-13,56.52,57.17,56.2,57.01,0.0227843559382847,24432011.0,1386786846.0,390200977275.03,398902016671.41,0.0035696193198619,269.96387549378676,2022-08-31,2022-06-30,13.331694925820472,1.1326737521807089,10.98600861270657,2.8412134168656538,47.78080068709595
sz000333,2022-05-16,57.52,58.75,55.55,56.2,-0.0142080336783019,28664501.0,1624257211.0,384656988648.6,393234403384.2,0.0041880038677047,266.1282196588461,2022-08-31,2022-06-30,13.142277755325567,1.1165806853631968,10.829919032347119,2.800845360951583,47.10192946175745
sz000333,2022-05-17,56.0,57.5,55.7,57.39,0.0211743772241992,22831367.0,1301041283.0,392801860828.1701,401560896978.99,0.003335758515419,271.76331897190704,2022-08-31,2022-06-30,13.420557302102033,1.140223585996332,11.059235823245572,2.860151517171021,48.099283484168325
sz000333,2022-05-18,57.5,57.67,55.92,56.63,-0.0132427252134518,22269749.0,1258738707.0,387600093721.89,396243136363.83,0.0032537037691608,268.1644320156664,2022-08-31,2022-06-30,13.242832549538912,1.1251239183650859,10.91278140216757,2.8222753165602876,47.46231789002356
sz000333,2022-05-19,55.79,56.19,55.33,55.82,-0.0143033727706163,20195890.0,1125169384.0,382056105095.46,390575523076.6201,0.0029507042676842,264.32877618072575,2022-08-31,2022-06-30,13.053415379044008,1.109030851547574,10.756691821808118,2.781907260646217,46.783446664685066
sz000333,2022-05-20,55.9,57.12,55.36,56.9,0.0193479039770692,26608469.0,1502431004.0,389448089930.7,398132340792.9,0.0038876089657274,269.44298396064664,2022-08-31,2022-06-30,13.305971606370548,1.1304882739709234,10.964811262287386,2.835731335198311,47.68860829846973
sz000333,2022-05-23,56.35,56.5,54.09,54.31,-0.0455184534270649,55783104.0,3054327110.0,371721015186.93,380009972380.71,0.0081501455512718,257.17835604398454,2022-08-31,2022-06-30,12.70030435750412,1.0790301961223348,10.4657100115084,2.706653230485418,45.517896602634295
sz000333,2022-05-24,54.06,54.69,53.55,53.79,-0.0095746639661205,26346272.0,1425290686.0,368161911377.37,376371504591.39,0.0038493008838912,254.7159597055041,2022-08-31,2022-06-30,12.578703211013561,1.0686988445851662,10.365504354981343,2.6807379353307055,45.08207803821945
sz000333,2022-05-25,53.5,53.8,53.0,53.4,-0.007250418293363,22197439.0,1182899111.0,365492583520.2,373642653749.4,0.0032431389747597,252.86916245164377,2022-08-31,2022-06-30,12.487502351145647,1.06095033093229,10.290350112586053,2.6613014639646715,44.75521411490833
sz000333,2022-05-26,53.4,54.08,51.8,53.82,0.0078651685393258,42382765.0,2242918334.0,368367244289.46,376581416194.62,0.0061922997977191,254.85802103272414,2022-08-31,2022-06-30,12.585718661772633,1.069294884096926,10.371285450550213,2.682233048512708,45.107221416935694
sz000333,2022-05-27,54.43,54.79,53.01,53.12,-0.0130063173541434,35255705.0,1897823157.0,363576143007.3601,371683478785.92,0.0051510064277294,251.54325673092356,2022-08-31,2022-06-30,12.422024810727653,1.0553872954891994,10.236393220609946,2.6473470742659804,44.52054258022341
sz000333,2022-05-30,53.15,53.8,53.01,53.4,0.0052710843373493,21638531.0,1152606788.0,365492583520.2,373642653749.4,0.0031614801708722,252.86916245164377,2022-08-31,2022-06-30,12.487502351145647,1.06095033093229,10.290350112586053,2.6613014639646715,44.75521411490833
sz000333,2022-05-31,53.49,54.48,53.1,54.48,0.0202247191011235,35509917.0,1910341886.0,372884568355.44,381199471465.68,0.0051881478675618,257.98337023156466,2022-08-31,2022-06-30,12.740058578472185,1.0824077533556395,10.49846955306532,2.715125538516766,45.660375748692985
sz000333,2022-06-01,54.3,54.77,53.85,54.27,-0.0038546255506606,29205803.0,1584914303.0,371447237970.81,379730090243.07,0.0042670903611202,256.98894094102457,2022-08-31,2022-06-30,12.690950423158693,1.0782354767733218,10.458001884083242,2.704659746242748,45.48437209767931
sz000333,2022-06-02,52.76,52.78,52.08,52.56,-0.0007604562737641,27584641.0,1445923346.0,359743261981.68,367765128858.96,0.004030231790787,256.793512088598,2022-08-31,2022-06-30,12.29106972989167,1.044261224603018,10.128479436657733,2.619438294868598,45.449783221559414
sz000333,2022-06-06,52.58,52.93,51.58,52.79,0.0043759512937595,36520890.0,1916117643.0,361317480974.37,369374451150.39,0.0053358552647408,257.9172279900511,2022-08-31,2022-06-30,12.344854852377876,1.0488308608598425,10.172801169352391,2.6309008292639513,45.648669259248884
sz000333,2022-06-07,52.5,53.13,52.1,53.0,0.0039780261413147,29169548.0,1540591783.0,362754811359.0,370843832373.0,0.0042617933535001,258.9432294652909,2022-08-31,2022-06-30,12.39396300769137,1.0530031374421605,10.213268838334471,2.64136662153797,45.830260858878404
sz000333,2022-06-08,53.01,53.8,52.53,52.99,-0.0001886792452829,36297664.0,1921801465.0,362686367054.97,370773861838.59,0.0053032410095207,258.8943722521843,2022-08-31,2022-06-30,12.391624524105014,1.0528044576049074,10.211341806478183,2.6408682504773027,45.82161363984843
sz000333,2022-06-09,52.85,53.15,52.19,52.38,-0.0115116059633892,28683558.0,1507868964.0,358511264509.14,366505659239.58,0.0041907881753648,255.91408225267818,2022-08-31,2022-06-30,12.248977025337245,1.0406849875324597,10.093792863244522,2.6104676157765825,45.29413327901984
sz000333,2022-06-10,52.11,52.34,51.75,52.25,-0.0024818633066056,30034887.0,1563195289.0,357621488556.75,365596042292.25,0.0043882230122225,255.27893848229164,2022-08-31,2022-06-30,12.218576738714605,1.0381021496481677,10.068741449112757,2.6039887919879043,45.181719431630135
sz000333,2022-06-13,51.8,51.85,50.66,51.06,-0.0227751196172247,40426293.0,2064281836.0,349476616377.18,357269548697.46,0.0059064510294794,249.4649301225993,2022-08-31,2022-06-30,11.94029719193814,1.0144592490150324,9.839424658214305,2.544682635768467,44.15270036706288
sz000333,2022-06-14,50.3,51.56,50.12,51.43,0.0072463768115942,34842410.0,1764306398.0,352009055626.29,359858458470.63,0.0050906222941105,251.2726470075457,2022-08-31,2022-06-30,12.026821084633342,1.021810402993402,9.910724836897016,2.563122365013166,44.47264747117203
sz000333,2022-06-15,51.12,55.0,51.12,54.44,0.0585261520513318,91507776.0,4906858801.0,372610791139.32,380919589328.04,0.0133696700254108,265.9786681526499,2022-08-31,2022-06-30,12.730704644126758,1.0816130340066268,10.490761425640162,2.7131320542740958,47.07546039919512
sz000333,2022-06-16,54.47,54.93,53.49,53.83,-0.0112049963262307,35938169.0,1942251730.0,368435688593.49,376651386729.03,0.0052507172816379,262.99837815314373,2022-08-31,2022-06-30,12.588057145358992,1.0694935639341794,10.373212482406501,2.6827314195733756,46.54798003836652
sz000333,2022-06-17,53.03,55.41,52.52,54.76,0.017276611554895,53813436.0,2909185799.0,374801008868.28,383158646429.16,0.0078623687920638,267.542098972063,2022-08-31,2022-06-30,12.805536118890178,1.0879707887987304,10.552426445041428,2.729079928215457,47.35217140815439
sz000333,2022-06-20,55.16,57.55,55.16,57.06,0.04200146092037982,76530884.0,4349794665.0,390543198795.18,399251869343.46,0.01118148326359715,278.77925798659453,2022-08-31,2022-06-30,13.343387343752257,1.1336671513669752,10.995643771988018,2.8437052721689917,49.34103178504911
sz000333,2022-06-21,57.1,58.39,56.65,57.29,0.004030844724850935,53707727.0,3093973214.0,392117417787.87,400861191634.89,0.007846924263625973,279.9029738880476,2022-08-31,2022-06-30,13.397172466238464,1.1382367876237995,11.039965504682677,2.8551678065643453,49.53991782273858
sz000333,2022-06-22,57.27,57.27,56.0,56.0,-0.02251701867690692,29721130.0,1674082885.0,383305225912.0,391834992696.0,0.004342187811397365,273.60039339728866,2022-08-31,2022-06-30,13.095508083598428,1.1126070886181318,10.79137839522133,2.790877939738232,48.424426567871535
sz000333,2022-06-23,55.96,56.47,55.3,55.99,-0.00017857142857136132,30453200.0,1698132572.0,383236778550.23,391765022161.59,0.004449141531901589,273.551536184182,2022-08-31,2022-06-30,13.093169600012072,1.1124084087808788,10.789451363365039,2.7903795686775648,48.41577934884156
sz000333,2022-06-24,55.99,58.95,55.76,57.8,0.03232720128594391,73201062.0,4236370540.0,395625751030.6,404429688889.8,0.010694504522464081,282.3946917564872,2022-08-31,2022-06-30,13.516435129142664,1.1483694593237146,11.138244129353442,2.8805847306583896,49.980925993267405
sz000333,2022-06-27,58.3,60.08,58.3,59.1,0.02249134948096887,58158368.0,3454900579.0,404528122422.6,413525858363.1,0.00849671347498874,288.74612946035285,2022-08-31,2022-06-30,13.820437995369053,1.1741978381666354,11.38875827067108,2.9453729685451697,51.105064467164425
sz000333,2022-06-28,59.6,59.6,58.45,59.1,0.0,32252221.0,1902451600.0,404693111833.5,413525858363.1,0.00471000421149796,288.74612946035285,2022-08-31,2022-06-30,13.820437995369053,1.1741978381666354,11.38875827067108,2.9453729685451697,51.105064467164425
sz000333,2022-06-29,59.48,60.64,59.21,59.27,0.002876480541455173,42072308.0,2520771106.0,405847939260.52,414715950148.07,0.006144236434225932,289.576702083166,2022-08-31,2022-06-30,13.860212024949897,1.1775770783589254,11.421534135553111,2.9538494981324943,51.25206719067404
sz000333,2022-06-30,59.36,60.66,59.0,60.39,0.0188965749957819,37053894.0,2223920748.0,413517075281.64,422552661201.99005,0.005411347662332802,295.0487099511118,2022-08-31,2022-06-30,14.122122560936802,1.1998292519334488,11.637362011912478,3.009667136700208,52.22055572203146
sz000333,2022-07-01,60.19,60.19,58.16,58.79,-0.026494452723960893,33785737.0,1992141899.0,402561166680.04,411357359696.39,0.00493406628019017,287.2315558540464,2022-08-31,2022-06-30,13.747964652384079,1.1680404325412723,11.329036474256242,2.9299276530320455,50.83700067723513
sz000333,2022-07-04,57.54,60.06,57.54,59.97,0.02007144072121103,31375014.0,1867732492.0,410641149273.72,419613894556.77,0.004582004489583711,292.9967070006321,2022-08-31,2022-06-30,14.023906109941711,1.1914846868430022,11.556426558277714,2.9887355222373153,51.85737252277243
sz000333,2022-07-05,59.75,61.49,58.9,59.54,-0.0071702517925629206,28384693.0,1695670010.0,407696748837.04,416605157277.14,0.004145298254255929,290.8958468370458,2022-08-31,2022-06-30,13.923351172018167,1.182941441631355,11.473564070032602,2.9673055360014966,51.485542104483415
sz000333,2022-07-06,60.05,61.03,58.67,59.28,-0.004366812227074246,30764043.0,1828885012.0,405916413689.28,414785920782.48,0.0044927783344972,289.6255592962727,2022-08-31,2022-06-30,13.86255051187835,1.1777757584801265,11.423461170163463,2.9543478699054204,51.26071440970401
sz000333,2022-07-07,59.02,59.8,58.5,58.7,-0.009784075573549211,19747189.0,1165987949.0,401944896821.2,410727623986.7,0.00288387787347786,286.7918409360865,2022-08-31,2022-06-30,13.726918270027989,1.1662523114504626,11.31169316276308,2.9254423070757114,50.75917570596534
sz000333,2022-07-08,59.12,59.12,57.9,58.58,-0.002044293015332266,22725014.0,1326085879.0,401154391668.08,409919164365.78,0.0033185011750325715,286.20555437880654,2022-08-31,2022-06-30,13.699898760034317,1.1639567076328756,11.289427684055887,2.9196839849165026,50.65540907760561
sz000333,2022-07-11,58.26,59.2,57.72,58.9,0.005462615227040057,27354736.0,1600533212.0,403661186240.4,412167645868.9,0.003991451259919884,287.76898519821964,2022-08-31,2022-06-30,13.775045207515523,1.1703412228130676,11.351352257325559,2.9356989849597364,50.93212008656488
sz000333,2022-07-12,59.05,60.88,59.05,60.1,0.02037351443123936,40810385.0,2451083764.0,411885183243.6,420564949350.1,0.005954824883927434,293.63185077101866,2022-08-31,2022-06-30,14.055691289841814,1.1941851866055238,11.58261919635426,2.995509490595588,51.969786370162126
sz000333,2022-07-13,60.08,60.25,58.03,58.3,-0.029950083194675625,38790065.0,2277523772.0,399549187738.8,407968994128.3001,0.0056600310021863946,284.83755241182007,2022-08-31,2022-06-30,13.634722166352379,1.1584192409168397,11.235718787811207,2.905793732141811,50.41328694476625
sz000333,2022-07-14,59.0,59.19,55.85,56.2,-0.03602058319039436,54519966.0,3101127519.0,385157192983.2,393273713036.2,0.007955250856067093,274.5775376594218,2022-08-31,2022-06-30,13.143591522281366,1.1166923042800407,10.831001644510973,2.80112534727907,48.597370948471074
sz000333,2022-07-15,55.8,56.58,55.15,55.2,-0.017793594306049876,30267863.0,1686983214.0,378303862147.2,386275960135.2,0.004416518584073796,269.6918163487559,2022-08-31,2022-06-30,12.909719787009456,1.0968223344529937,10.638279195320386,2.751283259249193,47.732649045473366
sz000333,2022-07-18,55.2,55.88,54.0,55.29,0.001630434782608603,23549370.0,1297826117.0,378259592621.73,386916600320.58,0.003442198671752075,270.1315312667158,2022-08-31,2022-06-30,12.931130607591347,1.098641418569507,10.655922822828112,2.7558462732576787,47.81047401674315
sz000333,2022-07-19,55.1,55.66,54.76,55.03,-0.004702477844094721,19709717.0,1084831637.0,376928099132.22,385113590301.56,0.0028775401170861815,268.8612437259427,2022-08-31,2022-06-30,12.870872252112607,1.0935218101491138,10.60626681014852,2.7430041816093866,47.58564632196375
sz000333,2022-07-20,55.47,56.35,55.1,55.43,0.007268762493185532,21705190.0,1207951154.0,379667899961.82,387912889522.36,0.0031688712209301537,270.81553225020906,2022-08-31,2022-06-30,12.964427565593343,1.1014703604682061,10.683361244530845,2.76294242752332,47.931535083162835
sz000333,2022-07-21,55.5,55.9,54.8,54.89,-0.009742016958325772,16384697.0,902059284.0,375969168841.86,384133835574.28,0.0023921004509502393,268.1772427424495,2022-08-31,2022-06-30,12.838127892394347,1.0907398175374314,10.579283758114705,2.73602579553951,47.46458525554407
sz000333,2022-07-22,54.65,55.47,54.3,55.09,0.0036436509382402615,18646088.0,1022770983.0,377339069256.66,385533485184.68,0.002722254522818326,269.1543870045827,2022-08-31,2022-06-30,12.884905549134718,1.0947140926969776,10.617830975305868,2.7459949184964763,47.637529636143626
sz000333,2022-07-25,55.1,56.72,55.01,56.45,0.024686876021056348,36027403.0,2023496096.0,386654392077.3001,395051102535.4,0.005259857229149003,275.79896798708825,2022-08-31,2022-06-30,13.202993614969229,1.1217391637818912,10.879952052205779,2.8137849546038503,48.8135514242205
sz000333,2022-07-26,56.5,57.86,56.37,57.4,0.016829052258635846,26304234.0,1507831169.0,393161419047.6,401699438184.8,0.0038403133126783252,280.4404032322208,2022-08-31,2022-06-30,13.425187484485981,1.1406169707897353,11.063051333863802,2.861138288649442,49.63503723206831
sz000333,2022-07-27,57.2,57.25,55.77,55.92,-0.025783972125435484,24440950.0,1372601235.0,383024155978.08,391342031067.84,0.003568281275915707,273.2095356924353,2022-08-31,2022-06-30,13.07903282460725,1.111207334609094,10.777801926649195,2.7873667787678884,48.355248815631704
sz000333,2022-07-28,56.0,56.14,55.51,55.75,-0.0030400572246066515,14614702.0,815071057.0,381859740625.5,390152328899.0,0.0021336882363282863,272.3789630696221,2022-08-31,2022-06-30,13.039271816377935,1.1078292007234798,10.745036792036707,2.778893024254467,48.208246092122096
sz000333,2022-07-29,55.95,56.2,54.78,54.98,-0.013811659192825121,23747370.0,1312270362.0,376585624028.52,384763677898.96,0.0034670213605953273,268.61695766040935,2022-08-31,2022-06-30,12.859177837927515,1.0925282413592274,10.59663000585073,2.740511900870145,47.542410226813864
sz000333,2022-08-01,55.25,55.3,54.08,54.61,-0.006729719898144748,18646747.0,1017042234.0,374051308261.14,382174326119.72,0.002722350734191485,266.809240775463,2022-08-31,2022-06-30,12.772639172957831,1.085175832314067,10.525317654047077,2.7220690233997566,47.22246312270472
sz000333,2022-08-02,54.08,54.1,52.9,53.6,-0.018494781175608876,26048594.0,1393045271.0,367133311166.4,375106095587.2,0.0038029908916850704,261.8746622516905,2022-08-31,2022-06-30,12.536412006418965,1.065105742758359,10.330654207231705,2.6717249524670748,46.34909400067703
sz000333,2022-08-03,53.21,54.01,52.08,52.25,-0.025186567164179108,31878019.0,1682530016.0,357886483366.5,365658460717.0,0.004654063705010859,255.27893848229155,2022-08-31,2022-06-30,12.220662823421472,1.0382793854314227,10.070460491191353,2.6044333725075495,45.18171943163012
sz000333,2022-08-04,52.4,52.77,52.1,52.5,0.004784688995215225,13529107.0,709252637.0,359598858885.0,367408022730.0,0.0019751956936191156,256.500368809958,2022-08-31,2022-06-30,12.279134894346935,1.0432472293808555,10.118644512680307,2.616894776203758,45.397899907379546
sz000333,2022-08-05,52.74,52.97,52.08,52.97,0.008952380952380823,19819083.0,1039336002.0,362818124859.78,370697199314.44,0.0028935071171423076,258.79665782597095,2022-08-31,2022-06-30,12.389062387686803,1.0525867760057888,10.20923047307954,2.6403222151526298,45.804319201788466
sz000333,2022-08-08,52.55,52.97,52.33,52.43,-0.010194449688502916,21808178.0,1144520138.0,359119393739.81995,366918145366.3601,0.0031839070584096306,256.1583683182114,2022-08-31,2022-06-30,12.26276271448781,1.0418562330750145,10.105152986663404,2.61340558316882,45.337369374169704
sz000333,2022-08-09,52.45,53.06,52.25,52.66,0.004386801449551614,16051580.0,846230165.0,360694779216.84,368527742418.32,0.0023434666967880966,257.28208421966445,2022-08-31,2022-06-30,12.316557019739232,1.0464266495084924,10.149482286433239,2.624870074569331,45.536255411859166
sz000333,2022-08-10,52.63,52.63,51.77,51.83,-0.015761488796050105,16302356.0,847521283.0,355009692495.42,362719196535.16,0.002380078993169745,253.2269355318118,2022-08-31,2022-06-30,12.122429744266697,1.029933407596376,9.98951133508991,2.5834982142979195,44.81853623237107
sz000333,2022-08-11,52.3,52.98,51.88,52.92,0.021030291337063467,22953884.0,1206195924.0,362475649756.08,370347286911.84,0.0033511755675103105,258.5523717604376,2022-08-31,2022-06-30,12.37736797350171,1.0515932072159022,10.19959366878175,2.637829934413388,45.761083106638566
sz000333,2022-08-12,52.71,53.46,52.43,53.16,0.0045351473922901064,16987856.0,899862141.0,364119530253.84,372026866444.32,0.002480159260697816,259.72494487499733,2022-08-31,2022-06-30,12.433501161590154,1.0563623374073576,10.245850329411146,2.649792881961748,45.96861636335801
sz000333,2022-08-15,53.17,53.6,52.52,52.8,-0.006772009029345383,18323472.0,969855784.0,361653709507.2,369507497145.6,0.0026751538727981406,257.96608520315766,2022-08-31,2022-06-30,12.349301379457488,1.0492086421201745,10.17646533846705,2.631848460639208,45.65731647827884
sz000333,2022-08-16,52.82,52.89,52.3,52.6,-0.0037878787878786735,16335748.0,858701197.0,360283809092.4,368107847535.2,0.002384954092065875,256.9889409410245,2022-08-31,2022-06-30,12.302523722717119,1.0452343669606285,10.137918121275888,2.6218793376822416,45.484372097679305
sz000333,2022-08-17,52.66,53.88,52.11,53.43,0.015779467680608228,23843481.0,1266823797.0,365968895813.82,373916393418.36,0.0034810531834872176,261.04408962887715,2022-08-31,2022-06-30,12.49665099818965,1.0617276088727448,10.297889072619215,2.6632511979536533,46.20209127716739
sz000333,2022-08-18,53.1,53.25,52.41,52.62,-0.0151600224592926,14088456.0,742672220.0,360420799133.88,368247812496.24,0.0020568584179977575,257.08665536723777,2022-08-31,2022-06-30,12.307201488391156,1.045631794476583,10.141772842995005,2.6228762499779377,45.50166653573925
sz000333,2022-08-19,52.68,52.81,52.25,52.61,-0.00019004180919801605,13215250.0,695288655.0,360352304113.14,368177830015.72,0.0019293738226846765,257.0377981541311,2022-08-31,2022-06-30,12.304862605554137,1.0454330807186056,10.139845482135444,2.622377793830089,45.49301931670927
sz000333,2022-08-22,52.46,53.55,52.29,53.04,0.00817335107394035,23817591.0,1266026528.0,363297590004.96,371187076678.08,0.0034772733466873606,259.13865831771744,2022-08-31,2022-06-30,12.405434567545932,1.05397777231163,10.222721999096446,2.643811408187568,45.86484973499829
sz000333,2022-08-23,52.95,53.1,52.0,52.12,-0.017345399698340924,22034863.0,1151798157.0,356996048096.88,364748688470.24,0.0032170021648204265,254.64379471190483,2022-08-31,2022-06-30,12.190257346540232,1.0356961065777177,10.045404800017096,2.597953442585521,45.0693055842404
sz000333,2022-08-24,52.1,52.18,51.31,51.39,-0.01400613967766684,21584197.0,1113905675.0,351995911582.86,359639967392.28,0.0031512067252204177,251.07721815511877,2022-08-31,2022-06-30,12.019518899437887,1.0211900022453746,9.904707457269353,2.561566143792593,44.43805859505208
sz000333,2022-08-25,51.39,52.41,50.97,52.23,0.016345592527729158,20989258.0,1083006134.0,357749493325.02,365518495755.96,0.003064348002707094,255.18122405607812,2022-08-31,2022-06-30,12.215985057747437,1.0378819579154683,10.066605769472238,2.603436460211853,45.16442499357015
sz000333,2022-08-26,52.48,52.66,51.89,52.23,0.0,16040627.0,837907694.0,357749493325.02,365518495755.96,0.002341867602447856,255.18122405607812,2022-08-31,2022-06-30,12.215985057747437,1.0378819579154683,10.066605769472238,2.603436460211853,45.16442499357015
sz000333,2022-08-29,51.6,52.87,51.51,52.28,0.0009573042312847058,16456070.0,857943932.0,358091968428.72003,365868408158.56,0.002402520624450285,255.42551012161138,2022-08-31,2022-06-30,12.227679471932529,1.0388755267053547,10.076242573770028,2.6059287409510947,45.20766108872003
sz000333,2022-08-30,52.49,53.21,52.08,52.3,0.00038255547054322214,20270847.0,1065091301.0,358228958470.2,366008373119.6,0.0029594628603655778,255.5232245478247,2022-08-31,2022-06-30,12.232357237606564,1.0392729542213093,10.080097295489143,2.6069256532467913,45.224955526779986
sz000333,2022-08-31,52.1,53.65,52.09,53.24,0.017973231357552688,46283836.0,2459353194.0,364667490419.76,372586726288.48,0.006757255563975759,260.1158025798506,2022-08-31,2022-06-30,12.452212224286301,1.0579520474711759,10.261269216287609,2.6537805311445344,46.037794115597826
sz000333,2022-09-01,53.23,55.5,53.23,55.11,0.03512396694214881,64210545.0,3521209362.0,377476059298.14,385673450145.72,0.009374483620311113,269.2521014307958,2023-08-31,2023-06-30,11.971246239001262,1.0717887478553891,8.959192381939589,2.4372302863470034,47.65482407420354
sz000333,2022-09-02,55.11,55.11,53.17,53.65,-0.026492469606242075,36746048.0,1976289178.0,367475786270.1,375456007989.8,0.005364776534557773,262.1189483172236,2023-08-31,2023-06-30,11.65409836186568,1.0433944170285179,8.721841250064578,2.372662037062543,46.392330095826885
sz000333,2022-09-05,53.1,54.0,52.88,53.8,0.002795899347623365,19027545.0,1017336572.0,368503211581.2,376505745197.6,0.0027779457242923665,262.8518065138235,2023-08-31,2023-06-30,11.686682047872761,1.0463116427984018,8.746226640325709,2.379295761304097,46.522038381276545
sz000333,2022-09-06,53.81,54.21,53.4,53.46,-0.00631970260223047,17796217.0,953823605.0,366174380876.04,374126340859.92,0.0025981767444895883,261.1906612681971,2023-08-31,2023-06-30,11.61282569292338,1.039699264386665,8.690953089067147,2.3642593196899075,46.22803293425732
sz000333,2022-09-07,53.67,53.69,52.98,53.05,-0.0076692854470632454,20995308.0,1116835915.0,363366085025.7,371257059158.6,0.0030652312785911856,259.1875155308241,2023-08-31,2023-06-30,11.523763617837359,1.0317255139489818,8.624299689020054,2.346127140096326,45.87349695402826
sz000333,2022-09-08,53.05,53.75,53.05,53.37,0.00603204524033929,15365677.0,822398889.0,365557925689.38,373496498535.24,0.002243327592866424,260.7509463502372,2023-08-31,2023-06-30,11.59327548131913,1.0379489289247343,8.676321854910467,2.360279085144975,46.15020796298753
sz000333,2022-09-09,53.37,55.63,53.26,55.44,0.038785834738617186,52388062.0,2884912065.0,379736394982.56,387982872002.88,0.007648448227917129,270.8643894633155,2023-08-31,2023-06-30,12.042930348216837,1.0782066445491338,9.012840240514077,2.4518244796784225,47.940182302192774
sz000333,2022-09-13,55.44,56.9,55.07,56.49,0.018939393939394034,34602446.0,1947119369.0,386928372160.26,395331032457.48,0.005051819187170889,275.99439683951465,2023-08-31,2023-06-30,12.271016150266398,1.098627224938322,9.183537972341995,2.4982605493693018,48.84814030034037
sz000333,2022-09-14,55.5,56.25,55.4,55.93,-0.009913258983890949,18747266.0,1046314871.0,383092650998.82,391412013548.3601,0.002737026107512644,273.25839290554177,2023-08-31,2023-06-30,12.149370389173304,1.0877362487307554,9.092499182033775,2.473494645534167,48.36389603466166
sz000333,2022-09-15,55.89,57.2,55.69,56.34,0.007330591811192555,28969848.0,1636891139.0,385900946849.16,394281295249.68,0.004229482331272888,275.2615386429148,2023-08-31,2023-06-30,12.238432464259317,1.095709999168438,9.159152582080864,2.4916268251277476,48.718432014890716
sz000333,2022-09-16,55.99,56.1,54.9,55.12,-0.021654242101526555,25993997.0,1439024736.0,377544554318.88,385743432626.24005,0.0037950199473142025,269.30095864390245,2023-08-31,2023-06-30,11.973418484735069,1.0719832295733813,8.960818074623665,2.437672534629774,47.663471293233506
sz000333,2022-09-19,54.67,55.44,54.12,54.98,-0.002539912917271403,20360049.0,1115777266.0,376682139769.12,384860193639.56,0.0029717243687372905,268.61695766040924,2023-08-31,2023-06-30,11.94600287862208,1.0695287033226553,8.94030043723404,2.432090981614896,47.542410226813836
sz000333,2022-09-20,54.85,55.1,53.3,53.52,-0.026555110949436078,35065981.0,1883992924.0,366679303754.88,374640188497.44,0.005118181702380914,261.48380454683706,2023-08-31,2023-06-30,11.628775446777988,1.0411272499423156,8.702889767201997,2.3675065357589897,46.27991624843719
sz000333,2022-09-21,54.43,54.46,52.34,52.85,-0.012518684603886387,26775169.0,1414578653.0,362088961200.4,369950186137.7,0.003908066340820656,258.21037126869095,2023-08-31,2023-06-30,11.483198474630356,1.0280937062677762,8.593941035064006,2.3378684681401833,45.70055257342873
sz000333,2022-09-22,52.74,52.75,51.29,51.5,-0.0255439924314097,40143184.0,2075058537.0,352839763516.0,360500181383.0,0.005859243174292208,251.61464749929203,2023-08-31,2023-06-30,11.189871739706023,1.001832088416092,8.37441747030835,2.2781499736843793,44.533178004381824
sz000333,2022-09-23,51.11,51.89,51.0,51.34,-0.003106796116504773,17517602.0,899511432.0,351743562308.96,359380180819.48,0.00255684476718308,250.8329320895855,2023-08-31,2023-06-30,11.155107089640914,0.998719600374411,8.348399862633604,2.2710722261933207,44.39482249990219
sz000333,2022-09-26,51.0,52.0,50.89,51.05,-0.005648617062719241,20553286.0,1055235704.0,349756697621.2,357350179798.1,0.002999928971871678,249.41607290949239,2023-08-31,2023-06-30,11.092096161397912,0.9930782157988641,8.30124294872313,2.2582438088657777,44.14405314803286
sz000333,2022-09-27,51.15,51.88,50.3,51.68,0.012340842311459488,24764967.0,1268264653.0,354072989873.92,361760182016.96,0.003614660059259918,252.49407733521193,2023-08-31,2023-06-30,11.228981971029267,1.0053336374629833,8.403687278942437,2.2861124396118195,44.68882794692142
sz000333,2022-09-28,51.5,51.77,51.1,51.17,-0.009868421052631526,13557668.0,697308166.0,350578848526.48,358190180220.74,0.001978858320962281,250.00235946677236,2023-08-31,2023-06-30,11.118169648946742,0.9954125818301249,8.32075615447919,2.2635521194840718,44.247819776392596
sz000333,2022-09-29,51.47,51.76,50.3,50.5,-0.013093609536838025,25319493.0,1286757816.0,345988505972.0,353500177861.0,0.003695597901172696,246.72892618862622,2023-08-31,2023-06-30,10.97259267679911,0.9823790381555855,8.211807422341197,2.233914051865265,43.66845610138413
sz000333,2022-09-30,50.13,50.57,49.31,49.31,-0.023564356435643474,35563830.0,1767860148.0,337835509494.64,345170173669.82,0.0051908470483853116,240.91491782893385,2023-08-31,2023-06-30,10.714030591939883,0.9592299083455826,8.018301465260286,2.181273304900519,42.63943703681686
sz000333,2022-10-10,49.31,49.99,48.46,48.7,-0.012370715879131966,26014496.0,1282724398.0,333656242392.8,340900171521.4,0.0037970395701709156,237.93462782942768,2023-08-31,2023-06-30,10.581490363566667,0.9473635476866735,7.919109336000323,2.1542893925908597,42.11195667598826
sz000333,2022-10-11,48.69,48.85,48.0,48.37,-0.006776180698152112,22003690.0,1061344410.0,331395327403.28,338590170359.13995,0.0032116279177491678,236.32233979690793,2023-08-31,2023-06-30,10.509788272807382,0.9409440411007062,7.8654480201711605,2.1396915383905513,41.82659844799901
sz000333,2022-10-12,48.05,48.3,47.0,48.27,-0.0020673971469917785,24097124.0,1147459231.0,330710201648.88,337890170006.94,0.0035171826259987986,235.83376766584138,2023-08-31,2023-06-30,10.488060366516693,0.9389987360746557,7.849187015374447,2.1352679462086406,41.74012625769925
sz000333,2022-10-13,47.99,48.0,47.01,47.06,-0.02506732960430913,27745374.0,1314811925.0,322420180020.64,329420165745.32,0.00404967611008844,229.92204487993564,2023-08-31,2023-06-30,10.22515270039933,0.9154605452594426,7.6524288573341925,2.0817424808075122,40.693812755072024
sz000333,2022-10-14,47.25,48.25,47.1,47.99,0.019762005949851336,31338771.0,1498957703.0,328791849536.56,335930169020.78,0.00457416332676692,234.4657656988549,2023-08-31,2023-06-30,10.427222228902759,0.9335518820017138,7.803656201943644,2.122881888099289,41.49800412485989
sz000333,2022-10-17,47.71,47.85,47.3,47.67,-0.0066680558449676575,23501711.0,1116822628.0,326599447122.48004,333690167893.74,0.0034302769745652986,232.90233487944184,2023-08-31,2023-06-30,10.357692928772545,0.9273269059183518,7.751620986594156,2.108726393117172,41.22129311590062
sz000333,2022-10-18,47.98,48.15,47.33,47.44,-0.004824837423956452,27008601.0,1286487097.0,325023657887.36,332080167083.68,0.0039421377501204615,231.77861897798866,2023-08-31,2023-06-30,10.307718744303955,0.9228527043584351,7.71422067556171,2.0985521310987756,41.022407078211145
sz000333,2022-10-19,47.36,47.36,45.17,45.22,-0.04679595278246207,55654921.0,2560635750.0,309813866139.68,316540159264.84,0.008123314682388475,220.93231766831042,2023-08-31,2023-06-30,9.825359224650608,0.8796669327801105,7.353226369074633,2.0003483846603425,39.10272445355624
sz000333,2022-10-20,44.8,45.28,43.86,44.38,-0.018575851393188736,36647844.0,1635034406.0,304058809802.72,310660156306.36,0.005349068220635555,216.82831176735112,2023-08-31,2023-06-30,9.6428448118088,0.8633263705612848,7.216633928782223,1.9631902103322862,38.376358055038175
sz000333,2022-10-21,44.39,44.78,43.77,44.0,-0.008562415502478604,27243190.0,1202555595.0,301455331936.0,308000154968.0,0.003976378033527329,214.97173766929808,2023-08-31,2023-06-30,9.560278767904174,0.8559342114622923,7.154842110554706,1.9463805600410231,38.04776373189904
sz000333,2022-10-24,43.7,44.32,42.3,42.39,-0.03659090909090912,45916936.0,1972598643.0,290424807290.16,296730149297.58,0.006701971967206493,207.10572635912604,2023-08-31,2023-06-30,9.210459476624045,0.8246148005428766,6.893039933327591,1.8751607259122491,36.65556146807273
sz000333,2022-10-25,42.8,42.95,41.98,42.02,-0.008728473696626549,41440111.0,1755695125.0,287889841998.88,294140147994.44,0.006048540831207147,205.2980094741797,2023-08-31,2023-06-30,9.130066223348487,0.8174171719464892,6.832874215579745,1.858793434839177,36.335614363963586
sz000333,2022-10-26,42.2,43.21,42.16,42.46,0.010471204188481575,36281405.0,1546847301.0,290941612654.66003,297039506234.02,0.0052949058824683926,207.44772685087267,2023-08-31,2023-06-30,9.220061869686017,0.8254745052578942,6.900226293465179,1.8771156805364224,36.716092001282576
sz000333,2022-10-27,42.7,43.0,42.3,42.58,0.0028261893546868144,22640281.0,965896179.0,291763868743.18,297878996124.46,0.003304121134438906,208.03401340815256,2023-08-31,2023-06-30,9.246119510391678,0.8278074525172195,6.919727639560701,1.8824207648902702,36.819858629642304
sz000333,2022-10-28,42.21,42.38,40.62,40.76,-0.04274307186472526,40175030.0,1664548587.0,279292984733.96,285146732786.12,0.005863141261352589,199.1420006227407,2023-08-31,2023-06-30,8.850911959689165,0.7924244190841208,6.623957223778631,1.801960318856914,35.24606476618648
sz000333,2022-10-31,40.73,40.8,40.1,40.18,-0.014229636898920428,34553505.0,1396541436.0,275318746972.78,281089198315.66,0.005042736269017173,196.3082822625545,2023-08-31,2023-06-30,8.724966696278477,0.7811485073307156,6.529700717650279,1.7763190778133169,34.74452606244781
sz000333,2022-11-01,40.58,41.6,40.09,41.6,0.03534096565455447,48067142.0,1965965682.0,285048777353.6,291023162019.2,0.007014915572570677,203.24600652370003,2023-08-31,2023-06-30,9.033315444628787,0.8087550498993971,6.760466646447279,1.8390959093338477,35.97243116470455
sz000333,2022-11-02,41.4,42.6,41.22,42.08,0.011538461538461497,38019949.0,1594625960.0,288337801707.68,294381121580.96,0.005548628880586303,205.59115275281962,2023-08-31,2023-06-30,9.137546007451428,0.8180868389366979,6.838472030829363,1.8603162467492382,36.38749767814345
sz000333,2022-11-03,41.8,41.87,41.2,41.58,-0.011882129277566489,28853488.0,1197662698.0,284911734672.18,290883247037.46,0.004210876159314426,203.14829209748672,2023-08-31,2023-06-30,9.028972504511177,0.8083662253561763,6.7572164220980255,1.8382117286082065,35.9551367266446
sz000333,2022-11-04,41.63,43.35,41.58,43.09,0.03631553631553652,45749125.0,1955851185.0,295258457119.39,301446828158.83,0.006676624322577415,210.5257312765922,2023-08-31,2023-06-30,9.356864483390732,0.8377224783693515,7.002608360466665,1.9049673733941226,37.260866800171144
sz000333,2022-11-07,43.0,43.26,42.51,43.06,-0.0006962172197726435,33159614.0,1424760638.0,295052893097.26,301236955686.22003,0.004839311907269889,210.3791596372722,2023-08-31,2023-06-30,9.350350073214317,0.8371392415545202,6.997733023942785,1.9036411023056605,37.234925143081206
sz000333,2022-11-08,43.12,43.29,42.58,43.0,-0.0013934045517882687,30558188.0,1312592117.0,294641765053.0,300817210741.0,0.004459659966276804,210.08601635863224,2023-08-31,2023-06-30,9.337321252861486,0.8359727679248575,6.987982350895024,1.9009885601287366,37.18304182890134
sz000333,2022-11-09,43.39,43.85,42.95,43.04,0.0009302325581395099,22990425.0,995215200.0,294915850415.84,301097040704.48,0.0033552211269918682,210.28144521105887,2023-08-31,2023-06-30,9.346007133096705,0.8367504170112993,6.994482799593531,1.902756921580019,37.21763070502124
sz000333,2022-11-10,42.75,42.98,42.53,42.97,-0.0016263940520445663,22305399.0,954033824.0,294436201030.87,300607338268.39,0.0032552484771718355,209.93944471931226,2023-08-31,2023-06-30,9.330806842685073,0.8353895311100263,6.983107014371144,1.899662289040275,37.15710017181141
sz000333,2022-11-11,44.53,46.2,43.71,45.63,0.061903653711892215,82883508.0,3734773540.0,312662877659.73004,319216030839.81,0.01209601375880609,222.93546340568352,2023-08-31,2023-06-30,9.908417878327201,0.8871031953584012,7.415386852821859,2.0172583255505643,39.457260433785315
sz000333,2022-11-14,47.92,49.11,47.3,47.8,0.04755643217181671,100020407.0,4791202404.0,327532008593.8,334396806358.6,0.0145969716826342,233.53747864982844,2023-08-31,2023-06-30,10.379626881087884,0.9292906582978648,7.768036194715863,2.113191934282642,41.33370696329033
sz000333,2022-11-15,48.5,49.58,47.7,49.07,0.026569037656903882,51228792.0,2501777032.0,336234218863.97,343281407699.09,0.007476326567632918,239.74234471437413,2023-08-31,2023-06-30,10.65540357855612,0.9539810167923899,7.974425440893462,2.169337410360863,42.43190378009743
sz000333,2022-11-16,49.4,49.4,48.16,48.46,-0.012431220705115154,25992649.0,1264627973.0,332054417080.66003,339014000756.02,0.0037933655019985082,236.76205471486793,2023-08-31,2023-06-30,10.522943904969015,0.9421218682241534,7.875293598241229,2.142369898228804,41.904423419268824
sz000333,2022-11-17,48.39,49.1,47.68,47.96,-0.010317787866281458,19284595.0,927024366.0,328628350045.16003,335516126212.52,0.002814392538175425,234.319194059535,2023-08-31,2023-06-30,10.414370402028764,0.9324012546436319,7.794037989509891,2.120265380087772,41.472062467769966
sz000333,2022-11-18,48.36,48.54,47.68,47.97,0.0002085070892410279,16067621.0,772609930.0,328696871385.87,335586083703.39,0.0023449075621567767,234.36805127264165,2023-08-31,2023-06-30,10.416541872087569,0.9325956669152422,7.795663101684518,2.120707470450593,41.48070968679995
sz000333,2022-11-21,47.47,47.47,46.24,46.34,-0.03397957056493628,34523382.0,1604372658.0,317527892850.14,324183012691.58,0.005038340120359271,226.4043255362563,2023-08-31,2023-06-30,10.062592252502355,0.9009064666427419,7.530769817220358,2.0486467413108294,40.071212984913686
sz000333,2022-11-22,46.4,47.04,45.9,46.3,-0.0008631851532154844,23569157.0,1092152104.0,317253807487.3,323903182728.10004,0.003439681237375485,226.20889668382964,2023-08-31,2023-06-30,10.053906372267136,0.9001288175563001,7.524269368521852,2.046878379859547,40.036624108793774
sz000333,2022-11-23,46.23,46.54,46.02,46.28,-0.00043196544276447035,14255219.0,659509322.0,317116764805.88,323763267746.36,0.0020804057323296934,226.11118225761632,2023-08-31,2023-06-30,10.049563432149524,0.8997399930130792,7.521019144172596,2.0459941991339052,40.01932967073382
sz000333,2022-11-24,46.75,47.2,45.78,45.91,-0.007994814174589582,21379992.0,987544043.0,314581475199.61,321174840584.17,0.0031201946398692992,224.30346537266993,2023-08-31,2023-06-30,9.969219039973739,0.8925467389634932,7.460889993711407,2.029636855709542,39.699382566624664
sz000333,2022-11-25,45.91,47.09,45.83,46.69,0.01698976257895879,24697464.0,1150838919.0,319926139774.99,326631524872.03,0.0036043462874618933,228.1143279949893,2023-08-31,2023-06-30,10.138593704560531,0.907710896149107,7.587648743332295,2.064119904009552,40.37386565096288
sz000333,2022-11-28,45.68,46.45,45.23,46.29,-0.008567144998929077,22655140.0,1036165230.0,317185286146.59,323833225237.23,0.0033062896559310473,226.16003947072295,2023-08-31,2023-06-30,10.051734902208329,0.8999344052846897,7.522644256347224,2.046436289496726,40.02797688976379
sz000333,2022-11-29,48.0,48.78,46.92,48.42,0.04601425793907987,38928672.0,1868785967.0,331780331717.82,338734170792.54004,0.005681247856015571,236.56662586244127,2023-08-31,2023-06-30,10.514258024733797,0.9413442191377118,7.868793149542723,2.140601536777522,41.86983454314891
sz000333,2022-11-30,48.18,48.98,47.49,47.87,-0.011358942585708465,27287554.0,1310967680.0,328011657978.77,334886508794.69,0.003982343853353361,233.87947914157502,2023-08-31,2023-06-30,10.394827171499518,0.9306515441991379,7.77941197993825,2.1162865668223865,41.39423749650017
sz000333,2022-12-01,48.81,49.33,48.27,48.31,0.009191560476289995,27604487.0,1344223508.0,331026596970.01,337964638392.97,0.004028597034729561,236.02919651826798,2023-08-31,2023-06-30,10.49037185408694,0.9392056841499968,7.850916915621827,2.1357385427864943,41.77471513381916
sz000333,2022-12-02,48.04,48.6,47.76,48.04,-0.005588904988615306,17015014.0,818020498.0,329176520770.84,336075786139.48004,0.002483170034867229,234.7100517643882,2023-08-31,2023-06-30,10.431742162499207,0.9339565528165154,7.8070388869069065,2.1238021029903376,41.54124022000977
sz000333,2022-12-05,48.49,50.0,48.4,49.7,0.03455453788509577,36106842.0,1785930108.0,340551063328.7,347688729623.9,0.005269430169618758,242.82034914009355,2023-08-31,2023-06-30,10.792206192260835,0.9662289899038471,8.076807507894946,2.1971891032185633,42.97667857898597
sz000333,2022-12-06,49.69,50.66,49.02,50.0,0.006036217303822866,32526956.0,1629245814.0,342606703549.99994,349787454350.0,0.0047469818399588064,244.28606553329328,2023-08-31,2023-06-30,10.857350294024984,0.97206135805216,8.125560873133749,2.210451814103182,43.23609514988527
sz000333,2022-12-07,50.0,51.68,49.5,51.25,0.02499999999999991,43656379.0,2229128245.0,351171871138.75,358532140708.74994,0.006371209107650865,250.39321717162557,2023-08-31,2023-06-30,11.128784051375607,0.9963628920034638,8.32869989496209,2.265713109455761,44.3169975286324
sz000333,2022-12-08,51.35,52.48,50.84,51.75,0.009756097560975618,39078018.0,2028801619.0,354597938174.25,362030015252.25,0.005703043401527746,252.83607782695853,2023-08-31,2023-06-30,11.237357554315858,1.0060835055839856,8.40995550369343,2.2878176275967936,44.74935848013126
sz000333,2022-12-09,51.96,54.33,51.81,54.3,0.04927536231884044,69940581.0,3745342826.0,372070880055.3,379869175424.1,0.01020712383547873,265.29466716915647,2023-08-31,2023-06-30,11.791082419311131,1.0556586348446457,8.82435910822325,2.4005506701160555,46.954399332775395
sz000333,2022-12-12,53.7,54.97,53.3,54.43,0.0023941068139963217,46663287.0,2533376175.0,372961657484.53,380778622805.41,0.006810037065312406,265.929810939543,2023-08-31,2023-06-30,11.819311530075597,1.0581859943755814,8.845485566493398,2.406297844832724,47.0668131801651
sz000333,2022-12-13,54.21,54.4,53.65,53.95,-0.008818666176740764,30619330.0,1650838607.0,369672633130.45,377420663243.65,0.004468583025774249,263.5846647104234,2023-08-31,2023-06-30,11.715080967252957,1.0488542053382806,8.767480182111315,2.385077507417334,46.651746666726204
sz000333,2022-12-14,53.45,55.06,53.45,54.89,0.017423540315106623,26085029.0,1420701035.0,376113639157.19,383996667385.43,0.0038068474331812295,268.1772427424493,2023-08-31,2023-06-30,11.919199152780626,1.0671289588696613,8.92024072652623,2.426634001522473,47.464585255544044
sz000333,2022-12-15,54.9,55.8,53.25,53.63,-0.022955000910912737,27804272.0,1498675160.0,367479950227.73,375182023535.80994,0.004057753644616333,262.0212338910103,2023-08-31,2023-06-30,11.645593925371196,1.0426330126467465,8.715476592523256,2.3709306158070724,46.37503565776694
sz000333,2022-12-16,53.28,54.15,52.77,54.0,0.0068991236248368,19744959.0,1058833013.0,370015239834.0,377770450698.0,0.0028815780303490797,263.8289507759567,2023-08-31,2023-06-30,11.725938317546982,1.0498262666963327,8.775605742984448,2.3872879592314367,46.69498276187608
sz000333,2022-12-19,54.0,54.38,53.28,53.68,-0.00592592592592589,16076366.0,864239617.0,367873381638.4,375582635697.28,0.0023458596624646865,262.2655199565436,2023-08-31,2023-06-30,11.658028866976549,1.0437463161597456,8.724782811097025,2.3734622499982385,46.418271752916816
sz000333,2022-12-20,53.0,53.09,51.55,51.57,-0.03930700447093893,27245386.0,1417537681.0,353413380981.6,360819607356.72,0.00397564051513135,251.9566479910386,2023-08-31,2023-06-30,11.199786674179965,1.0027197750439283,8.381837734133262,2.2801685587259524,44.59370853759166
sz000333,2022-12-21,51.29,52.49,51.29,51.68,0.002133023075431506,13074160.0,679672974.0,354167219878.4,361589243905.28,0.0019077784472317505,252.49407733521187,2023-08-31,2023-06-30,11.223676077595902,1.0048585994622885,8.399716387434692,2.285032210877589,44.68882794692141
sz000333,2022-12-22,51.94,53.28,51.77,52.2,0.010061919504644079,22812320.0,1199123082.0,357730821936.0,365227525771.2,0.0033287685348315924,255.03465241675815,2023-08-31,2023-06-30,11.33660780283487,1.0149694058036274,8.484233657586898,2.3080240210489578,45.13848333648022
sz000333,2022-12-23,51.98,53.15,51.43,52.38,0.0034482758620688614,16343914.0,860296627.0,358964376494.4,366486931032.48,0.0023849002056429837,255.91408225267799,2023-08-31,2023-06-30,11.375699553879128,1.0184693003063983,8.513489635716507,2.3159827245698157,45.2941332790198
sz000333,2022-12-26,52.68,52.88,51.36,51.5,-0.016800305460099363,15387918.0,795665125.0,352933665320.0,360329838644.0,0.002245401487221321,251.61464749929198,2023-08-31,2023-06-30,11.184584326551644,1.0013587049595174,8.370460409305082,2.27707350735673,44.53317800438182
sz000333,2022-12-27,51.79,53.03,51.41,52.94,0.027961165048543624,17339127.0,911438654.0,362802101787.2,370405080734.24,0.0025301214597659902,258.6500861866508,2023-08-31,2023-06-30,11.497318334905708,1.0293578609816862,8.60450823434196,2.340743135523598,45.77837754469851
sz000333,2022-12-28,52.43,52.75,51.9,52.05,-0.016811484699659984,16322911.0,852152449.0,356702859804.00006,364178021386.8001,0.0023818354526701567,254.3017942201582,2023-08-31,2023-06-30,11.304031343631324,1.0120528270513183,8.459853675812226,2.3013917681149096,45.008775051030554
sz000333,2022-12-29,51.62,52.19,51.02,51.73,-0.006147934678194078,11995050.0,619844870.0,354509873922.4,361939078700.08,0.001750314961991226,252.73836340074513,2023-08-31,2023-06-30,11.234534897330418,1.005830792379725,8.40784304802625,2.287242961855605,44.732064042071286
sz000333,2022-12-30,51.8,52.5,51.7,51.8,0.0013531799729364913,12773275.0,665300213.0,354989589584.00006,362428847412.8,0.0018638733766118921,253.08036389249176,2023-08-31,2023-06-30,11.24973724495874,1.0071918624641358,8.419220372854431,2.2903380132248277,44.79259457528113
sz000333,2023-01-03,52.0,52.23,51.23,51.88,0.001544401544401719,16362802.0,846525405.0,355537836054.4,362988583084.48,0.002387656338297878,253.47122159734508,2023-08-31,2023-06-30,11.267111356533967,1.008747371132034,8.432223029800923,2.2938752147896535,44.86177232752095
sz000333,2023-01-04,51.69,53.83,51.65,53.75,0.036044718581341506,26134113.0,1390708575.0,368353097300.0,376072404410.0,0.0038134838122616758,262.60752044829024,2023-08-31,2023-06-30,11.67323121460487,1.0451073862441564,8.736160135925205,2.3765573013674612,46.47880228612666
sz000333,2023-01-05,54.0,54.99,53.95,54.91,0.021581395348837074,29421668.0,1608128838.0,376302671120.8,384188571649.36,0.004293203088535561,268.2749571686626,2023-08-31,2023-06-30,11.925155832445643,1.0676622619286815,8.924698661649359,2.4278467240574377,47.48187969360399
sz000333,2023-01-06,54.97,55.16,53.91,54.01,-0.016390457111637224,19500149.0,1058139217.0,370134898328.8,377891545342.96,0.002845457297448385,263.87780798906334,2023-08-31,2023-06-30,11.729697077224357,1.050162789414826,8.778418771001311,2.388053206453146,46.70362998090606
sz000333,2023-01-09,54.1,54.45,53.4,54.11,0.0018515089798185613,20427678.0,1101325466.0,370820206416.8001,378591214932.56,0.0029808021177184754,264.3663801201299,2023-08-31,2023-06-30,11.751414716693386,1.0521071752496987,8.794672092184426,2.392474708409178,46.79010217120583
sz000333,2023-01-10,53.99,54.4,53.43,53.5,-0.011273332101275124,15434014.0,829875435.0,366639827080.0,374323230436.0,0.002252127805034748,261.38609012062375,2023-08-31,2023-06-30,11.618937115932289,1.0402464216569742,8.695526832967415,2.3655035464773797,46.26262181037723
sz000333,2023-01-11,53.45,55.18,53.4,54.5,0.01869158878504673,21461041.0,1171606255.0,373492907960.0,381319926332.0,0.003131590211146027,266.2718114312896,2023-08-31,2023-06-30,11.836113510622612,1.0596902800057029,8.858060044798581,2.4097185660377045,47.12734371337494
sz000333,2023-01-12,54.3,55.0,54.01,54.77,0.004954128440367134,14581825.0,797908670.0,375343239797.6,383209034223.92,0.0021277765803925553,267.59095618516943,2023-08-31,2023-06-30,11.894751137189001,1.0649401217598595,8.901944011992995,2.4216566213189923,47.36081862718433
sz000333,2023-01-13,54.87,56.0,54.5,55.95,0.0215446412269491,26580330.0,1471250757.0,383429875236.0,391465135381.2,0.0038785956951962897,273.3561073317552,2023-08-31,2023-06-30,12.151019282923581,1.0878838746113593,9.093733201953773,2.473830344400176,48.38119047272162
sz000333,2023-01-16,56.03,58.36,56.02,57.7,0.031277926720286064,33018079.0,1899010907.0,395422766776.0,403709353199.2,0.0048179905619324895,281.90611962542044,2023-08-31,2023-06-30,12.531077973631646,1.121910626721634,9.378166322658315,2.5512066286307444,49.89445380296761
sz000333,2023-01-17,57.69,58.18,57.15,58.0,0.005199306759098743,18811356.0,1087194817.0,397478691040.0,405808361968.0,0.0027449487798836543,283.37183601862023,2023-08-31,2023-06-30,12.596230892038744,1.1277437842262525,9.426926286207664,2.5644711344988416,50.15387037386692
sz000333,2023-01-18,58.0,58.5,57.37,57.6,-0.006896551724137945,13035753.0,751785488.0,394737458688.0,403009683609.6,0.0019021741065457847,281.41754749435387,2023-08-31,2023-06-30,12.509360334162615,1.119966240886761,9.361913001475196,2.5467851266747115,49.80798161266784
sz000333,2023-01-19,57.46,57.55,56.7,57.38,-0.0038194444444443754,19467945.0,1110365667.0,393229780894.4,401470410512.48,0.0028407580971085812,280.3426888060074,2023-08-31,2023-06-30,12.461581527330743,1.1156885920500408,9.32615569487234,2.53705782237144,49.61774279400834
sz000333,2023-01-20,57.46,57.84,56.96,57.08,-0.005228302544440622,10860828.0,621198692.0,391173856630.4,399371401743.68,0.0015848095462722743,278.8769724128076,2023-08-31,2023-06-30,12.396428608923646,1.1098554345454223,9.27739573132299,2.5237933165033426,49.35832622310903
sz000333,2023-01-30,57.44,58.08,55.59,55.65,-0.025052557813594944,25619569.0,1445902234.0,381373950972.0,389366126612.4,0.003738401669060704,271.89039093855547,2023-08-31,2023-06-30,12.085866364516486,1.0820507171067406,9.044973238404424,2.4605658385320788,48.121773901822316
sz000333,2023-01-31,55.4,56.15,55.0,55.2,-0.008086253369272156,23259835.0,1290578245.0,378290064576.0,386217613459.2,0.0033940698216303558,269.6918163487558,2023-08-31,2023-06-30,11.98813698690584,1.0733009808498128,8.971833293080397,2.440669079729932,47.73264904547335
sz000333,2023-02-01,55.29,55.99,54.45,55.5,0.005434782608695565,26724709.0,1474820029.0,380345988840.00006,388316622228.0,0.00389966344596826,271.15753274195555,2023-08-31,2023-06-30,12.053289905312935,1.0791341383544313,9.020593256629747,2.4539335855980298,47.992065616372656
sz000333,2023-02-02,55.45,55.6,53.62,53.96,-0.027747747747747686,36767804.0,1990832647.0,369792244284.8,377541710548.16,0.005365149579264852,263.6335219235301,2023-08-31,2023-06-30,11.718838257489837,1.0491905964973893,8.77029211040975,2.385842455475129,46.66039388575619
sz000333,2023-02-03,53.7,53.95,52.86,53.31,-0.012045959970348408,20830020.0,1109569943.0,365337741712.8,372993858215.76,0.0030395117706534355,260.4578030715973,2023-08-31,2023-06-30,11.577673600941129,1.036552088570716,8.664645522719493,2.357102692760918,46.09832464880768
sz000333,2023-02-06,52.81,52.81,51.08,51.25,-0.03864190583380234,42185653.0,2172641979.0,351220395100.0,358580664670.0,0.006155720870464906,250.39321717162562,2023-08-31,2023-06-30,11.130290227879062,0.9964977403723352,8.32982710634729,2.266019752466649,44.316997528632406
sz000333,2023-02-07,51.36,51.7,51.1,51.5,0.004878048780487809,20900869.0,1075310677.0,352933665320.0,360329838644.0,0.003049850040584958,251.61464749929206,2023-08-31,2023-06-30,11.184584326551644,1.0013587049595174,8.370460409305082,2.27707350735673,44.53317800438183
sz000333,2023-02-08,51.39,51.5,50.86,51.01,-0.009514563106796103,19101762.0,976761616.0,349575655688.8,356901457654.96,0.002787324757211971,249.22064405706578,2023-08-31,2023-06-30,11.078167893153386,0.9918312143686405,8.29081913550781,2.255408147772171,44.10946427191295
sz000333,2023-02-09,50.8,51.73,50.49,51.53,0.010194079592236838,22738253.0,1167989709.0,353139257746.4,360539739520.88,0.0033179606950735417,251.76121913861203,2023-08-31,2023-06-30,11.191099618392354,1.0019420207099792,8.375336405660017,2.27839995794354,44.55911966147176
sz000333,2023-02-10,51.35,51.75,51.29,51.62,0.0017465554046185439,13988866.0,720948239.0,353756035025.6,361169442151.52,0.002041252138264564,252.20093405657192,2023-08-31,2023-06-30,11.210645493914484,1.003691967961365,8.389964394724823,2.2823793097039693,44.636944632741546
sz000333,2023-02-13,51.5,52.58,51.03,52.44,0.015885315769081698,30639111.0,1588991529.0,359375561347.19995,366906732786.24,0.00447085209360611,256.20722553131793,2023-08-31,2023-06-30,11.388730137560547,1.019635931807322,8.523241628426378,2.3186356257434353,45.34601659319966
sz000333,2023-02-14,52.45,52.65,51.81,52.21,-0.004385964912280604,21437513.0,1116499050.0,357799352744.8,365297492730.16,0.003128157010748719,255.08350962986478,2023-08-31,2023-06-30,11.338779566781772,1.0151638443871145,8.485858989705209,2.3084661712445604,45.14713055551019
sz000333,2023-02-15,52.2,52.21,51.18,51.35,-0.016471940241333027,17948800.0,924114015.0,351905703188.0,359280334259.6,0.0026190848049643914,250.8817893026921,2023-08-31,2023-06-30,11.152007867348095,0.998442126207208,8.346080427530405,2.270441254422681,44.403469718932165
sz000333,2023-02-16,51.1,51.75,50.8,51.28,-0.0013631937682571094,21698675.0,1115558778.0,351425987526.4,358790565546.88,0.0031662657102625646,250.5397888109455,2023-08-31,2023-06-30,11.136805519719772,0.9970810561227971,8.334703102702225,2.267346203053459,44.34293918572232
sz000333,2023-02-17,51.05,51.5,51.02,51.38,0.0019500780031200815,15806609.0,811189152.0,352111295614.4,359490235136.48004,0.002306496782509883,251.02836094201209,2023-08-31,2023-06-30,11.158523159188805,0.99902544195767,8.350956423885341,2.2717677050094913,44.429411376022095
sz000333,2023-02-20,51.5,53.69,51.11,53.3,0.03736862592448409,38313606.0,2019572889.0,365269210904.0,372923891256.8,0.005590712654773162,260.4089458584905,2023-08-31,2023-06-30,11.575501836994224,1.0363576499872287,8.66302019060118,2.3566605425653147,46.08967742977768
sz000333,2023-02-21,53.3,53.8,52.73,53.54,0.004502814258911858,25649338.0,1369820914.0,366913950315.2,374603098271.84,0.0037427455547555132,261.5815189730503,2023-08-31,2023-06-30,11.627624171719905,1.0410241759909236,8.702028161440662,2.367272147259793,46.297210686497124
sz000333,2023-02-22,53.0,53.18,52.41,52.78,-0.014194994396712679,22911545.0,1208465938.0,361705608846.4,369285609390.88,0.003343247424215428,257.86837077694423,2023-08-31,2023-06-30,11.462570111755257,1.0262468436458898,8.578502920448974,2.3336687323939462,45.640022040218874
sz000333,2023-02-23,52.79,53.88,52.79,53.37,0.01117847669571792,24010720.0,1283774547.0,365748926565.6,373413659969.52,0.0035036387896825757,260.75094635023703,2023-08-31,2023-06-30,11.590704184622549,1.0377187200716398,8.674397515429364,2.359755593934538,46.15020796298751
sz000333,2023-02-24,53.18,53.39,52.82,52.98,-0.007307476110174238,16927779.0,898514540.0,363076225022.4,370684948570.08,0.002470097653363752,258.8455150390773,2023-08-31,2023-06-30,11.506005390693323,1.0301356153156356,8.611009562815209,2.3425117363060113,45.8129664208184
sz000333,2023-02-27,52.6,52.98,51.86,52.4,-0.010947527368818433,16947143.0,888727921.0,359101438112.0,366626864950.4,0.0024729232438301533,256.0117966788912,2023-08-31,2023-06-30,11.380043081772936,1.0188581774733731,8.516740299953131,2.316867024961023,45.31142771707973
sz000333,2023-02-28,52.02,53.14,52.02,52.46,0.0011450381679389832,19404536.0,1019960547.0,359512622964.8,367046666704.16,0.002831505470281273,256.30493995753113,2023-08-31,2023-06-30,11.393073665454354,1.0200248089742965,8.526492292663,2.3195199261346415,45.3633110312596
sz000333,2023-03-01,52.51,54.99,52.51,54.62,0.04117422798322523,43297470.0,2350199969.0,374315277665.6,382159529839.52,0.006317956953690586,266.8580979885694,2023-08-31,2023-06-30,11.862174677985452,1.0620235430075504,8.877564030218322,2.415024368384944,47.23111034173464
sz000333,2023-03-02,54.6,55.68,54.15,54.85,0.004210911753936397,25548979.0,1408679946.0,375891486268.0,383768769895.6,0.0037281011923501477,267.9818138900226,2023-08-31,2023-06-30,11.912125248764227,1.0664956304277577,8.914946668939487,2.425193822883818,47.42999637942412
sz000333,2023-03-03,55.25,55.84,54.66,55.2,0.006381039197812299,19741500.0,1090871927.0,378290064576.0,386217613459.2,0.0028806751803577136,269.69181634875565,2023-08-31,2023-06-30,11.98813698690584,1.0733009808498128,8.971833293080397,2.440669079729932,47.73264904547332
sz000333,2023-03-06,54.84,55.0,53.81,53.83,-0.024818840579710177,25935684.0,1403695330.0,368901343770.4,376632140081.68,0.0037845290978092173,262.99837815314345,2023-08-31,2023-06-30,11.690605326180096,1.0466628949120547,8.749162792871699,2.380094502932287,46.54798003836646
sz000333,2023-03-07,53.84,54.37,52.7,52.86,-0.018019691621772194,19473791.0,1041648712.0,362253855316.8001,369845345062.56,0.0028416111440961126,258.25922848179755,2023-08-31,2023-06-30,11.479944223330483,1.027802352313788,8.591505577395468,2.337205933958772,45.70919979245869
sz000333,2023-03-08,52.65,52.8,52.07,52.29,-0.010783200908059065,14494798.0,759112018.0,358347599215.2,365857228401.84,0.0021150776203884523,255.47436733471795,2023-08-31,2023-06-30,11.356153678357,1.016719353055013,8.498861646651704,2.312003372809387,45.21630830774999
sz000333,2023-03-09,52.29,53.25,52.27,52.7,0.007840887358959714,13013102.0,688042450.0,361157362376.0,368725873719.2,0.0018988688777885837,257.47751307209097,2023-08-31,2023-06-30,11.445196000180031,1.0246913349779916,8.565500263502482,2.33013153082912,45.57084428797906
sz000333,2023-03-10,52.24,52.5,51.02,51.15,-0.02941176470588247,19213389.0,991798894.0,350535087012.0,357880995080.4,0.0028036133436090426,249.90464504055888,2023-08-31,2023-06-30,11.108572588410032,0.9945533545374625,8.313573785164174,2.261598250510617,44.230525338332605
sz000333,2023-03-13,51.01,52.24,51.0,52.06,0.017790811339198465,19483658.0,1009855801.0,356771390612.8,364247988345.76,0.0028430509344871476,254.35065143326483,2023-08-31,2023-06-30,11.306203107578224,1.0122472656348054,8.461479007930535,2.3018339183105123,45.01742227006052
sz000333,2023-03-14,51.72,51.91,50.7,51.15,-0.01747983096427208,16501073.0,844706515.0,350535087012.0,357880995080.4,0.002407832811102034,249.90464504055888,2023-08-31,2023-06-30,11.108572588410032,0.9945533545374625,8.313573785164174,2.261598250510617,44.230525338332605
sz000333,2023-03-15,51.5,51.63,50.4,50.46,-0.013489736070381175,20945617.0,1067097771.0,345806461204.8,353053274912.16,0.003056379658545632,246.53349733619945,2023-08-31,2023-06-30,10.958720876073707,0.9811370922768395,8.201425869000667,2.231089887013992,43.63386722526419
sz000333,2023-03-16,50.08,50.39,49.65,50.04,-0.00832342449464929,12181953.0,610120756.0,342928167235.2,350114662635.84,0.0017775878051507835,244.48149438571977,2023-08-31,2023-06-30,10.867506790303773,0.9729706717703739,8.13316192003158,2.212519578798656,43.270684026005156
sz000333,2023-03-17,50.5,51.18,50.06,50.33,0.005795363709032664,20123077.0,1018389815.0,344915560690.4,352143704445.68,0.0029363548092255984,245.89835356581284,2023-08-31,2023-06-30,10.930487944763964,0.978609390691505,8.180296551462616,2.22534193447115,43.52145337787449
sz000333,2023-03-20,50.18,51.13,50.1,50.44,0.0021855752036559206,16301524.0,826038623.0,345669399587.2,352913340994.24,0.002378714666504855,246.4357829099861,2023-08-31,2023-06-30,10.9543773481799,0.9807482151098651,8.198175204764045,2.2302055866227857,43.616572787204234
sz000333,2023-03-21,50.55,52.14,50.55,52.1,0.03291038858049178,23146646.0,1191368462.0,357045513848.0,364527856181.6,0.0033775533085493074,254.54608028569143,2023-08-31,2023-06-30,11.314890163365837,1.0130250199687543,8.46798033640378,2.303602519092925,45.052011146180426
sz000333,2023-03-22,52.2,52.27,51.3,51.7,-0.007677543186180413,13554248.0,700825341.0,354304281496.0,361729177823.2,0.0019778327787662122,252.5917917614251,2023-08-31,2023-06-30,11.228019605489708,1.0052474766292632,8.402967051671315,2.285916511268795,44.70612238498134
sz000333,2023-03-23,51.48,52.0,51.39,51.82,0.002321083172146965,12379007.0,641022829.0,355126651201.6,362568781330.72,0.001806341879916643,253.178078318705,2023-08-31,2023-06-30,11.254080772852546,1.0075807396311103,8.422471037091054,2.291222313616034,44.80988901334107
sz000333,2023-03-24,51.82,52.17,51.64,52.09,0.0052103434967194495,13277563.0,689957504.0,356976983039.2,364457889222.64,0.0019374589666304946,254.4972230725848,2023-08-31,2023-06-30,11.312718399418934,1.0128305813852672,8.46635500428547,2.303160368897322,45.04336392715045
sz000333,2023-03-27,52.09,52.46,51.7,51.85,-0.004607410251487809,12768345.0,663222020.0,355332243628.0,362778682207.6,0.001863153992135578,253.324649958025,2023-08-31,2023-06-30,11.260596064693257,1.0081640553815723,8.427347033445988,2.2925487642028437,44.835830670431
sz000333,2023-03-28,51.7,52.08,51.06,51.09,-0.014657666345226583,12867893.0,660858734.0,350123902159.2,357461193326.63995,0.001877680013605793,249.61150176191893,2023-08-31,2023-06-30,11.09554200472861,0.9933867230365386,8.303821792454302,2.258945349336997,44.17864202415275
sz000333,2023-03-29,51.38,51.57,51.1,51.4,0.006067723624975541,12803042.0,656903325.0,352248357232.0,359630169054.4,0.0018682169704671572,251.12607536822537,2023-08-31,2023-06-30,11.162866687082612,0.9994143191246446,8.354207088121965,2.272652005400698,44.44670581408204
sz000333,2023-03-30,51.35,54.8,51.3,54.47,0.05972762645914398,57157412.0,3061435505.0,373287315533.6,381110025455.12,0.008340396531260551,266.1252397919696,2023-08-31,2023-06-30,11.829598218781902,1.0591069642552409,8.853184048443646,2.4083921154508947,47.101402056284996
sz000333,2023-03-31,54.11,54.62,53.36,53.81,-0.01211676152010277,27788750.0,1500198904.0,368764282152.8,376492206163.76,0.004054928066163434,262.90066372693013,2023-08-31,2023-06-30,11.68626179828629,1.0462740177450802,8.745912128635076,2.379210202541081,46.53068560030651
sz000333,2023-04-03,55.0,55.4,54.2,54.69,0.016353837576658536,37391478.0,2056019795.0,374794993327.2,382649298552.24,0.00545615594719203,267.20009848031606,2023-08-31,2023-06-30,11.877377025613773,1.063384613091961,8.888941355046502,2.4181194197541664,47.29164087494449
sz000333,2023-04-04,54.5,54.72,53.75,54.63,-0.0010970927043334466,17989125.0,975597257.0,374383808474.4,382229496798.48,0.0026249690197731913,266.9069552016761,2023-08-31,2023-06-30,11.864346441932355,1.0622179815910375,8.879189362336632,2.415466518580547,47.23975756076463
sz000333,2023-04-06,54.42,55.0,53.75,54.02,-0.01116602599304406,15243479.0,827518348.0,370203429137.6,377961512301.92,0.002224324981263026,263.92666520217,2023-08-31,2023-06-30,11.731868841171258,1.050357227998313,8.78004410311962,2.3884953566487486,46.71227719993604
sz000333,2023-04-07,53.91,55.27,53.91,54.68,0.012217697149203843,15864067.0,869954356.0,374726462518.4,382579331593.28,0.002314881040773591,267.1512412672094,2023-08-31,2023-06-30,11.875205261666872,1.0631901745084742,8.887316022928193,2.4176772695585638,47.28299365591452
sz000333,2023-04-10,54.4,55.06,54.01,54.76,0.001463057790782596,15649255.0,853817627.0,375274708988.8,383139067264.96,0.0022835357226952792,267.54209897206266,2023-08-31,2023-06-30,11.892579373242098,1.0647456831763724,8.900318679874685,2.4212144711233896,47.35217140815433
sz000333,2023-04-11,54.41,56.37,54.4,55.84,0.019722425127830734,32436552.0,1815026843.0,382676036339.2,390695498832.64,0.004733134274638825,272.8186779875818,2023-08-31,2023-06-30,12.127129879507645,1.085745050192999,9.075854548652345,2.4689666922485403,48.28607106339185
sz000333,2023-04-12,55.84,56.75,55.4,55.5,-0.006088825214899729,22302460.0,1251325789.0,380345988840.00006,388316622228.0,0.0032543698798430053,271.15753274195544,2023-08-31,2023-06-30,12.053289905312935,1.0791341383544313,9.020593256629747,2.4539335855980298,47.992065616372635
sz000333,2023-04-13,55.05,55.29,54.14,54.14,-0.024504504504504476,18259494.0,994810155.0,371025798843.2,378801115809.44,0.002664421202628503,264.5129517594499,2023-08-31,2023-06-30,11.757930008534096,1.0526904910001607,8.79954808853936,2.3938011589959878,46.81604382829576
sz000333,2023-04-14,54.18,54.65,53.83,53.94,-0.003694126339120807,14212447.0,771635252.0,369655182667.2,377401776630.24,0.0020738770268241744,263.5358074973167,2023-08-31,2023-06-30,11.714494729596032,1.0488017193304149,8.767041446173128,2.3849581550839227,46.643099447696216
sz000333,2023-04-17,53.91,55.58,53.89,55.42,0.02743789395624785,26228048.0,1444699532.0,379797742369.6,387756886556.32,0.0038271907860512517,270.76667503710223,2023-08-31,2023-06-30,12.03591579373771,1.077578629686533,9.007590599683255,2.4503963840332035,47.92288786413283
sz000333,2023-04-18,55.2,57.4,55.17,56.78,0.024539877300613577,38706349.0,2197663192.0,389117932366.4,397272392974.88,0.005648021623816003,277.41125601960783,2023-08-31,2023-06-30,12.331275690516549,1.104022277040804,9.22863576777364,2.5105288106352455,49.09890965220971
sz000333,2023-04-19,56.78,57.25,56.05,56.08,-0.012328284607256101,19188658.0,1084909581.0,384320775750.4,392374705847.68,0.0028000046017259317,273.9912511021417,2023-08-31,2023-06-30,12.179252214233323,1.0904115761966937,9.114862519491824,2.479578296943018,48.49360432011132
sz000333,2023-04-20,56.18,58.04,56.18,57.04,0.01711840228245376,36794925.0,2114956905.0,392441716420.72,400517697042.24,0.005348010759768426,278.681543560381,2023-08-31,2023-06-30,12.432009443633648,1.1130409958078114,9.304024165565565,2.5310372313170073,49.32373734698912
sz000333,2023-04-21,57.4,58.6,56.75,56.85,-0.00333099579242635,39892402.0,2311553652.0,391134494714.55,399183574278.6,0.005798217964271091,277.75325651135444,2023-08-31,2023-06-30,12.3905984724855,1.1093334609339773,9.273032500217433,2.5226063569490154,49.159440185419555
sz000333,2023-04-24,56.2,58.75,56.01,57.03,0.0031662269129286713,33992120.0,1960933654.0,392372915278.29,400447480054.68005,0.004940633076635964,278.6326863472743,2023-08-31,2023-06-30,12.42982991883638,1.1128458623933992,9.302393025284086,2.5305935010871132,49.31509012795914
sz000333,2023-04-25,57.0,58.04,55.65,57.65,0.01087147115553222,42962096.0,2450369691.0,396638586108.95,404800933283.4,0.006244387009083564,281.6618335598871,2023-08-31,2023-06-30,12.56496045626718,1.1249441340869624,9.403523722735885,2.558104775340559,49.85121770781771
sz000333,2023-04-26,57.02,57.35,55.97,56.7,-0.01647875108412833,23934184.0,1357589707.0,390102477578.1,398130319465.2,0.0034787480490387555,277.0203983147545,2023-08-31,2023-06-30,12.357905600526436,1.106406459717793,9.248565395995223,2.5159504035006015,49.029731899969896
sz000333,2023-04-27,56.17,57.75,56.17,57.26,0.00987654320987641,15777059.0,898336283.0,393955341554.18,402062470768.56,0.002293139102457779,279.7564022487274,2023-08-31,2023-06-30,12.479958989173609,1.1173339309248822,9.339909251758138,2.5407992963746815,49.5139761656486
sz000333,2023-04-28,57.25,57.35,56.21,56.78,-0.008382815228780927,15690551.0,891005835.0,390652886717.54,398692055365.68,0.002280565474034673,277.4112560196078,2023-08-31,2023-06-30,12.375341798904604,1.1079675270330913,9.261614518247068,2.519500245339756,49.098909652209706
sz000333,2023-05-04,57.22,58.45,55.85,56.58,-0.0035223670306446797,26856562.0,1525949937.0,389276863868.94,397287715614.48,0.003903505240094601,276.4341117574746,2023-08-31,2023-06-30,12.331751302959184,1.1040648587448452,9.228991712617455,2.51062564074187,48.92596527161016
sz000333,2023-05-05,56.4,56.4,54.08,55.33,-0.0220926122304701,34212287.0,1879206731.0,380676721065.19,388510592169.48,0.0049726335627069615,270.3269601191423,2023-08-31,2023-06-30,12.05931070330031,1.0796731819433065,9.025099177432375,2.4551593620050842,47.845062892863034
sz000333,2023-05-08,55.33,55.99,54.47,55.01,-0.0057834809325862935,20872170.0,1151128787.0,378475084507.43,386263648567.56,0.003033695264760446,268.7635292997292,2023-08-31,2023-06-30,11.98956590978764,1.0734289126821126,8.972902688424995,2.440959994648467,47.568351883903766
sz000333,2023-05-09,54.8,55.56,54.01,54.8,-0.0038174877295037435,18139372.0,995439011.0,377030260516.4,384789091828.8,0.002636492848713297,267.7375278244894,2023-08-31,2023-06-30,11.94379588904495,1.069331110979454,8.938648742513902,2.431641659820687,47.38676028427425
sz000333,2023-05-10,54.5,56.0,53.88,55.4,0.010948905109489093,17462598.0,965082241.0,381158329062.2,389002111082.4,0.002538126168147118,270.6689606108889,2023-08-31,2023-06-30,12.07456737688121,1.0810391158441928,9.036517159402742,2.4582654736143446,47.905593426072876
sz000333,2023-05-11,55.55,56.72,55.34,55.45,0.0009025270758122872,12622453.0,706491978.0,381502334774.35,389353196020.2,0.0018346284021144564,270.91324667642226,2023-08-31,2023-06-30,12.085465000867563,1.0820147829162543,9.044672860810143,2.460484124763816,47.94882952122276
sz000333,2023-05-12,55.33,57.49,55.31,55.82,0.0066726780883679115,16559010.0,935578508.0,384047977044.26,391951224559.92,0.0024067928838314785,272.72096356136865,2023-08-31,2023-06-30,12.16610741836659,1.0892347192495098,9.105025051224928,2.4769021432699043,48.268776625331924
sz000333,2023-05-15,55.86,56.74,55.01,56.59,0.013794338946614193,14066647.0,786956985.0,389345665011.37006,397357932602.04,0.00204453683517127,276.4829689705814,2023-08-31,2023-06-30,12.333930827756454,1.1042599921592573,9.230622852898936,2.511069370971764,48.93461249064016
sz000333,2023-05-16,56.59,57.24,55.11,55.35,-0.021911998586322756,13612588.0,760273937.0,380814323350.05,388651026144.6,0.0019785409833637264,270.4246745453557,2023-08-31,2023-06-30,12.063669752894853,1.080063448772131,9.028361457995336,2.4560468224648724,47.862357330923004
sz000333,2023-05-17,55.22,56.4,54.81,55.02,-0.00596205962059615,9076272.0,501402350.0,378543885649.86,386333865555.12006,0.0013192036759032638,268.81238651283593,2023-08-31,2023-06-30,11.991745434584914,1.0736240460965252,8.974533828706479,2.441403724878362,47.57699910293376
sz000333,2023-05-18,55.15,55.42,54.55,55.0,-0.00036350418029817977,11069523.0,609452710.0,378406283365.0,386193431580.0,0.0016089155803281042,268.7146720866226,2023-08-31,2023-06-30,11.98738638499037,1.0732337792677002,8.971271548143514,2.440516264418573,47.5597046648738
sz000333,2023-05-19,54.66,56.86,54.66,55.8,0.014545454545454417,20384343.0,1140023139.0,383910374759.4,391810790584.8001,0.0029627913549167494,272.6232491351553,2023-08-31,2023-06-30,12.16174836877205,1.0888444524206853,9.101762770661969,2.4760146828101166,48.25148218727196
sz000333,2023-05-22,55.8,56.95,55.8,56.71,0.016308243727598537,15199783.0,860397294.0,390195269318.93,398224527051.16,0.0022090982687579747,277.0692555278612,2023-08-31,2023-06-30,12.360829789911737,1.1066682631438682,9.250753837761527,2.5165457402592466,49.03837911899987
sz000333,2023-05-23,56.69,56.95,55.88,55.95,-0.013401516487391962,15585136.0,878179042.0,384966060983.85,392887714486.2,0.0022651045055023214,273.35610733175514,2023-08-31,2023-06-30,12.19517592568439,1.0918372301692725,9.126779707683962,2.4828202110298867,48.38119047272161
sz000333,2023-05-24,55.82,55.89,53.5,53.6,-0.04200178731009829,26674242.0,1447402650.0,368796798368.8,376385728265.6,0.0038767673079695454,261.8746622516904,2023-08-31,2023-06-30,11.682956740244562,1.0459781150504557,8.743438647575697,2.3785373245969956,46.349094000677006
sz000333,2023-05-25,53.4,54.49,52.68,54.01,0.007649253731343286,17143391.0,923732853.0,371621031979.78,379268011526.91,0.002491555827659343,263.87780798906334,2023-08-31,2023-06-30,11.772422381809095,1.053987996898524,8.81039407379849,2.396751666433701,46.703629980906065
sz000333,2023-05-26,54.01,54.45,53.48,54.26,0.004628772449546403,11166052.0,602101038.0,373341181174.28,381023556849.66,0.0016228319083749102,265.09923831672984,2023-08-31,2023-06-30,11.826914246194436,1.0588666675007203,8.851175383156935,2.407845684515694,46.91981045665549
sz000333,2023-05-29,54.27,54.69,53.08,53.45,-0.014928123848138464,17433449.0,936727538.0,367767897784.1,375335590003.95,0.0025337117640350125,261.1418040550905,2023-08-31,2023-06-30,11.65036060558593,1.043059774749604,8.719043940835572,2.3719010659300377,46.219385715227354
sz000333,2023-05-30,53.45,53.66,51.79,52.33,-0.02095416276894302,32084604.0,1678415610.0,360061629392.74,367470746958.03,0.004663055405686207,255.6697961871447,2023-08-31,2023-06-30,11.406237053139604,1.0212033304517638,8.536343674909737,2.3221998649227107,45.25089718386992
sz000333,2023-05-31,52.59,52.7,51.1,51.33,-0.019109497420217836,28064959.0,1445385156.0,353181032614.74,360448565667.03,0.004078855353031995,250.78407487647885,2023-08-31,2023-06-30,11.18826959559824,1.0016886480429779,8.373218437475957,2.27782379259474,44.386175280872216
sz000333,2023-06-01,49.02,49.8,48.53,48.89,0.00020458265139122744,34893493.0,1711949689.0,336392376476.42004,343314443316.99,0.005071288745122858,250.83538094744378,2023-08-31,2023-06-30,10.65642899919731,0.9540728229655404,7.975192858137533,2.169546176114491,44.39525592229629
sz000333,2023-06-02,50.0,52.1,49.99,51.8,0.059521374514215575,49939227.0,2566107482.0,356414913100.4,363748990873.8,0.0072579790113083695,265.7654475982325,2023-08-31,2023-06-30,11.290714300642678,1.0108605487751072,8.449887299069834,2.2986805465888858,47.03772257670174
sz000333,2023-06-05,52.51,54.15,51.59,53.94,0.04131274131274143,39939970.0,2119331989.0,371139390205.32,378776458836.54,0.00580472469011757,276.74494678472325,2023-08-31,2023-06-30,11.757164659781198,1.0526219691299088,8.798975307178125,2.3936453413707435,48.98097984145352
sz000333,2023-06-06,53.94,55.31,53.05,54.21,0.0050055617352615656,34261827.0,1866611024.0,372997151335.38,380672447785.1101,0.004979484789684038,278.1302107007759,2023-08-31,2023-06-30,11.816015873317372,1.0578909333802815,8.843019121285247,2.4056268808992964,49.226157159903515
sz000333,2023-06-07,55.5,55.77,54.49,55.25,0.01918465227817734,36908674.0,2035955381.0,380152971984.5,387975516327.75,0.005364167555641639,283.46604208112643,2023-08-31,2023-06-30,12.042702029160386,1.0781862030854183,9.012669368216377,2.451777996120385,50.17054386800717
sz000333,2023-06-08,55.7,57.11,55.2,56.89,0.029683257918551975,47553147.0,2680031436.0,391437150700.42,399491893644.99005,0.006911195138195904,291.8802377193716,2023-08-31,2023-06-30,12.400168659528227,1.1101902822358274,9.280194757607777,2.524554754738258,51.65976906155526
sz000333,2023-06-09,57.5,57.76,55.77,56.11,-0.013710669713482226,41065187.0,2319633365.0,386070285213.58,394014592238.01,0.005968259487505751,287.87836418410865,2023-08-31,2023-06-30,12.23015404264596,1.0949688299569742,9.152957072409428,2.48994141832244,50.9514790304775
sz000333,2023-06-12,56.12,57.82,55.7,57.35,0.022099447513812098,39621001.0,2256003427.0,394602225218.3,402722097038.85,0.005758366937978995,294.24031698375745,2023-08-31,2023-06-30,12.500433689997253,1.1191670361438686,9.355232366827316,2.5449677480091233,52.07747856706264
sz000333,2023-06-13,57.26,57.77,56.26,56.61,-0.012903225806451646,24850143.0,1409611782.0,389510583602.58,397525682883.51,0.0036116261135161667,290.4436677323541,2023-08-31,2023-06-30,12.339137771416642,1.1047261711613672,9.23451969112632,2.512129454486425,51.405511101681185
sz000333,2023-06-14,57.23,57.98,56.62,57.08,0.008302420067126004,36000680.0,2057761143.0,392744464088.24,400826108090.28,0.005232203130273303,292.8550530677049,2023-08-31,2023-06-30,12.441582476461086,1.1138980718934965,9.311188552720196,2.532986208480572,51.83230124861265
sz000333,2023-06-15,57.26,58.58,57.01,58.0,0.016117729502452827,31276544.0,1814552067.0,399074613124.0,407286514878.0,0.004545615011186752,297.5752115964766,2023-08-31,2023-06-30,12.64211253739914,1.1318515797095796,9.461263771159274,2.5738121950223047,52.667720259627444
sz000333,2023-06-16,58.4,58.99,57.4,58.35,0.0060344827586207295,30006082.0,1745695208.0,401482821996.3,409744278329.85,0.004360970852984927,299.37092408024847,2023-08-31,2023-06-30,12.718401147538618,1.1386817185526543,9.518357604261096,2.589343820337094,52.985542709470025
sz000333,2023-06-19,58.0,58.14,56.7,56.81,-0.026392459297343573,28911037.0,1651975820.0,390886702958.18,398930119141.71,0.00420182114034644,291.46978915165244,2023-08-31,2023-06-30,12.382731262924915,1.1086291076431243,9.267144738613075,2.5210046689520196,51.58712393016268
sz000333,2023-06-20,56.92,58.92,56.8,57.58,0.013553951769054606,24381022.0,1413907766.0,396184762477.24,404337198735.78,0.0035434458356803887,295.4203566159504,2023-08-31,2023-06-30,12.550566205231767,1.1236554130978895,9.392751171437085,2.5551742446445576,52.28633331981634
sz000333,2023-06-21,58.0,59.6,57.4,58.28,0.01215699895797151,45130347.0,2649838248.0,401001180221.84,409252725639.48,0.006559074518695768,299.0117815834941,2023-08-31,2023-06-30,12.70314342551072,1.1373156907840396,9.506938837640734,2.5862374952741365,52.921978219501504
sz000333,2023-06-26,59.83,59.95,57.8,58.14,-0.0024021962937542662,33558138.0,1957482192.0,400037896672.92,408269620258.74,0.004877213282908641,298.2934965899854,2023-08-31,2023-06-30,12.67262798145493,1.1345836352468095,9.484101304400003,2.5800248451482206,52.79484923956448
sz000333,2023-06-27,58.22,60.15,57.88,59.69,0.026659786721706213,48123655.0,2851634265.0,410702821678.82,419154001259.79,0.006994110620443627,306.24593758954643,2023-08-31,2023-06-30,13.010477540644045,1.1648313929804275,9.736945422422362,2.6488077572565754,54.202348660295904
sz000333,2023-06-28,59.45,60.52,59.21,59.7,0.00016753224995813554,32790073.0,1964640593.0,410771627646.6,419224223072.7,0.004765585610952075,306.2972436605113,2023-08-31,2023-06-30,13.012657215219459,1.1650265398045154,9.738576674796702,2.649251517979855,54.211429301719974
sz000333,2023-06-29,59.72,59.79,58.22,59.14,-0.009380234505862672,27678349.0,1635162204.0,406918493450.92,415291801549.74,0.004022666912919338,303.42410368647637,2023-08-31,2023-06-30,12.890595438996295,1.1540983176555955,9.647226541833785,2.6244009174761915,53.70291338197185
sz000333,2023-06-30,59.23,59.82,58.56,58.92,-0.003719986472776493,26487591.0,1563113127.0,405404762159.76,413746921665.72,0.003849606633641336,302.2953701252484,2023-08-31,2023-06-30,12.842642598337195,1.1498050875256625,9.611338989598352,2.6146381815640374,53.50313927064223
sz000333,2023-07-03,58.88,60.38,58.33,59.06,0.002376103190767198,31876184.0,1892919808.0,406545155427.28,414730027046.46,0.004630746183806753,303.01365511875713,2023-08-31,2023-06-30,12.873158042392985,1.1525371430628926,9.634176522839082,2.6208508316899537,53.63026825057926
sz000333,2023-07-04,59.28,59.6,58.12,58.9,-0.0027091093802913413,21944569.0,1290009362.0,405443780133.2,413606478039.9,0.0031879515174097995,302.19275798331853,2023-08-31,2023-06-30,12.83828324918637,1.1494147938774868,9.608076484849676,2.613750660117479,53.48497798779408
sz000333,2023-07-05,59.09,59.33,58.42,59.12,0.0037351443123938566,18701574.0,1103273064.0,406958171162.56,415151357923.92,0.002716832178898189,303.3214915445465,2023-08-31,2023-06-30,12.886236089845466,1.1537080240074196,9.643964037085109,2.6235133960296317,53.6847520991237
sz000333,2023-07-06,59.13,59.75,58.3,58.37,-0.012686062246278773,16957694.0,995554523.0,401795474471.56,409884721955.67,0.002463493647064613,299.4735362221783,2023-08-31,2023-06-30,12.722760496689444,1.1390720122008302,9.521620109009772,2.590231341783654,53.00370399231817
sz000333,2023-07-07,58.04,58.59,57.2,57.75,-0.010621894808977128,29379608.0,1698410265.0,397544922101.25,405530969555.25006,0.0042678758240254355,296.2925598223539,2023-08-31,2023-06-30,12.5876206730138,1.1269729091073832,9.420482461800828,2.5627181769403125,52.4407042240256
sz000333,2023-07-10,57.82,57.93,56.04,56.63,-0.019393939393939297,32085974.0,1818167156.0,389834959975.65,397666126509.33,0.00466102041677713,290.54627987428404,2023-08-31,2023-06-30,12.34349712056747,1.1051164648095428,9.237782195874995,2.513016975932985,51.423672384529354
sz000333,2023-07-11,56.8,57.08,56.4,56.66,0.0005297545470597242,15802795.0,896629010.0,390041476818.3,397876791948.06,0.0022956183327064827,290.70019808717876,2023-08-31,2023-06-30,12.35003614429371,1.1057019052818065,9.242675952998008,2.5143482581028236,51.45091430880157
sz000333,2023-07-12,56.9,58.08,56.4,57.09,0.007589128132721612,18781502.0,1079865899.0,393001551562.95,400896329903.19,0.002728324977129898,292.9063591386699,2023-08-31,2023-06-30,12.443762151036498,1.1140932187175845,9.312819805094534,2.5334299692038513,51.84138189003674
sz000333,2023-07-13,57.2,58.32,57.2,57.8,0.012436503765983487,16930674.0,978559177.0,398209006315.0,405923516017.8,0.002457485746632993,296.54909017717847,2023-08-31,2023-06-30,12.599805256530397,1.1280637979964485,9.429601314227684,2.5651988406390025,52.486107431145975
sz000333,2023-07-14,57.75,58.27,57.02,57.46,-0.00588235294117645,10500005.0,603243716.0,395866600395.5,403535730629.46,0.0015240747431009042,294.80468376437153,2023-08-31,2023-06-30,12.525688755021395,1.1214281285964696,9.374133071202817,2.5501094356940675,52.177365622727464
sz000333,2023-07-17,57.2,57.2,56.3,57.13,-0.005743125652627912,9042488.0,512387287.0,392551137545.25,401223130250.63,0.0013160001080889773,293.1115834225295,2023-08-31,2023-06-30,12.453905984968332,1.115001398772626,9.320411375585303,2.535495155967598,51.87770445573303
sz000333,2023-07-18,57.4,57.4,55.67,56.74,-0.00682653597059335,23988228.0,1351665336.0,390521180671.78,398524865154.34,0.0034853219852982887,291.11064665489806,2023-08-31,2023-06-30,12.370152239737529,1.1075029044691111,9.257730690446097,2.5184437011402405,51.52355944019416
sz000333,2023-07-19,56.89,58.35,56.67,58.13,0.0244977088473739,27804425.0,1601948634.0,400088054854.61,408287811269.33,0.0040397887555961775,298.2421905190204,2023-08-31,2023-06-30,12.67319262770431,1.1346341881704165,9.484523881488045,2.580139801679277,52.7857685981404
sz000333,2023-07-20,57.9,58.65,57.44,57.53,-0.0103216927576123,14051590.0,815686031.0,395958468876.41,404073589924.73,0.0020415978852376085,295.16382626112585,2023-08-31,2023-06-30,12.542383827143107,1.1229228426878386,9.386627540031087,2.5535083913746566,52.24093011269597
sz000333,2023-07-21,57.55,58.08,56.99,57.13,-0.006952894142186694,12070921.0,693513021.0,393205411557.6101,401264109028.33,0.0017538205132992231,293.1115834225294,2023-08-31,2023-06-30,12.455177960102308,1.1151152790327867,9.32136331239312,2.5357541178382434,51.87770445573302
sz000333,2023-07-24,57.13,57.36,56.13,56.77,-0.006301417819009281,11588757.0,657937835.0,390727659970.69,398735576221.57,0.0016837654517198786,291.26456486779267,2023-08-31,2023-06-30,12.376692679765588,1.1080884717432402,9.262625507518946,2.5197752716554715,51.550801364466366
sz000333,2023-07-25,57.86,59.28,57.8,58.98,0.03892901180200803,37648119.0,2216891659.0,405938301657.06,414257958174.18,0.005470008741613855,302.6032065510377,2023-08-31,2023-06-30,12.85850509516601,1.1512252609374016,9.62321036521873,2.6178676329441553,53.557623119186644
sz000333,2023-07-26,58.81,59.54,58.48,58.58,-0.006781959986436048,18752582.0,1105031414.0,403185244338.26,411448477277.78,0.00272461918928355,300.55096371244133,2023-08-31,2023-06-30,12.771299228125208,1.14341769728235,9.557946137580762,2.6001133594077426,53.194397462223705
sz000333,2023-07-27,58.55,59.12,58.35,58.48,-0.0017070672584500457,15197044.0,893501893.0,402496980008.56,410746107053.68,0.002208024351141962,300.0379030027922,2023-08-31,2023-06-30,12.749497761365008,1.1414658063685867,9.541630080671268,2.5956747910236384,53.10359104798296
sz000333,2023-07-28,58.7,59.82,58.11,59.74,0.02154582763337909,24004126.0,1424164599.0,411169110562.78,419595971877.34,0.003487631853660482,306.5024679443709,2023-08-31,2023-06-30,13.02419624254353,1.1660596318820005,9.747212397730875,2.651600752663341,54.247751867416255
sz000333,2023-07-31,60.95,61.3,59.15,59.32,-0.007030465349849413,32518268.0,1952524583.0,408278400378.04,416646016936.12,0.004724677220185744,304.34761296384465,2023-08-31,2023-06-30,12.93263008215069,1.1578616900441958,9.678684958711006,2.6329587654501068,53.86636492760516
sz000333,2023-08-01,59.32,59.69,58.13,58.25,-0.018037761294672938,20418627.0,1197877269.0,400913972050.25,409130655538.25,0.002966683891478155,298.8578633705993,2023-08-31,2023-06-30,12.699354387816548,1.136976457266932,9.504103149779436,2.5854660837402013,52.89473629522928
sz000333,2023-08-02,58.1,58.82,57.77,58.3,0.0008583690987125081,23543608.0,1370719586.0,401258104215.1,409481840650.3,0.0034207218046970653,299.1143937254239,2023-08-31,2023-06-30,12.71025512119665,1.1379524027238135,9.512261178234182,2.5876853679322527,52.94013950234965
sz000333,2023-08-03,57.98,58.2,56.99,57.98,-0.005488850771869669,23362911.0,1344124458.0,399055658360.06,407234255933.18,0.0033944677926550986,297.4725994545468,2023-08-31,2023-06-30,12.640490427564009,1.131706351799772,9.460049796123805,2.573481949103122,52.64955897677929
sz000333,2023-08-04,58.3,58.99,57.81,57.92,-0.0010348395998619475,19663692.0,1147020985.0,398642699762.24,406812833798.72,0.0028569971087374223,297.16476302875736,2023-08-31,2023-06-30,12.627409547507886,1.1305352172515142,9.45026016197811,2.5708188080726595,52.59507512823485
sz000333,2023-08-07,57.79,58.19,57.34,57.88,-0.0006906077348066697,15370696.0,887391729.0,398367394030.36,406531885709.08,0.0022332547738889456,296.9595387448977,2023-08-31,2023-06-30,12.618688960803809,1.129754460886009,9.443733739214313,2.5690433807190187,52.55875256253856
sz000333,2023-08-08,57.5,57.55,56.96,57.0,-0.015203870076019421,13635468.0,779253638.0,392310667929.00006,400351027737.0,0.0019811382649952834,292.44460449998564,2023-08-31,2023-06-30,12.426836053314048,1.1125778208448949,9.300152438410779,2.529983978938909,51.75965611722007
sz000333,2023-08-09,57.19,57.7,57.04,57.56,0.009824561403508847,15143409.0,868904097.0,396164948175.32,404284300991.96,0.002200231560249635,295.3177444740206,2023-08-31,2023-06-30,12.548924267171168,1.1235084099619677,9.391522357103936,2.554839961889888,52.2681720369682
sz000333,2023-08-10,57.21,57.3,55.5,56.35,-0.02102154273801249,38530464.0,2159087492.0,387836949785.95,395785621280.3501,0.005598207307473659,289.10970988726655,2023-08-31,2023-06-30,12.28512651937275,1.099890529905436,9.194098068499079,2.501133284442238,51.16941442465528
sz000333,2023-08-11,56.29,56.45,55.14,55.18,-0.020763087843833183,25533312.0,1419423215.0,379784257128.46,387567889658.38,0.0037098118990315006,283.10689958437206,2023-08-31,2023-06-30,12.030049358278406,1.0770534062144088,9.003200202658013,2.4492020343482284,50.10697937803866
sz000333,2023-08-14,54.5,55.57,54.28,55.44,0.004711852120333315,19516687.0,1073370152.0,381573744385.68005,389394052241.04,0.0028356383089774406,284.4408574294597,2023-08-31,2023-06-30,12.086733171854926,1.0821283225901925,9.045621950622692,2.460742312146897,50.343076055064564
sz000333,2023-08-15,55.31,55.56,54.6,55.16,-0.005050505050505083,16370434.0,901353362.0,379646604262.52,387427415613.56,0.002378509722730441,283.0042874424422,2023-08-31,2023-06-30,12.025689064926366,1.076663028031656,8.999936991276114,2.4483143206714075,50.0888180951905
sz000333,2023-08-16,54.8,55.36,54.36,55.23,0.0012690355329949554,15358726.0,843256905.0,380128389293.31,387919074770.43005,0.0022315156164920747,283.3634299391966,2023-08-31,2023-06-30,12.040950091658505,1.0780293516712904,9.01135823111276,2.4514213185402802,50.15238258515902
sz000333,2023-08-17,54.9,55.94,54.53,55.84,0.011044722071338109,15216504.0,842880581.0,384326801704.48,392203533137.44,0.002210851753225764,286.4931002680561,2023-08-31,2023-06-30,12.173939038895728,1.0899358862452444,9.110886178260664,2.4784965856833105,50.70630171202752
sz000333,2023-08-18,55.78,55.85,54.63,54.79,-0.018803724928366794,13463834.0,741138399.0,377100026242.63,384828645784.39,0.001956201043553805,281.10596281674054,2023-08-31,2023-06-30,11.945023637913625,1.0694410316507332,8.93956758071099,2.431891617650225,49.752834362499776
sz000333,2023-08-21,54.61,55.36,54.35,54.38,-0.007483117357181879,13117158.0,718680501.0,374278142490.86,381948927865.58,0.0019058314420736429,279.0024139071793,2023-08-31,2023-06-30,11.855637624196806,1.061438278904305,8.872671747382073,2.4136934872754017,49.38052806411276
sz000333,2023-08-22,54.3,54.68,53.41,54.37,-0.000183891136447345,23054276.0,1249497364.0,374209316057.89,381878690843.17,0.0033496252827818164,278.95110783621436,2023-08-31,2023-06-30,11.853457477520784,1.0612430898129286,8.871040141691122,2.413249630436991,49.37144742268868
sz000333,2023-08-23,54.12,54.66,53.6,53.72,-0.011955122310097432,15798313.0,854634875.0,369735597914.84,377313284386.52,0.0022953845373457245,275.6162132234952,2023-08-31,2023-06-30,11.711747943579486,1.0485557988734695,8.764985771779422,2.3843989359403195,48.781205730123894
sz000333,2023-08-24,53.99,55.45,53.5,55.05,0.024758004467609895,25583579.0,1398433375.0,378889513499.8501,386654808367.05,0.0037171153430472473,282.43992066182824,2023-08-31,2023-06-30,12.001707451490146,1.074515948026517,8.981989328675672,2.4434318954488936,49.9889310395257
sz000333,2023-08-25,54.95,55.99,54.52,55.26,0.003814713896457711,16472788.0,907722078.0,380334868592.22,388129785837.66,0.0023933810440503497,283.51734815209136,2023-08-31,2023-06-30,12.047490531686567,1.078614918945419,9.016253048185606,2.452752889055511,50.17962450943125
sz000333,2023-08-28,57.3,57.98,55.78,56.16,0.016286644951140072,28800377.0,1624044691.0,386529247559.52,394451117854.56,0.004184493625080567,288.1348945389332,2023-08-31,2023-06-30,12.243703732528367,1.0961819371692858,9.163097560371039,2.492700004512441,50.99688223759788
sz000333,2023-08-29,55.88,56.49,55.55,56.05,-0.0019586894586894887,21787121.0,1221870560.0,385772156796.85,393678510608.05,0.003165516511584517,287.5705277583192,2023-08-31,2023-06-30,12.219722119092147,1.0940348571641465,9.145149897770597,2.4878175792899273,50.896995181933065
sz000333,2023-08-30,56.04,57.18,55.71,56.82,0.013737734165923277,23366421.0,1323189377.0,391071792135.54,399086761333.62006,0.0033949777711398954,291.52109522261725,2023-08-31,2023-06-30,12.387593413145687,1.1090644172001216,9.270783535973692,2.5219945558475234,51.59620457158674
sz000333,2023-08-31,57.3,57.8,56.48,56.51,-0.005455825413586801,28083765.0,1596998960.0,388938172713.47,396909413638.91,0.0040803749065771175,289.93060702270503,2023-08-31,2023-06-30,12.320008866189067,1.1030135553674563,9.220203759554265,2.5082349938568025,51.31470468744045
sz000333,2023-09-01,57.0,58.5,56.99,57.93,0.02512829587683596,26650564.0,1541478628.0,398711526195.21,406883070821.13,0.003872140811309577,297.21606909972223,2023-10-31,2023-09-30,12.180817154619051,1.1107515425890058,8.142134379365247,2.4181481817466053,52.60415576965892
sz000333,2023-09-04,58.5,58.8,57.62,58.22,0.005006041774555436,20090011.0,1169057320.0,400707492751.34,408919944471.02,0.0029189382818599376,298.70394515770454,2023-10-31,2023-09-30,12.241794834143295,1.1163120112123581,8.182894244202394,2.430253532561494,52.86749437095705
sz000333,2023-09-05,58.26,58.49,57.61,57.78,-0.007557540364136028,15309015.0,887170820.0,397679129700.66,405829515484.98,0.0022242929553930074,296.44647803524856,2023-10-31,2023-09-30,12.149276975554786,1.107875438128651,8.121051690656378,2.411886793394076,52.467946148297806
sz000333,2023-09-06,57.51,58.0,56.88,57.18,-0.010384215991692702,20888335.0,1194824718.0,393549543722.46,401615294140.38,0.0030349291832550422,293.3681137773539,2023-10-31,2023-09-30,12.023116259297728,1.0963710202872319,8.036720935820902,2.386841239983961,51.92310766285338
sz000333,2023-09-07,57.09,57.12,56.5,56.57,-0.01066806575725776,13639911.0,774015905.0,389351131311.29,397330835773.37,0.001981783801863646,290.2384434484944,2023-10-31,2023-09-30,11.894852864436384,1.0846748621484559,7.950984668404835,2.361378260683678,51.36918853598489
sz000333,2023-09-08,56.74,56.83,55.81,56.08,-0.008661834894820641,8400181.0,471931158.0,385978636095.76,393889221675.28,0.0012204876291731497,287.72444597121387,2023-10-31,2023-09-30,11.791821612826455,1.075279587577964,7.882114551955864,2.3409243920654172,50.924237106205275
sz000333,2023-09-11,56.31,56.88,56.01,56.43,0.0062410841654778615,14072130.0,793322668.0,388387561249.71,396347517459.63,0.0020445822037782704,289.5201584549857,2023-10-31,2023-09-30,11.865415363976403,1.0819904979854582,7.931307492276557,2.3555342982213174,51.24205955604785
sz000333,2023-09-12,56.42,57.72,56.3,57.21,0.013822434875066403,16403440.0,937947089.0,393756023021.37,401826005207.61,0.0023833052640037174,293.52203199024865,2023-10-31,2023-09-30,12.02942429511058,1.096946241179303,8.040937473562677,2.3880935176544673,51.950349587125594
sz000333,2023-09-13,57.1,57.54,56.7,57.0,-0.0036706869428422273,10743402.0,613122121.0,392310667929.00006,400351027737.0,0.001560941274507546,292.44460449998553,2023-10-31,2023-09-30,11.985268044420609,1.0929196949348063,8.011421709370259,2.3793275739609268,51.75965611722005
sz000333,2023-09-14,57.01,57.26,56.26,56.55,-0.007894736842105288,10289465.0,581688866.0,389213478445.3501,397190361728.55,0.0014949873988798692,290.13583130656457,2023-10-31,2023-09-30,11.890647507227815,1.0842913815537418,7.948173643243652,2.3605434089033404,51.35102725313673
sz000333,2023-09-15,56.64,56.69,55.3,55.79,-0.013439434129089212,16451182.0,917665599.0,383982669539.62994,391852348025.39,0.0023902418431550458,286.23656991323145,2023-10-31,2023-09-30,11.730843933302207,1.0697191189546111,7.841354687118715,2.328819041250528,50.66089850490714
sz000333,2023-09-18,55.8,56.59,55.21,56.1,0.005556551353289141,14427793.0,808841172.0,386116288961.7,394029695720.1,0.0020962575535897338,287.82705811314366,2023-10-31,2023-09-30,11.796026970035019,1.0756630681726775,7.884925577117044,2.341759243845754,50.942398389053416
sz000333,2023-09-19,55.99,56.15,55.45,56.05,-0.0008912655971480277,12366126.0,689874974.0,385772156796.85,393678510608.05,0.0017967117379728418,287.5705277583191,2023-10-31,2023-09-30,11.7855135770136,1.0747043666858929,7.877898014214088,2.339672114394911,50.89699518193304
sz000333,2023-09-20,56.03,57.24,55.73,56.89,0.014986619090098241,21380110.0,1210967114.0,391553577166.33,399578420490.49,0.00310638065600743,291.88023771937156,2023-10-31,2023-09-30,11.962138579773482,1.0908105516638795,7.995961070983755,2.3747358891690724,51.659769061555245
sz000333,2023-09-21,56.88,56.88,56.02,56.32,-0.01001933555985235,16769142.0,946858135.0,387630470487.04,395574910213.12,0.0024364392103989056,288.95579167437165,2023-10-31,2023-09-30,11.842285899329276,1.0798813547145314,7.915846853890053,2.350942613429463,51.14217250038304
sz000333,2023-09-22,56.59,57.11,56.17,57.05,0.012961647727272707,22170248.0,1259327923.0,392654800093.85,400702212849.05,0.0032211821887767372,292.70113485481005,2023-10-31,2023-09-30,11.99578143744203,1.093878396421591,8.018449272273216,2.3814147034117696,51.80505932434041
sz000333,2023-09-25,56.89,56.89,56.23,56.63,-0.007361963190184007,16643159.0,941423313.0,389764089909.11,397752257907.83,0.0024181347604131116,290.54627987428387,2023-10-31,2023-09-30,11.90746893606209,1.0858253039325978,7.959417743888382,2.3638828160246894,51.42367238452932
sz000333,2023-09-26,56.76,57.2,56.0,56.0,-0.011124845488257207,18934941.0,1067479335.0,385428024632.0,393327325496.0,0.002751114678317463,287.3139974034945,2023-10-31,2023-09-30,11.775000183992178,1.073745665199108,7.870870451311132,2.3375849849440686,50.85159197481267
sz000333,2023-09-27,56.0,56.66,55.43,56.19,0.0033928571428571974,18810949.0,1054884218.0,386735726858.43,394661828921.79,0.0027330995067257513,288.2888127518278,2023-10-31,2023-09-30,11.81495107747358,1.0773887308488905,7.897575190342366,2.3455160768572716,51.02412416187007
sz000333,2023-09-28,56.39,56.5,55.41,55.48,-0.012635700302544906,17097578.0,953613284.0,381849050117.56006,389675000330.68,0.002484158667274312,284.6460817133192,2023-10-31,2023-09-30,11.665660896569392,1.0637751697365447,7.797783797120386,2.3158788386553018,50.37939862076084
sz000333,2023-10-09,55.46,56.11,54.9,55.76,0.005046863734679219,28659545.0,1591907096.0,383776190240.72,391641636958.16,0.0041640317191059565,286.08265170033667,2023-10-31,2023-09-30,11.724535897489353,1.0691438980625403,7.837138149376941,2.3275667635800223,50.633656580634906
sz000333,2023-10-10,55.49,55.77,54.42,54.77,-0.017754662840746005,21499637.0,1179223500.0,376962373376.69,384688171739.57,0.003123747094284436,281.00335067481063,2023-10-31,2023-09-30,11.516370715665207,1.050161608624199,7.6979924038984056,2.286241600453333,49.734673079651614
sz000333,2023-10-11,54.75,55.89,54.5,54.77,0.0,20418379.0,1123573121.0,376962373376.69,384688171739.57,0.0029666478588102835,281.00335067481063,2023-10-31,2023-09-30,11.516370715665207,1.050161608624199,7.6979924038984056,2.286241600453333,49.734673079651614
sz000333,2023-10-12,55.0,55.48,54.61,55.28,0.009311666970969412,17604242.0,970427692.0,380863295391.2,388661033815.52,0.00255514907720479,283.619960294021,2023-10-31,2023-09-30,11.635305884017152,1.0610071389394544,7.777493320040698,2.3098527307613614,50.19778579227936
sz000333,2023-10-13,55.19,55.44,54.53,54.99,-0.005246020260492035,12996004.0,712981554.0,378865278827.1,386622110157.66,0.0018862912488904527,282.1320842360386,2023-10-31,2023-09-30,11.574266833612572,1.0554410739920512,7.736692432507922,2.2977351965370345,49.934447190981224
sz000333,2023-10-16,54.8,55.41,54.8,55.08,0.0016366612111291534,15020214.0,826944835.0,379485352933.2,387254879568.72,0.0021800930674276387,282.59383887472273,2023-10-31,2023-09-30,11.593209987186409,1.0571684734584867,7.749354776914646,2.301495810606653,50.01617296379788
sz000333,2023-10-17,55.08,55.99,55.05,55.88,0.014524328249818419,16830158.0,936368372.0,384997122765.2,392879496555.92,0.0024427954741198634,286.6983245519155,2023-10-31,2023-09-30,11.761593574509376,1.0725231353823572,7.8619089494188525,2.334923491225486,50.74262427772378
sz000333,2023-10-18,55.68,55.89,55.21,55.47,-0.007337151037938527,10637084.0,590623193.0,382172340726.3001,389996880349.98,0.0015439083015758262,284.5947756423542,2023-10-31,2023-09-30,11.675296986006355,1.0646538711463736,7.8042249360104465,2.317791804908334,50.370317979336754
sz000333,2023-10-19,55.29,55.29,54.18,54.23,-0.022354425815756307,20196084.0,1103206370.0,373629097486.7,381278724019.82,0.002931339241743576,278.2328228427054,2023-10-31,2023-09-30,11.414302425655755,1.0408541451643742,7.629765968628926,2.2659788999491433,49.24431844275161
sz000333,2023-10-20,53.94,54.06,52.88,53.18,-0.019361976765627786,21089804.0,1123754128.0,366394899582.2,373896414224.12,0.003061057285455965,272.8456853913899,2023-10-31,2023-09-30,11.193298967294357,1.020701151389294,7.482038617217155,2.2221050691369246,48.29085109322388
sz000333,2023-10-23,53.0,53.63,52.71,53.25,0.001316284317412597,16864366.0,897561653.0,366877179442.5,374388568210.50006,0.0024477605580827525,273.2048278881443,2023-10-31,2023-09-30,11.20803253118512,1.022044684307633,7.491887107311274,2.225029991191073,48.3544155831924
sz000333,2023-10-24,53.01,53.49,52.2,53.18,-0.001314553990610312,25019782.0,1323069266.0,366394899582.2,373896414224.12,0.003631469783769447,272.8456853913899,2023-10-31,2023-09-30,11.193298967294357,1.020701151389294,7.482038617217155,2.2221050691369246,48.29085109322388
sz000333,2023-10-25,53.79,54.01,52.14,52.42,-0.01429108687476488,25856546.0,1364767551.0,361158718241.8,368553028086.28,0.003752921009129686,268.9464239980568,2023-10-31,2023-09-30,11.033334559337538,1.006114222561617,7.375112153338158,2.1903487725490334,47.60072234499429
sz000333,2023-10-26,52.22,52.72,52.03,52.51,0.0017169019458220802,15165512.0,794020501.0,361778792347.9,369185797497.34,0.0022011821918909184,269.40817863674096,2023-10-31,2023-09-30,11.052277712911373,1.0078416220280526,7.387774497744882,2.1941093866186523,47.68244811781094
sz000333,2023-10-27,52.36,54.0,52.21,53.74,0.023424109693391815,25318794.0,1352282943.0,370253138464.6,377833646115.16,0.003674869564110638,275.7188253654249,2023-10-31,2023-09-30,11.311167478420433,1.0314494147360034,7.560826537970098,2.245504445570108,48.79936701297201
sz000333,2023-10-30,53.33,54.64,53.33,54.5,0.014142165984369237,16488474.0,892765170.0,375489319805.0,383177032253.0,0.0023932021114919447,279.618086758758,2023-10-31,2023-09-30,11.471131886377256,1.0460363435636806,7.667753001849096,2.277260742157999,49.48949576120161
sz000333,2023-10-31,54.3,54.3,52.7,52.92,-0.02899082568807332,23807212.0,1263696550.0,364603574386.8,372068413703.28,0.0034554725941973985,271.51172754630227,2023-10-31,2023-09-30,11.138574301414392,1.0157108862640363,7.445458511153287,2.211241072935804,48.05475441619797
sz000333,2023-11-01,52.81,53.46,52.7,53.01,0.001700680272108679,18933823.0,1004719416.0,365223648492.9,372701183114.34,0.002748129704556937,271.97348218498644,2024-04-30,2024-03-31,10.760532913320878,0.9716974732226499,5.957575247306764,2.0270124858696414,48.13648018901463
sz000333,2023-11-02,53.0,54.41,52.81,53.18,0.003206942086398934,20085478.0,1072266180.0,366394899582.2,373896414224.12,0.002915285450911042,272.84568539138996,2024-04-30,2024-03-31,10.795041319192684,0.9748136507447749,5.976680846100239,2.0335129975202326,48.290851093223885
sz000333,2023-11-03,53.12,53.35,52.72,52.8,-0.0071455434373824955,17740644.0,939971081.0,363776808912.0,371224721155.2,0.0025749470011613503,270.8960546947234,2024-04-30,2024-03-31,10.717904882538056,0.9678480774600248,5.933974213503059,2.01898244206597,47.94578671910909
sz000333,2023-11-06,53.0,53.3,52.7,53.14,0.006439393939394078,24918224.0,1322403103.0,366119311090.6,373615183374.76,0.003616729255322794,272.6404611075303,2024-04-30,2024-03-31,10.786921694281672,0.9740804325042749,5.972185411090009,2.0319834653671522,48.2545285275276
sz000333,2023-11-07,53.1,53.28,52.58,53.1,-0.0007527286413248069,18898188.0,999762782.0,365843722599.00006,373333952525.4,0.002742957500189024,272.4352368236707,2024-04-30,2024-03-31,10.778802069370657,0.9733472142637749,5.96768997607978,2.030453933214072,48.2182059618313
sz000333,2023-11-08,52.65,52.99,52.51,52.85,-0.004708097928436961,21385728.0,1128009345.0,364121294526.50006,371576259716.9,0.0031040088613047147,271.15258504954795,2024-04-30,2024-03-31,10.728054413676823,0.9687646002606498,5.939593507265845,2.0208943572573204,47.99118992622946
sz000333,2023-11-09,52.88,53.33,52.35,52.45,-0.007568590350047311,14146893.0,743811714.0,361365409610.5,368763951223.3001,0.0020533358149850984,269.1003422109515,2024-04-30,2024-03-31,10.646858164566687,0.9614324178556498,5.894639157163551,2.005599035726518,47.627964269266506
sz000333,2023-11-10,52.3,52.86,52.25,52.7,0.004766444232602529,13027077.0,685147777.0,363087837683.0,370521644031.8001,0.0018908013065956344,270.3829939850743,2024-04-30,2024-03-31,10.697605820260524,0.966015031858775,5.922735625977486,2.01515861168327,47.85498030486835
sz000333,2023-11-13,52.64,52.64,50.68,51.06,-0.031119544592030368,38291558.0,1957444236.0,351788709527.4,358991179208.04004,0.005557787667792438,261.9687983468291,2024-04-30,2024-03-31,10.36470119890896,0.9359530839982739,5.7384227905580705,1.9524477934069777,46.36575511132026
sz000333,2023-11-14,51.02,51.42,50.8,51.09,0.000587544065804968,24802793.0,1266466646.0,352043429072.4,358867144350.0,0.003599484011699583,262.1227165597238,2024-04-30,2024-03-31,10.361120096318446,0.9356297033286934,5.736440111045526,1.9517732041721672,46.39299703559249
sz000333,2023-11-15,51.44,51.76,50.95,51.54,0.008807985907222537,19636284.0,1010107978.0,355144222634.4,362028041100.0,0.0028496988346107767,264.4314897531448,2024-04-30,2024-03-31,10.45238069610986,0.9438707165699913,5.78696659470124,1.96896439504861,46.801625899675805
sz000333,2023-11-16,51.4,52.19,51.31,51.75,0.004074505238649717,21605533.0,1121013155.0,356591259630.0,363503126250.0,0.0031354844028149463,265.5089172434079,2024-04-30,2024-03-31,10.494968976012519,0.9477165227492637,5.8105456204072405,1.97698695079095,46.99231936958136
sz000333,2023-11-17,51.6,51.97,51.21,51.86,0.002125603864734371,13513422.0,697252680.0,357349231389.6,364275789900.0,0.001961123750552988,266.0732840240219,2024-04-30,2024-03-31,10.517277122628197,0.9497309926526921,5.822896538634193,1.9811892418940806,47.092206425246175
sz000333,2023-11-20,51.54,52.9,51.54,52.43,0.010991129965291169,18219075.0,955124720.0,361276903234.8001,368279592450.0,0.0026440275968297425,268.99773006902177,2024-04-30,2024-03-31,10.632873882363988,0.9601696094250028,5.886896751264766,2.002964750337575,47.60980298641837
sz000333,2023-11-21,52.62,53.19,52.45,52.45,0.0003814609956132031,15845902.0,836507594.0,361414716282.0,368420076750.0,0.0022996229053703124,269.1003422109516,2024-04-30,2024-03-31,10.636929909021385,0.9605358766801717,5.889142372760576,2.003728803265417,47.62796426926652
sz000333,2023-11-22,52.45,52.6,51.9,52.15,-0.005719733079123102,9786906.0,511071755.0,359347520574.00006,366312812250.0,0.001420316319658303,267.5611600820043,2024-04-30,2024-03-31,10.576089509160441,0.9550418678526397,5.855458050323432,1.9922680093477882,47.355545026544306
sz000333,2023-11-23,52.15,52.93,51.85,52.76,0.011697027804410398,10103351.0,529662623.0,363550818513.6,370597583400.00006,0.0014662401282423715,270.6908304108638,2024-04-30,2024-03-31,10.699798322211024,0.9662130191352881,5.923949505945624,2.015571623646967,47.909464153412806
sz000333,2023-11-24,52.8,52.85,52.07,52.48,-0.005307050796057644,15724530.0,822539515.0,361621435852.8,368630803200.0,0.0022820088982111993,269.2542604238463,2024-04-30,2024-03-31,10.643013949007477,0.9610852775629247,5.89251080500429,2.00487488265718,47.65520619353874
sz000333,2023-11-27,52.43,52.43,51.75,51.97,-0.009717987804877981,15922506.0,827425456.0,358107203149.2,365048453550.0,0.0023107399950155084,266.63765080463594,2024-04-30,2024-03-31,10.539585269243876,0.9517454625561205,5.835247456861146,1.9853915329972112,47.192093480910984
sz000333,2023-11-28,52.2,52.8,51.53,52.53,0.010775447373484681,21787637.0,1138681641.0,361965968470.8,368982013950.00006,0.0031619120892640708,269.51079077867087,2024-04-30,2024-03-31,10.65315401565097,0.9620009457008469,5.898124858743815,2.006785014976785,47.700609400659104
sz000333,2023-11-29,52.53,52.58,51.72,52.01,-0.009899105273177278,12426538.0,646048742.0,358382829243.6,365329422150.00006,0.0018033906444236871,266.84287508849553,2024-04-30,2024-03-31,10.54769732255867,0.9524779970664583,5.839738699852766,1.9869196388528954,47.22841604660727
sz000333,2023-11-30,51.81,52.0,51.41,51.67,-0.006537204383772255,12861862.0,664815261.0,356040007441.2,362941189050.0,0.001866566665685047,265.09846867568865,2024-04-30,2024-03-31,10.478744869382934,0.9462514537285885,5.801563134424002,1.9739307390795824,46.91967423818877
sz000333,2023-12-01,52.3,52.36,50.33,50.55,-0.02167602090187737,31604983.0,1604750727.0,348341807522.4,355093398974.4,0.0045863914584736275,259.35218872761874,2024-04-30,2024-03-31,10.252165488282824,0.925790886034327,5.676117329530729,1.9312489092640737,45.902642398692514
sz000333,2023-12-04,50.48,50.79,49.84,50.09,-0.009099901088031492,22058672.0,1107559874.0,345171931529.12,351862084166.72,0.003201068162133528,256.9921094632329,2024-04-30,2024-03-31,10.158871796401316,0.9173662805432133,5.6244652232679355,1.9136747352134014,45.48493289318513
sz000333,2023-12-05,50.09,50.19,49.22,49.22,-0.017368736274705587,22510318.0,1120255577.0,339176731280.96,345750684421.76,0.0032666092623028827,252.52848128928574,2024-04-30,2024-03-31,9.982425031321078,0.9014327875491508,5.526775370118742,1.880436623421913,44.69491708929071
sz000333,2023-12-06,49.06,49.65,48.75,49.18,-0.000812677773262882,19114114.0,942351431.0,338901089890.24,345469700525.44,0.002773765427619157,252.32325700542611,2024-04-30,2024-03-31,9.97431253637486,0.9007002131586191,5.5222838826176295,1.8789084343740283,44.65859452359442
sz000333,2023-12-07,49.36,50.49,49.22,50.22,0.021146807645384236,25021860.0,1251685067.0,346067766048.96,352775281829.76,0.003631074409346239,257.65908838577667,2024-04-30,2024-03-31,10.185237404976524,0.9197471473124411,5.63906255764655,1.9186413496190262,45.60298123169808
sz000333,2023-12-08,50.18,51.08,50.09,50.34,0.002389486260454099,21811340.0,1102240031.0,346894690221.12,353618233518.72,0.0031651763101364174,258.2747612373556,2024-04-30,2024-03-31,10.209574889815176,0.921944870484036,5.652537020149888,1.9232259167626797,45.71194892878697
sz000333,2023-12-11,49.85,51.4,49.22,51.02,0.013508144616606987,25201467.0,1272635678.0,351580593863.36,358394959756.16003,0.0036571382743602497,261.7635740629695,2024-04-30,2024-03-31,10.347487303900882,0.9343986351230735,5.728892307668798,1.9492051305767168,46.32943254562397
sz000333,2023-12-12,51.5,51.55,50.72,51.0,-0.00039200313602516523,17204815.0,879672020.0,351442773168.0,358254467808.0,0.0024966954280791404,261.66096192103964,2024-04-30,2024-03-31,10.343431056427773,0.9340323479278076,5.726646563918242,1.9484410360527744,46.311271262775826
sz000333,2023-12-13,50.9,50.99,50.51,50.69,-0.006078431372549042,12858695.0,652164458.0,349306552389.92,356076842611.52,0.0018660035006225933,260.0704737211274,2024-04-30,2024-03-31,10.280559220594586,0.9283548964011877,5.691837535784622,1.9365975709316696,46.02977137862954
sz000333,2023-12-14,50.91,51.47,50.58,50.89,0.0039455513908068784,16563410.0,847402713.0,350684759343.52,357481762093.12,0.0024036172443818965,261.0965951404257,2024-04-30,2024-03-31,10.321121695325674,0.9320177683538458,5.714294973290182,1.944238516171092,46.21138420711102
sz000333,2023-12-15,50.51,51.1,50.3,50.33,-0.011004126547455306,20470155.0,1034871742.0,346825779873.43994,353547987544.64,0.002970548791171039,258.2234551663907,2024-04-30,2024-03-31,10.207546766078625,0.9217617268864032,5.65141414827461,1.9228438695007088,45.7028682873629
sz000333,2023-12-18,50.03,51.18,49.75,51.09,0.01510033777071329,22307469.0,1133044740.0,352062966297.12,358886681574.72,0.0032371726091978996,262.12271655972387,2024-04-30,2024-03-31,10.361684170056762,0.9356806403065037,5.736752410795744,1.9518794614105146,46.392997035592494
sz000333,2023-12-19,51.08,51.08,50.46,50.75,-0.0066549226854570875,16954533.0,859776400.0,349720014476.0,356498318456.0,0.002460375483625771,260.37831014691693,2024-04-30,2024-03-31,10.292727963013911,0.929453757986985,5.698574767036289,1.9388898545034963,46.08425522717399
sz000333,2023-12-20,50.75,51.4,50.52,51.03,0.0055172413793103114,25417029.0,1298397556.0,351649504211.04,358465205730.24,0.00368841978827758,261.81488013393437,2024-04-30,2024-03-31,10.349515427637437,0.9345817787207064,5.7300151795440755,1.949587177838688,46.33851318704805
sz000333,2023-12-21,51.22,52.28,50.87,52.02,0.01940035273368612,27421212.0,1422425462.0,358471628631.36,365419557164.16,0.0039792589826039325,266.89418115946046,2024-04-30,2024-03-31,10.550299677556326,0.9527129948863637,5.841179495196607,1.9874098567738299,47.23749668803135
sz000333,2023-12-22,51.91,52.99,51.7,52.77,0.014417531718569743,22728114.0,1194539708.0,363639904707.36,370688005220.16,0.003298214965558276,270.74213648182865,2024-04-30,2024-03-31,10.702408957797912,0.9664487647088315,5.925394885842463,2.0160634014216647,47.91854479483687
sz000333,2023-12-25,52.62,53.25,52.43,52.67,-0.001895016107636982,11314960.0,598032182.0,362950801230.56,369985545479.36,0.0016419827182622044,270.22907577217956,2024-04-30,2024-03-31,10.682127720432367,0.9646173287325024,5.9141661670896815,2.012242928801953,47.82773838059613
sz000333,2023-12-26,52.62,53.23,52.53,52.8,0.0024681982153027526,16152328.0,855413703.0,363846635750.4,370898743142.4,0.0023439626331602332,270.8960546947234,2024-04-30,2024-03-31,10.708493329007577,0.9669981955017303,5.928763501468298,2.0172095432075783,47.94578671910909
sz000333,2023-12-27,52.78,53.7,52.72,53.6,0.015151515151515138,20306883.0,1081963247.0,369359463564.8001,376518421068.8,0.0029468553974360085,275.00054037191614,2024-04-30,2024-03-31,10.870743227931934,0.9816496833123626,6.018593251490544,2.047773324165269,48.67223803303498
sz000333,2023-12-28,53.44,54.16,53.25,54.05,0.008395522388059629,24728048.0,1331261038.0,372460429210.4,379679489902.4,0.003588437561631527,277.30931356533705,2024-04-30,2024-03-31,10.962008796076885,0.9898911452058433,6.069122485878059,2.06496545095397,49.08086689711829
sz000333,2023-12-29,54.07,54.98,53.72,54.63,0.010730804810360928,25937253.0,1410074987.0,376457229375.84,383753756399.04,0.0037639126594521343,280.2850656813019,2024-04-30,2024-03-31,11.079639972797041,1.0005134738685515,6.134249054644187,2.0871241921482953,49.60754409971457
sz000333,2024-01-02,54.63,55.05,54.2,54.56,-0.0012813472451034258,23905697.0,1305162004.0,375974856942.08,383262034580.48,0.003469101202479958,279.9259231845475,2024-04-30,2024-03-31,11.06544310664116,0.9992314686851211,6.1263889515172405,2.0844498613144973,49.54397960974606
sz000333,2024-01-03,54.59,54.8,54.1,54.45,-0.002016129032258007,20689673.0,1126649739.0,375216843117.6,382489328865.6,0.0030024043843280175,279.3615564039335,2024-04-30,2024-03-31,11.04313374553906,0.9972168891111592,6.114037360889181,2.080247341432815,49.44409255408125
sz000333,2024-01-04,54.66,55.32,54.45,55.25,0.014692378328741817,26702502.0,1467886385.0,380729670932.0,388109006792.0,0.003874962599811396,283.46604208112626,2024-04-30,2024-03-31,11.20538364446342,1.0118683769217915,6.203867110911428,2.1108111223905057,50.170543868007144
sz000333,2024-01-05,55.2,56.08,54.85,55.6,0.0063348416289592535,30042877.0,1669357551.0,383141533100.8,390567615884.8001,0.0043597047484813965,285.26175456489807,2024-04-30,2024-03-31,11.27636797524283,1.0182784028389436,6.243167626546164,2.124182776559496,50.48836631784972
sz000333,2024-01-08,55.6,55.6,54.62,55.0,-0.010791366906474864,27809739.0,1531117699.0,379006912240.0,386352857440.0,0.004035640500486298,282.1833903070035,2024-04-30,2024-03-31,11.154680551049559,1.007289786980969,6.175795314029476,2.1012599408412274,49.943527832405294
sz000333,2024-01-09,54.71,55.33,54.11,55.17,0.003090909090909033,21607041.0,1184711712.0,380178388150.56006,387547038999.36,0.003135529238705475,283.05559351340696,2024-04-30,2024-03-31,11.189158654570983,1.0104032281407282,6.194884135909203,2.1077547442947364,50.09789873661455
sz000333,2024-01-10,55.17,55.77,54.84,55.22,0.0009062896501721429,17820813.0,984854746.0,380522939888.96,387898268869.76,0.002586086647357342,283.31212386823154,2024-04-30,2024-03-31,11.199299273253757,1.011318946128893,6.2004984952855935,2.109664980604592,50.14330194373492
sz000333,2024-01-11,55.22,55.49,54.73,55.0,-0.003984063745019917,21236920.0,1168392665.0,379006912240.0,386352857440.0,0.0030818187275179917,282.1833903070035,2024-04-30,2024-03-31,11.154680551049559,1.007289786980969,6.175795314029476,2.1012599408412274,49.943527832405294
sz000333,2024-01-12,54.9,55.71,54.58,55.0,0.0,24361080.0,1343879865.0,379134187300.0,386485221155.00006,0.003533997842668302,282.1833903070035,2024-04-30,2024-03-31,11.158502122260806,1.007634882444142,6.177911129132441,2.1019798282876243,49.943527832405294
sz000333,2024-01-15,54.84,55.98,54.66,55.88,0.016000000000000014,19124097.0,1063527119.0,385200334296.8,392668984693.48,0.0027742824842322,286.69832455191556,2024-04-30,2024-03-31,11.337038156216975,1.023757040563248,6.276757707198558,2.1356115055402256,50.742624277723785
sz000333,2024-01-16,55.61,56.95,55.1,56.92,0.018611309949892574,33730399.0,1903147107.0,392369417111.2,399977068875.32,0.004893180322807571,292.0341559322662,2024-04-30,2024-03-31,11.548035287256091,1.0428105001585555,6.393576390367608,2.175358033202392,51.68701098582744
sz000333,2024-01-17,56.63,57.29,56.37,56.37,-0.00966268446943086,26914126.0,1530395102.0,388578075238.2,396112216663.77,0.0039043615152244008,289.21232202919606,2024-04-30,2024-03-31,11.436450266033484,1.0327341513341142,6.331797279076285,2.154338234919516,51.187575707503385
sz000333,2024-01-18,56.79,56.99,55.08,56.4,0.0005321979776478081,39023100.0,2175726536.0,388784875704.0,396323026784.4,0.005660978545049293,289.36624024209084,2024-04-30,2024-03-31,11.442536721736536,1.033283770360902,6.3351670487830845,2.1554847693713093,51.21481763177562
sz000333,2024-01-19,56.0,56.6,55.86,56.14,-0.004609929078014163,29937004.0,1681993909.0,386992605000.4,394496005738.94,0.004342882481070311,288.0322823970032,2024-04-30,2024-03-31,11.389787438976755,1.028520405462075,6.305962377990821,2.1455481374557674,50.9787209547497
sz000333,2024-01-22,55.88,56.66,55.08,55.34,-0.014250089063056581,35980322.0,2017295149.0,381477925912.4,388874402522.14,0.005219570738510397,283.9277967198105,2024-04-30,2024-03-31,11.227481953562053,1.0138638980810692,6.216101852476167,2.1149738854079474,50.25226964082381
sz000333,2024-01-23,55.52,56.69,54.8,56.38,0.01879291651608228,28848518.0,1612570166.0,388647008726.8,396182486703.98,0.004184978678128297,289.26362810016104,2024-04-30,2024-03-31,11.438479084601164,1.0329173576763764,6.332920535645217,2.154720413070113,51.19665634892747
sz000333,2024-01-24,56.15,57.44,56.02,57.19,0.014366796736431375,26463721.0,1503303923.0,394230621303.4,401874359960.99005,0.003839022445760854,293.41941984831874,2024-04-30,2024-03-31,11.602813388583554,1.047757071399645,6.423904317728804,2.1856768432685314,51.93218830427744
sz000333,2024-01-25,57.3,57.49,56.24,56.35,-0.014687882496939975,24963629.0,1412367268.0,388440208261.0,395971676583.35,0.003621408042302388,289.1097098872664,2024-04-30,2024-03-31,11.432392628898112,1.0323677386495886,6.329550765938417,2.15357387861832,51.16941442465525
sz000333,2024-01-26,56.35,57.75,56.35,57.51,0.020585625554569553,32745737.0,1874299633.0,396436492938.6,404123001247.71,0.004750337994644884,295.0612141191959,2024-04-30,2024-03-31,11.667735582749435,1.0536196743520472,6.459848527934666,2.1979065440876595,52.2227688298478
sz000333,2024-01-29,57.9,59.48,57.69,58.69,0.020518170752912512,37498736.0,2204469370.0,404570644593.4,412414865992.49,0.005439843066349611,301.11533049305524,2024-04-30,2024-03-31,11.90713617373612,1.0752380227390306,6.592392803068779,2.2430035658581935,53.29428451788849
sz000333,2024-01-30,58.7,59.2,58.0,58.22,-0.008008178565343305,27373299.0,1604993046.0,401449430965.34,409230834438.76,0.0039697987961965575,298.7039451577045,2024-04-30,2024-03-31,11.815207631828454,1.0669366929992978,6.541496512875554,2.2256865515657176,52.86749437095703
sz000333,2024-01-31,57.91,58.94,57.42,58.25,0.0005152868430093882,25544153.0,1486711039.0,401656292575.25,409441705703.5,0.0037045278257933287,298.85786337059926,2024-04-30,2024-03-31,11.821295852868557,1.0674864714395242,6.54486725996223,2.226833418562402,52.894736295229265
sz000333,2024-02-01,58.23,59.46,58.0,58.81,0.009613733905579513,30340175.0,1785789271.0,405517709293.57,413377969311.98,0.004400068482479693,301.73100334463425,2024-04-30,2024-03-31,11.934942645617163,1.0777490023237495,6.6077878722468455,2.2482416025005127,53.40325221497739
sz000333,2024-02-02,58.5,58.88,57.31,58.25,-0.009522190103723904,28950504.0,1687829337.0,401656292575.25,409441705703.5,0.004198532150928671,298.85786337059926,2024-04-30,2024-03-31,11.821295852868557,1.0674864714395242,6.54486725996223,2.226833418562402,52.894736295229265
sz000333,2024-02-05,58.0,59.6,57.82,59.45,0.020600858369098862,46160268.0,2724269122.0,409930756971.65,417876556293.1,0.006694369441495178,305.0145918863885,2024-04-30,2024-03-31,12.064824694472714,1.0894776090485787,6.679697143429263,2.272708098429782,53.98441326611812
sz000333,2024-02-06,59.26,60.79,59.02,59.95,0.008410428931875602,37946385.0,2279549238.0,413378450470.15,421391077372.1,0.005503155227764514,307.579895434634,2024-04-30,2024-03-31,12.166295045141114,1.0986405830523513,6.735876261540527,2.291822548374524,54.4384453373218
sz000333,2024-02-07,59.29,61.17,59.03,61.11,0.019349457881567833,46195919.0,2791586567.0,421377099386.67,429544766275.38,0.006699539709678169,313.53139966656346,2024-04-30,2024-03-31,12.401706258691803,1.1198986827411042,6.866211815558659,2.3361680722463243,55.49179974251434
sz000333,2024-02-08,61.29,62.36,59.98,60.29,-0.013418425789559763,34723180.0,2112587867.0,415722882049.13,423780951705.82,0.005035711558337064,309.3243018474409,2024-04-30,2024-03-31,12.235294883595627,1.104871405374917,6.774078061856186,2.304820374336948,54.7471871457403
sz000333,2024-02-19,61.7,61.7,59.81,60.6,0.005141814562945823,35695854.0,2157379733.0,413958700777.8,422058203534.4,0.00522556658027855,310.9147900473531,2024-04-30,2024-03-31,12.185556140495795,1.100379898180924,6.746540178081221,2.295450852018029,55.02868702988659
sz000333,2024-02-20,60.3,61.79,59.67,61.7,0.018151815181518094,29630917.0,1807531882.0,421472802607.1,429719326040.8,0.004337711870353559,316.55845785349317,2024-04-30,2024-03-31,12.406746103442085,1.1203537907221617,6.869002128508439,2.337117451642118,56.0275575865347
sz000333,2024-02-21,61.0,62.55,60.68,61.71,0.00016207455429495532,27797182.0,1719403866.0,421541112623.73,429788972609.04,0.0040692688087843615,316.6097639244581,2024-04-30,2024-03-31,12.408756921287054,1.1205353715634458,6.870115418966868,2.337496238911428,56.03663822795877
sz000333,2024-02-22,61.21,61.79,61.03,61.35,-0.005833738454059323,19259055.0,1180530930.0,419081952025.05,427281696152.4,0.002819360314947123,314.7627453697213,2024-04-30,2024-03-31,12.336367478868267,1.1139984612772225,6.8300369624634145,2.3238598972162716,55.70973513669211
sz000333,2024-02-23,61.68,62.1,59.32,59.62,-0.028198859005705068,43093597.0,2580957129.0,407264319148.06,415232839846.88,0.006308532646597894,305.8867950927919,2024-04-30,2024-03-31,11.988495991689096,1.0825849757350938,6.637437713155155,2.258329699625658,54.138784170327355
sz000333,2024-02-26,59.85,61.5,59.85,60.3,0.011405568601140503,34097731.0,2070387072.0,411909400278.9,419968806487.2,0.004991615092803996,309.37560791840576,2024-04-30,2024-03-31,12.125231605146805,1.0949324729424046,6.713141464328345,2.284087233938732,54.75626778716437
sz000333,2024-02-27,60.59,61.99,60.1,61.92,0.02686567164179121,28014795.0,1720508595.0,422975622972.96,431251550542.08,0.004101125483798612,317.68719141472116,2024-04-30,2024-03-31,12.450984096031346,1.1243485692304094,6.893494518593881,2.3454507715669366,56.227331697864315
sz000333,2024-02-28,62.0,62.31,60.95,61.82,-0.001614987080103436,25367364.0,1568616989.0,422292522806.66,430555084859.68,0.0037135643133278506,317.17413070507206,2024-04-30,2024-03-31,12.430875917581684,1.1225327608175697,6.8823616140095885,2.3416628988738375,56.13652528362358
sz000333,2024-02-29,62.0,63.48,61.75,62.63,0.013102555807182226,48920998.0,3071855396.0,427825634153.68994,436196456887.12,0.007161614125345589,321.32992245322976,2024-04-30,2024-03-31,12.593752163023954,1.1372408089615722,6.972538141142358,2.3723446676879396,56.872057238973554
sz000333,2024-03-01,63.5,64.51,62.88,64.47,0.02937889190483789,32844906.0,2102800960.0,440394677213.61,449011425443.28,0.004808212268180793,330.77023951077314,2024-04-30,2024-03-31,12.963742646497753,1.1706516837578247,7.17738358549334,2.442041525240963,58.5428952610031
sz000333,2024-03-04,65.0,66.0,63.5,64.6,0.0020164417558554693,37384392.0,2415284580.0,441282707429.8001,449916830830.4,0.005472754047549409,331.43721843331696,2024-04-30,2024-03-31,12.989883278482314,1.1730122346945164,7.19185636145292,2.4469657597419916,58.66094359951607
sz000333,2024-03-05,64.65,65.4,63.45,65.04,0.00681114551083617,35525326.0,2288367736.0,444288348161.52,452981279832.96,0.0052006027450443035,333.6946855557731,2024-04-30,2024-03-31,13.078359263660834,1.1810017917110116,7.2408411416238065,2.463632399591627,59.06049182217532
sz000333,2024-03-06,64.9,65.53,64.3,64.51,-0.008148831488314912,21923001.0,1422222516.0,440667917280.13,449290011716.24,0.0032093391396382683,330.9754637946329,2024-04-30,2024-03-31,12.971785917877616,1.1713780071229605,7.181836747327056,2.443556674318202,58.57921782669941
sz000333,2024-03-07,64.45,66.65,64.2,65.8,0.019996899705471805,30634033.0,2020641414.0,449479909425.4,458274419019.2,0.004484559441103447,337.59394694910617,2024-04-30,2024-03-31,13.23118141987827,1.1948019356485942,7.32545121646443,2.4924202320591804,59.75062057040491
sz000333,2024-03-08,65.87,66.49,64.88,66.1,0.004559270516717229,26125410.0,1714883401.0,451873902519.7,460708508661.8001,0.0038216183571803284,339.1331290780534,2024-04-30,2024-03-31,13.301457831383882,1.2011480350506618,7.364359792185347,2.5056585321258655,60.02303981312711
sz000333,2024-03-11,66.09,66.1,64.56,65.42,-0.010287443267775975,28027002.0,1826293592.0,447225275383.34,455968996015.96,0.004099782753263195,335.6443162524396,2024-04-30,2024-03-31,13.164619838564803,1.1887912927838773,7.288599358619747,2.479881712128201,59.405556196290114
sz000333,2024-03-12,65.35,65.35,63.05,64.13,-0.019718740446346805,50739915.0,3241294651.0,438414531271.42,446977861731.94,0.007422086899157768,329.0258330979662,2024-04-30,2024-03-31,12.905030116893316,1.165349825836595,7.1448773596497155,2.4309815683091034,58.23415345258459
sz000333,2024-03-13,63.66,64.33,63.0,64.07,-0.0009355995633869574,32723164.0,2084900582.0,438004350827.38,446559669439.66,0.004786649067571183,328.7179966721767,2024-04-30,2024-03-31,12.892956176350456,1.1642595250483492,7.138192615511573,2.4287071430151914,58.17966960404015
sz000333,2024-03-14,63.86,64.75,63.6,64.5,0.006711409395973256,31531677.0,2026233407.0,440943977343.0,449556714201.00006,0.004612361821460961,330.92415772366786,2024-04-30,2024-03-31,12.979486083574287,1.1720733473641103,7.186099948501586,2.445007190954891,58.57013718527532
sz000333,2024-03-15,64.39,64.5,63.3,64.02,-0.007441860465116301,25463904.0,1624685427.0,437662533790.68,446211175862.76,0.003724785669818546,328.4614663173522,2024-04-30,2024-03-31,12.882894559231406,1.1633509410581446,7.132621995396457,2.4268117886035987,58.13426639691978
sz000333,2024-03-18,63.88,63.89,62.35,62.36,-0.02592939706341768,42501113.0,2667915014.0,426314208172.24005,434641189109.68,0.006216938952241522,319.94465853717713,2024-04-30,2024-03-31,12.548848870878953,1.1331859525833474,6.947677407574555,2.363886022138713,56.62687992052355
sz000333,2024-03-19,62.2,63.12,62.17,62.6,0.0038486209108403724,29794618.0,1867932284.0,427954929948.4,436313958278.8001,0.004358269893105068,321.176004240335,2024-04-30,2024-03-31,12.597144633050394,1.1375471557363304,6.974416384127122,2.37298372331436,56.84481531470132
sz000333,2024-03-20,62.2,62.5,61.4,61.88,-0.011501597444089406,37790890.0,2337851554.0,423032764619.92,431295650771.44,0.005527941258405978,317.4819671308615,2024-04-30,2024-03-31,12.452257346536076,1.124463546277382,6.894199454469427,2.3456906197874208,56.19100913216801
sz000333,2024-03-21,61.91,62.04,60.13,60.55,-0.021493212669683293,39189153.0,2377326996.0,413940431443.7,422025721625.9,0.005732475095206393,310.6582596925285,2024-04-30,2024-03-31,12.184618331169348,1.1002952121379361,6.746020959407303,2.2952741924390487,54.98328382276621
sz000333,2024-03-22,60.56,62.65,60.5,62.62,0.034186622625929086,43156777.0,2671677605.0,428091656763.08,436453355709.56,0.006312847571415388,321.27861638226483,2024-04-30,2024-03-31,12.601169279898011,1.137910589332412,6.976644632173166,2.3737418650789963,56.86297659754947
sz000333,2024-03-25,62.19,63.66,61.78,62.9,0.004471414883423952,26903326.0,1694247611.0,430005832168.6,438404919740.2,0.003935340125192771,322.7151863692824,2024-04-30,2024-03-31,12.657514335764692,1.1429986596775585,7.0078401048178245,2.384355849783917,57.117234557423544
sz000333,2024-03-26,62.31,63.25,62.31,62.72,-0.002861685214626375,25353749.0,1591428438.0,428775290836.48,437092589409.28,0.0037086725174339443,321.791677091914,2024-04-30,2024-03-31,12.619625071231068,1.1395771839099404,6.986862691678302,2.3772184697945864,56.95378301179022
sz000333,2024-03-27,62.53,64.88,62.51,63.67,0.015146683673469497,34842794.0,2227887825.0,435269814533.78,443713092597.08,0.0050967023669127726,326.6657538335804,2024-04-30,2024-03-31,12.810770540262787,1.156837999036127,7.092690490739118,2.4132254459792937,57.816443947077225
sz000333,2024-03-28,64.23,65.39,63.18,64.58,0.014292445421705713,45185411.0,2915943394.0,441490884601.72,450054837755.92,0.006609590241058924,331.3346062913873,2024-04-30,2024-03-31,12.993867779019487,1.1733720429991061,7.194062382471057,2.4477163389562238,58.64278231666793
sz000333,2024-03-29,64.58,65.73,63.66,64.22,-0.0055744812635490915,25468858.0,1638381690.0,439029801937.48,447546015495.28,0.003725510326501523,329.4875877366505,2024-04-30,2024-03-31,12.921433706544311,1.1668311025302354,7.1539592165111685,2.4340715900862295,58.315879225401275
sz000333,2024-04-01,64.5,66.28,64.1,66.22,0.031142946122703297,32771225.0,2146737286.0,452702483405.48,461483916943.28,0.004793679290591077,339.74880192963246,2024-04-30,2024-03-31,13.323845220295302,1.203169660690629,7.376754582954992,2.5098757504750875,60.13200751021602
sz000333,2024-04-02,66.0,66.53,65.75,66.25,0.00045303533675622454,22653632.0,1497277780.0,452907573627.5,461692985465.0,0.0033137072713965167,339.9027201425272,2024-04-30,2024-03-31,13.329881393001564,1.2037147390630347,7.38009651345165,2.5110128128809204,60.15924943448824
sz000333,2024-04-03,66.2,66.9,65.98,66.73,0.007245283018868065,20626495.0,1370613983.0,456189017179.82,465038081812.52,0.0030171835785504017,342.36541154884287,2024-04-30,2024-03-31,13.426460156301802,1.2124359930215292,7.433567401398168,2.529205811374246,60.59512022284378
sz000333,2024-04-08,66.72,66.85,64.67,65.32,-0.021129926569758872,32434492.0,2125546169.0,446549776744.88,455211861291.68,0.004744422968663574,335.13125554279054,2024-04-30,2024-03-31,13.142760039107355,1.1868173095184518,7.276496668055271,2.4757638783001013,59.31474978204938
sz000333,2024-04-09,65.0,65.6,64.82,65.04,-0.004286589099816052,19478279.0,1270147986.0,444635601339.3601,453260555088.96,0.0028492258882191635,333.69468555577316,2024-04-30,2024-03-31,13.086422427182216,1.1817299113759967,7.245305316753138,2.4651512958456614,59.06049182217533
sz000333,2024-04-10,64.87,66.2,64.56,65.17,0.0019987699876997667,18081970.0,1184377719.0,445524325634.78,454166518683.08,0.00264497787684437,334.3616644783169,2024-04-30,2024-03-31,13.11257917557603,1.1840919176564222,7.259787015571985,2.4700785662709372,59.17854016068828
sz000333,2024-04-11,64.95,65.95,64.61,65.07,-0.001534448365812624,19004769.0,1239842458.0,444840691561.38,453469623610.68005,0.0027799622253293025,333.84860376866783,2024-04-30,2024-03-31,13.092458599888483,1.1822749897484028,7.248647247249795,2.4662883582514943,59.08773374644754
sz000333,2024-04-12,64.99,65.6,64.58,64.89,-0.0027662517289072097,21734388.0,1414407755.0,443610150229.26,452215212480.36,0.0031792429379515477,332.9250944912995,2024-04-30,2024-03-31,13.056241563650891,1.1790045195139671,7.22859566426985,2.459465983816497,58.924282200814226
sz000333,2024-04-15,64.89,67.0,64.71,66.84,0.030050855293573875,31783741.0,2102897321.0,456941014660.56,465804666392.16,0.004649233008812167,342.9297783294569,2024-04-30,2024-03-31,13.448592789558106,1.2144346137203508,7.445821146552577,2.533375040195633,60.6950072785086
sz000333,2024-04-16,66.78,68.77,66.57,68.31,0.021992818671454195,39191380.0,2659237097.0,466990435539.54,476049023956.44,0.0057328008542764375,350.47177076129867,2024-04-30,2024-03-31,13.744365252165085,1.24114345396824,7.609575740888788,2.589091098081444,62.02986156784743
sz000333,2024-04-17,68.0,68.8,66.98,68.58,0.0039525691699604515,24549649.0,1664966380.0,468836247537.72,477930640651.92,0.003591051112754556,351.8570346773512,2024-04-30,2024-03-31,13.798690806521469,1.2460491593198932,7.639653115358704,2.5993246597339397,62.27503888629742
sz000333,2024-04-18,68.58,71.33,68.38,70.0,0.020705745115193963,39542136.0,2777734457.0,478543851380.0,487826550680.00006,0.005784108419777896,359.1424967543684,2024-04-30,2024-03-31,14.084402981284674,1.2718495356137727,7.7978378255338185,2.6531456136100293,63.56448996851588
sz000333,2024-04-19,69.43,70.58,69.43,70.0,0.0,28812335.0,2017233100.0,478543851380.0,487826550680.00006,0.004214584398449324,359.1424967543684,2024-04-30,2024-03-31,14.084402981284674,1.2718495356137727,7.7978378255338185,2.6531456136100293,63.56448996851588
sz000333,2024-04-22,70.2,71.19,69.5,69.98,-0.0002857142857142225,28943754.0,2032072605.0,478407124565.32,487687171665.52,0.004233807986786049,359.0398846124386,2024-04-30,2024-03-31,14.080378866147162,1.2714861500321688,7.795609871869381,2.6523875720061407,63.54632868566774
sz000333,2024-04-23,69.83,70.0,67.59,68.39,-0.022720777364961475,38217940.0,2605557575.0,467537342798.26,476606540014.3601,0.0055904088878902854,350.8822193290179,2024-04-30,2024-03-31,13.760461712715129,1.2425969962946561,7.618487555546542,2.592123264496999,62.10250669924002
sz000333,2024-04-24,68.34,68.64,66.75,67.9,-0.007164790174001956,30783047.0,2079963046.0,464187535838.6,473191754159.6,0.004502854406730044,348.36822185173736,2024-04-30,2024-03-31,13.66187089184613,1.2336940495453592,7.5639026907678035,2.573551245201728,61.65755526946041
sz000333,2024-04-25,67.13,68.56,67.13,68.24,0.005007363770250128,22033298.0,1500859468.0,466511891688.16,475561197405.76,0.0032229666216634194,350.1126282645442,2024-04-30,2024-03-31,13.730280849183801,1.2398716044326263,7.601777903063254,2.586437952467834,61.9662970778789
sz000333,2024-04-26,68.25,68.65,67.42,68.37,0.0019050410316532318,24225747.0,1650078938.0,467592918436.59,476659463452.89,0.003542214300267706,350.7796071870881,2024-04-30,2024-03-31,13.761989704650729,1.2427349769982965,7.619333529162063,2.5924110995658305,62.08434541639187
sz000333,2024-04-29,68.3,68.88,67.23,68.2,-0.002486470674272323,33226398.0,2264197665.0,466430262357.4,475474263675.4,0.00485826183778714,349.90740398068465,2024-04-30,2024-03-31,13.727770920830476,1.2396449529220979,7.600388279784301,2.5859651453911017,61.92997451218262
sz000333,2024-04-30,66.84,71.15,66.8,69.78,0.023167155425219965,57131843.0,3988190598.0,477236124740.46,486489649842.66,0.008353642563643111,358.0137631931404,2024-04-30,2024-03-31,14.045804323395167,1.2683640002185332,7.776467656354082,2.645874601838578,63.36471585718627
sz000333,2024-05-06,70.5,71.46,69.65,71.01,0.017626827171109305,46179914.0,3263609833.0,485648283431.07,495064918820.97,0.006752285151658392,364.3244099218244,2024-08-20,2024-06-30,13.61647408174413,1.2563950562525081,8.035971479596494,2.80831542877098,64.48163475234735
sz000333,2024-05-07,70.81,72.33,70.62,71.1,0.0012674271229402567,30431457.0,2176139138.0,486263807237.7,495692377526.7,0.004449594151354002,364.7861645605085,2024-08-20,2024-06-30,13.633731970314148,1.2579874454239313,8.046156487808913,2.811874763915177,64.563360525164
sz000333,2024-05-08,70.5,71.34,70.39,70.75,-0.004922644163150358,17661960.0,1252248295.0,483870103545.25,493252260337.75,0.0025824775303216123,362.99045207673674,2024-08-20,2024-06-30,13.566617959208523,1.2517948208683982,8.006548122538403,2.7980329050210795,64.24553807532143
sz000333,2024-05-09,71.0,72.34,70.62,71.85,0.015547703180212036,28571831.0,2046734810.0,491648579787.15,501176607568.65,0.004175515076721584,368.6341198828768,2024-08-20,2024-06-30,13.784572543712846,1.2719055382842923,8.135177370786472,2.842984719915325,65.24440863196953
sz000333,2024-05-10,72.2,72.33,71.34,71.88,0.00041753653444676075,22487905.0,1616063316.0,491853861031.32,501385867112.52,0.003286404233994759,368.7880380957715,2024-08-20,2024-06-30,13.790328106361578,1.2724366053148912,8.13857410455298,2.8441717699027635,65.27165055624177
sz000333,2024-05-13,71.88,72.99,70.7,72.71,0.011547022815804109,27167410.0,1965130433.0,497533308786.69,507175381159.59,0.003970271630490771,373.046441985859,2024-08-20,2024-06-30,13.94956533964316,1.2871294598281267,8.232550405426366,2.877013486221897,66.02534379443988
sz000333,2024-05-14,72.68,72.89,70.2,70.84,-0.02571860816944016,39923610.0,2827063811.0,484737444566.76,494131536258.36,0.005834475062944081,363.45220671542097,2024-08-20,2024-06-30,13.59080193453887,1.2540262815874637,8.020820667314036,2.80302070367156,64.3272638481381
sz000333,2024-05-15,68.5,70.1,68.11,69.76,0.027998821102269478,30189455.0,2090761786.0,477347319776.64,486598192679.04,0.004411916216027872,373.62844003047104,2024-08-20,2024-06-30,13.383601679184522,1.2349078684859043,7.898538251719751,2.7602869041237725,66.1283514006206
sz000333,2024-05-16,69.76,69.8,68.8,69.34,-0.006020642201834847,24600403.0,1703048548.0,474473382358.26,483668559064.86,0.0035951267393373185,371.37895687661785,2024-08-20,2024-06-30,13.303023802102276,1.2274729300575202,7.85098397898864,2.7436682042996328,65.73021625744025
sz000333,2024-05-17,68.78,69.5,66.52,68.03,-0.01889241419094323,41848256.0,2828611123.0,465509434696.1701,474530892315.87,0.00611574469492363,364.36271180150436,2024-08-20,2024-06-30,13.051697566440986,1.204283003054703,7.702659937851129,2.6918336881814833,64.48841378704442
sz000333,2024-05-20,67.01,67.88,66.21,66.57,-0.021461120094076303,42643037.0,2846862349.0,455519080813.23,464346927847.53,0.00623189476063667,356.54307988572896,2024-08-20,2024-06-30,12.771593517536035,1.1784377408988913,7.537352227881077,2.6340639221261406,63.104420194084184
sz000333,2024-05-21,66.27,67.3,66.2,66.55,-0.00030043563166581855,24358794.0,1626841822.0,455382226650.45,464207421484.95,0.0035598177658882025,356.4359616403074,2024-08-20,2024-06-30,12.767756475770215,1.1780836962118255,7.535087738703406,2.633272555467848,63.08546137774226
sz000333,2024-05-22,66.34,66.54,65.31,65.41,-0.017129977460556,26105215.0,1715205332.0,447581539371.99,456255558817.89,0.003815041423616095,350.3302216512774,2024-08-20,2024-06-30,12.549045095118403,1.1579031490490683,7.4060118555761045,2.5881646559451834,62.004808846252764
sz000333,2024-05-23,65.4,66.19,65.0,65.74,0.005045100137593517,24096149.0,1582459055.0,449839633057.86,458557413800.46,0.0035214345710091084,352.09767270073337,2024-08-20,2024-06-30,12.612356284254453,1.1637448863856559,7.443375927007692,2.6012222058070074,62.31762931589446
sz000333,2024-05-24,65.4,66.98,65.1,66.62,0.013386066321874113,25926968.0,1724580967.0,455861216220.18,464695693753.98,0.003788992234263114,356.81087549928293,2024-08-20,2024-06-30,12.781186121950586,1.179322852616556,7.5430134508252555,2.636042338771871,63.15181723493898
sz000333,2024-05-27,66.5,68.28,65.54,67.59,0.014560192134494221,30546219.0,2062139516.0,462498643115.01,471461752339.11,0.004464054052795543,362.0061104022295,2024-08-20,2024-06-30,12.967282647592917,1.1964940199392526,7.652841175942345,2.674423621699051,64.07131982752215
sz000333,2024-05-28,67.6,67.78,66.5,67.03,-0.008285249297233399,19173667.0,1284865352.0,458666726557.17,467555574186.87,0.0028020582802179925,359.00679953042527,2024-08-20,2024-06-30,12.859845478149923,1.1865807687014074,7.589435478967531,2.6522653552668647,63.540472969948354
sz000333,2024-05-29,66.6,67.2,65.5,65.85,-0.017604057884529456,24132098.0,1590410761.0,450592330953.15,459324698794.65,0.0035266881927141034,352.686823050552,2024-08-20,2024-06-30,12.63346001396647,1.1656921321645184,7.455830617484887,2.6055747224276153,62.421902805775005
sz000333,2024-05-30,65.71,66.19,65.14,65.18,-0.010174639331814506,19358623.0,1269509292.0,446007716500.02,454651235648.22,0.002829087929333939,349.09836182892917,2024-08-20,2024-06-30,12.504919114811457,1.1538316351478104,7.3799702300328756,2.5790639393748207,61.786782458320666
sz000333,2024-05-31,65.19,65.57,64.55,64.76,-0.006443694384780652,26129419.0,1696172930.0,443133779081.64,451721602034.04,0.003818578619636783,346.8488786750759,2024-08-20,2024-06-30,12.42434123772921,1.1463966967194261,7.332415957301764,2.562445239550681,61.38864731514032
sz000333,2024-06-03,64.88,66.3,64.27,65.02,0.00401482396541053,35755629.0,2337233616.0,444912883197.78,453535184747.58,0.005225362279623015,348.2414158655564,2024-08-20,2024-06-30,12.474222780684888,1.1509992776512832,7.361854316611502,2.572733006108482,61.63511192758528
sz000333,2024-06-04,64.99,64.99,63.4,64.68,-0.005229160258381826,30621198.0,1969401516.0,442586362430.52,451163576583.72,0.004475011556531916,346.4204056933896,2024-08-20,2024-06-30,12.408993070665925,1.1449805179711625,7.323358000591077,2.559279772917512,61.31281204977263
sz000333,2024-06-05,64.55,65.2,63.8,63.92,-0.011750154607297558,28331925.0,1825603150.0,437385904244.88,445862334805.68,0.00414045498134317,342.3499123673695,2024-08-20,2024-06-30,12.263185483564719,1.1315268198626578,7.237307411839543,2.529207839902402,60.59237702877962
sz000333,2024-06-06,63.8,66.03,63.8,65.76,0.028785982478097605,43603719.0,2848032777.0,449976487220.64,458696920163.04,0.00637228975929584,352.20479094615484,2024-08-20,2024-06-30,12.616193326020273,1.1640989310727217,7.445640416185362,2.6020135724652995,62.33658813223635
sz000333,2024-06-07,65.2,65.45,63.71,65.16,-0.009124087591241059,40064590.0,2591739293.0,445870862337.24,454511729285.64,0.005855078016794543,348.9912435835074,2024-08-20,2024-06-30,12.501082073045637,1.1534775904607446,7.377705740855205,2.5782725727165285,61.767823641978715
sz000333,2024-06-11,64.5,66.5,64.18,65.0,-0.0024554941682013443,33689664.0,2188026772.0,444776029035.0,453395678385.0,0.004923440152004414,348.13429762013476,2024-08-20,2024-06-30,12.470385738919067,1.1506452329642172,7.359589827433829,2.5719416394501895,61.61615311124334
sz000333,2024-06-12,64.84,65.74,64.53,65.16,0.002461538461538515,25707199.0,1675974671.0,445870862337.24,454511729285.64,0.0037568749795832846,348.9912435835074,2024-08-20,2024-06-30,12.501082073045637,1.1534775904607446,7.377705740855205,2.5782725727165285,61.76782364197872
sz000333,2024-06-13,65.31,65.45,63.66,63.92,-0.019030079803560418,27485047.0,1763239544.0,437385904244.88,445862334805.68,0.0040166914095530444,342.3499123673695,2024-08-20,2024-06-30,12.263185483564719,1.1315268198626578,7.237307411839543,2.529207839902402,60.592377028779616
sz000333,2024-06-14,63.51,65.76,63.5,65.61,0.026439299123904858,37924447.0,2468107111.0,448950080999.79,457650622443.69,0.00554231544435597,351.401404105493,2024-08-20,2024-06-30,12.587415512776614,1.1614435959197273,7.428656747352823,2.5960783225281068,62.19439700967194
sz000333,2024-06-17,65.76,65.76,64.18,64.53,-0.016460905349794164,25335808.0,1639603939.0,441869548499.64,450426871154.34,0.0037000053427337096,345.6170188527277,2024-08-20,2024-06-30,12.388730414186604,1.143110878204338,7.311399682410382,2.55510072256445,61.17062092720821
sz000333,2024-06-18,64.3,65.19,63.67,64.84,0.004803967147063437,21867469.0,1409611739.0,443992275293.92,452590707045.52,0.0031934940512678253,347.2773516567622,2024-08-20,2024-06-30,12.448245468090182,1.1486023453086824,7.3465234062837315,2.567375342493088,61.46448258050799
sz000333,2024-06-19,64.77,65.08,62.8,64.0,-0.012954966070326979,34699957.0,2206055298.0,438240370432.0,446727409792.0,0.005067532335760912,342.77838534905584,2024-08-20,2024-06-30,12.286978870415972,1.1337222408969105,7.2513494448204625,2.5341150820412954,60.66821229414731
sz000333,2024-06-20,63.9,64.75,63.54,64.47,0.007343749999999982,28085788.0,1806800938.0,441458698152.3601,450008064207.66,0.004101608508198605,345.29566411646294,2024-08-20,2024-06-30,12.377211371495589,1.1420480136034972,7.304601542305862,2.552724989675036,61.11374447818245
sz000333,2024-06-21,64.49,64.75,63.5,63.95,-0.008065767023421655,24153669.0,1544527731.0,437897995142.6,446378404003.1,0.0035273674455782735,342.5105897355019,2024-08-20,2024-06-30,12.27737966817346,1.1328365203962096,7.245684328066695,2.5321353046334507,60.62081525329251
sz000333,2024-06-24,63.71,65.55,63.61,64.88,0.014542611415167883,30799053.0,1993977958.0,444284206715.52,452869911676.64,0.00449766732293389,347.49158814760534,2024-08-20,2024-06-30,12.455924829884193,1.1493109217092432,7.351055499686745,2.5689591644193635,61.50240021319183
sz000333,2024-06-25,64.85,65.79,64.52,65.29,0.0063193588162764325,25309206.0,1652171356.0,447091798034.16,455731759145.62,0.0036959704181684537,349.6875121787478,2024-08-20,2024-06-30,12.534638288272795,1.1565738298149888,7.397509457067624,2.5851933391636903,61.89105594820122
sz000333,2024-06-26,65.01,65.39,63.91,64.25,-0.015928932455199996,23831407.0,1531598024.0,439970102982.0,448472438736.5,0.0034801635142300636,344.1173634168256,2024-08-20,2024-06-30,12.334974881628535,1.1381508434004142,7.279675028589292,2.5440139690805195,60.90519749842132
sz000333,2024-06-27,64.05,64.48,63.47,64.1,-0.0023346303501946553,27409461.0,1750926675.0,438942935426.4,447425421369.8,0.00400267622121144,343.3139765761637,2024-08-20,2024-06-30,12.306177274900994,1.135493681898312,7.262679678327994,2.538074636856985,60.76300637585691
sz000333,2024-06-28,63.5,64.79,63.48,64.5,0.006240249609984483,25195612.0,1624767679.0,441682048908.0,450217467681.0,0.003679381985339647,345.4563414845953,2024-08-20,2024-06-30,12.382970892841096,1.1425794459039176,7.308000612358122,2.553912856119743,61.14218270269533
sz000333,2024-07-01,64.29,65.38,63.6,64.09,-0.006356589147286762,19528313.0,1255074545.0,438874457589.3601,447355620212.02,0.0028517712947903,343.26041745345293,2024-08-20,2024-06-30,12.304257434452495,1.135316537798172,7.261546654977241,2.537678681375416,60.75352696768595
sz000333,2024-07-02,63.7,64.2,62.8,63.0,-0.017007333437353722,29181345.0,1843585722.0,431410373352.0,439747294014.0,0.004261429136985487,337.4224730779768,2024-08-20,2024-06-30,12.094994825565722,1.1160078308828962,7.138047109745143,2.4945195338844,59.720271477051256
sz000333,2024-07-03,63.05,63.68,62.74,63.03,0.0004761904761905189,18120842.0,1145370115.0,431615806863.12,439956697487.34,0.002646234575051642,337.5831504461092,2024-08-20,2024-06-30,12.100754346911229,1.1165392631833169,7.141446179797402,2.495707400329107,59.74870970156413
sz000333,2024-07-04,63.2,65.2,63.2,64.6,0.02490877359987298,27753098.0,1794060146.0,442366827278.4,450915479258.8,0.004052858442913225,345.99193271170316,2024-08-20,2024-06-30,12.40216929732612,1.144350886905319,7.319330845865654,2.5578724109354325,61.23697678440493
sz000333,2024-07-05,64.5,65.15,63.0,64.0,-0.009287925696594312,26479582.0,1686503681.0,438258157056.0,446727409792.0,0.0038668835267872824,342.7783853490558,2024-08-20,2024-06-30,12.286978870415972,1.1337222408969105,7.2513494448204625,2.5341150820412954,60.6682122941473
sz000333,2024-07-08,63.6,64.72,63.17,64.23,0.003593750000000062,19443576.0,1247645531.0,439833147307.92,448332836420.94,0.0028393969261386594,344.010245171404,2024-08-20,2024-06-30,12.331135200731529,1.137796555200134,7.2774089818877865,2.5432220581173817,60.886238682079394
sz000333,2024-07-09,63.81,64.67,63.62,64.1,-0.0020239763350460294,21664464.0,1392889372.0,438943371883.3001,447428742326.7,0.003163715940035211,343.31397657616367,2024-08-20,2024-06-30,12.306268615898585,1.1355021099522349,7.262733584621732,2.5380934753853195,60.763006375856904
sz000333,2024-07-10,64.54,65.06,63.81,63.81,-0.004524180967238611,15846909.0,1016718370.0,436957512634.53,445404493726.47,0.002314163812388225,341.7607620175508,2024-08-20,2024-06-30,12.250592829648808,1.1303648929181294,7.229875663568061,2.5266106811909084,60.488103538899054
sz000333,2024-07-11,63.85,64.45,62.52,63.9,0.0014104372355430161,27182655.0,1727208383.0,437868708894.0,446032708809.3,0.003966877786008885,342.2427941219479,2024-08-20,2024-06-30,12.267871521933222,1.131959201652852,7.240072949412305,2.530174306975381,60.573418212437694
sz000333,2024-07-12,63.79,65.2,63.64,65.0,0.017214397496087663,24574092.0,1588658353.0,445406354900.0,453710893155.0,0.00358619934903852,348.1342976201348,2024-08-20,2024-06-30,12.479055538742713,1.1514451972994582,7.36470644306416,2.573729733230043,61.61615311124335
sz000333,2024-07-15,64.78,65.16,64.36,64.94,-0.0009230769230769154,17045913.0,1104204269.0,444995210572.4,453292083099.78,0.0024875809085587878,347.81294288387005,2024-08-20,2024-06-30,12.467536410553107,1.1503823248096434,7.357908252501331,2.5713539827070617,61.55927666221759
sz000333,2024-07-16,64.63,64.96,63.75,64.27,-0.01031721589159229,20406778.0,1313240364.0,440404098914.2,448615370816.49,0.0029780459021466013,344.2244816622471,2024-08-20,2024-06-30,12.33890614576914,1.1385135820067103,7.281995124549747,2.544824768533767,60.92415631476323
sz000333,2024-07-17,64.04,64.38,61.66,62.83,-0.022405476894351906,46462849.0,2909157024.0,430536635051.8,438563929491.21,0.006780516604164868,336.51196799189336,2024-08-20,2024-06-30,12.062447069218535,1.1130046422511533,7.118838551041864,2.4878067559822097,59.55912153814492
sz000333,2024-07-18,62.01,64.46,62.01,63.9,0.017030081171415024,34532462.0,2193053871.0,437868708894.0,446032708809.3,0.005039465659406558,342.24279412194795,2024-08-20,2024-06-30,12.267871521933222,1.131959201652852,7.240072949412305,2.530174306975381,60.5734182124377
sz000333,2024-07-19,63.36,63.78,62.89,63.6,-0.0046948356807511304,21796963.0,1381064608.0,435934443349.2,444065202626.4,0.0031800351359012294,340.6360204406243,2024-08-20,2024-06-30,12.213756403033397,1.1269659877381417,7.208136080184389,2.5190133909831927,60.28903596730889
sz000333,2024-07-22,63.45,64.64,63.32,63.63,0.0004716981132075748,19930345.0,1273643439.0,436320642781.17,444274667344.62,0.002906504364007436,340.7966978087566,2024-08-20,2024-06-30,12.219517608883885,1.1274975754682068,7.211536144373155,2.520201604846864,60.31747419182177
sz000333,2024-07-23,63.63,63.79,62.38,62.38,-0.01964482162501968,18537845.0,1165932040.0,427937648006.76,435741405656.46,0.0027022412645538794,334.1018074699079,2024-08-20,2024-06-30,11.984815184631543,1.1058415311977983,7.073022901064988,2.471795649293253,59.132548170451706
sz000333,2024-07-24,62.01,62.72,59.64,60.08,-0.03687079192048737,45547336.0,2757887294.0,412159248032.16,419675274957.3601,0.006639385043390989,321.78320924642617,2024-08-20,2024-06-30,11.542925557753497,1.0650682782039713,6.81223494543098,2.380658586238196,56.95228429113079
sz000333,2024-07-25,59.52,60.09,58.9,59.4,-0.011318242343541951,30109151.0,1787253322.0,407608599103.2,414925288489.8001,0.004387747396239755,318.14118890209244,2024-08-20,2024-06-30,11.412279928937378,1.0530135773188398,6.735132419417447,2.353713715421918,56.30768453550547
sz000333,2024-07-26,62.83,62.99,61.4,62.84,0.057912457912457915,57740171.0,3598947643.0,431214214943.52,438954631796.28,0.008414361632571048,336.5655271146042,2024-08-20,2024-06-30,12.073193110007152,1.1139961817965636,7.125180492191789,2.4900230619042643,59.56860094631589
sz000333,2024-07-29,62.3,63.21,62.16,62.88,0.0006365372374284028,20712828.0,1297587355.0,431488698848.64,439234042764.96,0.0030184397137522044,336.7797636054474,2024-08-20,2024-06-30,12.080878146996335,1.1147052818486303,7.129715934898468,2.491608054305222,59.60651857899974
sz000333,2024-07-30,62.51,62.77,60.6,61.06,-0.028944020356234113,22575846.0,1381015834.0,419430445238.7,426520843690.02,0.003286554832650499,327.0320032720836,2024-08-20,2024-06-30,11.73120896398849,1.0824412294796018,6.9233532917446,2.4194909000616547,57.88126629188493
sz000333,2024-07-31,60.73,63.86,60.73,63.76,0.04421880117916799,40174739.0,2530147580.0,437977156705.2,445381084075.92,0.005848572966475873,341.4929664039969,2024-08-20,2024-06-30,12.249948960758369,1.1303054829940944,7.229495674445392,2.5264778871262874,60.440706498044264
sz000333,2024-08-01,63.8,64.67,63.41,63.58,-0.0028230865746549094,24406833.0,1561027259.0,436740709274.1,444123734716.86,0.003553106933217195,340.5289021952027,2024-08-20,2024-06-30,12.215366294307044,1.127114532759795,7.20908618226534,2.5193454213219786,60.270077150966976
sz000333,2024-08-02,63.3,64.28,62.57,62.99,-0.009279647687952086,20261524.0,1280021474.0,432687909361.05,440002422928.83,0.0029496396112493003,337.3689139552661,2024-08-20,2024-06-30,12.10201199871659,1.1166553069918133,7.142188402341834,2.495966783407855,59.71079206888031
sz000333,2024-08-05,62.54,64.3,61.56,61.65,-0.021273217971106595,35476754.0,2214817315.0,423483245151.75,430642155478.05,0.005164647974009609,330.19199151202025,2024-08-20,2024-06-30,11.844563259578944,1.0929004552475834,6.990251071668106,2.442869537975778,58.440551373971594
sz000333,2024-08-06,61.61,62.26,59.52,59.92,-0.028061638280616363,38493182.0,2316733895.0,411599611508.4,418557631082.64,0.005603774641543675,320.9262632830536,2024-08-20,2024-06-30,11.512185409796762,1.062231877995705,6.7940931746042645,2.3743186166343655,56.80061376039543
sz000333,2024-08-07,59.92,61.38,59.24,60.7,0.013017356475300446,25298592.0,1535238304.0,416957550376.5,424006144971.9,0.0036829277537086874,325.1038748544952,2024-08-20,2024-06-30,11.662043631085838,1.0760593290110028,6.8825343073844945,2.405225968453037,57.540007597730344
sz000333,2024-08-08,60.42,61.48,60.21,60.96,0.004283360790774182,14231910.0,867672450.0,418743529999.2,425822316268.32,0.0020718582412524856,326.49641204497567,2024-08-20,2024-06-30,11.71199637151553,1.0806684793494354,6.912014684977904,2.4155284190592607,57.78647221017531
sz000333,2024-08-09,60.85,61.7,60.33,60.5,-0.007545931758530244,13802375.0,839905714.0,415583719897.5,422609090128.5,0.002009327236653919,324.03269240027936,2024-08-20,2024-06-30,11.623618446139922,1.07251382875067,6.859857093851102,2.3973010064482496,57.35041943431113
sz000333,2024-08-12,60.5,62.14,60.31,61.38,0.014545454545454639,16949235.0,1042597208.0,421628574005.1,428756131439.46,0.0024674419819739643,328.7458951988289,2024-08-20,2024-06-30,11.792689259901957,1.0881140298961343,6.959636833398027,2.432170839269315,58.18460735335566
sz000333,2024-08-13,61.38,62.11,60.92,61.36,-0.0003258390355165286,9835074.0,602892300.0,421491190957.2,428616425955.12006,0.0014317740289411646,328.6387769534073,2024-08-20,2024-06-30,11.788846741407367,1.0877594798701011,6.957369112044689,2.4313783430688365,58.16564853701373
sz000333,2024-08-14,61.36,61.49,60.6,60.9,-0.007496740547587977,11227780.0,685993302.0,418331380855.5,425403199815.3001,0.0016345218964966637,326.17505730871096,2024-08-20,2024-06-30,11.700468816031757,1.0796048292713358,6.905211520917887,2.4131509304578254,57.72959576114955
sz000333,2024-08-15,60.7,61.35,60.29,61.0,0.0016420361247948545,19163262.0,1166672167.0,419018296095.0,426101727237.0,0.0027897564208866268,326.7106485358189,2024-08-20,2024-06-30,11.719681408504714,1.081377579401502,6.916550127684582,2.4171134114602184,57.82438984285916
sz000333,2024-08-16,60.81,61.9,60.67,61.74,0.012131147540983545,18066988.0,1112521867.0,424101468867.3,431270830157.58,0.002630162640320924,330.67402361641734,2024-08-20,2024-06-30,11.861854592804608,1.0944959303647332,7.000455817758133,2.4464357708779327,58.525866047510235
sz000333,2024-08-19,61.69,63.15,61.67,62.36,0.010042112082928378,17275349.0,1075574308.0,428360343352.2,435601700172.12006,0.0025149171261034456,333.9946892244863,2024-08-20,2024-06-30,11.980972666136951,1.1054869811717651,7.070755179711649,2.4710031530927745,59.11358935410979
sz000333,2024-08-20,63.48,63.49,61.76,63.02,0.010583707504810747,25780974.0,1623775567.0,432893983932.9,440211981155.34,0.0037531521383578213,337.52959132339845,2024-08-20,2024-06-30,12.107775776458476,1.1171871320308633,7.145589984371842,2.4971555277085735,59.739230293393184
sz000333,2024-08-21,62.71,63.7,62.33,63.16,0.0022215169787367373,21187130.0,1337959065.0,433855665268.2,441189919545.72,0.003084387822786103,338.27941904134946,2024-10-31,2024-09-30,11.730890092202594,1.0983618630152479,6.0124627019245604,2.0027169461865193,59.87194200778662
sz000333,2024-08-22,63.13,64.49,62.72,64.09,0.014724509183027257,24978743.0,1597113183.0,440243976995.5501,447686224567.53,0.0036363646580590964,343.26041745345293,2024-10-31,2024-09-30,11.903621691090317,1.114534702353503,6.100993264191659,2.0322059702516473,60.75352696768595
sz000333,2024-08-23,64.0,65.96,63.88,65.46,0.021376189733187445,29047135.0,1895805009.0,449654715776.7,457256050244.82,0.00422863452864187,350.59801726483107,2024-10-31,2024-09-30,12.158075766871152,1.1383592076152333,6.23140925376792,2.0756467906486633,62.05220588710753
sz000333,2024-08-26,65.94,66.65,64.9,66.32,0.013137794072716202,33958151.0,2241141518.0,455562186836.4,463263386071.44,0.004943572226570174,355.20410181795904,2024-10-31,2024-09-30,12.317806062616786,1.1533147364656626,6.3132762253267405,2.1029162107518995,62.867434989810135
sz000333,2024-08-27,66.0,66.48,65.49,65.99,-0.004975874547647696,24113793.0,1590912374.0,453295366546.05,460958245579.83,0.003510446648054021,353.436650768503,2024-10-31,2024-09-30,12.25651420494695,1.147575987023056,6.281862154844867,2.0924523635029835,62.55461452016844
sz000333,2024-08-28,65.98,66.15,64.57,64.93,-0.016063039854523287,26542959.0,1726057217.0,446014065007.35,453553854909.81,0.003864080671629939,347.7593837611593,2024-10-31,2024-09-30,12.059637328795352,1.1291424282074105,6.180956352690971,2.058841217794343,61.549797254046645
sz000333,2024-08-29,64.42,65.31,63.95,63.95,-0.015093177267826996,23285563.0,1500197087.68,439463773737.65,446708286177.15,0.00338847441550203,342.51058973550187,2024-10-31,2024-09-30,11.877619084806144,1.1121000813778517,6.087666082775106,2.0277667623278646,60.620815253292506
sz000333,2024-08-30,63.48,65.81,63.38,64.75,0.012509773260359625,33386334.0,2160911498.0,444777617576.25,452296505550.75,0.004860328040516562,346.7953195523651,2024-10-31,2024-09-30,12.026205406429987,1.1260122012387161,6.163821405155404,2.05313366474948,61.37916790696934
sz000333,2024-09-02,64.5,66.52,64.44,65.23,0.007413127413127496,26075882.0,1706301995.0,448074810725.8501,455649437174.91,0.003796084363913722,349.36615744248303,2024-10-31,2024-09-30,12.115357199404293,1.1343594731552347,6.209514598583582,2.068353806202449,61.83417949917545
sz000333,2024-09-03,65.01,66.48,65.0,65.97,0.011344473401808886,24237888.0,1599193264.0,453157983498.15,460818540095.49,0.0035285121957175617,353.3295325230814,2024-10-31,2024-09-30,12.252799546906353,1.1472281840265344,6.279958271785359,2.091818190942443,62.53565570382652
sz000333,2024-09-04,65.86,66.7,65.36,65.48,-0.0074276186145216805,27499633.0,1814975104.0,449792098824.6,457395755729.16,0.004003351711925443,350.7051355102527,2024-10-31,2024-09-30,12.161790424911747,1.1387070106117547,6.233313136827426,2.0762809632092036,62.07116470344946
sz000333,2024-09-05,64.95,65.4,63.48,63.59,-0.028863775198533892,43212322.0,2763225151.0,436809400798.05,444193587459.03,0.00629077934439974,340.58246131791344,2024-10-31,2024-09-30,11.810755240075412,1.1058396274404627,6.053396187703972,2.016351656238138,60.27955655913792
sz000333,2024-09-06,63.6,64.55,62.9,63.02,-0.008963673533574412,23320164.0,1480652837.0,432893983932.9,440211981155.34,0.0033949114328828338,337.52959132339845,2024-10-31,2024-09-30,11.704887485918423,1.0959272420395967,5.999135520508009,1.998277738262737,59.73923029339318
sz000333,2024-09-09,61.35,62.2,60.68,61.09,-0.03062519834973021,54840638.0,3359451100.0,419636519810.55,426730401916.53,0.007983610618381107,327.19268064021594,2024-10-31,2024-09-30,11.346422985000896,1.0623642528752613,5.8154108052655396,1.9370800861705904,57.909704516397795
sz000333,2024-09-10,60.48,61.64,60.48,60.75,-0.005565559011294852,40111034.0,2451075854.0,417778298511.75,424832699198.25,0.005832627793689639,325.3716704680491,2024-10-31,2024-09-30,11.295964574621213,1.057639837831406,5.789549228861554,1.928465742949338,57.587404638585134
sz000333,2024-09-11,60.52,62.08,59.7,61.66,0.014979423868312747,41921762.0,2572399328.0,424036376728.14,431196448272.66,0.006095929469223908,330.245550634731,2024-10-31,2024-09-30,11.46517161598591,1.0734826732622962,5.876273340767134,1.9573530487284967,58.45003078214254
sz000333,2024-09-12,61.8,62.85,61.66,62.37,0.01151475835225435,27616861.0,1719561913.0,428919053138.73,436161571176.87,0.004015824449777671,334.0482483471971,2024-10-31,2024-09-30,11.597190296611112,1.0858435668402435,5.943937208297862,1.9798914960946536,59.123068762280745
sz000333,2024-09-13,62.05,63.78,61.59,63.51,0.018278018278018227,32148994.0,2037679478.0,436758843431.7901,444133740347.01,0.004674851212849846,340.15398833622714,2024-10-31,2024-09-30,11.809163952826225,1.105690635402018,6.052580601234523,2.0160799890487646,60.20372129377024
sz000333,2024-09-18,63.62,65.71,63.4,65.25,0.027397260273972712,29502596.0,1915513518.0,448826563827.00006,493332096037.5,0.004289060728905536,349.4732756879046,2024-10-31,2024-09-30,13.117309215792552,1.2281721228964155,6.723047593974677,2.239408710537483,61.853138315517384
sz000333,2024-09-19,62.3,65.73,62.3,65.28,0.00045977011494247044,47611503.0,3085181571.0,449032920867.84,493558915392.0,0.006921717253677207,349.633953056037,2024-10-31,2024-09-30,13.123340162558435,1.2287367997345289,6.726138650339723,2.2404383237377306,61.88157654003027
sz000333,2024-09-20,64.91,66.3,64.76,66.06,0.011948529411764719,39801250.0,2608979309.0,454398203929.68,499456218609.0,0.00578626973491931,353.8115646274786,2024-10-31,2024-09-30,13.280144778471357,1.2434183975254747,6.806506115830914,2.2672082669441553,62.62097037736518
sz000333,2024-09-23,66.46,67.89,66.2,67.6,0.02331214047835295,39162141.0,2643088028.0,464991198692.8001,511099612140.0,0.005693356646410416,362.05966952494026,2024-10-31,2024-09-30,13.589733379119949,1.272405141881957,6.965180342569934,2.320061744556841,64.08079923569309
sz000333,2024-09-24,67.6,68.25,66.2,68.04,0.0065088757396452035,50090152.0,3378454557.0,468017768625.12,514426296006.0,0.0072820610039912815,364.4162709242151,2024-10-31,2024-09-30,13.678187265019545,1.280687068840952,7.010515835923938,2.335162738160465,64.49789319521537
sz000333,2024-09-25,68.21,71.5,68.21,70.11,0.03042328042328024,62766129.0,4428074584.0,482256404443.08,530076831466.5,0.009124883078062654,375.5030093253485,2024-10-31,2024-09-30,14.094322591865376,1.3196497706707693,7.223798725112101,2.4062060489775163,66.46013068660417
sz000333,2024-09-26,70.0,73.68,69.79,73.56,0.04920838682071027,50134212.0,3592524658.0,505987464139.68,562405801026.0,0.0072884664069502465,393.980906660571,2024-10-31,2024-09-30,14.953924255219695,1.4001341735585284,7.6643725348407825,2.5529586657558543,69.73052650558556
sz000333,2024-09-27,74.75,76.4,71.15,73.0,-0.0076128330614464446,85744787.0,6253333702.0,502135466044.0,558124299550.0,0.012465499599766406,390.9815957887668,2024-10-31,2024-09-30,14.840082526251193,1.389475185831601,7.606024946212305,2.533523417620682,69.19967964801178
sz000333,2024-09-30,73.16,76.9,72.03,76.06,0.04191780821917801,125166492.0,9344041944.0,523183884209.68005,581519646901.0,0.018196591425787376,407.37068733826857,2024-10-31,2024-09-30,15.462146259543367,1.4477189401965969,7.924852841217916,2.6397231663593024,72.1003785483257
sz000333,2024-10-08,83.67,83.67,78.73,80.19,0.054299237444122905,135239267.0,11050056032.0,551592370165.32,613095720286.5,0.019660962347031106,429.49060501782475,2024-10-31,2024-09-30,16.30172901068607,1.526328974682686,8.35516630735294,2.7830581213561985,76.01537412293237
sz000333,2024-10-09,78.4,79.32,74.02,75.01,-0.06459658311510152,89550113.0,6896386875.0,515961387780.28,573491831633.5,0.013018714452699457,401.7469794536356,2024-10-31,2024-09-30,15.248693017727422,1.427733338208608,7.8154511125395185,2.603282076105854,71.10504069037484
sz000333,2024-10-10,75.95,79.38,75.87,78.3,0.04386081855752555,67303399.0,5259062088.0,538591876592.4,598645652805.0,0.009784507287859012,419.3679308254855,2024-10-31,2024-09-30,15.917513175417374,1.490354891104306,8.158243195731828,2.7174641588999915,74.22376597862083
sz000333,2024-10-11,78.0,78.23,75.9,76.77,-0.019540229885057436,38060178.0,2930030642.0,528067667509.56,586947979129.5,0.0055331542619149335,411.1733850507346,2024-10-31,2024-09-30,15.606481308771288,1.4612330139218082,7.998829248229022,2.6643642845306816,72.77341652846388
sz000333,2024-10-14,77.03,79.29,76.6,79.0,0.029047805132213167,46282832.0,3620244782.0,543406874212.0,603997529650.0,0.0067285562651412945,423.1170694152408,2024-10-31,2024-09-30,16.059815336628002,1.5036786257629653,8.231177681517424,2.741758219068957,74.88732455058809
sz000333,2024-10-15,79.0,79.0,76.0,76.0,-0.03797468354430378,37583316.0,2905639306.0,522771170128.0,581060914600.0,0.0054638284955550055,407.0493326020038,2024-10-31,2024-09-30,15.449948931439598,1.4465769057972833,7.9186013138648645,2.6376408183448197,72.04350209929993
sz000333,2024-10-16,74.7,75.5,73.73,75.24,-0.01000000000000012,34282949.0,2559503194.0,517543458426.72,575250305454.0,0.004984024125435312,402.9788392759837,2024-10-31,2024-09-30,15.295449442125202,1.4321111367393105,7.839415300726217,2.6112644101613713,71.32306707830692
sz000333,2024-10-17,75.24,75.53,72.9,73.08,-0.028708133971291794,39437630.0,2920853670.0,502685751486.24005,558735942618.0,0.005733406988120871,391.41006877045305,2024-10-31,2024-09-30,14.85634563038955,1.390997898364019,7.614360316016373,2.536299881639992,69.27551491337945
sz000333,2024-10-18,73.08,76.2,72.65,75.01,0.026409414340448967,42785106.0,3180240270.0,515961387780.28,573491831633.5,0.006220060022062488,401.7469794536356,2024-10-31,2024-09-30,15.248693017727422,1.427733338208608,7.8154511125395185,2.603282076105854,71.10504069037484
sz000333,2024-10-21,75.35,75.98,73.28,74.08,-0.012398346887081857,34322896.0,2547898013.0,509564319514.24005,566381480968.0,0.004989831584173437,396.7659810415321,2024-10-31,2024-09-30,15.059634432119019,1.4100318050192464,7.718552438567226,2.5710056818813714,70.22345573047551
sz000333,2024-10-22,74.35,76.96,74.14,76.5,0.0326673866090712,40405973.0,3073890031.0,526210454142.0,584883683775.0,0.00587418381784157,409.7272887375433,2024-10-31,2024-09-30,15.551593332304332,1.4560938591248969,7.970697375140292,2.654993718465509,72.51747250784796
sz000333,2024-10-23,76.6,77.78,76.0,76.38,-0.0015686274509804088,26831280.0,2053544728.0,525385025978.64,583966219173.0,0.003900707224349631,409.0845792650138,2024-10-31,2024-09-30,15.527198676096795,1.4538097903262694,7.958194320434188,2.6508290224365436,72.40371960979643
sz000333,2024-10-24,76.11,76.46,75.3,75.64,-0.00968840010473937,17108673.0,1296926992.0,520294885637.92,578308520794.0,0.002487243410308248,405.12120418441543,2024-10-31,2024-09-30,15.37676496281699,1.4397246994014012,7.881092149746558,2.625146730257923,71.70224340514535
sz000333,2024-10-25,75.42,75.86,74.77,75.27,-0.004891591750396662,21057289.0,1583775153.0,517749815467.56,575479671604.5,0.0030612896338720343,403.13951664411616,2024-10-31,2024-09-30,15.301548106177085,1.4326821539389671,7.842541064402742,2.6123055841686127,71.3515053028198
sz000333,2024-10-28,75.49,75.58,74.01,74.87,-0.005314202205393803,28059096.0,2091524794.0,514998388256.36,572421456264.5,0.004079206004183172,400.9971517356846,2024-10-31,2024-09-30,15.2202325854853,1.4250685912768764,7.800864215382401,2.5984232640720615,70.9723289759814
sz000333,2024-10-29,74.61,75.5,73.8,74.07,-0.010685187658608375,29727177.0,2214621306.0,509495533833.96,566305025584.5,0.004321710111609293,396.7124219188214,2024-10-31,2024-09-30,15.057601544101722,1.4098414659526943,7.717510517341719,2.5706586238789577,70.21397632230456
sz000333,2024-10-30,73.7,74.35,72.12,72.75,-0.017820980153908428,40413734.0,2939634796.0,500415824037.0,556212914962.5,0.005875312105003725,389.64261772099707,2024-10-31,2024-09-30,14.789260325818825,1.384716709167794,7.579976915574591,2.5248469675603373,68.96269444373776
sz000333,2024-10-31,72.97,73.69,71.1,71.42,-0.01828178694158078,50046867.0,3595551677.0,491991151190.62,546768171587.86,0.007265064081925192,382.519254400462,2024-10-31,2024-09-30,14.538132089273795,1.3612036018435107,7.451265526774631,2.4819739399348406,67.70193315700001
sz000333,2024-11-01,71.44,73.0,70.38,72.25,0.011621394567348009,41651482.0,3009423819.0,497708774482.25,553122380246.75,0.0060463462345635675,386.9646615854575,2025-04-30,2025-03-31,13.024821683530314,1.2832587655752712,9.08192766314413,2.2891634766944073,68.48872403518973
sz000333,2024-11-04,72.14,73.37,71.7,72.84,0.008166089965397916,23231578.0,1680407656.0,501773109111.24,557639227365.72,0.003372416956574794,390.12464982539416,2025-04-30,2025-03-31,13.131183549181287,1.2937379721038442,9.1560915015006,2.307856991590597,69.0480091172764
sz000333,2024-11-05,72.5,73.48,71.21,73.13,0.003981328940142692,41696728.0,3027068197.0,503770832911.93,559859372559.79,0.006052914379767358,391.677864384007,2025-04-30,2025-03-31,13.183463110263972,1.298888768533143,9.192544913574121,2.3170453294209277,69.32291195423424
sz000333,2024-11-06,73.14,73.14,70.97,71.17,-0.026801586216327,52593143.0,3768679119.0,490268975500.37,544854253317.1101,0.007634694778493434,381.18027633269224,2025-04-30,2025-03-31,12.830125387084465,1.264076489217883,8.946170128525505,2.254944839257315,67.46494795272599
sz000333,2024-11-07,70.35,72.1,69.89,72.1,0.013067303639173744,54774602.0,3895318881.0,496675469068.1,551974029284.2999,0.007951366737741002,386.16127474479566,2025-04-30,2025-03-31,12.997780531246168,1.2805945605256337,9.063072450002652,2.2844108881614775,68.34653291262532
sz000333,2024-11-08,72.66,73.76,71.1,72.58,0.006657420249653212,59337382.0,4283549293.0,499982046393.38,555648752364.14,0.008613723665932464,388.7321126349135,2025-04-30,2025-03-31,13.084312218555434,1.289120016684473,9.123409132055375,2.299619171466852,68.80154450483141
sz000333,2024-11-11,71.23,71.84,70.82,71.6,-0.013502342243042254,44207913.0,3153791634.0,493231117687.6,548146192742.8,0.006417451083864526,383.4833186092561,2025-04-30,2025-03-31,12.90764335696568,1.271713877026843,9.000221739531067,2.2685689263850457,67.87256250407728
sz000333,2024-11-12,71.91,74.89,71.79,72.39,0.011033519553072635,57547722.0,4231304809.0,498673192868.7901,554194174478.37,0.008353927291768657,387.7144893034085,2025-04-30,2025-03-31,13.05006009232885,1.2857453569549324,9.099525862076174,2.2935992259918083,68.62143574958317
sz000333,2024-11-13,72.48,74.3,72.46,73.4,0.013952203343003289,45841657.0,3373337471.0,505630782657.4,561926404292.2,0.006654613878759575,393.12396069719836,2025-04-30,2025-03-31,13.232137184375432,1.3036843376224898,9.226484297228776,2.3255999887802004,69.57885597485019
sz000333,2024-11-14,73.48,74.89,72.33,73.64,0.003269754768392197,40843466.0,3020822981.0,507284071320.04,563763765832.12,0.00592905042023775,394.4093796422572,2025-04-30,2025-03-31,13.275403028030066,1.3079470657019094,9.256652638255137,2.333204130432888,69.80636177095322
sz000333,2024-11-15,73.15,74.11,71.85,72.25,-0.018875611080934274,34282515.0,2496870647.0,497708774482.25,553122380246.75,0.004976628574263432,386.96466158545735,2025-04-30,2025-03-31,13.024821683530314,1.2832587655752712,9.08192766314413,2.2891634766944073,68.4887240351897
sz000333,2024-11-18,72.17,72.98,70.83,71.05,-0.01660899653979242,31938599.0,2292938837.0,489442331169.05,543935572547.15,0.004636373510092287,380.53756686016254,2025-04-30,2025-03-31,12.808492465257148,1.2619451251781733,8.931085958012325,2.251142768430971,67.35119505467443
sz000333,2024-11-19,71.05,71.75,70.7,71.31,0.0036593947923997394,22665163.0,1614053712.0,491233393886.91,545926047548.73,0.0032901932027489325,381.9301040506431,2025-04-30,2025-03-31,12.855363795882997,1.2665630805975443,8.963768327457547,2.259380588554715,67.5976596671194
sz000333,2024-11-20,71.38,71.65,70.74,71.43,0.0016827934371057562,22637119.0,1610809493.0,492093746106.66,546878436207.12,0.003285897093720688,382.5728135231726,2025-04-30,2025-03-31,12.87779046472148,1.268772647842985,8.97940596066783,2.2633221635302783,67.71141256517095
sz000333,2024-11-21,71.37,71.39,70.55,70.84,-0.008259834803303945,21652845.0,1534662636.0,488029133056.08,542361310666.56,0.003143024536659657,379.41282528323603,2025-04-30,2025-03-31,12.77142204285132,1.2582927953688516,8.905237550800912,2.244627496352862,67.15212748308427
sz000333,2024-11-22,70.83,72.82,70.22,70.39,-0.006352343308865138,38845820.0,2781161792.0,484929004458.18,538916045423.76,0.005638675444573886,377.0026647612504,2025-04-30,2025-03-31,12.690293585492721,1.250299687549597,8.848668424631228,2.23036885189551,66.72555411539103
sz000333,2024-11-25,70.11,72.38,70.11,70.39,0.0,38586774.0,2737579009.0,484929004458.18,538916045423.76,0.0056010735528075365,377.0026647612504,2025-04-30,2025-03-31,12.690293585492721,1.250299687549597,8.848668424631228,2.23036885189551,66.72555411539103
sz000333,2024-11-26,70.11,71.2,69.35,70.6,0.0029833783207842135,27418796.0,1932586725.0,486375731137.2,540523835870.4,0.003979982704058781,378.127406338177,2025-04-30,2025-03-31,12.728153532260068,1.2540298045319158,8.87506735017708,2.2370228859756076,66.92462168698121
sz000333,2024-11-27,70.32,71.5,69.74,71.32,0.010198300283286166,26482499.0,1875798199.0,491335936893.84,546036260258.88,0.003844074261329854,381.9836631733539,2025-04-30,2025-03-31,12.857959064033825,1.2668187770427228,8.965577952048575,2.25983671710737,67.60713907529036
sz000333,2024-11-28,72.0,72.0,69.76,70.19,-0.01584408300616935,32328951.0,2275593420.0,483551169525.78,537384816426.96,0.004692717573024133,375.93148230703457,2025-04-30,2025-03-31,12.654236493333345,1.246747195185484,8.823526590778036,2.2240316765811317,66.53596595197183
sz000333,2024-11-29,69.68,70.77,69.55,70.13,-0.0008548226243054735,27750141.0,1951115164.0,483137819046.06,536925447727.92,0.004028079176605437,375.61012757076986,2025-04-30,2025-03-31,12.64341936568553,1.24568144747625,8.815984040622077,2.222130523986818,66.47908950294607
sz000333,2024-12-02,70.15,70.53,69.23,70.08,-0.0007129616426635454,35790565.0,2500096040.0,482793360312.96,536542640478.72,0.005195189083739912,375.34233195721595,2025-04-30,2025-03-31,12.634405092645686,1.2447933243852218,8.809698582158779,2.2205462301582233,66.43169246209126
sz000333,2024-12-03,70.0,70.0,69.4,69.85,-0.0032819634703197265,31317422.0,2181594388.0,481208850140.7,534781727132.4,0.0045458888091114555,374.11047213486773,2025-04-30,2025-03-31,12.592939436662403,1.240707958166492,8.780785473227606,2.2132584785466882,66.21366607415916
sz000333,2024-12-04,69.88,71.99,69.6,71.49,0.02347888332140302,53195506.0,3779094534.0,492507096586.38,547337804906.16,0.007721607973364516,382.89416825943727,2025-04-30,2025-03-31,12.888607592369294,1.269838395552219,8.986948510823787,2.2652233161245916,67.7682890141967
sz000333,2024-12-05,71.6,72.88,71.42,71.72,0.0032172331794657616,36764463.0,2647263413.0,494114796775.16,549121908269.0,0.005336305052122968,384.1260280817855,2025-04-30,2025-03-31,12.93061932249602,1.2739775632315948,9.01624238549517,2.272607042407804,67.9863154021288
sz000333,2024-12-06,71.78,73.13,71.51,72.85,0.015755716675962095,45677846.0,3318584662.0,501899929518.55,557773717476.25,0.006630068835219894,390.1782089481048,2025-04-30,2025-03-31,13.134350496985986,1.2940499927694045,9.158299746002834,2.3084135950837776,69.05748852544734
sz000333,2024-12-09,72.01,73.88,71.31,73.13,0.003843514070006826,41321923.0,3017126124.0,503828988959.39,559917528607.25,0.005997813335892768,391.6778643840069,2025-04-30,2025-03-31,13.184832557921553,1.2990236921239058,9.193499799933935,2.317286015215877,69.32291195423423
sz000333,2024-12-10,76.51,76.66,73.79,73.84,0.009708737864077888,55513289.0,4164810151.0,508720532541.52,565353621118.0,0.00805766820395724,395.4805620964731,2025-04-30,2025-03-31,13.312840641008172,1.3116355726299633,9.282757079544945,2.3397839376937015,69.99594993437245
sz000333,2024-12-11,73.7,75.33,73.6,75.1,0.017063921993499376,33543390.0,2512587263.0,517401300025.3,575000771207.5,0.004868771278457979,402.2290115580326,2025-04-30,2025-03-31,13.540009915218223,1.33401721972522,9.441157322234904,2.3797098282881497,71.19035536391345
sz000333,2024-12-12,75.2,75.75,74.37,75.56,0.006125166444740371,28639814.0,2153602254.0,520570469106.68,578522746637.0,0.004157024791578272,404.6927312027289,2025-04-30,2025-03-31,13.622944729612371,1.3421882972361867,9.498985982264573,2.394285947076599,71.62640813977764
sz000333,2024-12-13,75.2,75.23,73.33,74.0,-0.020645844362096377,37063334.0,2744782532.0,509822852222.0,566578656050.0,0.005379685716413727,396.3375080598457,2025-04-30,2025-03-31,13.341687532971353,1.3144776865468213,9.302871396077002,2.344853892054901,70.1476204651078
sz000333,2024-12-16,74.1,74.45,72.65,73.22,-0.010540540540540544,28047059.0,2054964896.0,504481938816.52,560513538251.8,0.004070721867263708,392.15989648840406,2025-04-30,2025-03-31,13.198867280831275,1.3004064504935728,9.203285909973317,2.3197526727925477,69.40822662777288
sz000333,2024-12-17,73.2,74.68,72.81,73.67,0.0061458617863972,27887305.0,2058385955.0,507582415086.22,563958376987.3,0.004047535332761719,394.57005701038963,2025-04-30,2025-03-31,13.279985694876263,1.3083985688044457,9.25984803315671,2.334009552098156,69.8347999954661
sz000333,2024-12-18,73.66,74.58,73.58,74.1,0.005836839961992579,22578549.0,1675256403.0,510545092410.6,567250111779.0,0.0032770278390110395,396.87309928695356,2025-04-30,2025-03-31,13.357498846074806,1.3160354818570572,9.313896284198618,2.347632792323515,70.2424145468174
sz000333,2024-12-19,73.86,75.23,73.24,74.44,0.004588394062078338,25355278.0,1893593092.0,512887674481.04,569852878823.6,0.003680039486676675,398.6941094591204,2025-04-30,2025-03-31,13.418788314464354,1.3220739712474945,9.356632110603847,2.3584046566877523,70.56471442463007
sz000333,2024-12-20,74.43,74.79,73.66,74.0,-0.00591080064481464,20939651.0,1552494957.0,509856097684.0,566484592060.0,0.00303915983556673,396.3375080598457,2025-04-30,2025-03-31,13.339472531842588,1.314259455565752,9.301326923491196,2.344464596922269,70.1476204651078
sz000333,2024-12-23,74.0,75.25,73.95,74.61,0.008243243243243326,22602881.0,1689849270.0,514058965516.26,571154262345.9,0.0032805593609604266,399.6046145452039,2025-04-30,2025-03-31,13.44943304865913,1.3250932159427131,9.378000023806463,2.3637905888698714,70.7258643635364
sz000333,2024-12-24,74.4,76.38,74.4,76.25,0.02198096769869995,34414101.0,2606513926.0,525358479032.5,583708785737.5,0.004994827924130007,408.3883106697735,2025-04-30,2025-03-31,13.745064602067531,1.3542200471201162,9.58413753940816,2.4157489934503107,72.28048730357392
sz000333,2024-12-25,76.3,76.6,75.04,75.54,-0.009311475409836012,22733866.0,1719267176.0,520466616473.64,578273595732.6,0.003299570391806247,404.5856129573074,2025-04-30,2025-03-31,13.61707777101877,1.3416102604518503,9.494895078385472,2.393254806101462,71.60744932343573
sz000333,2024-12-26,75.26,76.24,74.65,75.98,0.005824728620598352,24214292.0,1829497500.0,523498193270.68,581641882496.2,0.003514437928936102,406.94221435658216,2025-04-30,2025-03-31,13.696393553640537,1.3494247761335925,9.550200265498123,2.4071948658669453,72.02454328295799
sz000333,2024-12-27,75.98,76.05,74.8,75.42,-0.007370360621216099,19842117.0,1493951286.0,519639822801.72,577354972069.7999,0.0028798648572994755,403.9429034847779,2025-04-30,2025-03-31,13.595446193940106,1.339479028902284,9.479811845536567,2.389452971619966,71.4936964253842
sz000333,2024-12-30,75.0,76.18,74.92,75.32,-0.0013259082471493988,22182724.0,1676164969.0,518957112324.0,576603268599.6799,0.003219539210471152,403.40731225766996,2025-04-30,2025-03-31,13.577745222135572,1.3377350566791488,9.467469339097542,2.3863419564259405,71.39890234367459
sz000333,2024-12-31,75.1,76.05,74.69,75.22,-0.0013276686139138683,30766003.0,2324365541.0,518268109254.0,575837730537.28,0.0044652925857064756,402.8717210305621,2025-04-30,2025-03-31,13.559718475956426,1.3359589878306637,9.454899677202832,2.383173685108328,71.304108261965
sz000333,2025-01-02,75.4,77.2,75.0,75.32,0.0013294336612601487,41367089.0,3143071622.0,518957112324.0,576603268599.6799,0.006003904888261237,403.40731225766996,2025-04-30,2025-03-31,13.577745222135572,1.3377350566791488,9.467469339097542,2.3863419564259405,71.39890234367459
sz000333,2025-01-03,75.0,76.06,73.9,74.69,-0.00836431226765788,29642200.0,2225340636.0,514616392983.0,571780378806.5599,0.004302186926394972,400.03308752689026,2025-04-30,2025-03-31,13.464176721206929,1.326545822933691,9.388280469160852,2.36638184712498,70.80169962890409
sz000333,2025-01-06,74.68,76.28,74.28,75.38,0.009238184495916402,30681009.0,2308954916.0,519370514166.0,577062591437.12,0.004452956791614876,403.7286669939347,2025-04-30,2025-03-31,13.588561269843064,1.33880069798824,9.47501113623437,2.388242919216508,71.45577879270036
sz000333,2025-01-07,75.0,76.76,74.5,75.93,0.0072963650835766725,25178525.0,1913943076.0,523160031051.0,581273050780.3201,0.0036543414821068945,406.6744187430282,2025-04-30,2025-03-31,13.68770837382839,1.3485690766549094,9.544144276655292,2.405668411463379,71.97714624210319
sz000333,2025-01-08,75.51,77.66,75.43,77.58,0.021730541288028427,40692962.0,3129132562.0,534528581706.0,593904428809.92,0.005906063959918204,415.51167399030857,2025-04-30,2025-03-31,13.98514968578436,1.3778742126549175,9.75154369791805,2.45794488820399,73.54124859031168
sz000333,2025-01-09,77.7,79.0,77.2,78.73,0.014823408094869928,34598694.0,2715146336.0,542497407152.07,602753406668.59,0.005021139534877879,421.67097310204946,2025-04-30,2025-03-31,14.193523750560525,1.3984040787551715,9.896838445835051,2.494567447050927,74.63138052997215
sz000333,2025-01-10,78.73,78.89,76.37,76.37,-0.029975866886828406,27109567.0,2093133229.0,526235577088.83,584685350784.71,0.003934279098428417,409.031020142303,2025-04-30,2025-03-31,13.768060571958685,1.3564857042364085,9.600172133982255,2.419790625317913,72.39424020162546
sz000333,2025-01-13,75.61,76.02,73.93,74.3,-0.0271048841167999,25584606.0,1911136129.0,511972022753.7,568837522106.9,0.0037129689539979107,397.94428174116945,2025-04-30,2025-03-31,13.394878885642667,1.3197183164169854,9.339960580789338,2.354202480831753,70.43200271023663
sz000333,2025-01-14,74.3,75.35,73.43,74.62,0.004306864064603122,28858396.0,2150563704.0,514177016660.58,571287427989.46,0.004188078112681411,399.6581736679148,2025-04-30,2025-03-31,13.452568808164948,1.3254021638093598,9.380186521379546,2.364341710897246,70.73534377170738
sz000333,2025-01-15,74.64,75.77,73.6,73.82,-0.010720986330742588,25663453.0,1910565918.0,508664531893.38,565162663283.0599,0.003724411634143771,395.3734438510515,2025-04-30,2025-03-31,13.30834400185924,1.3111925453284232,9.27962166990402,2.3389936357335124,69.97699111803051
sz000333,2025-01-16,73.99,75.45,73.9,74.09,0.003657545380655769,26233035.0,1953070088.0,510583932096.88,567288707966.04,0.0038066328393217305,396.8195401642428,2025-04-30,2025-03-31,13.358407701821408,1.316125026046744,9.314530009738007,2.3477925272842883,70.23293513864645
sz000333,2025-01-17,74.08,74.87,73.63,74.35,0.0035092455122147648,15928751.0,1184446629.0,512375696469.2,569279463318.6,0.0023113950271472154,398.2120773547233,2025-04-30,2025-03-31,13.40528563409936,1.3207436318879122,9.34721698237307,2.356031507674272,70.4793997510914
sz000333,2025-01-20,75.1,76.74,74.88,74.89,0.007262945527908515,29699251.0,2245932516.0,516097053242.48,573414109050.84,0.004309609778657283,401.104269981106,2025-04-30,2025-03-31,13.502647493445878,1.330336120942646,9.415105310153587,2.3731432361765465,70.99128779232328
sz000333,2025-01-21,75.26,75.29,74.22,74.4,-0.00654292963012415,16286277.0,1217315662.0,512720266540.8001,569662300886.4,0.002363275040745007,398.4798729682773,2025-04-30,2025-03-31,13.414300621075892,1.3216318253189063,9.353502938649045,2.357615926980039,70.52679679194623
sz000333,2025-01-22,74.38,74.38,72.28,73.0,-0.018817204301075363,32217997.0,2351219471.0,503072304536.0,558942848988.0,0.004675100894630339,390.98159578876664,2025-04-30,2025-03-31,13.161880985733065,1.2967624092510772,9.177496162921777,2.313252186418586,69.19967964801175
sz000333,2025-01-23,73.4,73.92,72.4,73.41,0.005616438356164322,27008672.0,1981526548.0,505897779123.12,562082117043.96,0.003919184256860456,393.177519819909,2025-04-30,2025-03-31,13.235803878940606,1.304045595385227,9.229041004384763,2.3262444247258687,69.58833538302112
sz000333,2025-01-24,73.01,73.64,72.55,72.82,-0.008037052172728543,30486076.0,2224547325.0,501831852278.24005,557564633743.92,0.00442378466859279,390.0175315799724,2025-04-30,2025-03-31,13.129427032617556,1.2935649128994993,9.154866720328272,2.307548276917828,69.02905030093444
sz000333,2025-01-27,72.86,74.3,72.62,73.88,0.01455644053831362,28011516.0,2066038991.0,509136737796.16,565680790181.28,0.00406470531087181,395.69479858731614,2025-04-30,2025-03-31,13.320544756519983,1.3123946136365698,9.288128993378917,2.341137966200071,70.03386756705626
sz000333,2025-02-05,73.4,73.69,71.68,72.21,-0.022604223064428774,36351088.0,2623254186.0,497628097404.72,552894015416.76,0.0052748469754214135,386.75042509461423,2025-04-30,2025-03-31,13.019444191503897,1.282728953041374,9.078178053761391,2.288218361387481,68.45080640250586
sz000333,2025-02-06,72.18,72.56,71.43,72.27,0.0008309098462817577,28567493.0,2058313211.0,498041581490.64,553353420498.12,0.004145382224774741,387.071779830879,2025-04-30,2025-03-31,13.030262175875734,1.2837947851585665,9.085721201292559,2.2901196645544,68.50768285153163
sz000333,2025-02-07,72.4,73.44,71.67,73.44,0.016189290161892966,35534968.0,2588044043.0,506104521166.08,562311819584.64,0.005156421135909239,393.3381971880414,2025-04-30,2025-03-31,13.241212871126523,1.3045785114438235,9.232812578150346,2.3271950763093283,69.616773607534
sz000333,2025-02-10,73.32,73.33,72.5,73.01,-0.005855119825707966,31864987.0,2324957366.0,503254434281.2,559132632232.44,0.004622835970025569,391.0351549114775,2025-04-30,2025-03-31,13.166349965846017,1.2972027114711362,9.180612286512567,2.314037627194761,69.20915905618271
sz000333,2025-02-11,73.44,73.86,72.61,73.7,0.0094507601698397,30044016.0,2200715457.0,508010571244.0,564416860642.8,0.004358657288917887,394.73073437852196,2025-04-30,2025-03-31,13.290781981685408,1.309462263188916,9.267376051444684,2.3359070418333636,69.86323821997898
sz000333,2025-02-12,73.46,73.59,72.68,73.28,-0.00569877883310721,22807278.0,1667138730.0,505115531353.6,561200373784.32,0.003308782304438813,392.4812512246687,2025-04-30,2025-03-31,13.215040754652733,1.3019999273607021,9.214563324964264,2.3225952242272574,69.46510307679863
sz000333,2025-02-13,73.0,73.39,72.13,72.14,-0.015556768558951939,41066444.0,2979276852.0,497257565936.8,552469909454.16,0.005957743980383255,386.3755112356387,2025-04-30,2025-03-31,13.009457424135485,1.2817450158269794,9.07121449594599,2.2864631478678272,68.38445054530914
sz000333,2025-02-14,72.12,72.69,71.9,72.49,0.004851677294150258,23435076.0,1697819619.0,499670099178.8,555150315169.56,0.0033998605520561775,388.2500805305164,2025-04-30,2025-03-31,13.072575113329378,1.2879636290171577,9.115225101346338,2.2975563292062486,68.71622983129276
sz000333,2025-02-17,72.25,72.47,71.25,72.04,-0.006207752793488619,40235806.0,2886662764.0,496568270724.8,551704079249.76,0.005837238573477862,385.83992000853095,2025-04-30,2025-03-31,12.991423798651514,1.2799682692012142,9.058640037260174,2.2832936674854207,68.28965646359956
sz000333,2025-02-18,71.99,72.65,71.53,71.9,-0.0019433647973348123,29346513.0,2117878259.0,495603257428.0,550631916963.6,0.004257466538154338,385.09009229057983,2025-04-30,2025-03-31,12.966176722973957,1.2774808239251432,9.041035795100035,2.278856394950052,68.1569447492061
sz000333,2025-02-19,71.3,71.97,71.0,71.45,-0.006258692628650975,33715017.0,2408852125.0,492501428974.0,547185681043.8,0.004891230406515575,382.6799317685943,2025-04-30,2025-03-31,12.885025408296096,1.2694854641092,8.984450731013876,2.2645937332292245,67.73037138151288
sz000333,2025-02-20,71.41,71.71,71.06,71.23,-0.003079076277116899,31420228.0,2241810157.0,490984979507.6,545500854594.12,0.00455831223734077,381.5016310689569,2025-04-30,2025-03-31,12.845351432231363,1.2655766215325166,8.956786921905083,2.2576208763879304,67.52182440175174
sz000333,2025-02-21,71.02,71.23,70.2,70.59,-0.008984978239505836,55339013.0,3903770927.0,486573490150.8,540599541285.96,0.008028347221422453,378.07384721546634,2025-04-30,2025-03-31,12.72993622913396,1.2542054431276197,8.876310386315877,2.2373362019405314,66.91514227881028
sz000333,2025-02-24,70.65,71.5,70.28,70.89,0.004249893752656053,46937741.0,3326317437.0,488641375786.8,542897031899.16,0.006809526627032482,379.68062089679,2025-04-30,2025-03-31,12.784037105585869,1.2595356830049151,8.914033762373318,2.2468446430877496,67.19952452393909
sz000333,2025-02-25,70.5,70.67,68.98,69.03,-0.02623783326280149,56599867.0,3932087508.0,475820484843.6,528652590097.32,0.008211266524799248,369.7186240725831,2025-04-30,2025-03-31,12.448611671584038,1.2264881957656832,8.680148830817185,2.1878923079749946,65.43635460414043
sz000333,2025-02-26,68.71,70.16,68.7,70.12,0.01579023612921926,40412376.0,2820753654.0,483333802654.4,537000139325.28,0.00586285459356999,375.5565684480593,2025-04-30,2025-03-31,12.645178189359305,1.2458547339865236,8.817210430492553,2.222439644143222,66.46961009477515
sz000333,2025-02-27,71.0,72.71,70.63,72.48,0.03365658870507704,65248235.0,4700242778.0,499601169657.6,555073732149.12,0.009465934749594635,388.19652140780573,2025-04-30,2025-03-31,13.07077175078098,1.2877859543545809,9.113967655477754,2.297239381168008,68.70675042312183
sz000333,2025-02-28,72.75,73.5,72.1,73.05,0.007864238410596025,50647934.0,3702978856.0,503530152366.0,559438964314.2,0.007347785552295407,391.2493914023207,2025-04-30,2025-03-31,13.173563416039606,1.2979134101214422,9.185642069986894,2.315305419347723,69.24707668886657
sz000333,2025-03-03,72.7,72.99,70.85,71.0,-0.02806297056810403,40591782.0,2908667199.0,489399600520.0,543739445124.0,0.005888882048407439,380.2697712466088,2025-04-30,2025-03-31,12.803874093618234,1.2614901042932567,8.927865666927714,2.2503310715083966,67.30379801381966
sz000333,2025-03-04,71.28,72.47,71.28,71.97,0.01366197183098583,30041994.0,2159097772.0,496085764076.4,551167998106.6799,0.004358363945809622,385.4650061495554,2025-04-30,2025-03-31,12.978800260812735,1.2787245465631785,9.049837916180104,2.2810750312177364,68.22330060640283
sz000333,2025-03-05,71.9,72.15,71.2,71.75,-0.003056829234403202,28618620.0,2050696436.0,494569314610.0,549483171657.00006,0.004151866936223546,384.286705449918,2025-04-30,2025-03-31,12.939126284748006,1.2748157039864956,9.022174107071317,2.274102174376443,68.01475362664169
sz000333,2025-03-06,71.91,71.97,70.42,71.14,-0.008501742160278769,40239881.0,2857881528.0,490364613816.8,544811607410.16,0.005837829757041748,381.01959896455975,2025-04-30,2025-03-31,12.829121169295792,1.263977549569328,8.945469909087853,2.2547683440437654,67.4365097282131
sz000333,2025-03-07,71.12,71.24,70.26,70.79,-0.004919876300252923,31482660.0,2228492957.0,488056393250.09,542235514370.05,0.0045663934172828075,379.1450296696822,2025-04-30,2025-03-31,12.768459815342533,1.258000944585122,8.903172053352252,2.244106873254325,67.10473044222948
sz000333,2025-03-10,70.81,71.26,70.51,71.07,0.00395536092668447,27344026.0,1937259286.0,489986832437.97,544380251536.65,0.003966106432188701,380.64468510558424,2025-04-30,2025-03-31,12.818963682390082,1.2629767923670663,8.938387312215633,2.2529831258960993,67.37015387101637
sz000333,2025-03-11,70.5,71.44,70.3,70.93,-0.0019698888419865668,25282497.0,1788427242.0,489021612844.03,543307882953.3501,0.0036670925478746812,379.89485738763324,2025-04-30,2025-03-31,12.793711748866311,1.2604888684760944,8.920779682783945,2.2485449995752123,67.23744215662293
sz000333,2025-03-12,70.98,70.98,70.1,70.1,-0.011701677710418856,30130110.0,2117631624.0,483299239537.1,536950269209.5,0.004370213189292356,375.4494502026376,2025-04-30,2025-03-31,12.644003857261078,1.2457390339796164,8.816391594010353,2.2222332506728093,66.4506512784332
sz000333,2025-03-13,70.01,70.65,69.81,70.01,-0.0012838801711838599,25262164.0,1774959974.0,482678741226.71,536260889405.95,0.003664143353703871,374.96741809824056,2025-04-30,2025-03-31,12.627770471424366,1.2441396543354202,8.805072403661411,2.219380169466525,66.36533660489457
sz000333,2025-03-14,70.03,72.1,69.82,71.87,0.02656763319525779,42544964.0,3036261982.0,495502372974.77,550508072012.65,0.006170922137714348,384.92941492244745,2025-04-30,2025-03-31,12.963260445383076,1.2771935003154784,9.039002337539575,2.2783438477297406,68.12850652469322
sz000333,2025-03-17,72.52,72.52,71.6,71.88,0.0001391401140946602,34733287.0,2497780791.0,495571317231.48,550584669768.6,0.00503787968098612,384.9829740451582,2025-04-30,2025-03-31,12.965064154920487,1.2773712091648335,9.040260025356122,2.2786608567526607,68.13798593286417
sz000333,2025-03-18,72.0,76.1,71.61,74.98,0.04312743461324442,77931396.0,5762238290.0,516944036811.58,574329974113.1,0.011303537048459681,401.5863020855031,2025-04-30,2025-03-31,13.524214111518338,1.3324609524649307,9.430143248486395,2.3769336538580204,71.07660246586194
sz000333,2025-03-19,77.23,77.94,75.03,76.51,0.02040544145105372,106626103.0,8164296255.0,527492508088.21,586049430773.45,0.015465552620068271,409.780847860254,2025-04-30,2025-03-31,13.800181670742438,1.3596504064162689,9.622569484418433,2.4254360343648593,72.5269519160189
sz000333,2025-03-20,76.4,76.85,75.1,75.17,-0.01751405045092147,58569319.0,4434498828.0,518253977689.07,575785331476.15,0.008495170126550197,402.6039254170081,2025-04-30,2025-03-31,13.558484592729176,1.3358374206026786,9.454039317000833,2.3829568252935105,71.25671122111018
sz000333,2025-03-21,74.77,76.43,74.77,75.28,0.001463349740588038,38452793.0,2903191225.0,519012364512.88,576627906791.6,0.00557737436516922,403.19307576682684,2025-04-30,2025-03-31,13.578325397640713,1.3377922179455852,9.467873882982873,2.386443924545636,71.36098471099076
sz000333,2025-03-24,74.88,76.5,74.82,76.06,0.010361317747077603,38734811.0,2945134162.0,524390016536.26,582602531755.7001,0.005618279585336616,407.37068733826845,2025-04-30,2025-03-31,13.719014741558883,1.3516535081952874,9.565973532673718,2.4111706283334366,72.10037854832568
sz000333,2025-03-25,76.81,77.5,76.37,76.86,0.010518012095713791,32418622.0,2493718323.0,529905557073.06,588730352231.7,0.004702149757935942,411.6554171551316,2025-04-30,2025-03-31,13.863311504551872,1.365870216143699,9.666588557997656,2.436531350167077,72.8587312020025
sz000333,2025-03-26,76.47,77.4,75.87,76.79,-0.0009107468123861207,23706858.0,1814277211.0,529422947276.09,588194167940.05,0.0034385544396711796,411.2805032961561,2025-04-30,2025-03-31,13.850685537789989,1.3646262541982133,9.657784743281812,2.434312287006634,72.79237534480579
sz000333,2025-03-27,76.79,77.5,76.32,76.5,-0.0037765334027869413,25721538.0,1974042919.0,527423563831.5,585972833017.5,0.0037307731241765967,409.7272887375431,2025-04-30,2025-03-31,13.798377961205027,1.3594726975669138,9.621311796601884,2.425119025341939,72.51747250784793
sz000333,2025-03-28,76.21,77.18,75.68,76.87,0.0048366013071896585,24911431.0,1909917934.0,529974501329.77,588806949987.65,0.0036132713860104215,411.7089762778424,2025-04-30,2025-03-31,13.865115214089288,1.3660479249930546,9.667846245814207,2.436848359189998,72.86821061017348
sz000333,2025-03-31,76.9,80.5,76.9,78.5,0.02120463119552496,68968445.0,5458996643.0,541414742172.5,601337928102.0,0.009999770066798513,420.4391132797012,2025-04-30,2025-03-31,14.160192327741457,1.3951201304953846,9.873597162514052,2.488709318809513,74.41335414204003
sz000333,2025-04-01,78.1,78.78,75.2,75.39,-0.039617834394904405,55181654.0,4204786523.0,519965062578.15,577514221651.0801,0.008000816197982026,403.7822261166455,2025-04-30,2025-03-31,13.599196173101003,1.3398484922044211,9.482426625247573,2.3901120451598628,71.46525820087132
sz000333,2025-04-02,75.35,76.79,75.19,75.96,0.007560684440907295,26853625.0,2036925144.0,523896354336.6,581880624441.12,0.003893520804478515,406.8350961111605,2025-04-30,2025-03-31,13.702015404015812,1.3499786638526041,9.554120260695125,2.408182928111728,72.00558446661607
sz000333,2025-04-03,74.6,74.83,73.15,73.36,-0.03422854133754605,56598874.0,4179850012.0,505964146315.6,561963699433.92,0.008206299649639783,392.9097242063551,2025-04-30,2025-03-31,13.233015403351764,1.3037708633521201,9.227096660408037,2.325754339208483,69.54093834216633
sz000333,2025-04-07,68.22,69.47,66.02,67.18,-0.08424209378407843,88089693.0,5986991841.0,463340667250.3,514622700762.96,0.012772169580666501,359.81018637108696,2025-04-30,2025-03-31,12.11823847869645,1.1939384760086618,8.449786718187186,2.1298279240461544,63.68266409251274
sz000333,2025-04-08,68.0,70.5,67.79,70.23,0.045400416790711384,74473332.0,5151771418.0,484376526659.55,537986785867.56,0.010797926444598656,376.14571879787786,2025-04-30,2025-03-31,12.668411556398505,1.2481437804419218,8.833410556985502,2.2265229994903453,66.57388358465569
sz000333,2025-04-09,69.19,70.5,68.42,69.67,-0.007973800370212225,57883954.0,4027838482.0,480514204931.95,533696986635.24,0.008392624055205857,373.1464079260736,2025-04-30,2025-03-31,12.567396171640095,1.2381913311033559,8.762974704615974,2.2087691495727233,66.0430367270819
sz000333,2025-04-10,70.6,71.59,70.13,71.09,0.020381799913879783,45084852.0,3199356700.0,490505029347.14,544771771865.97,0.006534249267425352,380.7518033510058,2025-04-30,2025-03-31,12.828183129400333,1.263885130037794,8.944815834069962,2.254603479854409,67.38911268735828
sz000333,2025-04-11,70.52,70.74,69.63,70.49,-0.008440005626670577,29562589.0,2075657472.0,486365164139.54,540173895046.17,0.004284572687882989,377.5382559883583,2025-04-30,2025-03-31,12.719913191608237,1.25321793242881,8.86932153810088,2.2355746137985273,66.82034819710064
sz000333,2025-04-14,70.72,70.9,69.71,69.92,-0.008086253369272156,34883505.0,2447104070.0,482445412540.48,535819032415.52,0.0050556075489584,374.48538599384324,2025-04-30,2025-03-31,12.617365706194283,1.2431145342600995,8.797817384938883,2.2175514911838574,66.28002193135589
sz000333,2025-04-15,70.1,71.83,69.69,71.48,0.02231121281464543,34366681.0,2441442777.0,493217040054.8,547781490121.56,0.0049806275095585955,382.8406091367266,2025-04-30,2025-03-31,12.899055408296805,1.2708677571585316,8.994233547870511,2.2670595607361186,67.75880960602575
sz000333,2025-04-16,71.19,71.48,70.37,71.0,-0.006715165081141672,26672943.0,1890971340.0,489911429438.0,544109470215.0,0.003865553729114753,380.2697712466086,2025-04-30,2025-03-31,12.812587374803057,1.2623485724342434,8.933941250252529,2.251862464838386,67.30379801381963
sz000333,2025-04-17,70.74,71.17,70.34,70.95,-0.0007042253521126751,19591273.0,1388823325.0,489570648590.1,543730521732.75,0.002839224171941317,380.0019756330547,2025-04-30,2025-03-31,12.80366396728093,1.2614694017860917,8.927719150357897,2.2502941409807824,67.25640097296484
sz000333,2025-04-18,70.95,71.33,70.47,70.92,-0.00042283298097256505,15448383.0,1094653676.0,489367423640.52,543504396202.56,0.002238807222208576,379.8412982649223,2025-04-30,2025-03-31,12.798339205864648,1.2609447844878237,8.924006308894024,2.249358293285326,67.22796274845194
sz000333,2025-04-21,70.78,71.61,70.5,71.39,0.006627185561195681,17751380.0,1262930782.0,492610552364.59,547106300689.52,0.0025725616556871275,382.35857703232944,2025-04-30,2025-03-31,12.883156174657039,1.2693012995570463,8.983147354652345,2.2642652080885424,67.67349493248709
sz000333,2025-04-22,71.3,72.23,71.21,71.72,0.0046224961479197635,22615500.0,1626765493.0,494887642745.32,549635297456.96,0.003277478603026482,384.1260280817854,2025-04-30,2025-03-31,12.94270851444744,1.2751686399247983,9.024671918695423,2.2747317652908006,67.98631540212878
sz000333,2025-04-23,72.1,72.42,71.8,71.85,0.0018126045733406482,22586871.0,1627423197.0,495786684258.15,550633574819.1,0.0032733163936790872,384.82229667702563,2025-04-30,2025-03-31,12.966215761843175,1.2774846701943927,9.041063016062818,2.2788632561843754,68.10954770835124
sz000333,2025-04-24,72.4,73.19,71.96,72.95,0.015309672929714857,23180750.0,1684714693.0,503386820133.45,559073398650.1,0.003359316622655514,390.71380017521255,2025-04-30,2025-03-31,13.164955144599928,1.2970652879705353,9.179639707695921,2.31379248189215,69.15228260715692
sz000333,2025-04-25,72.95,73.0,72.38,72.75,-0.002741603838245399,17097238.0,1244078508.0,502009835682.75,557543743662.0,0.002477688634941501,389.6426177209968,2025-04-30,2025-03-31,13.128935116901111,1.2935164473488459,9.154523718092872,2.3074618208020317,68.9626944437377
sz000333,2025-04-28,73.39,73.58,72.8,73.23,0.006597938144329962,23966015.0,1755320152.0,505328019491.58,561228336760.59,0.003473053562744789,392.21345561111474,2025-04-30,2025-03-31,13.215699221553848,1.3020648022160535,9.21502245975396,2.322710952366749,69.41770603594382
sz000333,2025-04-29,73.26,74.37,72.86,74.2,0.013245937457326162,23497383.0,1733740168.0,512021562833.2,568662332208.6,0.003405141394734537,397.40869051406133,2025-04-30,2025-03-31,13.390753546897384,1.319311871151593,9.337084070923718,2.3534774363732454,70.33720862852698
sz000333,2025-04-30,75.0,75.12,73.45,73.62,-0.00781671159029651,47810026.0,3548715615.0,508010134835.52,564217262765.46,0.0069285509732194776,394.30226139683555,2025-04-30,2025-03-31,13.286081888444548,1.3089991907571468,9.264098777646955,2.3350809820188454,69.78740295461128
sz000333,2025-05-06,74.23,74.38,73.1,74.05,0.005840804129312538,34641179.0,2556249632.0,510977322528.8,567512745283.65,0.005020143148926966,396.6053036733995,2025-10-30,2025-09-30,12.54336498154708,1.2515427294683763,9.901821246595246,2.424152410551426,70.19501750596257
sz000333,2025-05-07,74.77,75.18,74.0,74.36,0.004186360567184355,30028102.0,2239595605.0,513116457842.56,569888558261.88,0.004351623555612242,398.26563647743393,2025-10-30,2025-09-30,12.59587603008563,1.2567821385991687,9.9432738406053,2.434300786611803,70.48887915926235
sz000333,2025-05-08,74.35,75.64,73.88,75.0,0.008606777837547153,27707567.0,2081094569.0,517532737200.0,574793462475.0,0.004015335409008016,401.69342033092454,2025-10-30,2025-09-30,12.704285936745862,1.267598983256289,10.028853389529283,2.4552522726719372,71.09556128220383
sz000333,2025-05-09,74.99,76.03,74.71,75.8,0.010666666666666602,24563898.0,1861536388.0,523086995905.8,580958502250.4,0.0035595292618119446,405.9781501477877,2025-10-30,2025-09-30,12.840547799886831,1.2811948201285144,10.136419470364437,2.481586476012536,71.85391393588067
sz000333,2025-05-12,76.1,76.74,75.9,76.58,0.010290237467018404,27223912.0,2078979154.0,528488692159.26,586955710046.72,0.003944847282241838,410.1557617192293,2025-10-30,2025-09-30,12.973100181986766,1.2944205351049136,10.241057260566253,2.507203778631459,72.59330777321559
sz000333,2025-05-13,77.0,77.2,76.44,77.11,0.006920867067119474,25527841.0,1963341233.0,532169977405.99,591041637752.0599,0.003698915577885517,412.9943952229012,2025-10-30,2025-09-30,13.06340878372694,1.3034312809520323,10.312347511051403,2.5246569751958603,73.0957164062765
sz000333,2025-05-14,76.9,77.55,76.13,77.09,-0.0002593697315522725,29249633.0,2248759306.0,532083861027.81,590940251847.14,0.004237779743242668,412.88727697747964,2025-10-30,2025-09-30,13.06116791703282,1.30320769338818,10.31057855499573,2.5242239014228924,73.07675758993457
sz000333,2025-05-15,76.66,77.07,76.32,76.5,-0.007653392139058246,20490185.0,1571335906.0,528062993212.5,586468932993.0,0.0029683942496406225,409.72728873754306,2025-10-30,2025-09-30,12.96234126546869,1.293347039773719,10.232564095588133,2.5051244918172277,72.51747250784791
sz000333,2025-05-16,76.21,76.84,75.57,76.6,0.0013071895424836555,23865992.0,1819974356.0,528801798654.2,587284086068.4,0.0034571270216035596,410.2628799646509,2025-10-30,2025-09-30,12.9803580635504,1.2951447067219932,10.246786683729637,2.5086064493752236,72.6122665895575
sz000333,2025-05-19,76.44,77.72,76.29,77.58,0.012793733681462305,26308625.0,2031022754.0,535593142456.74,594823636681.2,0.003810771583328952,415.5116739903084,2025-10-30,2025-09-30,13.146999845464793,1.3117717689885726,10.378334887832594,2.5408119283611774,73.54124859031165
sz000333,2025-05-20,77.53,79.1,77.48,78.67,0.014050012889920138,27799540.0,2184604655.0,543146003679.3501,603208687111.14,0.004026522881481246,421.3496183657846,2025-10-30,2025-09-30,13.332329159749792,1.330263422240469,10.524635162480092,2.5766289921738585,74.57450408094635
sz000333,2025-05-21,78.5,79.44,78.47,78.8,0.0016524723528663632,20543826.0,1619842976.0,544118711924.8,604280647280.4,0.0029751843730449284,422.04588696102485,2025-10-30,2025-09-30,13.356021997946737,1.3326274289826374,10.543338456930647,2.5812079110614476,74.69773638716885
sz000333,2025-05-22,78.73,79.56,78.31,79.36,0.007106598984771617,23403426.0,1850376659.0,548066960437.76,608656442542.08,0.0033888119909226302,425.0451978328291,2025-10-30,2025-09-30,13.452737353694989,1.3422774232619032,10.619686244452486,2.59989928798617,75.22858324474264
sz000333,2025-05-23,79.36,80.48,78.72,78.89,-0.005922379032258007,29974589.0,2385953118.0,544902481666.97,605133129892.9,0.004339667015235286,422.52791906542205,2025-10-30,2025-09-30,13.37486386650013,1.33450741921112,10.558212361552094,2.5848493231657907,74.7830510607075
sz000333,2025-05-26,78.72,79.19,77.61,78.27,-0.007859044238813562,24168884.0,1893696279.0,540788472263.34,600545765160.33,0.0034980378608344786,419.20725345735303,2025-10-30,2025-09-30,13.273472328385257,1.3243908482157,10.478173162516764,2.565254219149263,74.19532775410795
sz000333,2025-05-27,78.2,78.89,78.02,78.48,0.00268302031429668,20644898.0,1620472097.0,542361028110.48,602278651038.24,0.002987330414732454,420.33199503427966,2025-10-30,2025-09-30,13.311773177517958,1.3282124024266326,10.50840812436813,2.572656307495396,74.39439532569813
sz000333,2025-05-28,78.98,80.1,78.7,79.32,0.010703363914372988,24044877.0,1911343092.0,548259099547.8,608818042598.64,0.0034787195419338723,424.830961341986,2025-10-30,2025-09-30,13.456309094607096,1.3426338018235306,10.622505802051494,2.6005895688123033,75.19066561205881
sz000333,2025-05-29,79.07,79.49,78.36,78.98,-0.004286434694906527,25167731.0,1988440748.0,546016238703.54,606315599799.8,0.0036404547218223844,423.0099511698192,2025-10-30,2025-09-30,13.400999229529784,1.3371151344159233,10.578843802422643,2.589900288626987,74.86836573424615
sz000333,2025-05-30,78.74,79.51,78.3,79.06,0.0010129146619397567,21573317.0,1703126097.0,546569306557.38007,606929745760.6,0.0031205309583935514,423.43842415150556,2025-10-30,2025-09-30,13.414573298134016,1.3384695179402746,10.589559268416485,2.592523636602299,74.94420099961384
sz000333,2025-06-03,79.05,79.05,75.67,75.91,-0.0398431570958766,56190781.0,4293054877.0,524937540697.3,582779654589.84,0.008125618487951932,406.56730049760665,2025-10-30,2025-09-30,12.880799545192,1.2852110294359216,10.168194483485841,2.4893655979271077,71.95818742576128
sz000333,2025-06-04,75.78,76.58,75.5,75.56,-0.004610723224871438,36755439.0,2790934593.0,522517198986.8,580092618901.44,0.005315118767813343,404.6927312027291,2025-10-30,2025-09-30,12.821409743574067,1.2792852770936403,10.121311753025823,2.477887822149549,71.62640813977767
sz000333,2025-06-05,75.44,75.9,75.05,75.25,-0.004102699841185831,23580308.0,1776718063.0,520373467757.5,577712673006.0,0.003409893637826476,403.0323983986946,2025-10-30,2025-09-30,12.76880734785533,1.2740367535904769,10.079787048904093,2.4677217921751398,71.3325464864779
sz000333,2025-06-06,75.37,75.83,75.1,75.7,0.005980066445182786,27555948.0,2081019011.0,523485335671.00006,581167433176.8,0.003984801715460086,405.44255892068014,2025-10-30,2025-09-30,12.845165664221241,1.281655578030553,10.140064845209832,2.4824789324605727,71.75911985417112
sz000333,2025-06-09,75.25,75.58,74.07,75.4,-0.003963011889035584,46695588.0,3500234348.0,521410757062.00006,578864259729.6,0.006752540655353879,403.8357852393565,2025-10-30,2025-09-30,12.794260119977299,1.2765763617371688,10.099879647672672,2.4726408389369507,71.47473760904231
sz000333,2025-06-10,75.63,76.5,75.05,75.05,-0.004641909814323775,32107412.0,2433498302.0,518990415351.5,576177224041.2,0.0046429783659260706,401.9612159444788,2025-10-30,2025-09-30,12.734870318359366,1.2706506093948875,10.052996917212653,2.461163063159392,71.14295832305869
sz000333,2025-06-11,75.2,75.8,74.83,75.49,0.005862758161225834,26308346.0,1986827774.0,522033130644.7,579555211763.76,0.00380438888445128,404.3178173437535,2025-10-30,2025-09-30,12.809531783250483,1.2781001266251841,10.11193520693382,2.4755922669940373,71.56005228258094
sz000333,2025-06-12,72.51,72.68,71.53,72.2,0.0026385224274405594,34702892.0,2510413458.0,499281918566.0,554297076292.8,0.0050183047076814815,405.3846189726288,2025-10-30,2025-09-30,12.251267648041924,1.22239805460774,9.671237540609642,2.367701174684985,71.74886508543734
sz000333,2025-06-13,71.6,72.16,71.0,71.48,-0.009972299168975018,30045204.0,2148718105.0,494302929904.4,548769460019.52,0.004344767250995983,401.3420022737328,2025-10-30,2025-09-30,12.129094341856463,1.2102079355036186,9.57479306652046,2.3440897502282927,71.03336393777094
sz000333,2025-06-16,71.6,71.8,70.85,71.26,-0.0030777839955231645,25020494.0,1784037774.0,492781572257.8001,547080466158.24,0.0036181555943152013,400.1067582824035,2025-10-30,2025-09-30,12.091763609410906,1.2064831768884703,9.545323921659875,2.3368751483109698,70.8147385870951
sz000333,2025-06-17,71.8,73.08,71.8,72.06,0.011226494527083908,32639478.0,2362020250.0,498313781881.8,553222262017.44,0.004719919195889096,404.5985546145102,2025-10-30,2025-09-30,12.227511727394749,1.2200277536708275,9.652484448425632,2.363110064373961,71.60973986228
sz000333,2025-06-18,72.19,72.64,72.02,72.1,0.0005550929780737679,17528837.0,1265648159.0,498590392363.0,553529351810.4,0.0025348044548356755,404.8231444311155,2025-10-30,2025-09-30,12.234299133293943,1.2207049825099454,9.657842474763921,2.364421810177111,71.64948992603924
sz000333,2025-06-19,72.2,72.41,71.13,71.33,-0.010679611650485366,21125341.0,1512893148.0,493265640599.9,547617873295.92,0.0030548865550362953,400.49979046146285,2025-10-30,2025-09-30,12.103641569734492,1.2076683273569264,9.554700467751879,2.3391707034664813,70.88430119867378
sz000333,2025-06-20,71.35,72.38,71.26,72.38,0.014720314033366044,22986421.0,1655767156.0,500526665731.4,555678980361.12,0.003324013016466998,406.3952731473529,2025-10-30,2025-09-30,12.281810974588288,1.2254455843837704,9.695348659131936,2.3736040307991577,71.92774037235397
sz000333,2025-06-23,72.0,72.33,71.46,71.72,-0.009118541033434568,21054495.0,1510951196.0,495962592791.6,550611998777.28,0.0030446416793262136,402.68954117336494,2025-10-30,2025-09-30,12.169818777251619,1.2142713085383259,9.606941224550187,2.3519602250471903,71.27186432032643
sz000333,2025-06-24,72.1,73.34,72.0,72.8,0.015058561070830923,27050087.0,1971805636.0,503431075784.0,558903423187.2,0.0039116503297561955,408.75346622170895,2025-10-30,2025-09-30,12.353078736529806,1.2325564871945078,9.751607935683959,2.3873773617322285,72.34511604182605
sz000333,2025-06-25,72.8,73.33,72.3,73.18,0.005219780219780423,24327543.0,1772058946.0,506058875355.4,561820776220.3201,0.0035179495577263033,410.8870694794597,2025-10-30,2025-09-30,12.417559092572134,1.2389901611661278,9.802509185897694,2.3998389468621495,72.72274164753888
sz000333,2025-06-26,73.0,73.59,72.75,73.1,-0.0010931948619843368,22672619.0,1658102065.0,504694921225.9,560395863467.3,0.003283901579342754,410.43788984624894,2025-10-30,2025-09-30,12.386065173049571,1.2358477838169148,9.77764766254046,2.3937523775053107,72.64324152002037
sz000333,2025-06-27,73.06,73.19,72.22,72.28,-0.011217510259917796,22364021.0,1623349472.0,499033500768.92,554109617119.24,0.0032392042525988957,405.8337986058396,2025-10-30,2025-09-30,12.247124359890876,1.2219846486222516,9.66796679956805,2.3669004356509418,71.82836521295586
sz000333,2025-06-30,72.25,72.58,71.98,72.2,-0.0011068068622025473,19302259.0,1394828333.0,498481167065.8,553496324792.6,0.0027957387196857536,405.3846189726289,2025-10-30,2025-09-30,12.233569158607098,1.2206321476276503,9.65726622757074,2.3642807340066128,71.74886508543736
sz000333,2025-07-01,72.28,72.35,71.8,72.11,-0.001246537396121905,18625209.0,1341760455.0,497859791649.7901,552806370925.13,0.002697674814307463,404.87929188526687,2025-10-30,2025-09-30,12.218319557162852,1.219110584008724,9.64522808407377,2.3613335696567432,71.65942744197906
sz000333,2025-07-02,72.11,73.1,71.81,72.5,0.005408403827485753,26615479.0,1929453681.0,500552418452.5,555796171017.5,0.0038549853249447677,407.0690425971689,2025-10-30,2025-09-30,12.284401163421256,1.2257040263574053,9.697393372560647,2.3741046151728455,72.0469905636317
sz000333,2025-07-03,72.79,72.95,72.34,72.89,0.005379310344827637,17936923.0,1304399831.0,503245045255.21,558785971109.87,0.0025979834869650203,409.2587933090709,2025-10-30,2025-09-30,12.350482769679662,1.2322974687060864,9.749558661047526,2.386875660688948,72.43455368528434
sz000333,2025-07-04,72.88,73.84,72.6,73.48,0.008094388805048647,21146224.0,1548790547.0,507318506315.72,563309002018.84,0.0030628185650160514,412.57149310399956,2025-10-30,2025-09-30,12.450452379147501,1.2422721635412708,9.828475379527674,2.4061959603158716,73.0208671257332
sz000333,2025-07-07,73.2,73.45,72.33,72.55,-0.012656505171475319,21545334.0,1567324871.0,500897627016.95,556179478721.65,0.0031206256476178224,407.34977986792546,2025-10-30,2025-09-30,12.292873164223618,1.226549339479031,9.704081230058966,2.3757419287005512,72.09667814333073
sz000333,2025-07-08,72.55,72.7,72.07,72.22,-0.004548587181254282,25686651.0,1856483047.0,498803896376.66,553834293759.34,0.0037190766726071696,405.49691388093146,2025-10-30,2025-09-30,12.241039066794162,1.2213774746826365,9.66316302605389,2.3657243813823294,71.76874011731697
sz000333,2025-07-09,72.07,72.35,71.8,71.8,-0.005815563555801706,27205267.0,1958489420.0,495970040198.6,550680404807.7999,0.0039384196872412494,403.13872080657546,2025-10-30,2025-09-30,12.171330711238793,1.2144221651857938,9.608134755958998,2.3522524240244977,71.35136444784489
sz000333,2025-07-10,71.84,71.97,71.33,71.68,-0.0016713091922003764,23151388.0,1656983409.0,495186451773.44,549805378447.36,0.0033512457497509615,402.46495135675957,2025-10-30,2025-09-30,12.15199057289179,1.2124924589569859,9.592867513629834,2.3485147154380654,71.23211425656717
sz000333,2025-07-11,71.74,72.8,71.69,72.48,0.01116071428571419,32055369.0,2324470998.0,500740676589.12006,555969189498.24,0.004639872999625375,406.95674768886624,2025-10-30,2025-09-30,12.288225278334112,1.2260855861081479,9.700412155985129,2.374843670234853,72.02711553175207
sz000333,2025-07-14,72.47,73.21,71.98,73.1,0.008554083885209618,23373900.0,1702246964.0,505208171311.4,560724996582.8,0.0033820357370008447,410.43788984624894,2025-10-30,2025-09-30,12.393339788165337,1.2365736250621637,9.783390295288536,2.3951582822043016,72.64324152002037
sz000333,2025-07-15,73.11,73.5,72.81,73.21,0.0015047879616962856,24900978.0,1821265543.0,506017607805.26,561617974127.0,0.0036026426180837136,411.0555118419136,2025-10-30,2025-09-30,12.413076689847832,1.2385429192538975,9.798970745407718,2.3989726699591687,72.7525541953583
sz000333,2025-07-16,73.47,74.09,72.8,72.89,-0.004370987570003981,20688807.0,1514278424.0,503829868548.7301,559187206360.39,0.0029930880171391556,409.258793309071,2025-10-30,2025-09-30,12.359351011375658,1.2331823176628156,9.756559313916556,2.3885895524170713,72.43455368528436
sz000333,2025-07-17,72.75,73.43,72.6,72.63,-0.003567018795445298,24729994.0,1804135157.0,502043323634.28,557210173261.5,0.0035776583009167174,407.7989595011362,2025-10-30,2025-09-30,12.315653935061396,1.2288223426289555,9.722064532069805,2.3801445798728533,72.17617827084925
sz000333,2025-07-18,72.87,73.28,72.52,72.83,0.002753683051080813,21951230.0,1596482224.0,503451154581.66,558769916227.68,0.0031754978935909636,408.92190858416285,2025-10-30,2025-09-30,12.350127919064025,1.2322620626799763,9.749278539455718,2.386807081645243,72.37492858964546
sz000333,2025-07-21,72.61,72.96,72.4,72.55,-0.0038445695455169293,30897062.0,2244011063.0,501699925617.5,556640353249.6,0.0044679732518218464,407.3497798679255,2025-10-30,2025-09-30,12.30305957406695,1.2275657116564782,9.712122454209073,2.3777105718846494,72.09667814333075
sz000333,2025-07-22,72.58,73.22,72.26,73.19,0.008821502412129645,35720411.0,2602924271.0,506140197496.57,561565282243.5499,0.00516532157299701,410.9432169336109,2025-10-30,2025-09-30,12.411912075429614,1.2384267172052528,9.798051390529073,2.3987475945624595,72.73267916347868
sz000333,2025-07-23,73.2,73.85,73.18,73.5,0.004235551304823115,36987240.0,2718700800.0,508306364107.5,563966204644.5,0.005348274843604083,412.6837880123023,2025-10-30,2025-09-30,12.464978101202194,1.2437215004500326,9.839942087502356,2.4090032264829393,73.04074215761283
sz000333,2025-07-24,73.7,73.95,73.09,73.51,0.00013605442176878313,29069915.0,2134051794.0,508398018656.88007,564065431961.3,0.004203260778426091,412.73993546645363,2025-10-30,2025-09-30,12.467171258027491,1.2439403276533647,9.841673381049327,2.409427079764143,73.05067967355265
sz000333,2025-07-25,73.4,73.4,72.55,72.76,-0.010202693511086935,24456208.0,1780421843.0,503222523988.16,558332457176.08,0.0035360772009518943,408.52887640510363,2025-10-30,2025-09-30,12.340459046260195,1.2312973289360734,9.741645862713835,2.384938458564498,72.3053659780668
sz000333,2025-07-28,72.82,72.92,71.8,71.94,-0.011269928532160578,37773632.0,2725637108.0,497909030661.24,552051283503.0599,0.005457693913426625,403.92478516469424,2025-10-30,2025-09-30,12.201630351137592,1.2174453805731034,9.632053506514012,2.358108184835697,71.49048967100227
sz000333,2025-07-29,71.94,72.07,71.02,71.24,-0.009730330831248302,39836931.0,2843589788.0,493078659680.88,546694090490.6,0.005755639407060811,399.99446337410086,2025-10-30,2025-09-30,12.083223799407563,1.2056310979498084,9.538582535097547,2.3352247298598034,70.79486355521549
sz000333,2025-07-30,71.49,72.74,71.2,72.11,0.012212240314430245,41132530.0,2964849148.0,499116029766.74994,553386225102.0801,0.005942639709820823,404.8792918852669,2025-10-30,2025-09-30,12.231135696779107,1.2203893434468949,9.655345235550925,2.3638104389649723,71.65942744197908
sz000333,2025-07-31,72.0,72.02,69.88,70.19,-0.026625988073776252,69477714.0,4895784250.0,485826572310.74994,538651770072.32,0.010037822185116601,394.0989806882109,2025-10-30,2025-09-30,11.905469623587926,1.187895271342914,9.398262128460953,2.300871650408423,69.7514243815353
sz000333,2025-08-01,70.2,70.97,70.1,70.79,0.008548226243054735,28644667.0,2019147913.0,490000680808.81,543277440312.18,0.004138271754200269,397.46782793729096,2025-10-30,2025-09-30,12.00770780340862,1.1980963179374209,9.47896967246139,2.320630377865316,70.347675337924
sz000333,2025-08-04,70.55,71.0,70.2,70.94,0.002118943353580871,19776642.0,1398398728.0,491053862107.48,544443512046.3001,0.0028570287126118287,398.310039749561,2025-10-30,2025-09-30,12.033480728294077,1.2006678700532192,9.49931500209129,2.325611297903914,70.49673807702116
sz000333,2025-08-05,71.11,71.51,70.68,71.38,0.0062024245841556525,19174845.0,1365340860.0,494106754633.56006,547827549849.7,0.0027700500413418896,400.78052773221964,2025-10-30,2025-09-30,12.108275914185771,1.2081307296000554,9.558358852118374,2.3400663448904075,70.93398877837286
sz000333,2025-08-06,71.38,71.78,70.99,71.7,0.004483048472961659,22135849.0,1583549584.0,496321859165.4,550283487310.5,0.00319780469868663,402.57724626506234,2025-10-30,2025-09-30,12.162557902033061,1.2135468382225267,9.601209438174381,2.3505569757444973,71.25198928844682
sz000333,2025-08-07,71.51,71.93,71.21,71.48,-0.0030683403068340054,20361565.0,1456650769.0,494810229683.16,548606285189.6,0.00294141991998015,401.34200227373304,2025-10-30,2025-09-30,12.125487794753338,1.2098480840752306,9.571946032667494,2.343392742697485,71.03336393777099
sz000333,2025-08-08,71.4,71.83,71.29,71.58,0.001398992725237802,20118405.0,1439938213.0,495506817658.86,549378133455.6,0.002906267640683491,401.9034768152464,2025-10-30,2025-09-30,12.142547454807271,1.2115502504029354,9.585413049263936,2.3466897221048257,71.1327390971691
sz000333,2025-08-11,71.3,71.82,71.19,71.76,0.0025146689019279744,17912366.0,1282650770.0,496757229886.32,550764014205.6,0.002587564522119093,402.9141309899704,2025-10-30,2025-09-30,12.173178675361553,1.2146065500032301,9.609593551939234,2.3526095647669854,71.3116143840857
sz000333,2025-08-12,71.75,72.44,71.6,71.93,0.002369007803790346,24047589.0,1734351324.0,497936869857.91,552071596670.7001,0.0034738200392021488,403.868637710543,2025-10-30,2025-09-30,12.202079319866064,1.2174901774476823,9.632407925611375,2.3581949533086695,71.48055215506248
sz000333,2025-08-13,71.98,72.29,71.6,71.82,-0.0015292645627695833,25384669.0,1827058280.0,497182329598.5,551234270091.96,0.0036669181888508936,403.25101571487824,2025-10-30,2025-09-30,12.183572435266251,1.2156436110039823,9.617798459697857,2.3546182807825624,71.37123947972454
sz000333,2025-08-14,71.8,73.05,71.72,72.33,0.007101086048454608,45514924.0,3301054398.0,500720775485.82,555156543459.81,0.006574711124630038,406.11453587659634,2025-10-30,2025-09-30,12.270263891659457,1.2242934479588632,9.686233310001212,2.371372421581221,71.87805279265493
sz000333,2025-08-15,72.33,72.4,71.81,72.3,-0.00041476565740361515,27469955.0,1980637245.0,500513093704.2,554926283591.1,0.003968083495681252,405.9460935141423,2025-10-30,2025-09-30,12.265174607589916,1.2237856530820654,9.682215793074624,2.370388857739835,71.8482402448355
sz000333,2025-08-18,72.31,72.56,71.61,71.84,-0.006362378976486727,54299761.0,3906936963.0,497347261724.96,551414254276.48,0.007843402649308743,403.363310623181,2025-10-30,2025-09-30,12.187550508597823,1.2160405323056225,9.620938778989613,2.355387090114849,71.39111451160417
sz000333,2025-08-19,73.2,73.63,72.2,72.68,0.011692650334075738,53760260.0,3916336802.0,503162569350.92,557861748340.96,0.007765473695391162,408.07969677189305,2025-10-30,2025-09-30,12.330055275123746,1.2302592690419356,9.733433052017888,2.3829278077609577,72.22586585054833
sz000333,2025-08-20,72.21,72.32,71.51,72.22,-0.006329113924050778,40377028.0,2901846346.0,499977996127.18,554330977781.84,0.005832314591337028,405.49691388093163,2025-10-30,2025-09-30,12.252016950597646,1.2224728179720499,9.671829045359546,2.3678459861928505,71.768740117317
sz000333,2025-08-21,72.09,72.5,71.66,71.92,-0.004153973968429758,33801371.0,2436115382.0,497901100546.48,552028301330.24,0.004882484894393324,403.81249025639164,2025-10-30,2025-09-30,12.201122391124104,1.217394697709081,9.63165251927802,2.3580100156049544,71.47061463912267
sz000333,2025-08-22,71.97,72.19,71.65,72.09,0.0023637374860956406,39138892.0,2814332706.0,499078008042.21,553333151319.48,0.005653470356965453,404.7669969769643,2025-10-30,2025-09-30,12.229962641492444,1.2202722991914299,9.654419217390885,2.3635837322714286,71.63955241009945
sz000333,2025-08-25,72.12,73.85,72.12,73.52,0.01983631571646538,70023449.0,5110086586.0,508977876976.88,564309242405.44,0.010114632095716511,412.79608292060493,2025-10-30,2025-09-30,12.472560041649666,1.2444780057782485,9.845927325046162,2.4104685254070666,73.06061718949245
sz000333,2025-08-26,73.52,74.28,73.31,73.8,0.003808487486398171,46293790.0,3417986336.0,510916312852.2,566458407093.6,0.006686969306044323,414.36821163684226,2025-10-30,2025-09-30,12.520061630491641,1.2492175846903528,9.883425416055587,2.4196487646224365,73.33886763580716
sz000333,2025-08-27,73.89,74.55,72.69,72.71,-0.01476964769647704,48841858.0,3605612810.0,503370258908.99005,558092015986.12,0.007055028445417308,408.2481391343469,2025-10-30,2025-09-30,12.335144731071102,1.2307670810682325,9.73745070462604,2.3839114048197474,72.25567839836773
sz000333,2025-08-28,72.71,73.97,72.51,73.5,0.010865080456608611,43298746.0,3171280840.0,508839417271.5,564155730642.0,0.0062543461119128375,412.6837880123023,2025-10-30,2025-09-30,12.469167071018099,1.244139464427384,9.843248889974062,2.4098127940345404,73.04074215761283
sz000333,2025-08-29,73.5,74.84,73.39,73.71,0.0028571428571426694,56766900.0,4210933505.0,510293244177.99005,565767604158.12,0.008199771889475616,413.8628845494802,2025-10-30,2025-09-30,12.50479326264958,1.247694148611462,9.87137245823113,2.416697973446068,73.24942999234885
sz000333,2025-09-01,75.0,75.84,73.52,74.03,0.004341337674671042,77625858.0,5792738594.0,512508599464.07,568223792373.16,0.011212772378354746,415.6596030823229,2025-10-30,2025-09-30,12.559080792754692,1.2531108102252957,9.914227419384758,2.42718967540649,73.56743050242282
sz000333,2025-09-02,74.21,76.4,73.99,76.16,0.028772119411049513,80590924.0,6106472167.0,527254558087.04,584572795179.52,0.011641065359603324,427.619010816557,2025-10-30,2025-09-30,12.92043216501685,1.289165464092375,10.199480754563599,2.4970250665805525,75.68412139760262
sz000333,2025-09-03,76.55,77.14,74.95,75.62,-0.007090336134453645,50488071.0,3826685200.0,523516146041.78,580427977566.64,0.007292817915715834,424.5870482923851,2025-10-30,2025-09-30,12.828821957964472,1.280024847619031,10.12716300761685,2.4793203195223397,75.14749553685283
sz000333,2025-09-04,75.98,76.0,74.42,75.59,-0.00039672044432692566,44353949.0,3328858300.0,523506987420.33,580396240858.1,0.006404336685993582,424.41860592993106,2025-10-30,2025-09-30,12.828120502143717,1.279954858271372,10.126609273418754,2.479184754957227,75.1176829890334
sz000333,2025-09-05,75.81,76.69,75.44,76.22,0.008334435771927495,46425167.0,3530971109.0,527917640922.62,585281034189.28,0.006702799744588688,427.9558955414651,2025-10-30,2025-09-30,12.9360859110647,1.2907273521570177,10.21183793267597,2.500050336615498,75.7437464932415
sz000333,2025-09-08,76.67,78.08,76.5,77.03,0.010627131986355343,55029371.0,4245832274.0,533542457127.39,591515458745.48,0.007944845609761672,432.50383932772314,2025-10-30,2025-09-30,13.073881340873507,1.3044762041265558,10.320614621911417,2.5266809197026836,76.54868528436623
sz000333,2025-09-09,77.02,77.6,76.35,77.18,0.0019472932623654238,38315019.0,2947171767.0,534632816619.3001,592718708672.84,0.005531185281740237,433.3460511399932,2025-10-30,2025-09-30,13.100475991175768,1.3071297457621152,10.341608627411226,2.5318206478165393,76.6977480234634
sz000333,2025-09-10,77.0,77.27,76.4,77.02,-0.0020730759264059317,27154194.0,2087580321.0,533524482197.7,591489957786.76,0.003920000096837198,432.4476918735718,2025-10-30,2025-09-30,13.073317709774006,1.3044199665534868,10.320169687525432,2.526571991381574,76.5387477684264
sz000333,2025-09-11,76.9,77.27,75.9,77.02,0.0,45960511.0,3515566425.0,533625562552.52,591591038141.58,0.006633637527196986,432.4476918735718,2025-10-30,2025-09-30,13.07555182309306,1.3046428802840035,10.321933312418945,2.5270037599855963,76.5387477684264
sz000333,2025-09-12,76.95,77.69,75.41,75.57,-0.018826278888600445,59117075.0,4507931249.0,523602986655.54,580477188035.25,0.008532184635319883,424.30631102162835,2025-10-30,2025-09-30,12.829909624935508,1.2801333720613706,10.128021619635147,2.479530523922323,75.09780795715376
sz000333,2025-09-15,75.2,75.95,74.5,75.17,-0.005293105729786807,48068047.0,3614905666.0,520851799518.37006,577424959736.88,0.006937242218095788,422.060412855575,2025-10-30,2025-09-30,12.76244820865608,1.2734022560340235,10.074767099335073,2.4664928139351248,74.70030731956132
sz000333,2025-09-16,75.13,75.2,74.05,74.46,-0.00944525741652269,45602831.0,3396155196.0,515952627075.96,571991439233.34,0.006581198773041796,418.0739436108303,2025-10-30,2025-09-30,12.642354640049867,1.2614196474703618,9.979964384835908,2.4432833231599815,73.99474368783471
sz000333,2025-09-17,74.41,75.43,74.17,74.35,-0.001477303250067119,57722675.0,4303710294.0,515203112470.2,571159138308.25,0.008330075619444623,417.4563216151656,2025-10-30,2025-09-30,12.623958834202961,1.2595841641615149,9.965442605277463,2.439728117905776,73.88543101249678
sz000333,2025-09-18,74.6,75.35,73.19,73.74,-0.008204438466711483,60084003.0,4452255641.0,510982754951.76,566479693018.98,0.008670731718995635,414.0313269119343,2025-10-30,2025-09-30,12.520532099451554,1.2492645267993552,9.883796807588082,2.419739688267323,73.27924254016831
sz000333,2025-09-19,73.41,74.59,73.21,74.35,0.008272308109574134,38847838.0,2879645243.0,515218047452.1,571174073290.15,0.005606047322262192,417.4563216151656,2025-10-30,2025-09-30,12.624288932391103,1.2596171004579542,9.965703187127518,2.4397919132525328,73.88543101249678
sz000333,2025-09-22,74.81,74.9,72.9,73.26,-0.014660390047074534,47973993.0,3520814681.0,507676497817.5,562812186491.28,0.0069228627724331315,411.3362491126703,2025-10-30,2025-09-30,12.439471588773237,1.2411765302421562,9.819807065754434,2.4040737937764542,72.80224177505737
sz000333,2025-09-23,73.25,73.65,72.72,73.53,0.0036855036855036882,42147721.0,3082692695.0,509555174055.84,564894065513.43,0.006082014437145879,412.8522303747564,2025-10-30,2025-09-30,12.485486006315881,1.2457677232602131,9.856131173196395,2.4129666196943975,73.07055470543229
sz000333,2025-09-24,73.51,74.35,72.95,74.1,0.007751937984496138,30628481.0,2260146501.0,513510843023.1,569278718135.4,0.004419712792701253,416.0526352613824,2025-10-30,2025-09-30,12.582397130535966,1.2554372507833849,9.932633501737866,2.4316958311725756,73.63699311400153
sz000333,2025-09-25,73.3,73.75,72.55,72.84,-0.017004048582995868,47860729.0,3487388578.0,504785087033.76,559604682488.28,0.006906256919842097,408.9780560383144,2025-10-30,2025-09-30,12.368578214617747,1.2341029828230776,9.763843333575043,2.390372817674429,72.3848661055853
sz000333,2025-09-26,73.04,74.7,72.89,74.2,0.018671059857221284,47698312.0,3524465566.0,514213722810.2,570056858212.8,0.006882769932817117,416.6141098028957,2025-10-30,2025-09-30,12.599595854403779,1.2571532925189606,9.946210296294922,2.4350196862931037,73.73636827339963
sz000333,2025-09-29,74.43,74.55,73.05,73.73,-0.006334231805929957,46593907.0,3431995413.0,510961265258.3,566450677296.49,0.006723344794782753,413.97517945778304,2025-10-30,2025-09-30,12.519890783815175,1.249200538075182,9.883290548477914,2.419615746498257,73.2693050242285
sz000333,2025-09-30,73.7,73.71,72.55,72.66,-0.014512410145124166,50610839.0,3690464285.0,503550066394.2,558234193326.1799,0.007302915454014041,407.9674018635903,2025-10-30,2025-09-30,12.338287184316949,1.2310806264779628,9.739931379497731,2.38451872076903,72.2059908186687
sz000333,2025-10-09,72.35,72.97,71.38,72.63,-0.0004128819157721564,61593908.0,4446685218.0,503344685095.83,558006233940.7201,0.008887678107077445,407.7989595011363,2025-10-30,2025-09-30,12.333248746331979,1.2305779048847347,9.735954000830795,2.3835449835298887,72.17617827084926
sz000333,2025-10-10,72.45,73.73,72.1,72.83,0.002753683051080813,43330526.0,3168138019.0,504735843809.29,559547913234.78,0.006252304541645307,408.92190858416296,2025-10-30,2025-09-30,12.36732348074208,1.233977788900887,9.762852837757759,2.390130325635509,72.37492858964548
sz000333,2025-10-13,71.38,72.11,71.02,71.81,-0.014005217630097433,48160457.0,3450611700.0,497671803902.35,551716218366.78,0.006949162862054741,403.194868260727,2025-10-30,2025-09-30,12.194224624425939,1.2167064573705946,9.626207373342586,2.3566769412829225,71.36130196378474
sz000333,2025-10-14,72.0,73.15,71.69,72.6,0.011001253307338699,51909507.0,3767793739.0,503148496501.2,557787467259.0,0.007490095338466367,407.6305171386823,2025-10-30,2025-09-30,12.328413488696937,1.2300954560723827,9.732137014172599,2.382610513276582,72.14636572302982
sz000333,2025-10-15,72.8,73.49,72.6,72.92,0.0044077134986226785,37633251.0,2753955979.0,505372800648.44,560252604335.2,0.005430083810206874,409.427235671525,2025-10-30,2025-09-30,12.38289880965808,1.2355318527180983,9.77514811283028,2.3931404406399275,72.46436623310379
sz000333,2025-10-16,73.2,73.69,72.52,73.18,0.003565551289083979,34678000.0,2535057433.0,507176686243.92,562252166685.46,0.005003652787737781,410.8870694794597,2025-10-30,2025-09-30,12.427093835357699,1.2399415117828227,9.810035979452202,2.4016816477435814,72.72274164753888
sz000333,2025-10-17,72.7,73.59,72.64,72.8,-0.005192675594424823,27649108.0,2017092908.0,504545590494.4,559335081832.7999,0.003989441391069576,408.75346622170895,2025-10-30,2025-09-30,12.362619406733598,1.233508429232819,9.759139408384438,2.389221208156758,72.34511604182605
sz000333,2025-10-20,73.09,73.4,72.39,72.87,0.0009615384615384581,29755742.0,2166679568.0,505034363419.1101,559876536960.72,0.004293373038738365,409.1464984007682,2025-10-30,2025-09-30,12.374586837151812,1.2347025067831705,9.768586582803469,2.3915340544575,72.41467865340472
sz000333,2025-10-21,72.9,73.26,72.58,72.91,0.0005489227391244356,28394659.0,2070032731.0,505313163485.78,560185441143.51,0.00409697339647527,409.37108821737354,2025-10-30,2025-09-30,12.381414345328963,1.235383736918152,9.773976266164295,2.392853550496246,72.45442871716395
sz000333,2025-10-22,72.8,73.99,72.61,73.88,0.013304073515292725,39329827.0,2894112406.0,512039461349.32,567641763822.9601,0.005674733761931098,414.81739127005284,2025-10-30,2025-09-30,12.546216594381157,1.2518272556154664,9.90407232998388,2.42470351817971,73.41836776332563
sz000333,2025-10-23,73.8,74.95,73.68,74.89,0.013670817541959979,34763341.0,2588236881.0,519041539843.91,575403971249.58,0.005015834779376081,420.48828413933757,2025-10-30,2025-09-30,12.71777961498945,1.268945345649825,10.039505394802482,2.4578600842671126,74.42205687324658
sz000333,2025-10-24,74.89,75.0,74.46,74.61,-0.003738816931499578,24483806.0,1829626026.0,517105778944.95,573257481537.78,0.0035326171936950457,418.91615542310024,2025-10-30,2025-09-30,12.670337149409606,1.26421166589548,10.002053976115356,2.448691271315638,74.14380642693186
sz000333,2025-10-27,74.74,75.35,74.37,74.88,0.003618817852834688,34055264.0,2552508383.0,518988470307.84,575343375684.48,0.004913516030148845,420.4321366851862,2025-10-30,2025-09-30,12.71644031063791,1.268811713516328,10.038448138451953,2.4576012479917577,74.41211935730676
sz000333,2025-10-28,74.61,74.92,74.13,74.41,-0.006276709401709435,23365775.0,1740011912.0,515738798461.46,571739980473.6901,0.003371178051635231,417.7932063400735,2025-10-30,2025-09-30,12.636796810686018,1.2608651024226667,9.975576994932092,2.442209207444651,73.94505610813563
sz000333,2025-10-29,74.25,74.42,73.5,74.4,-0.00013439053890595964,27358650.0,2025139821.0,515669488046.4,571663144029.6,0.003947263910671493,417.73705888592224,2025-10-30,2025-09-30,12.635098544752582,1.2606956540820642,9.974236371763844,2.441880997633141,73.93511859219582
sz000333,2025-10-30,74.5,76.1,74.5,75.3,0.012096774193548265,49965301.0,3777679276.0,521907425401.8,578578423997.7,0.007208916720055204,422.7903297595422,2025-10-30,2025-09-30,12.787942478761686,1.2759460047362827,10.094892456906148,2.4714198806690253,74.82949502677884
sz000333,2025-10-31,75.2,76.83,75.1,76.4,0.014608233731739917,50974159.0,3888018216.0,529531571058.4,587030432847.6,0.007354473199427988,428.96654971618904,2026-03-31,2024-12-31,15.146352698302824,1.4349865825629187,9.701126800136674,2.578456362455526,75.9226217801581
sz000333,2025-11-03,76.39,76.95,75.18,75.39,-0.013219895287958194,28196997.0,2132026191.0,522555125004.78,579293857861.9501,0.00406803321240138,423.2956568469043,2026-03-31,2024-12-31,14.946736312417865,1.416074647715613,9.57327398240373,2.544474442815353,74.91893267023715
sz000333,2025-11-04,75.12,75.79,74.9,75.16,-0.0030508024936994893,30260649.0,2282008180.0,520985310589.72,577550944779.2001,0.00436555567423877,422.00426540142365,2026-03-31,2024-12-31,14.901766282251351,1.411814124328116,9.544471010920029,2.5368189192241415,74.69036980362151
sz000333,2025-11-05,75.0,76.39,74.3,75.94,0.010377860564129815,26615133.0,2015978787.0,526402953467.24005,583555617921.06,0.003839555205204189,426.3837668252277,2026-03-31,2024-12-31,15.056696746083453,1.4264924525869203,9.64370282631329,2.5631936807369136,75.46549604692679
sz000333,2025-11-06,75.94,77.43,75.94,77.03,0.014353436923887353,35511147.0,2732619897.0,533967386574.84,591940388192.93,0.005122829075679152,432.5038393277231,2026-03-31,2024-12-31,15.27303763869431,1.4469888905307595,9.78226756682061,2.6000227155628544,76.54868528436621
sz000333,2025-11-07,77.27,77.27,76.11,76.2,-0.010775022718421345,26441999.0,2021807280.0,528225628408.2,585573969616.8,0.003814431211661978,427.8436006331624,2026-03-31,2024-12-31,15.108773546437058,1.4314262812953067,9.677057631502285,2.572059033332534,75.72387146136188
sz000333,2025-11-10,76.26,77.55,75.95,77.33,0.01482939632545932,39100815.0,3010493959.0,536087544664.87,594286327153.86,0.005640246735895004,434.1882629522631,2026-03-31,2024-12-31,15.333566730412045,1.45272350111324,9.82103600207015,2.6103269534716107,76.84681076256054
sz000333,2025-11-11,77.33,77.39,76.68,77.23,-0.0012931591878959647,22770754.0,1755331384.0,535394298130.97,593517820329.66,0.0032846545761864073,433.6267884107497,2026-03-31,2024-12-31,15.313737987711397,1.450844898370303,9.808335839129416,2.6069513851883164,76.74743560316243
sz000333,2025-11-12,77.23,80.55,77.23,79.49,0.029263239673701813,73784703.0,5857421168.0,551061669797.11,610886074556.5801,0.010643356928870466,446.3161130489511,2026-03-31,2024-12-31,15.761867572746073,1.4933013203606813,10.095359521590021,2.6832392283907716,78.99331420555977
sz000333,2025-11-13,79.2,80.0,78.69,79.6,0.0013838218643853484,33337014.0,2639881174.0,551824240984.4,611731432063.2001,0.004808825197070343,446.9337350446157,2026-03-31,2024-12-31,15.783679189716787,1.495367783377912,10.10932970082483,2.6869523535023956,79.10262688089767
sz000333,2025-11-14,79.5,80.42,79.05,79.23,-0.004648241206030024,27312749.0,2181244560.0,549259228808.97,608887956813.6599,0.0039398320315208145,444.8562792410164,2026-03-31,2024-12-31,15.71031284172438,1.488416953229044,10.062339097944108,2.674462750854205,78.73493879112468
sz000333,2025-11-17,79.23,79.39,77.91,78.42,-0.010223400227186707,26109532.0,2050426784.0,543643931884.38,602663051537.64,0.0037662693894934453,440.3083354547583,2026-03-31,2024-12-31,15.549700025849122,1.4732002710112542,9.959467778124159,2.6471206477595204,77.92999999999996
sz000333,2025-11-18,78.29,78.66,77.0,77.4,-0.0068009752341845475,23590408.0,1833005280.0,536572817238.6,594824281930.8,0.003402888705016287,437.3138093699255,2026-03-31,2024-12-31,15.347446850302502,1.4540385230332962,9.829926116128664,2.612689851269917,77.39999999999996
sz000333,2025-11-19,77.38,78.09,77.02,77.4,0.0,21441520.0,1661622968.0,536572817238.6,594824281930.8,0.0030929141296064406,437.3138093699255,2026-03-31,2024-12-31,15.347446850302502,1.4540385230332962,9.829926116128664,2.612689851269917,77.39999999999996
sz000333,2025-11-20,77.5,78.88,77.03,77.94,0.006976744186046435,26192879.0,2050174663.0,540316348521.66,598974218781.48,0.003778292096557138,440.3648359469249,2026-03-31,2024-12-31,15.454522060886005,1.4641829778451563,9.898506996008631,2.630917919999707,77.93999999999994
sz000333,2025-11-21,77.1,79.29,77.1,78.75,0.010392609699769073,43949476.0,3442968265.0,545931645446.25,605199124057.5,0.006339660402303528,444.94137581242416,2026-03-31,2024-12-31,15.615134876761264,1.4793996600629467,10.001378315828582,2.658260023094392,78.74999999999994
sz000333,2025-11-24,78.6,79.48,78.25,78.56,-0.002412698412698422,36773938.0,2903024266.0,544614477031.84,603738961091.52,0.005304597455846004,443.8678664612576,2026-03-31,2024-12-31,15.577460265630032,1.475830314851366,9.977248006241187,2.6518464433561326,78.55999999999995
sz000333,2025-11-25,78.99,79.0,77.61,78.7,0.001782077393075454,29101152.0,2280195509.0,545585022179.3,604814870645.4,0.004197807068184752,444.6588733515909,2026-03-31,2024-12-31,15.60522050541094,1.4784603586914782,9.995028234358216,2.656572238952745,78.69999999999996
sz000333,2025-11-26,78.69,80.0,78.41,79.8,0.013977128335451061,32072777.0,2538706360.0,553322526989.4,613380238648.8,0.004625525764377618,450.87392748992323,2026-03-31,2024-12-31,15.82622111715254,1.4993982649256916,10.136577490480665,2.6941945262982347,79.79999999999995
sz000333,2025-11-27,79.6,80.73,78.95,79.8,0.0,31646071.0,2524590682.0,553351804173.0,613409515832.4,0.004563744884819192,450.87392748992323,2026-03-31,2024-12-31,15.826976516743438,1.4994698325366542,10.137061318327675,2.6943231225959807,79.79999999999995
sz000333,2025-11-28,79.8,80.07,79.33,79.86,0.0007518796992480592,18126661.0,1445017043.0,553825271751.18,613928139584.76,0.0026138120112914756,451.21293044292315,2026-03-31,2024-12-31,15.840357864338753,1.5007376000737218,10.145631972422729,2.6966011113324524,79.85999999999996
sz000333,2025-12-01,79.8,80.2,79.17,80.0,0.001753067868770275,30352024.0,2419268736.0,554838122320.0,615046354560.0,0.004376342977023432,452.0039373332563,2026-03-31,2024-12-31,15.869209653717627,1.5034710588453675,10.164111329978338,2.7015127281007936,79.99999999999996
sz000333,2025-12-02,80.1,81.66,80.01,81.56,0.019500000000000073,37804931.0,3071966512.0,565691004400.64,627073297169.32,0.005450626134009126,460.81801411125485,2026-03-31,2024-12-31,16.17952459558419,1.5328707293018204,10.362865753501165,2.7543395407439792,81.55999999999996
sz000333,2025-12-03,81.55,82.88,81.26,82.17,0.007479156449239799,36866005.0,3038100689.0,569958407095.77,631799787635.28,0.005314913497435245,464.2645441334209,2026-03-31,2024-12-31,16.30147583970509,1.5444245602818663,10.440974622759429,2.7751000477502727,82.16999999999996
sz000333,2025-12-04,82.13,83.17,81.77,81.89,-0.0034075696726298954,28917966.0,2377656054.0,568078580900.8099,629709232627.48,0.004168599759534823,462.6825303527545,2026-03-31,2024-12-31,16.247536074896406,1.539314231722322,10.406426602625363,2.765917551308347,81.88999999999996
sz000333,2025-12-05,81.89,82.59,81.7,82.23,0.004151911100256589,24616511.0,2020996778.0,570503355171.36,632389891885.05,0.003548122340002705,464.6035470864209,2026-03-31,2024-12-31,16.316701501946195,1.545867060761144,10.450726546734732,2.777692005461819,82.22999999999996
sz000333,2025-12-08,83.0,83.1,81.04,81.81,-0.005107624954396206,27336529.0,2235419968.0,567621297102.6,629191740597.03,0.0039399533613442995,462.2305264154213,2026-03-31,2024-12-31,16.234183927591648,1.5380492306615137,10.397874651100288,2.763644533516133,81.80999999999996
sz000333,2025-12-09,81.5,81.56,79.94,80.2,-0.019679745752352984,35647940.0,2872571867.0,556482801339.2,616833949756.2001,0.005137561809852483,453.1339471765895,2026-03-31,2024-12-31,15.915332556055244,1.5078408069505174,10.193652707554849,2.7093645121808425,80.19999999999996
sz000333,2025-12-10,79.98,80.62,79.7,80.07,-0.0016209476309227977,24571972.0,1970629706.0,555580771860.72,615834094226.6699,0.003541299299201147,452.39944077842296,2026-03-31,2024-12-31,15.889534635453154,1.505396675966682,10.177129330348086,2.704972774193516,80.06999999999995
sz000333,2025-12-11,80.12,80.56,79.18,79.3,-0.00961658548769817,27294485.0,2178536617.0,550237981872.8,609911873013.3,0.0039336663985518215,448.0489028815904,2026-03-31,2024-12-31,15.73673156727158,1.4909199001393518,10.079260096123434,2.6789601722685883,79.29999999999995
sz000333,2025-12-12,79.35,79.98,79.2,79.32,0.00025220680958382147,32895862.0,2615339990.0,550376755638.72,610065696940.9199,0.004740933818710913,448.16190386592365,2026-03-31,2024-12-31,15.740700478133435,1.4912959202907108,10.081802154155241,2.679635824266638,79.31999999999995
sz000333,2025-12-15,79.69,81.1,79.45,80.41,0.013741805345436342,36554689.0,2945959175.0,557939925881.36,618449100996.21,0.005268241984738379,454.3204575120893,2026-03-31,2024-12-31,15.957006120104761,1.511789018539789,10.220344316888843,2.7164588581603675,80.40999999999997
sz000333,2025-12-16,80.25,80.85,79.84,79.96,-0.005596318865812799,21423089.0,1718619061.0,554817516148.16,614988062624.76,0.0030874839863248983,451.7779353645897,2026-03-31,2024-12-31,15.867705625712931,1.5033285651342065,10.163148011173137,2.701256688204241,79.95999999999995
sz000333,2025-12-17,79.71,80.92,79.38,80.47,0.0063781890945473485,23028180.0,1850597016.0,558356247179.12,618910572779.07,0.003318808832106673,454.65946046508924,2026-03-31,2024-12-31,15.96891285269034,1.5129170789938666,10.22797049098427,2.718485814154518,80.46999999999996
sz000333,2025-12-18,80.27,80.61,79.51,79.83,-0.007953274512240593,21409792.0,1710070019.0,553915486669.68,613988207095.23,0.0030855676298850703,451.04342896642316,2026-03-31,2024-12-31,15.841907705110845,1.5008844341503713,10.146624633966375,2.696864950216915,79.82999999999996
sz000333,2025-12-19,79.85,79.9,78.8,79.45,-0.004760115244895391,27801766.0,2205368624.0,551278785117.2001,611065552470.4501,0.0040067754615850226,448.8964102640902,2026-03-31,2024-12-31,15.766498398735525,1.4937400512745462,10.098325531362002,2.684027562253964,79.44999999999996
sz000333,2025-12-22,79.3,79.79,78.9,79.16,-0.003650094398993109,24503713.0,1941379877.0,549266565511.3601,608835105519.96,0.0035314618490826055,447.25789599125716,2026-03-31,2024-12-31,15.708949191238563,1.4882877590798371,10.061465689900768,2.674230608282237,79.15999999999995
sz000333,2025-12-23,79.38,80.31,79.02,79.65,0.006189994946943056,25468020.0,2029842283.0,545235547511.7,605172816481.95,0.0037204613717092072,450.0264201074234,2026-03-31,2024-12-31,15.6144560979525,1.4793353516117629,10.000943563025432,2.658144470421546,79.64999999999998
sz000333,2025-12-24,79.43,79.94,78.76,78.8,-0.010671688637790444,21704738.0,1715476084.0,539416963514.4,598714600612.4,0.0031707073935103294,445.2238782732576,2026-03-31,2024-12-31,15.447823484226705,1.4635483453484863,9.894216607236713,2.6297775802789434,78.79999999999997
sz000333,2025-12-25,78.52,78.88,78.18,78.59,-0.002664974619289273,22675780.0,1780124525.0,537979430997.42,597119041397.57,0.003312560755150036,444.0373679377578,2026-03-31,2024-12-31,15.406655426717977,1.4596480261540294,9.867848771100673,2.622769289773123,78.58999999999997
sz000333,2025-12-26,78.59,79.07,78.55,78.87,0.0035627942486322617,21410712.0,1688269460.0,539896141020.06006,599246453684.01,0.0031277550016369855,445.6193817184242,2026-03-31,2024-12-31,15.461546170062949,1.4648484517466385,9.903005885948724,2.632113677114216,78.86999999999998
sz000333,2025-12-29,78.79,79.72,78.25,78.41,-0.005832382401420144,25697385.0,2026008965.0,536747260268.58,595751419213.4299,0.0037539678485582935,443.020359078758,2026-03-31,2024-12-31,15.371368520281925,1.4563048954159237,9.845247768698355,2.6167621836252777,78.40999999999998
sz000333,2025-12-30,78.16,79.38,78.12,78.85,0.005611529141691163,21362222.0,1681118068.0,539759233161.3,599094495663.5499,0.0031206714053497917,445.50638073409095,2026-03-31,2024-12-31,15.457625402681163,1.4644769927757375,9.900494663459577,2.6314462208755667,78.85
sz000333,2025-12-31,78.87,80.28,77.85,78.15,-0.00887761572606205,28775822.0,2256598466.0,534967458104.7,593775964947.45,0.004203677168079026,441.55134628242496,2026-03-31,2024-12-31,15.320398544318742,1.4514759287942156,9.812601876339453,2.608085252522835,78.14999999999999
sz000333,2026-01-05,80.04,80.5,78.25,78.68,0.006781829814459295,44294709.0,3501427582.0,538536059695.48,597743395823.28,0.006471447252929889,444.54587236725774,2026-03-31,2024-12-31,15.422764799948729,1.4611742506451715,9.878166705424213,2.625511687017488,78.67999999999998
sz000333,2026-01-06,78.58,79.49,77.39,78.84,0.0020335536349771477,45452476.0,3572813822.0,539731934421.48,598958939078.64,0.006639357390777705,445.4498802419243,2026-03-31,2024-12-31,15.45412781936906,1.464145626853906,9.898254487234938,2.630850805852297,78.83999999999999
sz000333,2026-01-07,78.99,79.58,78.06,79.37,0.006722475900558189,40196784.0,3173707531.0,543360269343.39,602985426112.02,0.0058716452528547606,448.44440632675713,2026-03-31,2024-12-31,15.558017821198913,1.4739883105453389,9.964795264482966,2.648536636992603,79.36999999999999
sz000333,2026-01-08,79.37,79.48,78.31,79.03,-0.004283734408466744,31253684.0,2464225429.0,541032658261.41,600402396694.38,0.004565304161965365,446.5233895930907,2026-03-31,2024-12-31,15.491371404930705,1.467674136101778,9.922108728135175,2.637191009468633,79.02999999999997
sz000333,2026-01-09,79.6,79.95,79.3,79.77,0.009363532835632071,34108097.0,2719435078.0,546098635322.19,606024284250.42,0.004982255441976644,450.70442601342336,2026-03-31,2024-12-31,15.636425369749746,1.481416751067175,10.01501471900978,2.6618844340796266,79.76999999999998
sz000333,2026-01-12,79.78,79.79,77.81,78.62,-0.014416447285947043,52501410.0,4117420887.0,538225833133.14,597287567102.52,0.007669012894033549,444.2068694142578,2026-03-31,2024-12-31,15.411003667666103,1.460059984566896,9.870633787245191,2.6235095174544343,78.61999999999998
sz000333,2026-01-13,77.9,78.0,76.1,76.2,-0.03078097176291017,94571232.0,7277543658.0,521658718961.4,578902475365.2,0.01381425751446748,430.5337503099268,2026-03-31,2024-12-31,14.936637998933564,1.4151179194097874,9.566806087357968,2.5427553450779428,76.19999999999999
sz000333,2026-01-14,76.2,77.63,75.91,77.15,0.01246719160104992,53968401.0,4151813691.0,528289801842.15,586247227125.0,0.00788139790439127,435.90129706575925,2026-03-31,2024-12-31,15.126144699797047,1.433072048595973,9.688183726659753,2.5750162311343043,77.14999999999998
sz000333,2026-01-15,77.46,78.05,76.89,77.22,0.0009073233959817628,36031372.0,2794124458.0,528769131539.22,586779142950.0,0.005261923171915771,436.29680051092583,2026-03-31,2024-12-31,15.139869004774182,1.4343723083937918,9.696974042419523,2.577352603605845,77.21999999999998
sz000333,2026-01-16,77.25,77.85,77.15,77.31,0.0011655011655011815,37186855.0,2882035811.0,529385412578.31,587463034725.0,0.005430666753826966,436.8053049404258,2026-03-31,2024-12-31,15.157514539744781,1.4360440709909874,9.708275876967797,2.5803565110692555,77.30999999999999
sz000333,2026-01-19,77.37,78.14,77.05,77.62,0.004009830552321958,33637393.0,2609235772.0,531508158379.62,589818661950.0,0.004912313016266418,438.55682019759223,2026-03-31,2024-12-31,15.218293604643513,1.4418023643813278,9.747204418189632,2.590703303443224,77.62
sz000333,2026-01-20,77.66,79.37,77.2,79.0,0.017778922958000543,45535750.0,3580248041.0,540957800979.00006,600305002500.0,0.006649916580350133,446.3538881165909,2026-03-31,2024-12-31,15.488858474192702,1.4674360575383263,9.920499214596507,2.636763217882178,79.0
sz000333,2026-01-21,78.96,78.96,77.55,77.78,-0.015443037974683493,36808644.0,2881638098.0,532603769115.78,591034469550.0,0.005375433852210746,439.4608280722588,2026-03-31,2024-12-31,15.249663444591244,1.444774386776342,9.767296568497676,2.596043583378175,77.78000000000002
sz000333,2026-01-22,78.25,78.26,77.37,77.49,-0.0037284649010028703,34404058.0,2673285096.0,530617974656.49,588830818275.0,0.005024274679247134,437.82231379942573,2026-03-31,2024-12-31,15.192805609685982,1.4393875961853786,9.730879546064346,2.5863643259960756,77.49000000000001
sz000333,2026-01-23,77.57,77.79,76.71,76.78,-0.009162472577106673,37370740.0,2879013288.0,525756202014.78,583435672050.0,0.0054575208170712895,433.810778855593,2026-03-31,2024-12-31,15.053601944917919,1.4261992468075024,9.641720629072402,2.5626668337847294,76.78
sz000333,2026-01-26,76.8,77.87,76.02,76.35,-0.005600416775201955,47313168.0,3631661682.0,522866018581.2,580222459544.85,0.006908768687248333,431.38125769242674,2026-03-31,2024-12-31,14.970695766337847,1.4183445998014745,9.588619835307698,2.54855320736227,76.35
sz000333,2026-01-27,76.4,77.1,75.92,76.1,-0.0032743942370661028,32580654.0,2493849777.0,521161794480.5,578330427844.4,0.004757424269504409,429.96874538826034,2026-03-31,2024-12-31,14.921878230060603,1.41371955831809,9.557352564636728,2.5402426992471665,76.1
sz000333,2026-01-28,76.09,76.36,75.0,75.34,-0.009986859395532122,62893723.0,4759175492.0,515963863829.8601,572561562090.52,0.009183614247028935,425.67470798359443,2026-03-31,2024-12-31,14.773031985491011,1.399617657479205,9.462017646649802,2.514903691633731,75.34
sz000333,2026-01-29,75.7,78.08,75.47,77.88,0.0337138306344571,62244106.0,4784027398.0,533365492059.84,591871315533.96,0.00908864755490431,440.02583299392535,2026-03-31,2024-12-31,15.271255450248821,1.4468200435114265,9.781126088311835,2.5997193227112616,77.88000000000001
sz000333,2026-01-30,77.6,79.0,77.4,77.59,-0.0037236774524909144,53250829.0,4168550768.0,531385714880.26,589673681538.67,0.007775391220369982,438.38731872109236,2026-03-31,2024-12-31,15.214552871077627,1.4414479620652778,9.744808506027079,2.5900664954634194,77.59000000000002
sz000333,2026-02-02,77.6,78.48,77.0,77.85,0.003350947287021455,34591579.0,2696447814.0,533166360399.9,591649646962.0499,0.005050870844758766,439.85633151742536,2026-03-31,2024-12-31,15.265536035744208,1.446278178203143,9.777462845652893,2.598745671759598,77.85000000000001
sz000333,2026-02-03,77.8,78.89,77.43,77.91,0.0007707129094411957,34503710.0,2691523350.0,533577278596.74,592105638982.83,0.005038040699877028,440.1953344704253,2026-03-31,2024-12-31,15.277301381436498,1.4473928434657275,9.78499846248962,2.6007485585971772,77.91000000000001
sz000333,2026-02-04,78.1,79.88,78.01,79.81,0.02438711333590038,38910259.0,3080223023.0,546589688163.34,606545386307.53,0.005681460587419626,450.9304279820901,2026-03-31,2024-12-31,15.649870661692297,1.4826905767808973,10.023626328985968,2.6641733084538664,79.81
sz000333,2026-02-05,79.83,81.16,79.63,80.45,0.008019045232426913,42919791.0,3456314703.0,550974798688.8,611411284288.35,0.006266887694622591,454.54645948075614,2026-03-31,2024-12-31,15.775418849465028,1.49458518721996,10.104039014031066,2.6855461452024545,80.44999999999999
sz000333,2026-02-06,80.43,80.8,79.4,79.54,-0.011311373523927859,31256590.0,2494058799.0,544742516938.56,604495382875.02,0.0045638977889445815,449.40491469359034,2026-03-31,2024-12-31,15.59697719436232,1.4776793759039857,9.989748454643024,2.655168929638325,79.53999999999999
sz000333,2026-02-09,79.18,79.34,78.41,79.16,-0.0047774704551170055,33466953.0,2637206616.0,542140025658.24,601607424043.08,0.004886641594601721,447.2578959912573,2026-03-31,2024-12-31,15.522463096627119,1.4706198063434686,9.942022726546917,2.6424839385236334,79.15999999999998
sz000333,2026-02-10,79.21,80.28,78.88,80.19,0.013011622031328995,30618408.0,2442130413.0,549194146760.16,609435312455.97,0.004470714322074259,453.077446684423,2026-03-31,2024-12-31,15.724435519435684,1.489754955415396,10.071384568491627,2.6768669407555605,80.18999999999998
sz000333,2026-02-11,80.0,80.21,79.6,79.69,-0.006235191420376651,19806640.0,1581382077.0,545769816128.16,605635366624.47,0.0028920455015221205,450.25242207609017,2026-03-31,2024-12-31,15.626390653994633,1.4804660480989265,10.008587557838855,2.6601761629730714,79.68999999999998
sz000333,2026-02-12,79.46,80.06,79.3,79.8,0.0013803488518007168,18878441.0,1505278311.0,546523168867.2,606471354707.4,0.0027565155104450206,450.8739274899234,2026-03-31,2024-12-31,15.647960524391667,1.4825096077085498,10.022402900182465,2.663848134085219,79.79999999999998
sz000333,2026-02-13,79.51,80.0,78.91,79.05,-0.009398496240601517,25510243.0,2024367758.0,541386672919.2,600771435960.15,0.003724851035354112,446.6363905774241,2026-03-31,2024-12-31,15.500893226230092,1.4685762467338455,9.928207384203308,2.638811967411486,79.04999999999998
sz000333,2026-02-24,80.2,80.6,79.52,79.52,0.005945604048070763,25251393.0,2020103221.0,544605543713.28,604343385041.76,0.003687055327547588,449.2919137092569,2026-03-31,2024-12-31,15.593055399744678,1.477307819611327,9.987236574216913,2.6545012985270255,79.51999999999998
sz000333,2026-02-25,80.28,80.77,79.29,79.7,0.002263581488933797,28552395.0,2280423704.0,545838302740.8,605711365541.1,0.004169047628342449,450.30892256825683,2026-03-31,2024-12-31,15.628351551303453,1.4806518262452557,10.009843498051909,2.660509978528721,79.69999999999999
sz000333,2026-02-26,80.15,80.2,78.75,79.25,-0.00564617314930993,25327062.0,2011764284.0,542756405172.0,602291414292.75,0.0036981040562090207,447.7664004207573,2026-03-31,2024-12-31,15.54011117240651,1.4722918096604332,9.953326188464414,2.6454882785244815,79.25
sz000333,2026-02-27,79.03,79.5,78.5,78.64,-0.0076971608832807625,20160388.0,1590463839.0,538578721800.96,597655480378.32,0.0029436976400005524,444.31987039859115,2026-03-31,2024-12-31,15.420496436568426,1.4609593427343401,9.876713835468031,2.6251255296298446,78.63999999999999
sz000333,2026-03-02,78.0,78.06,76.7,77.45,-0.015132248219735467,27478559.0,2126756401.0,530428814896.8,588611609299.35,0.004012252605402036,437.59631183075896,2026-03-31,2024-12-31,15.187149656818725,1.4388517433211425,9.727256950114432,2.5854014785075212,77.44999999999999
sz000333,2026-03-03,77.46,77.64,76.5,76.56,-0.011491284699806315,28800034.0,2219134173.0,524333506371.84,581847705719.28,0.004205206373891994,432.5677680279265,2026-03-31,2024-12-31,15.012629796333657,1.4223174882978267,9.6154782711525,2.5556918940546915,76.55999999999999
sz000333,2026-03-04,76.0,76.52,75.37,76.16,-0.0052246603970742544,28493355.0,2165428071.0,521780878111.36,578994585299.2,0.004158937224098237,430.30774834126015,2026-03-31,2024-12-31,14.939014587044362,1.4153430806825507,9.568328274453025,2.543159926224129,76.15999999999998
sz000333,2026-03-05,76.6,76.99,76.12,76.27,0.0014443277310924874,19687239.0,1505981137.0,522545290162.45,579841632694.18,0.0028735226339198197,430.9292537550934,2026-03-31,2024-12-31,14.960869805920003,1.4174136746050752,9.582326380385227,2.5468804739550075,76.26999999999998
sz000333,2026-03-06,76.22,76.72,75.76,76.52,0.003277828766225177,20662879.0,1576695274.0,524269204520.0,581753354651.48,0.0030158618653323603,432.3417660592598,2026-03-31,2024-12-31,15.010195383277033,1.4220868486090343,9.61391904760762,2.555277469013909,76.51999999999997
sz000333,2026-03-09,75.73,76.1,75.02,75.41,-0.014506011500261318,25947837.0,1958550801.0,516672311788.4,573322596176.99,0.0037871709854105074,426.07021142876084,2026-03-31,2024-12-31,14.79266791924182,1.4014779932332817,9.474594316885206,2.518246436868906,75.40999999999998
sz000333,2026-03-10,75.75,76.84,75.75,76.6,0.015780400477390266,20908556.0,1598535440.0,524833538871.4,582377787434.7999,0.003051625460225092,432.793769996593,2026-03-31,2024-12-31,15.026306778263265,1.423613264644111,9.624238276850582,2.558020210434089,76.59999999999998
sz000333,2026-03-11,76.6,77.72,76.1,77.39,0.010313315926893107,25135764.0,1941618421.0,530256943566.77,588394664145.38,0.0036685173095051663,437.257308877759,2026-03-31,2024-12-31,15.181552114282,1.4383214243330982,9.723671765548909,2.5844485745671855,77.38999999999999
sz000333,2026-03-12,77.3,77.75,76.93,77.4,0.00012921566093826442,19330478.0,1493891519.0,530325461068.2,588470693950.8,0.0028212467758691883,437.31380936992576,2026-03-31,2024-12-31,15.183513808572515,1.4385072779865848,9.72492821622284,2.5847825257979085,77.4
sz000333,2026-03-13,76.95,77.46,76.65,76.86,-0.006976744186046546,18729288.0,1443018566.0,526625515990.98,584365084458.12,0.0027335042301760712,434.26278279292626,2026-03-31,2024-12-31,15.077582316884799,1.4284711806983064,9.657079879830588,2.5667491593388534,76.86
sz000333,2026-03-16,76.52,76.88,75.68,76.64,-0.0028623471246421728,20560029.0,1570261577.0,525118130959.52,582692428738.88,0.0030006974234174145,433.01977196525974,2026-03-31,2024-12-31,15.034425042493508,1.4243824003216004,9.629437965004115,2.559402232262942,76.63999999999999
sz000333,2026-03-17,76.98,77.6,76.6,76.6,-0.000521920668058562,21407454.0,1649202285.0,524866707284.2,582410955847.6,0.0031242426956070773,432.79376999659314,2026-03-31,2024-12-31,15.027162577980965,1.4236943443031367,9.624786410235714,2.5581658984601794,76.6
sz000333,2026-03-18,76.74,77.3,76.3,77.06,0.006005221932114946,20071638.0,1544837048.0,528018648346.22,585908462893.16,0.0029292912837915923,435.39279263625934,2026-03-31,2024-12-31,15.117404024271714,1.432243944804174,9.682585388678385,2.573528252419601,77.05999999999999
sz000333,2026-03-19,76.43,76.98,75.93,76.0,-0.013755515182974354,23272907.0,1777663110.0,520755479812.0,577848990136.0,0.0033964902926005504,429.40374046659366,2026-03-31,2024-12-31,14.909456343688687,1.412542691475697,9.549396438353973,2.53812804546963,75.99999999999999
sz000333,2026-03-20,75.92,76.15,75.12,75.12,-0.011578947368421022,21912595.0,1657477564.0,514725679519.44,571158107092.3201,0.0031979638900798838,424.43169715592785,2026-03-31,2024-12-31,14.736820533393345,1.3961869339954522,9.438824479594086,2.508739194416824,75.11999999999999
sz000333,2026-03-23,73.95,73.97,72.35,73.37,-0.023296059637912703,46200800.0,3377621418.0,502734599392.19,557852373766.82,0.006742628615771099,414.5441110267629,2026-03-31,2024-12-31,14.393510683374195,1.3636612799154197,9.21893706160567,2.45029545652772,73.36999999999999
sz000333,2026-03-24,73.73,74.42,72.8,74.23,0.01172141202126209,26714723.0,1968463615.0,508627358769.01,564391191286.78,0.0038987951672308347,419.4031533530954,2026-03-31,2024-12-31,14.562222952526465,1.3796453156347501,9.326996021302836,2.479016379147508,74.22999999999998
sz000333,2026-03-25,74.5,74.97,73.95,74.8,0.007678836050114324,18496362.0,1376467588.0,512533024867.6,568725058712.8,0.0026993926449079054,422.62368140659476,2026-03-31,2024-12-31,14.67404387510413,1.3902393858208177,9.39861649459049,2.4980523394885306,74.79999999999997
sz000333,2026-03-26,74.89,75.54,74.18,74.32,-0.0064171122994652885,17708533.0,1325335069.0,509244042889.84,565075486143.52,0.002584415450579358,419.91165778259517,2026-03-31,2024-12-31,14.579878887670306,1.3813180635588658,9.338304517085096,2.4820220570960907,74.31999999999996
sz000333,2026-03-27,72.9,74.95,72.8,74.78,0.006189451022605041,31912535.0,2367294087.0,512395983951.86,568572993189.08,0.004657373285588058,422.5106804222614,2026-03-31,2024-12-31,14.67012033396105,1.389867664059903,9.396103495527763,2.4973844110555117,74.77999999999996
sz000333,2026-03-30,73.35,74.0,71.77,72.1,-0.035838459481144835,45622715.0,3304801590.0,494032501242.7,548196213010.6,0.006658261841530218,407.3685485215973,2026-03-31,2024-12-31,14.144365820788872,1.340056948097339,9.059361621122651,2.4078820010310564,72.09999999999997
sz000333,2026-03-31,75.05,77.32,74.31,76.35,0.05894590846047154,69491461.0,5310077352.0,523156364269.95,580510136801.1,0.010141658230142946,431.3812576924265,2026-03-31,2024-12-31,14.978118313692516,1.4190478222917036,9.593373921951656,2.5498167930474502,76.34999999999995
sz000333,2026-04-01,76.5,77.4,76.34,76.84,0.006417812704649695,27361577.0,2100652578.0,526513883831.08,584235742132.24,0.003993177846293086,434.1497818085927,2026-04-30,2026-03-31,13.08953358948684,1.2655249577451428,10.909257135911114,2.380349779810296,76.83999999999996
sz000333,2026-04-02,76.85,77.84,76.58,77.37,0.006897449245184761,32631797.0,2523387318.0,530167569953.94,588287561843.0701,0.0047621210292235405,437.14430789342555,2026-04-30,2026-03-31,13.180312749984434,1.2743016870661272,10.984915538686122,2.3968580956509284,77.36999999999996
sz000333,2026-04-03,77.3,77.35,76.2,76.35,-0.013183404420318068,17277260.0,1325461933.0,523187618753.25,580541391284.4,0.0025213111964374167,431.38125769242646,2026-04-30,2026-03-31,13.006763354756483,1.2575225490196078,10.840273640991292,2.365297898192948,76.34999999999994
sz000333,2026-04-07,76.35,76.7,75.62,76.12,-0.003012442698100748,16382605.0,1246113300.0,521611546031.4,578792543609.28,0.002390752087617574,430.0817463725934,2026-04-30,2026-03-31,12.96758122546252,1.2537343343991165,10.807617937816072,2.3581725738107036,76.11999999999995
sz000333,2026-04-08,76.95,77.25,76.35,76.73,0.008013662637940122,28680412.0,2200099879.0,525809555488.8001,583448782290.57,0.004185256790767612,433.5282763947595,2026-04-30,2026-03-31,13.071902115514497,1.263820307980406,10.894562473039098,2.377143471892533,76.72999999999996
sz000333,2026-04-09,76.4,77.02,75.9,76.52,-0.002736869542551923,23502394.0,1796387351.0,524383275944.8,581864751702.28,0.003429558628924145,432.3417660592596,2026-04-30,2026-03-31,13.036412637386158,1.2603891070134872,10.86498434942801,2.3706896612299264,76.51999999999994
sz000333,2026-04-10,76.52,76.74,76.06,76.41,-0.0014375326711970615,25837267.0,1971065632.0,523636974305.1,581035818563.1901,0.003770218048658471,431.7202606454264,2026-04-30,2026-03-31,13.017840770954368,1.2585935380330755,10.849505931880657,2.367312341643301,76.40999999999994
sz000333,2026-04-13,76.03,76.47,75.58,75.78,-0.00824499411071844,18237520.0,1384781818.0,519324607096.02,576250198221.24,0.002661224303096559,428.16072963892697,2026-04-30,2026-03-31,12.910621144192287,1.2482273081976203,10.760145492078323,2.347814304283173,75.77999999999994
sz000333,2026-04-14,76.06,76.55,75.5,76.55,0.010160992346265552,19578158.0,1489302845.0,524605719925.6,582109731546.55,0.002856827400037781,432.51126753575954,2026-04-30,2026-03-31,13.041901298330824,1.260919762851038,10.869558783892604,2.3716877818109063,76.54999999999994
sz000333,2026-04-15,76.55,77.88,76.2,77.49,0.012279555845852386,31845072.0,2461286853.0,531056004626.7,589266139969.7101,0.004646731432807401,437.82231379942533,2026-04-30,2026-03-31,13.20223734366274,1.2764214051063942,11.003188231781094,2.4008451133225512,77.48999999999994
sz000333,2026-04-16,77.77,78.44,77.4,77.9,0.005291005291005346,23807803.0,1853913748.0,533871402397.0,592389527874.1,0.003473922456556032,440.1388339782583,2026-04-30,2026-03-31,13.27221541576476,1.283187039354136,11.061510308516464,2.413570722480496,77.89999999999995
sz000333,2026-04-17,78.18,79.25,77.84,78.65,0.00962772785622601,27735236.0,2181684923.0,539021538448.25,598103060512.1,0.004046918640171237,444.3763708907576,2026-04-30,2026-03-31,13.400224491530624,1.2955632389407814,11.168197373698202,2.4368493498838215,78.64999999999995
sz000333,2026-04-20,78.4,79.9,78.05,79.58,0.011824539097266218,27669979.0,2201771534.0,545404326679.94,605184460511.36,0.004037329410685419,449.63091666225665,2026-04-30,2026-03-31,13.558880007560187,1.3109024039191737,11.30042621199595,2.4657010748184662,79.57999999999994
sz000333,2026-04-21,79.75,80.08,79.2,79.5,-0.0010052777079667674,23879288.0,1903225382.0,544875997494.0,604596035689.5,0.00348410171255691,449.17891272492346,2026-04-30,2026-03-31,13.545696619562538,1.3096278049103853,11.289438733442521,2.4633036574847758,79.49999999999996
sz000333,2026-04-22,79.5,79.63,78.87,79.3,-0.002515723270440251,20278160.0,1606990585.0,543534215853.2,603104014958.9,0.002958522280838914,448.0489028815904,2026-04-30,2026-03-31,13.512268580055537,1.3063959083729428,11.261578682048166,2.457224722285443,79.29999999999995
sz000333,2026-04-23,79.29,80.15,78.73,79.85,0.0069356872635559785,29943246.0,2388456633.0,547331385745.15,607314342347.7999,0.004368410537694415,451.1564299507565,2026-04-30,2026-03-31,13.606599032312031,1.3155159844084907,11.340196850707695,2.474378845442168,79.84999999999995
sz000333,2026-04-24,79.56,80.2,79.46,79.66,-0.0023794614902942213,21788011.0,1740580503.0,546045370454.64,605885599921.98,0.003178550813121817,450.08292059959,2026-04-30,2026-03-31,13.574588714173599,1.3124211562977255,11.313518375941037,2.4685577248337403,79.65999999999995
sz000333,2026-04-27,79.24,80.15,79.01,79.5,-0.0020085362791865125,25851162.0,2060818397.0,544973255250.0,604693293445.5,0.003771134379901297,449.1789127249236,2026-04-30,2026-03-31,13.547875634936288,1.3098384769194327,11.2912547980756,2.4636999144430276,79.49999999999997
sz000333,2026-04-28,79.45,80.8,79.18,80.45,0.011949685534591303,30472906.0,2450034708.0,551504355825.9,611938029697.9501,0.004445196600539468,454.546459480756,2026-04-30,2026-03-31,13.710190624733597,1.3255314478874454,11.426533564779238,2.4932171197416384,80.44999999999997
sz000333,2026-04-29,80.55,81.94,80.45,81.31,0.010689869484151737,33110792.0,2684108096.0,557399865409.62,618479567367.81,0.004829994882653115,459.4055018070886,2026-04-30,2026-03-31,13.85675077311484,1.3397012060625006,11.548681717243007,2.519869285347329,81.30999999999999
sz000333,2026-04-30,81.0,82.15,80.61,81.1,-0.0025827081539786523,35443269.0,2889837730.0,555960264232.2,616882215146.1,0.0051702420133743045,458.2189914715888,2026-04-30,2026-03-31,13.820962829905465,1.3362411488337078,11.518854842804176,2.5133611983971016,81.1
sz000333,2026-05-06,79.7,80.88,79.15,80.44,-0.008138101109741003,36041863.0,2885237850.0,551435803388.88,611861965306.44,0.005257561155628191,454.4899589885895,2026-04-30,2026-03-31,13.708486436961719,1.3253666832575024,11.425113237425006,2.4929072108392454,80.44
sz000333,2026-05-07,80.0,80.98,79.77,79.81,-0.007831924415713565,37217647.0,2988466109.0,547147900532.8001,607100809317.49,0.0054287705466429656,450.93042798209007,2026-04-30,2026-03-31,13.601814922797425,1.3150534461560826,11.33620961307968,2.473508848512803,79.80999999999999
sz000333,2026-05-08,79.65,81.09,79.32,80.4,0.007392557323643745,28242327.0,2273797150.0,551192722752.0,611588836851.6,0.00411958104138769,454.2639570199229,2026-04-30,2026-03-31,13.702367119319794,1.3247750541404464,11.42001319247721,2.4917944044659737,80.4
sz000333,2026-05-11,80.14,82.45,79.58,80.67,0.0033582089552237626,43644407.0,3540579382.0,553108284413.82,613707221284.65,0.006365470219671925,455.7894703084226,2026-04-30,2026-03-31,13.749828550026955,1.3293637298697665,11.459569143656287,2.5004253312565203,80.67
sz000333,2026-05-12,80.66,81.17,79.73,80.09,-0.0071897855460517635,35775583.0,2875768679.0,549150898763.02,609314142273.43,0.0052176304344108415,452.51244176275657,2026-04-30,2026-03-31,13.651403631570632,1.3198477918175089,11.377538509281086,2.4825266237606685,80.09
sz000333,2026-05-13,79.96,80.95,79.63,80.38,0.00362092645773493,32849685.0,2636662837.0,551170716464.66,611551806655.28,0.004790634918408806,454.15095603558956,2026-04-30,2026-03-31,13.7015374747712,1.3246948422768894,11.419321738832192,2.4916435324578097,80.38
sz000333,2026-05-14,80.39,82.08,80.39,81.81,0.01779049514804676,38926688.0,3174393395.0,560976316421.67,622431616104.36,0.005676874855597704,462.2305264154215,2026-04-30,2026-03-31,13.945294610736898,1.348261819441059,11.62247712682087,2.5359711046326625,81.80999999999999
sz000333,2026-05-15,81.45,83.3,80.75,82.57,0.009289817870675954,42660857.0,3525964212.0,566231956943.87,628258165167.7999,0.006220961073094612,466.5245638200874,2026-04-30,2026-03-31,14.075835767630766,1.3608828262120565,11.73127451349921,2.5597101944897735,82.56999999999998
sz000333,2026-05-18,82.68,83.44,82.08,82.83,0.003148843405595292,37735368.0,3123465724.0,568036743917.28,630258262957.95,0.00550249709179934,467.9935766164205,2026-04-30,2026-03-31,14.120647040407194,1.365215278831487,11.768621734006604,2.567859186396717,82.83
sz000333,2026-05-19,82.83,82.84,80.5,81.0,-0.022093444404201357,33581768.0,2725821114.0,555486855696.0,616333687065.0,0.004896827314827833,457.65398654992225,2026-04-30,2026-03-31,13.808673310068608,1.3350529709688574,11.508612344012255,2.5111263322242436,80.99999999999999
sz000333,2026-05-20,80.72,82.16,80.08,81.5,0.006172839506172867,30159703.0,2454297430.0,558959399428.5,620181828522.0,0.004397485393417058,460.4790111582551,2026-04-30,2026-03-31,13.894889152794466,1.3433885086697757,11.580467524416934,2.5268048024192002,81.5
sz000333,2026-05-21,82.15,83.15,81.5,81.5,0.0,31181254.0,2562761519.0,558959399428.5,620181828522.0,0.0045464343270697075,460.4790111582551,2026-04-30,2026-03-31,13.894889152794466,1.3433885086697757,11.580467524416934,2.5268048024192002,81.5
sz000333,2026-05-22,81.67,82.0,79.89,80.28,-0.014969325153374236,30984802.0,2493884552.0,550658924029.44,610964894675.16,0.004517242518032837,453.585951113923,2026-04-30,2026-03-31,13.688387981298213,1.3234235202654514,11.408362509114564,2.489252278890289,80.28
