code,statDate,pubDate,quality_score,predicted_future_quality_score,predicted_quality_trend,score,trend_score,rank,rating
sh600185,2024-12-31,2025-04-30,10.75709056765716,50.74491092931795,39.987820361660795,100.0,100.0,1,强
sh688559,2025-03-31,2025-05-15,11.696205253175565,41.56430731368319,29.86810206050762,99.93946731234867,99.93946731234867,2,强
sz000727,2025-03-31,2025-05-15,11.532387223249838,39.22129595731117,27.688908734061332,99.87893462469734,99.87893462469734,3,强
sh688172,2025-03-31,2025-05-15,14.752198726244403,42.141529580061864,27.389330853817462,99.818401937046,99.818401937046,4,强
sh688599,2025-03-31,2025-05-15,5.7552171279552535,33.079940524550956,27.3247233965957,99.75786924939467,99.75786924939467,5,强
sh688506,2025-03-31,2025-05-15,12.616267474183827,39.850546165636224,27.2342786914524,99.69733656174334,99.69733656174334,6,强
sz000002,2025-03-31,2025-05-15,4.277810646748869,31.2139729021104,26.93616225536153,99.63680387409201,99.63680387409201,7,强
sh688658,2025-03-31,2025-05-15,22.126453363206842,48.614409153486164,26.48795579027932,99.57627118644068,99.57627118644068,8,强
sh688295,2025-03-31,2025-05-15,13.876220542056956,40.026782603842264,26.150562061785305,99.51573849878935,99.51573849878935,9,强
sz002459,2025-03-31,2025-05-15,9.450577255534073,34.57056028921652,25.11998303368245,99.45520581113801,99.45520581113801,10,强
sh688165,2025-03-31,2025-05-15,8.992146285941365,34.02064518270094,25.028498896759576,99.39467312348668,99.39467312348668,11,强
sh688223,2025-03-31,2025-05-15,4.7777147311062365,29.65636898762345,24.878654256517212,99.33414043583535,99.33414043583535,12,强
sh600977,2025-03-31,2025-05-15,20.694685938907938,44.90293435558188,24.208248416673936,99.27360774818402,99.27360774818402,13,强
sh600438,2025-03-31,2025-05-15,6.10944450152858,30.2844641041899,24.175019602661322,99.21307506053269,99.21307506053269,14,强
sz002458,2025-03-31,2025-05-15,19.11590972261303,43.24040314976831,24.12449342715528,99.15254237288136,99.15254237288136,15,强
sz000762,2025-03-31,2025-05-15,16.083311414421605,40.07939369454977,23.996082280128167,99.09200968523002,99.09200968523002,16,强
sz002506,2025-03-31,2025-05-15,15.811839924446936,39.67970882383663,23.86786889938969,99.0314769975787,99.0314769975787,17,强
sz000519,2025-03-31,2025-05-15,14.180148983457173,38.01445199408134,23.83430301062417,98.97094430992736,98.97094430992736,18,强
sz300757,2025-03-31,2025-05-15,8.164105850392936,31.937086342734514,23.772980492341578,98.91041162227603,98.91041162227603,19,强
sh600399,2025-03-31,2025-05-15,9.574626758127746,33.332034713514375,23.757407955386626,98.8498789346247,98.8498789346247,20,强
sh688525,2025-03-31,2025-05-15,7.339770565614388,30.63550251487024,23.295731949255853,98.78934624697337,98.78934624697337,21,强
sz300045,2025-03-31,2025-05-15,18.535615826072487,41.64116223440874,23.105546408336256,98.72881355932203,98.72881355932203,22,强
sz300474,2025-03-31,2025-05-15,24.63203162738951,47.47782559480484,22.84579396741533,98.6682808716707,98.6682808716707,23,强
sh603108,2025-03-31,2025-05-15,15.812195895257874,38.50220232009649,22.69000642483861,98.60774818401937,98.60774818401937,24,强
sh688276,2025-03-31,2025-05-15,24.51093965671055,47.14118740947139,22.63024775276084,98.54721549636804,98.54721549636804,25,强
sz002302,2025-03-31,2025-05-15,8.822737593453441,31.14619909605687,22.323461502603426,98.48668280871671,98.48668280871671,26,强
sz300779,2025-03-31,2025-05-15,15.742131970449401,37.75426029858512,22.012128328135724,98.42615012106538,98.42615012106538,27,强
sh600971,2025-03-31,2025-05-15,21.848500401173315,43.558594458066416,21.7100940568931,98.36561743341404,98.36561743341404,28,强
sh603392,2025-03-31,2025-05-15,23.451888114642642,45.09023246724311,21.638344352600473,98.30508474576271,98.30508474576271,29,强
sh603516,2025-03-31,2025-05-15,21.184732074975205,42.79579969591984,21.611067620944635,98.24455205811138,98.24455205811138,30,强
sz000552,2025-03-31,2025-05-15,18.831972715584246,40.37891332117253,21.54694060558829,98.18401937046005,98.18401937046005,31,强
sz000810,2025-03-31,2025-05-15,18.954484440290265,40.21770719248531,21.26322275219504,98.12348668280872,98.12348668280872,32,强
sh601238,2025-03-31,2025-05-15,12.60067513223144,33.74747396845267,21.146798836221222,98.06295399515739,98.06295399515739,33,强
sz002068,2025-03-31,2025-05-15,9.877496206943745,30.89549286615123,21.017996659207483,98.00242130750605,98.00242130750605,34,强
sh600158,2025-03-31,2025-05-15,12.710924339443208,33.68157306530348,20.970648725860276,97.94188861985472,97.94188861985472,35,强
sh600986,2023-09-30,2023-11-14,26.021217578198808,46.8215924742579,20.800374896059086,97.88135593220339,97.88135593220339,36,强
sz002421,2025-03-31,2025-05-15,12.487505631819003,33.25748604198761,20.769980410168607,97.82082324455206,97.82082324455206,37,强
sz000829,2025-03-31,2025-05-15,13.396087714350283,34.11815964766397,20.722071933313693,97.76029055690073,97.76029055690073,38,强
sz300390,2025-03-31,2025-05-15,19.69550650209701,40.29053110223509,20.595024600138082,97.6997578692494,97.6997578692494,39,强
sh688776,2025-03-31,2025-05-15,21.651920376138715,42.204369959564154,20.55244958342544,97.63922518159806,97.63922518159806,40,强
sz000012,2025-03-31,2025-05-15,15.762670363222727,36.30569099092354,20.543020627700812,97.57869249394673,97.57869249394673,41,强
sz000539,2025-03-31,2025-05-15,12.367726972763466,32.849404657513375,20.481677684749908,97.5181598062954,97.5181598062954,42,强
sh603496,2025-03-31,2025-05-15,22.07762053722098,42.49227538773005,20.414654850509066,97.45762711864407,97.45762711864407,43,强
sz300036,2025-03-31,2025-05-15,18.448858273655173,38.77753110007064,20.328672826415467,97.39709443099274,97.39709443099274,44,强
sh688062,2025-03-31,2025-05-15,16.58139567597376,36.91000532528025,20.32860964930649,97.3365617433414,97.3365617433414,45,强
sz300861,2025-03-31,2025-05-15,27.804509222658975,48.10567600708124,20.301166784422268,97.27602905569007,97.27602905569007,46,强
sh600403,2025-03-31,2025-05-15,15.239302956762572,35.53710147924075,20.29779852247818,97.21549636803874,97.21549636803874,47,强
sh600586,2025-03-31,2025-05-15,17.86918865465442,38.08107946963685,20.211890814982432,97.15496368038741,97.15496368038741,48,强
sz300244,2025-03-31,2025-05-15,17.01297111010966,37.11080250275381,20.09783139264415,97.09443099273608,97.09443099273608,49,强
sz300166,2025-03-31,2025-05-15,23.059318389150192,43.135280644036364,20.07596225488617,97.03389830508475,97.03389830508475,50,强
sh601666,2025-03-31,2025-05-15,20.139609810292903,40.08099502407184,19.94138521377894,96.97336561743342,96.97336561743342,51,强
sz300782,2025-03-31,2025-05-15,22.368567107157833,42.19367919762148,19.82511209046364,96.91283292978208,96.91283292978208,52,强
sh603057,2025-03-31,2025-05-15,21.924872690253327,41.746411035822376,19.821538345569046,96.85230024213075,96.85230024213075,53,强
sh600606,2025-03-31,2025-05-15,8.061360219108026,27.87971206154608,19.818351842438055,96.79176755447942,96.79176755447942,54,强
sz301308,2025-03-31,2025-05-15,18.69858028915702,38.49592803411245,19.79734774495543,96.73123486682809,96.73123486682809,55,强
sh688472,2025-03-31,2025-05-15,19.015641190588337,38.59380746477352,19.578166274185183,96.67070217917676,96.67070217917676,56,强
sh600776,2025-03-31,2025-05-15,17.303437078304956,36.86150585955353,19.55806878124858,96.61016949152543,96.61016949152543,57,强
sh601865,2025-03-31,2025-05-15,19.288354789031533,38.832647714954774,19.544292925923237,96.5496368038741,96.5496368038741,58,强
sz000703,2025-03-31,2025-05-15,10.589330358658355,30.122531910762685,19.53320155210433,96.48910411622276,96.48910411622276,59,强
sz002389,2025-03-31,2025-05-15,14.660664266073514,34.00731291626834,19.346648650194826,96.42857142857143,96.42857142857143,60,强
sh688166,2025-03-31,2025-05-15,25.598388252897454,44.931877946111385,19.333489693213927,96.3680387409201,96.3680387409201,61,强
sz300438,2025-03-31,2025-05-15,16.553754695973517,35.824126985302456,19.27037228932894,96.30750605326877,96.30750605326877,62,强
sz000628,2025-03-31,2025-05-15,9.799527742363445,29.037023627766544,19.2374958854031,96.24697336561744,96.24697336561744,63,强
sz300459,2025-03-31,2025-05-15,25.375262649330754,44.38198758990173,19.00672494057098,96.1864406779661,96.1864406779661,64,强
sz000629,2025-03-31,2025-05-15,15.627931393096842,34.57776841131599,18.94983701821915,96.12590799031477,96.12590799031477,65,强
sh600170,2025-03-31,2025-05-15,5.303732302045507,24.117222847345975,18.813490545300468,96.06537530266344,96.06537530266344,66,强
sz301268,2025-03-31,2025-05-15,18.82324352785649,37.571949667971694,18.748706140115207,96.00484261501211,96.00484261501211,67,强
sh688007,2025-03-31,2025-05-15,27.536655294639885,46.22605580613442,18.689400511494533,95.94430992736078,95.94430992736078,68,强
sh600516,2025-03-31,2025-05-15,19.34373441928365,37.61913663430511,18.275402215021458,95.88377723970945,95.88377723970945,69,强
sz000966,2025-03-31,2025-05-15,14.260645627891886,32.445066342800246,18.184420714908356,95.8232445520581,95.8232445520581,70,强
sh600126,2025-03-31,2025-05-15,14.051263763886976,32.0029829894131,17.95171922552612,95.76271186440678,95.76271186440678,71,强
sz300676,2025-03-31,2025-05-15,19.217699593722223,37.15355829450897,17.935858700786742,95.70217917675545,95.70217917675545,72,强
sh688063,2025-03-31,2025-05-15,27.98652773262057,45.8925840273191,17.90605629469853,95.64164648910412,95.64164648910412,73,强
sh600588,2025-03-31,2025-05-15,15.449819883791003,33.344518702942736,17.894698819151735,95.58111380145279,95.58111380145279,74,强
sz300229,2025-03-31,2025-05-15,25.866388534092472,43.760566963383994,17.894178429291525,95.52058111380146,95.52058111380146,75,强
sz300607,2025-03-31,2025-05-15,17.94932479873259,35.840009879772886,17.890685081040296,95.46004842615012,95.46004842615012,76,强
sz300633,2025-03-31,2025-05-15,26.967813299126213,44.761643885424284,17.79383058629807,95.39951573849879,95.39951573849879,77,强
sz002544,2025-03-31,2025-05-15,11.012914902800784,28.759168633547787,17.746253730747004,95.33898305084746,95.33898305084746,78,强
sh600446,2025-03-31,2025-05-15,24.43028111687573,42.16476049856707,17.73447938169134,95.27845036319611,95.27845036319611,79,强
sz300122,2025-03-31,2025-05-15,19.953397336842706,37.655451918350764,17.702054581508055,95.2179176755448,95.2179176755448,80,强
sz300957,2025-03-31,2025-05-15,30.125476573116103,47.72191387932156,17.596437306205463,95.15738498789347,95.15738498789347,81,强
sh688409,2025-03-31,2025-05-15,26.570089296872876,44.04755403177047,17.47746473489759,95.09685230024213,95.09685230024213,82,强
sz301071,2025-03-31,2025-05-15,26.960662160025024,44.302535119663645,17.341872959638625,95.0363196125908,95.0363196125908,83,强
sz002583,2025-03-31,2025-05-15,24.226238412367742,41.5566020629471,17.330363650579358,94.97578692493947,94.97578692493947,84,强
sz000032,2025-03-31,2025-05-15,6.968567960542066,24.289534744161017,17.320966783618953,94.91525423728814,94.91525423728814,85,强
sz002456,2025-03-31,2025-05-15,17.295968264851915,34.569525479507476,17.273557214655565,94.8547215496368,94.8547215496368,86,强
sh688047,2025-03-31,2025-05-15,27.010639829137872,44.141421317247705,17.130781488109836,94.79418886198548,94.79418886198548,87,强
sh600252,2025-03-31,2025-05-15,25.45347557698439,42.380806097020034,16.927330520035646,94.73365617433413,94.73365617433413,88,强
sh600123,2025-03-31,2025-05-15,22.02691295291967,38.818963987364725,16.792051034445056,94.67312348668281,94.67312348668281,89,强
sz002408,2025-03-31,2025-05-15,22.56502109477722,39.294252869117734,16.729231774340516,94.61259079903148,94.61259079903148,90,强
sz002531,2025-03-31,2025-05-15,23.793504610743753,40.51335625454603,16.71985164380228,94.55205811138015,94.55205811138015,91,强
sh600655,2025-03-31,2025-05-15,14.88203873167863,31.45284963084006,16.57081089916143,94.49152542372882,94.49152542372882,92,强
sh600929,2025-03-31,2025-05-15,24.581093289231134,41.15190123107355,16.57080794184242,94.43099273607749,94.43099273607749,93,强
sz002572,2025-03-31,2025-05-15,24.73728939495385,41.29629032136042,16.559000926406572,94.37046004842615,94.37046004842615,94,强
sh688772,2025-03-31,2025-05-15,22.742846333352194,39.18185703638112,16.439010703028927,94.30992736077482,94.30992736077482,95,强
sz300463,2025-03-31,2025-05-15,32.00670564768834,48.42539851422797,16.41869286653963,94.24939467312349,94.24939467312349,96,强
sh600740,2025-03-31,2025-05-15,15.556533871760507,31.922545052446466,16.36601118068596,94.18886198547214,94.18886198547214,97,强
sz300747,2025-03-31,2025-05-15,25.013915293571742,41.305843803563455,16.291928509991713,94.12832929782083,94.12832929782083,98,强
sh600409,2025-03-31,2025-05-15,17.667279881162983,33.95211166967107,16.284831788508082,94.0677966101695,94.0677966101695,99,强
sh688072,2025-03-31,2025-05-15,26.976821394297858,43.24697897413729,16.270157579839438,94.00726392251816,94.00726392251816,100,强
sz301153,2025-03-31,2025-05-15,18.827701158142983,35.01318053724023,16.18547937909725,93.94673123486683,93.94673123486683,101,强
sz003012,2025-03-31,2025-05-15,23.710667758439662,39.880964859329985,16.170297100890323,93.8861985472155,93.8861985472155,102,强
sh688361,2025-03-31,2025-05-15,32.93454095183364,48.97045016735028,16.035909215516636,93.82566585956417,93.82566585956417,103,强
sz300142,2025-03-31,2025-05-15,25.621514333815586,41.521736828786715,15.900222494971127,93.76513317191282,93.76513317191282,104,强
sh600072,2025-03-31,2025-05-15,14.946906142935172,30.837360518175785,15.890454375240612,93.7046004842615,93.7046004842615,105,强
sh600688,2025-03-31,2025-05-15,21.738537685117407,37.62348993116196,15.884952246044557,93.64406779661016,93.64406779661016,106,强
sh688068,2025-03-31,2025-05-15,25.18314393105804,40.969569049700326,15.786425118642287,93.58353510895884,93.58353510895884,107,强
sh603688,2025-03-31,2025-05-15,34.10557373932527,49.86364010948453,15.758066370159257,93.52300242130751,93.52300242130751,108,强
sh603927,2025-03-31,2025-05-15,14.148076689153111,29.893726729912437,15.745650040759328,93.46246973365618,93.46246973365618,109,强
sh600810,2024-12-31,2025-04-30,18.350672769609847,34.004257798749826,15.65358502913998,93.40193704600485,93.40193704600485,110,强
sh688433,2025-03-31,2025-05-15,30.782087490638272,46.310129220103,15.528041729464727,93.34140435835351,93.34140435835351,111,强
sz001309,2025-03-31,2025-05-15,21.738474641908414,37.25143381174554,15.512959169837128,93.28087167070218,93.28087167070218,112,强
sh600157,2025-03-31,2025-05-15,19.236905087287802,34.49875370678031,15.261848619492511,93.22033898305084,93.22033898305084,113,强
sh688363,2025-03-31,2025-05-15,37.0764999049881,52.31223422182097,15.235734316832877,93.15980629539952,93.15980629539952,114,强
sz002195,2025-03-31,2025-05-15,30.277288810122204,45.37748545863491,15.100196648512702,93.09927360774817,93.09927360774817,115,强
sh688575,2025-03-31,2025-05-15,32.01912278863404,47.080308126256156,15.06118533762211,93.03874092009686,93.03874092009686,116,强
sh600859,2025-03-31,2025-05-15,27.789281076349777,42.619539969986384,14.830258893636607,92.97820823244552,92.97820823244552,117,强
sh600508,2025-03-31,2025-05-15,22.849809793371456,37.61009643932093,14.760286645949467,92.91767554479419,92.91767554479419,118,强
sh688779,2025-03-31,2025-05-15,24.52391049637946,39.26252186265454,14.738611366275077,92.85714285714286,92.85714285714286,119,强
sh603358,2025-03-31,2025-05-15,23.314110550784154,37.882606381745084,14.568495830960929,92.79661016949152,92.79661016949152,120,强
sz300663,2025-03-31,2025-05-15,23.924425713647455,38.485570058124765,14.561144344477308,92.7360774818402,92.7360774818402,121,强
sh601606,2025-03-31,2025-05-15,20.06733312803904,34.56458638368594,14.497253255646902,92.67554479418885,92.67554479418885,122,强
sz000555,2025-03-31,2025-05-15,23.076202825276873,37.549503573481715,14.473300748204846,92.61501210653753,92.61501210653753,123,强
sh600116,2025-03-31,2025-05-15,16.793238086222743,31.220810523610385,14.427572437387642,92.55447941888619,92.55447941888619,124,强
sh688037,2025-03-31,2025-05-15,27.551115918467335,41.94198984438696,14.390873925919623,92.49394673123487,92.49394673123487,125,强
sh600996,2025-03-31,2025-05-15,12.646470708310353,27.008968952676877,14.362498244366524,92.43341404358354,92.43341404358354,126,强
sh688728,2025-03-31,2025-05-15,26.36684455623606,40.723190921597975,14.356346365361915,92.37288135593221,92.37288135593221,127,强
sz300171,2025-03-31,2025-05-15,28.827860938533707,43.129381395912716,14.301520457379011,92.31234866828088,92.31234866828088,128,强
sz300613,2025-03-31,2025-05-15,33.261548361466964,47.556106314315024,14.294557952848058,92.25181598062953,92.25181598062953,129,强
sz002025,2025-03-31,2025-05-15,25.003960488880264,39.214702101652804,14.210741612772537,92.19128329297821,92.19128329297821,130,强
sz300457,2025-03-31,2025-05-15,18.227703888818773,32.35742113558996,14.129717246771182,92.13075060532687,92.13075060532687,131,强
sz000901,2025-03-31,2025-05-15,24.243527617604556,38.29435876995513,14.050831152350577,92.07021791767555,92.07021791767555,132,强
sh601949,2025-03-31,2025-05-15,20.122901735780736,34.167141115118056,14.044239379337323,92.00968523002422,92.00968523002422,133,强
sz300253,2025-03-31,2025-05-15,23.80974249160695,37.842007910237264,14.032265418630315,91.94915254237289,91.94915254237289,134,强
sh600997,2025-03-31,2025-05-15,17.839612865194468,31.860325584189816,14.02071271899535,91.88861985472155,91.88861985472155,135,强
sh603077,2025-03-31,2025-05-15,20.134291588388802,34.1531535052279,14.018861916839095,91.82808716707022,91.82808716707022,136,强
sh600029,2025-03-31,2025-05-15,16.416981465666364,30.39524785909183,13.978266393425464,91.76755447941889,91.76755447941889,137,强
sh688032,2025-03-31,2025-05-15,25.61176421275319,39.56784179390288,13.956077581149687,91.70702179176754,91.70702179176754,138,强
sz002127,2025-03-31,2025-05-15,24.46892662756881,38.403083381482546,13.934156753913733,91.64648910411623,91.64648910411623,139,强
sz002368,2025-03-31,2025-05-15,14.414216690531793,28.33334775611409,13.919131065582297,91.58595641646488,91.58595641646488,140,强
sh605358,2025-03-31,2025-05-15,30.9171624703755,44.75378429372117,13.836621823345665,91.52542372881356,91.52542372881356,141,强
sh600754,2025-03-31,2025-05-15,26.439270047150668,40.27550993354285,13.836239886392184,91.46489104116223,91.46489104116223,142,强
sh600331,2025-03-31,2025-05-15,17.06321212205256,30.824772172418538,13.76156005036598,91.4043583535109,91.4043583535109,143,强
sz000761,2025-03-31,2025-05-15,22.944213952732067,36.62968187511498,13.685467922382916,91.34382566585957,91.34382566585957,144,强
sh688439,2025-03-31,2025-05-15,29.6924509992604,43.36968486254038,13.677233863279977,91.28329297820824,91.28329297820824,145,强
sh688709,2024-12-31,2025-04-30,36.19656323167287,49.7830959179763,13.586532686303425,91.2227602905569,91.2227602905569,146,强
sh603220,2025-03-31,2025-05-15,18.393081037176618,31.866991107120207,13.473910069943589,91.16222760290556,91.16222760290556,147,强
sz300856,2025-03-31,2025-05-15,32.974021200317324,46.36177927058405,13.387758070266727,91.10169491525424,91.10169491525424,148,强
sz002460,2025-03-31,2025-05-15,23.904595779674104,37.21496729632239,13.310371516648289,91.0411622276029,91.0411622276029,149,强
sz000035,2025-03-31,2025-05-15,33.7477540960912,47.03480664268219,13.28705254659099,90.98062953995158,90.98062953995158,150,强
sz300841,2025-03-31,2025-05-15,33.04273225240851,46.32330800568688,13.280575753278367,90.92009685230025,90.92009685230025,151,强
sh601222,2025-03-31,2025-05-15,28.201896335294542,41.4324802128637,13.230583877569158,90.85956416464892,90.85956416464892,152,强
sh603099,2025-03-31,2025-05-15,32.00168836975992,45.02918438799914,13.02749601823922,90.79903147699758,90.79903147699758,153,强
sh600651,2025-03-31,2025-05-15,25.161270285504692,38.17182232889673,13.010552043392037,90.73849878934624,90.73849878934624,154,强
sh600596,2025-03-31,2025-05-15,19.10073978530391,32.049364456319395,12.948624671015486,90.67796610169492,90.67796610169492,155,强
sh688234,2025-03-31,2025-05-15,29.768528560202665,42.61680763948013,12.848279079277463,90.61743341404357,90.61743341404357,156,强
sz301487,2025-03-31,2025-05-15,28.06362673781845,40.84354217746077,12.779915439642318,90.55690072639226,90.55690072639226,157,强
sh600372,2025-03-31,2025-05-15,22.943449870030456,35.72154888153371,12.778099011503254,90.49636803874091,90.49636803874091,158,强
sh600129,2025-03-31,2025-05-15,23.801778219945916,36.57054512740321,12.768766907457287,90.4358353510896,90.4358353510896,159,强
sh600879,2025-03-31,2025-05-15,16.105730554192828,28.872708221050694,12.766977666857866,90.37530266343826,90.37530266343826,160,强
sz300657,2025-03-31,2025-05-15,15.802416409133553,28.518975042039894,12.716558632906342,90.31476997578693,90.31476997578693,161,强
sh603567,2025-03-31,2025-05-15,30.781556888165593,43.34627512472834,12.564718236562753,90.2542372881356,90.2542372881356,162,强
sh603690,2025-03-31,2025-05-15,17.155518126167316,29.68744751656734,12.531929390400023,90.19370460048425,90.19370460048425,163,强
sh600894,2025-03-31,2025-05-15,18.262344396963876,30.771998322282546,12.50965392531867,90.13317191283294,90.13317191283294,164,强
sh688107,2025-03-31,2025-05-15,29.505989892809495,41.87731394643541,12.371324053625909,90.07263922518159,90.07263922518159,165,强
sh600546,2025-03-31,2025-05-15,28.406707185298327,40.73963936261782,12.332932177319497,90.01210653753027,90.01210653753027,166,强
sh600657,2025-03-31,2025-05-15,20.121434483942082,32.42769709799026,12.306262614048181,89.95157384987893,89.95157384987893,167,强
sh688717,2024-12-31,2025-04-30,46.122976090672644,58.40848749907772,12.28551140840508,89.89104116222761,89.89104116222761,168,强
sz300276,2025-03-31,2025-05-15,18.886305028582555,31.09481697992768,12.208511951345121,89.83050847457628,89.83050847457628,169,强
sz300075,2025-03-31,2025-05-15,25.58068677619656,37.776934088614425,12.196247312417865,89.76997578692493,89.76997578692493,170,强
sh601106,2025-03-31,2025-05-15,22.982524208757205,35.17519273113969,12.192668522382482,89.70944309927361,89.70944309927361,171,强
sh600893,2025-03-31,2025-05-15,23.711731770213508,35.67719115388262,11.965459383669112,89.64891041162227,89.64891041162227,172,强
sz300070,2025-03-31,2025-05-15,23.481021883571206,35.403774179158816,11.922752295587612,89.58837772397095,89.58837772397095,173,强
sh600032,2025-03-31,2025-05-15,31.45020017119057,43.365385841158755,11.915185669968187,89.5278450363196,89.5278450363196,174,强
sh600718,2025-03-31,2025-05-15,20.943951808425904,32.839219044498584,11.895267236072682,89.46731234866829,89.46731234866829,175,强
sh601068,2025-03-31,2025-05-15,21.933126106320692,33.82252567197864,11.88939956565795,89.40677966101694,89.40677966101694,176,强
sz000723,2025-03-31,2025-05-15,23.556859027847523,35.439657389835155,11.882798361987632,89.34624697336562,89.34624697336562,177,强
sh600737,2025-03-31,2025-05-15,20.208102093370034,32.079064731042045,11.870962637672012,89.28571428571429,89.28571428571429,178,强
sz002635,2025-03-31,2025-05-15,30.110845763290772,41.97245303162805,11.861607268337279,89.22518159806295,89.22518159806295,179,强
sh600916,2025-03-31,2025-05-15,20.593735234374297,32.370591965834755,11.776856731460457,89.16464891041163,89.16464891041163,180,强
sz002271,2025-03-31,2025-05-15,22.806373531942445,34.555445929919074,11.749072397976633,89.10411622276028,89.10411622276028,181,强
sz000937,2025-03-31,2025-05-15,30.534371383753413,42.27756222181709,11.743190838063681,89.04358353510897,89.04358353510897,182,强
sz300327,2025-03-31,2025-05-15,36.27310374883438,47.970083909650235,11.696980160815855,88.98305084745762,88.98305084745762,183,强
sh600010,2025-03-31,2025-05-15,19.06100539795401,30.724906130784756,11.663900732830747,88.9225181598063,88.9225181598063,184,强
sz002049,2025-03-31,2025-05-15,34.23581964423167,45.8670247072275,11.631205062995829,88.86198547215496,88.86198547215496,185,强
sz000597,2025-03-31,2025-05-15,30.203886124761997,41.7110041864084,11.507118061646402,88.80145278450364,88.80145278450364,186,强
sz300455,2025-03-31,2025-05-15,24.47780197071967,35.89954555292462,11.421743582204954,88.7409200968523,88.7409200968523,187,强
sz300678,2025-03-31,2025-05-15,26.213416680476836,37.541195033253494,11.327778352776656,88.68038740920096,88.68038740920096,188,强
sh603707,2025-03-31,2025-05-15,36.75703867924853,48.05222067674986,11.295181997501329,88.61985472154964,88.61985472154964,189,强
sh688375,2025-03-31,2025-05-15,32.365111477247005,43.611793316498826,11.24668183925182,88.5593220338983,88.5593220338983,190,强
sh688387,2025-03-31,2025-05-15,23.9706494619551,35.139810118738296,11.169160656783196,88.49878934624698,88.49878934624698,191,强
sh688333,2025-03-31,2025-05-15,26.247788466533894,37.372229680398405,11.124441213864507,88.43825665859563,88.43825665859563,192,强
sz000917,2025-03-31,2025-05-15,29.248262233573623,40.312619695487335,11.064357461913712,88.37772397094432,88.37772397094432,193,强
sh600456,2025-03-31,2025-05-15,28.59910161439461,39.54093841138304,10.941836796988426,88.31719128329297,88.31719128329297,194,强
sh603026,2025-03-31,2025-05-15,28.01276184306446,38.89090618134549,10.878144338281034,88.25665859564165,88.25665859564165,195,强
sh688586,2025-03-31,2025-05-15,29.161420104191507,39.99434480700654,10.832924702815035,88.19612590799032,88.19612590799032,196,强
sh601699,2025-03-31,2025-05-15,29.747978117590346,40.53994253946502,10.79196442187467,88.13559322033898,88.13559322033898,197,强
sz002044,2025-03-31,2025-05-15,28.847140769706872,39.54749930242817,10.700358532721301,88.07506053268766,88.07506053268766,198,强
sh688347,2025-03-31,2025-05-15,34.00521528605334,44.67605089558084,10.670835609527503,88.01452784503631,88.01452784503631,199,强
sz002756,2025-03-31,2025-05-15,30.629785795857835,41.20401529596671,10.574229500108881,87.953995157385,87.953995157385,200,强
sz300024,2025-03-31,2025-05-15,20.43787572005809,30.980002946861788,10.542127226803697,87.89346246973365,87.89346246973365,201,强
sh603317,2025-03-31,2025-05-15,37.69174172057049,48.158600939653496,10.466859219083009,87.83292978208233,87.83292978208233,202,强
sh688306,2025-03-31,2025-05-15,29.22057311738034,39.53007964294614,10.309506525565803,87.77239709443099,87.77239709443099,203,强
sh688348,2025-03-31,2025-05-15,32.20333280455131,42.423151480834065,10.219818676282758,87.71186440677965,87.71186440677965,204,强
sz000913,2025-03-31,2025-05-15,33.12253025989377,43.335856813109615,10.213326553215843,87.65133171912834,87.65133171912834,205,强
sh688327,2025-03-31,2025-05-15,32.71508435528717,42.92288103652813,10.207796681240966,87.59079903147699,87.59079903147699,206,强
sz302132,2025-03-31,2025-05-15,28.043435304015535,38.010537184510675,9.96710188049514,87.53026634382567,87.53026634382567,207,强
sz000733,2025-03-31,2025-05-15,32.90818585698623,42.797968859906454,9.889783002920227,87.46973365617433,87.46973365617433,208,强
sh600395,2025-03-31,2025-05-15,25.34596071867236,35.229871683598816,9.883910964926459,87.40920096852301,87.40920096852301,209,强
sz301325,2025-03-31,2025-05-15,36.310422489957425,46.09367979202503,9.7832573020676,87.34866828087166,87.34866828087166,210,强
sh600963,2025-03-31,2025-05-15,23.650643513831415,33.41339289508619,9.762749381254778,87.28813559322035,87.28813559322035,211,强
sz300383,2025-03-31,2025-05-15,28.70107948972394,38.46180797686708,9.760728487143135,87.22760290556901,87.22760290556901,212,强
sh600643,2025-03-31,2025-05-15,35.45469704245607,45.21530031954736,9.76060327709129,87.16707021791767,87.16707021791767,213,强
sz002006,2025-03-31,2025-05-15,33.618705187765734,43.33044044186765,9.71173525410192,87.10653753026635,87.10653753026635,214,强
sh603260,2025-03-31,2025-05-15,29.71288043850744,39.41832158351256,9.705441145005116,87.046004842615,87.046004842615,215,强
sh688349,2025-03-31,2025-05-15,25.40902854698186,35.07805655283805,9.669028005856191,86.98547215496369,86.98547215496369,216,强
sz002654,2025-03-31,2025-05-15,24.32958981782826,33.93813606708043,9.608546249252168,86.92493946731234,86.92493946731234,217,强
sz300872,2025-03-31,2025-05-15,29.490890648106063,39.06811150821933,9.577220860113266,86.86440677966102,86.86440677966102,218,强
sh603305,2025-03-31,2025-05-15,34.60362818716023,44.12927438126305,9.525646194102817,86.80387409200968,86.80387409200968,219,强
sz300735,2025-03-31,2025-05-15,28.596841100339052,38.11233275007604,9.515491649736992,86.74334140435835,86.74334140435835,220,强
sz002557,2025-03-31,2025-05-15,31.182093212523636,40.68402450568314,9.501931293159505,86.68280871670703,86.68280871670703,221,强
sh688766,2025-03-31,2025-05-15,32.44468826481662,41.88987013915535,9.445181874338726,86.62227602905568,86.62227602905568,222,强
sz002737,2025-03-31,2025-05-15,34.343378104577866,43.74920836561226,9.405830261034398,86.56174334140437,86.56174334140437,223,强
sh600422,2025-03-31,2025-05-15,33.21658944903772,42.55515704436706,9.338567595329339,86.50121065375302,86.50121065375302,224,强
sh600515,2025-03-31,2025-05-15,30.63243748340874,39.967799312211966,9.335361828803228,86.4406779661017,86.4406779661017,225,强
sh688352,2025-03-31,2025-05-15,37.69305053216822,46.954534197000015,9.261483664831795,86.38014527845036,86.38014527845036,226,强
sh601618,2025-03-31,2025-05-15,17.303303771771716,26.556668000570774,9.253364228799056,86.31961259079904,86.31961259079904,227,强
sh600557,2025-03-31,2025-05-15,40.14004622074248,49.22121231678598,9.081166096043507,86.2590799031477,86.2590799031477,228,强
sh600629,2025-03-31,2025-05-15,23.2498007539631,32.23597447399814,8.98617372003504,86.19854721549636,86.19854721549636,229,强
sh600820,2025-03-31,2025-05-15,18.432546889595532,27.346546979080415,8.914000089484885,86.13801452784504,86.13801452784504,230,强
sh603033,2025-03-31,2025-05-15,25.007552966439768,33.89935165151405,8.891798685074281,86.0774818401937,86.0774818401937,231,强
sh601880,2025-03-31,2025-05-15,30.830528472194803,39.675435441815445,8.844906969620641,86.01694915254238,86.01694915254238,232,强
sh688083,2025-03-31,2025-05-15,33.51076691566752,42.277937308493335,8.76717039282582,85.95641646489103,85.95641646489103,233,强
sz000883,2025-03-31,2025-05-15,28.498946994697043,37.042021217839334,8.543074223142293,85.89588377723972,85.89588377723972,234,强
sz002099,2025-03-31,2025-05-15,25.3352916978271,33.87808430344532,8.542792605618217,85.83535108958837,85.83535108958837,235,强
sh603915,2025-03-31,2025-05-15,36.53082241751108,45.056094842728285,8.525272425217205,85.77481840193705,85.77481840193705,236,强
sz300315,2025-03-31,2025-05-15,36.11925419433843,44.629980402668714,8.510726208330285,85.71428571428571,85.71428571428571,237,强
sz002390,2025-03-31,2025-05-15,30.61293531400584,39.11480305485898,8.501867740853145,85.65375302663438,85.65375302663438,238,强
sh603533,2024-09-30,2024-11-14,33.44466107733592,41.88427982135805,8.439618744022125,85.59322033898306,85.59322033898306,239,强
sz000589,2025-03-31,2025-05-15,27.00475179381687,35.434909425275904,8.430157631459032,85.53268765133171,85.53268765133171,240,强
sz002675,2025-03-31,2025-05-15,37.16385014805534,45.591446278062946,8.427596130007604,85.4721549636804,85.4721549636804,241,强
sh688631,2025-03-31,2025-05-15,26.144741209454743,34.496634721538086,8.35189351208334,85.41162227602905,85.41162227602905,242,强
sh600328,2025-03-31,2025-05-15,24.551867825314172,32.8888818804638,8.337014055149623,85.35108958837773,85.35108958837773,243,强
sz000813,2025-03-31,2025-05-15,31.846885501067277,40.16137690658938,8.314491405522103,85.29055690072639,85.29055690072639,244,强
sh688106,2025-03-31,2025-05-15,38.66832357605051,46.94490695779167,8.276583381741162,85.23002421307507,85.23002421307507,245,强
sz002436,2025-03-31,2025-05-15,27.434432936509037,35.67392871249409,8.239495775985052,85.16949152542372,85.16949152542372,246,强
sz300468,2025-03-31,2025-05-15,37.22575343807478,45.39012941884863,8.164375980773846,85.10895883777239,85.10895883777239,247,强
sz002892,2025-03-31,2025-05-15,30.812276700363988,38.903867849663456,8.091591149299465,85.04842615012107,85.04842615012107,248,强
sz300296,2025-03-31,2025-05-15,33.58539014650782,41.65710437220415,8.071714225696333,84.98789346246973,84.98789346246973,249,强
sz000983,2025-03-31,2025-05-15,38.306274179879544,46.30864998366754,8.002375803787997,84.92736077481841,84.92736077481841,250,强
sh688700,2025-03-31,2025-05-15,38.17177206445323,46.13425721479061,7.962485150337379,84.86682808716706,84.86682808716706,251,强
sh688515,2025-03-31,2025-05-15,37.893012529663444,45.78928147875743,7.896268949093988,84.80629539951575,84.80629539951575,252,强
sh600821,2025-03-31,2025-05-15,36.604992336184644,44.387244133952166,7.782251797767524,84.7457627118644,84.7457627118644,253,强
sh688126,2025-03-31,2025-05-15,29.31720489455463,37.081404565822986,7.764199671268357,84.68523002421307,84.68523002421307,254,强
sh688153,2025-03-31,2025-05-15,36.5784133809178,44.32935195670985,7.750938575792048,84.62469733656174,84.62469733656174,255,强
sh600827,2025-03-31,2025-05-15,29.208342895479912,36.92092112855579,7.71257823307588,84.5641646489104,84.5641646489104,256,强
sh688521,2025-03-31,2025-05-15,34.692232097999984,42.37527296254523,7.683040864545247,84.50363196125909,84.50363196125909,257,强
sh600639,2025-03-31,2025-05-15,33.9560405311519,41.57621607365922,7.62017554250732,84.44309927360774,84.44309927360774,258,强
sh600985,2025-03-31,2025-05-15,28.73620374380948,36.33711284887046,7.600909105060985,84.38256658595643,84.38256658595643,259,强
sz300183,2025-03-31,2025-05-15,36.16685559346196,43.7481654634805,7.581309870018535,84.32203389830508,84.32203389830508,260,强
sz300723,2025-03-31,2025-05-15,38.96331328990004,46.521087029533525,7.557773739633485,84.26150121065376,84.26150121065376,261,强
sz002185,2025-03-31,2025-05-15,30.667454113529537,38.12008450115077,7.4526303876212365,84.20096852300242,84.20096852300242,262,强
sh600373,2025-03-31,2025-05-15,28.727705669274233,36.17092750645125,7.4432218371770205,84.14043583535108,84.14043583535108,263,强
sz300855,2025-03-31,2025-05-15,40.77136846089688,48.052407981325985,7.281039520429101,84.07990314769975,84.07990314769975,264,强
sz002041,2025-03-31,2025-05-15,34.17632200796553,41.45020768456742,7.273885676601883,84.01937046004842,84.01937046004842,265,强
sz002254,2025-03-31,2025-05-15,26.16352500164711,33.43503738729486,7.271512385647753,83.9588377723971,83.9588377723971,266,强
sh600765,2025-03-31,2025-05-15,30.698567824859683,37.968748483053346,7.2701806581936665,83.89830508474576,83.89830508474576,267,强
sh600528,2025-03-31,2025-05-15,24.174709148727867,31.41294278471316,7.238233635985291,83.83777239709444,83.83777239709444,268,强
sh601111,2025-03-31,2025-05-15,22.652102005429064,29.778101204341386,7.1259991989123215,83.7772397094431,83.7772397094431,269,强
sz301371,2025-03-31,2025-05-15,42.02045125394845,49.14408086824549,7.12362961429704,83.71670702179176,83.71670702179176,270,强
sh600348,2025-03-31,2025-05-15,38.957080041832725,46.075930511988744,7.118850470156016,83.65617433414043,83.65617433414043,271,强
sh601163,2025-03-31,2025-05-15,31.67351257634144,38.721752497797965,7.048239921456528,83.5956416464891,83.5956416464891,272,强
sz300568,2025-03-31,2025-05-15,37.62320058917084,44.66425450037748,7.041053911206639,83.53510895883777,83.53510895883777,273,强
sh600248,2025-03-31,2025-05-15,20.489880731281144,27.51841090840734,7.028530177126196,83.47457627118644,83.47457627118644,274,强
sz002182,2025-03-31,2025-05-15,30.277751729815865,37.29609086571471,7.018339135898845,83.41404358353512,83.41404358353512,275,强
sz301238,2025-03-31,2025-05-15,27.572890020640646,34.584569138583355,7.011679117942707,83.35351089588377,83.35351089588377,276,强
sz300134,2025-03-31,2025-05-15,34.39501146230982,41.39365285936762,6.9986413970578,83.29297820823246,83.29297820823246,277,强
sz301039,2025-03-31,2025-05-15,33.03112022983513,40.00062706912719,6.969506839292056,83.23244552058111,83.23244552058111,278,强
sh603327,2025-03-31,2025-05-15,32.79517691254371,39.71548988987407,6.920312977330361,83.17191283292978,83.17191283292978,279,强
sz300136,2025-03-31,2025-05-15,32.998101666131056,39.80062303287222,6.80252136674116,83.11138014527845,83.11138014527845,280,强
sz300031,2025-03-31,2025-05-15,39.18773285767851,45.99007601832151,6.802343160642996,83.05084745762711,83.05084745762711,281,强
sz000059,2025-03-31,2025-05-15,30.102282387443132,36.86614710048037,6.763864713037234,82.99031476997578,82.99031476997578,282,强
sz000923,2025-03-31,2025-05-15,40.32786941808427,47.05248020200615,6.724610783921884,82.92978208232445,82.92978208232445,283,强
sz300751,2025-03-31,2025-05-15,33.53598692833228,40.24438293843727,6.70839601010499,82.86924939467313,82.86924939467313,284,强
sz300188,2025-03-31,2025-05-15,32.08252312594798,38.754480471649536,6.671957345701554,82.80871670702179,82.80871670702179,285,强
sz301316,2025-03-31,2025-05-15,33.39190283504949,40.02706668624502,6.635163851195527,82.74818401937047,82.74818401937047,286,强
sz000403,2025-03-31,2025-05-15,41.02441314560122,47.64828224959466,6.623869103993438,82.68765133171912,82.68765133171912,287,强
sh600787,2025-03-31,2025-05-15,25.994457252907978,32.579504346464255,6.585047093556274,82.62711864406779,82.62711864406779,288,强
sh601952,2025-03-31,2025-05-15,31.34121862048947,37.90937579130663,6.568157170817156,82.56658595641646,82.56658595641646,289,强
sh688220,2025-03-31,2025-05-15,36.72400798343507,43.268183153638915,6.544175170203843,82.50605326876513,82.50605326876513,290,强
sh603806,2025-03-31,2025-05-15,35.91422235863609,42.45563885180038,6.541416493164289,82.44552058111381,82.44552058111381,291,强
sh688110,2025-03-31,2025-05-15,35.66731244246542,42.167164875711634,6.499852433246212,82.38498789346247,82.38498789346247,292,强
sh688516,2025-03-31,2025-05-15,32.58312164622962,39.01733339914938,6.434211752919759,82.32445520581115,82.32445520581115,293,强
sz000155,2025-03-31,2025-05-15,42.18812274497549,48.54517178288339,6.357049037907906,82.2639225181598,82.2639225181598,294,强
sh600475,2025-03-31,2025-05-15,32.317491756903905,38.67263425425827,6.355142497354363,82.20338983050848,82.20338983050848,295,强
sh603599,2025-03-31,2025-05-15,39.46047645419641,45.75696475258133,6.296488298384923,82.14285714285714,82.14285714285714,296,强
sz000550,2025-03-31,2025-05-15,30.204116752018805,36.47543717369189,6.271320421673078,82.08232445520581,82.08232445520581,297,强
sz002101,2025-03-31,2025-05-15,32.44292810150026,38.60166322909298,6.158735127592724,82.02179176755448,82.02179176755448,298,强
sz000503,2025-03-31,2025-05-15,27.655311027380662,33.65969610615358,6.0043850787729225,81.96125907990314,81.96125907990314,299,强
sh600562,2025-03-31,2025-05-15,35.23925401256522,41.15949113442144,5.920237121856218,81.90072639225183,81.90072639225183,300,强
sz000801,2025-03-31,2025-05-15,25.62609712955691,31.528940073539832,5.902842943982922,81.84019370460048,81.84019370460048,301,强
sh688549,2024-12-31,2025-04-30,35.39305915297114,41.2654315775552,5.8723724245840545,81.77966101694916,81.77966101694916,302,强
sh603556,2025-03-31,2025-05-15,42.876537206339314,48.741563473050704,5.865026266711386,81.71912832929782,81.71912832929782,303,强
sz300337,2025-03-31,2025-05-15,28.977215914978185,34.8136187626239,5.836402847645715,81.65859564164649,81.65859564164649,304,强
sz002065,2025-03-31,2025-05-15,26.803956636185237,32.62397691215489,5.820020275969648,81.59806295399515,81.59806295399515,305,强
sh601390,2025-03-31,2025-05-15,24.914778335426437,30.728101180621675,5.813322845195238,81.53753026634382,81.53753026634382,306,强
sh601633,2025-03-31,2025-05-15,28.287083148897235,34.011888535271865,5.724805386374627,81.47699757869249,81.47699757869249,307,强
sz002727,2025-03-31,2025-05-15,39.52424631983166,45.20820154554127,5.683955225709607,81.41646489104116,81.41646489104116,308,强
sz000065,2025-03-31,2025-05-15,30.004388370961593,35.658052500175685,5.653664129214093,81.35593220338984,81.35593220338984,309,强
sh601872,2025-03-31,2025-05-15,40.27740992208796,45.87330078033751,5.595890858249546,81.2953995157385,81.2953995157385,310,强
sh688097,2025-03-31,2025-05-15,31.505591512032353,37.07184068492056,5.566249172888202,81.23486682808718,81.23486682808718,311,强
sz000785,2025-03-31,2025-05-15,34.91334528616608,40.4568910054273,5.543545719261222,81.17433414043583,81.17433414043583,312,强
sz002038,2025-03-31,2025-05-15,38.29990895546469,43.72674393969707,5.426834984232384,81.1138014527845,81.1138014527845,313,强
sh600115,2025-03-31,2025-05-15,21.680132212601958,27.095612793143587,5.415480580541629,81.05326876513317,81.05326876513317,314,强
sh603283,2025-03-31,2025-05-15,39.188296282750066,44.60200380504807,5.413707522298004,80.99273607748184,80.99273607748184,315,强
sz300347,2025-03-31,2025-05-15,38.21317518168581,43.61558923054115,5.402414048855335,80.9322033898305,80.9322033898305,316,强
sh601186,2025-03-31,2025-05-15,24.73358356458639,30.078791737491983,5.345208172905594,80.87167070217917,80.87167070217917,317,强
sz000028,2025-03-31,2025-05-15,28.25747250035877,33.500811692928636,5.243339192569869,80.81113801452786,80.81113801452786,318,强
sz300820,2025-03-31,2025-05-15,43.27136616783168,48.48522989839885,5.213863730567167,80.75060532687651,80.75060532687651,319,强
sh688262,2025-03-31,2025-05-15,35.1899846794938,40.4004505368822,5.210465857388401,80.69007263922518,80.69007263922518,320,强
sh600645,2025-03-31,2025-05-15,38.12431253873078,43.32896257761452,5.204650038883742,80.62953995157385,80.62953995157385,321,强
sh600023,2025-03-31,2025-05-15,30.994902205444443,36.19909445495129,5.204192249506848,80.56900726392251,80.56900726392251,322,强
sz300773,2025-03-31,2025-05-15,33.46211085957586,38.616474057812574,5.154363198236714,80.50847457627118,80.50847457627118,323,强
sh688036,2025-03-31,2025-05-15,25.364917943119544,30.51386578222241,5.148947839102869,80.44794188861985,80.44794188861985,324,强
sh688332,2025-03-31,2025-05-15,39.625664139802296,44.735040821413506,5.109376681611211,80.38740920096852,80.38740920096852,325,强
sz300593,2025-03-31,2025-05-15,37.80484446205594,42.91363907958014,5.108794617524203,80.32687651331719,80.32687651331719,326,强
sh600587,2025-03-31,2025-05-15,34.662141249531224,39.71754706379522,5.055405814264002,80.26634382566587,80.26634382566587,327,强
sz002219,2025-03-31,2025-05-15,30.328179607350197,35.380268830932465,5.052089223582266,80.20581113801452,80.20581113801452,328,强
sz000591,2025-03-31,2025-05-15,40.26235007450236,45.31185093232865,5.049500857826296,80.1452784503632,80.1452784503632,329,强
sz002008,2025-03-31,2025-05-15,40.7907144311045,45.83841749339263,5.047703062288138,80.08474576271186,80.08474576271186,330,强
sz002537,2025-03-31,2025-05-15,27.539889746132232,32.52431007777431,4.9844203316420765,80.02421307506053,80.02421307506053,331,强
sh688337,2025-03-31,2025-05-15,40.97202668101052,45.89897776639884,4.926951085388324,79.9636803874092,79.9636803874092,332,偏强
sh603169,2025-03-31,2025-05-15,26.969005663251725,31.879232683632765,4.91022702038104,79.90314769975787,79.90314769975787,333,偏强
sz002859,2025-03-31,2025-05-15,41.56649147396203,46.44699579380306,4.880504319841028,79.84261501210653,79.84261501210653,334,偏强
sh600848,2025-03-31,2025-05-15,33.27573800480458,38.15375402084517,4.8780160160405925,79.7820823244552,79.7820823244552,335,偏强
sz001213,2025-03-31,2025-05-15,37.46448798012774,42.337642597830424,4.87315461770268,79.72154963680389,79.72154963680389,336,偏强
sh601698,2025-03-31,2025-05-15,39.38592755366302,44.240994705186715,4.855067151523697,79.66101694915254,79.66101694915254,337,偏强
sh600641,2025-03-31,2025-05-15,39.58491640492497,44.41954505463538,4.834628649710408,79.60048426150121,79.60048426150121,338,偏强
sz300624,2021-03-31,2021-05-15,47.92712628553547,52.74202205006961,4.8148957645341355,79.53995157384988,79.53995157384988,339,偏强
sh600017,2025-03-31,2025-05-15,33.567268022578446,38.3695317428799,4.802263720301452,79.47941888619854,79.47941888619854,340,偏强
sh688567,2025-03-31,2025-05-15,27.78682487925761,32.577280528252516,4.790455648994904,79.41888619854721,79.41888619854721,341,偏强
sh600602,2025-03-31,2025-05-15,29.668008286984904,34.45270462871966,4.784696341734753,79.35835351089588,79.35835351089588,342,偏强
sh601360,2025-03-31,2025-05-15,37.332520672822824,42.088329697506644,4.755809024683823,79.29782082324455,79.29782082324455,343,偏强
sz301091,2025-03-31,2025-05-15,29.744346548500697,34.48069618401007,4.736349635509377,79.23728813559322,79.23728813559322,344,偏强
sz000617,2016-09-30,2016-11-14,38.92392475025841,43.65518413443967,4.7312593841812625,79.1767554479419,79.1767554479419,345,偏强
sh688006,2025-03-31,2025-05-15,36.9973959707912,41.72335395708136,4.725957986290154,79.11622276029055,79.11622276029055,346,偏强
sh688205,2025-03-31,2025-05-15,41.90212948995611,46.626815039752536,4.7246855497964235,79.05569007263922,79.05569007263922,347,偏强
sz002745,2025-03-31,2025-05-15,37.627508870241336,42.2656039324433,4.638095062201963,78.99515738498789,78.99515738498789,348,偏强
sz002643,2025-03-31,2025-05-15,42.71831051776103,47.34297905317762,4.624668535416588,78.93462469733656,78.93462469733656,349,偏强
sh688321,2025-03-31,2025-05-15,42.380221032229066,46.96915553191002,4.588934499680949,78.87409200968523,78.87409200968523,350,偏强
sz300085,2025-03-31,2025-05-15,31.899498807422457,36.488223806770534,4.588724999348074,78.8135593220339,78.8135593220339,351,偏强
sh600028,2025-03-31,2025-05-15,31.122171500076423,35.69152714178112,4.569355641704698,78.75302663438256,78.75302663438256,352,偏强
sh600388,2025-03-31,2025-05-15,35.99680677841114,40.557960474301446,4.561153695890305,78.69249394673123,78.69249394673123,353,偏强
sz301047,2025-03-31,2025-05-15,44.625052391945495,49.17609566096558,4.551043269020084,78.6319612590799,78.6319612590799,354,偏强
sh603227,2025-03-31,2025-05-15,36.06700372222935,40.61535692258916,4.548353200359804,78.57142857142857,78.57142857142857,355,偏强
sh600141,2025-03-31,2025-05-15,32.816322662964,37.34012519316595,4.523802530201953,78.51089588377724,78.51089588377724,356,偏强
sh688001,2025-03-31,2025-05-15,38.83639430443856,43.346515522977946,4.510121218539383,78.4503631961259,78.4503631961259,357,偏强
sh600416,2025-03-31,2025-05-15,27.85778933955977,32.35896810641669,4.50117876685692,78.38983050847457,78.38983050847457,358,偏强
sz300525,2025-03-31,2025-05-15,32.20487726684344,36.57479318563451,4.369915918791075,78.32929782082324,78.32929782082324,359,偏强
sh600133,2025-03-31,2025-05-15,28.013520444437116,32.3617008785244,4.348180434087283,78.26876513317191,78.26876513317191,360,偏强
sz002176,2025-03-31,2025-05-15,32.83566605470794,37.14211951149858,4.306453456790631,78.20823244552058,78.20823244552058,361,偏强
sh601012,2025-03-31,2025-05-15,25.900542263676233,30.18945714613878,4.288914882462545,78.14769975786925,78.14769975786925,362,偏强
sz301219,2025-03-31,2025-05-15,39.861350261299506,44.11400119352327,4.252650932223763,78.08716707021792,78.08716707021792,363,偏强
sz002416,2025-03-31,2025-05-15,30.982195211048374,35.21179225544032,4.229597044391945,78.02663438256658,78.02663438256658,364,偏强
sz002929,2025-03-31,2025-05-15,27.30494358826295,31.481412613619213,4.176469025356263,77.96610169491525,77.96610169491525,365,偏强
sz300131,2025-03-31,2025-05-15,32.2981873138798,36.46534503817192,4.167157724292121,77.90556900726392,77.90556900726392,366,偏强
sz000811,2025-03-31,2025-05-15,32.079740098021425,36.14055396826236,4.060813870240936,77.84503631961259,77.84503631961259,367,偏强
sh603866,2025-03-31,2025-05-15,37.03939629750773,41.07057734656481,4.031181049057082,77.78450363196126,77.78450363196126,368,偏强
sz000778,2025-03-31,2025-05-15,27.70938775618512,31.644332918045038,3.934945161859917,77.72397094430993,77.72397094430993,369,偏强
sh605011,2025-03-31,2025-05-15,34.37411500652033,38.306754165088925,3.932639158568598,77.6634382566586,77.6634382566586,370,偏强
sz002237,2025-03-31,2025-05-15,30.48705545798672,34.37441490003539,3.887359442048668,77.60290556900726,77.60290556900726,371,偏强
sz300226,2025-03-31,2025-05-15,28.439828754305505,32.31828465214498,3.8784558978394776,77.54237288135593,77.54237288135593,372,偏强
sh603663,2025-03-31,2025-05-15,32.97853127470405,36.84129988883604,3.86276861413199,77.4818401937046,77.4818401937046,373,偏强
sz300598,2025-03-31,2025-05-15,33.98250137070807,37.78100118793913,3.798499817231064,77.42130750605327,77.42130750605327,374,偏强
sz001979,2025-03-31,2025-05-15,30.780873555366078,34.41856777003657,3.6376942146704905,77.36077481840194,77.36077481840194,375,偏强
sz300638,2025-03-31,2025-05-15,34.10398031947603,37.73977017860452,3.6357898591284945,77.3002421307506,77.3002421307506,376,偏强
sz300151,2025-03-31,2025-05-15,40.94204264702453,44.53582046101344,3.593777813988905,77.23970944309927,77.23970944309927,377,偏强
sh600877,2025-03-31,2025-05-15,35.6208746678245,39.201638722942704,3.580764055118205,77.17917675544794,77.17917675544794,378,偏强
sh601001,2025-03-31,2025-05-15,42.990909164933676,46.53055315571399,3.5396439907803137,77.11864406779661,77.11864406779661,379,偏强
sh600390,2024-09-30,2024-11-14,31.310049783732495,34.80476158487174,3.494711801139246,77.05811138014528,77.05811138014528,380,偏强
sh601233,2025-03-31,2025-05-15,31.07545493289234,34.56861688601041,3.4931619531180695,76.99757869249395,76.99757869249395,381,偏强
sz000058,2025-03-31,2025-05-15,35.61156659214725,39.05574647045296,3.44417987830571,76.93704600484261,76.93704600484261,382,偏强
sz000932,2025-03-31,2025-05-15,38.77902184521963,42.220092959256554,3.441071114036924,76.87651331719128,76.87651331719128,383,偏强
sh688777,2025-03-31,2025-05-15,32.55307009202064,35.993879780159574,3.4408096881389363,76.81598062953995,76.81598062953995,384,偏强
sh600556,2025-03-31,2025-05-15,35.338544707908056,38.72770578948267,3.389161081574616,76.75544794188862,76.75544794188862,385,偏强
sh600330,2025-03-31,2025-05-15,33.578344918723765,36.94443046083186,3.3660855421080984,76.69491525423729,76.69491525423729,386,偏强
sh601212,2025-03-31,2025-05-15,35.15535025712577,38.49742611109065,3.3420758539648796,76.63438256658596,76.63438256658596,387,偏强
sh600155,2021-09-30,2021-11-14,42.65478499844515,45.95009029788496,3.295305299439808,76.57384987893462,76.57384987893462,388,偏强
sz000990,2025-03-31,2025-05-15,37.0542223895393,40.336451749644795,3.282229360105498,76.51331719128329,76.51331719128329,389,偏强
sz300413,2025-03-31,2025-05-15,37.70026976588159,40.98087153628271,3.280601770401122,76.45278450363196,76.45278450363196,390,偏强
sz002465,2025-03-31,2025-05-15,36.08678641982781,39.280452714811155,3.193666294983344,76.39225181598063,76.39225181598063,391,偏强
sz002123,2021-09-30,2021-11-14,32.33385361656981,35.50918165882877,3.1753280422589594,76.3317191283293,76.3317191283293,392,偏强
sh600720,2025-03-31,2025-05-15,27.136813924438215,30.30590997856162,3.1690960541234037,76.27118644067797,76.27118644067797,393,偏强
sh688005,2025-03-31,2025-05-15,29.601042323034026,32.73009855356015,3.1290562305261194,76.21065375302663,76.21065375302663,394,偏强
sz000581,2025-03-31,2025-05-15,37.32790454271727,40.389755317944704,3.0618507752274366,76.1501210653753,76.1501210653753,395,偏强
sz002738,2025-03-31,2025-05-15,40.44371573344148,43.48837682103682,3.0446610875953453,76.08958837772397,76.08958837772397,396,偏强
sz000557,2025-03-31,2025-05-15,44.33908024204007,47.37127816749551,3.0321979254554425,76.02905569007264,76.02905569007264,397,偏强
sh688408,2025-03-31,2025-05-15,30.05279522432053,32.99454022026865,2.9417449959481186,75.9685230024213,75.9685230024213,398,偏强
sh688561,2025-03-31,2025-05-15,35.61927441890382,38.51901415535495,2.8997397364511337,75.90799031476998,75.90799031476998,399,偏强
sh601155,2025-03-31,2025-05-15,34.58020057546894,37.46329460080807,2.883094025339125,75.84745762711864,75.84745762711864,400,偏强
sz002488,2025-03-31,2025-05-15,30.089249956731987,32.89919667179561,2.8099467150636173,75.78692493946731,75.78692493946731,401,偏强
sh600026,2025-03-31,2025-05-15,38.9345607564762,41.69210761751027,2.757546861034063,75.72639225181598,75.72639225181598,402,偏强
sz002498,2025-03-31,2025-05-15,39.43923171801043,42.166683590649065,2.7274518726386336,75.66585956416465,75.66585956416465,403,偏强
sz301358,2025-03-31,2025-05-15,30.891623767482226,33.603949194009104,2.7123254265268804,75.60532687651332,75.60532687651332,404,偏强
sz002212,2025-03-31,2025-05-15,40.120082365051985,42.83159657509663,2.7115142100446477,75.54479418886199,75.54479418886199,405,偏强
sz002163,2025-03-31,2025-05-15,29.652502445232894,32.34140912353121,2.688906678298312,75.48426150121065,75.48426150121065,406,偏强
sz002010,2025-03-31,2025-05-15,35.23839025441741,37.907456351287905,2.6690660968704973,75.42372881355932,75.42372881355932,407,偏强
sh600361,2025-03-31,2025-05-15,30.877730588269696,33.523349269479795,2.645618681210099,75.36319612590799,75.36319612590799,408,偏强
sz300284,2025-03-31,2025-05-15,28.617088354084956,31.258082844802683,2.6409944907177265,75.30266343825666,75.30266343825666,409,偏强
sz002354,2025-03-31,2025-05-15,36.645797989202514,39.25763335246582,2.611835363263302,75.24213075060533,75.24213075060533,410,偏强
sh600217,2025-03-31,2025-05-15,30.266677249893203,32.830294408429964,2.563617158536759,75.181598062954,75.181598062954,411,偏强
sh601598,2025-03-31,2025-05-15,30.7938365856026,33.34955944443612,2.555722858833515,75.12106537530266,75.12106537530266,412,偏强
sz300755,2025-03-31,2025-05-15,34.46835782535706,36.96333455841575,2.4949767330586927,75.06053268765133,75.06053268765133,413,偏强
sz000738,2025-03-31,2025-05-15,40.39462598702908,42.86150184014168,2.4668758531125965,75.0,75.0,414,偏强
sz000400,2025-03-31,2025-05-15,38.809793656429946,41.257487828355174,2.447694171925225,74.93946731234867,74.93946731234867,415,偏强
sz300034,2025-03-31,2025-05-15,39.82963677029074,42.258246675417055,2.4286099051263177,74.87893462469734,74.87893462469734,416,偏强
sh600667,2025-03-31,2025-05-15,26.40179396518753,28.810160176396003,2.408366211208473,74.818401937046,74.818401937046,417,偏强
sh603728,2025-03-31,2025-05-15,44.170569585221195,46.546873733855506,2.3763041486343144,74.75786924939467,74.75786924939467,418,偏强
sh600059,2025-03-31,2025-05-15,43.10565330797953,45.47399614071975,2.3683428327402214,74.69733656174334,74.69733656174334,419,偏强
sz000898,2025-03-31,2025-05-15,35.990753537680575,38.33746846361073,2.3467149259301556,74.63680387409201,74.63680387409201,420,偏强
sh600006,2025-03-31,2025-05-15,31.57203332723947,33.89932747067591,2.3272941434364376,74.57627118644068,74.57627118644068,421,偏强
sh600637,2025-03-31,2025-05-15,40.35507469193817,42.65955017660268,2.304475484664505,74.51573849878935,74.51573849878935,422,偏强
sh600640,2025-03-31,2025-05-15,36.51112121666815,38.75181580050344,2.240694583835285,74.45520581113801,74.45520581113801,423,偏强
sz000420,2025-03-31,2025-05-15,30.930878688521705,33.16985658787662,2.2389778993549165,74.39467312348668,74.39467312348668,424,偏强
sh603043,2025-03-31,2025-05-15,38.2109474842968,40.440512223426005,2.2295647391292035,74.33414043583535,74.33414043583535,425,偏强
sz002063,2025-03-31,2025-05-15,39.1870125562821,41.39963298072896,2.2126204244468632,74.27360774818402,74.27360774818402,426,偏强
sz002338,2025-03-31,2025-05-15,38.46143131335843,40.592849000223644,2.131417686865215,74.21307506053269,74.21307506053269,427,偏强
sz002149,2025-03-31,2025-05-15,35.608448735703476,37.73188734916455,2.123438613461075,74.15254237288136,74.15254237288136,428,偏强
sz300821,2025-03-31,2025-05-15,29.49310315701839,31.60896826727055,2.1158651102521624,74.09200968523002,74.09200968523002,429,偏强
sz000498,2025-03-31,2025-05-15,31.072255570520188,33.15189463392075,2.0796390634005584,74.0314769975787,74.0314769975787,430,偏强
sh600760,2025-03-31,2025-05-15,30.15621914727701,32.229988128674776,2.0737689813977633,73.97094430992736,73.97094430992736,431,偏强
sz000422,2025-03-31,2025-05-15,36.503804174953764,38.5653903084495,2.0615861334957377,73.91041162227603,73.91041162227603,432,偏强
sh601607,2025-03-31,2025-05-15,31.45787698803791,33.46368449447672,2.005807506438812,73.8498789346247,73.8498789346247,433,偏强
sz002183,2025-03-31,2025-05-15,29.634149487878336,31.633723648109893,1.999574160231557,73.78934624697337,73.78934624697337,434,偏强
sh688091,2025-03-31,2025-05-15,45.36716555194239,47.34062448233366,1.973458930391264,73.72881355932203,73.72881355932203,435,偏强
sh601777,2024-12-31,2025-04-30,38.804736894792,40.76567802973775,1.9609411349457466,73.6682808716707,73.6682808716707,436,偏强
sz002541,2025-03-31,2025-05-15,35.126961523079096,37.03366268488097,1.9067011618018754,73.60774818401937,73.60774818401937,437,偏强
sh600597,2025-03-31,2025-05-15,34.545633896416334,36.38055938130174,1.834925484885404,73.54721549636804,73.54721549636804,438,偏强
sh600339,2025-03-31,2025-05-15,27.700878846284358,29.53553713713046,1.8346582908461022,73.48668280871671,73.48668280871671,439,偏强
sh600864,2025-03-31,2025-05-15,32.84993417232001,34.664683479739715,1.8147493074196999,73.42615012106538,73.42615012106538,440,偏强
sz000860,2025-03-31,2025-05-15,38.181326340627066,39.99272129730342,1.8113949566763494,73.36561743341404,73.36561743341404,441,偏强
sz002534,2025-03-31,2025-05-15,36.32551669539719,38.13313699626584,1.8076203008686496,73.30508474576271,73.30508474576271,442,偏强
sh603000,2025-03-31,2025-05-15,38.2062944729309,40.00418428539781,1.79788981246691,73.24455205811138,73.24455205811138,443,偏强
sz002670,2017-12-31,2018-04-30,35.17263057415236,36.893846795597455,1.7212162214450981,73.18401937046005,73.18401937046005,444,偏强
sh600100,2025-03-31,2025-05-15,34.15377473085345,35.84266941491824,1.6888946840647907,73.12348668280872,73.12348668280872,445,偏强
sh603128,2025-03-31,2025-05-15,34.760710243938085,36.43607570549178,1.6753654615536926,73.06295399515739,73.06295399515739,446,偏强
sh601966,2025-03-31,2025-05-15,36.84445233953529,38.51051205217353,1.6660597126382417,73.00242130750605,73.00242130750605,447,偏强
sz002023,2025-03-31,2025-05-15,43.37158765265879,45.02691071005222,1.655323057393435,72.94188861985472,72.94188861985472,448,偏强
sh600623,2025-03-31,2025-05-15,34.73437010889563,36.38167297639309,1.6473028674974604,72.88135593220339,72.88135593220339,449,偏强
sz002837,2025-03-31,2025-05-15,43.4039597620485,45.044647782643786,1.640688020595286,72.82082324455206,72.82082324455206,450,偏强
sh688009,2025-03-31,2025-05-15,37.730636061005974,39.34634089546537,1.61570483445939,72.76029055690073,72.76029055690073,451,偏强
sh601898,2025-03-31,2025-05-15,40.480633871666186,42.09133588585185,1.6107020141856616,72.6997578692494,72.6997578692494,452,偏强
sh688281,2025-03-31,2025-05-15,46.339940565826105,47.89744690966634,1.5575063438402406,72.63922518159806,72.63922518159806,453,偏强
sh601975,2025-03-31,2025-05-15,42.3520206344196,43.86998719844058,1.5179665640209778,72.57869249394673,72.57869249394673,454,偏强
sz000683,2025-03-31,2025-05-15,42.67751611197066,44.18205832228043,1.504542210309774,72.5181598062954,72.5181598062954,455,偏强
sz002326,2025-03-31,2025-05-15,30.71037543041599,32.195081428613946,1.4847059981979527,72.45762711864407,72.45762711864407,456,偏强
sh600850,2025-03-31,2025-05-15,33.65052901408006,35.13028749556962,1.4797584814895615,72.39709443099274,72.39709443099274,457,偏强
sh600095,2025-03-31,2025-05-15,28.837047569786613,30.27946305629455,1.4424154865079355,72.3365617433414,72.3365617433414,458,偏强
sh601800,2025-03-31,2025-05-15,25.981655587821955,27.408601890019934,1.4269463021979791,72.27602905569007,72.27602905569007,459,偏强
sh688114,2025-03-31,2025-05-15,38.98214566749246,40.40573143258094,1.4235857650884813,72.21549636803874,72.21549636803874,460,偏强
sz002791,2025-03-31,2025-05-15,32.268301705311,33.6807475710294,1.4124458657183998,72.15496368038741,72.15496368038741,461,偏强
sz002064,2025-03-31,2025-05-15,38.24221674411776,39.59119912643677,1.3489823823190057,72.09443099273608,72.09443099273608,462,偏强
sh688739,2025-03-31,2025-05-15,49.96134588832803,51.3025281592956,1.3411822709675636,72.03389830508475,72.03389830508475,463,偏强
sh600835,2025-03-31,2025-05-15,35.793829248171846,37.113380279575985,1.3195510314041352,71.97336561743342,71.97336561743342,464,偏强
sh601908,2025-03-31,2025-05-15,34.75622775635305,36.05309059303588,1.296862836682835,71.91283292978208,71.91283292978208,465,偏强
sz300058,2025-03-31,2025-05-15,30.446271282927764,31.72423690796983,1.2779656250420637,71.85230024213075,71.85230024213075,466,偏强
sz002563,2025-03-31,2025-05-15,41.78618250938289,43.057417729447266,1.2712352200643788,71.79176755447942,71.79176755447942,467,偏强
sz002060,2025-03-31,2025-05-15,25.884367830328372,27.128760156588204,1.2443923262598313,71.73123486682809,71.73123486682809,468,偏强
sz002911,2025-03-31,2025-05-15,35.74836911600497,36.990370203185485,1.2420010871805118,71.67070217917676,71.67070217917676,469,偏强
sz301177,2025-03-31,2025-05-15,45.543728033596075,46.78466112177108,1.2409330881750027,71.61016949152543,71.61016949152543,470,偏强
sh600153,2025-03-31,2025-05-15,25.78778592603444,27.02205461770524,1.2342686916707997,71.5496368038741,71.5496368038741,471,偏强
sz002960,2025-03-31,2025-05-15,40.12649020080521,41.2887622991315,1.1622720983262886,71.48910411622276,71.48910411622276,472,偏强
sh600782,2025-03-31,2025-05-15,36.934187320909636,38.03311020687387,1.0989228859642342,71.42857142857143,71.42857142857143,473,偏强
sz002335,2025-03-31,2025-05-15,42.73635404052297,43.776322830931825,1.0399687904088597,71.3680387409201,71.3680387409201,474,偏强
sh600536,2025-03-31,2025-05-15,33.86619057970152,34.793332360462344,0.927141780760828,71.30750605326877,71.30750605326877,475,偏强
sz300772,2025-03-31,2025-05-15,30.183936553304843,31.077005739335448,0.8930691860306039,71.24697336561744,71.24697336561744,476,偏强
sz000301,2025-03-31,2025-05-15,33.90305058842778,34.75866159517639,0.8556110067486078,71.1864406779661,71.1864406779661,477,偏强
sh688390,2025-03-31,2025-05-15,33.913748021930246,34.72810084891783,0.814352826987588,71.12590799031477,71.12590799031477,478,偏强
sz002841,2025-03-31,2025-05-15,38.34429616526756,39.154079722384225,0.8097835571166676,71.06537530266344,71.06537530266344,479,偏强
sh603100,2025-03-31,2025-05-15,40.44006295280025,41.21043513769381,0.7703721848935613,71.00484261501211,71.00484261501211,480,偏强
sh603225,2025-03-31,2025-05-15,35.07665563556127,35.82613900470454,0.7494833691432635,70.94430992736078,70.94430992736078,481,偏强
sz300316,2025-03-31,2025-05-15,43.62670020211754,44.35657786217226,0.7298776600547208,70.88377723970945,70.88377723970945,482,偏强
sh601669,2025-03-31,2025-05-15,29.123831921373096,29.73479088795604,0.6109589665829468,70.8232445520581,70.8232445520581,483,偏强
sz300579,2025-03-31,2025-05-15,36.46031224373149,36.95417037425887,0.49385813052738836,70.76271186440678,70.76271186440678,484,偏强
sz300416,2025-03-31,2025-05-15,43.61296776296828,44.06371585709188,0.4507480941235966,70.70217917675545,70.70217917675545,485,偏强
sh600089,2025-03-31,2025-05-15,41.598873439559014,42.04509470515271,0.44622126559369185,70.64164648910412,70.64164648910412,486,偏强
sh600498,2025-03-31,2025-05-15,34.94115564364801,35.38196067017571,0.44080502652769554,70.58111380145279,70.58111380145279,487,偏强
sz300223,2025-03-31,2025-05-15,47.590891856963054,48.01721175593666,0.4263198989736002,70.52058111380146,70.52058111380146,488,偏强
sz000756,2025-03-31,2025-05-15,38.95402677382925,39.36573298676277,0.41170621293352233,70.46004842615012,70.46004842615012,489,偏强
sh601608,2025-03-31,2025-05-15,37.40564030613178,37.791813782439476,0.38617347630769827,70.39951573849879,70.39951573849879,490,偏强
sz300428,2025-03-31,2025-05-15,35.079414216223874,35.43236759401973,0.35295337779585684,70.33898305084746,70.33898305084746,491,偏强
sh688003,2025-03-31,2025-05-15,37.571272632851226,37.88772861546658,0.316455982615352,70.27845036319611,70.27845036319611,492,偏强
sz301207,2025-03-31,2025-05-15,44.63689075710275,44.87778589473204,0.24089513762929743,70.2179176755448,70.2179176755448,493,偏强
sz300775,2025-03-31,2025-05-15,44.228366426634594,44.4525278228724,0.22416139623780684,70.15738498789347,70.15738498789347,494,偏强
sz002036,2025-03-31,2025-05-15,36.48349313589494,36.680957523341874,0.19746438744693767,70.09685230024213,70.09685230024213,495,偏强
sh600208,2025-03-31,2025-05-15,38.45560854975759,38.62249366931708,0.16688511955948476,70.0363196125908,70.0363196125908,496,偏强
sz300146,2025-03-31,2025-05-15,51.86571457909983,52.025336750451835,0.15962217135200274,69.97578692493947,69.97578692493947,497,偏强
sz002221,2025-03-31,2025-05-15,36.170484664009564,36.309838770681694,0.13935410667212897,69.91525423728814,69.91525423728814,498,偏强
sh688318,2025-03-31,2025-05-15,47.5351294296031,47.6717155459747,0.13658611637159446,69.8547215496368,69.8547215496368,499,偏强
sh601139,2025-03-31,2025-05-15,35.13779443755585,35.270669052888195,0.13287461533234735,69.79418886198548,69.79418886198548,500,偏强
sh603290,2025-03-31,2025-05-15,50.25758571092074,50.38264939039271,0.12506367947196173,69.73365617433413,69.73365617433413,501,偏强
sh688538,2025-03-31,2025-05-15,33.28320282997742,33.3469652934718,0.06376246349437817,69.67312348668281,69.67312348668281,502,偏强
sz301263,2025-03-31,2025-05-15,46.119306475792534,46.1745136647423,0.05520718894976749,69.61259079903148,69.61259079903148,503,偏强
sh600171,2025-03-31,2025-05-15,44.36360329829523,44.40149905423973,0.037895755944497726,69.55205811138015,69.55205811138015,504,偏强
sz000060,2025-03-31,2025-05-15,35.252118726105294,35.276676050121,0.024557324015702563,69.49152542372882,69.49152542372882,505,偏强
sh688331,2025-03-31,2025-05-15,47.50330091384733,47.52063451686642,0.017333603019086295,69.43099273607749,69.43099273607749,506,偏强
sh688702,2024-12-31,2025-04-30,43.232427571431046,43.204163649909496,-0.028263921521551983,69.37046004842615,69.37046004842615,507,偏强
sz300130,2025-03-31,2025-05-15,47.8070627641202,47.75316341342709,-0.05389935069310822,69.30992736077482,69.30992736077482,508,偏强
sh688543,2025-03-31,2025-05-15,44.20363098319244,44.12012210018229,-0.08350888301014853,69.24939467312349,69.24939467312349,509,偏强
sz002405,2025-03-31,2025-05-15,43.71438948960317,43.626670483436236,-0.08771900616693855,69.18886198547214,69.18886198547214,510,偏强
sh600751,2025-03-31,2025-05-15,32.51695099490662,32.40565202258751,-0.1112989723191129,69.12832929782083,69.12832929782083,511,偏强
sh603693,2025-03-31,2025-05-15,45.00659271432979,44.8776804965198,-0.12891221780999143,69.0677966101695,69.0677966101695,512,偏强
sz300726,2025-03-31,2025-05-15,50.56871988402957,50.4142893364776,-0.15443054755196767,69.00726392251816,69.00726392251816,513,偏强
sz300098,2025-03-31,2025-05-15,41.49756927348877,41.331223790551505,-0.16634548293726886,68.94673123486683,68.94673123486683,514,偏强
sh603613,2025-03-31,2025-05-15,34.45234812318831,34.28532704387818,-0.1670210793101281,68.8861985472155,68.8861985472155,515,偏强
sh600188,2025-03-31,2025-05-15,43.487751180403855,43.25530801271416,-0.23244316768969442,68.82566585956417,68.82566585956417,516,偏强
sz002242,2025-03-31,2025-05-15,43.914578750334265,43.65798126139824,-0.25659748893602025,68.76513317191282,68.76513317191282,517,偏强
sh603039,2025-03-31,2025-05-15,43.72538082696036,43.453663097687716,-0.27171772927264154,68.7046004842615,68.7046004842615,518,偏强
sh600151,2025-03-31,2025-05-15,37.6076183155867,37.330781248403746,-0.27683706718295586,68.64406779661016,68.64406779661016,519,偏强
sz301381,2025-03-31,2025-05-15,46.424303024041656,46.14640928320085,-0.27789374084080226,68.58353510895884,68.58353510895884,520,偏强
sh688484,2025-03-31,2025-05-15,47.81039989987832,47.528233144404744,-0.2821667554735724,68.52300242130751,68.52300242130751,521,偏强
sz000930,2025-03-31,2025-05-15,33.1726400810275,32.88028376329182,-0.29235631773568305,68.46246973365618,68.46246973365618,522,偏强
sz300170,2025-03-31,2025-05-15,41.59365619293505,41.25978463200488,-0.3338715609301731,68.40193704600485,68.40193704600485,523,偏强
sh600872,2025-03-31,2025-05-15,47.473164370680976,47.13109538416708,-0.34206898651389717,68.34140435835351,68.34140435835351,524,偏强
sz002203,2025-03-31,2025-05-15,33.67089678982426,33.31761188533651,-0.3532849044877538,68.28087167070218,68.28087167070218,525,偏强
sh600903,2025-03-31,2025-05-15,39.93480334107739,39.57571376878999,-0.35908957228740446,68.22033898305084,68.22033898305084,526,偏强
sz300260,2025-03-31,2025-05-15,42.332378033968226,41.9576657691423,-0.3747122648259225,68.15980629539952,68.15980629539952,527,偏强
sz002051,2025-03-31,2025-05-15,37.59664030104271,37.201556172712216,-0.39508412833049306,68.09927360774817,68.09927360774817,528,偏强
sz002429,2025-03-31,2025-05-15,39.424478669284476,39.00864675338677,-0.4158319158977041,68.03874092009686,68.03874092009686,529,偏强
sz300003,2025-03-31,2025-05-15,50.58649892729711,50.1700328948039,-0.4164660324932034,67.97820823244552,67.97820823244552,530,偏强
sh605123,2025-03-31,2025-05-15,43.44107407041017,42.970925713604544,-0.47014835680562,67.91767554479419,67.91767554479419,531,偏强
sh688169,2025-03-31,2025-05-15,53.49464595145189,53.016926871031515,-0.47771908042037703,67.85714285714286,67.85714285714286,532,偏强
sh600104,2025-03-31,2025-05-15,41.115775464822136,40.60952227182598,-0.5062531929961578,67.79661016949152,67.79661016949152,533,偏强
sz002511,2025-03-31,2025-05-15,41.458005662356015,40.93940515545854,-0.5186005068974788,67.7360774818402,67.7360774818402,534,偏强
sz300919,2025-03-31,2025-05-15,39.59917475664691,39.075517267449904,-0.5236574891970058,67.67554479418885,67.67554479418885,535,偏强
sh600201,2025-03-31,2025-05-15,48.10400365765868,47.55530027921668,-0.5487033784419965,67.61501210653753,67.61501210653753,536,偏强
sz002400,2025-03-31,2025-05-15,36.431327965285696,35.878623432532706,-0.5527045327529932,67.55447941888619,67.55447941888619,537,偏强
sz300687,2025-03-31,2025-05-15,42.943670610777524,42.34029525891601,-0.6033753518615157,67.49394673123487,67.49394673123487,538,偏强
sz300406,2025-03-31,2025-05-15,46.7627573062089,46.139978906981305,-0.6227783992275917,67.43341404358354,67.43341404358354,539,偏强
sh600125,2025-03-31,2025-05-15,42.25513439462309,41.62406772567635,-0.6310666689467473,67.37288135593221,67.37288135593221,540,偏强
sz002422,2025-03-31,2025-05-15,44.921158823729854,44.277839231968144,-0.6433195917617076,67.31234866828088,67.31234866828088,541,偏强
sz300493,2025-03-31,2025-05-15,40.880739009643655,40.2317660785862,-0.6489729310574542,67.25181598062953,67.25181598062953,542,偏强
sh603299,2025-03-31,2025-05-15,43.76620158300306,43.085593998263576,-0.6806075847394838,67.19128329297821,67.19128329297821,543,偏强
sz002601,2025-03-31,2025-05-15,41.230404432378,40.42326467346515,-0.8071397589128556,67.13075060532687,67.13075060532687,544,偏强
sh601228,2025-03-31,2025-05-15,40.55600661888865,39.735062091505355,-0.8209445273832978,67.07021791767555,67.07021791767555,545,偏强
sh601000,2025-03-31,2025-05-15,45.97728888324707,45.145582196682334,-0.831706686564739,67.00968523002422,67.00968523002422,546,偏强
sz002053,2025-03-31,2025-05-15,48.50290097307164,47.64739206620659,-0.8555089068650458,66.94915254237289,66.94915254237289,547,偏强
sh688548,2025-03-31,2025-05-15,47.9323540642805,47.05741896952867,-0.8749350947518325,66.88861985472155,66.88861985472155,548,偏强
sz300925,2025-03-31,2025-05-15,39.5188155274563,38.6354689202647,-0.8833466071915965,66.82808716707022,66.82808716707022,549,偏强
sh600118,2025-03-31,2025-05-15,36.672794347174325,35.763854124028576,-0.90894022314575,66.76755447941889,66.76755447941889,550,偏强
sz300323,2025-03-31,2025-05-15,38.607318361278374,37.60129648241817,-1.0060218788602027,66.70702179176754,66.70702179176754,551,偏强
sz300049,2025-03-31,2025-05-15,50.04908224269126,48.97757460392322,-1.0715076387680378,66.64648910411623,66.64648910411623,552,偏强
sz002897,2025-03-31,2025-05-15,38.976061386003124,37.884740685886115,-1.0913207001170069,66.58595641646488,66.58595641646488,553,偏强
sh600223,2025-03-31,2025-05-15,43.6531625537889,42.512096051087646,-1.14106650270126,66.52542372881356,66.52542372881356,554,偏强
sz000969,2025-03-31,2025-05-15,38.1211376208738,36.976964038282254,-1.1441735825915509,66.46489104116223,66.46489104116223,555,偏强
sz000967,2025-03-31,2025-05-15,42.6777369115521,41.531220862902536,-1.1465160486495651,66.4043583535109,66.4043583535109,556,偏强
sz000927,2025-03-31,2025-05-15,38.536850752292146,37.3485295017863,-1.1883212505058418,66.34382566585957,66.34382566585957,557,偏强
sh600335,2025-03-31,2025-05-15,36.21705282928533,35.0111803631431,-1.2058724661422304,66.28329297820824,66.28329297820824,558,偏强
sz300255,2025-03-31,2025-05-15,42.193673857306564,40.98602207486652,-1.207651782440043,66.2227602905569,66.2227602905569,559,偏强
sz300001,2025-03-31,2025-05-15,33.69465502022826,32.45755497774663,-1.2371000424816256,66.16222760290556,66.16222760290556,560,偏强
sz002372,2025-03-31,2025-05-15,46.25776468480288,45.008891064692854,-1.248873620110024,66.10169491525424,66.10169491525424,561,偏强
sz002867,2025-03-31,2025-05-15,46.06079367565554,44.73929357492694,-1.321500100728596,66.0411622276029,66.0411622276029,562,偏强
sh600654,2025-03-31,2025-05-15,39.521544747982105,38.18604328544323,-1.335501462538874,65.98062953995158,65.98062953995158,563,偏强
sz002120,2025-03-31,2025-05-15,37.64777773187267,36.28700550146721,-1.3607722304054617,65.92009685230025,65.92009685230025,564,偏强
sz002965,2025-03-31,2025-05-15,41.5997935076304,40.083502600175414,-1.5162909074549866,65.85956416464892,65.85956416464892,565,偏强
sz002651,2025-03-31,2025-05-15,44.90746106228263,43.36137125907169,-1.5460898032109391,65.79903147699758,65.79903147699758,566,偏强
sh603267,2025-03-31,2025-05-15,47.989059904948434,46.440956938505884,-1.5481029664425487,65.73849878934624,65.73849878934624,567,偏强
sh688016,2025-03-31,2025-05-15,57.11753457734894,55.51188750831065,-1.6056470690382902,65.67796610169492,65.67796610169492,568,偏强
sz002265,2025-03-31,2025-05-15,40.10676630752658,38.48282645830168,-1.6239398492248978,65.61743341404357,65.61743341404357,569,偏强
sz002104,2025-03-31,2025-05-15,48.070664802468734,46.44036415080713,-1.6303006516616048,65.55690072639226,65.55690072639226,570,偏强
sz002077,2025-03-31,2025-05-15,38.9412092099521,37.294371383256085,-1.6468378266960129,65.49636803874091,65.49636803874091,571,偏强
sz002432,2025-03-31,2025-05-15,48.3711470848572,46.71625711277793,-1.654889972079269,65.4358353510896,65.4358353510896,572,偏强
sz300768,2025-03-31,2025-05-15,49.034698888045256,47.33117637467804,-1.7035225133672196,65.37530266343826,65.37530266343826,573,偏强
sh600867,2025-03-31,2025-05-15,51.67799689151343,49.96628181396406,-1.711715077549369,65.31476997578693,65.31476997578693,574,偏强
sh600325,2025-03-31,2025-05-15,39.748692041450944,38.01406358129415,-1.7346284601567885,65.2542372881356,65.2542372881356,575,偏强
sz002192,2025-03-31,2025-05-15,49.45477947304,47.67647161265088,-1.7783078603891167,65.19370460048425,65.19370460048425,576,偏强
sz000768,2025-03-31,2025-05-15,32.68493168958155,30.835528842515423,-1.8494028470661308,65.13317191283294,65.13317191283294,577,偏强
sh600612,2025-03-31,2025-05-15,41.20426282621242,39.35107609667034,-1.8531867295420827,65.07263922518159,65.07263922518159,578,偏强
sh600037,2025-03-31,2025-05-15,40.90820375224633,39.05469705056903,-1.8535067016773004,65.01210653753027,65.01210653753027,579,偏强
sh601611,2025-03-31,2025-05-15,32.64979562642827,30.787545462745445,-1.8622501636828253,64.95157384987893,64.95157384987893,580,偏强
sh600309,2025-03-31,2025-05-15,39.2305751000005,37.359230333756415,-1.8713447662440834,64.89104116222761,64.89104116222761,581,偏强
sz300257,2025-03-31,2025-05-15,47.67767486594485,45.78359662376142,-1.8940782421834355,64.83050847457628,64.83050847457628,582,偏强
sz000030,2025-03-31,2025-05-15,38.38260929409882,36.40618273127957,-1.9764265628192457,64.76997578692493,64.76997578692493,583,偏强
sz300725,2025-03-31,2025-05-15,49.99071434569793,48.01263748959712,-1.9780768561008153,64.70944309927361,64.70944309927361,584,偏强
sh688443,2025-03-31,2025-05-15,51.84802937963025,49.861808846838386,-1.9862205327918596,64.64891041162227,64.64891041162227,585,偏强
sz003816,2025-03-31,2025-05-15,46.60688992139069,44.604109676870365,-2.002780244520323,64.58837772397095,64.58837772397095,586,偏强
sz000582,2025-03-31,2025-05-15,45.54534746709306,43.53353575650254,-2.0118117105905244,64.5278450363196,64.5278450363196,587,偏强
sh601858,2025-03-31,2025-05-15,42.598881672769814,40.580720589079164,-2.0181610836906474,64.46731234866829,64.46731234866829,588,偏强
sz002439,2025-03-31,2025-05-15,42.07011371610034,40.03925957492037,-2.0308541411799625,64.40677966101694,64.40677966101694,589,偏强
sz300026,2025-03-31,2025-05-15,44.33240818601684,42.239785752076166,-2.092622433940678,64.34624697336562,64.34624697336562,590,偏强
sh600585,2025-03-31,2025-05-15,47.31571847956475,45.21717572918035,-2.0985427503844014,64.28571428571429,64.28571428571429,591,偏强
sh688563,2025-03-31,2025-05-15,49.38075536121057,47.27051340720912,-2.1102419540014448,64.22518159806295,64.22518159806295,592,偏强
sz000636,2025-03-31,2025-05-15,43.628276174322885,41.41826793573731,-2.2100082385855697,64.16464891041163,64.16464891041163,593,偏强
sh600845,2025-03-31,2025-05-15,46.69284912633885,44.47642940035281,-2.2164197259860456,64.10411622276028,64.10411622276028,594,偏强
sz001286,2025-03-31,2025-05-15,46.90807554955463,44.64478948843605,-2.263286061118583,64.04358353510897,64.04358353510897,595,偏强
sz002158,2025-03-31,2025-05-15,47.8918315756659,45.58411625822274,-2.307715317443153,63.983050847457626,63.983050847457626,596,偏强
sz000661,2025-03-31,2025-05-15,51.43211454288416,49.124112819700244,-2.308001723183915,63.922518159806295,63.922518159806295,597,偏强
sh688177,2025-03-31,2025-05-15,48.40485362031779,46.02074406944037,-2.384109550877416,63.861985472154956,63.861985472154956,598,偏强
sz301015,2025-03-31,2025-05-15,45.079099922904575,42.67678124684797,-2.4023186760566015,63.80145278450363,63.80145278450363,599,偏强
sh688639,2025-03-31,2025-05-15,47.02728885785998,44.59938763420974,-2.427901223650238,63.74092009685231,63.74092009685231,600,偏强
sz301087,2025-03-31,2025-05-15,50.171598226850826,47.72270754247708,-2.448890684373745,63.68038740920097,63.68038740920097,601,偏强
sh601069,2025-03-31,2025-05-15,37.94138475321679,35.48613957653649,-2.455245176680297,63.61985472154964,63.61985472154964,602,偏强
sz000858,2025-03-31,2025-05-15,49.400324515014674,46.9372502935637,-2.463074221450977,63.559322033898304,63.559322033898304,603,偏强
sh688385,2025-03-31,2025-05-15,50.32044944938138,47.82831767320741,-2.4921317761739705,63.49878934624697,63.49878934624697,604,偏强
sz002508,2025-03-31,2025-05-15,49.11280658304943,46.5969278409987,-2.5158787420507256,63.438256658595634,63.438256658595634,605,偏强
sz301050,2025-03-31,2025-05-15,49.156683447444486,46.63161367186096,-2.5250697755835247,63.37772397094431,63.37772397094431,606,偏强
sh600682,2025-03-31,2025-05-15,45.728931157607335,43.197369079244446,-2.5315620783628914,63.31719128329297,63.31719128329297,607,偏强
sh688326,2025-03-31,2025-05-15,43.82664865397687,41.264058033035894,-2.5625906209409743,63.256658595641646,63.256658595641646,608,偏强
sz301363,2025-03-31,2025-05-15,51.48458059442691,48.915801074594086,-2.5687795198328236,63.19612590799032,63.19612590799032,609,偏强
sh601969,2025-03-31,2025-05-15,46.48598038554306,43.868682331969254,-2.617298053573802,63.13559322033898,63.13559322033898,610,偏强
sz301236,2025-03-31,2025-05-15,39.71382470068413,37.08186673544557,-2.6319579652385525,63.07506053268766,63.07506053268766,611,偏强
sz300087,2025-03-31,2025-05-15,39.51693754307853,36.862077795746636,-2.65485974733189,63.01452784503632,63.01452784503632,612,偏强
sz002243,2025-03-31,2025-05-15,42.96565665116771,40.25338885059222,-2.71226780057549,62.95399515738499,62.95399515738499,613,偏强
sh688301,2025-03-31,2025-05-15,58.07037801753348,55.35555426884008,-2.714823748693397,62.89346246973365,62.89346246973365,614,偏强
sh603162,2025-03-31,2025-05-15,41.478078554032024,38.727724551604354,-2.7503540024276667,62.832929782082324,62.832929782082324,615,偏强
sh600056,2025-03-31,2025-05-15,35.939331409855804,33.18831483382617,-2.751016576029631,62.772397094430985,62.772397094430985,616,偏强
sh600566,2025-03-31,2025-05-15,50.99179315440065,48.23969797354699,-2.752095180853664,62.71186440677966,62.71186440677966,617,偏强
sh600452,2025-03-31,2025-05-15,42.741301953893434,39.98150149183451,-2.7598004620589274,62.651331719128336,62.651331719128336,618,偏强
sz300496,2025-03-31,2025-05-15,56.11739010047481,53.34722064106461,-2.7701694594101958,62.590799031477,62.590799031477,619,偏强
sz300378,2025-03-31,2025-05-15,44.15227587268768,41.36948993064122,-2.782785942046456,62.530266343825666,62.530266343825666,620,偏强
sz300450,2025-03-31,2025-05-15,44.21816547997824,41.42147708722617,-2.796688392752067,62.469733656174334,62.469733656174334,621,偏强
sz300809,2025-03-31,2025-05-15,51.079880678951916,48.276814078143836,-2.8030666008080805,62.409200968523,62.409200968523,622,偏强
sh600022,2025-03-31,2025-05-15,37.258195456536676,34.4526755679113,-2.805519888625373,62.348668280871664,62.348668280871664,623,偏强
sh600511,2025-03-31,2025-05-15,39.73252834570326,36.90662121830777,-2.8259071273954888,62.28813559322034,62.28813559322034,624,偏强
sh600808,2025-03-31,2025-05-15,35.77949006080635,32.921068859510655,-2.858421201295701,62.227602905569015,62.227602905569015,625,偏强
sz000650,2025-03-31,2025-05-15,51.46141292769637,48.576430316380225,-2.8849826113161443,62.167070217917676,62.167070217917676,626,偏强
sh688266,2025-03-31,2025-05-15,47.96310717329277,45.06549869062185,-2.897608482670919,62.10653753026635,62.10653753026635,627,偏强
sz002493,2025-03-31,2025-05-15,39.33377488458046,36.41962193212789,-2.914152952452566,62.04600484261501,62.04600484261501,628,偏强
sh603360,2025-03-31,2025-05-15,54.77005990993594,51.83214808590872,-2.9379118240272173,61.98547215496368,61.98547215496368,629,偏强
sh600048,2025-03-31,2025-05-15,38.17371678072811,35.223265878916784,-2.9504509018113203,61.92493946731234,61.92493946731234,630,偏强
sh600098,2025-03-31,2025-05-15,41.10839105844514,38.15181565223156,-2.9565754062135805,61.86440677966102,61.86440677966102,631,偏强
sh600038,2025-03-31,2025-05-15,36.845693892859565,33.86656410061717,-2.979129792242395,61.80387409200968,61.80387409200968,632,偏强
sz002312,2025-03-31,2025-05-15,42.084153306307364,39.051780970259586,-3.032372336047778,61.743341404358354,61.743341404358354,633,偏强
sh688158,2025-03-31,2025-05-15,43.966602946230026,40.92152799863349,-3.045074947596532,61.68280871670703,61.68280871670703,634,偏强
sz002252,2025-03-31,2025-05-15,51.72137688431075,48.6046525804709,-3.1167243038398493,61.62227602905569,61.62227602905569,635,偏强
sz300002,2025-03-31,2025-05-15,53.599772440998116,50.43060006854765,-3.1691723724504652,61.561743341404366,61.561743341404366,636,偏强
sh601016,2025-03-31,2025-05-15,49.92937855371126,46.754635038335095,-3.174743515376168,61.50121065375303,61.50121065375303,637,偏强
sh688425,2025-03-31,2025-05-15,46.673203898609245,43.497320994591085,-3.1758829040181618,61.440677966101696,61.440677966101696,638,偏强
sz300475,2025-03-31,2025-05-15,39.887332494011254,36.708326019402044,-3.1790064746092095,61.38014527845036,61.38014527845036,639,偏强
sz300224,2025-03-31,2025-05-15,42.04613750004249,38.85890217683552,-3.1872353232069717,61.31961259079903,61.31961259079903,640,偏强
sh600282,2025-03-31,2025-05-15,39.388665474296296,36.17097034524462,-3.217695129051676,61.25907990314769,61.25907990314769,641,偏强
sz300456,2025-03-31,2025-05-15,52.0236544307618,48.75895512208787,-3.264699308673931,61.19854721549637,61.19854721549637,642,偏强
sh601399,2025-03-31,2025-05-15,41.88634129219048,38.57028131788865,-3.3160599743018313,61.138014527845044,61.138014527845044,643,偏强
sz002241,2025-03-31,2025-05-15,40.109770575658835,36.79135623416497,-3.318414341493861,61.077481840193705,61.077481840193705,644,偏强
sh600315,2025-03-31,2025-05-15,53.092941451538245,49.761465628550994,-3.3314758229872536,61.016949152542374,61.016949152542374,645,偏强
sh600426,2025-03-31,2025-05-15,43.5847960866524,40.15314234923471,-3.4316537374176908,60.95641646489104,60.95641646489104,646,偏强
sz002233,2025-03-31,2025-05-15,46.07659248536016,42.63443768903241,-3.4421547963277486,60.89588377723971,60.89588377723971,647,偏强
sh601101,2025-03-31,2025-05-15,48.66873729451902,45.2197851142894,-3.44895218022962,60.83535108958837,60.83535108958837,648,偏强
sh600888,2025-03-31,2025-05-15,43.995137267938226,40.51520078930609,-3.4799364786321334,60.77481840193705,60.77481840193705,649,偏强
sh688819,2025-03-31,2025-05-15,42.03631830722499,38.55185747021412,-3.484460837010875,60.71428571428571,60.71428571428571,650,偏强
sh688778,2025-03-31,2025-05-15,42.91763435497217,39.43126754858095,-3.4863668063912265,60.653753026634384,60.653753026634384,651,偏强
sh600509,2025-03-31,2025-05-15,46.81666021768817,43.325919988294004,-3.4907402293941647,60.59322033898306,60.59322033898306,652,偏强
sh601118,2025-03-31,2025-05-15,39.48037459428309,35.951650839948165,-3.5287237543349277,60.53268765133172,60.53268765133172,653,偏强
sh601868,2025-03-31,2025-05-15,36.82797906152489,33.27679206613687,-3.5511869953880235,60.47215496368039,60.47215496368039,654,偏强
sz000049,2025-03-31,2025-05-15,41.38531663855233,37.82105952675075,-3.564257111801583,60.41162227602905,60.41162227602905,655,偏强
sz300127,2025-03-31,2025-05-15,54.3492034925302,50.74525678694,-3.6039467055902037,60.351089588377725,60.351089588377725,656,偏强
sh688432,2025-03-31,2025-05-15,55.01000005628062,51.39029173031677,-3.6197083259638516,60.290556900726386,60.290556900726386,657,偏强
sh603279,2025-03-31,2025-05-15,46.47970533182762,42.791766334227304,-3.6879389976003143,60.23002421307506,60.23002421307506,658,偏强
sh601728,2025-03-31,2025-05-15,46.6418767103487,42.94205109264416,-3.6998256177045383,60.16949152542372,60.16949152542372,659,偏强
sz300080,2025-03-31,2025-05-15,40.30490490935822,36.590076357064916,-3.714828552293307,60.1089588377724,60.1089588377724,660,偏强
sh600502,2025-03-31,2025-05-15,34.92093719030339,31.2060920393092,-3.714845150994189,60.048426150121074,60.048426150121074,661,偏强
sh600572,2025-03-31,2025-05-15,49.79543987442625,46.07852198513678,-3.71691788928947,59.987893462469735,59.987893462469735,662,中性
sh603883,2025-03-31,2025-05-15,47.83312489271598,44.09277216090137,-3.740352731814613,59.9273607748184,59.9273607748184,663,中性
sh603658,2025-03-31,2025-05-15,55.81181942398052,52.061331469269696,-3.750487954710826,59.866828087167065,59.866828087167065,664,中性
sh603308,2025-03-31,2025-05-15,44.79005306194153,41.02814863644704,-3.761904425494484,59.80629539951574,59.80629539951574,665,中性
sh600177,2025-03-31,2025-05-15,45.39982466515009,41.63736500730942,-3.762459657840675,59.7457627118644,59.7457627118644,666,中性
sh601668,2025-03-31,2025-05-15,36.821133171890466,33.0510458045277,-3.7700873673627635,59.68523002421308,59.68523002421308,667,中性
sz300348,2025-03-31,2025-05-15,44.587891297142995,40.81734388304341,-3.7705474140995876,59.62469733656174,59.62469733656174,668,中性
sz000156,2025-03-31,2025-05-15,46.61280248143926,42.82959184673732,-3.7832106347019376,59.56416464891041,59.56416464891041,669,中性
sz300294,2025-03-31,2025-05-15,58.812595144730956,55.02554128355944,-3.7870538611715125,59.50363196125908,59.50363196125908,670,中性
sh601231,2025-03-31,2025-05-15,41.158094283105555,37.36252430669945,-3.7955699764061053,59.44309927360775,59.44309927360775,671,中性
sz000828,2025-03-31,2025-05-15,50.39036163419257,46.58806894404814,-3.8022926901444363,59.38256658595642,59.38256658595642,672,中性
sz002276,2025-03-31,2025-05-15,39.84874712061735,36.03495253950623,-3.8137945811111207,59.32203389830508,59.32203389830508,673,中性
sz002216,2025-03-31,2025-05-15,47.713700737690196,43.878688698834644,-3.835012038855551,59.261501210653755,59.261501210653755,674,中性
sz002697,2025-03-31,2025-05-15,46.22951806378602,42.383527427943704,-3.8459906358423113,59.200968523002416,59.200968523002416,675,中性
sh600801,2025-03-31,2025-05-15,46.27940688278847,42.41637767416588,-3.8630292086225904,59.14043583535109,59.14043583535109,676,中性
sz002941,2025-03-31,2025-05-15,37.06409611084114,33.16836357406135,-3.8957325367797893,59.07990314769975,59.07990314769975,677,中性
sh688232,2025-03-31,2025-05-15,41.76623473457702,37.86530437379252,-3.9009303607844967,59.01937046004843,59.01937046004843,678,中性
sz300482,2025-03-31,2025-05-15,52.62052043924438,48.70783913170528,-3.912681307539105,58.958837772397096,58.958837772397096,679,中性
sz000959,2025-03-31,2025-05-15,41.74707437424857,37.82183227352572,-3.9252421007228477,58.89830508474576,58.89830508474576,680,中性
sz301589,2025-03-31,2025-05-15,46.94035760380259,43.00627814966275,-3.9340794541398374,58.83777239709443,58.83777239709443,681,中性
sz001965,2025-03-31,2025-05-15,51.88324831818158,47.863955464585985,-4.019292853595591,58.777239709443094,58.777239709443094,682,中性
sh603171,2025-03-31,2025-05-15,44.75653513896474,40.718325039963744,-4.038210099001002,58.71670702179177,58.71670702179177,683,中性
sh603667,2025-03-31,2025-05-15,44.37558798635703,40.33401292059515,-4.041575065761883,58.65617433414043,58.65617433414043,684,中性
sh600008,2025-03-31,2025-05-15,45.29047025140647,41.24596628602613,-4.04450396538034,58.595641646489106,58.595641646489106,685,中性
sh600704,2025-03-31,2025-05-15,37.996625373224106,33.924329928066484,-4.072295445157622,58.53510895883777,58.53510895883777,686,中性
sh688469,2025-03-31,2025-05-15,43.859304421597855,39.75486380999377,-4.104440611604082,58.47457627118644,58.47457627118644,687,中性
sh600058,2025-03-31,2025-05-15,35.20000729478362,31.0029052504529,-4.197102044330716,58.41404358353511,58.41404358353511,688,中性
sz300007,2025-03-31,2025-05-15,44.15923716311532,39.957418584369506,-4.201818578745813,58.35351089588377,58.35351089588377,689,中性
sz000928,2025-03-31,2025-05-15,35.43996587727133,31.224992682344716,-4.2149731949266105,58.29297820823245,58.29297820823245,690,中性
sz002061,2025-03-31,2025-05-15,37.87392765884771,33.64198601791214,-4.231941640935571,58.23244552058111,58.23244552058111,691,中性
sh688486,2025-03-31,2025-05-15,58.74872959343225,54.50482629419361,-4.243903299238641,58.171912832929785,58.171912832929785,692,中性
sz002081,2025-03-31,2025-05-15,38.75845693303111,34.477125421880416,-4.281331511150699,58.111380145278446,58.111380145278446,693,中性
sh600019,2025-03-31,2025-05-15,44.22663272240788,39.9391414662523,-4.287491256155579,58.05084745762712,58.05084745762712,694,中性
sz000708,2025-03-31,2025-05-15,40.785751182492994,36.496526901539966,-4.28922428095303,57.99031476997578,57.99031476997578,695,中性
sh600458,2025-03-31,2025-05-15,39.99439207780062,35.70453742951506,-4.2898546482855595,57.92978208232446,57.92978208232446,696,中性
sz002110,2025-03-31,2025-05-15,38.53058268864603,34.22417448151421,-4.306408207131813,57.869249394673126,57.869249394673126,697,中性
sz300073,2025-03-31,2025-05-15,48.95782858588259,44.64966941434157,-4.308159171541019,57.80871670702179,57.80871670702179,698,中性
sh688180,2025-03-31,2025-05-15,49.11335211380479,44.803096391724544,-4.31025572208024,57.74818401937046,57.74818401937046,699,中性
sh601636,2025-03-31,2025-05-15,41.39878269941177,37.04523773301991,-4.353544966391858,57.687651331719124,57.687651331719124,700,中性
sz002097,2025-03-31,2025-05-15,39.12526818056048,34.76779838076753,-4.357469799792949,57.6271186440678,57.6271186440678,701,中性
sz002967,2025-03-31,2025-05-15,50.98903082602263,46.624189793747114,-4.364841032275511,57.56658595641646,57.56658595641646,702,中性
sh600570,2025-03-31,2025-05-15,42.60058298369959,38.232042775045755,-4.368540208653832,57.506053268765136,57.506053268765136,703,中性
sz301269,2025-03-31,2025-05-15,61.912804308388125,57.54252710526396,-4.370277203124168,57.445520581113804,57.445520581113804,704,中性
sz002518,2025-03-31,2025-05-15,51.23380863459436,46.85929703682357,-4.374511597770789,57.384987893462466,57.384987893462466,705,中性
sz002304,2025-03-31,2025-05-15,56.74528263963952,52.370087100498495,-4.375195539141028,57.32445520581114,57.32445520581114,706,中性
sz000625,2025-03-31,2025-05-15,41.228655864196085,36.84515807942331,-4.38349778477278,57.2639225181598,57.2639225181598,707,中性
sh600480,2025-03-31,2025-05-15,43.01138521669921,38.60540987954533,-4.405975337153885,57.20338983050848,57.20338983050848,708,中性
sz300341,2025-03-31,2025-05-15,58.89751550296533,54.48526573692458,-4.412249766040746,57.14285714285714,57.14285714285714,709,中性
sh600378,2025-03-31,2025-05-15,48.30965854213448,43.896238078636344,-4.413420463498132,57.082324455205814,57.082324455205814,710,中性
sz300339,2025-03-31,2025-05-15,46.8529174380096,42.42062185396764,-4.432295584041957,57.021791767554475,57.021791767554475,711,中性
sh601882,2025-03-31,2025-05-15,47.242404955676896,42.788255637807076,-4.45414931786982,56.96125907990315,56.96125907990315,712,中性
sh600316,2025-03-31,2025-05-15,41.66658273117158,37.209271380666436,-4.457311350505142,56.90072639225182,56.90072639225182,713,中性
sz002294,2025-03-31,2025-05-15,57.16712891068517,52.703523318209015,-4.463605592476156,56.84019370460048,56.84019370460048,714,中性
sz000950,2025-03-31,2025-05-15,36.29344179846101,31.809518515097405,-4.483923283363606,56.779661016949156,56.779661016949156,715,中性
sz002851,2025-03-31,2025-05-15,49.650464038072805,45.15948987957682,-4.490974158495989,56.71912832929782,56.71912832929782,716,中性
sh601088,2025-03-31,2025-05-15,50.55874604756162,46.067014351490194,-4.491731696071425,56.65859564164649,56.65859564164649,717,中性
sz002156,2025-03-31,2025-05-15,44.152723536297,39.65456648614006,-4.498157050156942,56.598062953995154,56.598062953995154,718,中性
sh601918,2025-03-31,2025-05-15,51.82839773391103,47.300983611681275,-4.52741412222976,56.53753026634383,56.53753026634383,719,中性
sh600161,2025-03-31,2025-05-15,53.97779927123614,49.444620048093434,-4.533179223142704,56.47699757869249,56.47699757869249,720,中性
sh601006,2025-03-31,2025-05-15,42.58167674421163,38.016367410656414,-4.565309333555213,56.416464891041166,56.416464891041166,721,中性
sh600332,2025-03-31,2025-05-15,43.6428902964053,39.07385150423711,-4.569038792168185,56.355932203389834,56.355932203389834,722,中性
sh600295,2025-03-31,2025-05-15,51.258502949507736,46.67997470895513,-4.578528240552607,56.295399515738495,56.295399515738495,723,中性
sh600353,2025-03-31,2025-05-15,46.48558144315702,41.89647025624886,-4.589111186908155,56.23486682808717,56.23486682808717,724,中性
sh688146,2025-03-31,2025-05-15,59.65419376517291,55.026493682623894,-4.627700082549022,56.17433414043583,56.17433414043583,725,中性
sz002179,2025-03-31,2025-05-15,52.061841033046974,47.42288635907782,-4.638954673969156,56.11380145278451,56.11380145278451,726,中性
sh603156,2025-03-31,2025-05-15,51.67362518831316,47.02879017912599,-4.6448350091871715,56.05326876513317,56.05326876513317,727,中性
sh688139,2025-03-31,2025-05-15,53.30199113867268,48.65131926652376,-4.65067187214893,55.992736077481844,55.992736077481844,728,中性
sz002152,2025-03-31,2025-05-15,46.476729561961164,41.78364505198963,-4.693084509971534,55.932203389830505,55.932203389830505,729,中性
sh600075,2025-03-31,2025-05-15,43.70030062777107,38.964061202579956,-4.736239425191115,55.87167070217917,55.87167070217917,730,中性
sh688503,2025-03-31,2025-05-15,40.94482257131658,36.1565104493317,-4.7883121219848785,55.81113801452785,55.81113801452785,731,中性
sz000951,2025-03-31,2025-05-15,42.523916456234886,37.71231960075955,-4.811596855475339,55.75060532687651,55.75060532687651,732,中性
sh600583,2025-03-31,2025-05-15,49.91018825377726,45.06956905872248,-4.840619195054774,55.690072639225185,55.690072639225185,733,中性
sh601500,2025-03-31,2025-05-15,41.71552550438614,36.84854806514352,-4.866977439242627,55.62953995157385,55.62953995157385,734,中性
sz000758,2025-03-31,2025-05-15,44.95624507921264,40.057781318499124,-4.898463760713517,55.56900726392252,55.56900726392252,735,中性
sz002896,2025-03-31,2025-05-15,47.962482294222056,43.03430060502403,-4.928181689198029,55.50847457627118,55.50847457627118,736,中性
sz300101,2025-03-31,2025-05-15,50.82713030485154,45.8982086563249,-4.928921648526647,55.44794188861986,55.44794188861986,737,中性
sz300679,2025-03-31,2025-05-15,55.37075958674532,50.432957042733484,-4.937802544011837,55.38740920096852,55.38740920096852,738,中性
sh600905,2025-03-31,2025-05-15,51.705591350722216,46.720167947313186,-4.985423403409028,55.32687651331719,55.32687651331719,739,中性
sz002019,2025-03-31,2025-05-15,51.86484887365752,46.85323702961268,-5.011611844044844,55.266343825665864,55.266343825665864,740,中性
sz002761,2025-03-31,2025-05-15,39.75595132347894,34.74063504719405,-5.015316276284893,55.205811138014525,55.205811138014525,741,中性
sh603027,2025-03-31,2025-05-15,59.97551998080342,54.95525395947559,-5.020266021327829,55.1452784503632,55.1452784503632,742,中性
sz000063,2025-03-31,2025-05-15,51.68554108339844,46.66313189067824,-5.022409192720204,55.08474576271186,55.08474576271186,743,中性
sh600549,2025-03-31,2025-05-15,43.75921474237463,38.72243238258828,-5.036782359786347,55.02421307506054,55.02421307506054,744,中性
sz002091,2025-03-31,2025-05-15,44.14954593010548,39.095203890498254,-5.054342039607227,54.9636803874092,54.9636803874092,745,中性
sh600598,2024-12-31,2025-04-30,61.65527545053021,56.58389753753816,-5.071377912992053,54.903147699757874,54.903147699757874,746,中性
sh688596,2025-03-31,2025-05-15,49.018120397145864,43.91263734498539,-5.1054830521604755,54.842615012106535,54.842615012106535,747,中性
sz002605,2025-03-31,2025-05-15,53.424703803194596,48.29445258810386,-5.130251215090736,54.7820823244552,54.7820823244552,748,中性
sz002075,2025-03-31,2025-05-15,44.1856759398153,39.02539339733215,-5.160282542483147,54.72154963680388,54.72154963680388,749,中性
sz002984,2025-03-31,2025-05-15,46.272239365235265,41.10872921975921,-5.163510145476054,54.66101694915254,54.66101694915254,750,中性
sh688050,2025-03-31,2025-05-15,67.13589687485202,61.96976224775718,-5.166134627094843,54.600484261501215,54.600484261501215,751,中性
sz003035,2025-03-31,2025-05-15,52.009849571203944,46.84254715212145,-5.167302419082499,54.539951573849876,54.539951573849876,752,中性
sh601877,2025-03-31,2025-05-15,49.86020113885659,44.69002515801025,-5.170175980846336,54.47941888619855,54.47941888619855,753,中性
sh600055,2025-03-31,2025-05-15,51.080653372277624,45.89159688929966,-5.189056482977959,54.41888619854721,54.41888619854721,754,中性
sz003021,2025-03-31,2025-05-15,56.86539236408651,51.66139214829682,-5.204000215789689,54.35835351089588,54.35835351089588,755,中性
sh601117,2025-03-31,2025-05-15,39.74061145435937,34.52832029347467,-5.212291160884696,54.29782082324455,54.29782082324455,756,中性
sz002017,2025-03-31,2025-05-15,48.500603453851106,43.2679398012291,-5.2326636526220085,54.23728813559322,54.23728813559322,757,中性
sh600050,2025-03-31,2025-05-15,48.463423718287146,43.18570412814589,-5.277719590141251,54.17675544794189,54.17675544794189,758,中性
sz002004,2025-03-31,2025-05-15,50.902663852389445,45.62067113426405,-5.281992718125394,54.116222760290555,54.116222760290555,759,中性
sz300576,2025-03-31,2025-05-15,57.915749153503086,52.57604318936089,-5.339705964142199,54.05569007263923,54.05569007263923,760,中性
sh601333,2025-03-31,2025-05-15,43.01596430939981,37.67261895222412,-5.343345357175693,53.99515738498789,53.99515738498789,761,中性
sh688271,2025-03-31,2025-05-15,53.96916338489457,48.61377143103236,-5.355391953862208,53.93462469733657,53.93462469733657,762,中性
sh603899,2025-03-31,2025-05-15,45.913574741671304,40.5480909270978,-5.365483814573502,53.87409200968523,53.87409200968523,763,中性
sz002153,2025-03-31,2025-05-15,49.63802215139795,44.24105477277185,-5.396967378626105,53.813559322033896,53.813559322033896,764,中性
sh600120,2025-03-31,2025-05-15,41.222032237469165,35.82002558547071,-5.4020066519984535,53.753026634382564,53.753026634382564,765,中性
sz000837,2025-03-31,2025-05-15,43.95924264382811,38.555418603830304,-5.403824039997807,53.69249394673123,53.69249394673123,766,中性
sz000338,2025-03-31,2025-05-15,43.84238757208855,38.42005274438386,-5.422334827704688,53.63196125907991,53.63196125907991,767,中性
sh688187,2025-03-31,2025-05-15,59.647288666060106,54.223030594196125,-5.42425807186398,53.57142857142857,53.57142857142857,768,中性
sz300298,2025-03-31,2025-05-15,52.10103673097183,46.646877270332524,-5.454159460639306,53.510895883777245,53.510895883777245,769,中性
sz000061,2025-03-31,2025-05-15,48.057004606360216,42.602331827744024,-5.454672778616189,53.450363196125906,53.450363196125906,770,中性
sz300319,2025-03-31,2025-05-15,48.34729626305288,42.82321299344756,-5.524083269605322,53.38983050847458,53.38983050847458,771,中性
sh603826,2025-03-31,2025-05-15,46.799817376854044,41.23805724143418,-5.561760135419866,53.32929782082324,53.32929782082324,772,中性
sh600346,2025-03-31,2025-05-15,41.616846737859504,36.04997325975414,-5.566873478105362,53.26876513317191,53.26876513317191,773,中性
sh600717,2025-03-31,2025-05-15,50.24718902690359,44.66241726263404,-5.584771764269553,53.20823244552058,53.20823244552058,774,中性
sz300661,2025-03-31,2025-05-15,54.25022440888052,48.6316966867226,-5.618527722157924,53.14769975786925,53.14769975786925,775,中性
sz300119,2025-03-31,2025-05-15,68.31158422310833,62.69227527460997,-5.619308948498356,53.08716707021792,53.08716707021792,776,中性
sz001287,2025-03-31,2025-05-15,42.257233924216735,36.62543440254726,-5.631799521669474,53.026634382566584,53.026634382566584,777,中性
sh601888,2025-03-31,2025-05-15,53.67719333847638,48.02750140031017,-5.649691938166203,52.96610169491526,52.96610169491526,778,中性
sh600267,2025-03-31,2025-05-15,49.807001602420954,44.15461665917866,-5.6523849432423,52.90556900726392,52.90556900726392,779,中性
sz002226,2025-03-31,2025-05-15,50.399377482362894,44.7283866918226,-5.670990790540297,52.84503631961259,52.84503631961259,780,中性
sz001203,2025-03-31,2025-05-15,55.440820054247496,49.759182757614965,-5.681637296632534,52.78450363196126,52.78450363196126,781,中性
sz002987,2025-03-31,2025-05-15,41.39830746734675,35.702130818681916,-5.696176648664833,52.723970944309926,52.723970944309926,782,中性
sz301301,2025-03-31,2025-05-15,50.830406121585106,45.13298491761461,-5.697421203970496,52.66343825665859,52.66343825665859,783,中性
sz300699,2025-03-31,2025-05-15,63.60718437537515,57.9084333817283,-5.698750993646844,52.60290556900726,52.60290556900726,784,中性
sz002612,2025-03-31,2025-05-15,54.09554391882655,48.35985690122227,-5.735687017604281,52.54237288135594,52.54237288135594,785,中性
sh601615,2025-03-31,2025-05-15,40.2674825349508,34.52908330966342,-5.738399225287382,52.4818401937046,52.4818401937046,786,中性
sh688612,2025-03-31,2025-05-15,45.62042165426856,39.872567248397836,-5.747854405870726,52.421307506053274,52.421307506053274,787,中性
sh600197,2025-03-31,2025-05-15,53.72426017457669,47.97171366683414,-5.752546507742551,52.360774818401936,52.360774818401936,788,中性
sz002079,2025-03-31,2025-05-15,41.46388972389919,35.70565272406256,-5.75823699983663,52.300242130750604,52.300242130750604,789,中性
sh688380,2025-03-31,2025-05-15,58.397110228829725,52.63544925410871,-5.761660974721019,52.23970944309927,52.23970944309927,790,中性
sh600795,2025-03-31,2025-05-15,43.201941203707634,37.423906334760176,-5.778034868947459,52.17917675544794,52.17917675544794,791,中性
sz300595,2025-03-31,2025-05-15,62.71686147859975,56.93606227766155,-5.780799200938208,52.118644067796616,52.118644067796616,792,中性
sz002461,2025-03-31,2025-05-15,62.219287969240916,56.434240755221786,-5.785047214019131,52.05811138014528,52.05811138014528,793,中性
sh600196,2025-03-31,2025-05-15,50.28541199312381,44.4846970515131,-5.800714941610707,51.99757869249395,51.99757869249395,794,中性
sh600131,2025-03-31,2025-05-15,41.36104843285618,35.52993432289659,-5.83111410995959,51.937046004842614,51.937046004842614,795,中性
sh600258,2025-03-31,2025-05-15,50.03676984971783,44.173971626181896,-5.862798223535929,51.87651331719129,51.87651331719129,796,中性
sz300682,2025-03-31,2025-05-15,50.58636465285681,44.71837374490072,-5.86799090795609,51.81598062953995,51.81598062953995,797,中性
sh600461,2025-03-31,2025-05-15,50.14315243886518,44.27139030463872,-5.871762134226459,51.75544794188862,51.75544794188862,798,中性
sh600305,2025-03-31,2025-05-15,58.08831726679518,52.21566619633489,-5.872651070460293,51.69491525423729,51.69491525423729,799,中性
sz000676,2025-03-31,2025-05-15,50.1772919062576,44.29355841625498,-5.88373349000262,51.634382566585955,51.634382566585955,800,中性
sz000739,2025-03-31,2025-05-15,45.148519198621024,39.23834446200025,-5.910174736620772,51.57384987893463,51.57384987893463,801,中性
sh603355,2025-03-31,2025-05-15,47.54244719284737,41.6141194659527,-5.9283277268946755,51.51331719128329,51.51331719128329,802,中性
sh600521,2025-03-31,2025-05-15,54.44528225954666,48.50190493249438,-5.94337732705228,51.45278450363197,51.45278450363197,803,中性
sz002497,2025-03-31,2025-05-15,47.71445813935647,41.770101384286306,-5.944356755070171,51.39225181598063,51.39225181598063,804,中性
sz301155,2025-03-31,2025-05-15,44.98963384993305,39.04423293976466,-5.945400910168385,51.3317191283293,51.3317191283293,805,中性
sh601200,2025-03-31,2025-05-15,49.53426530263366,43.53393823470199,-6.0003270679316705,51.271186440677965,51.271186440677965,806,中性
sz002507,2025-03-31,2025-05-15,59.276183098814165,53.20798647426975,-6.068196624544412,51.210653753026634,51.210653753026634,807,中性
sh600406,2025-03-31,2025-05-15,51.80596965438424,45.722585399368484,-6.083384255015755,51.150121065375295,51.150121065375295,808,中性
sz002625,2025-03-31,2025-05-15,67.04844902106858,60.94356026747775,-6.104888753590829,51.08958837772397,51.08958837772397,809,中性
sz000034,2025-03-31,2025-05-15,43.51178932449296,37.386671016722694,-6.125118307770262,51.029055690072646,51.029055690072646,810,中性
sz000848,2025-03-31,2025-05-15,54.389452755093224,48.24952396075436,-6.139928794338868,50.96852300242131,50.96852300242131,811,中性
sh688190,2025-03-31,2025-05-15,52.74544403299724,46.59910111405813,-6.146342918939109,50.90799031476998,50.90799031476998,812,中性
sh688498,2025-03-31,2025-05-15,66.79115245882322,60.634840464948184,-6.156311993875033,50.847457627118644,50.847457627118644,813,中性
sz300357,2025-03-31,2025-05-15,65.87566668623413,59.71785519113371,-6.157811495100417,50.78692493946731,50.78692493946731,814,中性
sh688336,2025-03-31,2025-05-15,68.93865484780832,62.73425623290543,-6.204398614902891,50.72639225181598,50.72639225181598,815,中性
sz300738,2025-03-31,2025-05-15,53.58190498390859,47.37005329224291,-6.211851691665688,50.66585956416465,50.66585956416465,816,中性
sz003022,2025-03-31,2025-05-15,48.551895603929715,42.338207697097836,-6.213687906831879,50.60532687651331,50.60532687651331,817,中性
sz000766,2025-03-31,2025-05-15,50.26062987585903,44.04063001660239,-6.219999859256642,50.544794188861985,50.544794188861985,818,中性
sz301018,2025-03-31,2025-05-15,51.84711078485004,45.61874939119768,-6.2283613936523565,50.48426150121066,50.48426150121066,819,中性
sz002777,2025-03-31,2025-05-15,50.4354724979753,44.190677853119546,-6.244794644855754,50.42372881355932,50.42372881355932,820,中性
sz000681,2018-09-30,2018-11-14,64.54210100789268,58.282436775228064,-6.25966423266462,50.363196125908,50.363196125908,821,中性
sh600970,2025-03-31,2025-05-15,41.19574587685707,34.930307159422135,-6.265438717434934,50.30266343825666,50.30266343825666,822,中性
sh600886,2025-03-31,2025-05-15,55.99942450796425,49.69058660486787,-6.308837903096385,50.24213075060533,50.24213075060533,823,中性
sh600033,2025-03-31,2025-05-15,59.297786715147026,52.96407875975342,-6.3337079553936055,50.181598062953995,50.181598062953995,824,中性
sz002815,2025-03-31,2025-05-15,51.76248994690605,45.42321942019841,-6.339270526707644,50.12106537530266,50.12106537530266,825,中性
sh688116,2025-03-31,2025-05-15,53.76457587386228,47.41836069447673,-6.346215179385549,50.060532687651325,50.060532687651325,826,中性
sh601609,2025-03-31,2025-05-15,39.49316256755504,33.14473219817492,-6.348430369380117,50.0,50.0,827,中性
sh600995,2025-03-31,2025-05-15,66.81992750856142,60.45996721850773,-6.359960290053695,49.93946731234867,49.93946731234867,828,中性
sh688698,2025-03-31,2025-05-15,59.70464966688399,53.34288825276266,-6.361761414121325,49.87893462469734,49.87893462469734,829,中性
sz003039,2025-03-31,2025-05-15,59.02762251944395,52.64938514664413,-6.378237372799825,49.818401937046005,49.818401937046005,830,中性
sh688686,2025-03-31,2025-05-15,63.99009634423994,57.6107767729637,-6.379319571276231,49.75786924939467,49.75786924939467,831,中性
sz002399,2025-03-31,2025-05-15,51.58755133706769,45.18047519253263,-6.407076144535054,49.69733656174334,49.69733656174334,832,中性
sh601326,2025-03-31,2025-05-15,51.882930002827145,45.47230015225529,-6.410629850571849,49.63680387409201,49.63680387409201,833,中性
sh601619,2021-09-30,2021-11-14,66.15941520026882,59.70819375069534,-6.451221449573486,49.57627118644068,49.57627118644068,834,中性
sh600535,2025-03-31,2025-05-15,55.50740571206429,49.03492626861791,-6.472479443446381,49.51573849878935,49.51573849878935,835,中性
sh600329,2025-03-31,2025-05-15,58.58303581126654,52.090811491741135,-6.492224319525404,49.455205811138015,49.455205811138015,836,中性
sz002275,2025-03-31,2025-05-15,61.71357412066952,55.20177093496716,-6.511803185702361,49.39467312348668,49.39467312348668,837,中性
sz000963,2025-03-31,2025-05-15,53.999381053021835,47.487233244111565,-6.51214780891027,49.33414043583535,49.33414043583535,838,中性
sh600362,2025-03-31,2025-05-15,43.09753861343782,36.583305257380076,-6.514233356057741,49.27360774818402,49.27360774818402,839,中性
sz301095,2025-03-31,2025-05-15,57.5545168271112,51.02070794042139,-6.533808886689815,49.21307506053269,49.21307506053269,840,中性
sh601089,2025-03-31,2025-05-15,62.84209794565954,56.27234880008993,-6.56974914556961,49.152542372881356,49.152542372881356,841,中性
sz002913,2025-03-31,2025-05-15,57.21437290664957,50.61953630327748,-6.594836603372094,49.092009685230025,49.092009685230025,842,中性
sz002287,2025-03-31,2025-05-15,59.12184351940739,52.51486649428197,-6.606977025125425,49.03147699757869,49.03147699757869,843,中性
sz002020,2025-03-31,2025-05-15,53.477846372709294,46.846728486531575,-6.631117886177717,48.97094430992736,48.97094430992736,844,中性
sz000830,2025-03-31,2025-05-15,44.2106170879355,37.56781204370654,-6.642805044228964,48.91041162227603,48.91041162227603,845,中性
sh600522,2025-03-31,2025-05-15,47.84742236471638,41.17100942473706,-6.676412939979323,48.8498789346247,48.8498789346247,846,中性
sh600380,2025-03-31,2025-05-15,58.47940845984174,51.79343773530951,-6.685970724532229,48.789346246973366,48.789346246973366,847,中性
sh601098,2025-03-31,2025-05-15,56.30734891929956,49.616661555981246,-6.690687363318308,48.728813559322035,48.728813559322035,848,中性
sz002332,2025-03-31,2025-05-15,53.82470199459903,47.1261867909715,-6.698515203627531,48.6682808716707,48.6682808716707,849,中性
sz002266,2025-03-31,2025-05-15,45.47281956008774,38.759295994848934,-6.713523565238807,48.60774818401937,48.60774818401937,850,中性
sz002351,2025-03-31,2025-05-15,56.528005095978955,49.80826167797406,-6.719743418004897,48.54721549636804,48.54721549636804,851,中性
sh601921,2025-03-31,2025-05-15,48.20177476778137,41.46558731537015,-6.73618745241122,48.48668280871671,48.48668280871671,852,中性
sh603588,2025-03-31,2025-05-15,53.05542481321258,46.30616100688858,-6.749263806324001,48.426150121065376,48.426150121065376,853,中性
sh600884,2025-03-31,2025-05-15,52.904143196945554,46.1459266291384,-6.758216567807155,48.365617433414045,48.365617433414045,854,中性
sh601890,2025-03-31,2025-05-15,55.27914677632163,48.52076152979583,-6.758385246525805,48.30508474576271,48.30508474576271,855,中性
sz301376,2025-03-31,2025-05-15,64.38957389550464,57.62216370089026,-6.7674101946143805,48.24455205811138,48.24455205811138,856,中性
sh601033,2024-12-31,2025-04-30,65.08771638606306,58.316418236928826,-6.771298149134239,48.18401937046005,48.18401937046005,857,中性
sh601965,2025-03-31,2025-05-15,55.74689213706733,48.956898311795115,-6.78999382527221,48.12348668280872,48.12348668280872,858,中性
sh600057,2025-03-31,2025-05-15,38.901953807668946,32.065965262535364,-6.8359885451335805,48.062953995157386,48.062953995157386,859,中性
sh603730,2025-03-31,2025-05-15,57.94877242721959,51.09291035227892,-6.855862074940671,48.002421307506054,48.002421307506054,860,中性
sz300207,2025-03-31,2025-05-15,48.541300978528355,41.6678709425197,-6.8734300360086555,47.94188861985472,47.94188861985472,861,中性
sh603393,2025-03-31,2025-05-15,63.65557199786413,56.774981906232675,-6.880590091631456,47.88135593220339,47.88135593220339,862,中性
sz002545,2025-03-31,2025-05-15,66.20061533775146,59.29462969003877,-6.905985647712687,47.82082324455206,47.82082324455206,863,中性
sh688188,2025-03-31,2025-05-15,85.88709722444104,78.9649206529208,-6.92217657152024,47.76029055690073,47.76029055690073,864,中性
sz301175,2025-03-31,2025-05-15,59.175448938822676,52.24723638092387,-6.928212557898806,47.699757869249396,47.699757869249396,865,中性
sz002320,2025-03-31,2025-05-15,57.474300860573024,50.53729129854482,-6.937009562028203,47.63922518159806,47.63922518159806,866,中性
sh600761,2025-03-31,2025-05-15,51.41083506144748,44.41168528376821,-6.999149777679274,47.57869249394673,47.57869249394673,867,中性
sz300832,2025-03-31,2025-05-15,69.95110446676762,62.95024823470417,-7.000856232063447,47.5181598062954,47.5181598062954,868,中性
sz002882,2025-03-31,2025-05-15,44.774694531205284,37.77319199421395,-7.001502536991329,47.45762711864407,47.45762711864407,869,中性
sz002131,2025-03-31,2025-05-15,43.369953155930766,36.36780120452616,-7.002151951404609,47.39709443099274,47.39709443099274,870,中性
sz002978,2025-03-31,2025-05-15,70.5171014022921,63.49191642268615,-7.025184979605949,47.336561743341406,47.336561743341406,871,中性
sz002709,2025-03-31,2025-05-15,55.200231672221655,48.16459033524677,-7.035641336974887,47.276029055690074,47.276029055690074,872,中性
sz002239,2025-03-31,2025-05-15,47.83788023293584,40.79827661818374,-7.039603614752094,47.21549636803874,47.21549636803874,873,中性
sh688660,2025-03-31,2025-05-15,41.13765352805915,34.084625456615306,-7.053028071443843,47.15496368038741,47.15496368038741,874,中性
sh600875,2025-03-31,2025-05-15,48.50946362337043,41.44288271722662,-7.066580906143812,47.09443099273607,47.09443099273607,875,中性
sh688012,2025-03-31,2025-05-15,69.09617612537609,62.026479897125014,-7.069696228251073,47.03389830508475,47.03389830508475,876,中性
sh600459,2025-03-31,2025-05-15,47.5717658059738,40.493485220816765,-7.078280585157035,46.973365617433416,46.973365617433416,877,中性
sh600789,2025-03-31,2025-05-15,45.06811463654745,37.9773631242659,-7.090751512281548,46.912832929782084,46.912832929782084,878,中性
sz002292,2025-03-31,2025-05-15,48.98982257742136,41.89572956094624,-7.094093016475111,46.85230024213075,46.85230024213075,879,中性
sh600552,2025-03-31,2025-05-15,45.97649557880396,38.851079414708096,-7.125416164095866,46.79176755447942,46.79176755447942,880,中性
sz002985,2025-03-31,2025-05-15,55.90371886166033,48.74893770228685,-7.154781159373479,46.73123486682809,46.73123486682809,881,中性
sh601985,2025-03-31,2025-05-15,60.39692914488553,53.2392674403098,-7.157661704575733,46.67070217917676,46.67070217917676,882,中性
sh688630,2025-03-31,2025-05-15,68.5591282589103,61.38958268076429,-7.169545578146015,46.61016949152542,46.61016949152542,883,中性
sz002045,2025-03-31,2025-05-15,52.56463094758208,45.3847034939143,-7.179927453667779,46.54963680387409,46.54963680387409,884,中性
sh603083,2025-03-31,2025-05-15,45.65242710516083,38.47216334377248,-7.180263761388351,46.48910411622276,46.48910411622276,885,中性
sz002236,2025-03-31,2025-05-15,52.80730930181721,45.61328180141682,-7.194027500400396,46.42857142857143,46.42857142857143,886,中性
sh688048,2025-03-31,2025-05-15,57.54418893189913,50.34924539557447,-7.194943536324657,46.3680387409201,46.3680387409201,887,中性
sh603345,2025-03-31,2025-05-15,53.28245587580052,46.05528742726042,-7.227168448540104,46.30750605326877,46.30750605326877,888,中性
sh688475,2025-03-31,2025-05-15,59.530695155514465,52.301790498759615,-7.22890465675485,46.246973365617436,46.246973365617436,889,中性
sh600529,2025-03-31,2025-05-15,55.41733858155761,48.185877511494475,-7.2314610700631325,46.186440677966104,46.186440677966104,890,中性
sz002979,2025-03-31,2025-05-15,56.832899702503504,49.594204124114604,-7.238695578388902,46.125907990314765,46.125907990314765,891,中性
sz301267,2025-03-31,2025-05-15,60.71061067678527,53.47085973718497,-7.239750939600301,46.06537530266343,46.06537530266343,892,中性
sz301101,2025-03-31,2025-05-15,65.73901364282904,58.493032313475474,-7.24598132935356,46.00484261501211,46.00484261501211,893,中性
sz300529,2025-03-31,2025-05-15,53.39713717252105,46.14244418610649,-7.254692986414558,45.94430992736078,45.94430992736078,894,中性
sz002222,2025-03-31,2025-05-15,67.70233276303806,60.44056632854905,-7.261766434489003,45.883777239709445,45.883777239709445,895,中性
sh603983,2025-03-31,2025-05-15,73.97782691198901,66.71357258551136,-7.264254326477651,45.823244552058114,45.823244552058114,896,中性
sz301293,2025-03-31,2025-05-15,58.23097409667964,50.963882638707645,-7.267091457971992,45.76271186440678,45.76271186440678,897,中性
sh605555,2025-03-31,2025-05-15,50.0810130892944,42.80817617128398,-7.27283691801042,45.70217917675545,45.70217917675545,898,中性
sh688029,2025-03-31,2025-05-15,74.61337743230156,67.31476777791414,-7.298609654387421,45.64164648910412,45.64164648910412,899,中性
sz002415,2025-03-31,2025-05-15,55.90226929649213,48.60179168874961,-7.300477607742524,45.58111380145278,45.58111380145278,900,中性
sz002993,2025-03-31,2025-05-15,54.477446353157916,47.14201861279331,-7.335427740364605,45.52058111380145,45.52058111380145,901,中性
sz300783,2025-03-31,2025-05-15,52.36232684031143,45.0130648206068,-7.34926201970463,45.460048426150124,45.460048426150124,902,中性
sz002046,2025-03-31,2025-05-15,50.39008408170075,43.02838766285827,-7.361696418842477,45.39951573849879,45.39951573849879,903,中性
sz300999,2025-03-31,2025-05-15,46.959301037001524,39.57611939671234,-7.3831816402891794,45.33898305084746,45.33898305084746,904,中性
sz002568,2025-03-31,2025-05-15,61.48824485439538,54.10180175380944,-7.386443100585946,45.27845036319613,45.27845036319613,905,中性
sh688017,2025-03-31,2025-05-15,55.665261993540405,48.276272830584276,-7.388989162956133,45.2179176755448,45.2179176755448,906,中性
sz300888,2025-03-31,2025-05-15,67.230787772272,59.828745153972974,-7.402042618299022,45.157384987893465,45.157384987893465,907,中性
sh600039,2025-03-31,2025-05-15,43.55209039445246,36.14064190124072,-7.411448493211745,45.096852300242126,45.096852300242126,908,中性
sz300012,2025-03-31,2025-05-15,56.092421041299765,48.65270472711072,-7.439716314189052,45.036319612590795,45.036319612590795,909,中性
sh601225,2025-03-31,2025-05-15,55.75981236034975,48.31790887065628,-7.441903489693463,44.97578692493946,44.97578692493946,910,中性
sh605009,2025-03-31,2025-05-15,65.83320102362016,58.39104562945048,-7.442155394169681,44.91525423728814,44.91525423728814,911,中性
sh603659,2025-03-31,2025-05-15,58.40099000114861,50.91050173430671,-7.490488266841895,44.85472154963681,44.85472154963681,912,中性
sh600269,2025-03-31,2025-05-15,59.70587874343633,52.200008192553206,-7.505870550883126,44.794188861985475,44.794188861985475,913,中性
sh688523,2025-03-31,2025-05-15,67.84701268534626,60.338754192718525,-7.50825849262773,44.73365617433414,44.73365617433414,914,中性
sz300285,2025-03-31,2025-05-15,60.74514102578158,53.23584995658306,-7.50929106919852,44.67312348668281,44.67312348668281,915,中性
sz002832,2025-03-31,2025-05-15,65.6274787413772,58.11581360595511,-7.511665135422092,44.61259079903147,44.61259079903147,916,中性
sz301339,2025-03-31,2025-05-15,55.58056595009034,48.04612155667783,-7.534444393412504,44.55205811138014,44.55205811138014,917,中性
sz002821,2025-03-31,2025-05-15,68.65581787860037,61.08580204364281,-7.570015834957567,44.49152542372881,44.49152542372881,918,中性
sz000933,2025-03-31,2025-05-15,50.96869948740038,43.38986831311597,-7.578831174284414,44.43099273607748,44.43099273607748,919,中性
sh688396,2025-03-31,2025-05-15,57.09693979269276,49.50111382752815,-7.59582596516461,44.37046004842615,44.37046004842615,920,中性
sz000999,2025-03-31,2025-05-15,59.96994359296664,52.37058449259813,-7.5993591003685115,44.30992736077482,44.30992736077482,921,中性
sz000598,2025-03-31,2025-05-15,60.378800384834406,52.775320148983305,-7.603480235851103,44.24939467312349,44.24939467312349,922,中性
sz000537,2025-03-31,2025-05-15,66.04143891822721,58.43105051611094,-7.610388402116273,44.18886198547216,44.18886198547216,923,中性
sh603919,2025-03-31,2025-05-15,69.57261955524737,61.952173334052176,-7.620446221195198,44.12832929782083,44.12832929782083,924,中性
sz300009,2025-03-31,2025-05-15,62.74814898310164,55.127559767032885,-7.620589216068758,44.06779661016949,44.06779661016949,925,中性
sh603456,2025-03-31,2025-05-15,61.793049505519065,54.167814815904336,-7.625234689614725,44.007263922518156,44.007263922518156,926,中性
sh601369,2025-03-31,2025-05-15,50.427486125199515,42.793899916613064,-7.633586208586453,43.946731234866824,43.946731234866824,927,中性
sz000970,2025-03-31,2025-05-15,44.917078735269634,37.281297455014,-7.635781280255634,43.88619854721549,43.88619854721549,928,中性
sh601018,2025-03-31,2025-05-15,53.903535969119005,46.255210322523645,-7.648325646595361,43.82566585956417,43.82566585956417,929,中性
sz300620,2025-03-31,2025-05-15,59.740335117278306,52.07271672306279,-7.667618394215515,43.76513317191284,43.76513317191284,930,中性
sz300693,2025-03-31,2025-05-15,55.982514437059585,48.31153145898283,-7.670982978076756,43.704600484261505,43.704600484261505,931,中性
sh603055,2025-03-31,2025-05-15,50.02608236023712,42.34141585586775,-7.684666504369367,43.64406779661017,43.64406779661017,932,中性
sz300059,2019-09-30,2019-11-14,74.18488860442154,66.49271648958802,-7.692172114833519,43.583535108958834,43.583535108958834,933,中性
sh603568,2025-03-31,2025-05-15,62.203802578584096,54.49102193559324,-7.712780642990858,43.5230024213075,43.5230024213075,934,中性
sz002230,2025-03-31,2025-05-15,48.41689665492058,40.69258230797283,-7.724314346947753,43.46246973365617,43.46246973365617,935,中性
sz000767,2025-03-31,2025-05-15,37.74604921792988,30.01421957960372,-7.731829638326159,43.40193704600484,43.40193704600484,936,中性
sh688111,2025-03-31,2025-05-15,68.01786340513095,60.27988628327157,-7.737977121859378,43.341404358353515,43.341404358353515,937,中性
sh600885,2025-03-31,2025-05-15,62.85893633006954,55.113980407076504,-7.744955922993034,43.28087167070218,43.28087167070218,938,中性
sz002600,2025-03-31,2025-05-15,55.441830321806385,47.693154918064884,-7.748675403741503,43.22033898305085,43.22033898305085,939,中性
sz000795,2025-03-31,2025-05-15,47.27154768350866,39.50315145867534,-7.768396224833315,43.15980629539952,43.15980629539952,940,中性
sh603678,2025-03-31,2025-05-15,64.76586648853774,56.98717712610684,-7.778689362430898,43.09927360774818,43.09927360774818,941,中性
sz301550,2025-03-31,2025-05-15,65.05441883200216,57.26963935531752,-7.784779476684637,43.03874092009685,43.03874092009685,942,中性
sh688120,2025-03-31,2025-05-15,72.02199359099579,64.23220580414774,-7.789787786848046,42.97820823244552,42.97820823244552,943,中性
sz000938,2025-03-31,2025-05-15,43.46813887128777,35.658106738507826,-7.810032132779941,42.917675544794186,42.917675544794186,944,中性
sh603508,2025-03-31,2025-05-15,70.3510025690573,62.49069993529089,-7.860302633766413,42.857142857142854,42.857142857142854,945,中性
sh603341,2024-12-31,2025-04-30,44.62181086008876,36.704285594304665,-7.917525265784093,42.79661016949153,42.79661016949153,946,中性
sz300115,2025-03-31,2025-05-15,45.165680287356004,37.24588063215476,-7.919799655201247,42.7360774818402,42.7360774818402,947,中性
sz300182,2025-03-31,2025-05-15,57.49434379218541,49.55654187308779,-7.937801919097622,42.675544794188866,42.675544794188866,948,中性
sz002536,2025-03-31,2025-05-15,53.26386579586827,45.32381556250956,-7.940050233358712,42.615012106537534,42.615012106537534,949,中性
sh603328,2025-03-31,2025-05-15,61.81886074563668,53.878218566210286,-7.940642179426391,42.554479418886196,42.554479418886196,950,中性
sh600259,2025-03-31,2025-05-15,42.11939029816838,34.173525789615354,-7.94586450855303,42.493946731234864,42.493946731234864,951,中性
sh600642,2025-03-31,2025-05-15,46.222255601275464,38.27547590645633,-7.946779694819137,42.43341404358353,42.43341404358353,952,中性
sh603939,2025-03-31,2025-05-15,59.65705989096603,51.70902415329376,-7.948035737672269,42.3728813559322,42.3728813559322,953,中性
sz000875,2025-03-31,2025-05-15,54.26860553932795,46.31696590194273,-7.951639637385219,42.31234866828087,42.31234866828087,954,中性
sz002706,2025-03-31,2025-05-15,62.36338826449972,54.40088592549411,-7.962502339005608,42.251815980629544,42.251815980629544,955,中性
sh600750,2025-03-31,2025-05-15,64.4728100463513,56.50500314747023,-7.967806898881072,42.19128329297821,42.19128329297821,956,中性
sz000009,2025-03-31,2025-05-15,46.89029580967406,38.91738792321187,-7.972907886462189,42.13075060532688,42.13075060532688,957,中性
sh600352,2025-03-31,2025-05-15,53.5397733499642,45.561038030104854,-7.978735319859345,42.07021791767554,42.07021791767554,958,中性
sh600863,2025-03-31,2025-05-15,55.21296373411881,47.23405417670756,-7.97890955741125,42.00968523002421,42.00968523002421,959,中性
sh600420,2025-03-31,2025-05-15,56.11925615148807,48.131629436835254,-7.987626714652813,41.94915254237288,41.94915254237288,960,中性
sh600741,2025-03-31,2025-05-15,46.55879168020665,38.56923967576395,-7.989552004442702,41.88861985472155,41.88861985472155,961,中性
sh601689,2025-03-31,2025-05-15,49.47000611312587,41.478778117026025,-7.991227996099844,41.828087167070215,41.828087167070215,962,中性
sz300917,2025-03-31,2025-05-15,44.4811639639039,36.48843076551461,-7.992733198389299,41.767554479418884,41.767554479418884,963,中性
sz300185,2025-03-31,2025-05-15,49.05017030648418,41.054083173287566,-7.996087133196618,41.70702179176756,41.70702179176756,964,中性
sz002755,2025-03-31,2025-05-15,71.313785814925,63.274808671593476,-8.038977143331518,41.64648910411623,41.64648910411623,965,中性
sh600487,2025-03-31,2025-05-15,49.656839376865314,41.61179846049638,-8.045040916368931,41.58595641646489,41.58595641646489,966,中性
sh600633,2025-03-31,2025-05-15,65.03497369122809,56.97948815528694,-8.055485535941152,41.52542372881356,41.52542372881356,967,中性
sh601958,2025-03-31,2025-05-15,66.10345420997028,58.03902110713499,-8.064433102835288,41.464891041162225,41.464891041162225,968,中性
sh600210,2025-03-31,2025-05-15,51.26227304130082,43.17799308180763,-8.084279959493198,41.404358353510894,41.404358353510894,969,中性
sh688568,2025-03-31,2025-05-15,53.44046949822855,45.351012605974304,-8.089456892254246,41.34382566585956,41.34382566585956,970,中性
sh600618,2025-03-31,2025-05-15,45.162323614796584,37.066446200466316,-8.09587741433027,41.28329297820823,41.28329297820823,971,中性
sz300303,2025-03-31,2025-05-15,54.36595348155975,46.2663178580425,-8.099635623517248,41.222760290556906,41.222760290556906,972,中性
sh603986,2025-03-31,2025-05-15,65.36548398923765,57.25861709174379,-8.10686689749386,41.162227602905574,41.162227602905574,973,中性
sh600020,2025-03-31,2025-05-15,66.78160943738659,58.66807367712162,-8.113535760264973,41.10169491525424,41.10169491525424,974,中性
sh601107,2025-03-31,2025-05-15,58.0551791717165,49.936350764567194,-8.118828407149309,41.041162227602904,41.041162227602904,975,中性
sh600499,2025-03-31,2025-05-15,65.13605042944788,57.01252699338295,-8.123523436064927,40.98062953995157,40.98062953995157,976,中性
sh601857,2025-03-31,2025-05-15,50.81580757155908,42.68893728891132,-8.126870282647761,40.92009685230024,40.92009685230024,977,中性
sz002125,2025-03-31,2025-05-15,50.142156664707265,42.0025196935621,-8.139636971145167,40.85956416464891,40.85956416464891,978,中性
sh601096,2024-12-31,2025-04-30,46.16378753841082,37.990464900537205,-8.173322637873618,40.79903147699758,40.79903147699758,979,中性
sh601801,2025-03-31,2025-05-15,55.15844497305059,46.97331449139514,-8.185130481655449,40.738498789346245,40.738498789346245,980,中性
sh600398,2025-03-31,2025-05-15,62.1019444227257,53.91461245925178,-8.187331963473923,40.67796610169492,40.67796610169492,981,中性
sh600729,2025-03-31,2025-05-15,55.372453684342766,47.17619693455378,-8.196256749788986,40.61743341404359,40.61743341404359,982,中性
sh600085,2025-03-31,2025-05-15,62.289675106267104,54.09264293118906,-8.197032175078041,40.55690072639225,40.55690072639225,983,中性
sh603229,2025-03-31,2025-05-15,65.52713494218148,57.32822890419686,-8.198906037984617,40.49636803874092,40.49636803874092,984,中性
sh600663,2025-03-31,2025-05-15,62.54495800307728,54.32966840057798,-8.215289602499299,40.43583535108959,40.43583535108959,985,中性
sh601717,2025-03-31,2025-05-15,52.146019698840135,43.91737908740872,-8.228640611431414,40.375302663438255,40.375302663438255,986,中性
sh603013,2025-03-31,2025-05-15,50.347006036617536,42.098030975470394,-8.24897506114714,40.31476997578692,40.31476997578692,987,中性
sz300660,2025-03-31,2025-05-15,67.10536756637823,58.846697133468,-8.258670432910236,40.25423728813559,40.25423728813559,988,中性
sz301500,2025-03-31,2025-05-15,49.63024896691545,41.3610633617214,-8.269185605194052,40.19370460048426,40.19370460048426,989,中性
sz002409,2025-03-31,2025-05-15,61.32492821424329,53.05453871582096,-8.27038949842233,40.133171912832935,40.133171912832935,990,中性
sh601298,2025-03-31,2025-05-15,65.88328648318888,57.596719773522295,-8.286566709666587,40.0726392251816,40.0726392251816,991,中性
sh603300,2025-03-31,2025-05-15,64.43322174040965,56.13649865555068,-8.296723084858964,40.012106537530265,40.012106537530265,992,中性
sz002145,2025-03-31,2025-05-15,49.65368647704083,41.35447126108262,-8.299215215958206,39.95157384987893,39.95157384987893,993,偏弱
sz300442,2025-03-31,2025-05-15,64.7240164282804,56.41479565609051,-8.30922077218988,39.8910411622276,39.8910411622276,994,偏弱
sh600871,2025-03-31,2025-05-15,44.13288173985966,35.810956144260125,-8.32192559559954,39.83050847457627,39.83050847457627,995,偏弱
sh603009,2025-03-31,2025-05-15,51.00528923690001,42.669033928633525,-8.336255308266486,39.76997578692494,39.76997578692494,996,偏弱
sz300470,2025-03-31,2025-05-15,71.04596878971402,62.70040058806175,-8.345568201652277,39.70944309927361,39.70944309927361,997,偏弱
sz300718,2025-03-31,2025-05-15,59.50594684767373,51.15328056116108,-8.352666286512648,39.648910411622275,39.648910411622275,998,偏弱
sz301510,2025-03-31,2025-05-15,66.11697323637189,57.75564732768966,-8.361325908682234,39.58837772397095,39.58837772397095,999,偏弱
sz002430,2025-03-31,2025-05-15,54.28799037078281,45.887012301585784,-8.400978069197025,39.52784503631961,39.52784503631961,1000,偏弱
sh600018,2025-03-31,2025-05-15,64.17330213647936,55.72176609754035,-8.451536038939011,39.46731234866828,39.46731234866828,1001,偏弱
sh603881,2025-03-31,2025-05-15,54.17858701049047,45.719030131849834,-8.459556878640637,39.40677966101695,39.40677966101695,1002,偏弱
sz300443,2025-03-31,2025-05-15,64.73516626883395,56.25826925888268,-8.476897009951273,39.346246973365616,39.346246973365616,1003,偏弱
sh688065,2025-03-31,2025-05-15,62.71471166287194,54.234989879354536,-8.479721783517403,39.285714285714285,39.285714285714285,1004,偏弱
sz301345,2025-03-31,2025-05-15,77.1727192311468,68.69102305692175,-8.481696174225055,39.22518159806295,39.22518159806295,1005,偏弱
sz002364,2025-03-31,2025-05-15,57.282716635773085,48.784929097096295,-8.49778753867679,39.16464891041162,39.16464891041162,1006,偏弱
sh603589,2025-03-31,2025-05-15,63.606259323161446,55.10809609182708,-8.49816323133437,39.10411622276029,39.10411622276029,1007,偏弱
sz000088,2025-03-31,2025-05-15,52.906525433509906,44.39682002317998,-8.509705410329927,39.04358353510896,39.04358353510896,1008,偏弱
sz000513,2025-03-31,2025-05-15,65.10676316271925,56.584338967766826,-8.522424194952423,38.983050847457626,38.983050847457626,1009,偏弱
sz000408,2025-03-31,2025-05-15,70.79977026999705,62.27081975142736,-8.528950518569694,38.922518159806295,38.922518159806295,1010,偏弱
sh600933,2025-03-31,2025-05-15,60.0051316806163,51.46831571634145,-8.536815964274854,38.86198547215496,38.86198547215496,1011,偏弱
sh688289,2025-03-31,2025-05-15,63.09787010110083,54.54250847698333,-8.5553616241175,38.80145278450363,38.80145278450363,1012,偏弱
sh603786,2025-03-31,2025-05-15,60.007613575389,51.44585939421405,-8.561754181174953,38.7409200968523,38.7409200968523,1013,偏弱
sh600519,2025-03-31,2025-05-15,79.75653638280087,71.17463974305187,-8.58189663974901,38.68038740920097,38.68038740920097,1014,偏弱
sh600887,2025-03-31,2025-05-15,57.58886772661747,48.996939608008624,-8.591928118608847,38.619854721549636,38.619854721549636,1015,偏弱
sz300760,2025-03-31,2025-05-15,60.85754392503672,52.26201362366331,-8.595530301373417,38.559322033898304,38.559322033898304,1016,偏弱
sz002043,2025-03-31,2025-05-15,46.288096787814325,37.68550898295416,-8.602587804860164,38.49878934624697,38.49878934624697,1017,偏弱
sh600276,2025-03-31,2025-05-15,79.61014263608848,71.00693580668886,-8.60320682939963,38.43825665859564,38.43825665859564,1018,偏弱
sz300088,2025-03-31,2025-05-15,50.95396491722431,42.34800996683073,-8.605954950393585,38.37772397094431,38.37772397094431,1019,偏弱
sz300487,2025-03-31,2025-05-15,65.30738552091107,56.69956887013783,-8.60781665077324,38.31719128329298,38.31719128329298,1020,偏弱
sz002434,2025-03-31,2025-05-15,52.0483468684201,43.42712378411828,-8.621223084301818,38.256658595641646,38.256658595641646,1021,偏弱
sz002048,2025-03-31,2025-05-15,53.12306327841365,44.44450685833348,-8.678556420080167,38.196125907990314,38.196125907990314,1022,偏弱
sz002128,2025-03-31,2025-05-15,60.70025809084766,52.02048697184571,-8.679771119001952,38.13559322033898,38.13559322033898,1023,偏弱
sh688002,2025-03-31,2025-05-15,65.62474347927733,56.941975113211335,-8.682768366065993,38.07506053268765,38.07506053268765,1024,偏弱
sh600062,2025-03-31,2025-05-15,63.44995305298433,54.75621818557008,-8.69373486741425,38.01452784503632,38.01452784503632,1025,偏弱
sz000423,2025-03-31,2025-05-15,71.75956902813722,63.06407502794394,-8.695494000193277,37.95399515738499,37.95399515738499,1026,偏弱
sh688088,2025-03-31,2025-05-15,72.09575639072091,63.399473877138604,-8.6962825135823,37.893462469733656,37.893462469733656,1027,偏弱
sh600580,2025-03-31,2025-05-15,56.62858146910599,47.928600713242375,-8.69998075586361,37.832929782082324,37.832929782082324,1028,偏弱
sh600869,2025-03-31,2025-05-15,45.96857647073831,37.261711478958645,-8.706864991779664,37.77239709443099,37.77239709443099,1029,偏弱
sz300184,2025-03-31,2025-05-15,50.69431066780778,41.98681976010397,-8.707490907703805,37.71186440677966,37.71186440677966,1030,偏弱
sz000895,2025-03-31,2025-05-15,49.83463230115465,41.117287308740366,-8.717344992414283,37.65133171912833,37.65133171912833,1031,偏弱
sz002073,2025-03-31,2025-05-15,48.98751947240337,40.269680056690945,-8.717839415712422,37.590799031477,37.590799031477,1032,偏弱
sz300770,2025-03-31,2025-05-15,70.12475985974812,61.39638962454736,-8.728370235200762,37.530266343825666,37.530266343825666,1033,偏弱
sz002831,2025-03-31,2025-05-15,53.5961610587718,44.8673810031638,-8.728780055607995,37.469733656174334,37.469733656174334,1034,偏弱
sh600366,2025-03-31,2025-05-15,54.27211244234022,45.534630183922665,-8.737482258417558,37.409200968523,37.409200968523,1035,偏弱
sz002603,2025-03-31,2025-05-15,60.19613960054775,51.44895200636941,-8.747187594178339,37.34866828087167,37.34866828087167,1036,偏弱
sz300979,2025-03-31,2025-05-15,63.732969066249126,54.980597997666884,-8.752371068582244,37.28813559322034,37.28813559322034,1037,偏弱
sz002028,2025-03-31,2025-05-15,63.562460690214124,54.80124519602243,-8.761215494191696,37.22760290556901,37.22760290556901,1038,偏弱
sh600773,2025-03-31,2025-05-15,43.57903187778107,34.81619502261785,-8.762836855163226,37.167070217917676,37.167070217917676,1039,偏弱
sh603005,2025-03-31,2025-05-15,69.7622757951514,60.988442752756136,-8.77383304239526,37.106537530266344,37.106537530266344,1040,偏弱
sz300079,2025-03-31,2025-05-15,54.45850830235301,45.68158495081757,-8.776923351535439,37.04600484261501,37.04600484261501,1041,偏弱
sz300363,2025-03-31,2025-05-15,55.841801588840546,47.06060713433876,-8.781194454501785,36.98547215496368,36.98547215496368,1042,偏弱
sz000603,2025-03-31,2025-05-15,57.836372898249714,49.04806348398563,-8.78830941426408,36.92493946731235,36.92493946731235,1043,偏弱
sh600862,2025-03-31,2025-05-15,64.50449392319939,55.715924161784436,-8.788569761414953,36.86440677966102,36.86440677966102,1044,偏弱
sh688343,2025-03-31,2025-05-15,51.5522378638783,42.75335404508857,-8.798883818789728,36.803874092009686,36.803874092009686,1045,偏弱
sz000538,2025-03-31,2025-05-15,66.04771955979595,57.247424850882425,-8.800294708913523,36.743341404358354,36.743341404358354,1046,偏弱
sz002078,2025-03-31,2025-05-15,44.63996737860819,35.82342141867626,-8.816545959931926,36.68280871670702,36.68280871670702,1047,偏弱
sz000885,2025-03-31,2025-05-15,66.54367173783506,57.72352407727459,-8.820147660560462,36.62227602905569,36.62227602905569,1048,偏弱
sz300628,2025-03-31,2025-05-15,70.252150619346,61.430127202800804,-8.82202341654519,36.56174334140436,36.56174334140436,1049,偏弱
sh600486,2025-03-31,2025-05-15,59.25148319087503,50.42906800145269,-8.822415189422339,36.50121065375303,36.50121065375303,1050,偏弱
sh600809,2025-03-31,2025-05-15,74.38593851875274,65.5431494259392,-8.84278909281353,36.440677966101696,36.440677966101696,1051,偏弱
sh601866,2025-03-31,2025-05-15,49.28830652395361,40.432159300431714,-8.856147223521893,36.380145278450364,36.380145278450364,1052,偏弱
sh600938,2025-03-31,2025-05-15,62.74562115542977,53.86998558851389,-8.875635566915875,36.31961259079903,36.31961259079903,1053,偏弱
sh600600,2025-03-31,2025-05-15,66.54723415545176,57.64403308248461,-8.903201072967148,36.2590799031477,36.2590799031477,1054,偏弱
sz000878,2025-03-31,2025-05-15,47.446409670384895,38.53951410739193,-8.906895562992965,36.19854721549637,36.19854721549637,1055,偏弱
sz300674,2025-03-31,2025-05-15,51.67298496209328,42.76199176353805,-8.91099319855523,36.13801452784504,36.13801452784504,1056,偏弱
sz002698,2025-03-31,2025-05-15,68.06074294642428,59.142944914483856,-8.917798031940428,36.077481840193705,36.077481840193705,1057,偏弱
sz300618,2025-03-31,2025-05-15,49.78554318586319,40.86103685125164,-8.924506334611554,36.016949152542374,36.016949152542374,1058,偏弱
sz002773,2025-03-31,2025-05-15,74.48935967873167,65.56193736041278,-8.927422318318884,35.95641646489104,35.95641646489104,1059,偏弱
sh601811,2025-03-31,2025-05-15,56.30700457981371,47.37706038349181,-8.9299441963219,35.89588377723971,35.89588377723971,1060,偏弱
sh603197,2025-03-31,2025-05-15,63.15947812002983,54.22691104602282,-8.93256707400701,35.83535108958838,35.83535108958838,1061,偏弱
sh600338,2024-09-30,2024-11-14,67.10866402519488,58.1586228075473,-8.950041217647582,35.77481840193705,35.77481840193705,1062,偏弱
sz300409,2025-03-31,2025-05-15,50.48633978568698,41.52120847723376,-8.965131308453216,35.714285714285715,35.714285714285715,1063,偏弱
sz002906,2025-03-31,2025-05-15,56.191443819531905,47.22183394735872,-8.969609872173185,35.653753026634384,35.653753026634384,1064,偏弱
sz002262,2025-03-31,2025-05-15,73.72433231743777,64.74401529571546,-8.98031702172231,35.59322033898305,35.59322033898305,1065,偏弱
sh688200,2025-03-31,2025-05-15,80.97647580379541,71.99033018125165,-8.986145622543754,35.53268765133172,35.53268765133172,1066,偏弱
sh600323,2025-03-31,2025-05-15,56.6600890790098,47.65959779049005,-9.000491288519752,35.47215496368039,35.47215496368039,1067,偏弱
sz002085,2025-03-31,2025-05-15,54.839227264791504,45.8301187671372,-9.009108497654301,35.41162227602905,35.41162227602905,1068,偏弱
sh688279,2025-03-31,2025-05-15,70.36400829806279,61.34541490837319,-9.018593389689594,35.351089588377725,35.351089588377725,1069,偏弱
sz300634,2025-03-31,2025-05-15,61.88232178500907,52.83315583527238,-9.049165949736686,35.29055690072639,35.29055690072639,1070,偏弱
sh688676,2025-03-31,2025-05-15,51.95006898958298,42.88841100023875,-9.061657989344232,35.23002421307506,35.23002421307506,1071,偏弱
sh600007,2025-03-31,2025-05-15,60.62382710953904,51.55556538867161,-9.068261720867433,35.16949152542373,35.16949152542373,1072,偏弱
sh601778,2025-03-31,2025-05-15,55.802131456679106,46.708269466190835,-9.09386199048827,35.1089588377724,35.1089588377724,1073,偏弱
sz002516,2025-03-31,2025-05-15,60.67656615500426,51.58054623814489,-9.096019916859373,35.04842615012107,35.04842615012107,1074,偏弱
sh688122,2025-03-31,2025-05-15,70.02923345046031,60.92621861648005,-9.103014833980259,34.987893462469735,34.987893462469735,1075,偏弱
sh600959,2025-03-31,2025-05-15,51.481951036892276,42.37423828040793,-9.107712756484348,34.9273607748184,34.9273607748184,1076,偏弱
sh688100,2025-03-31,2025-05-15,74.87467520697639,65.75632011741638,-9.11835508956002,34.866828087167065,34.866828087167065,1077,偏弱
sz300896,2025-03-31,2025-05-15,62.356804919041934,53.2359677923511,-9.120837126690837,34.80629539951574,34.80629539951574,1078,偏弱
sz002472,2025-03-31,2025-05-15,60.45943376444318,51.33115673133399,-9.12827703310919,34.74576271186441,34.74576271186441,1079,偏弱
sh601100,2025-03-31,2025-05-15,63.68385191481943,54.546548786841804,-9.137303127977624,34.68523002421308,34.68523002421308,1080,偏弱
sz000719,2025-03-31,2025-05-15,54.76643363814376,45.62829266571373,-9.138140972430028,34.624697336561745,34.624697336561745,1081,偏弱
sz002315,2025-03-31,2025-05-15,76.03423737445006,66.86320604171685,-9.17103133273321,34.56416464891041,34.56416464891041,1082,偏弱
sz300017,2025-03-31,2025-05-15,65.93305351741431,56.76051020311801,-9.172543314296297,34.50363196125908,34.50363196125908,1083,偏弱
sz002027,2025-03-31,2025-05-15,69.99580491771388,60.820897550282,-9.174907367431883,34.44309927360775,34.44309927360775,1084,偏弱
sz300685,2025-03-31,2025-05-15,82.7016937615493,73.52505074795718,-9.176643013592114,34.38256658595641,34.38256658595641,1085,偏弱
sz002466,2025-03-31,2025-05-15,63.24369185552097,54.06656709994079,-9.177124755580179,34.32203389830508,34.32203389830508,1086,偏弱
sh601808,2025-03-31,2025-05-15,52.83787835259439,43.63299189582663,-9.204886456767762,34.261501210653755,34.261501210653755,1087,偏弱
sz300395,2025-03-31,2025-05-15,69.41099041673341,60.1925554165158,-9.21843500021761,34.20096852300242,34.20096852300242,1088,偏弱
sh603638,2025-03-31,2025-05-15,62.94755387423558,53.722079754886586,-9.225474119348993,34.14043583535109,34.14043583535109,1089,偏弱
sh603306,2025-03-31,2025-05-15,69.12997764980132,59.89703306314145,-9.232944586659872,34.07990314769976,34.07990314769976,1090,偏弱
sz000099,2025-03-31,2025-05-15,58.727055610277375,49.48695911278046,-9.240096497496912,34.01937046004843,34.01937046004843,1091,偏弱
sh600363,2025-03-31,2025-05-15,58.59641842026144,49.35003506514123,-9.24638335512022,33.958837772397096,33.958837772397096,1092,偏弱
sz002223,2025-03-31,2025-05-15,68.0098707057086,58.762984575958875,-9.246886129749718,33.89830508474576,33.89830508474576,1093,偏弱
sh600941,2025-03-31,2025-05-15,55.58061596314881,46.333407172445405,-9.247208790703407,33.837772397094426,33.837772397094426,1094,偏弱
sz300047,2025-03-31,2025-05-15,55.44343562967935,46.18827311775898,-9.255162511920364,33.777239709443094,33.777239709443094,1095,偏弱
sz002003,2025-03-31,2025-05-15,66.69747398424387,57.416151637364266,-9.281322346879602,33.71670702179177,33.71670702179177,1096,偏弱
sz000709,2025-03-31,2025-05-15,45.99051953627862,36.67622857054745,-9.31429096573117,33.65617433414044,33.65617433414044,1097,偏弱
sz000958,2025-03-31,2025-05-15,68.44888512773981,59.13293546453452,-9.315949663205295,33.595641646489106,33.595641646489106,1098,偏弱
sh600559,2025-03-31,2025-05-15,61.874477536055565,52.549524027769465,-9.324953508286102,33.535108958837775,33.535108958837775,1099,偏弱
sz000682,2025-03-31,2025-05-15,53.448874809392734,44.12128368421594,-9.327591125176799,33.47457627118644,33.47457627118644,1100,偏弱
sh601677,2025-03-31,2025-05-15,60.89762291875682,51.567775456483545,-9.329847462273273,33.41404358353511,33.41404358353511,1101,偏弱
sz000568,2025-03-31,2025-05-15,70.78362149526687,61.43168613878723,-9.351935356479643,33.35351089588377,33.35351089588377,1102,偏弱
sz002096,2025-03-31,2025-05-15,58.461819905953234,49.10524675433225,-9.356573151620987,33.29297820823244,33.29297820823244,1103,偏弱
sh603888,2025-03-31,2025-05-15,53.113709710818945,43.753552327766585,-9.360157383052359,33.232445520581116,33.232445520581116,1104,偏弱
sh603444,2020-09-30,2020-11-14,80.10266112777079,70.741202194366,-9.361458933404794,33.171912832929785,33.171912832929785,1105,偏弱
sz300777,2025-03-31,2025-05-15,86.42780490879278,77.04993278112737,-9.377872127665418,33.11138014527845,33.11138014527845,1106,偏弱
sz300015,2025-03-31,2025-05-15,73.30362032336102,63.91934305461698,-9.384277268744036,33.05084745762712,33.05084745762712,1107,偏弱
sz001914,2025-03-31,2025-05-15,49.705997158840766,40.31084166620835,-9.395155492632423,32.99031476997579,32.99031476997579,1108,偏弱
sh600478,2025-03-31,2025-05-15,49.19516237498901,39.78991036609396,-9.405252008895049,32.92978208232446,32.92978208232446,1109,偏弱
sz301127,2025-03-31,2025-05-15,64.97411767849125,55.56472893733295,-9.409388741158303,32.86924939467312,32.86924939467312,1110,偏弱
sh600025,2025-03-31,2025-05-15,68.88088390825203,59.47001097494501,-9.41087293330702,32.80871670702179,32.80871670702179,1111,偏弱
sh601928,2025-03-31,2025-05-15,62.44204410720619,53.02810092286113,-9.413943184345063,32.748184019370456,32.748184019370456,1112,偏弱
sh601038,2025-03-31,2025-05-15,49.3598106159963,39.92929335089277,-9.430517265103532,32.68765133171913,32.68765133171913,1113,偏弱
sh600233,2025-03-31,2025-05-15,49.830229664208815,40.393097463975465,-9.437132200233354,32.6271186440678,32.6271186440678,1114,偏弱
sz301377,2025-03-31,2025-05-15,74.84047677252228,65.39837738629996,-9.442099386222328,32.56658595641647,32.56658595641647,1115,偏弱
sh603297,2025-03-31,2025-05-15,68.2623668618392,58.80997440632161,-9.45239245551759,32.506053268765136,32.506053268765136,1116,偏弱
sh603369,2025-03-31,2025-05-15,74.01253051862903,64.55766524473283,-9.454865273896202,32.445520581113804,32.445520581113804,1117,偏弱
sz002938,2025-03-31,2025-05-15,53.7391246390148,44.28219188008133,-9.456932758933466,32.384987893462466,32.384987893462466,1118,偏弱
sz300232,2025-03-31,2025-05-15,53.893860432724686,44.4291761547383,-9.464684277986386,32.324455205811134,32.324455205811134,1119,偏弱
sz300415,2025-03-31,2025-05-15,62.46102055296042,52.95202156080782,-9.508998992152597,32.2639225181598,32.2639225181598,1120,偏弱
sh603233,2025-03-31,2025-05-15,62.19910366908932,52.68531867618962,-9.513784992899701,32.20338983050847,32.20338983050847,1121,偏弱
sz000027,2025-03-31,2025-05-15,60.17258093747918,50.62496164897196,-9.547619288507217,32.142857142857146,32.142857142857146,1122,偏弱
sz000685,2025-03-31,2025-05-15,59.02170671575452,49.463798046344436,-9.557908669410086,32.082324455205814,32.082324455205814,1123,偏弱
sh600584,2025-03-31,2025-05-15,58.60800972110497,49.0456102555556,-9.562399465549369,32.02179176755448,32.02179176755448,1124,偏弱
sh600163,2025-03-31,2025-05-15,70.75526262532148,61.16872438209964,-9.586538243221836,31.961259079903147,31.961259079903147,1125,偏弱
sh601869,2025-03-31,2025-05-15,64.4556049633503,54.86608656829638,-9.589518395053913,31.900726392251816,31.900726392251816,1126,偏弱
sz301526,2025-03-31,2025-05-15,55.75222424955434,46.15728747419207,-9.594936775362273,31.840193704600484,31.840193704600484,1127,偏弱
sz002484,2025-03-31,2025-05-15,60.20826895987698,50.612332252021794,-9.59593670785519,31.779661016949152,31.779661016949152,1128,偏弱
sz002543,2025-03-31,2025-05-15,63.579074714088954,53.978488896302814,-9.600585817786138,31.719128329297817,31.719128329297817,1129,偏弱
sz000630,2025-03-31,2025-05-15,49.005130746196436,39.393239726760456,-9.611891019435978,31.658595641646485,31.658595641646485,1130,偏弱
sz002353,2025-03-31,2025-05-15,69.65823633432272,60.03494825320973,-9.623288081112994,31.59806295399516,31.59806295399516,1131,偏弱
sz002171,2025-03-31,2025-05-15,47.57568956893625,37.9280162071133,-9.647673361822946,31.53753026634383,31.53753026634383,1132,偏弱
sh601179,2025-03-31,2025-05-15,53.57764369521385,43.92811218370767,-9.649531511506186,31.476997578692494,31.476997578692494,1133,偏弱
sh688400,2025-03-31,2025-05-15,61.299029073819675,51.64654269320888,-9.652486380610796,31.416464891041162,31.416464891041162,1134,偏弱
sh600690,2025-03-31,2025-05-15,61.024860304971405,51.37049130394865,-9.654369001022758,31.35593220338983,31.35593220338983,1135,偏弱
sz002151,2025-03-31,2025-05-15,52.99117187567978,43.33665894740844,-9.654512928271346,31.2953995157385,31.2953995157385,1136,偏弱
sz002626,2025-03-31,2025-05-15,72.35373283164125,62.68364144686192,-9.670091384779333,31.234866828087167,31.234866828087167,1137,偏弱
sz301200,2025-03-31,2025-05-15,66.18674201346342,56.508563959234195,-9.678178054229221,31.174334140435832,31.174334140435832,1138,偏弱
sz002475,2025-03-31,2025-05-15,53.060735970955925,43.38187084775151,-9.678865123204416,31.113801452784507,31.113801452784507,1139,偏弱
sz301000,2025-03-31,2025-05-15,66.27672773549104,56.59585377703722,-9.68087395845382,31.053268765133176,31.053268765133176,1140,偏弱
sh603816,2025-03-31,2025-05-15,66.53412207836168,56.84423606333883,-9.689886015022843,30.99273607748184,30.99273607748184,1141,偏弱
sh600377,2025-03-31,2025-05-15,65.88124894692366,56.18021399007269,-9.701034956850972,30.93220338983051,30.93220338983051,1142,偏弱
sz301262,2025-03-31,2025-05-15,66.87440602517646,57.15402082623056,-9.7203851989459,30.871670702179177,30.871670702179177,1143,偏弱
sh605507,2025-03-31,2025-05-15,54.806104151199285,45.08568214461887,-9.72042200658041,30.811138014527845,30.811138014527845,1144,偏弱
sz300811,2025-03-31,2025-05-15,66.39261616469405,56.668658413426186,-9.723957751267863,30.750605326876514,30.750605326876514,1145,偏弱
sh600483,2025-03-31,2025-05-15,67.74815525658136,58.01056303725659,-9.737592219324771,30.69007263922518,30.69007263922518,1146,偏弱
sh600803,2025-03-31,2025-05-15,46.87589571483079,37.13645718655283,-9.739438528277956,30.629539951573847,30.629539951573847,1147,偏弱
sz300373,2025-03-31,2025-05-15,74.15325079312244,64.39725892571154,-9.755991867410897,30.569007263922522,30.569007263922522,1148,偏弱
sz300580,2025-03-31,2025-05-15,56.33797956780788,46.56707026779251,-9.77090930001537,30.508474576271187,30.508474576271187,1149,偏弱
sz002007,2025-03-31,2025-05-15,69.86303963618916,60.08564558436676,-9.777394051822396,30.447941888619855,30.447941888619855,1150,偏弱
sh600167,2025-03-31,2025-05-15,63.05581037149416,53.26867236098218,-9.787138010511981,30.387409200968523,30.387409200968523,1151,偏弱
sh603119,2025-03-31,2025-05-15,74.36458511151199,64.55455639733788,-9.810028714174107,30.326876513317192,30.326876513317192,1152,偏弱
sz300401,2025-03-31,2025-05-15,63.347165270966386,53.44428382758147,-9.902881443384917,30.26634382566586,30.26634382566586,1153,偏弱
sh601022,2025-03-31,2025-05-15,61.00092584955912,51.08924097819144,-9.911684871367674,30.205811138014525,30.205811138014525,1154,偏弱
sz300759,2025-03-31,2025-05-15,66.7856605219655,56.87145883543852,-9.91420168652698,30.145278450363193,30.145278450363193,1155,偏弱
sh601156,2025-03-31,2025-05-15,55.066429613226816,45.14299135778614,-9.923438255440677,30.08474576271186,30.08474576271186,1156,偏弱
sh600621,2024-12-31,2025-04-30,63.142916078921054,53.219030546000766,-9.923885532920288,30.024213075060537,30.024213075060537,1157,偏弱
sh603228,2025-03-31,2025-05-15,58.66824667440858,48.74135361351083,-9.926893060897745,29.9636803874092,29.9636803874092,1158,偏弱
sz002410,2025-03-31,2025-05-15,53.72475289057688,43.77509490449918,-9.949657986077701,29.90314769975787,29.90314769975787,1159,偏弱
sh603833,2025-03-31,2025-05-15,58.24818213177287,48.29374321480215,-9.954438916970723,29.84261501210654,29.84261501210654,1160,偏弱
sh603118,2025-03-31,2025-05-15,47.7873473667672,37.83026355278875,-9.957083813978452,29.782082324455207,29.782082324455207,1161,偏弱
sh600563,2025-03-31,2025-05-15,76.77041992638918,66.80331501734176,-9.967104909047418,29.721549636803875,29.721549636803875,1162,偏弱
sh688798,2025-03-31,2025-05-15,58.45221609544146,48.48277045510359,-9.96944564033787,29.66101694915254,29.66101694915254,1163,偏弱
sz301327,2025-03-31,2025-05-15,68.37600824249695,58.39893780730088,-9.977070435196067,29.600484261501208,29.600484261501208,1164,偏弱
sz002324,2025-03-31,2025-05-15,52.84467623991667,42.85841080987903,-9.986265430037639,29.539951573849876,29.539951573849876,1165,偏弱
sh603383,2025-03-31,2025-05-15,59.77428545787223,49.754620287000364,-10.019665170871864,29.479418886198548,29.479418886198548,1166,偏弱
sz300748,2025-03-31,2025-05-15,59.47692257352023,49.4103812032739,-10.066541370246325,29.418886198547217,29.418886198547217,1167,偏弱
sz002340,2025-03-31,2025-05-15,52.54408775421944,42.474763062762904,-10.06932469145654,29.358353510895885,29.358353510895885,1168,偏弱
sh603160,2025-03-31,2025-05-15,57.97591869897117,47.886057365727574,-10.089861333243595,29.297820823244553,29.297820823244553,1169,偏弱
sz300346,2025-03-31,2025-05-15,70.39606213111239,60.28362487586131,-10.112437255251084,29.23728813559322,29.23728813559322,1170,偏弱
sh688150,2025-03-31,2025-05-15,80.51215742110318,70.38988839237462,-10.12226902872856,29.176755447941886,29.176755447941886,1171,偏弱
sh600298,2025-03-31,2025-05-15,56.33177707839677,46.192166795294476,-10.139610283102295,29.116222760290555,29.116222760290555,1172,偏弱
sh601019,2025-03-31,2025-05-15,62.103716483064325,51.9600453392449,-10.143671143819425,29.055690072639223,29.055690072639223,1173,偏弱
sh600812,2025-03-31,2025-05-15,52.7946971147614,42.624802926662056,-10.169894188099343,28.99515738498789,28.99515738498789,1174,偏弱
sh600763,2025-03-31,2025-05-15,67.7673188031198,57.59143666163743,-10.175882141482377,28.934624697336563,28.934624697336563,1175,偏弱
sh603505,2025-03-31,2025-05-15,64.29074859914789,54.08944261016973,-10.201305988978158,28.87409200968523,28.87409200968523,1176,偏弱
sh603179,2025-03-31,2025-05-15,54.81437329743446,44.603714139219676,-10.210659158214781,28.8135593220339,28.8135593220339,1177,偏弱
sh688591,2024-12-31,2025-04-30,73.3700776759387,63.146144240775136,-10.223933435163566,28.753026634382568,28.753026634382568,1178,偏弱
sz000987,2025-03-31,2025-05-15,52.683467153522585,42.451376088439076,-10.232091065083512,28.692493946731233,28.692493946731233,1179,偏弱
sh601208,2025-03-31,2025-05-15,59.38413905156039,49.136369547587144,-10.247769503973245,28.6319612590799,28.6319612590799,1180,偏弱
sh601126,2025-03-31,2025-05-15,69.7423160174883,59.486155602451646,-10.256160415036657,28.57142857142857,28.57142857142857,1181,偏弱
sh600246,2025-03-31,2025-05-15,52.263247650568466,41.99931886054812,-10.263928790020342,28.510895883777238,28.510895883777238,1182,偏弱
sh605111,2025-03-31,2025-05-15,69.83698188196571,59.56679682864595,-10.270185053319763,28.45036319612591,28.45036319612591,1183,偏弱
sz000786,2025-03-31,2025-05-15,56.03374191702903,45.75481942381159,-10.278922493217442,28.389830508474578,28.389830508474578,1184,偏弱
sz002139,2025-03-31,2025-05-15,57.34175611564012,47.04417347710086,-10.29758263853926,28.329297820823246,28.329297820823246,1185,偏弱
sz000596,2025-03-31,2025-05-15,75.8728952665757,65.56856377189982,-10.304331494675877,28.268765133171915,28.268765133171915,1186,偏弱
sh688235,2024-12-31,2025-04-30,52.45410688447516,42.149359846042266,-10.304747038432891,28.208232445520583,28.208232445520583,1187,偏弱
sh600273,2025-03-31,2025-05-15,62.9195141472419,52.60588875306129,-10.313625394180601,28.147699757869248,28.147699757869248,1188,偏弱
sh600497,2025-03-31,2025-05-15,57.512974095155364,47.19861753712255,-10.314356558032813,28.087167070217916,28.087167070217916,1189,偏弱
sh600206,2025-03-31,2025-05-15,47.64222789454621,37.32090708680842,-10.321320807737795,28.026634382566584,28.026634382566584,1190,偏弱
sh600113,2025-03-31,2025-05-15,56.24764485517715,45.91728976698012,-10.330355088197031,27.966101694915253,27.966101694915253,1191,偏弱
sh600900,2025-03-31,2025-05-15,66.86504814802407,56.51313255462576,-10.35191559339831,27.905569007263924,27.905569007263924,1192,偏弱
sz300910,2025-03-31,2025-05-15,75.57220261638103,65.21667318488082,-10.355529431500209,27.845036319612593,27.845036319612593,1193,偏弱
sh600061,2025-03-31,2025-05-15,50.457034578619805,40.10147390574913,-10.355560672870672,27.78450363196126,27.78450363196126,1194,偏弱
sz000887,2025-03-31,2025-05-15,57.34492414285976,46.97914749800332,-10.365776644856439,27.72397094430993,27.72397094430993,1195,偏弱
sz300037,2025-03-31,2025-05-15,62.071198900835945,51.696592817067824,-10.374606083768125,27.663438256658594,27.663438256658594,1196,偏弱
sh688981,2025-03-31,2025-05-15,63.652353533622765,53.26371951359773,-10.388634020025037,27.602905569007262,27.602905569007262,1197,偏弱
sh688041,2025-03-31,2025-05-15,83.14725434852042,72.74519551940982,-10.402058829110596,27.54237288135593,27.54237288135593,1198,偏弱
sz002925,2025-03-31,2025-05-15,63.50301593071394,53.08784055815781,-10.415175372556135,27.4818401937046,27.4818401937046,1199,偏弱
sz002444,2025-03-31,2025-05-15,64.8008304921949,54.38544972194678,-10.415380770248127,27.421307506053267,27.421307506053267,1200,偏弱
sz002261,2025-03-31,2025-05-15,46.98076203410124,36.56521046013647,-10.415551573964768,27.36077481840194,27.36077481840194,1201,偏弱
sh601216,2025-03-31,2025-05-15,70.29137451799227,59.87008607046574,-10.421288447526527,27.300242130750608,27.300242130750608,1202,偏弱
sh603650,2025-03-31,2025-05-15,62.88526214940491,52.461814764232045,-10.423447385172866,27.239709443099276,27.239709443099276,1203,偏弱
sz002074,2025-03-31,2025-05-15,48.213719656704185,37.77757870356715,-10.436140953137032,27.17917675544794,27.17917675544794,1204,偏弱
sz002126,2025-03-31,2025-05-15,53.737718549346305,43.29872803856611,-10.438990510780195,27.11864406779661,27.11864406779661,1205,偏弱
sh600301,2025-03-31,2025-05-15,67.34923930885566,56.89827899838407,-10.45096031047159,27.058111380145277,27.058111380145277,1206,偏弱
sh600993,2025-03-31,2025-05-15,66.33081849998956,55.87451795025237,-10.456300549737193,26.997578692493946,26.997578692493946,1207,偏弱
sh600699,2025-03-31,2025-05-15,50.906062651041786,40.440261512484724,-10.465801138557065,26.937046004842614,26.937046004842614,1208,偏弱
sh688690,2025-03-31,2025-05-15,72.55008985794403,62.06673515725823,-10.4833547006858,26.876513317191282,26.876513317191282,1209,偏弱
sh688403,2025-03-31,2025-05-15,63.5835988948804,53.0775575967071,-10.506041298173301,26.815980629539954,26.815980629539954,1210,偏弱
sh601021,2025-03-31,2025-05-15,49.51643628960285,39.000989527591805,-10.515446762011043,26.755447941888622,26.755447941888622,1211,偏弱
sz001308,2025-03-31,2025-05-15,59.12391058508974,48.592595178908,-10.531315406181744,26.69491525423729,26.69491525423729,1212,偏弱
sz002204,2025-03-31,2025-05-15,50.26271881413807,39.730315939028266,-10.532402875109804,26.634382566585955,26.634382566585955,1213,偏弱
sz300558,2025-03-31,2025-05-15,66.7259657048552,56.18998139163346,-10.535984313221737,26.573849878934624,26.573849878934624,1214,偏弱
sz000623,2025-03-31,2025-05-15,64.54968957260972,53.98999788960195,-10.55969168300777,26.513317191283292,26.513317191283292,1215,偏弱
sz301171,2025-03-31,2025-05-15,57.01019076137459,46.44768326288555,-10.56250749848904,26.45278450363196,26.45278450363196,1216,偏弱
sh688102,2025-03-31,2025-05-15,61.422903770289444,50.834343046004506,-10.588560724284935,26.39225181598063,26.39225181598063,1217,偏弱
sz002597,2025-03-31,2025-05-15,68.97738767761525,58.38818554108864,-10.589202136526614,26.331719128329294,26.331719128329294,1218,偏弱
sz301498,2025-03-31,2025-05-15,80.82837650325008,70.22865449246606,-10.599722010784014,26.27118644067797,26.27118644067797,1219,偏弱
sz301078,2025-03-31,2025-05-15,56.99948254314473,46.37884561361308,-10.620636929531646,26.210653753026637,26.210653753026637,1220,偏弱
sz000880,2025-03-31,2025-05-15,53.856790543626445,43.22547459556182,-10.631315948064628,26.150121065375302,26.150121065375302,1221,偏弱
sh600285,2025-03-31,2025-05-15,72.72592455442451,62.0777988441837,-10.64812571024081,26.08958837772397,26.08958837772397,1222,偏弱
sz002595,2025-03-31,2025-05-15,79.15417288764219,68.49644809579303,-10.657724791849159,26.02905569007264,26.02905569007264,1223,偏弱
sz300236,2025-03-31,2025-05-15,70.77759010779346,60.1091337774175,-10.66845633037596,25.968523002421307,25.968523002421307,1224,偏弱
sz002683,2025-03-31,2025-05-15,53.9438606081558,43.26427595027248,-10.679584657883321,25.907990314769975,25.907990314769975,1225,偏弱
sh600226,2025-03-31,2025-05-15,58.669528134704414,47.98397328459576,-10.68555485010865,25.847457627118644,25.847457627118644,1226,偏弱
sh603530,2025-03-31,2025-05-15,67.18603020009635,56.49568520466214,-10.690344995434215,25.786924939467315,25.786924939467315,1227,偏弱
sz000729,2025-03-31,2025-05-15,62.043101325230175,51.32274602065856,-10.720355304571612,25.726392251815984,25.726392251815984,1228,偏弱
sz300008,2025-03-31,2025-05-15,51.34906748103278,40.62858290569987,-10.720484575332913,25.66585956416465,25.66585956416465,1229,偏弱
sz002281,2025-03-31,2025-05-15,65.67456883908756,54.94442232828209,-10.730146510805465,25.605326876513317,25.605326876513317,1230,偏弱
sh605090,2025-03-31,2025-05-15,52.77445327541138,42.04328515734157,-10.731168118069812,25.544794188861985,25.544794188861985,1231,偏弱
sz002268,2025-03-31,2025-05-15,49.64758461137851,38.91560262825474,-10.731981983123774,25.484261501210653,25.484261501210653,1232,偏弱
sz002716,2025-03-31,2025-05-15,53.826121140910296,43.08812526317753,-10.737995877732766,25.423728813559322,25.423728813559322,1233,偏弱
sh600096,2025-03-31,2025-05-15,50.78504287549515,40.002527841181816,-10.782515034313333,25.36319612590799,25.36319612590799,1234,偏弱
sz002249,2025-03-31,2025-05-15,64.2592598808108,53.47235842451778,-10.786901456293023,25.302663438256655,25.302663438256655,1235,偏弱
sz300014,2025-03-31,2025-05-15,59.51210905648893,48.72440606750988,-10.78770298897905,25.24213075060533,25.24213075060533,1236,偏弱
sh600601,2025-03-31,2025-05-15,56.097229634329445,45.303659850244664,-10.793569784084783,25.181598062954,25.181598062954,1237,偏弱
sh605099,2025-03-31,2025-05-15,74.64869931326497,63.85482663151923,-10.793872681745736,25.121065375302663,25.121065375302663,1238,偏弱
sh603662,2025-03-31,2025-05-15,76.25575274580804,65.45555938915935,-10.800193356648688,25.06053268765133,25.06053268765133,1239,偏弱
sz301029,2025-03-31,2025-05-15,72.06731655408352,61.26606032599654,-10.801256228086975,25.0,25.0,1240,偏弱
sh600674,2025-03-31,2025-05-15,74.99908850956616,64.19236990760659,-10.806718601959574,24.93946731234867,24.93946731234867,1241,偏弱
sz002318,2025-03-31,2025-05-15,66.99454473551212,56.17741168551654,-10.817133049995581,24.878934624697337,24.878934624697337,1242,偏弱
sz002414,2025-03-31,2025-05-15,73.9158379065844,63.07998891564503,-10.835848990939366,24.818401937046005,24.818401937046005,1243,偏弱
sh605589,2025-03-31,2025-05-15,59.39387554722473,48.53427804867605,-10.859597498548682,24.757869249394673,24.757869249394673,1244,偏弱
sz300672,2025-03-31,2025-05-15,51.472699841371075,40.60351982327081,-10.869180018100266,24.69733656174334,24.69733656174334,1245,偏弱
sz300776,2025-03-31,2025-05-15,69.01347573161918,58.14013849149406,-10.873337240125116,24.63680387409201,24.63680387409201,1246,偏弱
sz000559,2025-03-31,2025-05-15,56.68947217144642,45.81244597634822,-10.877026195098198,24.576271186440678,24.576271186440678,1247,偏弱
sh600211,2025-03-31,2025-05-15,68.8618861449976,57.96159497013039,-10.900291174867204,24.515738498789347,24.515738498789347,1248,偏弱
sh603887,2025-03-31,2025-05-15,54.98001336141776,44.07861583249924,-10.901397528918523,24.455205811138015,24.455205811138015,1249,偏弱
sz300181,2025-03-31,2025-05-15,75.02557704885,64.12011107367391,-10.905465975176087,24.394673123486683,24.394673123486683,1250,偏弱
sh600060,2025-03-31,2025-05-15,57.35562848277869,46.4404338168501,-10.915194665928587,24.33414043583535,24.33414043583535,1251,偏弱
sh688052,2025-03-31,2025-05-15,55.930538141713754,45.008882706412685,-10.92165543530107,24.27360774818402,24.27360774818402,1252,偏弱
sz002130,2025-03-31,2025-05-15,73.19586564161824,62.25503504527439,-10.940830596343853,24.213075060532688,24.213075060532688,1253,偏弱
sz300180,2025-03-31,2025-05-15,51.96730485661972,41.02526880991567,-10.942036046704043,24.152542372881356,24.152542372881356,1254,偏弱
sh603127,2025-03-31,2025-05-15,55.9105145791855,44.967979854018594,-10.94253472516691,24.092009685230025,24.092009685230025,1255,偏弱
sh688182,2025-03-31,2025-05-15,69.71865094431617,58.77425101527106,-10.944399929045103,24.031476997578693,24.031476997578693,1256,偏弱
sh603858,2025-03-31,2025-05-15,72.99818807085711,62.047883266917765,-10.950304803939344,23.97094430992736,23.97094430992736,1257,偏弱
sh601137,2025-03-31,2025-05-15,53.112634177113165,42.11990809270101,-10.992726084412151,23.91041162227603,23.91041162227603,1258,偏弱
sh601058,2025-03-31,2025-05-15,56.53897979474375,45.53205826898238,-11.006921525761369,23.849878934624698,23.849878934624698,1259,偏弱
sh603338,2025-03-31,2025-05-15,71.2036739007454,60.17391314388945,-11.029760756855952,23.789346246973366,23.789346246973366,1260,偏弱
sz300627,2025-03-31,2025-05-15,74.8483927946881,63.81050885170502,-11.037883942983074,23.728813559322035,23.728813559322035,1261,偏弱
sz002080,2025-03-31,2025-05-15,59.91736757265198,48.87223011745018,-11.045137455201802,23.668280871670703,23.668280871670703,1262,偏弱
sh600436,2025-03-31,2025-05-15,68.61973907170345,57.55825022980795,-11.061488841895498,23.60774818401937,23.60774818401937,1263,偏弱
sz002396,2025-03-31,2025-05-15,55.24796188878984,44.18315007865598,-11.06481181013386,23.547215496368036,23.547215496368036,1264,偏弱
sh601567,2025-03-31,2025-05-15,65.72033687004057,54.6217766105271,-11.098560259513471,23.486682808716708,23.486682808716708,1265,偏弱
sh603733,2025-03-31,2025-05-15,47.78166686194084,36.67915339551166,-11.10251346642918,23.426150121065376,23.426150121065376,1266,偏弱
sz000048,2025-03-31,2025-05-15,54.338841198559905,43.22234086034129,-11.116500338218612,23.365617433414045,23.365617433414045,1267,偏弱
sz000425,2025-03-31,2025-05-15,59.710607167081314,48.582878637968754,-11.127728529112558,23.30508474576271,23.30508474576271,1268,偏弱
sz300124,2025-03-31,2025-05-15,75.40784226895356,64.25492577788806,-11.152916491065495,23.24455205811138,23.24455205811138,1269,偏弱
sz300433,2025-03-31,2025-05-15,53.84264827360153,42.648811423010784,-11.193836850590749,23.18401937046005,23.18401937046005,1270,偏弱
sh600577,2025-03-31,2025-05-15,52.70638516004339,41.49447237657987,-11.211912783463518,23.123486682808718,23.123486682808718,1271,偏弱
sz000899,2025-03-31,2025-05-15,44.946274091718834,33.70677335625771,-11.239500735461123,23.062953995157383,23.062953995157383,1272,偏弱
sz301109,2025-03-31,2025-05-15,77.22673704621906,65.96522188927607,-11.261515156942986,23.002421307506054,23.002421307506054,1273,偏弱
sh603129,2025-03-31,2025-05-15,76.87266443846907,65.61065352095957,-11.262010917509507,22.941888619854723,22.941888619854723,1274,偏弱
sh600428,2025-03-31,2025-05-15,58.72990587555417,47.46697278119159,-11.262933094362573,22.88135593220339,22.88135593220339,1275,偏弱
sh600771,2025-03-31,2025-05-15,78.53380966523656,67.26550623194923,-11.268303433287329,22.82082324455206,22.82082324455206,1276,偏弱
sh600967,2025-03-31,2025-05-15,54.231184183876536,42.95968837647797,-11.27149580739857,22.760290556900724,22.760290556900724,1277,偏弱
sz002194,2025-03-31,2025-05-15,62.47967547300767,51.192777550366046,-11.286897922641625,22.699757869249396,22.699757869249396,1278,偏弱
sz300750,2025-03-31,2025-05-15,67.363335561385,56.075887506553016,-11.287448054831987,22.639225181598064,22.639225181598064,1279,偏弱
sh603218,2025-03-31,2025-05-15,59.80308130933392,48.512950786080395,-11.290130523253522,22.578692493946733,22.578692493946733,1280,偏弱
sh688141,2025-03-31,2025-05-15,51.75730043885751,40.45340378180286,-11.303896657054654,22.518159806295397,22.518159806295397,1281,偏弱
sz002705,2025-03-31,2025-05-15,62.2021191000608,50.84958176112772,-11.352537338933077,22.45762711864407,22.45762711864407,1282,偏弱
sh600063,2025-03-31,2025-05-15,58.0609908209376,46.70684303678718,-11.354147784150417,22.397094430992738,22.397094430992738,1283,偏弱
sh688248,2025-03-31,2025-05-15,55.48263355792427,44.11959425112405,-11.363039306800218,22.336561743341406,22.336561743341406,1284,偏弱
sh600664,2025-03-31,2025-05-15,53.25218181944715,41.88722270517525,-11.364959114271901,22.27602905569007,22.27602905569007,1285,偏弱
sz002138,2025-03-31,2025-05-15,72.50894248632103,61.141978588334766,-11.366963897986267,22.21549636803874,22.21549636803874,1286,偏弱
sz000792,2025-03-31,2025-05-15,78.41845848967961,67.04603969397871,-11.372418795700892,22.15496368038741,22.15496368038741,1287,偏弱
sz300857,2025-03-31,2025-05-15,50.60803126535447,39.221543030754454,-11.386488234600014,22.09443099273608,22.09443099273608,1288,偏弱
sh688300,2025-03-31,2025-05-15,74.64517580972598,63.25618526245967,-11.388990547266314,22.033898305084744,22.033898305084744,1289,偏弱
sh688351,2025-03-31,2025-05-15,73.76717511605314,62.37617384349232,-11.39100127256082,21.973365617433412,21.973365617433412,1290,偏弱
sz002608,2025-03-31,2025-05-15,46.72116336213776,35.321431226993795,-11.399732135143966,21.912832929782084,21.912832929782084,1291,偏弱
sh688519,2025-03-31,2025-05-15,53.14125739697019,41.73361578384106,-11.40764161312913,21.852300242130752,21.852300242130752,1292,偏弱
sh600662,2025-03-31,2025-05-15,49.84237002005033,38.42322756327475,-11.419142456775578,21.791767554479417,21.791767554479417,1293,偏弱
sh600595,2025-03-31,2025-05-15,52.892995408279425,41.47052451369037,-11.422470894589052,21.731234866828085,21.731234866828085,1294,偏弱
sz002747,2025-03-31,2025-05-15,54.67267560900206,43.24799909122345,-11.424676517778613,21.670702179176757,21.670702179176757,1295,偏弱
sh603606,2025-03-31,2025-05-15,63.065257439262446,51.638902881615856,-11.42635455764659,21.610169491525426,21.610169491525426,1296,偏弱
sz002011,2025-03-31,2025-05-15,55.82396341294998,44.38966100755576,-11.434302405394218,21.54963680387409,21.54963680387409,1297,偏弱
sh605118,2025-03-31,2025-05-15,80.06501784966272,68.61204552939617,-11.452972320266552,21.48910411622276,21.48910411622276,1298,偏弱
sz000997,2025-03-31,2025-05-15,70.40978737519825,58.95227625236518,-11.45751112283307,21.428571428571427,21.428571428571427,1299,偏弱
sh600968,2025-03-31,2025-05-15,52.354282447142765,40.88987425346049,-11.46440819368227,21.3680387409201,21.3680387409201,1300,偏弱
sz000021,2025-03-31,2025-05-15,54.919864739125906,43.43319257362828,-11.486672165497621,21.307506053268767,21.307506053268767,1301,偏弱
sh601702,2025-03-31,2025-05-15,57.371831399177196,45.87180506229575,-11.500026336881449,21.246973365617432,21.246973365617432,1302,偏弱
sz300762,2025-03-31,2025-05-15,65.30706341566612,53.784827490761025,-11.522235924905099,21.1864406779661,21.1864406779661,1303,偏弱
sh603871,2025-03-31,2025-05-15,58.40862378472875,46.8688507340007,-11.539773050728051,21.125907990314772,21.125907990314772,1304,偏弱
sz000157,2025-03-31,2025-05-15,58.24149987320638,46.69989383195967,-11.541606041246707,21.06537530266344,21.06537530266344,1305,偏弱
sz300702,2025-03-31,2025-05-15,66.77624479268492,55.2343841914542,-11.541860601230724,21.004842615012105,21.004842615012105,1306,偏弱
sz000050,2025-03-31,2025-05-15,51.38518328868087,39.83386677574954,-11.551316512931326,20.944309927360774,20.944309927360774,1307,偏弱
sh688696,2025-03-31,2025-05-15,57.752708570436305,46.19668511875486,-11.556023451681444,20.883777239709442,20.883777239709442,1308,偏弱
sz002517,2025-03-31,2025-05-15,75.1570820672156,63.594734598041185,-11.562347469174414,20.823244552058114,20.823244552058114,1309,偏弱
sh605198,2025-03-31,2025-05-15,81.1930389349534,69.61988215776461,-11.573156777188807,20.76271186440678,20.76271186440678,1310,偏弱
sh600649,2025-03-31,2025-05-15,53.872160004298216,42.286863482248336,-11.58529652204988,20.702179176755447,20.702179176755447,1311,偏弱
sz002946,2025-03-31,2025-05-15,60.3765652210918,48.76440497328702,-11.612160247804779,20.641646489104115,20.641646489104115,1312,偏弱
sh603019,2020-12-31,2021-04-30,55.912984855099474,44.293883652862114,-11.61910120223736,20.581113801452787,20.581113801452787,1313,偏弱
sh688131,2025-03-31,2025-05-15,69.08978150500437,57.4634505168068,-11.626330988197566,20.520581113801452,20.520581113801452,1314,偏弱
sz002050,2025-03-31,2025-05-15,69.52288989538546,57.89579414142917,-11.627095753956288,20.46004842615012,20.46004842615012,1315,偏弱
sz000680,2025-03-31,2025-05-15,53.21631165993012,41.56426389083699,-11.65204776909313,20.39951573849879,20.39951573849879,1316,偏弱
sh601020,2025-03-31,2025-05-15,59.6150962303072,47.94560903824203,-11.669487192065167,20.33898305084746,20.33898305084746,1317,偏弱
sz002779,2025-03-31,2025-05-15,69.87147148032354,58.200598613066944,-11.670872867256595,20.278450363196125,20.278450363196125,1318,偏弱
sh600707,2025-03-31,2025-05-15,51.85911062246807,40.177403597915344,-11.681707024552727,20.217917675544793,20.217917675544793,1319,偏弱
sh688206,2025-03-31,2025-05-15,57.69423587891118,46.00969190300703,-11.68454397590415,20.15738498789346,20.15738498789346,1320,偏弱
sh603619,2025-03-31,2025-05-15,73.95640107357083,62.26363759381533,-11.692763479755495,20.09685230024213,20.09685230024213,1321,偏弱
sz300602,2025-03-31,2025-05-15,54.174897497876756,42.48163948944757,-11.693258008429183,20.0363196125908,20.0363196125908,1322,偏弱
sh600415,2025-03-31,2025-05-15,66.07077634972224,54.36953831257631,-11.701238037145927,19.975786924939467,19.975786924939467,1323,弱
sz002317,2025-03-31,2025-05-15,61.04310867047248,49.307612768458256,-11.735495902014224,19.915254237288135,19.915254237288135,1324,弱
sz002270,2025-03-31,2025-05-15,76.09755465846386,64.35449780712781,-11.743056851336043,19.854721549636803,19.854721549636803,1325,弱
sz002617,2025-03-31,2025-05-15,56.25519294770375,44.51140727676689,-11.743785670936857,19.794188861985475,19.794188861985475,1326,弱
sz000019,2025-03-31,2025-05-15,62.07618453314523,50.3180074934895,-11.758177039655726,19.73365617433414,19.73365617433414,1327,弱
sz002093,2025-03-31,2025-05-15,69.13669468203346,57.36822768888462,-11.768466993148843,19.673123486682808,19.673123486682808,1328,弱
sz002056,2025-03-31,2025-05-15,66.15063179638011,54.36821462357304,-11.78241717280707,19.612590799031477,19.612590799031477,1329,弱
sz002299,2025-03-31,2025-05-15,54.87665152876775,43.09200730125379,-11.784644227513963,19.552058111380145,19.552058111380145,1330,弱
sh603979,2025-03-31,2025-05-15,78.68505248258509,66.89619816940262,-11.788854313182473,19.491525423728813,19.491525423728813,1331,弱
sh603713,2025-03-31,2025-05-15,59.361859466750886,47.568450850692614,-11.793408616058272,19.43099273607748,19.43099273607748,1332,弱
sh601138,2025-03-31,2025-05-15,58.31523461432425,46.52165112204387,-11.793583492280378,19.37046004842615,19.37046004842615,1333,弱
sz002850,2025-03-31,2025-05-15,69.344493148985,57.53572718781392,-11.808765961171078,19.309927360774818,19.309927360774818,1334,弱
sz002539,2025-03-31,2025-05-15,57.94362461653298,46.113068203649256,-11.830556412883723,19.249394673123486,19.249394673123486,1335,弱
sh600011,2025-03-31,2025-05-15,53.57322607540023,41.736209016613955,-11.837017058786271,19.188861985472155,19.188861985472155,1336,弱
sh603219,2025-03-31,2025-05-15,62.650257138298564,50.810555760572385,-11.83970137772618,19.128329297820823,19.128329297820823,1337,弱
sz000825,2025-03-31,2025-05-15,48.12598115572103,36.25772490886927,-11.868256246851756,19.06779661016949,19.06779661016949,1338,弱
sh600132,2025-03-31,2025-05-15,63.60451049435722,51.72003148073461,-11.884479013622608,19.00726392251816,19.00726392251816,1339,弱
sh688027,2025-03-31,2025-05-15,55.91038279918964,44.00493883553896,-11.905443963650685,18.946731234866828,18.946731234866828,1340,弱
sz002273,2025-03-31,2025-05-15,65.163513957549,53.20496705428985,-11.95854690325915,18.886198547215496,18.886198547215496,1341,弱
sh600166,2025-03-31,2025-05-15,56.806167378562876,44.83963222477091,-11.96653515379197,18.825665859564165,18.825665859564165,1342,弱
sz300083,2025-03-31,2025-05-15,64.87578145885378,52.906878513252195,-11.968902945601583,18.765133171912833,18.765133171912833,1343,弱
sz300360,2025-03-31,2025-05-15,66.8646388373037,54.89216459897662,-11.972474238327077,18.7046004842615,18.7046004842615,1344,弱
sh688019,2025-03-31,2025-05-15,87.10323272319661,75.1291974391478,-11.97403528404881,18.64406779661017,18.64406779661017,1345,弱
sh600320,2025-03-31,2025-05-15,49.89173962648954,37.91637040617162,-11.97536922031792,18.583535108958838,18.583535108958838,1346,弱
sh600507,2025-03-31,2025-05-15,51.825124468245605,39.84751937141381,-11.977605096831796,18.523002421307506,18.523002421307506,1347,弱
sh603565,2025-03-31,2025-05-15,62.50217305621864,50.472255171193126,-12.029917885025508,18.462469733656174,18.462469733656174,1348,弱
sz002588,2025-03-31,2025-05-15,67.68114416306031,55.6405165323038,-12.040627630756509,18.401937046004843,18.401937046004843,1349,弱
sh688099,2025-03-31,2025-05-15,73.71880735741361,61.662660264964515,-12.056147092449091,18.34140435835351,18.34140435835351,1350,弱
sh600619,2025-03-31,2025-05-15,52.79702763177552,40.739127711988516,-12.057899919787001,18.28087167070218,18.28087167070218,1351,弱
sh603809,2025-03-31,2025-05-15,63.17329175348432,51.10307036896686,-12.070221384517458,18.220338983050848,18.220338983050848,1352,弱
sh601311,2025-03-31,2025-05-15,58.78546350929847,46.714741750748566,-12.070721758549901,18.159806295399516,18.159806295399516,1353,弱
sh600266,2025-03-31,2025-05-15,58.78453342950633,46.70744301567163,-12.0770904138347,18.099273607748184,18.099273607748184,1354,弱
sz002402,2025-03-31,2025-05-15,68.74053135862665,56.66150974131469,-12.07902161731197,18.038740920096853,18.038740920096853,1355,弱
sz002345,2025-03-31,2025-05-15,67.30671095758747,55.20362868567592,-12.10308227191155,17.97820823244552,17.97820823244552,1356,弱
sh688800,2025-03-31,2025-05-15,74.72412669668948,62.60657725330096,-12.117549443388517,17.91767554479419,17.91767554479419,1357,弱
sz301215,2025-03-31,2025-05-15,73.7239574290391,61.59141708165645,-12.13254034738265,17.857142857142858,17.857142857142858,1358,弱
sh688502,2025-03-31,2025-05-15,70.98372460264905,58.83935191793307,-12.144372684715972,17.796610169491526,17.796610169491526,1359,弱
sh600292,2025-03-31,2025-05-15,59.8542266149904,47.705694553465705,-12.148532061524698,17.736077481840194,17.736077481840194,1360,弱
sz301035,2025-03-31,2025-05-15,57.76739140447724,45.606901203924224,-12.160490200553012,17.675544794188863,17.675544794188863,1361,弱
sh601799,2025-03-31,2025-05-15,70.6495341213602,58.47769811231759,-12.171836009042615,17.61501210653753,17.61501210653753,1362,弱
sz301217,2025-03-31,2025-05-15,52.802881574441024,40.62499434620086,-12.177887228240166,17.5544794188862,17.5544794188862,1363,弱
sz300113,2025-03-31,2025-05-15,74.59735093494666,62.40201168617487,-12.195339248771788,17.493946731234868,17.493946731234868,1364,弱
sz002015,2025-03-31,2025-05-15,63.084130420034896,50.85064504970238,-12.23348537033252,17.433414043583532,17.433414043583532,1365,弱
sh600094,2025-03-31,2025-05-15,56.34170062845431,44.08315984877824,-12.258540779676077,17.372881355932204,17.372881355932204,1366,弱
sh600031,2025-03-31,2025-05-15,71.50993590304962,59.248947564017634,-12.260988339031991,17.312348668280872,17.312348668280872,1367,弱
sz301291,2025-03-31,2025-05-15,56.71269607622094,44.39503514339673,-12.317660932824204,17.25181598062954,17.25181598062954,1368,弱
sh603298,2025-03-31,2025-05-15,61.74483640820403,49.4238178664486,-12.321018541755427,17.191283292978206,17.191283292978206,1369,弱
sz000672,2025-03-31,2025-05-15,58.6968722152169,46.37396186023976,-12.322910354977143,17.130750605326877,17.130750605326877,1370,弱
sz000921,2025-03-31,2025-05-15,56.59927819424636,44.2706140688845,-12.328664125361861,17.070217917675546,17.070217917675546,1371,弱
sz003006,2025-03-31,2025-05-15,76.53777535526608,64.20122412567173,-12.336551229594344,17.009685230024214,17.009685230024214,1372,弱
sz300866,2025-03-31,2025-05-15,71.62236632183527,59.26285444587791,-12.35951187595736,16.94915254237288,16.94915254237288,1373,弱
sz002267,2025-03-31,2025-05-15,55.334268778032985,42.94792492238368,-12.386343855649306,16.888619854721547,16.888619854721547,1374,弱
sh688617,2025-03-31,2025-05-15,85.42804653351452,73.0034373719621,-12.42460916155243,16.82808716707022,16.82808716707022,1375,弱
sz301297,2025-03-31,2025-05-15,76.27913286777888,63.848900457740726,-12.430232410038155,16.767554479418887,16.767554479418887,1376,弱
sh600021,2025-03-31,2025-05-15,59.373919774146174,46.935858301791654,-12.438061472354518,16.707021791767556,16.707021791767556,1377,弱
sz000333,2025-03-31,2025-05-15,71.04931021426198,58.60990929726135,-12.43940091700063,16.64648910411622,16.64648910411622,1378,弱
sz300398,2025-03-31,2025-05-15,66.70455612331394,54.25597102651345,-12.448585096800487,16.585956416464892,16.585956416464892,1379,弱
sh601595,2025-03-31,2025-05-15,73.44055873464482,60.9912035916616,-12.449355142983226,16.52542372881356,16.52542372881356,1380,弱
sh688185,2025-03-31,2025-05-15,57.0544271737182,44.581171668671274,-12.473255505046932,16.46489104116223,16.46489104116223,1381,弱
sh600183,2025-03-31,2025-05-15,71.1257013344584,58.648859818949205,-12.476841515509191,16.404358353510894,16.404358353510894,1382,弱
sz300140,2025-03-31,2025-05-15,60.037164561961234,47.55142381353309,-12.485740748428139,16.343825665859566,16.343825665859566,1383,弱
sh603296,2025-03-31,2025-05-15,57.579931529915775,45.090139328546854,-12.48979220136892,16.283292978208234,16.283292978208234,1384,弱
sh688522,2025-03-31,2025-05-15,77.78047811637217,65.28311785263608,-12.49736026373609,16.222760290556902,16.222760290556902,1385,弱
sh605599,2025-03-31,2025-05-15,65.7676722454829,53.2589457697336,-12.508726475749299,16.162227602905567,16.162227602905567,1386,弱
sz002352,2025-03-31,2025-05-15,54.10991661653896,41.59548827551828,-12.514428341020684,16.101694915254235,16.101694915254235,1387,弱
sz000651,2025-03-31,2025-05-15,67.86457912858636,55.31607176066867,-12.548507367917686,16.041162227602907,16.041162227602907,1388,弱
sz002827,2025-03-31,2025-05-15,63.31000083496512,50.75477866107209,-12.555222173893034,15.980629539951574,15.980629539951574,1389,弱
sh605333,2025-03-31,2025-05-15,45.45401060313101,32.88985392758737,-12.564156675543645,15.920096852300242,15.920096852300242,1390,弱
sh600176,2025-03-31,2025-05-15,72.48424288006481,59.91128345285651,-12.572959427208305,15.859564164648909,15.859564164648909,1391,弱
sh601900,2025-03-31,2025-05-15,65.78557881632193,53.19582603538332,-12.589752780938609,15.79903147699758,15.79903147699758,1392,弱
sz301004,2025-03-31,2025-05-15,83.90793280782266,71.25050658633019,-12.657426221492475,15.738498789346247,15.738498789346247,1393,弱
sh600757,2025-03-31,2025-05-15,72.70356568355473,60.03297356909054,-12.67059211446419,15.677966101694915,15.677966101694915,1394,弱
sz002681,2025-03-31,2025-05-15,60.43475776287933,47.73163298410009,-12.703124778779241,15.617433414043584,15.617433414043584,1395,弱
sz002690,2025-03-31,2025-05-15,71.43172603982457,58.72574485273841,-12.70598118708616,15.556900726392254,15.556900726392254,1396,弱
sh603063,2025-03-31,2025-05-15,69.64798113067224,56.937473295467996,-12.710507835204242,15.49636803874092,15.49636803874092,1397,弱
sh603885,2025-03-31,2025-05-15,44.525065784773595,31.811635794136777,-12.713429990636817,15.435835351089588,15.435835351089588,1398,弱
sz000807,2025-03-31,2025-05-15,58.37721580772168,45.662459727270104,-12.714756080451583,15.375302663438257,15.375302663438257,1399,弱
sz002032,2025-03-31,2025-05-15,61.68379464000395,48.967691780593995,-12.716102859409958,15.314769975786923,15.314769975786923,1400,弱
sz300623,2025-03-31,2025-05-15,71.24220137934938,58.52474227025763,-12.717459109091752,15.254237288135593,15.254237288135593,1401,弱
sh603997,2025-03-31,2025-05-15,50.461424925154375,37.70801202263965,-12.753412902514725,15.193704600484262,15.193704600484262,1402,弱
sz002244,2025-03-31,2025-05-15,58.37277287998709,45.589376735746676,-12.783396144240413,15.13317191283293,15.13317191283293,1403,弱
sz002895,2025-03-31,2025-05-15,68.43229269123763,55.64214849635641,-12.790144194881218,15.072639225181597,15.072639225181597,1404,弱
sh605116,2025-03-31,2025-05-15,77.51754926773002,64.705797170211,-12.811752097519015,15.012106537530268,15.012106537530268,1405,弱
sz002847,2025-03-31,2025-05-15,69.34526566910178,56.51058004953062,-12.83468561957116,14.951573849878935,14.951573849878935,1406,弱
sh688249,2025-03-31,2025-05-15,58.25885723407157,45.419428591891936,-12.839428642179632,14.891041162227603,14.891041162227603,1407,弱
sz300054,2025-03-31,2025-05-15,77.96716032330903,65.12660214434823,-12.840558178960807,14.83050847457627,14.83050847457627,1408,弱
sh603605,2025-03-31,2025-05-15,77.52097871562931,64.67884223268159,-12.84213648294772,14.769975786924938,14.769975786924938,1409,弱
sz002202,2025-03-31,2025-05-15,55.92333849522492,43.02036557232678,-12.90297292289814,14.709443099273608,14.709443099273608,1410,弱
sh600882,2025-03-31,2025-05-15,63.3878813544631,50.47808655884849,-12.909794795614609,14.648910411622277,14.648910411622277,1411,弱
sh600517,2025-03-31,2025-05-15,60.58336207997695,47.62812330119635,-12.955238778780606,14.588377723970943,14.588377723970943,1412,弱
sh688209,2025-03-31,2025-05-15,67.25314937164318,54.244162872847376,-13.0089864987958,14.527845036319611,14.527845036319611,1413,弱
sh600482,2025-03-31,2025-05-15,59.631499364342964,46.6126040667639,-13.018895297579062,14.467312348668282,14.467312348668282,1414,弱
sh603195,2025-03-31,2025-05-15,68.86149021578184,55.83480450916195,-13.026685706619894,14.40677966101695,14.40677966101695,1415,弱
sz002371,2025-03-31,2025-05-15,70.84409481894396,57.782405176256106,-13.06168964268785,14.346246973365616,14.346246973365616,1416,弱
sz003031,2025-03-31,2025-05-15,72.5813900758286,59.512016884291235,-13.06937319153736,14.285714285714285,14.285714285714285,1417,弱
sz000543,2025-03-31,2025-05-15,44.946596092818695,31.868122371725534,-13.078473721093161,14.225181598062955,14.225181598062955,1418,弱
sz002384,2025-03-31,2025-05-15,60.51919893167728,47.43838190366764,-13.080817028009639,14.164648910411623,14.164648910411623,1419,弱
sz002668,2025-03-31,2025-05-15,66.2170814737078,53.11189505690305,-13.10518641680474,14.104116222760291,14.104116222760291,1420,弱
sz000039,2025-03-31,2025-05-15,57.348499425695444,44.23140529642942,-13.11709412926602,14.043583535108958,14.043583535108958,1421,弱
sh688297,2025-03-31,2025-05-15,61.43470229556831,48.29574600200017,-13.138956293568135,13.983050847457626,13.983050847457626,1422,弱
sz000975,2025-03-31,2025-05-15,80.7313481220305,67.56817637117157,-13.16317175085892,13.922518159806296,13.922518159806296,1423,弱
sh600489,2025-03-31,2025-05-15,61.00683192250138,47.830317736772955,-13.176514185728422,13.861985472154965,13.861985472154965,1424,弱
sz000528,2025-03-31,2025-05-15,59.76254709999844,46.58513216015029,-13.177414939848157,13.801452784503631,13.801452784503631,1425,弱
sh601061,2025-03-31,2025-05-15,51.91075723282759,38.72695322954772,-13.183804003279874,13.7409200968523,13.7409200968523,1426,弱
sz000977,2025-03-31,2025-05-15,62.438916981729285,49.25355522693492,-13.185361754794368,13.68038740920097,13.68038740920097,1427,弱
sz000415,2025-03-31,2025-05-15,67.64714952887734,54.44953428711092,-13.197615241766416,13.619854721549638,13.619854721549638,1428,弱
sz300144,2025-03-31,2025-05-15,62.59300442446213,49.388959042394696,-13.204045382067433,13.559322033898304,13.559322033898304,1429,弱
sz000690,2025-03-31,2025-05-15,58.02880859741908,44.82400189363257,-13.20480670378651,13.498789346246973,13.498789346246973,1430,弱
sh600389,2025-03-31,2025-05-15,62.51063009277561,49.231636017426354,-13.27899407534925,13.438256658595641,13.438256658595641,1431,弱
sh601168,2025-03-31,2025-05-15,65.97628873002688,52.6904464224922,-13.285842307534676,13.377723970944311,13.377723970944311,1432,弱
sz300454,2025-03-31,2025-05-15,50.61861519983716,37.31287660918412,-13.305738590653034,13.317191283292978,13.317191283292978,1433,弱
sh600739,2025-03-31,2025-05-15,58.04435245393384,44.73115244655103,-13.313200007382813,13.256658595641646,13.256658595641646,1434,弱
sh600312,2025-03-31,2025-05-15,67.19972080370154,53.87997880970359,-13.31974199399795,13.196125907990314,13.196125907990314,1435,弱
sh603876,2025-03-31,2025-05-15,52.057532341755284,38.73461164033925,-13.32292070141603,13.135593220338984,13.135593220338984,1436,弱
sh600998,2025-03-31,2025-05-15,47.590894582182344,34.24578267682255,-13.345111905359794,13.075060532687651,13.075060532687651,1437,弱
sh603288,2025-03-31,2025-05-15,69.75873059920731,56.409118323885984,-13.349612275321327,13.01452784503632,13.01452784503632,1438,弱
sh603920,2025-03-31,2025-05-15,70.59238489458114,57.22603079035401,-13.366354104227137,12.953995157384988,12.953995157384988,1439,弱
sz002378,2025-03-31,2025-05-15,58.788917644693214,45.403400657607946,-13.385516987085271,12.893462469733658,12.893462469733658,1440,弱
sh600726,2025-03-31,2025-05-15,54.99681766814489,41.59512739901711,-13.401690269127785,12.832929782082324,12.832929782082324,1441,弱
sh603737,2025-03-31,2025-05-15,63.31457615079435,49.89312117012194,-13.421454980672413,12.772397094430993,12.772397094430993,1442,弱
sz300705,2025-03-31,2025-05-15,71.99288394541794,58.565293205377245,-13.427590740040703,12.711864406779661,12.711864406779661,1443,弱
sz002373,2025-03-31,2025-05-15,54.79430013829487,41.348783262292606,-13.445516876002266,12.651331719128327,12.651331719128327,1444,弱
sz000657,2025-03-31,2025-05-15,53.732750366024064,40.2851635508212,-13.447586815202863,12.590799031477,12.590799031477,1445,弱
sz300408,2025-03-31,2025-05-15,71.455139418255,57.98498367214373,-13.470155746111278,12.530266343825666,12.530266343825666,1446,弱
sz000725,2025-03-31,2025-05-15,56.462762939548945,42.9364707373324,-13.526292202216547,12.469733656174334,12.469733656174334,1447,弱
sz002649,2025-03-31,2025-05-15,56.605717786159815,43.033424113797196,-13.572293672362623,12.409200968523002,12.409200968523002,1448,弱
sz000100,2025-03-31,2025-05-15,55.60690094113738,42.02654055737151,-13.58036038376587,12.34866828087167,12.34866828087167,1449,弱
sh600435,2025-03-31,2025-05-15,52.52919759482115,38.94478260196074,-13.584414992860411,12.288135593220339,12.288135593220339,1450,弱
sz000902,2025-03-31,2025-05-15,75.66738530203556,62.04181417741049,-13.625571124625065,12.227602905569007,12.227602905569007,1451,弱
sz000062,2025-03-31,2025-05-15,58.35790643798639,44.7285460546253,-13.629360383361092,12.167070217917676,12.167070217917676,1452,弱
sz301511,2025-03-31,2025-05-15,50.25360646177333,36.58513249291797,-13.668473968855357,12.106537530266344,12.106537530266344,1453,弱
sh600710,2025-03-31,2025-05-15,53.14234627538413,39.45217970379385,-13.690166571590277,12.046004842615012,12.046004842615012,1454,弱
sh605499,2025-03-31,2025-05-15,80.64765063143867,66.88878448535486,-13.75886614608381,11.98547215496368,11.98547215496368,1455,弱
sh603596,2025-03-31,2025-05-15,68.5272960080913,54.700543822023235,-13.82675218606806,11.924939467312349,11.924939467312349,1456,弱
sz300913,2025-03-31,2025-05-15,71.09713279240165,57.20589655133208,-13.891236241069569,11.864406779661017,11.864406779661017,1457,弱
sz002916,2025-03-31,2025-05-15,70.28636932943446,56.386754115535105,-13.89961521389936,11.803874092009686,11.803874092009686,1458,弱
sz002594,2025-03-31,2025-05-15,72.46202134166877,58.51565636293361,-13.946364978735163,11.743341404358354,11.743341404358354,1459,弱
sz002423,2024-09-30,2024-11-14,52.19928875871276,38.24765318277345,-13.951635575939314,11.682808716707022,11.682808716707022,1460,弱
sz002550,2025-03-31,2025-05-15,72.01316990129872,57.97654008475539,-14.03662981654333,11.62227602905569,11.62227602905569,1461,弱
sh601519,2025-03-31,2025-05-15,54.68655476061142,40.64441218621916,-14.042142574392265,11.561743341404359,11.561743341404359,1462,弱
sh600027,2025-03-31,2025-05-15,55.809409158965394,41.7040540924375,-14.105355066527888,11.501210653753027,11.501210653753027,1463,弱
sh688536,2025-03-31,2025-05-15,70.08078378494248,55.97283829493683,-14.107945490005655,11.440677966101696,11.440677966101696,1464,弱
sz300827,2025-03-31,2025-05-15,61.938236502887094,47.82333034284505,-14.114906160042047,11.380145278450362,11.380145278450362,1465,弱
sh603087,2025-03-31,2025-05-15,88.77088369666555,74.64540445735156,-14.125479239313993,11.319612590799032,11.319612590799032,1466,弱
sh600575,2025-03-31,2025-05-15,55.54528257916006,41.37456185802873,-14.17072072113133,11.259079903147699,11.259079903147699,1467,弱
sh688578,2025-03-31,2025-05-15,88.43985032550212,74.26459214259624,-14.175258182905884,11.198547215496369,11.198547215496369,1468,弱
sh688322,2025-03-31,2025-05-15,72.83501870273865,58.61232516337551,-14.222693539363144,11.138014527845035,11.138014527845035,1469,弱
sh600764,2025-03-31,2025-05-15,64.86863627894414,50.645512861743995,-14.223123417200142,11.077481840193705,11.077481840193705,1470,弱
sz001301,2025-03-31,2025-05-15,70.99994950194566,56.775544682778424,-14.22440481916724,11.016949152542372,11.016949152542372,1471,弱
sh603025,2025-03-31,2025-05-15,69.5497512040434,55.28800273173631,-14.261748472307087,10.956416464891042,10.956416464891042,1472,弱
sh688128,2025-03-31,2025-05-15,70.32072064025779,56.05092084579455,-14.269799794463243,10.895883777239709,10.895883777239709,1473,弱
sz300394,2025-03-31,2025-05-15,82.82851912787264,68.51853195734891,-14.309987170523728,10.835351089588379,10.835351089588379,1474,弱
sh603486,2025-03-31,2025-05-15,75.51300728364548,61.196451953700254,-14.316555329945226,10.774818401937045,10.774818401937045,1475,弱
sh600531,2025-03-31,2025-05-15,52.91417497985899,38.590526096508974,-14.323648883350018,10.714285714285714,10.714285714285714,1476,弱
sh603583,2025-03-31,2025-05-15,74.37300162327095,59.993578663109815,-14.379422960161138,10.653753026634384,10.653753026634384,1477,弱
sz300666,2025-03-31,2025-05-15,75.20276481143581,60.78885780976742,-14.413907001668388,10.59322033898305,10.59322033898305,1478,弱
sh603337,2025-03-31,2025-05-15,71.72568111894766,57.23942122103272,-14.486259897914943,10.53268765133172,10.53268765133172,1479,弱
sz002468,2025-03-31,2025-05-15,53.38718021452541,38.81387908170159,-14.573301132823815,10.472154963680387,10.472154963680387,1480,弱
sh600783,2025-03-31,2025-05-15,54.88764499712056,40.308109657703675,-14.579535339416886,10.411622276029057,10.411622276029057,1481,弱
sh688372,2025-03-31,2025-05-15,72.3888191975666,57.76849623278123,-14.620322964785373,10.351089588377723,10.351089588377723,1482,弱
sz300446,2025-03-31,2025-05-15,60.53660802321883,45.89574177198927,-14.640866251229559,10.290556900726394,10.290556900726394,1483,弱
sz301061,2025-03-31,2025-05-15,85.4741459734635,70.82624262592424,-14.647903347539252,10.23002421307506,10.23002421307506,1484,弱
sh605117,2025-03-31,2025-05-15,83.15283592812806,68.47397476280283,-14.678861165325236,10.16949152542373,10.16949152542373,1485,弱
sh600143,2025-03-31,2025-05-15,58.35263906709695,43.66289944627334,-14.689739620823605,10.108958837772397,10.108958837772397,1486,弱
sh600660,2025-03-31,2025-05-15,75.42532673460165,60.64952251559398,-14.775804219007677,10.048426150121065,10.048426150121065,1487,弱
sh600686,2025-03-31,2025-05-15,57.6585960335127,42.857284569531274,-14.801311463981426,9.987893462469733,9.987893462469733,1488,弱
sh600989,2025-03-31,2025-05-15,80.16770224984127,65.33693086841892,-14.830771381422352,9.927360774818402,9.927360774818402,1489,弱
sh600547,2025-03-31,2025-05-15,65.90269894813665,51.00327117213344,-14.899427776003204,9.86682808716707,9.86682808716707,1490,弱
sz300274,2025-03-31,2025-05-15,81.31083273718072,66.40206299548603,-14.90876974169468,9.806295399515738,9.806295399515738,1491,弱
sh601766,2025-03-31,2025-05-15,64.20485152739742,49.26141262046052,-14.943438906936901,9.745762711864407,9.745762711864407,1492,弱
sh601678,2025-03-31,2025-05-15,61.93009873444151,46.976732562689094,-14.953366171752416,9.685230024213075,9.685230024213075,1493,弱
sz002385,2025-03-31,2025-05-15,49.72467394456903,34.75048072976965,-14.974193214799376,9.624697336561743,9.624697336561743,1494,弱
sh603699,2025-03-31,2025-05-15,73.11070499977434,58.13195034593254,-14.9787546538418,9.564164648910412,9.564164648910412,1495,弱
sh600746,2025-03-31,2025-05-15,54.98341826926003,39.97590437232516,-15.007513896934864,9.50363196125908,9.50363196125908,1496,弱
sh688278,2025-03-31,2025-05-15,85.17179279184728,70.16043298937657,-15.0113598024707,9.443099273607748,9.443099273607748,1497,弱
sz000960,2025-03-31,2025-05-15,62.82146591358867,47.80281666380159,-15.018649249787073,9.382566585956416,9.382566585956416,1498,弱
sz300077,2025-03-31,2025-05-15,45.910434965815405,30.872351553019513,-15.03808341279589,9.322033898305085,9.322033898305085,1499,弱
sh600004,2025-03-31,2025-05-15,65.52103228987541,50.43624027452945,-15.08479201534595,9.261501210653753,9.261501210653753,1500,弱
sz002920,2025-03-31,2025-05-15,71.43158823302642,56.25552099580163,-15.176067237224789,9.200968523002421,9.200968523002421,1501,弱
sz002258,2025-03-31,2025-05-15,67.07520443120428,51.89591448433206,-15.179289946872222,9.14043583535109,9.14043583535109,1502,弱
sh600460,2025-03-31,2025-05-15,60.348613186610244,45.122045654283056,-15.226567532327191,9.079903147699758,9.079903147699758,1503,弱
sz300133,2025-03-31,2025-05-15,72.07078832232436,56.84416950203622,-15.22661882028814,9.019370460048426,9.019370460048426,1504,弱
sz002891,2025-03-31,2025-05-15,75.54799883243163,60.31077734963026,-15.23722148280137,8.958837772397095,8.958837772397095,1505,弱
sz001339,2025-03-31,2025-05-15,67.5594022713769,52.29736493522142,-15.262037336155482,8.898305084745763,8.898305084745763,1506,弱
sh605020,2025-03-31,2025-05-15,66.50740960918843,51.23054776817593,-15.276861841012495,8.837772397094431,8.837772397094431,1507,弱
sh688082,2025-03-31,2025-05-15,82.58034344258255,67.26013829796992,-15.320205144612627,8.7772397094431,8.7772397094431,1508,弱
sh600873,2025-03-31,2025-05-15,65.47634852579031,50.14122614627528,-15.335122379515033,8.716707021791766,8.716707021791766,1509,弱
sh688127,2025-03-31,2025-05-15,77.01481961794553,61.66958524327282,-15.345234374672714,8.656174334140436,8.656174334140436,1510,弱
sh603698,2025-03-31,2025-05-15,64.96617555278334,49.59757038594471,-15.36860516683863,8.595641646489103,8.595641646489103,1511,弱
sh603799,2025-03-31,2025-05-15,69.19409514532623,53.720429505296835,-15.473665640029395,8.535108958837773,8.535108958837773,1512,弱
sz002648,2025-03-31,2025-05-15,74.60784875560469,59.089178176109115,-15.518670579495573,8.47457627118644,8.47457627118644,1513,弱
sh688208,2025-03-31,2025-05-15,80.94249326847368,65.41160287957821,-15.530890388895475,8.41404358353511,8.41404358353511,1514,弱
sz002428,2025-03-31,2025-05-15,59.371227825434175,43.837837941906706,-15.53338988352747,8.353510895883778,8.353510895883778,1515,弱
sh600578,2025-03-31,2025-05-15,67.39872525904605,51.85282464265204,-15.545900616394006,8.292978208232446,8.292978208232446,1516,弱
sh603193,2024-12-31,2025-04-30,77.06041308538107,61.4755671668911,-15.58484591848997,8.232445520581114,8.232445520581114,1517,弱
sh603766,2025-03-31,2025-05-15,77.52241618061046,61.912719594334256,-15.609696586276208,8.171912832929783,8.171912832929783,1518,弱
sz002840,2025-03-31,2025-05-15,50.897691712799976,35.22617328765394,-15.671518425146033,8.111380145278451,8.111380145278451,1519,弱
sh688362,2025-03-31,2025-05-15,57.42737344978357,41.70491907755485,-15.722454372228727,8.050847457627118,8.050847457627118,1520,弱
sh600219,2025-03-31,2025-05-15,80.62391871079943,64.86193424685244,-15.761984463946982,7.990314769975787,7.990314769975787,1521,弱
sh600009,2025-03-31,2025-05-15,59.309210558569774,43.537420294272565,-15.771790264297207,7.929782082324454,7.929782082324454,1522,弱
sz002463,2025-03-31,2025-05-15,80.95704515255319,65.18340561034053,-15.773639542212658,7.8692493946731235,7.8692493946731235,1523,弱
sh603529,2025-03-31,2025-05-15,70.0040966799228,54.19749842016884,-15.806598259753958,7.808716707021792,7.808716707021792,1524,弱
sz000737,2025-03-31,2025-05-15,66.41661122562252,50.567691053258514,-15.848920172364005,7.74818401937046,7.74818401937046,1525,弱
sh688018,2025-03-31,2025-05-15,84.74135674114474,68.84352966834143,-15.89782707280331,7.687651331719128,7.687651331719128,1526,弱
sh600975,2025-03-31,2025-05-15,54.55431786348451,38.59476044008463,-15.95955742339989,7.627118644067797,7.627118644067797,1527,弱
sz001696,2025-03-31,2025-05-15,71.61940835056137,55.642082465341105,-15.977325885220269,7.566585956416465,7.566585956416465,1528,弱
sh688629,2025-03-31,2025-05-15,68.76289285288189,52.76639690765044,-15.99649594523145,7.506053268765134,7.506053268765134,1529,弱
sz300724,2025-03-31,2025-05-15,73.73692290463265,57.727498576340835,-16.00942432829181,7.445520581113802,7.445520581113802,1530,弱
sh600635,2025-03-31,2025-05-15,58.33406976761051,42.264258109670415,-16.069811657940093,7.384987893462469,7.384987893462469,1531,弱
sh601083,2024-12-31,2025-04-30,76.93199876186033,60.74273350353519,-16.189265258325133,7.324455205811138,7.324455205811138,1532,弱
sh600582,2025-03-31,2025-05-15,57.40216357453239,41.14988044497143,-16.252283129560954,7.263922518159806,7.263922518159806,1533,弱
sz300926,2025-03-31,2025-05-15,68.61570879461031,52.34705329586181,-16.268655498748505,7.203389830508475,7.203389830508475,1534,弱
sz002739,2025-03-31,2025-05-15,79.7099595347627,63.36476035579728,-16.345199178965423,7.142857142857142,7.142857142857142,1535,弱
sh600150,2025-03-31,2025-05-15,62.22185971625404,45.79253473029648,-16.429324985957553,7.0823244552058116,7.0823244552058116,1536,弱
sz002215,2025-03-31,2025-05-15,74.88316926981553,58.416352980144666,-16.466816289670863,7.021791767554479,7.021791767554479,1537,弱
sz300763,2025-03-31,2025-05-15,70.27061526052967,53.67410295349468,-16.596512307034985,6.961259079903148,6.961259079903148,1538,弱
sz002245,2025-03-31,2025-05-15,69.12791941663254,52.525130472626465,-16.602788944006072,6.900726392251816,6.900726392251816,1539,弱
sz000876,2025-03-31,2025-05-15,51.59527650148826,34.959439449302224,-16.63583705218603,6.840193704600485,6.840193704600485,1540,弱
sz301031,2025-03-31,2025-05-15,75.61736987053617,58.96185046981758,-16.655519400718592,6.779661016949152,6.779661016949152,1541,弱
sz301205,2025-03-31,2025-05-15,68.88310012636143,52.217623305933806,-16.66547682042762,6.719128329297821,6.719128329297821,1542,弱
sz000791,2025-03-31,2025-05-15,69.19218482410318,52.497621696883655,-16.694563127219528,6.658595641646489,6.658595641646489,1543,弱
sz000612,2025-03-31,2025-05-15,55.567874517467345,38.87170079972528,-16.696173717742063,6.598062953995157,6.598062953995157,1544,弱
sh688123,2025-03-31,2025-05-15,80.3290762399977,63.49532720439193,-16.833749035605774,6.5375302663438255,6.5375302663438255,1545,弱
sh601003,2025-03-31,2025-05-15,52.755744502486664,35.872444825999395,-16.883299676487272,6.476997578692494,6.476997578692494,1546,弱
sh600490,2025-03-31,2025-05-15,53.72526567042406,36.811565237692534,-16.913700432731524,6.416464891041162,6.416464891041162,1547,弱
sz000935,2025-03-31,2025-05-15,80.24412156622648,63.24858186154109,-16.99553970468539,6.3559322033898304,6.3559322033898304,1548,弱
sz300850,2025-03-31,2025-05-15,80.66420592557526,63.59759071281192,-17.06661521276334,6.2953995157385,6.2953995157385,1549,弱
sh600866,2025-03-31,2025-05-15,65.66232372318017,48.4593831027471,-17.202940620433065,6.234866828087167,6.234866828087167,1550,弱
sz002311,2025-03-31,2025-05-15,59.27504635061391,42.029828236418766,-17.245218114195143,6.174334140435835,6.174334140435835,1551,弱
sh600673,2025-03-31,2025-05-15,66.59725196331918,49.32801330865367,-17.269238654665518,6.113801452784504,6.113801452784504,1552,弱
sz000831,2025-03-31,2025-05-15,68.08797530493604,50.7789974980963,-17.308977806839735,6.053268765133172,6.053268765133172,1553,弱
sz002901,2025-03-31,2025-05-15,80.14897404125465,62.782238213786286,-17.366735827468364,5.99273607748184,5.99273607748184,1554,弱
sh600066,2025-03-31,2025-05-15,58.379659054335136,40.91820616042487,-17.46145289391026,5.932203389830509,5.932203389830509,1555,弱
sz300870,2025-03-31,2025-05-15,65.64333219018754,48.12090443318816,-17.52242775699938,5.871670702179177,5.871670702179177,1556,弱
sz300102,2025-03-31,2025-05-15,62.46104814575755,44.74253929278828,-17.718508852969272,5.811138014527845,5.811138014527845,1557,弱
sh601127,2025-03-31,2025-05-15,50.89800901226832,33.1583203322019,-17.739688680066415,5.750605326876514,5.750605326876514,1558,弱
sz300803,2025-03-31,2025-05-15,86.97108283309787,69.16856519978099,-17.802517633316878,5.690072639225181,5.690072639225181,1559,弱
sh600179,2025-03-31,2025-05-15,73.51243176884124,55.680978645209095,-17.831453123632144,5.629539951573849,5.629539951573849,1560,弱
sz300567,2025-03-31,2025-05-15,61.91104975369794,44.05907315944435,-17.85197659425359,5.569007263922518,5.569007263922518,1561,弱
sz000893,2025-03-31,2025-05-15,87.44063016440192,69.58836410935231,-17.852266055049615,5.508474576271186,5.508474576271186,1562,弱
sz002251,2025-03-31,2025-05-15,67.11218752961324,49.21285783382493,-17.89932969578831,5.447941888619854,5.447941888619854,1563,弱
sh600111,2025-03-31,2025-05-15,69.5846734473669,51.65783777982669,-17.926835667540207,5.387409200968523,5.387409200968523,1564,弱
sh605376,2025-03-31,2025-05-15,78.220718257038,60.12690559194706,-18.093812665090944,5.326876513317192,5.326876513317192,1565,弱
sz002701,2025-03-31,2025-05-15,66.17569939410679,48.074546620135976,-18.101152773970806,5.26634382566586,5.26634382566586,1566,弱
sh600160,2025-03-31,2025-05-15,74.19829839712882,56.090277403097005,-18.10802099403182,5.205811138014528,5.205811138014528,1567,弱
sh603103,2025-03-31,2025-05-15,81.15880473885125,62.901917444271035,-18.256887294580213,5.145278450363197,5.145278450363197,1568,弱
sz002487,2025-03-31,2025-05-15,76.79280066982291,58.45579790906548,-18.33700276075743,5.084745762711865,5.084745762711865,1569,弱
sh688252,2025-03-31,2025-05-15,77.13662945508548,58.63466237442883,-18.50196708065665,5.0242130750605325,5.0242130750605325,1570,弱
sz000600,2025-03-31,2025-05-15,61.304762340624144,42.740863576568145,-18.563898764056,4.963680387409201,4.963680387409201,1571,弱
sh601899,2025-03-31,2025-05-15,70.06949209698377,51.492230393536296,-18.57726170344747,4.903147699757869,4.903147699757869,1572,弱
sz300458,2025-03-31,2025-05-15,80.27890149138986,61.55172954380754,-18.727171947582324,4.842615012106537,4.842615012106537,1573,弱
sz300570,2025-03-31,2025-05-15,88.12547799656407,69.35712823214368,-18.76834976442039,4.782082324455206,4.782082324455206,1574,弱
sz300308,2025-03-31,2025-05-15,85.16707050943494,66.36388122992936,-18.803189279505574,4.721549636803874,4.721549636803874,1575,弱
sz002532,2025-03-31,2025-05-15,68.14336472693435,49.174010292985116,-18.969354433949235,4.661016949152542,4.661016949152542,1576,弱
sh601919,2025-03-31,2025-05-15,78.568426322832,59.571777632757026,-18.99664869007497,4.600484261501211,4.600484261501211,1577,弱
sh600299,2025-03-31,2025-05-15,72.64096967805636,53.63876801816867,-19.002201659887696,4.539951573849879,4.539951573849879,1578,弱
sh601600,2025-03-31,2025-05-15,69.15046610971284,50.124764273535,-19.025701836177838,4.479418886198547,4.479418886198547,1579,弱
sh600392,2025-03-31,2025-05-15,56.48568192659759,37.32118491328013,-19.164497013317465,4.418886198547216,4.418886198547216,1580,弱
sh600064,2025-03-31,2025-05-15,72.77888987004627,53.507485362010286,-19.27140450803598,4.358353510895883,4.358353510895883,1581,弱
sz300677,2025-03-31,2025-05-15,65.21353181226415,45.653806446317574,-19.559725365946573,4.297820823244551,4.297820823244551,1582,弱
sz002001,2025-03-31,2025-05-15,85.91708877520067,66.22139526821182,-19.69569350698885,4.23728813559322,4.23728813559322,1583,弱
sh603501,2025-03-31,2025-05-15,73.79522858811042,54.08700584303207,-19.708222745078352,4.176755447941889,4.176755447941889,1584,弱
sh600186,2025-03-31,2025-05-15,73.8522401008167,54.14388512999959,-19.708354970817116,4.116222760290557,4.116222760290557,1585,弱
sh688608,2025-03-31,2025-05-15,83.82496788243434,64.08550528652205,-19.739462595912286,4.0556900726392255,4.0556900726392255,1586,弱
sh600961,2025-03-31,2025-05-15,67.67816511249586,47.934680478760505,-19.743484633735356,3.9951573849878934,3.9951573849878934,1587,弱
sh600685,2025-03-31,2025-05-15,61.833019925166155,41.84506634745847,-19.98795357770769,3.9346246973365617,3.9346246973365617,1588,弱
sh600114,2025-03-31,2025-05-15,68.34570984629053,48.27666768107039,-20.069042165220143,3.87409200968523,3.87409200968523,1589,弱
sh600728,2025-03-31,2025-05-15,61.287153686858304,41.175321172059014,-20.11183251479929,3.8135593220338984,3.8135593220338984,1590,弱
sz300432,2025-03-31,2025-05-15,65.63360576306995,45.480733661855254,-20.1528721012147,3.753026634382567,3.753026634382567,1591,弱
sh601991,2025-03-31,2025-05-15,60.197408180498726,40.044435973043605,-20.15297220745512,3.6924939467312345,3.6924939467312345,1592,弱
sz300573,2025-03-31,2025-05-15,93.34268778966212,73.18403820649198,-20.158649583170142,3.631961259079903,3.631961259079903,1593,弱
sz300655,2025-03-31,2025-05-15,68.64913561573404,48.252163148850535,-20.396972466883504,3.571428571428571,3.571428571428571,1594,弱
sz002928,2025-03-31,2025-05-15,58.39996627610406,37.79656093241144,-20.60340534369262,3.5108958837772395,3.5108958837772395,1595,弱
sz002155,2025-03-31,2025-05-15,74.72661841434834,54.04174536134407,-20.684873053004267,3.450363196125908,3.450363196125908,1596,弱
sh688582,2025-03-31,2025-05-15,86.51482721610354,65.82901642243814,-20.685810793665397,3.389830508474576,3.389830508474576,1597,弱
sz000089,2025-03-31,2025-05-15,62.54925352959702,41.669012532898286,-20.88024099669873,3.3292978208232444,3.3292978208232444,1598,弱
sz002170,2025-03-31,2025-05-15,82.71855687899208,61.5279021368124,-21.190654742179674,3.2687651331719128,3.2687651331719128,1599,弱
sz002489,2025-03-31,2025-05-15,68.35205748504866,47.07807418613569,-21.273983298912974,3.208232445520581,3.208232445520581,1600,弱
sz000426,2025-03-31,2025-05-15,84.50474250814217,63.01345999004995,-21.49128251809222,3.14769975786925,3.14769975786925,1601,弱
sz000429,2021-12-31,2022-04-30,70.67616966637154,49.17233993358961,-21.50382973278192,3.0871670702179177,3.0871670702179177,1602,弱
sh688008,2025-03-31,2025-05-15,89.93637741330402,68.341045097318,-21.59533231598601,3.026634382566586,3.026634382566586,1603,弱
sh600216,2025-03-31,2025-05-15,76.79971254007535,55.198932983401235,-21.600779556674112,2.9661016949152543,2.9661016949152543,1604,弱
sh600988,2025-03-31,2025-05-15,83.37458103775636,61.764934475878675,-21.609646561877685,2.9055690072639226,2.9055690072639226,1605,弱
sz000029,2025-03-31,2025-05-15,76.3842024386763,54.7630955447875,-21.6211068938888,2.8450363196125905,2.8450363196125905,1606,弱
sz300065,2025-03-31,2025-05-15,74.48051672414346,52.83178530045393,-21.64873142368953,2.784503631961259,2.784503631961259,1607,弱
sz002100,2025-03-31,2025-05-15,59.479564665205004,37.728024150698516,-21.751540514506488,2.723970944309927,2.723970944309927,1608,弱
sz002881,2025-03-31,2025-05-15,68.25038363269756,46.485904681919266,-21.764478950778294,2.663438256658596,2.663438256658596,1609,弱
sh600675,2025-03-31,2025-05-15,75.11550928160156,53.26854513379227,-21.846964147809288,2.602905569007264,2.602905569007264,1610,弱
sh689009,2025-03-31,2025-05-15,81.90285999536002,60.001476306050364,-21.901383689309654,2.5423728813559325,2.5423728813559325,1611,弱
sh688147,2025-03-31,2025-05-15,74.64951908809184,52.51297158261822,-22.13654750547362,2.4818401937046004,2.4818401937046004,1612,弱
sz002121,2025-03-31,2025-05-15,69.26722370641635,46.879587425222084,-22.387636281194258,2.4213075060532687,2.4213075060532687,1613,弱
sz001337,2024-06-30,2024-09-13,83.12592708823635,60.555485666487456,-22.570441421748896,2.360774818401937,2.360774818401937,1614,弱
sz300476,2025-03-31,2025-05-15,85.69679535012907,63.079908838626295,-22.61688651150277,2.3002421307506054,2.3002421307506054,1615,弱
sz300100,2025-03-31,2025-05-15,74.17438046675687,51.530832622424654,-22.643547844332215,2.2397094430992737,2.2397094430992737,1616,弱
sh603256,2025-03-31,2025-05-15,72.25449856417816,49.5221348252289,-22.732363738949264,2.1791767554479415,2.1791767554479415,1617,弱
sz300251,2025-03-31,2025-05-15,95.54214892152578,72.67120297699833,-22.870945944527456,2.11864406779661,2.11864406779661,1618,弱
sz300953,2025-03-31,2025-05-15,56.713755494180965,33.8130923554303,-22.900663138750662,2.0581113801452786,2.0581113801452786,1619,弱
sz002607,2019-03-31,2019-05-15,76.89721055028721,53.89703099612262,-23.00017955416459,1.9975786924939467,1.9975786924939467,1620,弱
sz002624,2025-03-31,2025-05-15,84.71128267794889,61.542119711893285,-23.1691629660556,1.937046004842615,1.937046004842615,1621,弱
sz300035,2025-03-31,2025-05-15,68.62602764164677,45.34270083347111,-23.283326808175662,1.8765133171912836,1.8765133171912836,1622,弱
sh600861,2025-03-31,2025-05-15,60.97751286010193,37.69310259653927,-23.284410263562663,1.8159806295399514,1.8159806295399514,1623,弱
sz002611,2025-03-31,2025-05-15,77.02912400623124,53.561623458339696,-23.467500547891547,1.7554479418886197,1.7554479418886197,1624,弱
sz300604,2025-03-31,2025-05-15,81.47624129083654,57.94968434712226,-23.526556943714287,1.694915254237288,1.694915254237288,1625,弱
sz000833,2025-03-31,2025-05-15,70.08135640083907,46.51113488264341,-23.57022151819566,1.6343825665859564,1.6343825665859564,1626,弱
sh600744,2025-03-31,2025-05-15,64.51911476399663,40.54533698914044,-23.973777774856185,1.573849878934625,1.573849878934625,1627,弱
sh603893,2025-03-31,2025-05-15,90.81391083017542,66.31736762211153,-24.49654320806388,1.513317191283293,1.513317191283293,1628,弱
sh688183,2025-03-31,2025-05-15,82.13158353413944,57.37781125845312,-24.75377227568632,1.4527845036319613,1.4527845036319613,1629,弱
sz300199,2025-03-31,2025-05-15,83.30317297653185,58.32593977254215,-24.977233203989705,1.3922518159806294,1.3922518159806294,1630,弱
sz002947,2024-12-31,2025-04-30,79.76844161134669,54.01625647914868,-25.752185132198004,1.331719128329298,1.331719128329298,1631,弱
sh603477,2025-03-31,2025-05-15,74.85918208823257,48.60133441145432,-26.25784767677825,1.2711864406779663,1.2711864406779663,1632,弱
sz300492,2025-03-31,2025-05-15,78.24646834389398,51.88122288512157,-26.36524545877241,1.2106537530266344,1.2106537530266344,1633,弱
sh603236,2025-03-31,2025-05-15,65.3957346874469,38.90162191754081,-26.494112769906092,1.1501210653753027,1.1501210653753027,1634,弱
sh688256,2025-03-31,2025-05-15,85.75565489143354,59.02318254975826,-26.732472341675273,1.0895883777239708,1.0895883777239708,1635,弱
sz300972,2025-03-31,2025-05-15,77.14942793834787,49.837825276122835,-27.311602662225035,1.0290556900726393,1.0290556900726393,1636,弱
sh688313,2025-03-31,2025-05-15,85.24195380209899,57.819032017724496,-27.4229217843745,0.9685230024213075,0.9685230024213075,1637,弱
sh688552,2025-03-31,2025-05-15,81.06747845587302,53.38785354811225,-27.67962490776077,0.9079903147699757,0.9079903147699757,1638,弱
sz300502,2025-03-31,2025-05-15,91.53168652791005,63.45074207102347,-28.080944456886584,0.847457627118644,0.847457627118644,1639,弱
sh688213,2025-03-31,2025-05-15,74.55599228834654,46.237559475435155,-28.31843281291139,0.7869249394673125,0.7869249394673125,1640,弱
sz002714,2025-03-31,2025-05-15,79.07371740771625,50.66965277046665,-28.404064637249597,0.7263922518159807,0.7263922518159807,1641,弱
sz300761,2025-03-31,2025-05-15,65.39893034869574,36.59850756307897,-28.80042278561677,0.665859564164649,0.665859564164649,1642,弱
sh603993,2025-03-31,2025-05-15,64.15210886347982,34.86332821403172,-29.288780649448107,0.6053268765133172,0.6053268765133172,1643,弱
sh603612,2025-03-31,2025-05-15,66.07783509335786,36.50942202705538,-29.568413066302487,0.5447941888619854,0.5447941888619854,1644,弱
sz300548,2025-03-31,2025-05-15,90.31061959001887,60.46816431827272,-29.842455271746154,0.48426150121065376,0.48426150121065376,1645,弱
sh600550,2025-03-31,2025-05-15,66.1186616853572,36.03871313881028,-30.079948546546916,0.423728813559322,0.423728813559322,1646,弱
sz000688,2025-03-31,2025-05-15,71.20883227453785,40.19072591886467,-31.018106355673183,0.36319612590799033,0.36319612590799033,1647,弱
sh603379,2025-03-31,2025-05-15,89.48417369803427,58.12285876602737,-31.3613149320069,0.3026634382566586,0.3026634382566586,1648,弱
sz300498,2025-03-31,2025-05-15,71.75246858030503,38.13681178074385,-33.61565679956119,0.24213075060532688,0.24213075060532688,1649,弱
sh600105,2025-03-31,2025-05-15,74.20370435497259,40.514847622633475,-33.68885673233911,0.18159806295399517,0.18159806295399517,1650,弱
sh605296,2025-03-31,2025-05-15,84.46709688543794,45.54980039236184,-38.9172964930761,0.12106537530266344,0.12106537530266344,1651,弱
sz300641,2025-03-31,2025-05-15,96.00978121661278,52.92290972460596,-43.08687149200682,0.06053268765133172,0.06053268765133172,1652,弱
